reporter,time_int,cell,cell_id,k,b,b/k,abs(1-b)/k,k_cov,b_cov,1-b,chi-sq,R-sq,lin_slope,lin_intercept,lin_r_sq,lin_pval,adj_k_0.70,adj_k_0.70_cond,adj_k_0.80,adj_k_0.80_cond
110,30s,MN,50mM 2DG_1h_yes_A_MN_0_1_0001,0.24592411930089828,1.1388253895675589,4.630799910171312,0.5645049780485348,[ 0.00090671 -0.00014755],[-1.47548229e-04  3.23235282e-05],0.13882538956755885,0.003746707644838487,0.8995447377422205,0.007560009745622042,1.0459788730681956,0.781662357154007,9.371635903937234e-11,0.24592411930089828,0.24592411930089828,0.24592411930089828,0.24592411930089828
110,30s,MN,50mM 2DG_1h_yes_A_MN_0_1_0003,3.081007630935329e-05,47.64861890241499,1546527.130409926,1514070.2163159994,[ 1.47336618e-02 -2.23039109e+04],[-2.23039109e+04  3.37638021e+10],46.64861890241499,0.004640177533872326,0.2507323495725341,0.0016970826865074365,0.9974426793141292,0.258988015738143,0.00407990433810159,0.0,0.0,0.0,0.0
110,30s,MN,50mM 2DG_1h_yes_A_MN_0_1_0006,0.40757333487837283,1.046422647360463,2.567446292021862,0.11390010922651828,[ 0.00643729 -0.00011897],[-1.18967244e-04  4.61967081e-06],0.046422647360462976,0.0014491403041971913,0.7453869179406474,0.0024560631743777636,1.0202132013873941,0.5743873906512845,1.2328592882457901e-06,0.40757333487837283,0.0,0.0,0.0
110,30s,MN,50mM 2DG_1h_yes_A_MN_0_1_0008,0.01571747618273388,1.2455243957299096,79.24455435778904,15.621108177636401,[ 0.00408079 -0.05843757],[-0.05843757  0.83730382],0.24552439572990958,0.005646774422265227,0.5305071215049149,0.0034258455245656976,1.0011531119535548,0.5299548807337632,5.131696991606055e-06,0.0,0.0,0.0,0.0
110,30s,MN,50mM 2DG_1h_yes_A_MN_0_1_0009,0.13580386478830983,1.2880516611562278,9.484646575883788,2.121085888131688,[ 0.0002568  -0.00026218],[-0.00026218  0.00028849],0.2880516611562278,0.005570317047635703,0.9573081433901307,0.015785286329910254,1.0474477783720533,0.9113559771654828,2.8862567117702653e-16,0.13580386478830983,0.13580386478830983,0.13580386478830983,0.13580386478830983
110,30s,MN,50mM 2DG_1h_yes_A_MN_0_1_0010,28.565921368677074,1.0078705408744744,0.03528226966204627,0.0002755220380570157,[ 1.85591623e+13 -1.66917551e+03],[-1.66917551e+03  4.35355620e-06],0.007870540874474363,0.0033866306660674,0.03203193527507964,-0.001548596517562475,1.018718359512292,0.38213522938731664,0.00027219214073423637,0.0,0.0,0.0,0.0
110,30s,MN,50mM 2DG_1h_yes_A_MN_0_1_0013,32.10987432375216,1.0025750320386297,0.031223262412366712,8.01943979184295e-05,[0. 0.],[0.0000000e+00 3.1969912e-06],0.002575032038629743,0.00258928933450971,0.002463045497218208,-0.0001666551636161717,1.0036974481010061,0.005996651137031968,0.6842028074185494,,,,
110,30s,MN,50mM 2DG_1h_yes_A_MN_0_2_0004,0.5258507550726371,0.9897307229329761,1.8821513773356893,0.019528881470571115,[2.57290961 0.00599217],[5.99217357e-03 3.91921650e-05],0.010269277067023852,0.016963580668973223,0.048892930654988453,6.559061961378411e-05,0.9921189990986574,0.00013671635805974298,0.9511015301297308,,,,
110,30s,MN,50mM 2DG_1h_yes_A_MN_0_2_0006,0.2240540582945424,1.07541554651813,4.799803916536894,0.3365953158455559,[ 0.00228272 -0.00024333],[-2.43330823e-04  3.30718565e-05],0.0754155465181301,0.0031675865198414386,0.7507393228019372,0.004078186578927166,1.0237362196628523,0.6958318944625012,1.024935022208273e-08,0.2240540582945424,0.2240540582945424,0.0,0.0
110,30s,MN,50mM 2DG_1h_yes_A_MN_0_2_0010,1.882083529918556e-05,-15.858833486959254,-842621.1289169253,895753.7335066523,[1.47506265e-01 1.32110502e+05],[1.32110502e+05 1.18321651e+11],16.858833486959256,0.0033992450107735153,0.030365751837086008,-0.00046952763025271787,1.001497124554488,0.035419431729918543,0.31927340415527966,,,,
110,30s,MN,50mM 2DG_1h_yes_A_MN_0_2_0014,0.10543904109229431,0.8647088686797313,8.20103122829828,1.283121791688563,[0.00311987 0.00225408],[0.00225408 0.00169589],0.1352911313202687,0.01678225437662398,0.724286087218867,-0.008434466061456878,0.9991631708359157,0.677005678064912,2.405736218251463e-08,0.0,0.0,0.0,0.0
110,30s,MN,50mM 2DG_1h_yes_A_MN_0_2_0016,0.1308962811215258,1.3099389341207113,10.007457224125009,2.3678207773753326,[ 0.00011922 -0.00013931],[-0.00013931  0.00017433],0.3099389341207113,0.0029746962842510114,0.9798324926600787,0.016946479491996694,1.0476321011587573,0.9277421065437186,1.6369821280336462e-17,0.1308962811215258,0.1308962811215258,0.1308962811215258,0.1308962811215258
110,30s,MN,50mM 2DG_1h_yes_A_MN_0_2_0018,0.12271965758941776,1.524296006686192,12.420960395652486,4.272306629475167,[ 7.63111413e-05 -1.67781172e-04],[-0.00016778  0.00039114],0.5242960066861919,0.004834055489633816,0.9870600653993582,0.028501488229286425,1.0709713826224718,0.9322134198062845,6.678699122093163e-18,0.12271965758941776,0.12271965758941776,0.12271965758941776,0.12271965758941776
110,30s,MN,50mM 2DG_1h_yes_A_MN_0_3_0005,0.331079964638666,1.1319500547771024,3.418962714981832,0.3985443665282194,[ 0.00145575 -0.00012046],[-1.20463226e-04  1.69518180e-05],0.13195005477710242,0.0036458737412018516,0.8862541514459651,0.006483894472089812,1.0572613111429665,0.6693112155176665,3.362366723351783e-08,0.331079964638666,0.331079964638666,0.331079964638666,0.331079964638666
110,30s,MN,50mM 2DG_1h_yes_A_MN_0_3_0007,0.1595714997428541,1.1747294766257699,7.361774994399503,1.0949917554659983,[ 0.00032206 -0.00015076],[-1.50761303e-04  7.88258365e-05],0.17472947662576988,0.002734881757202947,0.9495680661076323,0.009680402461977036,1.036427483497198,0.8823434802706633,1.5430445607688764e-14,0.1595714997428541,0.1595714997428541,0.1595714997428541,0.1595714997428541
110,30s,MN,50mM 2DG_1h_yes_A_MN_0_3_0009,0.19350565178402615,0.984006964752058,5.085158783115644,0.0826489309252427,[0.03277915 0.00098493],[9.84925822e-04 3.52304436e-05],0.015993035247942045,0.0024230522562695383,0.23687572116793987,-0.001047310956925295,0.9973672545263235,0.196461174977573,0.014160261031226274,0.0,0.0,0.0,0.0
110,30s,MN,50mM 2DG_1h_yes_A_MN_0_3_0011,0.39712623106509726,1.033406892889069,2.6022126267445476,0.08412159730539902,[ 0.01957889 -0.00027571],[-2.75714004e-04  7.93224127e-06],0.03340689288906895,0.002418087110666214,0.40209852311318917,0.0014221126377659398,1.0172869021072,0.27267966625535556,0.0030768312744259207,0.0,0.0,0.0,0.0
110,30s,MN,50mM 2DG_1h_yes_A_MN_0_4_0006,0.4951406258401139,1.022365187679351,2.064797623795635,0.045169365049380676,[ 0.28833953 -0.00167019],[-1.67018727e-03  2.53294923e-05],0.022365187679350917,0.010072900871706621,0.06254705655429427,0.0004897880503939894,1.0156342895937571,0.012294666947053525,0.5596782997484882,,,,
110,30s,MN,50mM 2DG_1h_yes_A_MN_0_4_0007,2.1383177281463115,1.0913847651844721,0.5103941059921828,0.042736757022396654,[ 1.97193809 -0.00206775],[-2.06774952e-03  2.81294337e-05],0.09138476518447214,0.01875284191635751,0.20801823269378106,0.002841591787319649,1.0668066374287695,0.17598397563732598,0.021015769795707056,0.0,0.0,0.0,0.0
110,30s,MN,50mM 2DG_1h_yes_A_MN_0_4_0010,0.10387785606775972,1.1098463290538678,10.68414743109362,1.0574566439089275,[ 0.00339462 -0.00203791],[-0.00203791  0.00127218],0.10984632905386782,0.01107699554948074,0.6488903426456765,0.005914854597531743,1.0090847103680942,0.5955317860842775,5.943630079778238e-07,0.0,0.0,0.0,0.0
110,30s,MN,50mM 2DG_1h_yes_A_MN_0_4_0013,2.466694451515753e-05,-44.749108831940035,-1814132.6261322016,1854672.7100240476,[1.17682868e-02 2.18233626e+04],[2.18233626e+04 4.04697100e+10],45.749108831940035,0.002685633918828649,0.0910081291372331,-0.0007918225658380234,0.996690843234457,0.12054866452951782,0.06012840988620303,,,,
110,30s,MN,50mM 2DG_1h_yes_A_MN_0_4_0014,1.1255896859704663e-05,-260.6893731067873,-23160248.92161524,23249091.24244175,[2.71664266e-04 6.31559229e+03],[6.31559229e+03 1.46823528e+11],261.6893731067873,0.004753542536081713,0.6080978532083695,-0.003682252065945824,1.0072458428435733,0.643035062405387,9.986370839544889e-08,0.0,0.0,0.0,0.0
110,30s,MN,50mM 2DG_1h_yes_A_MN_0_4_0015,0.113837916672189,1.3164880138515256,11.564582806293997,2.780163438539496,[ 0.00014677 -0.00021987],[-0.00021987  0.00034587],0.3164880138515256,0.003739431809108685,0.973245842672544,0.01650002906328423,1.041972294520797,0.9444946183877895,4.0432339776303997e-19,0.113837916672189,0.113837916672189,0.113837916672189,0.113837916672189
110,30s,MN,50mM 2DG_1h_yes_A_MN_0_4_0019,0.3513708288992224,1.0368825324951207,2.9509636179630374,0.10496754272591913,[ 0.01579061 -0.00032101],[-3.21011269e-04  1.17502544e-05],0.036882532495120746,0.0029804884134957614,0.36249928602676784,0.0014777281966630229,1.019204575083104,0.25431393159276533,0.0044884931617910784,0.0,0.0,0.0,0.0
110,30s,MN,50mM 2DG_1h_yes_A_MN_0_4_0020,0.10717692295898208,1.3312553086872791,12.421100288508626,3.0907335230556545,[ 0.00012971 -0.00022369],[-0.00022369  0.00040236],0.33125530868727915,0.0034564069936370402,0.9770927934218566,0.017250637641990085,1.0372599372232019,0.9366232032147148,2.5986708893028456e-18,0.10717692295898208,0.10717692295898208,0.10717692295898208,0.10717692295898208
110,30s,MN,50mM 2DG_1h_yes_A_MN_0_4_0021,1.6164309977471205e-05,-258.1009196046759,-15967332.967779055,16029197.656181699,[1.76395189e-03 2.82721314e+04],[2.82721314e+04 4.53137876e+11],259.1009196046759,0.01818801990851927,0.546603211022794,-0.0069965087429171595,1.0276184566091255,0.6995053055030871,8.625404239741528e-09,0.0,0.0,0.0,0.0
110,30s,MN,50mM 2DG_1h_yes_A_MN_0_4_0022,0.6463744087865816,0.9709589398439631,1.5021617914402179,0.044929161429139476,[0.08306035 0.00034796],[3.47960469e-04 5.21372587e-06],0.029041060156036913,0.0026867270728239954,0.40214224747382854,-0.0014908622929799395,0.9855058936803676,0.28559026130947823,0.0023492498573366083,0.0,0.0,0.0,0.0
110,30s,MN,50mM 2DG_1h_yes_A_MN_0_4_0023,0.2847340720990697,1.0619697145915443,3.729689624998743,0.21764067129269563,[ 0.00928616 -0.00049797],[-4.97971509e-04  3.98799263e-05],0.06196971459154432,0.006751468227604944,0.43695297602550864,0.0028204998952996545,1.027210444403723,0.3557849964039936,0.0005035684474988069,0.0,0.0,0.0,0.0
110,30s,MN,50mM 2DG_1h_yes_A_MN_0_4_0025,0.032765841342218355,1.3318343902559262,40.64703775940816,10.127449095236933,[ 0.00054752 -0.00462621],[-0.00462621  0.03919428],0.3318343902559262,0.004580846074386115,0.8636236525154398,0.007556058088701844,1.0155168942103763,0.9081266597328245,4.771015412385682e-16,0.032765841342218355,0.032765841342218355,0.032765841342218355,0.032765841342218355
110,30s,MN,50mM 2DG_1h_yes_A_MN_0_4_0026,0.11615084752859532,0.8507854304052197,7.324831876028832,1.2846619096605816,[0.00076277 0.00052172],[0.00052172 0.00037561],0.1492145695947803,0.005438841803041403,0.8975493222808193,-0.008530371650584005,0.9866664905789474,0.8306458355348618,2.600232625276315e-12,0.0,0.0,0.0,0.0
110,30s,MN,50mM 2DG_1h_yes_A_MN_0_4_0028,27.825374798650895,1.0163326432642275,0.0365253891679297,0.0005869693897175946,[ 2.41581286e+13 -6.24556964e+03],[-6.24556964e+03  4.68251922e-05],0.016332643264227453,0.036121462637327455,0.0023735275049530102,-0.006250937413694776,1.0612865127662297,0.5966262321628595,5.717670805491659e-07,0.0,0.0,0.0,0.0
110,30s,MN,50mM 2DG_1h_yes_A_MN_0_5_0003,0.3915647074077424,1.0538864451743506,2.691474551297909,0.13761823819897487,[ 0.01443235 -0.00033816],[-3.38163995e-04  1.59453809e-05],0.053886445174350595,0.004682658869663091,0.5137228066984463,0.0024546037359781214,1.0262932114251577,0.3351230473710281,0.0008035604133153313,0.0,0.0,0.0,0.0
110,30s,MN,50mM 2DG_1h_yes_A_MN_0_5_0004,0.31453644536539466,1.0957956057254807,3.483843039087261,0.3045612269643211,[ 0.00408719 -0.0002742 ],[-2.74196947e-04  2.98559014e-05],0.09579560572548074,0.006007505367240806,0.7367159730818872,0.004951242081397399,1.0385519763062652,0.5626695889654173,1.8199108026566563e-06,0.31453644536539466,0.31453644536539466,0.0,0.0
110,30s,MN,50mM 2DG_1h_yes_A_MN_0_5_0005,0.23607699602779025,1.0247598090261671,4.340786380158512,0.10488022739518635,[ 0.02980119 -0.0009395 ],[-9.39500553e-04  3.88913352e-05],0.024759809026167146,0.004412549173078181,0.1355977228057249,0.001124454396321042,1.0100192637440772,0.13664450768054967,0.044378396539098676,0.0,0.0,0.0,0.0
110,30s,MN,50mM 2DG_1h_yes_A_MN_0_5_0006,1.9249358544800201,1.0182776120581152,0.5289930101765292,0.009495179808499375,[ 6.30401926e+00 -1.64972113e-03],[-1.64972113e-03  5.05653514e-06],0.018277612058115178,0.0035525885226105115,0.09039081660100778,0.0006809506854880536,1.0123573677038176,0.06551302599635407,0.172183106303805,,,,
110,30s,MN,50mM 2DG_1h_yes_A_MN_0_5_0009,0.37397178140780063,1.0267959700157263,2.7456509316034414,0.07165238488009454,[ 0.03571419 -0.00046031],[-4.60314357e-04  1.13770174e-05],0.02679597001572631,0.003202416511751557,0.23327849286173152,0.0009977057056910035,1.0147168636581003,0.13071890952400209,0.04963065179252352,0.0,0.0,0.0,0.0
110,30s,MN,50mM 2DG_1h_yes_A_MN_0_5_0010,30.695696088470168,1.0012518007279794,0.032618638060599864,4.078098520298963e-05,[0. 0.],[0.00000000e+00 5.30413905e-06],0.0012518007279793686,0.00430164556458641,-0.004284183138714814,-0.0006991878388122463,1.0065276070997227,0.0640491160828723,0.17722156245665358,,,,
110,30s,MN,50mM 2DG_1h_yes_A_MN_0_5_0013,27.867288330981346,1.0016083836996486,0.035942082767562084,5.771583085321001e-05,[ 6.40325824e+14 -1.18066873e+04],[-1.18066873e+04  6.31326252e-06],0.0016083836996485523,0.004941679531547264,0.003076627762522044,-0.0011878863915900071,1.0100233816334652,0.1596913491602133,0.028680900293608685,0.0,0.0,0.0,0.0
110,30s,MN,50mM 2DG_1h_yes_A_MN_0_5_0014,2.8032542428920155e-05,18.69303686184841,666833.4457799119,631160.6200797237,[ 7.55576164e-02 -4.76813743e+04],[-4.76813743e+04  3.00897987e+10],17.69303686184841,0.004612919514839897,0.0709165266568983,0.000960066430628031,0.9954359263994135,0.103837490968311,0.08245066433912891,,,,
110,30s,MN,50mM 2DG_1h_yes_A_MN_0_5_0015,0.2466564585797963,1.1670587022906564,4.731514872995304,0.6772930384736346,[ 0.00065056 -0.00012663],[-1.26627455e-04  3.32430770e-05],0.16705870229065645,0.0037635093621695,0.9288332937216329,0.009053515278453522,1.0554522768437944,0.7667189027172533,2.3887698101765983e-10,0.2466564585797963,0.2466564585797963,0.2466564585797963,0.2466564585797963
110,30s,MN,50mM 2DG_1h_yes_A_MN_0_5_0020,27.151796468871723,0.9930443842994058,0.03657380039062554,0.00025617515616576275,[5.39531769e+12 8.16826911e+02],[8.16826911e+02 3.58626287e-06],0.00695561570059422,0.002830678341830927,-0.03131850907995726,0.00020059561162584806,0.9915019633281571,0.008293105588603548,0.6322276174472121,,,,
110,30s,MN,50mM 2DG_1h_yes_A_MN_0_5_0024,0.2024378377952734,1.037022877866288,5.122673158142676,0.18288516746424377,[ 0.01742534 -0.00111189],[-1.11188716e-03  8.60855088e-05],0.037022877866287995,0.006462768612658835,0.321525836794594,0.0020779212783587895,1.009650634117659,0.2479020288240881,0.005112782268537827,0.0,0.0,0.0,0.0
110,30s,MN,50mM 2DG_1h_yes_A_MN_0_5_0026,2.7559912398951085,1.0007328233106105,0.3631117576950999,0.0002659019012841353,[ 9.64792636e+03 -4.70823763e-02],[-4.70823763e-02  3.75412160e-06],0.0007328233106105309,0.0027999508149381493,0.0033680645772296014,-0.0007815125363974336,1.0061048759691755,0.1220634103283057,0.05843440076711777,,,,
110,30s,MN,50mM 2DG_1h_yes_A_MN_0_6_0004,0.034190827868374345,1.1732933886608017,34.31602747899733,5.068417451836365,[ 0.00142469 -0.00597725],[-0.00597725  0.02515207],0.17329338866080168,0.0035333022200909224,0.7211769815338045,0.004167830718317604,1.0075994457953654,0.7467982847373484,7.614296447682235e-10,0.034190827868374345,0.034190827868374345,0.0,0.0
110,30s,MN,50mM 2DG_1h_yes_A_MN_0_6_0012,0.9020819212156647,1.0306170831357997,1.142487238572433,0.033940468615687884,[ 0.26801727 -0.00057751],[-5.77510920e-04  6.52127962e-06],0.030617083135799694,0.0037599823268774555,0.13937602443017616,0.0006590901109920114,1.023452203569405,0.05431792362550142,0.215180346084371,,,,
110,30s,MN,50mM 2DG_1h_yes_A_MN_0_6_0013,29.239576015084776,1.015241248291954,0.03472147639104576,0.0005212540798844328,[ 9.20127289e+12 -1.13187069e+03],[-1.13187069e+03  4.03779334e-06],0.015241248291953946,0.0031196480262601044,-0.025094865707952385,2.9829777175042e-05,1.0148547549933007,0.0001618988021785366,0.9467941390459473,,,,
110,30s,MN,50mM 2DG_1h_yes_A_MN_0_6_0015,0.16640727598129681,1.3517773540308975,8.123306784871769,2.1139541643024984,[ 1.07808494e-04 -9.42334423e-05],[-9.42334423e-05  9.30787061e-05],0.3517773540308975,0.0032801549543478637,0.9838477537136622,0.020015334798404585,1.0726908069629828,0.8985360127323343,1.925141887330286e-15,0.16640727598129681,0.16640727598129681,0.16640727598129681,0.16640727598129681
110,30s,MN,50mM 2DG_1h_yes_A_MN_0_6_0017,0.9808076343156513,1.041777280579185,1.062162695446467,0.042594775078738684,[ 0.16300479 -0.00040123],[-4.01229827e-04  5.68167636e-06],0.04177728057918495,0.003341606567656548,0.4101030410845107,0.0009469884027667797,1.0313143689830069,0.08553246114665332,0.11680815858931115,,,,
110,30s,MN,50mM 2DG_1h_yes_A_MN_0_6_0018,0.12617874499431822,1.3275865906305289,10.521475631179479,2.596210563397821,[ 9.35315764e-05 -1.22761816e-04],[-0.00012276  0.00017155],0.32758659063052886,0.0025890304215383897,0.9838863279054144,0.017756359367564443,1.0479262236292677,0.9352301795521919,3.525700448202373e-18,0.12617874499431822,0.12617874499431822,0.12617874499431822,0.12617874499431822
110,30s,MN,50mM 2DG_1h_yes_A_MN_0_7_0002,2.5708684783135247,1.0219778048637638,0.3975223989420787,0.00854878615890187,[ 1.76217178e+01 -2.99967220e-03],[-2.99967220e-03  7.85277542e-06],0.021977804863763772,0.005698768971901441,0.023234266093955847,-0.0012149618081260239,1.0300530466001239,0.13915730860620076,0.04232122163661413,0.0,0.0,0.0,0.0
110,30s,MN,50mM 2DG_1h_yes_A_MN_0_7_0004,0.24232215934518025,1.159981667809692,4.786940125262481,0.6602023861210443,[ 0.00051842 -0.00010018],[-1.00176029e-04  2.58207274e-05],0.15998166780969192,0.0028143622600603742,0.9436853536753288,0.008846561130270795,1.0508419975110963,0.7783858104360916,1.156692831340003e-10,0.24232215934518025,0.24232215934518025,0.24232215934518025,0.24232215934518025
110,30s,MN,50mM 2DG_1h_yes_A_MN_0_7_0006,1.119201685221102e-05,-58.28960694731397,-5208141.456273689,5297490.857119386,[1.48702763e-02 7.87693453e+04],[7.87693453e+04 4.17249123e+11],59.28960694731397,0.006282883236722769,0.13048050246928888,-0.0024053343446290764,1.01712745886955,0.4518339228477768,4.738189271220503e-05,0.0,0.0,0.0,0.0
110,30s,MN,50mM 2DG_1h_yes_A_MN_0_7_0007,0.3185657060301758,1.0312428904376512,3.2371434555481238,0.0980736151012178,[ 0.03674711 -0.00078235],[-7.82345685e-04  2.73423332e-05],0.03124289043765116,0.005896903843115163,0.29616547216359856,0.0015589960860784128,1.0126218118644774,0.15905172474265172,0.02903180377831106,0.0,0.0,0.0,0.0
110,30s,MN,50mM 2DG_1h_yes_A_MN_0_7_0010,0.2127566289972436,1.0225002673225358,4.805961967632901,0.10575589314694094,[ 0.02541936 -0.00089512],[-8.95118513e-04  3.91394088e-05],0.02250026732253585,0.003397517496932224,0.337872435859351,0.0014388108503207773,1.0042202975061718,0.222787891055861,0.008452781179056049,0.0,0.0,0.0,0.0
110,30s,MN,50mM 2DG_1h_yes_A_MN_0_7_0013,0.1346747649598047,1.2504131460614996,9.284687791619316,1.8593917437779701,[ 0.000741   -0.00066698],[-0.00066698  0.00064609],0.25041314606149956,0.012605880046951469,0.881083211305937,0.013487181764815774,1.0429095593404027,0.8506215622075401,4.4374980988603257e-13,0.1346747649598047,0.1346747649598047,0.1346747649598047,0.1346747649598047
110,30s,MN,50mM 2DG_1h_yes_A_MN_0_8_0007,0.907626041595298,1.0572996659079057,1.1649067098708763,0.06313135948280237,[ 0.09822431 -0.00039097],[-3.90967388e-04  8.21144125e-06],0.057299665907905695,0.004648909536766698,0.3257784780798948,0.001259023994721761,1.0436744422302684,0.12302325594273426,0.057385803173406934,,,,
110,30s,MN,50mM 2DG_1h_yes_A_MN_0_8_0009,6.0412561966746825,1.0158379634579804,0.1681501214957798,0.0026216341340892235,[ 1.2629987e+03 -1.7826672e-02],[-1.78266720e-02  6.58112568e-06],0.015837963457980386,0.005044980538543565,-0.03822371314829409,-0.0013764745565545335,1.0257251646116556,0.2157960225067176,0.009704059777366329,0.0,0.0,0.0,0.0
110,30s,MN,50mM 2DG_1h_yes_A_MN_0_8_0016,0.15993714483822813,1.016353037993341,6.3547028992005155,0.10224665452094704,[ 0.10225232 -0.00446153],[-0.00446153  0.00021756],0.01635303799334098,0.00827758109943879,0.03776101121200448,0.0006839902306008929,1.005306722739045,0.030234848224513812,0.35812267203696135,,,,
110,30s,MN,10mM 2DG_1h_yes_A_MN_2_1_0001,0.0722687573246246,1.0699480436807973,14.805125801107792,0.9678877328220431,[ 0.00288592 -0.00187744],[-0.00187744  0.00124156],0.06994804368079732,0.002994583703935543,0.6950913754484154,0.003452119245690062,1.0004613396927882,0.6677104501818758,3.6014536183846906e-08,0.0,0.0,0.0,0.0
110,30s,MN,10mM 2DG_1h_yes_A_MN_2_1_0005,0.5464050271605119,1.0777510525113596,1.972439854940719,0.14229563903430095,[ 0.01928029 -0.00031244],[-3.12436452e-04  1.48718557e-05],0.07775105251135961,0.0061461783850541435,0.6419684141415606,0.0029399970790326625,1.04535122319969,0.26366740531724386,0.0037064594228272177,0.0,0.0,0.0,0.0
110,30s,MN,10mM 2DG_1h_yes_A_MN_2_1_0006,0.17934539870020044,1.28627518559395,7.172055680916181,1.5962226389342549,[ 1.24545500e-04 -7.72474554e-05],[-7.72474554e-05  5.54422199e-05],0.28627518559395004,0.0025547376934957856,0.9828255108076942,0.016684944860884596,1.0617243494548967,0.8892548211029414,6.5876858278633556e-15,0.17934539870020044,0.17934539870020044,0.17934539870020044,0.17934539870020044
110,30s,MN,10mM 2DG_1h_yes_A_MN_2_1_0011,0.21938594232456124,1.2955723392332743,5.905448295846571,1.3472710972337614,[ 1.75160577e-04 -7.62902274e-05],[-7.62902274e-05  4.18991054e-05],0.2955723392332743,0.0032462473144670603,0.9803651636345035,0.017279938637405394,1.0783621927148328,0.8205467802917858,5.883501970571538e-12,0.21938594232456124,0.21938594232456124,0.21938594232456124,0.21938594232456124
110,30s,MN,10mM 2DG_1h_yes_A_MN_2_1_0012,30.653194470198436,1.0309988613501733,0.03363430399896912,0.001011276700061747,[ 4.89709151e+13 -5.74622394e+03],[-5.74622394e+03  1.95535247e-05],0.030998861350173268,0.014869040045734966,0.057131823492073464,-0.0024749984555909577,1.0479093052187056,0.21168955726955851,0.010519854015676644,0.0,0.0,0.0,0.0
110,30s,MN,10mM 2DG_1h_yes_A_MN_2_1_0014,0.08105332760623808,2.460542694983285,30.35708425120741,18.01952786045613,[ 0.00192053 -0.02218425],[-0.02218425  0.26182843],1.460542694983285,0.6725758499748234,0.751826211652342,0.07118304887800608,1.0738256141080538,0.7198345810337505,3.1929874431802104e-09,0.08105332760623808,0.08105332760623808,,
110,30s,MN,10mM 2DG_1h_yes_A_MN_2_2_0002,2.708237820152144,1.0329809825570473,0.38142181416660675,0.012178023034622003,[ 8.55175112e+00 -1.95134814e-03],[-1.95134814e-03  7.16644727e-06],0.03298098255704729,0.0051937659897092255,-0.14780305578318598,7.782263371932967e-06,1.032374430475235,7.314313186106979e-06,0.9886834178086807,,,,
110,30s,MN,10mM 2DG_1h_yes_A_MN_2_2_0003,0.26578188627779337,1.2196063584048724,4.588748975654979,0.8262653316236208,[ 3.89350824e-04 -8.54463067e-05],[-8.54463067e-05  2.65962291e-05],0.21960635840487241,0.0036728898451078573,0.9573200873559198,0.011801782337870936,1.0778855147113529,0.8215874186111608,5.420276297733891e-12,0.26578188627779337,0.26578188627779337,0.26578188627779337,0.26578188627779337
110,30s,MN,10mM 2DG_1h_yes_A_MN_2_2_0007,0.46569279230154964,1.0744547854614204,2.3072179840947156,0.1598796174049624,[ 0.01223823 -0.00027024],[-2.70235573e-04  1.45563852e-05],0.07445478546142037,0.005203783457465555,0.6844602462533663,0.0032212892692784463,1.0387846163444656,0.33162964202065437,0.0008685636768844895,0.0,0.0,0.0,0.0
110,30s,MN,10mM 2DG_1h_yes_A_MN_2_2_0008,0.25584960719683286,1.1590706234800752,4.530281035719422,0.6217348747293456,[ 3.09026848e-04 -5.31426217e-05],[-5.31426217e-05  1.26243225e-05],0.15907062348007517,0.0015565853225574125,0.9683692744126684,0.008980254638665907,1.0510262040261105,0.8099868450027177,1.3178927026653399e-11,0.25584960719683286,0.25584960719683286,0.25584960719683286,0.25584960719683286
110,30s,MN,10mM 2DG_1h_yes_A_MN_2_2_0009,2.0737785220565694,1.0004946813932458,0.4824501125612265,0.0002385410920136473,[ 1.04660291e+04 -6.33837681e-02],[-6.33837681e-02  4.83408158e-06],0.0004946813932458216,0.003492889441388489,0.0012929324917586582,-0.0014364588525923128,1.0106935401745867,0.33133475531937373,0.0008742719757052324,0.0,0.0,0.0,0.0
110,30s,MN,10mM 2DG_1h_yes_A_MN_2_2_0010,2.310981431677814,1.007833142829412,0.4361061188179721,0.0033895308383006142,[ 1.09236910e+02 -8.32770254e-03],[-8.32770254e-03  8.86243298e-06],0.007833142829412054,0.006444239706726569,0.01290772469897783,-0.0013172732863482742,1.0169547572485969,0.14818782225144428,0.03567646034952942,0.0,0.0,0.0,0.0
110,30s,MN,10mM 2DG_1h_yes_A_MN_2_2_0011,0.3415046943352728,1.0800707862061922,3.1626821069283193,0.2344646721827566,[ 0.00327181 -0.00015362],[-1.53622884e-04  1.26323408e-05],0.08007078620619223,0.002981076397871114,0.8410413966002551,0.0043321472182497696,1.0309369258724166,0.5313228533607829,4.920878551073645e-06,0.3415046943352728,0.3415046943352728,0.3415046943352728,0.3415046943352728
110,30s,MN,10mM 2DG_1h_yes_A_MN_2_2_0014,0.16951357689713262,1.2263557431773218,7.234557642079146,1.3353251540121955,[ 1.34740145e-04 -7.32839688e-05],[-7.32839688e-05  4.52901717e-05],0.22635574317732177,0.0018094719342624786,0.9800027884429799,0.012927901069322213,1.0476662489154493,0.9013736341736327,1.292300200875828e-15,0.16951357689713262,0.16951357689713262,0.16951357689713262,0.16951357689713262
110,30s,MN,10mM 2DG_1h_yes_A_MN_2_2_0015,0.21917043714860132,1.1746013182484358,5.359305449813179,0.7966463019373965,[ 0.00061487 -0.0001585 ],[-1.58503269e-04  5.14966705e-05],0.17460131824843583,0.004507013247574123,0.9163072540283586,0.009501653879377818,1.0535707463105703,0.8626295290467415,1.363960670194383e-13,0.21917043714860132,0.21917043714860132,0.21917043714860132,0.21917043714860132
110,30s,MN,10mM 2DG_1h_yes_A_MN_2_3_0006,0.6946879544108459,1.118491671722956,1.6100634315324087,0.17056819680060095,[ 0.00844925 -0.00012348],[-1.23482422e-04  7.01954622e-06],0.11849167172295605,0.0033649525049755896,0.8204324823057545,0.003619067489673798,1.0797104679148124,0.3593995084468345,0.00046342524314425105,0.6946879544108459,0.0,0.6946879544108459,0.0
110,30s,MN,10mM 2DG_1h_yes_A_MN_2_3_0008,0.25241447649973464,1.191315928509861,4.719681474018442,0.757943566323392,[ 1.32140307e-04 -2.80987961e-05],[-2.80987961e-05  8.17997732e-06],0.1913159285098609,0.000975287642874697,0.9865633866580011,0.0108497549247047,1.0600329834384077,0.7999450326750589,2.7257872887942122e-11,0.25241447649973464,0.25241447649973464,0.25241447649973464,0.25241447649973464
110,30s,MN,10mM 2DG_1h_yes_A_MN_2_3_0009,0.13998397234284243,1.408212254280973,10.059810639121192,2.9161356650259784,[ 5.91491923e-05 -8.12854935e-05],[-8.12854935e-05  1.21086625e-04],0.40821225428097296,0.0024738618714770667,0.9901918993374195,0.02271329804777914,1.0678741650042152,0.9349097130651374,3.778535285315582e-18,0.13998397234284243,0.13998397234284243,0.13998397234284243,0.13998397234284243
110,30s,MN,10mM 2DG_1h_yes_A_MN_2_3_0010,0.28864122269564013,1.155105148483541,4.001871727454364,0.5373631217156145,[ 3.47002962e-04 -4.52552634e-05],[-4.52552634e-05  8.90996578e-06],0.15510514848354107,0.0014660445269015349,0.9668335137922304,0.008409290236668844,1.0569262173172689,0.8106636258661565,1.2531946051182291e-11,0.28864122269564013,0.28864122269564013,0.28864122269564013,0.28864122269564013
110,30s,MN,10mM 2DG_1h_yes_A_MN_2_4_0002,0.17631162263118388,1.4091960959866665,7.9926443586449345,2.3208685274404184,[ 4.61260275e-05 -4.22025535e-05],[-4.22025535e-05  4.44254853e-05],0.4091960959866665,0.001989352324173303,0.9930195620667552,0.023221138302459615,1.092401947809304,0.9191773267564818,7.88833148765768e-17,0.17631162263118388,0.17631162263118388,0.17631162263118388,0.17631162263118388
110,30s,MN,10mM 2DG_1h_yes_A_MN_2_4_0003,1.0870730180161063,1.0951187822835362,1.0074013098789936,0.08749990176108566,[ 0.0772494  -0.00034833],[-3.48331016e-04  1.01196684e-05],0.09511878228353621,0.005949789458032164,0.4504316769140221,0.0016278845043583249,1.0770192665331357,0.12784709496703456,0.0523941162774935,,,,
110,30s,MN,10mM 2DG_1h_yes_A_MN_2_4_0006,1.3059318530213699e-05,-160.14194282762006,-12262656.926325813,12339230.60034153,[6.00737762e-03 7.41211456e+04],[7.41211456e+04 9.14532860e+11],161.14194282762006,0.018900130154507346,0.32341084624939587,-0.006385033744494834,1.0420935035272638,0.8285046270198848,3.1039904559399337e-12,0.0,0.0,0.0,0.0
110,30s,MN,10mM 2DG_1h_yes_A_MN_2_4_0008,0.3306429963861953,1.1949694151089538,3.614077504043709,0.5896674577713632,[ 4.49638486e-04 -5.51349136e-05],[-5.51349136e-05  1.14828463e-05],0.19496941510895383,0.002451686780800614,0.962760258828384,0.009925630206346597,1.0818613020027072,0.7598258836867262,3.6059929472127517e-10,0.3306429963861953,0.3306429963861953,0.3306429963861953,0.3306429963861953
110,30s,MN,10mM 2DG_1h_yes_A_MN_2_4_0011,3.966774518483961,1.0432323351178887,0.2629925977029306,0.010898611684742652,[ 1.79735091e+01 -2.23828878e-03],[-2.23828878e-03  5.97873857e-06],0.04323233511788871,0.004394540152408588,0.1860947939533153,-0.0016364301623328862,1.0537346839357247,0.26735667466423346,0.0034351895035064158,0.0,0.0,0.0,0.0
110,30s,MN,10mM 2DG_1h_yes_A_MN_2_4_0013,0.3156348700815509,1.089689044374191,3.4523721795777726,0.28415442296035875,[ 0.00430973 -0.00026868],[-2.68678699e-04  2.72703428e-05],0.0896890443741909,0.005537546000410523,0.6788515271707549,0.004389422079697933,1.0387187907794266,0.5867415535866867,8.084876010795709e-07,0.0,0.0,0.0,0.0
110,30s,MN,10mM 2DG_1h_yes_A_MN_2_5_0005,0.8504521513313613,1.0846794000467297,1.2754149640855061,0.09956985812096099,[ 0.03111809 -0.00021029],[-2.10292095e-04  6.96932291e-06],0.08467940004672969,0.0037353443931616294,0.7111552638321501,0.0013519656643797835,1.0668576817622466,0.07352291699285896,0.14723616940132858,0.8504521513313613,,,
110,30s,MN,10mM 2DG_1h_yes_A_MN_2_5_0007,0.2099000206761812,1.3245765240392555,6.310511641552994,1.5463386949350952,[ 1.19931150e-04 -6.25499247e-05],[-6.25499247e-05  4.02453720e-05],0.3245765240392555,0.002841705689807926,0.9843734742848165,0.01857990091557614,1.0871009826930218,0.8843118325451966,1.2171710127758101e-14,0.2099000206761812,0.2099000206761812,0.2099000206761812,0.2099000206761812
110,30s,MN,10mM 2DG_1h_yes_A_MN_2_5_0008,29.239088150493078,1.0131182924125124,0.03464944895675304,0.0004486560027109179,[ 3.20440995e+13 -2.81563389e+03],[-2.81563389e+03  7.17468230e-06],0.013118292412512389,0.005552561152003393,0.0029440715563512354,-0.002010592652590766,1.0274531176663915,0.4026138156461098,0.00016602783033444382,0.0,0.0,0.0,0.0
110,30s,MN,10mM 2DG_1h_yes_A_MN_2_5_0012,1.6880384430964424,1.0658287424328021,0.6314007520336481,0.03899718202628703,[ 0.31546386 -0.00039148],[-3.91481711e-04  4.98727555e-06],0.06582874243280212,0.003285897288430825,0.49750744572438177,-6.892641665649332e-05,1.0628577206262395,0.0003839413655779123,0.9181436141747836,,,,
110,30s,MN,10mM 2DG_1h_yes_A_MN_2_5_0017,0.20490457766811374,1.269507552384013,6.195603665039874,1.3152832184185623,[ 6.68200842e-05 -3.03209240e-05],[-3.03209240e-05  1.67849995e-05],0.2695075523840129,0.0011665373536146417,0.9911518413139536,0.015411478646567625,1.0706118403900735,0.8821145014830344,1.585813335388882e-14,0.20490457766811374,0.20490457766811374,0.20490457766811374,0.20490457766811374
110,30s,MN,10mM 2DG_1h_yes_A_MN_2_5_0018,0.27868759712888497,1.1814319372989135,4.2392698830889675,0.6510226474664621,[ 2.11702225e-04 -3.47704659e-05],[-3.47704659e-05  8.38807274e-06],0.1814319372989135,0.0012487830227439329,0.9798479826722499,0.009854677768333415,1.064603117945262,0.7732771934818271,1.5962364240122784e-10,0.27868759712888497,0.27868759712888497,0.27868759712888497,0.27868759712888497
110,30s,MN,10mM 2DG_1h_yes_A_MN_2_5_0019,1.4759951946345797e-05,517.4080353103186,35054859.06669338,34987108.168612204,[ 2.90497702e-04 -1.01627077e+04],[-1.01627077e+04  3.55529933e+11],516.4080353103186,0.015365945793094303,0.6623382528246071,0.007488957638540515,1.0013039337801524,0.6626287104859706,4.4695347174737205e-08,0.0,0.0,0.0,0.0
110,30s,MN,10mM 2DG_1h_yes_A_MN_2_5_0020,0.3462036374570189,1.1638827346234677,3.3618443271496923,0.47337092073105014,[ 6.65313117e-04 -6.20670126e-05],[-6.20670126e-05  1.02753829e-05],0.1638827346234677,0.002337348742649869,0.9517364641579205,0.00847005551831623,1.0689339700556608,0.7410705815061146,1.0451190750515587e-09,0.3462036374570189,0.3462036374570189,0.3462036374570189,0.3462036374570189
110,30s,MN,10mM 2DG_1h_yes_A_MN_2_5_0022,32.06812541624913,1.0168479841036928,0.031708993616086124,0.0005253810094916191,[ 3.01908692e+14 -9.67506985e+03],[-9.67506985e+03  8.99146995e-06],0.016847984103692815,0.0069415200532525105,-0.07686256991380769,-0.0024596083301969825,1.0348957054637435,0.5192603258649723,7.095406908694752e-06,0.0,0.0,0.0,0.0
110,30s,MN,10mM 2DG_1h_yes_A_MN_2_6_0003,0.7203927761469772,1.06555123059496,1.4791253686552268,0.0909937367023041,[ 0.02756898 -0.00020604],[-2.06037102e-04  6.24667947e-06],0.06555123059495993,0.003165495178322689,0.6048395600080074,0.0015578117479678473,1.0475147012818868,0.1613715284900809,0.027778782486457883,0.0,0.0,0.0,0.0
110,30s,MN,10mM 2DG_1h_yes_A_MN_2_6_0004,0.214781855263908,1.2371537362722889,5.760047722616821,1.1041609449778331,[ 0.00032332 -0.0001178 ],[-1.17798725e-04  5.35411414e-05],0.23715373627228886,0.004297582218954607,0.9580509107653612,0.013277994990941261,1.0676849803850292,0.8567580774502165,2.458370024933732e-13,0.214781855263908,0.214781855263908,0.214781855263908,0.214781855263908
110,30s,MN,10mM 2DG_1h_yes_A_MN_2_6_0006,1.1984345352040684e-05,-234.20209748003992,-19542335.488534648,19625777.67670805,[4.00042035e-03 7.85058126e+04],[7.85058126e+04 1.54062875e+12],235.20209748003992,0.015913821548271333,0.45011343638310297,-0.0061662618996003535,1.0329185531503358,0.7499082066921756,6.392386790653245e-10,0.0,0.0,0.0,0.0
110,30s,MN,10mM 2DG_1h_yes_A_MN_2_6_0007,1.4948490162298644,1.0491288673751815,0.7018293192052085,0.03286543780795245,[ 1.10479703 -0.0013192 ],[-1.31920061e-03  1.42655878e-05],0.04912886737518152,0.009325445943486693,0.11715588813888,-0.0014570945922212975,1.0571309166435159,0.10781877778182157,0.07646761256676039,,,,
110,30s,MN,10mM 2DG_1h_yes_A_MN_2_6_0008,0.33500967912065704,1.1185772069749331,3.3389399670809703,0.35395158517860725,[ 1.13858976e-03 -8.25353937e-05],[-8.25353937e-05  1.02878067e-05],0.11857720697493312,0.0022719173123417983,0.9205251341682641,0.006172571952856551,1.0485704712863533,0.6841979251853283,1.746805453669539e-08,0.33500967912065704,0.33500967912065704,0.33500967912065704,0.33500967912065704
110,30s,MN,10mM 2DG_1h_yes_A_MN_2_6_0009,5.003386813097466,1.0250380050861343,0.2048688305295269,0.0050042113515172985,[ 7.00987383e+02 -2.75254381e-02],[-2.75254381e-02  2.62888847e-05],0.025038005086134296,0.019852461037133028,0.009485555520551081,-0.004304505515646752,1.0556191505842316,0.5067941772351835,1.0263782174447781e-05,0.0,0.0,0.0,0.0
110,30s,MN,10mM 2DG_1h_yes_A_MN_2_6_0012,0.2200413013131363,1.2127919507948963,5.511655964390961,0.9670545916835696,[ 3.19933427e-04 -9.97305114e-05],[-9.97305114e-05  3.92618241e-05],0.21279195079489632,0.0033755856322693536,0.957740865052688,0.011920352813919347,1.062375695997836,0.8898727308464924,6.089388909566297e-15,0.2200413013131363,0.2200413013131363,0.2200413013131363,0.2200413013131363
110,30s,MN,10mM 2DG_1h_yes_A_MN_2_6_0013,0.06782357465013764,1.3938168956654502,20.550625691071883,5.806489818575952,[ 0.00015716 -0.0006283 ],[-0.0006283   0.00254762],0.3938168956654502,0.00441732772400263,0.9699028048443572,0.016729817425298003,1.0212413653390993,0.9538641054922526,3.024047613476853e-20,0.06782357465013764,0.06782357465013764,0.06782357465013764,0.06782357465013764
110,30s,MN,10mM 2DG_1h_yes_A_MN_2_7_0001,1.1303246973772003,1.1749470426778055,1.039477457587317,0.1547759180028108,[ 0.31325404 -0.00239298],[-0.00239298  0.00012289],0.17494704267780548,0.06724645625822526,0.34511022962903215,-0.0012581933142063416,1.1703852510195507,0.00740793297677334,0.6511028430430834,,,,
110,30s,MN,10mM 2DG_1h_yes_A_MN_2_7_0004,0.2559237915611057,1.1942808643829896,4.666548807744735,0.759135612980328,[ 0.00055866 -0.00011727],[-1.17266033e-04  3.40097393e-05],0.19428086438298964,0.004279010601391307,0.9357872927867263,0.010380344036426742,1.0679150646347964,0.8149841148982561,9.049096440711294e-12,0.2559237915611057,0.2559237915611057,0.2559237915611057,0.2559237915611057
110,30s,MN,10mM 2DG_1h_yes_A_MN_2_7_0007,0.3947250155735211,1.16123922855544,2.9418941864330583,0.4084849507730472,[ 9.60496591e-04 -6.61603430e-05],[-6.61603430e-05  9.25003186e-06],0.16123922855544004,0.0025177668841751388,0.9489211392821957,0.007527021089007219,1.0766537171632515,0.56429225882427,1.7253989169310257e-06,0.3947250155735211,0.3947250155735211,0.3947250155735211,0.3947250155735211
110,30s,MN,10mM 2DG_1h_yes_A_MN_2_7_0012,0.20711175751213226,1.2805629156222367,6.182956153743341,1.3546450428136692,[ 6.09359321e-05 -2.81943861e-05],[-2.81943861e-05  1.59928115e-05],0.2805629156222367,0.001190640160824549,0.991704830726354,0.015852527065985382,1.076177044131281,0.8917755521337641,4.766186974134139e-15,0.20711175751213226,0.20711175751213226,0.20711175751213226,0.20711175751213226
110,30s,MN,10mM 2DG_1h_yes_A_MN_2_7_0013,0.42947618762219897,1.1334296735695033,2.6390978271572,0.31068002700740777,[ 1.47839071e-03 -6.99639208e-05],[-6.99639208e-05  7.37013156e-06],0.1334296735695033,0.0023111682425806307,0.9261206727518237,0.006082337372090614,1.0668131790819502,0.5996932364850361,5.126399309007926e-07,0.42947618762219897,0.42947618762219897,0.42947618762219897,0.42947618762219897
110,30s,MN,10mM 2DG_1h_yes_A_MN_2_7_0014,1.9081980625563755,1.0601440083029785,0.5555733595509076,0.03151874508372823,[ 6.72637899e+00 -5.89941336e-03],[-5.89941336e-03  6.00808766e-05],0.0601440083029785,0.04049801777047955,0.06697993808633995,-0.004067434637045251,1.0866198172147306,0.20204688631421389,0.01270274575875103,0.0,0.0,0.0,0.0
110,30s,MN,10mM 2DG_1h_yes_A_MN_2_7_0016,0.1568495901582116,1.2240690625959507,7.804094746828809,1.4285600770135003,[ 9.28187194e-05 -5.74491517e-05],[-5.74491517e-05  3.95381869e-05],0.22406906259595072,0.0012553417734809367,0.9856415688591675,0.012740694981131822,1.0425514491235628,0.9155805922896451,1.4537935851687513e-16,0.1568495901582116,0.1568495901582116,0.1568495901582116,0.1568495901582116
110,30s,MN,10mM 2DG_1h_yes_A_MN_2_7_0019,2.1730634154778494,1.0498566080620786,0.4831228580741711,0.022943006498093978,[ 3.27123803e+00 -1.80868577e-03],[-1.80868577e-03  1.31749997e-05],0.04985660806207859,0.00913057517941983,0.23093089555252044,-0.002052302797959092,1.0621357075377842,0.18993264350693154,0.016068665895103935,0.0,0.0,0.0,0.0
110,30s,MN,10mM 2DG_1h_yes_A_MN_2_8_0012,3.13297003343136,1.0335126467645133,0.32988271057050833,0.010696765818665941,[ 3.62431014e+01 -6.08712867e-03],[-6.08712867e-03  1.85536284e-05],0.033512646764513265,0.013549174822689143,0.025946704927516273,-0.003275099727400927,1.0562280169374418,0.4193563681267242,0.00010956868970535814,0.0,0.0,0.0,0.0
110,30s,MN,10mM 2DG_1h_yes_A_MN_2_8_0013,33.48246511169401,1.026469875634401,0.030656938556053285,0.0007905593434085668,[ 3.34174437e+14 -1.02567056e+04],[-1.02567056e+04  9.12936542e-06],0.026469875634401063,0.006983986639059058,-0.05927076175079926,-0.0017285148724911653,1.0388119307594972,0.24844844430725033,0.005056512630010634,0.0,0.0,0.0,0.0
110,30s,MN,10mM 2DG_1h_yes_A_MN_2_8_0024,1.0169941064166042e-05,-402.37023708915433,-39564657.70553112,39662986.692266695,[8.47520478e-04 3.36132550e+04],[3.3613255e+04 1.3331252e+12],403.37023708915433,0.011947609812336417,0.63704499749235,-0.006823864516327439,1.026764377248805,0.81234604216713,1.104931779499268e-11,0.0,0.0,0.0,0.0
110,30s,MN,6mM 2DG_1h_yes_A_MN_4_1_0003,0.11851861978669422,1.2794567901030065,10.79540744235572,2.357914651773395,[ 0.00021437 -0.00026584],[-0.00026584  0.00034789],0.2794567901030065,0.004348685168268373,0.9648709373856105,0.015285179292699288,1.0339125558005104,0.9213942419988351,5.338208622293638e-17,0.11851861978669422,0.11851861978669422,0.11851861978669422,0.11851861978669422
110,30s,MN,6mM 2DG_1h_yes_A_MN_4_1_0004,0.10950866807948574,1.5553452506020722,14.20294190294727,5.071244681735884,[ 7.88466376e-05 -2.20390877e-04],[-0.00022039  0.00064401],0.5553452506020722,0.005635166222032008,0.9851793351925602,0.02859688152885368,1.0700779422116629,0.9652952569219044,5.58571527282007e-22,0.10950866807948574,0.10950866807948574,0.10950866807948574,0.10950866807948574
110,30s,MN,6mM 2DG_1h_yes_A_MN_4_1_0007,0.33797198844824217,1.0683402853070718,3.161032043549609,0.20220695099865535,[ 0.00418493 -0.00017154],[-1.71535595e-04  1.21915064e-05],0.06834028530707181,0.002843401391280558,0.6821258994976207,0.0036227924727501378,1.0285912565085902,0.783569481918191,8.279189940480318e-11,0.0,0.0,0.0,0.0
110,30s,MN,6mM 2DG_1h_yes_A_MN_4_1_0009,0.089054319583746,1.3560356119139045,15.227061620954826,3.9979600493055405,[ 0.00028544 -0.00070085],[-0.00070085  0.00176782],0.35603561191390454,0.008282391191998075,0.9438547185855406,0.016679731285208464,1.0361728446723202,0.9420425214185603,7.414729318134749e-19,0.089054319583746,0.089054319583746,0.089054319583746,0.089054319583746
110,30s,MN,6mM 2DG_1h_yes_A_MN_4_1_0012,0.14273023909080376,1.4292190020782367,10.013428206821539,3.0072043934934576,[ 0.00013865 -0.00019379],[-0.00019379  0.00029475],0.4292190020782367,0.006480690956865744,0.9779910438924362,0.024274595041194086,1.0704310236805648,0.9239778834382982,3.3390985109964197e-17,0.14273023909080376,0.14273023909080376,0.14273023909080376,0.14273023909080376
110,30s,MN,6mM 2DG_1h_yes_A_MN_4_1_0015,0.11751641144839581,1.2987527235325158,11.051671060452934,2.542221293608043,[ 0.00013283 -0.00017852],[-0.00017852  0.00025292],0.2987527235325158,0.0031097876751367687,0.9763093119875088,0.015842084733163647,1.040260797737059,0.9451974750921002,3.3813902131025025e-19,0.11751641144839581,0.11751641144839581,0.11751641144839581,0.11751641144839581
110,30s,MN,6mM 2DG_1h_yes_A_MN_4_2_0001,0.3662782868714449,1.2066014979958244,3.2942206547430786,0.56405608904777,[ 0.00167727 -0.00017444],[-1.74440409e-04  3.40554235e-05],0.2066014979958244,0.008162346794115184,0.9007650422937041,0.010789783216703047,1.0876341788613897,0.6820930622700442,1.9197423012385096e-08,0.3662782868714449,0.3662782868714449,0.3662782868714449,0.3662782868714449
110,30s,MN,6mM 2DG_1h_yes_A_MN_4_2_0004,0.38703033251973945,1.1179901886409145,2.8886371291942456,0.3048603138486483,[ 0.00196127 -0.00010323],[-1.03232053e-04  1.08004272e-05],0.11799018864091448,0.0029526245932991677,0.8942077495119143,0.0059045182162501585,1.0530368890043444,0.6331067236135355,1.4765895996732719e-07,0.38703033251973945,0.38703033251973945,0.38703033251973945,0.38703033251973945
110,30s,MN,6mM 2DG_1h_yes_A_MN_4_2_0005,0.4373706848640495,1.0943659693097705,2.502147508239924,0.2157574171645793,[ 0.00642677 -0.00020662],[-2.06617156e-04  1.50906440e-05],0.09436596930977048,0.005038345147381587,0.6832724150183306,0.004175291671964577,1.0493494510107997,0.578921654631939,1.0574552245565687e-06,0.0,0.0,0.0,0.0
110,30s,MN,6mM 2DG_1h_yes_A_MN_4_2_0006,0.10656930884645675,0.9159661000497817,8.59502712332957,0.7885375335528625,[0.00295926 0.00130615],[0.00130615 0.00060098],0.08403389995021826,0.0062437577503237675,0.673892129453642,-0.004582813167142746,0.9926745332647442,0.6426734176271448,1.0131526084110744e-07,0.0,0.0,0.0,0.0
110,30s,MN,6mM 2DG_1h_yes_A_MN_4_2_0007,0.18230931597433211,1.2356726682785182,6.777890979814177,1.2927077643783123,[ 0.00038052 -0.00018847],[-0.00018847  0.00010864],0.23567266827851818,0.0053730438165989144,0.9489845289579606,0.013738017810236923,1.0520899752018822,0.8707370404017439,5.794995198544903e-14,0.18230931597433211,0.18230931597433211,0.18230931597433211,0.18230931597433211
110,30s,MN,6mM 2DG_1h_yes_A_MN_4_2_0008,27.825833669478104,1.0199939681279866,0.03665636689429393,0.0007185397701100251,[ 2.56326824e+12 -7.57334251e+02],[-7.57334251e+02  6.48903192e-06],0.019993968127986594,0.004987677559278729,0.07059646313570511,-6.506997611586949e-05,1.0197992596713774,0.00043461964368712044,0.91292779815341,,,,
110,30s,MN,6mM 2DG_1h_yes_A_MN_4_2_0009,0.29701401883533807,1.1363594411754863,3.825945474329526,0.45910102731912705,[ 0.00104975 -0.00011329],[-1.13288984e-04  1.88917067e-05],0.13635944117548626,0.0033465313892166067,0.9086987728014911,0.0075396348647484126,1.0498181218504001,0.7985321844830348,3.010465921405984e-11,0.29701401883533807,0.29701401883533807,0.29701401883533807,0.29701401883533807
110,30s,MN,6mM 2DG_1h_yes_A_MN_4_2_0013,0.16635315823844404,1.2491179981239429,7.508832482359646,1.4975249088259988,[ 0.000233   -0.00014431],[-0.00014431  0.000101  ],0.24911799812394286,0.003876512627351427,0.9643409063990704,0.014133250314838518,1.0522884954528726,0.9124578693076677,2.4212445256001207e-16,0.16635315823844404,0.16635315823844404,0.16635315823844404,0.16635315823844404
110,30s,MN,6mM 2DG_1h_yes_A_MN_4_2_0018,0.16145213981445225,1.319228467464984,8.171018786007409,1.977232806154536,[ 0.00034187 -0.00028633],[-0.00028633  0.00026869],0.3192284674649839,0.008849139014570205,0.945178113577554,0.017758264953843993,1.0676478639951974,0.9129884556882707,2.223095924382232e-16,0.16145213981445225,0.16145213981445225,0.16145213981445225,0.16145213981445225
110,30s,MN,6mM 2DG_1h_yes_A_MN_4_3_0005,0.4717644428781727,1.1073378219668186,2.3472261182108096,0.227524188368171,[ 0.00352686 -0.0001091 ],[-1.09103264e-04  8.35656372e-06],0.10733782196681863,0.002950604372780147,0.8704225134939081,0.005016049422301172,1.0540065384595814,0.5673476003924945,1.5597492618651935e-06,0.4717644428781727,0.4717644428781727,0.4717644428781727,0.4717644428781727
110,30s,MN,6mM 2DG_1h_yes_A_MN_4_3_0008,0.1145931759275521,1.217837800714129,10.62748973363011,1.900966606003224,[ 0.00017364 -0.00017717],[-0.00017717  0.00018996],0.21783780071412906,0.0022469907546521445,0.9712121944953456,0.011804565307212026,1.0250006570485066,0.9257633262668378,2.391880878080107e-17,0.1145931759275521,0.1145931759275521,0.1145931759275521,0.1145931759275521
110,30s,MN,6mM 2DG_1h_yes_A_MN_4_3_0011,0.1351950793407227,1.378031269753851,10.192909952594468,2.796191041843507,[ 0.00010485 -0.00014154],[-0.00014154  0.00020579],0.37803126975385104,0.003884254793237116,0.9815916368781148,0.020561042876582343,1.0634373142417366,0.9486209389740198,1.368243346237417e-19,0.1351950793407227,0.1351950793407227,0.1351950793407227,0.1351950793407227
110,30s,MN,6mM 2DG_1h_yes_A_MN_4_3_0012,0.12980355032979407,1.2460909862163245,9.599822062265325,1.895872536545241,[ 0.00018367 -0.00017281],[-0.00017281  0.00017387],0.24609098621632453,0.003021892998492581,0.9702532992562635,0.01367211514079974,1.0351424735806665,0.9183876333869196,9.042261926541422e-17,0.12980355032979407,0.12980355032979407,0.12980355032979407,0.12980355032979407
110,30s,MN,6mM 2DG_1h_yes_A_MN_4_3_0015,0.14901943501978476,1.2307198794494723,8.258787716421512,1.5482536181863824,[ 0.00041555 -0.00028977],[-0.00028977  0.00022194],0.23071987944947225,0.005984700396516345,0.9394776061956065,0.013227157634568932,1.0391285274893578,0.8717959504133538,5.161738384098061e-14,0.14901943501978476,0.14901943501978476,0.14901943501978476,0.14901943501978476
110,30s,MN,6mM 2DG_1h_yes_A_MN_4_4_0004,0.10510051588688218,1.5301678786923747,14.559090084193945,5.044388928242607,[ 4.04328252e-05 -1.15048292e-04],[-0.00011505  0.00034079],0.5301678786923747,0.002765533513643004,0.9923553687874226,0.02701541413523299,1.062218409218795,0.9691700941230655,1.0627610742823723e-22,0.10510051588688218,0.10510051588688218,0.10510051588688218,0.10510051588688218
110,30s,MN,6mM 2DG_1h_yes_A_MN_4_4_0005,0.6918620695264447,1.0601580820439997,1.532325775236733,0.08695097577061256,[ 1.11320389e-02 -8.33307380e-05],[-8.33307380e-05  2.41490028e-06],0.06015808204399975,0.001196182419956702,0.831236640374142,0.001968916703157251,1.0389079286496508,0.29128353666635376,0.002083210046435115,0.6918620695264447,0.0,0.6918620695264447,0.0
110,30s,MN,6mM 2DG_1h_yes_A_MN_4_4_0008,0.1453356225827077,1.2716196184712967,8.749538453641277,1.8689128903460897,[ 0.00019805 -0.00016981],[-0.00016981  0.00015903],0.2716196184712967,0.003993878251258184,0.9674074808725817,0.015135118680313258,1.0484484325664338,0.9297908436418723,1.0932445879766162e-17,0.1453356225827077,0.1453356225827077,0.1453356225827077,0.1453356225827077
110,30s,MN,6mM 2DG_1h_yes_A_MN_4_4_0010,0.6645674713477807,1.0361454889736659,1.5591276035107522,0.05438949471956664,[ 0.02952254 -0.00014491],[-1.44909247e-04  2.62772467e-06],0.036145488973665874,0.0012980414912693039,0.5748003138159787,0.0015936855578087218,1.020503747731541,0.4525736661529636,4.646127531722716e-05,0.0,0.0,0.0,0.0
110,30s,MN,6mM 2DG_1h_yes_A_MN_4_4_0011,0.15167945998778368,1.3182612956045556,8.691099610393714,2.0982491342610827,[ 1.06461338e-04 -9.92880060e-05],[-9.92880060e-05  1.02121302e-04],0.3182612956045556,0.002908982805509055,0.9822804133002495,0.017666146165039455,1.0614785579354797,0.9351567349522828,3.582216284529033e-18,0.15167945998778368,0.15167945998778368,0.15167945998778368,0.15167945998778368
110,30s,MN,6mM 2DG_1h_yes_A_MN_4_5_0003,0.08933252730237014,1.4978710700369955,16.767364758046586,5.573233905627857,[ 0.00010054 -0.0003436 ],[-0.0003436   0.00120664],0.4978710700369955,0.0053458652577919215,0.9803949723010396,0.023760392534155052,1.0467699319974322,0.9670414326617285,2.7091069915445273e-22,0.08933252730237014,0.08933252730237014,0.08933252730237014,0.08933252730237014
110,30s,MN,6mM 2DG_1h_yes_A_MN_4_5_0005,0.194065006287505,1.2018846157910246,6.193206280633855,1.0402937636883123,[ 1.79046453e-04 -6.75403320e-05],[-6.75403320e-05  3.03652331e-05],0.20188461579102457,0.0018752628282776092,0.9734006718670571,0.011310427526429629,1.0525906777941445,0.9190440562255011,8.072941312448038e-17,0.194065006287505,0.194065006287505,0.194065006287505,0.194065006287505
110,30s,MN,6mM 2DG_1h_yes_A_MN_4_5_0009,29.97886488743933,1.0112964543494187,0.03373364729273442,0.0003768139451521316,[ 2.50607131e+13 -1.71814662e+03],[-1.71814662e+03  3.41605831e-06],0.011296454349418728,0.0026489206902863965,-0.017012148605205724,-0.0012512874467818086,1.0202454430896757,0.33407093120534437,0.0008226380782126629,0.0,0.0,0.0,0.0
110,30s,MN,6mM 2DG_1h_yes_A_MN_4_5_0010,0.07429427077258573,1.265258963617018,17.030370585236206,3.5703824919282656,[ 0.00071293 -0.00169225],[-0.00169225  0.00408771],0.26525896361701795,0.010231062977893971,0.8557495428651488,0.010969095231700244,1.025156617605142,0.8750249153080039,3.6054285938590435e-14,0.07429427077258573,0.07429427077258573,0.07429427077258573,0.07429427077258573
110,30s,MN,6mM 2DG_1h_yes_A_MN_4_5_0011,0.23488058900183953,1.0799250850417093,4.597762163450857,0.3402796518067455,[ 0.00150133 -0.00015435],[-1.54352726e-04  2.07754445e-05],0.07992508504170925,0.0022764118443280644,0.7822091380780937,0.004157203725865236,1.0280888675315187,0.8921268944312553,4.5532454211626e-15,0.23488058900183953,0.23488058900183953,0.0,0.0
110,30s,MN,6mM 2DG_1h_yes_A_MN_4_5_0012,0.12895104260365292,1.3169438260878439,10.212742754904546,2.4578616790405503,[ 8.96460318e-05 -1.09820612e-04],[-0.00010982  0.00014372],0.3169438260878439,0.0024018620093330762,0.9838486139778017,0.01702021951747789,1.050431905485896,0.9557066313469774,1.707636171407265e-20,0.12895104260365292,0.12895104260365292,0.12895104260365292,0.12895104260365292
110,30s,MN,6mM 2DG_1h_yes_A_MN_4_5_0016,0.3798440196746161,1.095143904125615,2.883141098453367,0.2504815113506793,[ 8.21282999e-04 -3.63227939e-05],[-3.63227939e-05  3.13082538e-06],0.09514390412561502,0.0008631271714055585,0.9472708983773606,0.004630197088585908,1.0437411999394877,0.6876477201399666,1.4944023495888764e-08,0.3798440196746161,0.3798440196746161,0.3798440196746161,0.3798440196746161
110,30s,MN,6mM 2DG_1h_yes_A_MN_4_6_0003,0.09869038552421339,1.5944388485517258,16.155969399476458,6.023270102697917,[ 0.00011692 -0.00041089],[-0.00041089  0.00149478],0.5944388485517258,0.009316741654176166,0.9762014837944918,0.02880318956138328,1.0717581719597842,0.9759244569197516,3.322652954822223e-24,0.09869038552421339,0.09869038552421339,0.09869038552421339,0.09869038552421339
110,30s,MN,6mM 2DG_1h_yes_A_MN_4_6_0006,0.47569905644184857,1.0811438378830092,2.272747492857751,0.17057809298582985,[ 2.89715562e-03 -6.65199097e-05],[-6.65199097e-05  3.81786679e-06],0.08114383788300916,0.0013997926370773372,0.8631302359766869,0.0036287407155870077,1.0428240184656805,0.6805467736482403,2.056802190074256e-08,0.47569905644184857,0.0,0.47569905644184857,0.0
110,30s,MN,6mM 2DG_1h_yes_A_MN_4_6_0009,0.00036647718070541405,-1.842285713638295,-5027.013442125289,7755.696297835838,[4.68824123e-02 3.62870372e+02],[3.62870372e+02 2.80862133e+06],2.842285713638295,0.006232177337376374,0.2283176410503539,-0.002409423051299635,1.0134680735193726,0.4064595258761072,0.00015105311539556396,0.0,0.0,0.0,0.0
110,30s,MN,6mM 2DG_1h_yes_A_MN_4_6_0010,1.1368622346430386,1.0575413666413152,0.9302282496641915,0.050614194831955575,[ 0.08044221 -0.00019968],[-1.99677168e-04  3.35311798e-06],0.05754136664131515,0.002043984158402977,0.5715179377683496,0.0015218828507539905,1.0425282281931907,0.25947414653699985,0.004039502678541882,0.0,0.0,0.0,0.0
110,30s,MN,6mM 2DG_1h_yes_A_MN_4_6_0011,0.23279431650791707,1.0277069572014164,4.414656563002754,0.11901904486776453,[ 0.01670489 -0.00060613],[-6.06130518e-04  2.86445653e-05],0.02770695720141636,0.003137890053054233,0.1599939966374676,0.0013245255158503134,1.0108639129500179,0.2590530266330359,0.004074479188640495,0.0,0.0,0.0,0.0
110,30s,MN,6mM 2DG_1h_yes_A_MN_4_6_0012,0.08593553383096526,1.2357284742601815,14.379714876628949,2.7430850051372015,[ 0.00062627 -0.00107278],[-0.00107278  0.00188367],0.2357284742601815,0.008008661268254738,0.8689038597599648,0.010349387918901547,1.0279854213531545,0.903729134044588,9.201608320163995e-16,0.08593553383096526,0.08593553383096526,0.08593553383096526,0.08593553383096526
110,30s,MN,6mM 2DG_1h_yes_A_MN_4_6_0014,0.33025928469050125,1.080414144054236,3.271411869818388,0.2434879132303435,[ 1.77377074e-03 -8.99324395e-05],[-8.99324395e-05  7.73614615e-06],0.08041414405423608,0.0017120439871126736,0.8674989552760435,0.004326353714251225,1.0320573747928985,0.763947416821575,2.8229559909367303e-10,0.33025928469050125,0.33025928469050125,0.33025928469050125,0.33025928469050125
110,30s,MN,6mM 2DG_1h_yes_A_MN_4_6_0017,0.33977178094100835,1.0389347686560209,3.057742952574399,0.1145909426268121,[ 0.00668693 -0.00015437],[-1.54366157e-04  6.21036804e-06],0.03893476865602086,0.0014920241588467157,0.6171589534812201,0.0019244815647162464,1.0171250308442714,0.5180908409599424,7.348260791353678e-06,0.0,0.0,0.0,0.0
110,30s,MN,6mM 2DG_1h_yes_A_MN_4_6_0018,0.31338000340323385,1.07079720291707,3.4169289402273972,0.22591487059872647,[ 1.88970567e-03 -9.44347802e-05],[-9.44347802e-05  7.63458461e-06],0.07079720291707003,0.0015455780782201384,0.8559565824714115,0.0037378977985920445,1.0279088979594484,0.6908433717914596,1.291297449608008e-08,0.31338000340323385,0.31338000340323385,0.31338000340323385,0.31338000340323385
110,30s,MN,6mM 2DG_1h_yes_A_MN_4_6_0019,0.24117644455370849,1.183868942650129,4.908725414046349,0.7623835030422406,[ 3.73955653e-04 -8.38511356e-05],[-8.38511356e-05  2.50068288e-05],0.18386894265012899,0.0026910458009975114,0.9587960108678781,0.010503271957763684,1.0557331927397173,0.8385593751446452,1.324799565026277e-12,0.24117644455370849,0.24117644455370849,0.24117644455370849,0.24117644455370849
110,30s,MN,6mM 2DG_1h_yes_A_MN_4_7_0005,0.13639948850019712,1.3080969347605953,9.59018944384608,2.2587836519647215,[ 0.00039187 -0.00042476],[-0.00042476  0.00049663],0.3080969347605953,0.009995553406813101,0.9263440343101128,0.016106599424930697,1.0591238242617595,0.9373149879635829,2.2277694600805094e-18,0.13639948850019712,0.13639948850019712,0.13639948850019712,0.13639948850019712
110,30s,MN,6mM 2DG_1h_yes_A_MN_4_7_0011,0.09369858990955993,1.1754906789328579,12.545446842556212,1.8729276406640225,[ 0.00070438 -0.0007904 ],[-0.0007904   0.00091436],0.17549067893285786,0.005555947442003218,0.9099123566487386,0.00990353150657266,1.0042277070493928,0.8586970881827773,2.0292107460102278e-13,0.09369858990955993,0.09369858990955993,0.09369858990955993,0.09369858990955993
110,30s,MN,6mM 2DG_1h_yes_A_MN_4_7_0015,0.05760276699284419,1.5756884116353644,27.354387538902554,9.994110382004399,[ 0.00010385 -0.00075547],[-0.00075547  0.0055493 ],0.5756884116353644,0.005179424537148992,0.9764006131978594,0.02093700369507063,1.0362920061822782,0.9893672070193283,3.5457903111743516e-29,0.05760276699284419,0.05760276699284419,0.05760276699284419,0.05760276699284419
110,30s,MN,6mM 2DG_1h_yes_A_MN_4_7_0018,0.15942002809510866,1.2629209378147384,7.92197161740111,1.6492340451595073,[ 0.00029605 -0.00020889],[-0.00020889  0.00016458],0.26292093781473835,0.00538148159686851,0.9522560334775124,0.014626558947868955,1.0546490964093136,0.916066676426212,1.3405574929704228e-16,0.15942002809510866,0.15942002809510866,0.15942002809510866,0.15942002809510866
110,30s,MN,6mM 2DG_1h_yes_A_MN_4_7_0019,0.2680488695267026,1.1513971502175482,4.2954747477599335,0.5648117467716693,[ 2.64770888e-04 -3.93584464e-05],[-3.93584464e-05  8.34883240e-06],0.15139715021754818,0.0011916876526980404,0.9708105790085428,0.008270967425568012,1.0530119046175488,0.862695312163278,1.3547970097509973e-13,0.2680488695267026,0.2680488695267026,0.2680488695267026,0.2680488695267026
110,30s,MN,6mM 2DG_1h_yes_A_MN_4_7_0020,27.159881337695438,1.002743580155935,0.03692002802546189,0.00010101591099837286,[ 2.87792579e+13 -1.63340763e+03],[-1.63340763e+03  2.68849126e-06],0.0027435801559350104,0.0021021126079078063,-0.012702089753679369,-0.00047891966434645877,1.0063283136114876,0.06191873329212198,0.18484612295515115,,,,
110,30s,MN,6mM 2DG_1h_yes_A_MN_4_7_0021,0.14855601643554606,1.2328857409566762,8.299130324967942,1.5676628018476673,[ 0.00031097 -0.00022007],[-0.00022007  0.00017094],0.23288574095667625,0.004636280497040906,0.9496692620299222,0.012993325536762532,1.0430509127994327,0.9174183469492033,1.0672750565704482e-16,0.14855601643554606,0.14855601643554606,0.14855601643554606,0.14855601643554606
110,30s,MN,6mM 2DG_1h_yes_A_MN_4_7_0022,0.10705922441868566,1.5234355336096095,14.229839062272484,4.889214698236234,[ 5.83980904e-05 -1.59407084e-04],[-0.00015941  0.00045381],0.5234355336096095,0.003830292936633683,0.9887142714180502,0.02655868356942296,1.0658975337719934,0.973494623177043,1.2782031807300538e-23,0.10705922441868566,0.10705922441868566,0.10705922441868566,0.10705922441868566
110,30s,MN,6mM 2DG_1h_yes_A_MN_4_7_0023,0.2517723482407168,1.2028456296250414,4.777512852503619,0.8056708015889928,[ 3.01063626e-04 -6.82323517e-05],[-6.82323517e-05  2.11352603e-05],0.20284562962504138,0.002530743452641171,0.9650416783899709,0.01117194952786877,1.0673948861109792,0.8591729198199937,1.9351153461242636e-13,0.2517723482407168,0.2517723482407168,0.2517723482407168,0.2517723482407168
110,30s,MN,6mM 2DG_1h_yes_A_MN_4_7_0024,0.10292556776418374,1.4958188579462346,14.53301536672944,4.817256476857354,[ 4.19250171e-05 -1.15234377e-04],[-0.00011523  0.00032907],0.4958188579462346,0.002375860510743365,0.9922026842712578,0.025287006432720707,1.0544335917824643,0.9652202128497802,5.757417497722719e-22,0.10292556776418374,0.10292556776418374,0.10292556776418374,0.10292556776418374
110,30s,MN,6mM 2DG_1h_yes_A_MN_4_7_0025,0.810893475885125,1.0742366160820995,1.3247567627912216,0.09154915940230877,[ 0.08827277 -0.0005791 ],[-5.79100558e-04  1.76514585e-05],0.07423661608209953,0.009400659561739506,0.31343661458177396,0.002813956305167034,1.0473278224933602,0.30525023981629135,0.0015461715059025473,0.0,0.0,0.0,0.0
110,30s,MN,6mM 2DG_1h_yes_A_MN_4_8_0003,0.1400135437218285,1.3820049975160456,9.87050938630437,2.728343182820891,[ 8.43383796e-05 -1.08421645e-04],[-0.00010842  0.00015109],0.38200499751604555,0.003164890953859521,0.9856781097373718,0.02107944722448471,1.065390908423409,0.9416636947377371,8.124349973966257e-19,0.1400135437218285,0.1400135437218285,0.1400135437218285,0.1400135437218285
110,30s,MN,6mM 2DG_1h_yes_A_MN_4_8_0004,0.1789222017015041,1.2792102828671479,7.149533544200704,1.5605122238153226,[ 0.00017136 -0.00010412],[-1.04117342e-04  7.31434849e-05],0.2792102828671479,0.003492107477115251,0.9726271267184119,0.01550787027604569,1.0677747186027142,0.9345975847817348,4.040892350487285e-18,0.1789222017015041,0.1789222017015041,0.1789222017015041,0.1789222017015041
110,30s,MN,6mM 2DG_1h_yes_A_MN_4_8_0007,0.18579798402973186,1.3477554223636046,7.2538753819198245,1.871685659990562,[ 1.30292012e-04 -9.19097014e-05],[-9.19097014e-05  7.59775065e-05],0.34775542236360457,0.003871150123795532,0.9806909241993813,0.01972063721769463,1.084099245004751,0.9186910348496576,8.581534632616869e-17,0.18579798402973186,0.18579798402973186,0.18579798402973186,0.18579798402973186
110,30s,MN,6mM 2DG_1h_yes_A_MN_4_8_0008,0.09151744194503003,1.067664007639103,11.666235254700362,0.7393564133899795,[ 0.00442938 -0.00198499],[-0.00198499  0.00091553],0.06766400763910307,0.005154709034034881,0.4040024813554641,0.002738958658706623,1.0117070084002924,0.4720980088756977,2.7430746260990296e-05,0.0,0.0,0.0,0.0
110,30s,MN,6mM 2DG_1h_yes_A_MN_4_8_0009,28.532415673699546,1.0151287531658884,0.03557808650956982,0.0005302303646106506,[ 1.08542004e+13 -1.75923421e+03],[-1.75923421e+03  8.26890528e-06],0.015128753165888353,0.00639467926982395,-0.08268673075209221,-0.0017847461689325798,1.0283586625676562,0.298903747751494,0.0017715275415302236,0.0,0.0,0.0,0.0
110,30s,MN,6mM 2DG_1h_yes_A_MN_4_8_0010,0.24315167835975407,1.0784777910445926,4.435411666988106,0.3227524135304595,[ 0.00355784 -0.00033492],[-3.34915081e-04  4.21427510e-05],0.07847779104459263,0.004961894777551324,0.7225843604258742,0.004508168647360621,1.0235427973368982,0.6050630214464789,4.226296626596357e-07,0.24315167835975407,0.24315167835975407,0.0,0.0
110,30s,MN,6mM 2DG_1h_yes_A_MN_4_8_0015,0.1500212728329853,1.3005139403976778,8.668863527411245,2.003142185923405,[ 0.00037347 -0.00033526],[-0.00033526  0.00033108],0.30051394039767776,0.009083004811184561,0.933253304268836,0.01614871862301543,1.0626350573395436,0.9403010939770594,1.1232213407206827e-18,0.1500212728329853,0.1500212728329853,0.1500212728329853,0.1500212728329853
110,30s,MN,2mM 2DG_1h_yes_A_MN_6_1_0002,0.22591836713702795,1.2571172006717812,5.564475419164537,1.1380978179424872,[ 1.40448586e-04 -5.02092294e-05],[-5.02092294e-05  2.29886670e-05],0.25711720067178123,0.0019999376097279654,0.9848403712345848,0.015168338550675342,1.0688520109115125,0.8244252515165205,4.323579946905354e-12,0.22591836713702795,0.22591836713702795,0.22591836713702795,0.22591836713702795
110,30s,MN,2mM 2DG_1h_yes_A_MN_6_1_0006,0.9606000052976986,1.0873905295899413,1.13199096772121,0.09097494181551477,[ 0.09623093 -0.00051785],[-5.17846227e-04  1.56653536e-05],0.08739052958994131,0.008761634555178591,0.5526471253650247,0.0029277739335127656,1.058290248083682,0.22653012347789886,0.007848171286019112,0.0,0.0,0.0,0.0
110,30s,MN,2mM 2DG_1h_yes_A_MN_6_1_0007,0.12360290071504387,1.566459066922536,12.673319621631503,4.5828946055923065,[ 4.25749489e-05 -9.99563968e-05],[-9.99563968e-05  2.49087354e-04],0.566459066922536,0.0032156435173363133,0.9926539576049211,0.030854006270212578,1.0778839406883467,0.950517115635692,8.074650541398751e-20,0.12360290071504387,0.12360290071504387,0.12360290071504387,0.12360290071504387
110,30s,MN,2mM 2DG_1h_yes_A_MN_6_1_0009,0.12310093282633819,1.3687852235782259,11.119210814667085,2.9957955241369385,[ 7.17891826e-05 -1.10461432e-04],[-0.00011046  0.0001803 ],0.36878522357822585,0.0025683272891694345,0.9867211342590103,0.019520567418082047,1.0557990980135756,0.9633240455774246,1.2116813853328204e-21,0.12310093282633819,0.12310093282633819,0.12310093282633819,0.12310093282633819
110,30s,MN,2mM 2DG_1h_yes_A_MN_6_1_0012,0.17795307711904187,1.3042424663807894,7.329136913481498,1.7096780303341772,[ 1.00222552e-04 -6.70224815e-05],[-6.70224815e-05  5.17276239e-05],0.30424246638078944,0.002399287819530903,0.9853011731033748,0.017423216640788802,1.0680618866797253,0.9103315720097149,3.391743122989906e-16,0.17795307711904187,0.17795307711904187,0.17795307711904187,0.17795307711904187
110,30s,MN,2mM 2DG_1h_yes_A_MN_6_1_0013,1.2855676731936672,1.0994229083319198,0.8552042270950094,0.07733774767759116,[ 0.30241388 -0.00100196],[-1.00195809e-03  2.56385188e-05],0.0994229083319198,0.015686776059028937,0.5627956986745151,0.004363780345600357,1.0590386748817227,0.2755637333067083,0.0028977989729164206,0.0,0.0,0.0,0.0
110,30s,MN,2mM 2DG_1h_yes_A_MN_6_1_0014,0.18701799027105095,1.2981408797122147,6.941262056290836,1.5941828873260262,[ 1.05711759e-04 -6.31513325e-05],[-6.31513325e-05  4.43182393e-05],0.2981408797122147,0.002310018311002221,0.9848725730331106,0.017075530913467765,1.0708914028788983,0.9076647523298007,5.119239834938838e-16,0.18701799027105095,0.18701799027105095,0.18701799027105095,0.18701799027105095
110,30s,MN,2mM 2DG_1h_yes_A_MN_6_1_0015,0.15664950231300556,1.4409439763297633,9.198522529938044,2.8148444126474232,[ 8.25047699e-05 -1.00718892e-04],[-0.00010072  0.00013667],0.44094397632976334,0.0038021290561931404,0.9871530793277441,0.025129526964267835,1.083264028778995,0.9256435745475545,2.4466149629504733e-17,0.15664950231300556,0.15664950231300556,0.15664950231300556,0.15664950231300556
110,30s,MN,2mM 2DG_1h_yes_A_MN_6_1_0018,0.116428299500141,1.647596577652036,14.151169300982883,5.562192185511151,[ 5.99656678e-05 -1.77328446e-04],[-0.00017733  0.00055212],0.647596577652036,0.005966738774836857,0.9892442950134653,0.03440549770043079,1.0846625778670609,0.957196296845383,1.0570058850400337e-20,0.116428299500141,0.116428299500141,0.116428299500141,0.116428299500141
110,30s,MN,2mM 2DG_1h_yes_A_MN_6_1_0019,0.254897728679822,1.313969370558441,5.154888501218945,1.231746442718676,[ 1.25941277e-04 -4.30762050e-05],[-4.30762050e-05  2.03020371e-05],0.313969370558441,0.0024036942747907245,0.9865815825570099,0.017555962567462283,1.1019347934940456,0.8236958822688861,4.5838061296601435e-12,0.254897728679822,0.254897728679822,0.254897728679822,0.254897728679822
110,30s,MN,2mM 2DG_1h_yes_A_MN_6_2_0006,0.14275900589085547,1.4720387483715096,10.311354714090244,3.3065426970849088,[ 0.00010898 -0.00016745],[-0.00016745  0.00028001],0.4720387483715096,0.0060826975095941,0.9810651823289259,0.025837989451877246,1.0858790931020321,0.9473937781838985,1.9051892169533642e-19,0.14275900589085547,0.14275900589085547,0.14275900589085547,0.14275900589085547
110,30s,MN,2mM 2DG_1h_yes_A_MN_6_2_0007,0.24646246899873847,1.2187360041396522,4.944915179543585,0.8875022839309941,[ 2.27497655e-04 -5.80713249e-05],[-5.80713249e-05  1.99832172e-05],0.21873600413965222,0.0022930767550497387,0.9746434857495996,0.012336945038621129,1.0687553809973995,0.8454413526247487,7.171973223100951e-13,0.24646246899873847,0.24646246899873847,0.24646246899873847,0.24646246899873847
110,30s,MN,2mM 2DG_1h_yes_A_MN_6_2_0008,0.24386240466252057,1.3403779085527343,5.496451617491731,1.3957785293874259,[ 3.71573010e-05 -1.50811494e-05],[-1.50811494e-05  8.19693733e-06],0.3403779085527343,0.0008493743357970065,0.9959129320771212,0.019320314572752916,1.1044882616368168,0.8358217511356325,1.6789756036623178e-12,0.24386240466252057,0.24386240466252057,0.24386240466252057,0.24386240466252057
110,30s,MN,2mM 2DG_1h_yes_A_MN_6_2_0011,0.13457974083251986,1.4334531889569229,10.651329688179509,3.220790783780312,[ 0.00019091 -0.0002978 ],[-0.0002978   0.00049987],0.43345318895692286,0.009084895444049812,0.9671470871723202,0.02362705256619284,1.0716236708388667,0.9343225004639297,4.286040020491716e-18,0.13457974083251986,0.13457974083251986,0.13457974083251986,0.13457974083251986
110,30s,MN,2mM 2DG_1h_yes_A_MN_6_2_0014,0.17425485200888088,1.3479864581650118,7.735718360922953,1.9969972379723278,[ 0.00018723 -0.00014886],[-0.00014886  0.00013564],0.34798645816501184,0.005760816006430263,0.969815706084969,0.01938467637087317,1.0814333186047673,0.9396289194774274,1.3142736145067082e-18,0.17425485200888088,0.17425485200888088,0.17425485200888088,0.17425485200888088
110,30s,MN,2mM 2DG_1h_yes_A_MN_6_3_0002,0.21185674062337786,1.3001398563778643,6.136882180629551,1.4167113847532904,[ 0.00026804 -0.00012695],[-1.26954445e-04  7.45108442e-05],0.30013985637786433,0.005504210568398664,0.9633437284942835,0.016813041689350255,1.0850455522637243,0.8947915141886592,3.2036653177977054e-15,0.21185674062337786,0.21185674062337786,0.21185674062337786,0.21185674062337786
110,30s,MN,2mM 2DG_1h_yes_A_MN_6_3_0003,0.15895223686253696,1.396980804377882,8.788682889602875,2.4974848559142573,[ 6.96338758e-05 -7.45733200e-05],[-7.45733200e-05  8.91103364e-05],0.39698080437788197,0.002728127008843585,0.9888898365686305,0.022400433743767035,1.0788830873265292,0.9319553136400183,7.044572552411312e-18,0.15895223686253696,0.15895223686253696,0.15895223686253696,0.15895223686253696
110,30s,MN,2mM 2DG_1h_yes_A_MN_6_3_0004,0.16512522435791235,1.3448822766730921,8.144620435203963,2.0886104955445974,[ 0.00013249 -0.00011514],[-0.00011514  0.00011281],0.3448822766730921,0.00399057033534316,0.9802851818768796,0.01979828105657992,1.0690968508076248,0.9066591780420534,5.960548143124316e-16,0.16512522435791235,0.16512522435791235,0.16512522435791235,0.16512522435791235
110,30s,MN,2mM 2DG_1h_yes_A_MN_6_3_0006,0.14189754815069197,1.3910039382148283,9.802875076725172,2.7555369582537885,[ 9.51861741e-05 -1.22419663e-04],[-0.00012242  0.00017113],0.39100393821482826,0.0036892336456676787,0.9849939932704955,0.02215953790721929,1.0627939279749703,0.9216171761454616,5.129539732534037e-17,0.14189754815069197,0.14189754815069197,0.14189754815069197,0.14189754815069197
110,30s,MN,2mM 2DG_1h_yes_A_MN_6_3_0008,0.2411477115888206,1.3070234211873069,5.420011712223519,1.2731757608830663,[ 9.88982182e-05 -3.70378006e-05],[-3.70378006e-05  1.84472285e-05],0.30702342118730686,0.0018525866702059379,0.9890834515803993,0.017521464084596608,1.0927292296945499,0.8383496661850534,1.3492522673320186e-12,0.2411477115888206,0.2411477115888206,0.2411477115888206,0.2411477115888206
110,30s,MN,2mM 2DG_1h_yes_A_MN_6_3_0010,0.6762622143839885,1.129518057491367,1.670236830428641,0.1915204705165227,[ 0.01204584 -0.00020398],[-2.03983029e-04  1.30229674e-05],0.12951805749136702,0.006081200907977591,0.7603982175468749,0.0042845369646189535,1.0842818358988997,0.36802532133787075,0.000379454127023577,0.6762622143839885,0.0,0.0,0.0
110,30s,MN,2mM 2DG_1h_yes_A_MN_6_3_0012,0.09088332384826364,0.7933919291615691,8.729785570851204,2.2733331274654764,[0.00059657 0.00082481],[0.00082481 0.0011731 ],0.2066080708384309,0.007158266727692159,0.9037968752470247,-0.010335756094618674,0.9841599367502794,0.8682594568008073,7.569381859477936e-14,,,,
110,30s,MN,2mM 2DG_1h_yes_A_MN_6_3_0013,0.1830918316028172,1.3724695826129691,7.49607216552555,2.034332058138841,[ 7.59357131e-05 -5.89683593e-05],[-5.89683593e-05  5.33761392e-05],0.37246958261296914,0.0026878165465521876,0.9887282860486659,0.021106856255620553,1.0883875338485962,0.9127564088346093,2.3078236935475767e-16,0.1830918316028172,0.1830918316028172,0.1830918316028172,0.1830918316028172
110,30s,MN,2mM 2DG_1h_yes_A_MN_6_4_0003,0.1855409043004013,1.3938736821160294,7.512487272667748,2.12284015538873,[ 0.00020466 -0.00016394],[-0.00016394  0.00015381],0.39387368211602936,0.007563378020435014,0.9694812518638264,0.022114274686002855,1.0970327598553866,0.9055750890827772,7.010300932651302e-16,0.1855409043004013,0.1855409043004013,0.1855409043004013,0.1855409043004013
110,30s,MN,2mM 2DG_1h_yes_A_MN_6_4_0007,0.4586275889038119,1.087431494177754,2.371055558992596,0.19063723224049464,[ 0.01160462 -0.00031125],[-3.11247653e-04  2.00115279e-05],0.08743149417775409,0.006964276328036018,0.608493241919839,0.00361341503624432,1.0477216746492932,0.38290399104221634,0.00026725832006298825,0.0,0.0,0.0,0.0
110,30s,MN,2mM 2DG_1h_yes_A_MN_6_4_0011,0.15378092363899032,1.388882361668304,9.031564701281065,2.528807556008884,[ 7.25351761e-05 -8.06846918e-05],[-8.06846918e-05  9.93071868e-05],0.3888823616683039,0.002792361965536534,0.9881442881015725,0.021827714968724838,1.07457120128456,0.9402771789983687,1.129550493698936e-18,0.15378092363899032,0.15378092363899032,0.15378092363899032,0.15378092363899032
110,30s,MN,2mM 2DG_1h_yes_A_MN_6_4_0012,1.3105102839353441e-05,-255.60185444089805,-19503994.556482896,19580300.710830428,[5.20361531e-04 1.01886748e+04],[1.01886748e+04 1.99494176e+11],256.601854440898,0.013988012576930053,0.536879095883479,-0.006359291402135924,1.029467332382511,0.7682867642001047,2.1715290714520346e-10,0.0,0.0,0.0,0.0
110,30s,MN,2mM 2DG_1h_yes_A_MN_6_4_0015,0.7145338360165161,1.0590697932983135,1.4821828441359264,0.08266899385426466,[ 0.08499558 -0.00058261],[-5.82605506e-04  1.60484794e-05],0.05906979329831352,0.008088860378849549,0.33288991126305,0.001860907649029777,1.0394299059995318,0.1519918847377057,0.03319546821764793,0.0,0.0,0.0,0.0
110,30s,MN,2mM 2DG_1h_yes_A_MN_6_4_0017,0.14559787262294127,1.567388314483322,10.765186923729509,3.896954703127448,[ 4.40430402e-05 -7.86341528e-05],[-7.86341528e-05  1.53412597e-04],0.567388314483322,0.003320838041025112,0.9927646414735871,0.03182681436145081,1.099172425042271,0.9406346835604676,1.0383016172308963e-18,0.14559787262294127,0.14559787262294127,0.14559787262294127,0.14559787262294127
110,30s,MN,2mM 2DG_1h_yes_A_MN_6_5_0001,0.28476798120539376,1.2169317031037434,4.273414791763441,0.7617840397136423,[ 1.57326256e-04 -2.95259729e-05],[-2.95259729e-05  8.27616855e-06],0.21693170310374343,0.0012672715840065004,0.9852469558648854,0.01190064826886043,1.0774566517140196,0.7995227873808153,2.808127806868544e-11,0.28476798120539376,0.28476798120539376,0.28476798120539376,0.28476798120539376
110,30s,MN,2mM 2DG_1h_yes_A_MN_6_5_0005,0.14598368136711015,1.3962955132643753,9.564736963668311,2.7146562516655366,[ 9.98097868e-05 -1.23896285e-04],[-0.0001239   0.00016815],0.3962955132643753,0.0040231457373160395,0.9836946914037936,0.02218701239302783,1.0699837822337113,0.931852418151,7.195553269122856e-18,0.14598368136711015,0.14598368136711015,0.14598368136711015,0.14598368136711015
110,30s,MN,2mM 2DG_1h_yes_A_MN_6_5_0006,0.17305986093734727,1.3761953203013961,7.952134670902221,2.173787256408289,[ 0.00011757 -0.00010234],[-0.00010234  0.00010187],0.37619532030139613,0.004096812441766069,0.9823138944379703,0.02146756316293396,1.0820031817109204,0.9179498162015352,9.74772840803628e-17,0.17305986093734727,0.17305986093734727,0.17305986093734727,0.17305986093734727
110,30s,MN,2mM 2DG_1h_yes_A_MN_6_5_0009,0.1268705563897114,1.3118700122365643,10.34022431656137,2.45817486035598,[ 9.66136944e-05 -1.19639608e-04],[-0.00011964  0.00015787],0.3118700122365643,0.002543600209648408,0.9826411886677817,0.01671196798866751,1.0482656237241947,0.9521280672930612,5.076272814433339e-20,0.1268705563897114,0.1268705563897114,0.1268705563897114,0.1268705563897114
110,30s,MN,2mM 2DG_1h_yes_A_MN_6_5_0012,0.20093329232472767,1.3661029626053969,6.798788527277212,1.8220124617962214,[ 8.71617438e-05 -5.57915138e-05],[-5.57915138e-05  4.31895537e-05],0.3661029626053969,0.0026852849817374344,0.9883620681208461,0.021050832593299026,1.0931181637759542,0.8880725550226888,7.64830429039499e-15,0.20093329232472767,0.20093329232472767,0.20093329232472767,0.20093329232472767
110,30s,MN,2mM 2DG_1h_yes_A_MN_6_6_0004,0.3927435399025071,1.0796037356659278,2.748877132222019,0.2026863018184546,[ 0.01567474 -0.00053898],[-5.38980900e-04  3.74157915e-05],0.07960373566592782,0.010871244885741291,0.3461563476804471,0.004088679012580657,1.0368397758313752,0.5305956644211421,5.0319170614838676e-06,0.0,0.0,0.0,0.0
110,30s,MN,2mM 2DG_1h_yes_A_MN_6_6_0005,0.48006080178456034,1.1546425379947842,2.405200619801822,0.32213114967921097,[ 9.22490994e-04 -3.95598921e-05],[-3.95598921e-05  4.28554005e-06],0.15464253799478422,0.001496248115665809,0.9622661108019904,0.006792678656948179,1.0815448893540127,0.5802119653910306,1.0119727577569446e-06,0.48006080178456034,0.48006080178456034,0.48006080178456034,0.48006080178456034
110,30s,MN,2mM 2DG_1h_yes_A_MN_6_6_0009,0.17423703855031109,1.3145353535060578,7.544523049997114,1.8052152178610144,[ 0.00030622 -0.0002201 ],[-0.0002201   0.00018131],0.31453535350605777,0.007848903453112994,0.9515764407135442,0.017471259543881495,1.073953352703011,0.916378656721263,1.2722570849368939e-16,0.17423703855031109,0.17423703855031109,0.17423703855031109,0.17423703855031109
110,30s,MN,2mM 2DG_1h_yes_A_MN_6_6_0012,0.2502483099354327,1.2058014605385372,4.818419995921849,0.822389012703569,[ 2.00016309e-04 -4.65665119e-05],[-4.65665119e-05  1.47586530e-05],0.2058014605385372,0.0017539213711803637,0.9769808895248998,0.011409964868443086,1.0672896369858764,0.8572443455572434,2.34346180449584e-13,0.2502483099354327,0.2502483099354327,0.2502483099354327,0.2502483099354327
110,30s,MN,2mM 2DG_1h_yes_A_MN_6_7_0003,0.9461764443188131,1.0577666843325955,1.1179380872180984,0.061052761014552426,[ 0.04626337 -0.00016993],[-1.69934398e-04  3.45037160e-06],0.057766684332595464,0.001991016945351809,0.5557867347958784,0.001304956316075969,1.0438467118370574,0.20400510513188297,0.012226867816024363,0.0,0.0,0.0,0.0
110,30s,MN,2mM 2DG_1h_yes_A_MN_6_7_0004,0.183687131873235,1.2438901609823023,6.771787159487731,1.327747667978257,[ 0.00021606 -0.0001092 ],[-1.09200611e-04  6.44071515e-05],0.24389016098230232,0.003241114679422512,0.9700342502142731,0.01406537771978179,1.0557316445606484,0.8845621564409423,1.1806587042958754e-14,0.183687131873235,0.183687131873235,0.183687131873235,0.183687131873235
110,30s,MN,2mM 2DG_1h_yes_A_MN_6_7_0009,0.7179228464751483,1.1155693485178713,1.5538847300863659,0.1609773934417782,[ 7.12087477e-03 -9.45245726e-05],[-9.45245726e-05  5.07004717e-06],0.11556934851787126,0.0024424023119527048,0.8860561348523088,0.004097220055024865,1.073115373157939,0.39732049293716926,0.00018892876925290377,0.7179228464751483,0.0,0.7179228464751483,0.0
110,30s,MN,2mM 2DG_1h_yes_A_MN_6_7_0011,25.70133936144321,1.0381140700992681,0.04039143857446715,0.0014829604622258069,[ 4.03482245e+11 -6.93726331e+02],[-6.93726331e+02  3.45901249e-05],0.03811407009926815,0.026143334709016437,0.10317331750228087,-0.003338791250291864,1.060265438481177,0.20713742410599367,0.011501142118887054,0.0,0.0,0.0,0.0
110,30s,MN,2mM 2DG_1h_yes_A_MN_6_7_0012,0.1922871504655714,1.3639593853111969,7.093346497718322,1.8927909869690591,[ 0.00020587 -0.00014247],[-0.00014247  0.00011707],0.36395938531119687,0.006347924652528754,0.9708589545423879,0.020827297384985635,1.0898295782447374,0.9090418014787437,4.14515451175618e-16,0.1922871504655714,0.1922871504655714,0.1922871504655714,0.1922871504655714
110,30s,MN,2mM 2DG_1h_yes_A_MN_6_7_0014,0.44052819683530503,1.1172798789378293,2.5362278441294266,0.2662255895998306,[ 0.01047039 -0.00041176],[-4.11757927e-04  3.70852462e-05],0.11727987893782932,0.01222623988425512,0.48131543662131826,0.0048832156404638345,1.0645888771909968,0.5232546303082114,6.29175932097609e-06,0.0,0.0,0.0,0.0
110,30s,MN,2mM 2DG_1h_yes_A_MN_6_7_0015,0.1617090660395772,1.407660768789607,8.704897030603663,2.520951847497745,[ 0.00013687 -0.00014597],[-0.00014597  0.0001745 ],0.407660768789607,0.005692977620788393,0.97794790923255,0.02286893216859205,1.0846107205924769,0.9331663466748082,5.475280635644499e-18,0.1617090660395772,0.1617090660395772,0.1617090660395772,0.1617090660395772
110,30s,MN,2mM 2DG_1h_yes_A_MN_6_7_0016,1.2962362378248922,1.0911425983457725,0.841777576112769,0.07031326210931386,[ 0.06022068 -0.00017977],[-1.79765738e-04  4.18114087e-06],0.09114259834577254,0.0025505072374515294,0.7746179694041214,0.0008707201104469963,1.078594729983797,0.034610935575484864,0.324961174302298,1.2962362378248922,,,
110,30s,MN,2mM 2DG_1h_yes_A_MN_6_7_0019,0.14761334528623524,1.575580916865652,10.673702393306392,3.8992471564786375,[ 9.32723846e-05 -1.64956083e-04],[-0.00016496  0.00031974],0.575580916865652,0.0074804610284549015,0.984265242090145,0.03182391504689525,1.1075107797247687,0.93879735966439,1.5923607596121134e-18,0.14761334528623524,0.14761334528623524,0.14761334528623524,0.14761334528623524
110,30s,MN,2mM 2DG_1h_yes_A_MN_6_7_0020,0.1547317190141568,1.4459357709583724,9.344792264772035,2.8819932577468013,[ 9.45216615e-05 -1.19264165e-04],[-0.00011926  0.00016676],0.44593577095837245,0.0045743143743912865,0.9850846187045464,0.02528827555128739,1.0837535545247428,0.9272692342789988,1.7939357021369262e-17,0.1547317190141568,0.1547317190141568,0.1547317190141568,0.1547317190141568
110,30s,MN,2mM 2DG_1h_yes_A_MN_6_8_0003,0.1359723165087082,1.6079194676968425,11.825344371432143,4.470906161681146,[ 4.67845854e-05 -1.00592166e-04],[-0.00010059  0.00023316],0.6079194676968425,0.004381127287524891,0.9917680526056962,0.03313937058508754,1.1023168074260465,0.9543813959920543,2.58179468224897e-20,0.1359723165087082,0.1359723165087082,0.1359723165087082,0.1359723165087082
110,30s,MN,2mM 2DG_1h_yes_A_MN_6_8_0004,0.18903176100793798,1.3603554679384908,7.196438633830247,1.9063223344957279,[ 1.23492628e-04 -8.73897125e-05],[-8.73897125e-05  7.29437118e-05],0.3603554679384908,0.003771392608509595,0.9832932016543653,0.020978435378981662,1.083383866370109,0.8912451888514119,5.105216571293683e-15,0.18903176100793798,0.18903176100793798,0.18903176100793798,0.18903176100793798
110,30s,MN,2mM 2DG_1h_yes_A_MN_6_8_0006,0.1725356030313534,1.3296968699975824,7.7067970125328165,1.9108918055461832,[ 0.00024935 -0.00019127],[-0.00019127  0.00016763],0.3296968699975824,0.007000203302819715,0.9592358150500859,0.018238587334859564,1.0774534807278475,0.9365500569549283,2.641072761218213e-18,0.1725356030313534,0.1725356030313534,0.1725356030313534,0.1725356030313534
110,30s,MN,2mM 2DG_1h_yes_A_MN_6_8_0018,0.16120846381359605,1.4746998281527353,9.147781656538319,2.944633407719998,[ 0.00013412 -0.00016748],[-0.00016748  0.00023425],0.47469982815273526,0.007589054091109566,0.9786116210770976,0.026702493291468496,1.0972735566138254,0.9281239268562824,1.519663979591165e-17,0.16120846381359605,0.16120846381359605,0.16120846381359605,0.16120846381359605
110,30s,MN,2mM 2DG_1h_yes_A_MN_6_8_0020,0.2647297460076371,1.1713731331906223,4.424788490360391,0.6473512545344202,[ 0.00068746 -0.0001187 ],[-1.18704159e-04  2.89892711e-05],0.1713731331906223,0.0038771675299591074,0.9306379162163526,0.009627370273268253,1.0571558735569306,0.8224560902482221,5.059809961889576e-12,0.2647297460076371,0.2647297460076371,0.2647297460076371,0.2647297460076371
110,30s,MN,2mM 2DG_1h_yes_A_MN_6_8_0022,0.1384570783638826,1.4064418718371479,10.157962947483565,2.9355080768710686,[ 0.0001962  -0.00027352],[-0.00027352  0.00041245],0.40644187183714786,0.008148110549543964,0.9666488237413654,0.022304811028098726,1.0694650508913024,0.9329490795205329,5.730426829315863e-18,0.1384570783638826,0.1384570783638826,0.1384570783638826,0.1384570783638826
110,30s,MN,0mM 2DG_1h_yes_A_MN_8_1_0004,0.2399568147525198,1.268589602398996,5.286741298459725,1.1193247529811008,[ 1.93088800e-04 -6.38970946e-05],[-6.38970946e-05  2.80366780e-05],0.268589602398996,0.002857356244182756,0.9778554759716416,0.01515394120873359,1.0826548893184458,0.8471832427357064,6.113830333966393e-13,0.2399568147525198,0.2399568147525198,0.2399568147525198,0.2399568147525198
110,30s,MN,0mM 2DG_1h_yes_A_MN_8_1_0006,0.21545605835599757,1.4705592403843804,6.825332513762869,2.1840148936860078,[ 5.24376625e-05 -3.76760440e-05],[-3.76760440e-05  3.38224695e-05],0.47055924038438035,0.002380246812607188,0.9935438535836079,0.02721489450389216,1.1263638442747606,0.8695948793629664,6.5584989407469e-14,0.21545605835599757,0.21545605835599757,0.21545605835599757,0.21545605835599757
110,30s,MN,0mM 2DG_1h_yes_A_MN_8_2_0005,0.2660644877471837,1.416484244740099,5.323838054201551,1.5653507473565773,[ 9.76820294e-05 -4.05660990e-05],[-4.05660990e-05  2.39119833e-05],0.41648424474009893,0.0027999173877244136,0.9906030521664867,0.023644301889102246,1.1355098866438158,0.8056535756916294,1.811559038172306e-11,0.2660644877471837,0.2660644877471837,0.2660644877471837,0.2660644877471837
110,30s,MN,0mM 2DG_1h_yes_A_MN_8_2_0006,0.33350935989807917,1.3549626783902717,4.062742583309655,1.064325986229438,[ 2.59534024e-04 -5.68679675e-05],[-5.68679675e-05  2.13359935e-05],0.35496267839027174,0.003972297895773757,0.9821067651014105,0.019158295605272095,1.138812886502594,0.7211073436673485,2.9933867757262633e-09,0.33350935989807917,0.33350935989807917,0.33350935989807917,0.33350935989807917
110,30s,MN,0mM 2DG_1h_yes_A_MN_8_2_0009,0.2534388975438398,1.294786287413612,5.1088696327273135,1.1631453982418778,[ 1.29972193e-04 -4.22332270e-05],[-4.22332270e-05  1.88378706e-05],0.294786287413612,0.002103623457074204,0.9861335702021459,0.016615069913883222,1.0942975640646835,0.8327262970968405,2.1845214508859392e-12,0.2534388975438398,0.2534388975438398,0.2534388975438398,0.2534388975438398
110,30s,MN,0mM 2DG_1h_yes_A_MN_8_2_0011,0.27434541215301944,1.2738448022970312,4.643215252991105,0.9981752570525619,[ 1.73049928e-04 -4.43320003e-05],[-4.43320003e-05  1.64848253e-05],0.27384480229703123,0.002274113358185457,0.9827515564687855,0.015158109107232429,1.0948203005237962,0.8241457692215122,4.421626762651558e-12,0.27434541215301944,0.27434541215301944,0.27434541215301944,0.27434541215301944
110,30s,MN,0mM 2DG_1h_yes_A_MN_8_3_0002,0.5618204508323593,1.2143999181961669,2.1615445226263748,0.3816164361381379,[ 2.21080134e-03 -9.29273995e-05],[-9.29273995e-05  1.18540451e-05],0.21439991819616688,0.004539013544628535,0.9407759958688154,0.007876024159605078,1.1277626754604826,0.38388957806203683,0.00026105582406371944,0.5618204508323593,0.5618204508323593,0.5618204508323593,0.5618204508323593
110,30s,MN,0mM 2DG_1h_yes_A_MN_8_3_0004,0.16822595276327024,1.5313385478388843,9.102867439210192,3.1584814299526713,[ 0.0002436  -0.00031534],[-0.00031534  0.00046277],0.5313385478388843,0.015630459443510034,0.9622119121080291,0.030048965160506834,1.1144958587396216,0.9217726247956916,4.988550015482713e-17,0.16822595276327024,0.16822595276327024,0.16822595276327024,0.16822595276327024
110,30s,MN,0mM 2DG_1h_yes_A_MN_8_3_0006,0.22231932144095753,1.3663250524561523,6.145777360241783,1.6477427606463755,[ 1.07661646e-04 -5.66108669e-05],[-5.66108669e-05  3.77969911e-05],0.3663250524561523,0.003046521125027794,0.9875223608156626,0.02127834649349523,1.1001050797053096,0.8465980755469822,6.451928145601513e-13,0.22231932144095753,0.22231932144095753,0.22231932144095753,0.22231932144095753
110,30s,MN,0mM 2DG_1h_yes_A_MN_8_3_0008,0.18786910271333118,1.330552673390584,7.082339001857425,1.759483963123905,[ 5.97874822e-05 -3.92629461e-05],[-3.92629461e-05  3.03417591e-05],0.3305526733905839,0.001596841310122814,0.9919858352790886,0.01919725256605081,1.0758670619840207,0.8761508848717724,3.174468496190175e-14,0.18786910271333118,0.18786910271333118,0.18786910271333118,0.18786910271333118
110,30s,MN,0mM 2DG_1h_yes_A_MN_8_3_0009,0.2349159171932672,1.332593771243783,5.6726414589755,1.4157992153854582,[ 1.12880502e-04 -4.82787817e-05],[-4.82787817e-05  2.70352366e-05],0.332593771243783,0.0025703592834745936,0.9869844521136993,0.019030229350493325,1.0983204703867924,0.8582072685472104,2.130500649212933e-13,0.2349159171932672,0.2349159171932672,0.2349159171932672,0.2349159171932672
110,30s,MN,0mM 2DG_1h_yes_A_MN_8_3_0012,0.8419173311113752,1.253547172133558,1.4889195480496995,0.3011544753436331,[ 0.02115393 -0.00043737],[-4.37367418e-04  4.38434294e-05],0.25354717213355804,0.020520382111507692,0.7851705398264714,0.008901067977844419,1.1645935460131043,0.3784142166844729,0.0002973070326956153,0.8419173311113752,0.8419173311113752,0.0,0.0
110,30s,MN,0mM 2DG_1h_yes_A_MN_8_3_0014,0.17223854262851357,1.6367615580939416,9.502876261697889,3.696974837201901,[ 5.26438372e-05 -7.82375790e-05],[-7.82375790e-05  1.32772231e-04],0.6367615580939416,0.004389159252434504,0.9924338179781769,0.036970849276223634,1.131359519960593,0.9065059010531973,6.0995299534568115e-16,0.17223854262851357,0.17223854262851357,0.17223854262851357,0.17223854262851357
110,30s,MN,0mM 2DG_1h_yes_A_MN_8_4_0005,0.22555651011736014,1.3161205823566793,5.834992666236429,1.4015138919829777,[ 9.83191245e-05 -4.33520740e-05],[-4.33520740e-05  2.44605941e-05],0.3161205823566793,0.0020403627882123344,0.9882622835097723,0.01803765005073521,1.0905711406988734,0.8518569577736349,3.9477888512813186e-13,0.22555651011736014,0.22555651011736014,0.22555651011736014,0.22555651011736014
110,30s,MN,0mM 2DG_1h_yes_A_MN_8_4_0008,0.3964449684118872,1.1645873087175966,2.937576212362586,0.415158021495176,[ 0.00166107 -0.00011568],[-1.15680601e-04  1.64285434e-05],0.16458730871759664,0.00448671445049924,0.9128979177785497,0.007607352673406596,1.07913026112258,0.5501308094046634,2.730808829864421e-06,0.3964449684118872,0.3964449684118872,0.3964449684118872,0.3964449684118872
110,30s,MN,0mM 2DG_1h_yes_A_MN_8_4_0009,0.43039323363828114,1.1923131940886662,2.770287962033185,0.4468313603886569,[ 1.31547580e-03 -8.93055754e-05],[-8.93055754e-05  1.35276926e-05],0.1923131940886662,0.0040238564444268245,0.9440818139532368,0.008697385768687187,1.0955083051099956,0.504341156086097,1.1025665752274056e-05,0.43039323363828114,0.43039323363828114,0.43039323363828114,0.43039323363828114
110,30s,MN,0mM 2DG_1h_yes_A_MN_8_4_0015,0.42814707649177675,1.1923211807540655,2.784840178108669,0.4491941935699736,[ 0.0019617  -0.00013473],[-1.34729927e-04  2.05263971e-05],0.19232118075406546,0.006205145882956514,0.895817126858196,0.00852955894529701,1.0985235629096097,0.5993980375756399,5.180725206399617e-07,0.42814707649177675,0.42814707649177675,0.42814707649177675,0.42814707649177675
110,30s,MN,0mM 2DG_1h_yes_A_MN_8_5_0008,24.323157039610084,1.0103864847436579,0.04154010448143104,0.0004270204203649868,[ 4.35771062e+12 -4.05052313e+03],[-4.05052313e+03  1.09185819e-04],0.010386484743657887,0.08472490931812977,0.005201487647165659,-0.00948808184873836,1.0782418271697525,0.5878268012099013,7.786198705487407e-07,0.0,0.0,0.0,0.0
110,30s,MN,0mM 2DG_1h_yes_A_MN_8_5_0010,0.5223911297357119,1.157275018337976,2.2153420157104593,0.3010675514676994,[ 0.00321481 -0.00011635],[-1.16347051e-04  1.17343472e-05],0.15727501833797608,0.004470209069756761,0.8949265887555349,0.006325038501709323,1.088938803700662,0.4718652164122071,2.7606561638526745e-05,0.5223911297357119,0.5223911297357119,0.5223911297357119,0.5223911297357119
110,30s,MN,0mM 2DG_1h_yes_A_MN_8_5_0012,0.2390871681533423,1.146788596226846,4.7965292536792905,0.6139543052879395,[ 0.00127897 -0.00023301],[-2.33009313e-04  5.61637355e-05],0.14678859622684604,0.00616855722101797,0.8309388220839927,0.007828645422797277,1.0501491749050795,0.8693928126276792,6.702937644780238e-14,0.2390871681533423,0.2390871681533423,0.2390871681533423,0.2390871681533423
110,30s,MN,0mM 2DG_1h_yes_A_MN_8_5_0013,0.1970767341334601,1.4545212570509296,7.380481838439284,2.306316161821153,[ 6.88639600e-05 -5.67939813e-05],[-5.67939813e-05  5.61805528e-05],0.4545212570509296,0.0032089239333410245,0.9903907930558161,0.02597219578605347,1.1150793047288399,0.9059186590536169,6.660350285684066e-16,0.1970767341334601,0.1970767341334601,0.1970767341334601,0.1970767341334601
110,30s,MN,0mM 2DG_1h_yes_A_MN_8_5_0015,0.19640354577218752,1.3756729178096898,7.004318136930994,1.9127603645477995,[ 9.66036168e-05 -6.62819048e-05],[-6.62819048e-05  5.44690447e-05],0.3756729178096898,0.0030680441352389956,0.9877084067114575,0.02205741549859325,1.0886664093131007,0.870413765602905,6.002256126603673e-14,0.19640354577218752,0.19640354577218752,0.19640354577218752,0.19640354577218752
110,30s,MN,0mM 2DG_1h_yes_A_MN_8_5_0016,0.2352661115657025,1.2155171924126553,5.166563022287208,0.9160571022251459,[ 0.00103356 -0.00028559],[-0.00028559  0.00010341],0.21551719241265532,0.010474024197431644,0.8708884009707495,0.011525365541780193,1.0716157271512112,0.813347054816155,1.0246343188341572e-11,0.2352661115657025,0.2352661115657025,0.2352661115657025,0.2352661115657025
110,30s,MN,0mM 2DG_1h_yes_A_MN_8_5_0017,0.17063198091627957,1.4270223716106727,8.363158910467318,2.5025928276610165,[ 0.00012173 -0.00012342],[-0.00012342  0.00014247],0.4270223716106727,0.00541146046434395,0.9810634123000782,0.024094720767193146,1.0939443202253143,0.9239251359135277,3.371769997885039e-17,0.17063198091627957,0.17063198091627957,0.17063198091627957,0.17063198091627957
110,30s,MN,0mM 2DG_1h_yes_A_MN_8_5_0018,0.19229799991995725,1.4489109703589473,7.534716798729299,2.3344547033552274,[ 7.1349299e-05 -6.0894908e-05],[-6.08949080e-05  6.17150701e-05],0.44891097035894734,0.0032531816464868328,0.9899153922783044,0.025655352159849,1.110574890307979,0.9053614432024844,7.236449495713718e-16,0.19229799991995725,0.19229799991995725,0.19229799991995725,0.19229799991995725
110,30s,MN,0mM 2DG_1h_yes_A_MN_8_6_0009,0.20907990443720006,1.4400217525082275,6.887423047109519,2.10456262495755,[ 1.18033654e-04 -8.40939826e-05],[-8.40939826e-05  7.37758688e-05],0.4400217525082275,0.004882695850600672,0.9842054801179073,0.024996114058988474,1.1195421230862355,0.8919000990696543,4.689664944347533e-15,0.20907990443720006,0.20907990443720006,0.20907990443720006,0.20907990443720006
110,30s,MN,0mM 2DG_1h_yes_A_MN_8_6_0011,0.22704387376473764,1.42199411720981,6.2630807589341835,1.8586456891018317,[ 1.25794721e-04 -7.30817786e-05],[-7.30817786e-05  5.45256965e-05],0.42199411720981006,0.0045546386192001085,0.9847216000115068,0.024031008721000762,1.12250358406494,0.8681336675740733,7.67171042602326e-14,0.22704387376473764,0.22704387376473764,0.22704387376473764,0.22704387376473764
110,30s,MN,0mM 2DG_1h_yes_A_MN_8_6_0013,0.17526680360209276,1.5816402501225624,9.024186084395943,3.3185990625073356,[ 0.00010974 -0.00014429],[-0.00014429  0.00021785],0.5816402501225624,0.007848063872751061,0.9837814530243838,0.03333544905288095,1.1274558564140846,0.9136526087290553,1.9962938987559475e-16,0.17526680360209276,0.17526680360209276,0.17526680360209276,0.17526680360209276
110,30s,MN,0mM 2DG_1h_yes_A_MN_8_6_0014,0.4507290981239545,1.103033007050763,2.447219431010463,0.22859186921725658,[ 0.00594828 -0.00019537],[-1.95367333e-04  1.50809560e-05],0.10303300705076301,0.005079404757766453,0.7668234845463765,0.004011325275103359,1.057403934281139,0.38020750632674105,0.0002849431165740895,0.4507290981239545,0.4507290981239545,0.0,0.0
110,30s,MN,0mM 2DG_1h_yes_A_MN_8_6_0015,2.372284738654636,1.0114426372340737,0.42635802555796076,0.0048234670348058645,[ 1.90682364e+02 -2.00824365e-02],[-2.00824365e-02  3.02490657e-05],0.011442637234073683,0.02199717232339847,0.03963865154532076,-0.002244183240473271,1.0258927847121826,0.1222334957917661,0.05824719910203932,,,,
110,30s,MN,0mM 2DG_1h_yes_A_MN_8_6_0017,0.4601360627579079,1.2365476622885563,2.6873522037744366,0.5140819888594811,[ 6.26704405e-04 -4.51477879e-05],[-4.51477879e-05  7.82593542e-06],0.23654766228855628,0.002475009762012061,0.9714445585275616,0.010707696606631251,1.121219139683737,0.624853923457025,2.0280592651253087e-07,0.4601360627579079,0.4601360627579079,0.4601360627579079,0.4601360627579079
110,30s,MN,0mM 2DG_1h_yes_A_MN_8_6_0018,0.15069176918262409,1.4927630945186143,9.906069207466318,3.2700066977210436,[ 0.00012788 -0.00018677],[-0.00018677  0.0003004 ],0.49276309451861433,0.007690957496738921,0.9783555405238193,0.02727951766895348,1.095221190092097,0.9454326931699709,3.1834084056174423e-19,0.15069176918262409,0.15069176918262409,0.15069176918262409,0.15069176918262409
110,30s,MN,0mM 2DG_1h_yes_A_MN_8_7_0003,0.18401918967137576,1.355569622155957,7.366457947004079,1.9322420818771053,[ 0.00016474 -0.00012098],[-0.00012098  0.00010375],0.355569622155957,0.00499266880614891,0.9753051000659283,0.02009607604558926,1.0857272726792955,0.9189657991879683,8.183207200461406e-17,0.18401918967137576,0.18401918967137576,0.18401918967137576,0.18401918967137576
110,30s,MN,0mM 2DG_1h_yes_A_MN_8_7_0004,0.15391176273468143,1.3342989959955367,8.669246406433851,2.172017200347534,[ 0.00020853 -0.0001991 ],[-0.0001991   0.00021039],0.3342989959955367,0.006142152335434031,0.9680554343211976,0.01901350661234081,1.0616002597365413,0.9049594796291422,7.68041574955521e-16,0.15391176273468143,0.15391176273468143,0.15391176273468143,0.15391176273468143
110,30s,MN,0mM 2DG_1h_yes_A_MN_8_7_0005,0.2272523676278672,1.4600292640557913,6.424704302516374,2.0243101044786624,[ 1.57756713e-04 -9.97285963e-05],[-9.97285963e-05  8.10058425e-05],0.46002926405579125,0.006363051592589505,0.9808652103895462,0.026256036953975055,1.1332988083317328,0.871588887709519,5.2802661464836024e-14,0.2272523676278672,0.2272523676278672,0.2272523676278672,0.2272523676278672
110,30s,MN,0mM 2DG_1h_yes_A_MN_8_7_0006,0.20778589618971366,1.3129486548834446,6.318757331270887,1.5061111491307126,[ 0.00071561 -0.00036701],[-0.00036701  0.0002311 ],0.3129486548834446,0.016105866735270636,0.9085783376319483,0.017766097962536073,1.0850288959812249,0.8467321588145775,6.372957484891948e-13,0.20778589618971366,0.20778589618971366,0.20778589618971366,0.20778589618971366
110,30s,MN,0mM 2DG_1h_yes_A_MN_8_7_0008,0.22348267731294574,1.3272570953064222,5.938970801964425,1.4643510595148266,[ 1.39856788e-04 -6.50211538e-05],[-6.50211538e-05  3.84901543e-05],0.3272570953064222,0.003150910642880621,0.9831816791247242,0.01866979220170267,1.0930967771715188,0.851052511515716,4.260596317100027e-13,0.22348267731294574,0.22348267731294574,0.22348267731294574,0.22348267731294574
110,30s,MN,0mM 2DG_1h_yes_A_MN_8_7_0009,0.1852998009644042,1.4327946999008168,7.732305660576799,2.335645789408894,[ 8.20061270e-05 -7.23572427e-05],[-7.23572427e-05  7.47423841e-05],0.43279469990081676,0.0035165665418141977,0.988482763079156,0.024936048945328835,1.10009777424921,0.8976009057885243,2.1900347701477763e-15,0.1852998009644042,0.1852998009644042,0.1852998009644042,0.1852998009644042
110,30s,MN,0mM 2DG_1h_yes_A_MN_8_7_0010,0.286384266820038,1.3334330123246287,4.656097302868071,1.164285370935394,[ 3.00574435e-04 -8.56766257e-05],[-8.56766257e-05  3.66380500e-05],0.33343301232462874,0.005302392671525322,0.9717234219275529,0.018177541111788088,1.12064791407446,0.7981698061945305,3.0878115716892846e-11,0.286384266820038,0.286384266820038,0.286384266820038,0.286384266820038
110,30s,MN,0mM 2DG_1h_yes_A_MN_8_8_0006,0.2360339939174423,1.327319160956344,5.6234237235362,1.3867458475952854,[ 0.00043519 -0.00018144],[-1.81437937e-04  9.93163375e-05],0.32731916095634395,0.00906482542625492,0.9521027318376887,0.01886085059880309,1.0960820515118077,0.8345541538182873,1.8711642084498e-12,0.2360339939174423,0.2360339939174423,0.2360339939174423,0.2360339939174423
110,30s,MN,0mM 2DG_1h_yes_A_MN_8_8_0008,0.20769469968653365,1.1921170899308795,5.739756920759654,0.9249975575728948,[ 0.00066562 -0.00020974],[-2.09742269e-04  8.11302223e-05],0.1921170899308795,0.006020811234521349,0.9110734805956778,0.010604828247015445,1.0547347986782192,0.8369214582973468,1.5272768498261446e-12,0.20769469968653365,0.20769469968653365,0.20769469968653365,0.20769469968653365
110,30s,MN,0mM 2DG_1h_yes_A_MN_8_8_0009,0.18824740592831793,1.5471307834791734,8.218603469459229,2.9064452749352276,[ 3.11170742e-05 -3.36960029e-05],[-3.36960029e-05  4.29709920e-05],0.5471307834791734,0.0021611215511515586,0.9956476918111344,0.03151017693048821,1.1289811337939155,0.8999190232294901,1.5874777937333232e-15,0.18824740592831793,0.18824740592831793,0.18824740592831793,0.18824740592831793
110,30s,MN,0mM 2DG_1h_yes_A_MN_8_8_0015,0.4095011305011778,1.2174389147171252,2.9729805952602213,0.5309848948426769,[ 0.00695834 -0.0005961 ],[-0.0005961   0.00010785],0.21743891471712518,0.030590937910386588,0.8022627226691353,0.010488333517010518,1.097768074074902,0.34629771041915197,0.0006250757300039499,0.4095011305011778,0.4095011305011778,0.4095011305011778,0.4095011305011778
110,30s,MN,0mM 2DG_1h_yes_A_MN_8_8_0017,0.2012351337179523,1.35164539405909,6.716746569480919,1.747435388454335,[ 1.09642830e-04 -6.72158609e-05],[-6.72158609e-05  4.98673143e-05],0.35164539405909,0.003120538425033955,0.9853273099349603,0.02018060381454766,1.08997922681734,0.8874864996988414,8.230961796357591e-15,0.2012351337179523,0.2012351337179523,0.2012351337179523,0.2012351337179523
110,30s,MN,0mM 2DG_1h_yes_A_MN_8_8_0018,0.1998628918567953,1.4976219754864828,7.493246803211228,2.4898167481887348,[ 6.77248657e-05 -5.95303583e-05],[-5.95303583e-05  6.31382104e-05],0.4976219754864828,0.0037816613694543755,0.9909382399349155,0.02858643272899155,1.1259423616940563,0.8853568279199665,1.0713802265978506e-14,0.1998628918567953,0.1998628918567953,0.1998628918567953,0.1998628918567953
