image_name,cell_id,cell_area_px,nucleus_area_px,bright_area_px,nucleus_fraction,threshold_used,nucleus_circularity,whole_cell_mean,whole_cell_median,whole_cell_integrated,bright_mean,bright_median,bright_integrated,nucleus_mean,nucleus_median,nucleus_integrated,used_whole_cell_fallback,ADP_image_name,ADP_whole_cell_mean,ADP_whole_cell_median,ADP_whole_cell_integrated,ADP_bright_mean,ADP_bright_median,ADP_bright_integrated,ADP_nucleus_mean,ADP_nucleus_median,ADP_nucleus_integrated,whole_cell_SN,bright_SN,nucleus_SN,whole_cell_median_SN,bright_median_SN,nucleus_median_SN,ADP_whole_cell_SN,ADP_bright_SN,ADP_nucleus_SN,ADP_whole_cell_median_SN,ADP_bright_median_SN,ADP_nucleus_median_SN,treatment,treat_time,pyruvate,cell_type,whole_cell_SN_ratio_488_405,whole_cell_median_SN_ratio_488_405,bright_SN_ratio_488_405,bright_median_SN_ratio_488_405,nucleus_SN_ratio_488_405,nucleus_median_SN_ratio_488_405
vLH92_MN_60x-1xzoom_0000_XY01_488.tif,1,1818,561,1257,0.3085808580858086,231.65193939208984,0.5573326575017392,234.2623748779297,231.0,425889.0,242.69610595703125,240.0,305069.0,215.36541748046875,215.0,120820.0,False,vLH92_MN_60x-1xzoom_0000_XY01_Dapi-ex_Green-em.tif,307.910888671875,302.5,559782.0,322.2999267578125,318.0,405131.0,275.67022705078125,275.0,154651.0,88.4767748779297,96.91050595703126,69.57981748046876,85.21440000000001,94.21440000000001,69.21440000000001,162.330088671875,176.7191267578125,130.08942705078124,156.9192,172.4192,129.4192,50mM 2DG,1h,yes,MN,0.5450423615351541,0.5430463576158941,0.548387193480442,0.5464263840685957,0.5348614338451029,0.5348078183144388
vLH92_MN_60x-1xzoom_0000_XY01_488.tif,2,3293,1642,1651,0.49863346492559973,306.9318542480469,0.6026537058268403,337.1065979003906,311.0,1110092.0,399.5039367675781,410.0,659581.0,274.36724853515625,272.0,450511.0,False,vLH92_MN_60x-1xzoom_0000_XY01_Dapi-ex_Green-em.tif,278.2149963378906,255.0,916162.0,323.4258117675781,316.0,533976.0,232.7563934326172,232.0,382186.0,191.32099790039064,253.71833676757814,128.58164853515626,165.2144,264.2144,126.21440000000001,132.63419633789061,177.84501176757811,87.17559343261718,109.41919999999999,170.4192,86.41919999999999,50mM 2DG,1h,yes,MN,1.4424711211955714,1.509921476303976,1.4266261068888302,1.5503792999849784,1.4749730225185573,1.4604902614233877
vLH92_MN_60x-1xzoom_0000_XY01_488.tif,3,2360,1254,1106,0.5313559322033898,238.0106658935547,0.6702043971688673,252.28347778320312,242.0,595389.0,275.9792175292969,265.0,305233.0,231.38436889648438,231.0,290156.0,False,vLH92_MN_60x-1xzoom_0000_XY01_Dapi-ex_Green-em.tif,226.66017150878906,222.0,534918.0,241.3236846923828,238.0,266904.0,213.72727966308594,214.0,268014.0,106.49787778320314,130.1936175292969,85.59876889648439,96.21440000000001,119.21440000000001,85.21440000000001,81.07937150878905,95.7428846923828,68.14647966308593,76.41919999999999,92.41919999999999,68.41919999999999,50mM 2DG,1h,yes,MN,1.3135015208111067,1.2590343787948581,1.359825515468879,1.2899310965686785,1.2560996447605517,1.2454749543987655
vLH92_MN_60x-1xzoom_0000_XY01_488.tif,4,1165,683,483,0.5862660944206008,201.5622100830078,0.3386360757471182,209.43434143066406,203.0,243991.0,228.36439514160156,216.0,110300.0,196.00146484375,195.0,133869.0,False,vLH92_MN_60x-1xzoom_0000_XY01_Dapi-ex_Green-em.tif,266.7879943847656,256.0,310808.0,304.44927978515625,287.0,147049.0,240.06002807617188,242.0,163961.0,63.648741430664074,82.57879514160157,50.21586484375001,57.21440000000001,70.21440000000001,49.21440000000001,121.20719438476561,158.86847978515624,94.47922807617186,110.41919999999999,141.4192,96.41919999999999,50mM 2DG,1h,yes,MN,0.5251234611422043,0.5181562626789545,0.5197934496086067,0.49649835383031454,0.5315016418557584,0.5104211609306032
vLH92_MN_60x-1xzoom_0000_XY01_488.tif,5,1695,767,928,0.45250737463126844,243.30931091308594,0.4439919812191338,247.579345703125,242.0,419647.0,268.9547424316406,260.0,249590.0,221.7170867919922,220.0,170057.0,False,vLH92_MN_60x-1xzoom_0000_XY01_Dapi-ex_Green-em.tif,231.09144592285156,227.0,391700.0,249.1099090576172,244.0,231174.0,209.29074096679688,208.0,160526.0,101.79374570312501,123.16914243164064,75.9314867919922,96.21440000000001,114.21440000000001,74.21440000000001,85.51064592285155,103.52910905761718,63.709940966796864,81.41919999999999,98.41919999999999,62.41919999999999,50mM 2DG,1h,yes,MN,1.1904219013263473,1.1817163519169929,1.189705422492269,1.1604890102744183,1.1918310649756327,1.1889674971803552
vLH92_MN_60x-1xzoom_0000_XY01_488.tif,6,3227,1526,1701,0.47288503253796094,233.5496063232422,0.8334904956652014,241.13914489746094,235.0,778156.0,263.46795654296875,264.0,448159.0,216.2496795654297,216.0,329997.0,False,vLH92_MN_60x-1xzoom_0000_XY01_Dapi-ex_Green-em.tif,231.4087371826172,224.0,746756.0,251.79248046875,247.0,428299.0,208.6874237060547,208.0,318457.0,95.35354489746095,117.68235654296876,70.4640795654297,89.21440000000001,118.21440000000001,70.21440000000001,85.82793718261718,106.21168046874999,63.10662370605468,78.41919999999999,101.41919999999999,62.41919999999999,50mM 2DG,1h,yes,MN,1.1109849313350735,1.1376601648575861,1.1079982542748086,1.1656017795447018,1.116587695986485,1.1248846508766537
vLH92_MN_60x-1xzoom_0000_XY01_488.tif,7,2384,1540,844,0.6459731543624161,211.74962615966797,0.34181234467738475,212.45596313476562,211.0,506495.0,222.88507080078125,222.0,188115.0,206.74026489257812,206.0,318380.0,False,vLH92_MN_60x-1xzoom_0000_XY01_Dapi-ex_Green-em.tif,262.6094665527344,263.0,626061.0,281.65283203125,281.0,237715.0,252.1727294921875,253.0,388346.0,66.67036313476564,77.09947080078126,60.95466489257814,65.21440000000001,76.21440000000001,60.21440000000001,117.02866655273436,136.07203203125,106.59192949218749,117.41919999999999,135.4192,107.41919999999999,50mM 2DG,1h,yes,MN,0.5696925813020629,0.5553980950304551,0.5666077712654043,0.5628035020144855,0.5718506568271262,0.5605552824820891
vLH92_MN_60x-1xzoom_0000_XY01_488.tif,8,1223,884,339,0.7228127555192151,203.27810668945312,0.38036998597647986,207.77186584472656,204.0,254105.0,223.75811767578125,221.0,75854.0,201.6414031982422,200.0,178251.0,False,vLH92_MN_60x-1xzoom_0000_XY01_Dapi-ex_Green-em.tif,254.7571563720703,249.0,311568.0,279.6371765136719,276.0,94797.0,245.216064453125,240.0,216771.0,61.986265844726574,77.97251767578126,55.8558031982422,58.21440000000001,75.21440000000001,54.21440000000001,109.1763563720703,134.05637651367186,99.63526445312499,103.41919999999999,130.4192,94.41919999999999,50mM 2DG,1h,yes,MN,0.5677627272472707,0.5628974116991817,0.5816397526441359,0.5767126312690157,0.5606027494865581,0.5741883006846067
vLH92_MN_60x-1xzoom_0000_XY01_488.tif,9,1102,641,461,0.5816696914700544,224.86422729492188,0.5963013860549248,226.69873046875,225.0,249822.0,239.7982635498047,237.0,110547.0,217.27769470214844,216.0,139275.0,False,vLH92_MN_60x-1xzoom_0000_XY01_Dapi-ex_Green-em.tif,346.5399169921875,323.0,381887.0,414.8503112792969,392.0,191246.0,297.411865234375,299.0,190641.0,80.91313046875001,94.0126635498047,71.49209470214845,79.21440000000001,91.21440000000001,70.21440000000001,200.9591169921875,269.26951127929686,151.831065234375,177.4192,246.4192,153.4192,50mM 2DG,1h,yes,MN,0.4026347830334844,0.44648155329299205,0.3491396523251052,0.3701594680933954,0.47086605492617223,0.457663708323339
vLH92_MN_60x-1xzoom_0000_XY01_488.tif,10,1369,760,610,0.5551497443389335,210.4268341064453,0.3072388829666777,213.6544952392578,211.0,292493.0,228.580322265625,227.0,139434.0,201.63421630859375,200.0,153242.0,False,vLH92_MN_60x-1xzoom_0000_XY01_Dapi-ex_Green-em.tif,314.4638366699219,305.0,430501.0,344.4934387207031,325.0,210141.0,290.226318359375,289.0,220572.0,67.86889523925782,82.79472226562501,55.84861630859376,65.21440000000001,81.21440000000001,54.21440000000001,168.88303666992186,198.91263872070311,144.645518359375,159.4192,179.4192,143.4192,50mM 2DG,1h,yes,MN,0.4018692260484756,0.4090749420396039,0.4162366091874061,0.4526516671571382,0.38610678672972526,0.3780135435143971
vLH92_MN_60x-1xzoom_0000_XY01_488.tif,11,871,545,327,0.6257175660160735,209.7313232421875,0.21058692853739078,209.39035034179688,208.0,182379.0,219.761474609375,219.0,71862.0,203.12109375,202.0,110701.0,False,vLH92_MN_60x-1xzoom_0000_XY01_Dapi-ex_Green-em.tif,300.1366271972656,302.0,261419.0,317.7247619628906,317.0,103896.0,289.4256896972656,290.0,157737.0,63.60475034179689,73.97587460937501,57.33549375000001,62.21440000000001,73.21440000000001,56.21440000000001,154.55582719726561,172.14396196289061,143.84488969726561,156.4192,171.4192,144.4192,50mM 2DG,1h,yes,MN,0.4115325283764013,0.39774145373458,0.42973261313296673,0.42710734853505333,0.39859249689486825,0.3892446433715186
vLH92_MN_60x-1xzoom_0000_XY01_488.tif,12,865,480,394,0.5549132947976878,185.30764770507812,0.44282274174214437,186.93063354492188,186.0,161695.0,197.2030487060547,195.0,77698.0,178.1687469482422,178.0,85521.0,False,vLH92_MN_60x-1xzoom_0000_XY01_Dapi-ex_Green-em.tif,297.6150207519531,291.0,257437.0,321.5355224609375,314.0,126685.0,276.45001220703125,274.5,132696.0,41.14503354492189,51.4174487060547,32.3831469482422,40.21440000000001,49.21440000000001,32.21440000000001,152.03422075195311,175.9547224609375,130.86921220703124,145.4192,168.4192,128.9192,50mM 2DG,1h,yes,MN,0.2706300814475896,0.2765411995114814,0.2922197710122247,0.29221371435085797,0.24744664082651477,0.24988054533382162
vLH92_MN_60x-1xzoom_0000_XY02_488.tif,1,778,475,306,0.6105398457583547,184.90216827392578,0.33110422788258503,185.64138793945312,184.0,144429.0,192.66993713378906,192.0,58957.0,181.00631713867188,179.0,85978.0,False,vLH92_MN_60x-1xzoom_0000_XY02_Dapi-ex_Green-em.tif,297.41131591796875,294.5,231386.0,323.46405029296875,319.0,98980.0,280.0568542480469,278.0,133027.0,40.45258793945314,47.481137133789076,35.81751713867189,38.811200000000014,46.811200000000014,33.811200000000014,153.34731591796876,179.40005029296876,135.99285424804688,150.436,174.936,133.936,50mM 2DG,1h,yes,MN,0.26379716982521395,0.25799143821957515,0.2646662420453625,0.26759043307266667,0.26337793508872026,0.2524429578306058
vLH92_MN_60x-1xzoom_0000_XY02_488.tif,2,479,273,206,0.569937369519833,194.64317321777344,0.36345295014115514,203.86639404296875,196.0,97652.0,220.39805603027344,204.0,45402.0,191.39193725585938,191.0,52250.0,False,vLH92_MN_60x-1xzoom_0000_XY02_Dapi-ex_Green-em.tif,245.67015075683594,233.0,117676.0,271.7572937011719,249.0,55982.0,225.9853515625,223.0,61694.0,58.677594042968764,75.20925603027345,46.20313725585939,50.811200000000014,58.811200000000014,45.811200000000014,101.60615075683594,127.69329370117188,81.9213515625,88.936,104.936,78.936,50mM 2DG,1h,yes,MN,0.5775004131727823,0.5713231987046866,0.5889836016469143,0.5604482732332089,0.5639938352409843,0.5803587716631197
vLH92_MN_60x-1xzoom_0000_XY02_488.tif,3,1934,1399,535,0.7233712512926577,217.57621002197266,0.4523670018420407,219.09048461914062,218.0,423721.0,233.4429931640625,229.0,124892.0,213.6018524169922,213.0,298829.0,False,vLH92_MN_60x-1xzoom_0000_XY02_Dapi-ex_Green-em.tif,304.58636474609375,299.0,589070.0,345.18316650390625,322.0,184673.0,289.06146240234375,291.0,404397.0,73.90168461914064,88.25419316406251,68.4130524169922,72.81120000000001,83.81120000000001,67.81120000000001,160.52236474609376,201.11916650390626,144.99746240234376,154.936,177.936,146.936,50mM 2DG,1h,yes,MN,0.46038248150676464,0.4699437186967523,0.4388154281772463,0.4710187932739862,0.4718224118099212,0.4615016061414494
vLH92_MN_60x-1xzoom_0000_XY02_488.tif,4,3178,1529,1649,0.48112020138451855,280.63514709472656,0.6092922402626104,297.5594787597656,286.0,945644.0,330.6422119140625,336.0,545229.0,261.88031005859375,262.0,400415.0,False,vLH92_MN_60x-1xzoom_0000_XY02_Dapi-ex_Green-em.tif,287.07080078125,269.0,912311.0,323.5027160644531,313.0,533456.0,247.77960205078125,248.0,378855.0,152.37067875976564,185.4534119140625,116.69151005859376,140.8112,190.8112,116.81120000000001,143.00680078125,179.43871606445313,103.71560205078126,124.936,168.936,103.936,50mM 2DG,1h,yes,MN,1.0654785501623736,1.1270666581289621,1.0335194989215646,1.1294880901643227,1.1251104727855625,1.1238762315270936
vLH92_MN_60x-1xzoom_0000_XY02_488.tif,5,3292,1579,1713,0.4796476306196841,263.1708679199219,0.8176338448957299,274.7068786621094,266.0,904335.0,313.80560302734375,317.0,537549.0,232.29005432128906,231.0,366786.0,False,vLH92_MN_60x-1xzoom_0000_XY02_Dapi-ex_Green-em.tif,303.3487243652344,285.0,998624.0,357.0934143066406,353.0,611701.0,245.04306030273438,243.0,386923.0,129.5180786621094,168.61680302734376,87.10125432128908,120.81120000000001,171.8112,85.81120000000001,159.28472436523438,213.02941430664063,100.97906030273438,140.936,208.936,98.936,50mM 2DG,1h,yes,MN,0.8131230359863567,0.8572061077368451,0.7915188781612661,0.8223149672627025,0.862567487359857,0.867340502951403
vLH92_MN_60x-1xzoom_0000_XY02_488.tif,6,4733,2360,2377,0.4986266638495669,298.0354309082031,0.3219520997064562,302.8656311035156,300.0,1433463.0,341.68194580078125,344.0,812178.0,263.70550537109375,265.0,622345.0,False,vLH92_MN_60x-1xzoom_0000_XY02_Dapi-ex_Green-em.tif,308.7352600097656,309.0,1461244.0,345.2696533203125,342.0,820706.0,271.8771057128906,269.0,641630.0,157.67683110351564,196.49314580078126,118.51670537109376,154.8112,198.8112,119.81120000000001,164.67126000976563,201.2056533203125,127.81310571289063,164.936,197.936,124.936,50mM 2DG,1h,yes,MN,0.9575248959300172,0.9386137653392832,0.9765786525290664,1.0044216312343384,0.9272656720925038,0.9589805980662099
vLH92_MN_60x-1xzoom_0000_XY02_488.tif,7,413,130,283,0.31476997578692495,244.33433532714844,0.751398806649482,244.38014221191406,244.0,100929.0,249.6925811767578,251.0,70663.0,232.8153839111328,233.0,30266.0,False,vLH92_MN_60x-1xzoom_0000_XY02_Dapi-ex_Green-em.tif,240.03147888183594,240.0,99133.0,244.8268585205078,245.0,69286.0,229.59230041503906,229.0,29847.0,99.19134221191408,104.50378117675783,87.62658391113283,98.81120000000001,105.81120000000001,87.81120000000001,95.96747888183594,100.76285852050782,85.52830041503907,95.936,100.936,84.936,50mM 2DG,1h,yes,MN,1.033593289806515,1.0299699799866577,1.037126007649819,1.048299912816042,1.0245332069725637,1.0338513704436283
vLH92_MN_60x-1xzoom_0000_XY02_488.tif,8,8097,3899,4198,0.4815363714956157,257.7397766113281,0.4909215220377187,261.7752380371094,256.0,2119594.0,290.3146667480469,281.0,1218741.0,231.0471954345703,229.0,900853.0,False,vLH92_MN_60x-1xzoom_0000_XY02_Dapi-ex_Green-em.tif,276.4226379394531,266.0,2238194.0,309.3511047363281,299.0,1298656.0,240.96896362304688,239.0,939538.0,116.58643803710939,145.1258667480469,85.85839543457033,110.81120000000001,135.8112,83.81120000000001,132.35863793945313,165.28710473632813,96.90496362304688,121.936,154.936,94.936,50mM 2DG,1h,yes,MN,0.8808373964262259,0.9087652539036872,0.8780229224751491,0.8765632261062632,0.8860061675328945,0.8828178983736412
vLH92_MN_60x-1xzoom_0000_XY02_488.tif,9,1805,792,1013,0.43878116343490303,371.75421142578125,0.45527715410549907,364.0697937011719,374.0,657146.0,401.5074157714844,404.0,406727.0,316.18560791015625,312.0,250419.0,False,vLH92_MN_60x-1xzoom_0000_XY02_Dapi-ex_Green-em.tif,412.6376647949219,375.0,744811.0,485.43829345703125,422.0,491749.0,319.5227355957031,308.0,253062.0,218.8809937011719,256.31861577148436,170.99680791015626,228.8112,258.8112,166.8112,268.5736647949219,341.3742934570313,175.45873559570313,230.936,277.93600000000004,163.936,50mM 2DG,1h,yes,MN,0.8149756375715599,0.9907991824574774,0.7508433431697373,0.9311899142248573,0.9745699313835923,1.0175385516299045
vLH92_MN_60x-1xzoom_0000_XY02_488.tif,10,2830,1449,1381,0.5120141342756184,214.98992156982422,0.751286665168541,224.82826232910156,218.0,636264.0,248.28892517089844,249.0,342887.0,202.46859741210938,202.0,293377.0,False,vLH92_MN_60x-1xzoom_0000_XY02_Dapi-ex_Green-em.tif,236.01095581054688,226.0,667911.0,263.4750061035156,259.0,363859.0,209.83575439453125,209.0,304052.0,79.63946232910158,103.10012517089845,57.27979741210939,72.81120000000001,103.81120000000001,56.811200000000014,91.94695581054688,119.41100610351563,65.77175439453126,81.936,114.936,64.936,50mM 2DG,1h,yes,MN,0.8661457209436665,0.8886350322202695,0.8634055480742076,0.9032087422565602,0.870887479578499,0.8748798817297032
vLH92_MN_60x-1xzoom_0000_XY02_488.tif,11,1676,1120,556,0.6682577565632458,209.38856506347656,0.6504731612373359,210.91885375976562,209.0,353500.0,222.41726684570312,221.0,123664.0,205.21070861816406,204.0,229836.0,False,vLH92_MN_60x-1xzoom_0000_XY02_Dapi-ex_Green-em.tif,311.6449890136719,295.0,522317.0,380.4136657714844,371.0,211510.0,277.5062561035156,269.5,310807.0,65.73005375976564,77.22846684570314,60.021908618164076,63.811200000000014,75.81120000000001,58.811200000000014,167.58098901367188,236.34966577148438,133.44225610351563,150.936,226.936,125.436,50mM 2DG,1h,yes,MN,0.3922285824104018,0.42276991572587064,0.3267551345740924,0.33406422956251985,0.4497968662310615,0.46885423642335544
vLH92_MN_60x-1xzoom_0000_XY02_488.tif,12,1931,1015,916,0.5256343863283273,183.51344299316406,0.7437772449281844,193.2770538330078,187.0,373218.0,207.9738006591797,204.0,190504.0,180.0137939453125,180.0,182714.0,False,vLH92_MN_60x-1xzoom_0000_XY02_Dapi-ex_Green-em.tif,207.89849853515625,197.0,401452.0,229.5076446533203,220.0,210229.0,188.3970489501953,188.0,191223.0,48.088253833007826,62.7850006591797,34.824993945312514,41.811200000000014,58.811200000000014,34.811200000000014,63.83449853515626,85.44364465332032,44.33304895019532,52.93600000000001,75.936,43.93600000000001,50mM 2DG,1h,yes,MN,0.753327040025601,0.7898443403354997,0.7348118273035289,0.7744837758112095,0.7855312181310977,0.79231609613984
vLH92_MN_60x-1xzoom_0000_XY03_488.tif,1,4404,0,4404,0.0,624.5371398925781,,615.1773681640625,626.0,2709241.0,615.1773681640625,626.0,2709241.0,,,,True,vLH92_MN_60x-1xzoom_0000_XY03_Dapi-ex_Green-em.tif,506.74591064453125,517.0,2231709.0,506.74591064453125,517.0,2231709.0,,,,471.88776816406255,471.88776816406255,,482.71040000000005,482.71040000000005,,364.67231064453125,364.67231064453125,,374.9264,374.9264,,50mM 2DG,1h,yes,MN,1.2940049309749784,1.2874804228243197,1.2940049309749784,1.2874804228243197,,
vLH92_MN_60x-1xzoom_0000_XY03_488.tif,2,5222,2488,2734,0.4764458062045193,236.37136840820312,0.7167696021184231,243.67503356933594,239.0,1272471.0,266.9817199707031,266.0,729928.0,218.06390380859375,218.0,542543.0,False,vLH92_MN_60x-1xzoom_0000_XY03_Dapi-ex_Green-em.tif,258.4421691894531,243.0,1349585.0,295.505126953125,278.0,807911.0,217.71463012695312,216.0,541674.0,100.38543356933596,123.69211997070315,74.77430380859377,95.71040000000002,122.71040000000002,74.71040000000002,116.36856918945313,153.431526953125,75.64103012695313,100.9264,135.9264,73.9264,50mM 2DG,1h,yes,MN,0.8626507507014551,0.9483187748696081,0.8061714722326425,0.9027709113167127,0.9885415849453045,1.0106051424119127
vLH92_MN_60x-1xzoom_0000_XY03_488.tif,3,5489,2763,2729,0.5033703771178721,268.4239807128906,0.2802401443740232,279.322998046875,270.0,1533204.0,312.2568664550781,314.0,852149.0,246.77125549316406,247.0,681829.0,False,vLH92_MN_60x-1xzoom_0000_XY03_Dapi-ex_Green-em.tif,297.2011413574219,283.0,1631337.0,333.91937255859375,328.0,911266.0,260.8794860839844,258.0,720810.0,136.03339804687502,168.96726645507815,103.48165549316408,126.71040000000002,170.71040000000002,103.71040000000002,155.12754135742188,191.84577255859375,118.80588608398438,140.9264,185.9264,115.9264,50mM 2DG,1h,yes,MN,0.876913260253684,0.8991246494624145,0.88074532058543,0.918161164848026,0.8710145507438282,0.8946227951527868
vLH92_MN_60x-1xzoom_0000_XY03_488.tif,4,3819,1910,1911,0.5001309243257397,240.0205078125,0.3443593486326386,241.67556762695312,241.0,922959.0,259.30035400390625,257.0,495523.0,224.00418090820312,223.0,427848.0,False,vLH92_MN_60x-1xzoom_0000_XY03_Dapi-ex_Green-em.tif,278.3197021484375,271.0,1062903.0,304.08740234375,291.0,581111.0,252.50732421875,249.0,482289.0,98.38596762695315,116.01075400390627,80.71458090820315,97.71040000000002,113.71040000000002,79.71040000000002,136.2461021484375,162.01380234375,110.43372421875,128.9264,148.9264,106.9264,50mM 2DG,1h,yes,MN,0.7221195034244982,0.7578773625882675,0.7160547578394737,0.7635342021293741,0.7308870680510747,0.7454697810830629
vLH92_MN_60x-1xzoom_0000_XY03_488.tif,5,2233,1133,1100,0.5073891625615764,457.5265808105469,0.16362941882696977,447.0313415527344,458.0,998221.0,502.6845397949219,504.0,552953.0,392.9991149902344,402.0,445268.0,False,vLH92_MN_60x-1xzoom_0000_XY03_Dapi-ex_Green-em.tif,433.4321594238281,443.0,967854.0,485.48455810546875,484.0,534033.0,382.8958435058594,387.0,433821.0,303.7417415527344,359.3949397949219,249.7095149902344,314.71040000000005,360.71040000000005,258.71040000000005,291.3585594238281,343.41095810546875,240.82224350585938,300.9264,341.9264,244.9264,50mM 2DG,1h,yes,MN,1.0425015216762277,1.0458052201468533,1.0465447630956033,1.0549357990491521,1.0369038646721136,1.0562781308997318
vLH92_MN_60x-1xzoom_0000_XY03_488.tif,6,3100,1442,1658,0.46516129032258063,267.2807159423828,0.6617331459480664,292.95709228515625,273.0,908167.0,323.5205078125,312.0,536397.0,257.8155212402344,258.0,371770.0,False,vLH92_MN_60x-1xzoom_0000_XY03_Dapi-ex_Green-em.tif,291.62451171875,269.0,904036.0,324.96380615234375,308.0,538790.0,253.291259765625,254.0,365246.0,149.66749228515627,180.23090781250002,114.5259212402344,129.71040000000002,168.71040000000002,114.71040000000002,149.55091171875,182.89020615234375,111.217659765625,126.9264,165.9264,111.9264,50mM 2DG,1h,yes,MN,1.000779537650867,1.0219339711833,0.9854595913264563,1.016778523489933,1.029745828869094,1.0248734882923065
vLH92_MN_60x-1xzoom_0000_XY03_488.tif,7,3656,1793,1863,0.49042669584245074,255.2282485961914,0.6652894252208251,276.64306640625,259.0,1011407.0,311.13311767578125,306.0,579641.0,240.8064727783203,240.0,431766.0,False,vLH92_MN_60x-1xzoom_0000_XY03_Dapi-ex_Green-em.tif,322.4690856933594,279.0,1178947.0,384.40472412109375,333.0,716146.0,258.1154479980469,257.0,462801.0,133.35346640625002,167.84351767578127,97.51687277832033,115.71040000000002,162.71040000000002,96.71040000000002,180.39548569335938,242.33112412109375,116.04184799804688,136.9264,190.9264,114.9264,50mM 2DG,1h,yes,MN,0.7392284008310911,0.8450554458453594,0.692620554972168,0.8522153039076839,0.8403595294342577,0.84149855907781
vLH92_MN_60x-1xzoom_0000_XY03_488.tif,8,2541,1233,1308,0.4852420306965762,223.38919067382812,0.3897722825475667,226.0,223.0,574266.0,236.61085510253906,234.0,309487.0,214.74371337890625,214.0,264779.0,False,vLH92_MN_60x-1xzoom_0000_XY03_Dapi-ex_Green-em.tif,241.3872528076172,233.0,613365.0,262.3027648925781,252.0,343092.0,219.1995086669922,219.0,270273.0,82.71040000000002,93.32125510253908,71.45411337890627,79.71040000000002,90.71040000000002,70.71040000000002,99.31365280761719,120.22916489257813,77.12590866699219,90.9264,109.9264,76.9264,50mM 2DG,1h,yes,MN,0.8328200369411473,0.8766474863186051,0.7761948208316958,0.8251921285514674,0.9264605709532043,0.9191954907547997
vLH92_MN_60x-1xzoom_0000_XY03_488.tif,9,2681,1364,1318,0.5087653860499813,227.38003540039062,0.765049410190854,223.77061462402344,224.0,599929.0,243.53262329101562,241.0,320976.0,204.6796112060547,203.0,279183.0,False,vLH92_MN_60x-1xzoom_0000_XY03_Dapi-ex_Green-em.tif,230.2320098876953,218.0,617252.0,259.521240234375,244.0,342049.0,201.9164276123047,199.0,275414.0,80.48101462402346,100.24302329101565,61.39001120605471,80.71040000000002,97.71040000000002,59.71040000000002,88.15840988769531,117.447640234375,59.84282761230469,75.9264,101.9264,56.9264,50mM 2DG,1h,yes,MN,0.9129136372417327,1.0630083870695834,0.8535124510886184,0.9586368202938593,1.0258541191230726,1.0489052530987384
vLH92_MN_60x-1xzoom_0000_XY03_488.tif,10,1583,744,839,0.46999368288060644,233.96575927734375,0.4376097321406719,244.4352569580078,235.0,386941.0,261.9332580566406,252.0,219762.0,224.7029571533203,223.0,167179.0,False,vLH92_MN_60x-1xzoom_0000_XY03_Dapi-ex_Green-em.tif,312.5565490722656,311.0,494777.0,326.9988098144531,327.0,274352.0,296.2701721191406,293.0,220425.0,101.14565695800783,118.64365805664065,81.41335715332033,91.71040000000002,108.71040000000002,79.71040000000002,170.48294907226563,184.92520981445313,154.19657211914063,168.9264,184.9264,150.9264,50mM 2DG,1h,yes,MN,0.5932889917051671,0.5429015239773062,0.6415764415013137,0.5878576558025248,0.5279842219217167,0.5281408686618114
vLH92_MN_60x-1xzoom_0000_XY04_488.tif,1,3402,2174,1399,0.6390358612580834,186.9869155883789,0.32505218214249465,189.40652465820312,187.0,644361.0,202.76197814941406,200.0,283664.0,179.9894256591797,179.0,391297.0,False,vLH92_MN_60x-1xzoom_0000_XY04_Dapi-ex_Green-em.tif,244.3871307373047,237.0,831405.0,270.8956298828125,261.0,378983.0,224.90386962890625,221.0,488941.0,44.67212465820313,58.02757814941407,35.255025659179694,42.265600000000006,55.265600000000006,34.265600000000006,100.20953073730468,126.71802988281249,80.72626962890624,92.82239999999999,116.82239999999999,76.82239999999999,50mM 2DG,1h,yes,MN,0.4457871854056411,0.4553383666011654,0.4579267701926661,0.47307365710685634,0.4367230868123215,0.4460365726663058
vLH92_MN_60x-1xzoom_0000_XY04_488.tif,2,1857,1011,846,0.5444264943457189,210.74444580078125,0.2935496782464334,214.84490966796875,211.0,398967.0,231.2848663330078,227.0,195667.0,201.08802795410156,199.0,203300.0,False,vLH92_MN_60x-1xzoom_0000_XY04_Dapi-ex_Green-em.tif,294.6979064941406,267.0,547254.0,357.9586181640625,328.0,302833.0,241.76162719726562,240.0,244421.0,70.11050966796876,86.55046633300782,56.35362795410157,66.2656,82.2656,54.265600000000006,150.5203064941406,213.7810181640625,97.58402719726561,122.82239999999999,183.8224,95.82239999999999,50mM 2DG,1h,yes,MN,0.46578771529871943,0.5395237350841542,0.40485571205665316,0.4475276136096581,0.5774882383177627,0.5663143482108569
vLH92_MN_60x-1xzoom_0000_XY04_488.tif,3,2942,1440,1502,0.4894629503738953,379.9619903564453,0.8782777622819563,449.6060485839844,383.0,1322741.0,545.8175659179688,569.0,819818.0,349.2520751953125,349.0,502923.0,False,vLH92_MN_60x-1xzoom_0000_XY04_Dapi-ex_Green-em.tif,385.3011474609375,342.0,1133556.0,454.9733581542969,458.0,683370.0,312.6291809082031,312.0,450186.0,304.8716485839844,401.08316591796876,204.5176751953125,238.2656,424.2656,204.2656,241.1235474609375,310.7957581542969,168.4515809082031,197.8224,313.8224,167.8224,50mM 2DG,1h,yes,MN,1.264379409619354,1.2044419641051773,1.2905039898223063,1.3519289891352562,1.2141036260547975,1.217153371659564
vLH92_MN_60x-1xzoom_0000_XY04_488.tif,4,2711,1532,1179,0.5651051272593139,228.89263916015625,0.3127435248940298,229.75469970703125,228.0,622865.0,246.27735900878906,243.0,290361.0,217.03916931152344,216.5,332504.0,False,vLH92_MN_60x-1xzoom_0000_XY04_Dapi-ex_Green-em.tif,241.51715087890625,238.0,654753.0,257.5224914550781,254.0,303619.0,229.19973754882812,226.0,351134.0,85.02029970703126,101.54295900878907,72.30476931152344,83.2656,98.2656,71.7656,97.33955087890624,113.34489145507811,85.02213754882811,93.82239999999999,109.82239999999999,81.82239999999999,50mM 2DG,1h,yes,MN,0.8734404354587525,0.8874810279847885,0.8958759208749475,0.894768280423666,0.8504228592229748,0.877089892254444
vLH92_MN_60x-1xzoom_0000_XY04_488.tif,5,3631,1464,2167,0.40319471220049574,768.2872314453125,0.715611813437474,805.7518310546875,770.0,2925685.0,991.2034912109375,1053.0,2147938.0,531.2479248046875,511.0,777747.0,False,vLH92_MN_60x-1xzoom_0000_XY04_Dapi-ex_Green-em.tif,527.0619506835938,518.0,1913762.0,637.684814453125,652.0,1381863.0,363.3190002441406,353.0,531899.0,661.0174310546874,846.4690912109374,386.5135248046875,625.2656,908.2656,366.2656,382.88435068359377,493.507214453125,219.1414002441406,373.8224,507.8224,208.8224,50mM 2DG,1h,yes,MN,1.7264153781018228,1.6726274294959316,1.7152111791292526,1.7885496976895858,1.763763142765727,1.7539574298542686
vLH92_MN_60x-1xzoom_0000_XY04_488.tif,6,3598,1827,1771,0.5077821011673151,310.6243438720703,0.7300360944561363,322.1214599609375,312.0,1158993.0,370.6437072753906,361.0,656410.0,275.08648681640625,275.0,502583.0,False,vLH92_MN_60x-1xzoom_0000_XY04_Dapi-ex_Green-em.tif,283.4455261230469,273.0,1019837.0,320.9051513671875,318.0,568323.0,247.13409423828125,245.0,451514.0,177.3870599609375,225.90930727539063,130.35208681640626,167.2656,216.2656,130.2656,139.26792612304686,176.7275513671875,102.95649423828124,128.8224,173.8224,100.82239999999999,50mM 2DG,1h,yes,MN,1.273710788255807,1.2984201505328268,1.2782913899260564,1.2441756643562627,1.2660890192581828,1.2920303424635797
vLH92_MN_60x-1xzoom_0000_XY04_488.tif,7,2110,1346,764,0.637914691943128,222.04192352294922,0.4847628857316109,229.16635131835938,223.0,483541.0,251.5680694580078,238.0,192198.0,216.45095825195312,215.0,291343.0,False,vLH92_MN_60x-1xzoom_0000_XY04_Dapi-ex_Green-em.tif,273.548828125,270.0,577188.0,285.03271484375,282.0,217765.0,267.03045654296875,264.0,359423.0,84.43195131835938,106.83366945800782,71.71655825195313,78.2656,93.2656,70.2656,129.371228125,140.85511484375,122.85285654296874,125.82239999999999,137.8224,119.82239999999999,50mM 2DG,1h,yes,MN,0.6526331437217265,0.6220323249278349,0.758464962926749,0.6767085756742011,0.5837597941963174,0.5864145602157862
vLH92_MN_60x-1xzoom_0000_XY04_488.tif,8,2429,1212,1219,0.49897076986414163,225.77389526367188,0.6745048766317239,217.05886840820312,218.0,527236.0,242.3724365234375,241.0,295452.0,191.5478515625,190.0,232156.0,False,vLH92_MN_60x-1xzoom_0000_XY04_Dapi-ex_Green-em.tif,214.59654235839844,208.0,521255.0,243.72190856933594,235.0,297097.0,185.24917602539062,183.0,224522.0,72.32446840820313,97.6380365234375,46.813451562500006,73.2656,96.2656,45.265600000000006,70.41894235839843,99.54430856933593,41.07157602539061,63.82239999999999,90.82239999999999,38.82239999999999,50mM 2DG,1h,yes,MN,1.0270598504604982,1.1479605906390236,0.9808500146990259,1.0599323514903813,1.1398016850767971,1.165966040224201
vLH92_MN_60x-1xzoom_0000_XY04_488.tif,9,1398,844,554,0.6037195994277539,193.28461456298828,0.35033136937545256,193.724609375,193.0,270827.0,203.31588745117188,203.0,112637.0,187.4289093017578,187.0,158190.0,False,vLH92_MN_60x-1xzoom_0000_XY04_Dapi-ex_Green-em.tif,265.9449157714844,267.0,371791.0,287.6209411621094,286.0,159342.0,251.71682739257812,252.0,212449.0,48.990209375000006,58.58148745117188,42.69450930175782,48.265600000000006,58.265600000000006,42.265600000000006,121.76731577148436,143.44334116210936,107.53922739257811,122.82239999999999,141.8224,107.82239999999999,50mM 2DG,1h,yes,MN,0.40232642942493607,0.39297066333177016,0.40839461055893345,0.4108349597806835,0.3970133535170293,0.39199275846206366
vLH92_MN_60x-1xzoom_0000_XY04_488.tif,10,2138,1126,1012,0.5266604303086997,196.27059936523438,0.2635181006395595,202.327880859375,198.0,432577.0,219.3794403076172,217.0,222012.0,187.00267028808594,187.0,210565.0,False,vLH92_MN_60x-1xzoom_0000_XY04_Dapi-ex_Green-em.tif,266.22918701171875,255.0,569198.0,301.5820007324219,300.0,305201.0,234.45559692382812,232.0,263997.0,57.593480859375006,74.6450403076172,42.268270288085944,53.265600000000006,72.2656,42.265600000000006,122.05158701171874,157.40440073242186,90.27799692382811,110.82239999999999,155.8224,87.82239999999999,50mM 2DG,1h,yes,MN,0.47187818093545303,0.48063929313929327,0.4742246084625635,0.46376900882029803,0.4682012420340885,0.48126218367979023
vLH92_MN_60x-1xzoom_0000_XY04_488.tif,11,1645,786,859,0.4778115501519757,197.4527130126953,0.249073841488213,200.05775451660156,198.0,329095.0,208.3189697265625,207.0,178946.0,191.02926635742188,190.5,150149.0,False,vLH92_MN_60x-1xzoom_0000_XY04_Dapi-ex_Green-em.tif,253.51731872558594,249.0,417036.0,264.71246337890625,258.0,227388.0,241.28244018554688,238.0,189648.0,55.32335451660157,63.584569726562506,46.29486635742188,53.265600000000006,62.265600000000006,45.765600000000006,109.33971872558593,120.53486337890624,97.10484018554686,104.82239999999999,113.82239999999999,93.82239999999999,50mM 2DG,1h,yes,MN,0.5059767407619614,0.5081509295723052,0.5275201542866633,0.5470417070805045,0.4767513778814955,0.4877896962772218
vLH92_MN_60x-1xzoom_0000_XY05_488.tif,1,911,554,357,0.6081229418221734,180.2836151123047,0.3097262350970059,182.289794921875,181.0,166066.0,189.31932067871094,186.0,67587.0,177.7599334716797,178.0,98479.0,False,vLH92_MN_60x-1xzoom_0000_XY05_Dapi-ex_Green-em.tif,221.139404296875,212.0,201458.0,242.84593200683594,226.0,86696.0,207.15162658691406,207.0,114762.0,38.14899492187499,45.178520678710925,33.619133471679675,36.85919999999999,41.85919999999999,33.85919999999999,77.79220429687501,99.49873200683595,63.804426586914076,68.65280000000001,82.65280000000001,63.65280000000001,50mM 2DG,1h,yes,MN,0.49039611702335406,0.5368928871072991,0.4540612706060112,0.506446242595532,0.5269091075661319,0.5319357514516247
vLH92_MN_60x-1xzoom_0000_XY05_488.tif,2,568,314,254,0.5528169014084507,183.23404693603516,0.47488113331218584,185.57041931152344,184.0,105404.0,193.3346405029297,193.0,49107.0,179.28981018066406,179.0,56297.0,False,vLH92_MN_60x-1xzoom_0000_XY05_Dapi-ex_Green-em.tif,230.7024688720703,224.0,131039.0,250.94488525390625,247.0,63740.0,214.32801818847656,213.0,67299.0,41.429619311523425,49.193840502929675,35.14901018066405,39.85919999999999,48.85919999999999,34.85919999999999,87.35526887207033,107.59768525390626,70.98081818847658,80.65280000000001,103.65280000000001,69.65280000000001,50mM 2DG,1h,yes,MN,0.4742658324616469,0.4942072686875097,0.45720166179080257,0.47137366284364707,0.49519026516899656,0.5004709071279256
vLH92_MN_60x-1xzoom_0000_XY05_488.tif,3,692,323,370,0.4667630057803468,209.74163818359375,0.3910347224713566,211.03323364257812,209.0,146035.0,219.18649291992188,219.0,81099.0,201.63157653808594,202.0,65127.0,False,vLH92_MN_60x-1xzoom_0000_XY05_Dapi-ex_Green-em.tif,273.2384338378906,270.0,189081.0,291.9810791015625,291.5,108033.0,251.56655883789062,251.0,81256.0,66.89243364257811,75.04569291992186,57.490776538085925,64.85919999999999,74.85919999999999,57.85919999999999,129.89123383789064,148.6338791015625,108.21935883789064,126.65280000000001,148.1528,107.65280000000001,50mM 2DG,1h,yes,MN,0.5149880532050569,0.512102377523434,0.5049030098221593,0.5052837340907494,0.5312429971443962,0.5374611714697619
vLH92_MN_60x-1xzoom_0000_XY05_488.tif,4,3450,1586,1864,0.45971014492753626,254.16910552978516,0.8300634328731126,268.47796630859375,255.0,926249.0,312.8465576171875,319.5,583146.0,216.332275390625,214.0,343103.0,False,vLH92_MN_60x-1xzoom_0000_XY05_Dapi-ex_Green-em.tif,265.4982604980469,251.0,915969.0,309.5311279296875,305.0,576966.0,213.74716186523438,212.0,339003.0,124.33716630859374,168.7057576171875,72.19147539062499,110.85919999999999,175.3592,69.85919999999999,122.15106049804689,166.1839279296875,70.39996186523439,107.65280000000001,161.6528,68.65280000000001,50mM 2DG,1h,yes,MN,1.0178967403281922,1.0297846409940101,1.015174931287982,1.0847891283046132,1.0254476490885047,1.0175724806562876
vLH92_MN_60x-1xzoom_0000_XY05_488.tif,5,4007,1522,2486,0.3798352882455703,217.7472381591797,0.6169833386644522,211.28524780273438,212.0,846620.0,224.58486938476562,224.0,558318.0,189.55978393554688,189.0,288510.0,False,vLH92_MN_60x-1xzoom_0000_XY05_Dapi-ex_Green-em.tif,217.44097900390625,212.0,871286.0,232.5921173095703,226.0,578224.0,192.68133544921875,191.0,293261.0,67.14444780273436,80.44406938476561,45.41898393554686,67.85919999999999,79.85919999999999,44.85919999999999,74.09377900390626,89.24491730957033,49.33413544921876,68.65280000000001,82.65280000000001,47.65280000000001,50mM 2DG,1h,yes,MN,0.9062089787483302,0.988440384077561,0.9013854436743263,0.9662007820666689,0.9206401109896434,0.9413759527247082
vLH92_MN_60x-1xzoom_0000_XY05_488.tif,6,708,411,297,0.5805084745762712,196.46727752685547,0.2967596457864146,198.72457885742188,197.0,140697.0,206.9225616455078,204.0,61456.0,192.8004913330078,193.0,79241.0,False,vLH92_MN_60x-1xzoom_0000_XY05_Dapi-ex_Green-em.tif,266.1963195800781,263.0,188467.0,284.06396484375,278.0,84367.0,253.28466796875,250.0,104100.0,54.58377885742186,62.7817616455078,48.6596913330078,52.85919999999999,59.85919999999999,48.85919999999999,122.84911958007814,140.71676484375,109.93746796875001,119.65280000000001,134.6528,106.65280000000001,50mM 2DG,1h,yes,MN,0.44431558845516916,0.44177152561411,0.44615694309928045,0.4445447848095248,0.44261244352871065,0.4581145548921358
vLH92_MN_60x-1xzoom_0000_XY05_488.tif,7,1965,1122,843,0.5709923664122137,208.32369995117188,0.3228891782473601,209.1307830810547,207.0,410942.0,221.28944396972656,220.0,186547.0,199.99554443359375,199.0,224395.0,False,vLH92_MN_60x-1xzoom_0000_XY05_Dapi-ex_Green-em.tif,284.3404541015625,276.0,558729.0,322.4211120605469,311.0,271801.0,255.7290496826172,254.0,286928.0,64.98998308105467,77.14864396972655,55.85474443359374,62.85919999999999,75.85919999999999,54.85919999999999,140.9932541015625,179.0739120605469,112.3818496826172,132.6528,167.6528,110.65280000000001,50mM 2DG,1h,yes,MN,0.4609439188788426,0.47386259468326325,0.43082011825174027,0.45247797829800623,0.4970085880534598,0.49577778420428564
vLH92_MN_60x-1xzoom_0000_XY05_488.tif,8,2034,0,2034,0.0,230.4090118408203,,231.08604431152344,229.0,470029.0,231.08604431152344,229.0,470029.0,,,,True,vLH92_MN_60x-1xzoom_0000_XY05_Dapi-ex_Green-em.tif,343.47247314453125,341.5,698623.0,343.47247314453125,341.5,698623.0,,,,86.94524431152342,86.94524431152342,,84.85919999999999,84.85919999999999,,200.12527314453126,200.12527314453126,,198.1528,198.1528,,50mM 2DG,1h,yes,MN,0.43445409440481425,0.42825132927720416,0.43445409440481425,0.42825132927720416,,
vLH92_MN_60x-1xzoom_0000_XY05_488.tif,9,1619,975,644,0.6022235948116121,183.5666046142578,0.4005552717669807,187.49969482421875,185.0,303562.0,197.42236328125,193.0,127140.0,180.94564819335938,181.0,176422.0,False,vLH92_MN_60x-1xzoom_0000_XY05_Dapi-ex_Green-em.tif,225.17788696289062,220.0,364563.0,244.66148376464844,239.0,157562.0,212.3087158203125,210.0,207001.0,43.35889482421874,53.28156328124999,36.80484819335936,40.85919999999999,48.85919999999999,36.85919999999999,81.83068696289064,101.31428376464845,68.96151582031251,76.65280000000001,95.65280000000001,66.65280000000001,50mM 2DG,1h,yes,MN,0.5298610635381998,0.533042498121399,0.5259037650112817,0.510797383871669,0.5337012644742148,0.5530030246291225
vLH92_MN_60x-1xzoom_0000_XY05_488.tif,10,3943,2122,1822,0.5381689069236621,271.9211730957031,0.4914527137395739,268.76287841796875,270.0,1059732.0,286.9758605957031,288.0,522870.0,253.08624267578125,253.0,537049.0,False,vLH92_MN_60x-1xzoom_0000_XY05_Dapi-ex_Green-em.tif,257.9180908203125,256.0,1016971.0,278.9527893066406,274.0,508252.0,239.82611083984375,239.0,508911.0,124.62207841796874,142.8350605957031,108.94544267578124,125.85919999999999,143.8592,108.85919999999999,114.57089082031251,135.60558930664064,96.47891083984376,112.65280000000001,130.6528,95.65280000000001,50mM 2DG,1h,yes,MN,1.0877289818180782,1.1172309964776728,1.0533124875311348,1.101080114624409,1.1292150971379857,1.1380660053861462
vLH92_MN_60x-1xzoom_0000_XY05_488.tif,11,3179,1349,1830,0.4243472790185593,296.2648620605469,0.6532136344882308,339.4567565917969,299.0,1079133.0,388.59564208984375,385.5,711130.0,272.796875,272.0,368003.0,False,vLH92_MN_60x-1xzoom_0000_XY05_Dapi-ex_Green-em.tif,315.058837890625,277.0,1001572.0,361.3753967285156,347.0,661317.0,252.22756958007812,251.0,340255.0,195.31595659179686,244.45484208984374,128.656075,154.8592,241.3592,127.85919999999999,171.711637890625,218.02819672851564,108.88036958007814,133.6528,203.6528,107.65280000000001,50mM 2DG,1h,yes,MN,1.1374648741991913,1.1586678318748278,1.1212074665472467,1.1851504128595334,1.1816278315015953,1.1876997161244294
vLH92_MN_60x-1xzoom_0000_XY05_488.tif,12,848,444,404,0.5235849056603774,227.0360870361328,0.6303301909712901,244.5778350830078,229.0,207402.0,272.3465270996094,256.0,110028.0,219.31080627441406,217.0,97374.0,False,vLH92_MN_60x-1xzoom_0000_XY05_Dapi-ex_Green-em.tif,274.5035400390625,270.0,232779.0,264.3564453125,264.0,106800.0,283.7364807128906,282.0,125979.0,100.4370350830078,128.20572709960936,75.17000627441405,84.85919999999999,111.85919999999999,72.85919999999999,131.1563400390625,121.00924531250001,140.38928071289064,126.65280000000001,120.65280000000001,138.6528,50mM 2DG,1h,yes,MN,0.7657810141171557,0.6700144015765934,1.0594705120962022,0.9271164863144492,0.5354397849515579,0.5254794710240254
vLH92_MN_60x-1xzoom_0000_XY05_488.tif,13,3835,1958,1877,0.5105606258148631,259.50244140625,0.4591440769939313,269.16168212890625,260.0,1032235.0,304.88812255859375,307.0,572275.0,234.91317749023438,232.0,459960.0,False,vLH92_MN_60x-1xzoom_0000_XY05_Dapi-ex_Green-em.tif,280.5574951171875,258.0,1075938.0,325.9286193847656,308.0,611768.0,237.06332397460938,234.0,464170.0,125.02088212890624,160.74732255859374,90.77237749023436,115.85919999999999,162.8592,87.85919999999999,137.2102951171875,182.58141938476564,93.71612397460939,114.65280000000001,164.6528,90.65280000000001,50mM 2DG,1h,yes,MN,0.9111625481318976,1.0105222026849756,0.8804144644085634,0.9891067749834802,0.9685886872020808,0.9691835221857458
vLH92_MN_60x-1xzoom_0000_XY05_488.tif,14,3858,1840,2018,0.4769310523587351,272.7373809814453,0.35729016709214984,262.4922180175781,268.0,1012695.0,286.88800048828125,286.0,578940.0,235.73641967773438,232.0,433755.0,False,vLH92_MN_60x-1xzoom_0000_XY05_Dapi-ex_Green-em.tif,263.08319091796875,261.0,1014975.0,289.60406494140625,281.0,584421.0,233.99673461914062,229.0,430554.0,118.35141801757811,142.74720048828124,91.59561967773436,123.85919999999999,141.8592,87.85919999999999,119.73599091796876,146.25686494140626,90.64953461914064,117.65280000000001,137.6528,85.65280000000001,50mM 2DG,1h,yes,MN,0.9884364518155679,1.052751825710905,0.9760034207315255,1.0305580416816802,1.010436733763374,1.0257598117049294
vLH92_MN_60x-1xzoom_0000_XY05_488.tif,15,1344,810,534,0.6026785714285714,212.2678451538086,0.35974999761330756,214.43527221679688,213.0,288201.0,225.53182983398438,224.0,120434.0,207.1197509765625,206.0,167767.0,False,vLH92_MN_60x-1xzoom_0000_XY05_Dapi-ex_Green-em.tif,293.8541564941406,286.0,394940.0,332.8726501464844,333.0,177754.0,268.130859375,268.0,217186.0,70.29447221679686,81.39102983398436,62.97895097656249,68.85919999999999,79.85919999999999,61.85919999999999,150.50695649414064,189.5254501464844,124.78365937500001,142.6528,189.6528,124.65280000000001,50mM 2DG,1h,yes,MN,0.46705131679101813,0.4827048610332218,0.42944643989014225,0.4210810491593058,0.5047051135701836,0.49625198952610755
vLH92_MN_60x-1xzoom_0000_XY05_488.tif,16,2886,1361,1525,0.4715869715869716,274.92527770996094,0.5988534260735126,287.3901672363281,275.0,829408.0,327.3370361328125,333.0,499189.0,242.6296844482422,241.0,330219.0,False,vLH92_MN_60x-1xzoom_0000_XY05_Dapi-ex_Green-em.tif,260.0114440917969,250.0,750393.0,290.9403381347656,287.0,443684.0,225.35562133789062,224.0,306709.0,143.2493672363281,183.1962361328125,98.48888444824217,130.8592,188.8592,96.85919999999999,116.66424409179689,147.59313813476564,82.00842133789064,106.65280000000001,143.6528,80.65280000000001,50mM 2DG,1h,yes,MN,1.22787721594984,1.2269645053857,1.2412246155071116,1.314692090930354,1.2009606189399602,1.2009403269322325
vLH92_MN_60x-1xzoom_0000_XY05_488.tif,17,1334,804,530,0.6026986506746627,211.17353057861328,0.28585472911680176,213.50599670410156,211.0,284817.0,226.01132202148438,220.0,119786.0,205.26243591308594,205.0,165031.0,False,vLH92_MN_60x-1xzoom_0000_XY05_Dapi-ex_Green-em.tif,239.73838806152344,225.0,319811.0,274.0792541503906,241.5,145262.0,217.1007537841797,214.0,174549.0,69.36519670410155,81.87052202148436,61.121635913085925,66.85919999999999,75.85919999999999,60.85919999999999,96.39118806152345,130.73205415039064,73.7535537841797,81.65280000000001,98.15280000000001,70.65280000000001,50mM 2DG,1h,yes,MN,0.7196217631411279,0.8188231144553522,0.6262467346172249,0.7728684255568866,0.828728010747011,0.8613841206576381
vLH92_MN_60x-1xzoom_0000_XY05_488.tif,18,3436,1729,1707,0.5032013969732246,231.80026245117188,0.6089287617298536,245.7750244140625,234.0,844483.0,279.76214599609375,281.0,477554.0,212.22035217285156,211.0,366929.0,False,vLH92_MN_60x-1xzoom_0000_XY05_Dapi-ex_Green-em.tif,252.2156524658203,237.0,866613.0,289.5764465332031,282.0,494307.0,215.3302459716797,213.0,372306.0,101.63422441406249,135.62134599609374,68.07955217285155,89.85919999999999,136.8592,66.85919999999999,108.86845246582033,146.22924653320314,71.9830459716797,93.65280000000001,138.6528,69.65280000000001,50mM 2DG,1h,yes,MN,0.9335507404770996,0.9594929356089724,0.9274570526170307,0.9870640910244869,0.9457720391498311,0.9598924953483561
vLH92_MN_60x-1xzoom_0000_XY05_488.tif,19,2555,1157,1398,0.4528375733855186,212.82119750976562,0.19364225401982196,218.84852600097656,213.0,559158.0,234.52073669433594,228.0,327860.0,199.91183471679688,199.0,231298.0,False,vLH92_MN_60x-1xzoom_0000_XY05_Dapi-ex_Green-em.tif,280.2207336425781,280.0,715964.0,306.3226013183594,305.0,428239.0,248.6819305419922,244.0,287725.0,74.70772600097655,90.37993669433592,55.77103471679686,68.85919999999999,83.85919999999999,54.85919999999999,136.87353364257814,162.9754013183594,105.3347305419922,136.6528,161.6528,100.65280000000001,50mM 2DG,1h,yes,MN,0.5458157177125493,0.5038989321843386,0.5545618293510808,0.518761196836677,0.5294648254173249,0.5450340179309465
vLH92_MN_60x-1xzoom_0000_XY05_488.tif,20,883,313,570,0.35447338618346547,207.10269165039062,0.3231106196473414,210.7078094482422,206.0,186055.0,216.87368774414062,214.0,123618.0,199.47923278808594,198.0,62437.0,False,vLH92_MN_60x-1xzoom_0000_XY05_Dapi-ex_Green-em.tif,306.07135009765625,294.0,270261.0,323.39825439453125,315.0,184337.0,274.517578125,270.0,85924.0,66.56700944824217,72.73288774414061,55.338432788085925,61.85919999999999,69.85919999999999,53.85919999999999,162.72415009765626,180.05105439453126,131.170378125,150.6528,171.6528,126.65280000000001,50mM 2DG,1h,yes,MN,0.40907885773742286,0.4106077019477898,0.4039570220164717,0.40697967059086704,0.4218820863301214,0.4252507642941963
vLH92_MN_60x-1xzoom_0000_XY05_488.tif,21,3872,1970,1912,0.5087809917355371,205.2217788696289,0.43310789184762505,212.2107391357422,207.0,821680.0,233.97280883789062,233.0,447356.0,191.0030517578125,191.0,376276.0,False,vLH92_MN_60x-1xzoom_0000_XY05_Dapi-ex_Green-em.tif,211.36570739746094,204.0,818408.0,226.19508361816406,220.0,432485.0,197.00863647460938,193.0,388107.0,68.06993913574217,89.83200883789061,46.86225175781249,62.85919999999999,88.85919999999999,46.85919999999999,68.01850739746095,82.84788361816408,53.66143647460939,60.65280000000001,76.65280000000001,49.65280000000001,50mM 2DG,1h,yes,MN,1.000756143294658,1.0363775456368045,1.0843005869880216,1.159242715204141,0.8732947687672501,0.94373731189379
vLH92_MN_60x-1xzoom_0000_XY05_488.tif,22,948,609,340,0.6424050632911392,202.51904296875,0.31422764736000364,203.56011962890625,202.0,192975.0,215.57647705078125,214.0,73296.0,196.87684631347656,197.0,119898.0,False,vLH92_MN_60x-1xzoom_0000_XY05_Dapi-ex_Green-em.tif,324.25,323.0,307389.0,362.7764587402344,361.0,123344.0,302.79473876953125,309.0,184402.0,59.41931962890624,71.43567705078124,52.73604631347655,57.85919999999999,69.85919999999999,52.85919999999999,180.9028,219.4292587402344,159.44753876953126,179.6528,217.6528,165.6528,50mM 2DG,1h,yes,MN,0.32845992228371385,0.3220612203093967,0.3255521960056772,0.3209662361338792,0.3307423038351336,0.3190963267750378
vLH92_MN_60x-1xzoom_0000_XY06_488.tif,1,3691,1656,2035,0.4486589000270929,219.72244262695312,0.6584091574400505,227.70684814453125,224.0,840466.0,242.76510620117188,244.0,494027.0,209.20230102539062,209.0,346439.0,False,vLH92_MN_60x-1xzoom_0000_XY06_Dapi-ex_Green-em.tif,227.01950073242188,216.0,837929.0,248.54054260253906,243.0,505780.0,200.5730743408203,200.0,332149.0,82.68764814453124,97.74590620117186,64.18310102539061,78.98079999999999,98.98079999999999,63.98079999999999,82.80030073242187,104.32134260253906,56.35387434082031,71.7808,98.7808,55.7808,50mM 2DG,1h,yes,MN,0.9986394664404096,1.1003053741390454,0.9369694039845767,1.0020246849590202,1.1389296969578389,1.1470039870349653
vLH92_MN_60x-1xzoom_0000_XY06_488.tif,2,990,558,432,0.5636363636363636,216.85889434814453,0.6383058367557369,217.23434448242188,216.0,215062.0,233.07870483398438,231.0,100690.0,204.96774291992188,204.0,114372.0,False,vLH92_MN_60x-1xzoom_0000_XY06_Dapi-ex_Green-em.tif,275.029296875,277.0,272279.0,302.5231628417969,305.0,130690.0,253.7437286376953,251.0,141589.0,72.21514448242186,88.05950483398436,59.94854291992186,70.98079999999999,85.98079999999999,58.98079999999999,130.810096875,158.30396284179687,109.52452863769531,132.7808,160.7808,106.7808,50mM 2DG,1h,yes,MN,0.5520609357198892,0.534571263315178,0.55626848029059,0.5347703208343284,0.5473526676223397,0.5523539812400731
vLH92_MN_60x-1xzoom_0000_XY06_488.tif,3,4767,2377,2393,0.49863645898888187,269.5220642089844,0.5526134290608515,282.5930480957031,271.0,1347121.0,330.6765441894531,337.0,791309.0,234.15060424804688,230.0,556576.0,False,vLH92_MN_60x-1xzoom_0000_XY06_Dapi-ex_Green-em.tif,298.30731201171875,280.0,1422031.0,358.3008728027344,354.0,857414.0,237.80606079101562,233.0,565265.0,137.5738480957031,185.6573441894531,89.13140424804686,125.98079999999999,191.9808,84.98079999999999,154.08811201171875,214.08167280273437,93.58686079101562,135.7808,209.7808,88.7808,50mM 2DG,1h,yes,MN,0.8928258403558109,0.9278248471065128,0.8672267072601172,0.915149527506807,0.9523922855696803,0.9571979527104958
vLH92_MN_60x-1xzoom_0000_XY06_488.tif,4,3755,1841,1914,0.49027962716378165,254.16490173339844,0.5679638798994662,272.0127868652344,259.0,1021408.0,304.6525573730469,308.0,583105.0,238.07876586914062,238.0,438303.0,False,vLH92_MN_60x-1xzoom_0000_XY06_Dapi-ex_Green-em.tif,273.6476745605469,255.0,1027547.0,312.208984375,305.0,597568.0,233.55731201171875,233.0,429979.0,126.99358686523436,159.63335737304686,93.05956586914061,113.98079999999999,162.9808,92.98079999999999,129.42847456054687,167.989784375,89.33811201171875,110.7808,160.7808,88.7808,50mM 2DG,1h,yes,MN,0.9811873878327024,1.0288858719200438,0.9502563383062671,1.013683225857814,1.0416558372862603,1.047307525951557
vLH92_MN_60x-1xzoom_0000_XY06_488.tif,5,2627,1319,1308,0.5020936429387134,241.0030975341797,0.7990658877806056,247.7799835205078,242.0,650918.0,279.0833435058594,277.0,365041.0,216.73768615722656,215.0,285877.0,False,vLH92_MN_60x-1xzoom_0000_XY06_Dapi-ex_Green-em.tif,257.7769470214844,250.0,677180.0,289.74542236328125,280.0,378987.0,226.07505798339844,225.0,298193.0,102.7607835205078,134.06414350585936,71.71848615722655,96.98079999999999,131.9808,69.98079999999999,113.55774702148437,145.52622236328125,81.85585798339844,105.7808,135.7808,80.7808,50mM 2DG,1h,yes,MN,0.9049209430076677,0.9168090995719449,0.9212370205775783,0.9720137162249742,0.876155817360953,0.8663048645222625
vLH92_MN_60x-1xzoom_0000_XY06_488.tif,6,2824,1370,1454,0.48512747875354106,228.05504608154297,0.7368575805588505,235.22415161132812,229.0,664273.0,253.21595764160156,249.0,368176.0,216.1291961669922,216.0,296097.0,False,vLH92_MN_60x-1xzoom_0000_XY06_Dapi-ex_Green-em.tif,247.73548889160156,240.0,699605.0,265.9057922363281,259.0,386627.0,228.4510955810547,228.0,312978.0,90.20495161132811,108.19675764160155,71.10999616699218,83.98079999999999,103.98079999999999,70.98079999999999,103.51628889160156,121.68659223632812,84.23189558105469,95.7808,114.7808,83.7808,50mM 2DG,1h,yes,MN,0.8714082834421103,0.8768020313048125,0.8891428024500193,0.9059076082410995,0.8442169759620859,0.8472203655252754
vLH92_MN_60x-1xzoom_0000_XY06_488.tif,7,7266,2399,4867,0.33016790531241397,236.7446060180664,0.7330442123593541,242.17547607421875,238.0,1759647.0,252.26443481445312,253.0,1227771.0,221.70738220214844,221.0,531876.0,False,vLH92_MN_60x-1xzoom_0000_XY06_Dapi-ex_Green-em.tif,246.5313720703125,239.0,1791297.0,254.96917724609375,250.0,1240935.0,229.4130859375,228.0,550362.0,97.15627607421874,107.24523481445311,76.68818220214843,92.98079999999999,107.98079999999999,75.98079999999999,102.3121720703125,110.74997724609375,85.1938859375,94.7808,105.7808,83.7808,50mM 2DG,1h,yes,MN,0.9496062306980401,0.9810088119112731,0.9683544636415331,1.0207977251070137,0.9001606319308931,0.9068999102419646
vLH92_MN_60x-1xzoom_0000_XY06_488.tif,8,4788,2195,2593,0.45843776106934003,338.41233825683594,0.7534275499164956,349.9204406738281,341.5,1675419.0,398.5858154296875,405.0,1033533.0,292.43096923828125,293.0,641886.0,False,vLH92_MN_60x-1xzoom_0000_XY06_Dapi-ex_Green-em.tif,346.8066101074219,328.5,1660510.0,400.8106384277344,396.0,1039302.0,283.0104675292969,283.0,621208.0,204.9012406738281,253.5666154296875,147.41176923828124,196.4808,259.9808,147.9808,202.58741010742187,256.5914384277344,138.79126752929687,184.2808,251.7808,138.7808,50mM 2DG,1h,yes,MN,1.0114213936847276,1.0662033158093518,0.9882115201638001,1.0325680115401967,1.0621112686874532,1.066291590767599
vLH92_MN_60x-1xzoom_0000_XY06_488.tif,9,3172,1528,1644,0.4817150063051702,349.8131103515625,0.41168440069515844,374.39532470703125,350.0,1187582.0,440.9610595703125,453.0,724940.0,302.77618408203125,298.0,462642.0,False,vLH92_MN_60x-1xzoom_0000_XY06_Dapi-ex_Green-em.tif,304.5331115722656,287.0,965979.0,352.7049865722656,348.0,579847.0,252.70419311523438,248.0,386132.0,229.37612470703124,295.9418595703125,157.75698408203124,204.9808,307.9808,152.9808,160.31391157226562,208.48578657226562,108.48499311523437,142.7808,203.7808,103.7808,50mM 2DG,1h,yes,MN,1.4307936376665231,1.4356328021694793,1.4194821835863267,1.511333746849556,1.4541825514470874,1.4740761296887284
vLH92_MN_60x-1xzoom_0000_XY06_488.tif,10,3860,1944,1916,0.5036269430051813,265.84129333496094,0.7525891169045736,284.55517578125,270.0,1098383.0,325.2400817871094,329.0,623160.0,244.45626831054688,243.0,475223.0,False,vLH92_MN_60x-1xzoom_0000_XY06_Dapi-ex_Green-em.tif,242.1072540283203,230.0,934534.0,273.7181701660156,269.0,524444.0,210.95164489746094,209.0,410090.0,139.53597578125,180.22088178710936,99.43706831054686,124.98079999999999,183.9808,97.98079999999999,97.88805402832031,129.49897016601562,66.73244489746094,85.7808,124.7808,64.7808,50mM 2DG,1h,yes,MN,1.4254648043251568,1.456978717848283,1.3916781079885736,1.4744319638918808,1.490085796546775,1.5124975301323846
vLH92_MN_60x-1xzoom_0000_XY07_488.tif,1,2645,1318,1327,0.49829867674858225,198.8249053955078,0.6462004733839146,208.22872924804688,200.0,550765.0,228.76638793945312,228.0,303573.0,187.5508270263672,187.0,247192.0,False,vLH92_MN_60x-1xzoom_0000_XY07_Dapi-ex_Green-em.tif,227.82797241210938,211.0,602605.0,264.1966857910156,260.0,350589.0,191.21092224121094,190.0,252016.0,64.70232924804688,85.23998793945313,44.02442702636719,56.473600000000005,84.4736,43.473600000000005,84.04077241210939,120.40948579101564,47.42372224121095,67.21280000000002,116.21280000000002,46.212800000000016,50mM 2DG,1h,yes,MN,0.7698921296292602,0.8402209103027993,0.7079175480194045,0.7268872275687359,0.9283207843206834,0.9407263788387631
vLH92_MN_60x-1xzoom_0000_XY07_488.tif,2,4362,2283,2079,0.5233837689133425,243.76439666748047,0.598523380425046,267.74920654296875,248.0,1167922.0,309.02740478515625,307.0,642468.0,230.15943908691406,230.0,525454.0,False,vLH92_MN_60x-1xzoom_0000_XY07_Dapi-ex_Green-em.tif,274.08184814453125,250.0,1195545.0,316.6522216796875,289.0,658320.0,235.31536865234375,229.0,537225.0,124.22280654296875,165.50100478515625,86.63303908691407,104.4736,163.4736,86.4736,130.29464814453127,172.86502167968752,91.52816865234377,106.21280000000002,145.21280000000002,85.21280000000002,50mM 2DG,1h,yes,MN,0.9533991480998726,0.9836253257611134,0.9574001910682861,1.1257519998237069,0.9465177809465071,1.0147958992076307
vLH92_MN_60x-1xzoom_0000_XY07_488.tif,3,4021,1834,2187,0.4561054464063666,312.5248718261719,0.8116327251107278,315.4140625,316.0,1268280.0,359.35711669921875,362.0,785914.0,263.0130920410156,257.0,482366.0,False,vLH92_MN_60x-1xzoom_0000_XY07_Dapi-ex_Green-em.tif,319.62945556640625,313.0,1285230.0,367.5679016113281,363.0,803871.0,262.4640197753906,258.0,481359.0,171.8876625,215.83071669921875,119.48669204101563,172.4736,218.4736,113.4736,175.84225556640627,223.78070161132814,118.67681977539064,169.21280000000002,219.21280000000002,114.21280000000002,50mM 2DG,1h,yes,MN,0.9775105644904969,1.0192704098035137,0.9644742158065209,0.996627934135233,1.0068241824069584,0.9935278707815586
vLH92_MN_60x-1xzoom_0000_XY07_488.tif,4,3785,1781,2004,0.4705416116248349,274.2330017089844,0.6726365813350427,291.9635314941406,279.0,1105082.0,315.1382141113281,309.0,631537.0,265.88714599609375,266.0,473545.0,False,vLH92_MN_60x-1xzoom_0000_XY07_Dapi-ex_Green-em.tif,239.08639526367188,219.0,904942.0,265.7285461425781,243.0,532520.0,209.10836791992188,209.0,372422.0,148.43713149414063,171.61181411132813,122.36074599609375,135.4736,165.4736,122.4736,95.29919526367189,121.94134614257814,65.32116791992189,75.21280000000002,99.21280000000002,65.21280000000002,50mM 2DG,1h,yes,MN,1.5575906080156057,1.801204050374404,1.4073308155108728,1.6678654367178427,1.8732173641796708,1.8780607488100491
vLH92_MN_60x-1xzoom_0000_XY07_488.tif,5,4083,1795,2288,0.4396277247122214,269.4516296386719,0.662576551473112,271.9632568359375,271.0,1110426.0,298.62542724609375,302.0,683255.0,237.978271484375,236.0,427171.0,False,vLH92_MN_60x-1xzoom_0000_XY07_Dapi-ex_Green-em.tif,269.2831115722656,263.0,1099483.0,294.1267395019531,292.0,672962.0,237.61614990234375,235.0,426521.0,128.4368568359375,155.09902724609375,94.451871484375,127.4736,158.4736,92.4736,125.49591157226564,150.33953950195314,93.82894990234377,119.21280000000002,148.21280000000002,91.21280000000002,50mM 2DG,1h,yes,MN,1.0234345902334703,1.0692945723949105,1.0316582567693628,1.0692301879459802,1.006638906037844,1.013822621386472
vLH92_MN_60x-1xzoom_0000_XY07_488.tif,6,1815,1073,742,0.5911845730027548,228.60574340820312,0.5090439383651727,241.2385711669922,228.0,437848.0,278.78033447265625,271.0,206855.0,215.27772521972656,213.0,230993.0,False,vLH92_MN_60x-1xzoom_0000_XY07_Dapi-ex_Green-em.tif,308.2975158691406,293.0,559560.0,359.08489990234375,351.0,266441.0,273.17706298828125,268.0,293119.0,97.71217116699219,135.25393447265625,71.75132521972657,84.4736,127.4736,69.4736,164.51031586914064,215.29769990234377,129.38986298828127,149.21280000000002,207.21280000000002,124.21280000000002,50mM 2DG,1h,yes,MN,0.5939577141455197,0.5661283750455725,0.628218204532634,0.6151820736942891,0.5545359084754965,0.5593111176947947
vLH92_MN_60x-1xzoom_0000_XY07_488.tif,7,6971,2980,3991,0.4274852962272271,322.9314880371094,0.6273430089880723,332.91766357421875,326.0,2320769.0,405.1936950683594,427.0,1617128.0,236.1211395263672,226.0,703641.0,False,vLH92_MN_60x-1xzoom_0000_XY07_Dapi-ex_Green-em.tif,242.43280029296875,233.0,1689999.0,276.5605163574219,269.0,1103753.0,196.7268524169922,191.0,586246.0,189.39126357421875,261.6672950683594,92.59473952636719,182.4736,283.47360000000003,82.4736,98.64560029296877,132.7733163574219,52.9396524169922,89.21280000000002,125.21280000000002,47.212800000000016,50mM 2DG,1h,yes,MN,1.9199159720427807,2.0453746547580614,1.9707822493787734,2.2639346776048455,1.749062098047451,1.7468483123220817
vLH92_MN_60x-1xzoom_0000_XY07_488.tif,8,1586,505,1081,0.3184110970996217,208.79193878173828,0.3241287495766797,210.03341674804688,208.0,333113.0,214.62535095214844,214.0,232010.0,200.20396423339844,200.0,101103.0,False,vLH92_MN_60x-1xzoom_0000_XY07_Dapi-ex_Green-em.tif,282.7276306152344,278.0,448406.0,288.6373596191406,287.0,312017.0,270.0772399902344,266.0,136389.0,66.50701674804688,71.09895095214844,56.67756423339844,64.4736,70.4736,56.473600000000005,138.9404306152344,144.85015961914064,126.29003999023439,134.21280000000002,143.21280000000002,122.21280000000002,50mM 2DG,1h,yes,MN,0.47867288487268145,0.48038339115196166,0.4908448229473222,0.4920900925056978,0.448788869160079,0.46209235039210295
vLH92_MN_60x-1xzoom_0000_XY08_488.tif,1,2716,1383,1333,0.5092047128129602,247.36652374267578,0.7381808739745226,268.1196594238281,250.0,728213.0,307.6016540527344,302.0,410033.0,230.06507873535156,229.0,318180.0,False,vLH92_MN_60x-1xzoom_0000_XY08_Dapi-ex_Green-em.tif,282.89544677734375,259.0,768344.0,327.99176025390625,308.0,437213.0,239.42950439453125,238.0,331131.0,120.44605942382813,159.92805405273438,82.39147873535157,102.3264,154.3264,81.3264,135.54344677734375,180.63976025390625,92.07750439453125,111.648,160.648,90.648,50mM 2DG,1h,yes,MN,0.8886158813836571,0.9165090283748926,0.8853424840020846,0.9606493700512924,0.8948057321614924,0.8971670638072545
vLH92_MN_60x-1xzoom_0000_XY08_488.tif,2,2227,1026,1201,0.4607094746295465,248.7958221435547,0.40367010551512733,240.8091583251953,246.0,536282.0,264.14154052734375,264.0,317234.0,213.4970703125,209.0,219048.0,False,vLH92_MN_60x-1xzoom_0000_XY08_Dapi-ex_Green-em.tif,254.69509887695312,253.0,567206.0,282.0,275.0,338682.0,222.73294067382812,218.0,228524.0,93.13555832519532,116.46794052734376,65.8234703125,98.3264,116.3264,61.32640000000001,107.34309887695312,134.648,75.38094067382812,105.648,127.648,70.648,50mM 2DG,1h,yes,MN,0.8676436519869448,0.9306981674996215,0.8649808428446302,0.9113060917523189,0.8732110494258343,0.8680557128298042
vLH92_MN_60x-1xzoom_0000_XY08_488.tif,3,2699,1354,1345,0.5016672841793257,222.473388671875,0.7501012916311169,234.39236450195312,224.0,632625.0,260.8282470703125,257.0,350814.0,208.1322021484375,208.0,281811.0,False,vLH92_MN_60x-1xzoom_0000_XY08_Dapi-ex_Green-em.tif,240.7154541015625,230.0,649691.0,267.7234191894531,261.0,360088.0,213.8870086669922,213.0,289603.0,86.71876450195313,113.1546470703125,60.45860214843751,76.3264,109.3264,60.32640000000001,93.3634541015625,120.37141918945312,66.53500866699218,82.648,113.648,65.648,50mM 2DG,1h,yes,MN,0.928829865352013,0.9235117607201627,0.9400458001763516,0.9619738138814586,0.9086735443446456,0.9189373629051915
vLH92_MN_60x-1xzoom_0000_XY08_488.tif,4,3762,1877,1885,0.49893673577884107,238.75094604492188,0.7373651076074705,245.25119018554688,239.0,922635.0,276.070556640625,274.0,520393.0,214.30047607421875,214.0,402242.0,False,vLH92_MN_60x-1xzoom_0000_XY08_Dapi-ex_Green-em.tif,248.58453369140625,237.0,935175.0,283.8297119140625,273.0,535019.0,213.1891326904297,211.0,400156.0,97.57759018554688,128.396956640625,66.62687607421876,91.3264,126.3264,66.3264,101.23253369140625,136.4777119140625,65.83713269042968,89.648,125.648,63.647999999999996,50mM 2DG,1h,yes,MN,0.9638955642757993,1.018722113153668,0.940790659807326,1.0053992104928053,1.0119954097561097,1.042081447963801
vLH92_MN_60x-1xzoom_0000_XY08_488.tif,5,4979,2265,2714,0.45491062462341836,300.6343078613281,0.37175877196280604,299.9913635253906,303.0,1493657.0,344.10980224609375,348.0,933914.0,247.1271514892578,240.0,559743.0,False,vLH92_MN_60x-1xzoom_0000_XY08_Dapi-ex_Green-em.tif,237.10162353515625,234.0,1180529.0,264.09100341796875,258.0,716743.0,204.76202392578125,201.0,463786.0,152.31776352539063,196.43620224609376,99.45355148925782,155.3264,200.3264,92.3264,89.74962353515625,116.73900341796875,57.410023925781246,86.648,110.648,53.647999999999996,50mM 2DG,1h,yes,MN,1.697140974254065,1.7926137937401903,1.6826955558527394,1.8104836960451163,1.7323377467640453,1.7209662988368628
vLH92_MN_60x-1xzoom_0000_XY08_488.tif,6,2632,1431,1201,0.543693009118541,171.8770751953125,0.6797226327320454,175.9954376220703,174.0,463220.0,184.82681274414062,182.0,221977.0,168.58351135253906,168.0,241243.0,False,vLH92_MN_60x-1xzoom_0000_XY08_Dapi-ex_Green-em.tif,178.62652587890625,170.0,470145.0,194.4438018798828,182.0,233527.0,165.35150146484375,165.0,236618.0,28.32183762207032,37.15321274414063,20.90991135253907,26.326400000000007,34.32640000000001,20.326400000000007,31.274525878906246,47.09180187988281,17.999501464843746,22.647999999999996,34.647999999999996,17.647999999999996,50mM 2DG,1h,yes,MN,0.9055880729169605,1.1624161073825507,0.7889528805652295,0.9907180789655972,1.161693916544293,1.151767905711696
vLH92_MN_60x-1xzoom_0000_XY09_488.tif,1,1767,1171,621,0.6627051499717035,245.5380859375,0.45731984545640236,244.34011840820312,245.0,431749.0,259.7246398925781,258.0,161289.0,236.21519470214844,239.0,276608.0,False,vLH92_MN_60x-1xzoom_0000_XY09_Dapi-ex_Green-em.tif,228.70062255859375,224.0,404114.0,249.38807678222656,241.0,154870.0,217.58837890625,217.0,254796.0,101.17851840820313,116.56303989257813,93.05359470214844,101.83840000000001,114.83840000000001,95.83840000000001,86.54222255859375,107.22967678222656,75.42997890625,81.8416,98.8416,74.8416,50mM 2DG,1h,yes,MN,1.169123179609812,1.244335399112432,1.0870408583745594,1.161842786842787,1.2336420618359498,1.280549854626304
vLH92_MN_60x-1xzoom_0000_XY09_488.tif,2,3084,1530,1554,0.4961089494163424,500.4495544433594,0.7004136766523508,596.8748168945312,508.0,1840762.0,764.1338500976562,805.0,1187464.0,426.9921569824219,423.0,653298.0,False,vLH92_MN_60x-1xzoom_0000_XY09_Dapi-ex_Green-em.tif,345.2781982421875,290.0,1064838.0,430.4768371582031,418.0,668961.0,258.7431335449219,258.0,395877.0,453.71321689453123,620.9722500976562,283.83055698242185,364.8384,661.8384,279.8384,203.1197982421875,288.3184371582031,116.58473354492187,147.8416,275.84159999999997,115.8416,50mM 2DG,1h,yes,MN,2.233722270408873,2.4677655003733725,2.1537722534092496,2.399342231193555,2.434543085978385,2.4156986781950525
vLH92_MN_60x-1xzoom_0000_XY09_488.tif,3,2888,1433,1455,0.49619113573407203,293.92665100097656,0.8127218904017164,309.1551208496094,295.0,892840.0,364.1168518066406,368.0,529790.0,253.349609375,252.0,363050.0,False,vLH92_MN_60x-1xzoom_0000_XY09_Dapi-ex_Green-em.tif,295.618408203125,266.0,853746.0,351.1676940917969,333.0,510949.0,239.21632385253906,238.0,342797.0,165.99352084960938,220.95525180664063,110.18800937500001,151.8384,224.8384,108.83840000000001,153.460008203125,209.00929409179687,97.05792385253906,123.8416,190.8416,95.8416,50mM 2DG,1h,yes,MN,1.0816728266421998,1.2260694306275113,1.0571551507637602,1.1781414534357288,1.1352809229920227,1.1356070850236224
vLH92_MN_60x-1xzoom_0000_XY09_488.tif,4,3407,1519,1888,0.4458467860287643,380.6642150878906,0.45729251847005453,412.6659851074219,387.0,1405953.0,448.1880187988281,441.0,846179.0,368.5148010253906,370.0,559774.0,False,vLH92_MN_60x-1xzoom_0000_XY09_Dapi-ex_Green-em.tif,381.34368896484375,357.0,1299238.0,413.3479919433594,401.0,780401.0,341.5648498535156,342.0,518837.0,269.50438510742185,305.0264187988281,225.35320102539063,243.8384,297.8384,226.8384,239.18528896484375,271.18959194335935,199.40644985351562,214.8416,258.84159999999997,199.8416,50mM 2DG,1h,yes,MN,1.1267598700312815,1.1349682743006941,1.1247718491443282,1.1506589358124815,1.1301199193453149,1.1350909920657162
vLH92_MN_60x-1xzoom_0000_XY09_488.tif,5,4681,2093,2588,0.44712668233283487,570.3908081054688,0.6187893099658753,621.7579345703125,571.0,2910449.0,794.0162353515625,847.0,2054914.0,408.7601623535156,391.0,855535.0,False,vLH92_MN_60x-1xzoom_0000_XY09_Dapi-ex_Green-em.tif,384.0049133300781,354.0,1797527.0,473.0556335449219,479.0,1224268.0,273.8934631347656,268.0,573259.0,478.5963345703125,650.8546353515625,265.5985623535156,427.8384,703.8384,247.8384,241.84651333007812,330.89723354492185,131.73506313476562,211.8416,336.84159999999997,125.8416,50mM 2DG,1h,yes,MN,1.9789259228108544,2.0196146554784327,1.9669388842539355,2.0895233842850764,2.016156944349789,1.9694473051836596
vLH92_MN_60x-1xzoom_0000_XY09_488.tif,6,2979,1528,1451,0.5129237999328634,328.6805419921875,0.3123588212506268,335.0077209472656,329.0,997988.0,384.5313720703125,383.0,557955.0,287.9797058105469,284.0,440033.0,False,vLH92_MN_60x-1xzoom_0000_XY09_Dapi-ex_Green-em.tif,265.1517333984375,252.0,789887.0,304.5451354980469,280.0,441895.0,227.7434539794922,225.0,347992.0,191.84612094726563,241.3697720703125,144.81810581054688,185.8384,239.8384,140.8384,122.9933333984375,162.38673549804687,85.58505397949219,109.8416,137.8416,82.8416,50mM 2DG,1h,yes,MN,1.55980910222003,1.6918763018746996,1.4863884745882807,1.739956587851563,1.6920957465920168,1.7000927070457357
vLH92_MN_60x-1xzoom_0000_XY09_488.tif,7,2943,1516,1427,0.5151206252123683,207.34603881835938,0.7628880969160395,221.0210723876953,211.0,650465.0,243.43728637695312,238.0,347385.0,199.92083740234375,200.0,303080.0,False,vLH92_MN_60x-1xzoom_0000_XY09_Dapi-ex_Green-em.tif,233.6435546875,219.0,687613.0,262.7694396972656,247.0,374972.0,206.22756958007812,206.0,312641.0,77.85947238769532,100.27568637695313,56.75923740234376,67.83840000000001,94.83840000000001,56.83840000000001,91.4851546875,120.61103969726562,64.06916958007812,76.8416,104.8416,63.8416,50mM 2DG,1h,yes,MN,0.8510612749538651,0.8828342980885354,0.83139724712303,0.9045874919879132,0.8859056200408856,0.8903035011653845
vLH92_MN_60x-1xzoom_0000_XY10_488.tif,1,4130,1472,2658,0.3564164648910412,366.0952453613281,0.5993312092020959,367.7104187011719,376.0,1518644.0,416.10760498046875,449.0,1106014.0,280.3193054199219,268.0,412630.0,False,vLH92_MN_60x-1xzoom_0000_XY10_Dapi-ex_Green-em.tif,320.86077880859375,319.0,1325155.0,354.8175354003906,372.5,943105.0,259.5448303222656,250.0,382050.0,224.02721870117188,272.42440498046875,136.63610541992188,232.3168,305.3168,124.3168,176.81437880859374,210.77113540039062,115.49843032226562,174.9536,228.4536,105.9536,50mM 2DG,1h,yes,MN,1.2670192334509587,1.3278766484370714,1.292512869292841,1.3364499399440413,1.1830126611996161,1.1733136014255297
vLH92_MN_60x-1xzoom_0000_XY10_488.tif,2,1083,616,468,0.5687903970452447,223.55560302734375,0.3277546479449878,231.29177856445312,224.0,250489.0,250.3376007080078,244.0,117158.0,216.81494140625,215.0,133558.0,False,vLH92_MN_60x-1xzoom_0000_XY10_Dapi-ex_Green-em.tif,318.9187316894531,307.0,345389.0,339.4252014160156,319.0,158851.0,303.30682373046875,301.0,186837.0,87.60857856445313,106.65440070800781,73.13174140625,80.3168,100.3168,71.3168,174.87233168945312,195.37880141601562,159.26042373046874,162.9536,174.9536,156.9536,50mM 2DG,1h,yes,MN,0.5009859348134772,0.4928814091864187,0.5458852236528519,0.573390887641066,0.45919594895727306,0.45438142228021533
vLH92_MN_60x-1xzoom_0000_XY10_488.tif,3,3461,1528,1934,0.4414908985842242,437.7010803222656,0.5823628664668037,478.46142578125,446.0,1655955.0,526.5418701171875,545.0,1018332.0,417.45025634765625,422.0,637864.0,False,vLH92_MN_60x-1xzoom_0000_XY10_Dapi-ex_Green-em.tif,403.82867431640625,360.0,1397651.0,455.2492370605469,434.5,880452.0,338.6256408691406,341.0,517420.0,334.77822578125,382.8586701171875,273.76705634765625,302.3168,401.3168,278.3168,259.78227431640624,311.20283706054687,194.57924086914062,215.9536,290.4536,196.9536,50mM 2DG,1h,yes,MN,1.2886877161353247,1.3999155374117402,1.2302544338395587,1.3816898809310678,1.4069694954343634,1.413108468187431
vLH92_MN_60x-1xzoom_0000_XY10_488.tif,4,3646,1628,2018,0.4465167306637411,483.02423095703125,0.5778026750570158,503.4722900390625,482.0,1835660.0,618.8023071289062,639.0,1248743.0,360.5141296386719,347.0,586917.0,False,vLH92_MN_60x-1xzoom_0000_XY10_Dapi-ex_Green-em.tif,476.4059143066406,439.0,1736976.0,579.082763671875,603.0,1168589.0,349.1320495605469,339.0,568387.0,359.7890900390625,475.11910712890625,216.83092963867188,338.3168,495.3168,203.3168,332.3595143066406,435.036363671875,205.08564956054687,294.9536,458.9536,194.9536,50mM 2DG,1h,yes,MN,1.0825298345667784,1.1470170223384288,1.092136535710986,1.079230667326719,1.0572701215482045,1.0428984127505212
vLH92_MN_60x-1xzoom_0000_XY11_488.tif,1,507,285,222,0.5621301775147929,178.05706787109375,0.705384737855138,179.2327423095703,178.0,90871.0,187.02252197265625,185.0,41519.0,173.1649169921875,173.0,49352.0,False,vLH92_MN_60x-1xzoom_0000_XY11_Dapi-ex_Green-em.tif,225.41616821289062,216.0,114286.0,251.46847534179688,242.0,55826.0,205.122802734375,204.0,58460.0,35.68074230957029,43.47052197265623,29.61291699218748,34.44799999999998,41.44799999999998,29.44799999999998,82.83696821289064,108.88927534179689,62.543602734375014,73.42080000000001,99.42080000000001,61.420800000000014,50mM 2DG,1h,yes,MN,0.43073452685847874,0.469185843793584,0.39921766249435375,0.4168946538350121,0.4734763540558197,0.47944670209440404
vLH92_MN_60x-1xzoom_0000_XY11_488.tif,2,640,322,325,0.503125,208.6155548095703,0.6165452483533206,221.30313110351562,208.5,141634.0,249.98768615722656,246.0,81246.0,191.8850860595703,191.0,61787.0,False,vLH92_MN_60x-1xzoom_0000_XY11_Dapi-ex_Green-em.tif,250.17031860351562,248.0,160109.0,262.6861572265625,261.0,85373.0,238.35714721679688,236.0,76751.0,77.7511311035156,106.43568615722654,48.33308605957029,64.94799999999998,102.44799999999998,47.44799999999998,107.59111860351564,120.10695722656251,95.77794721679689,105.42080000000001,118.42080000000001,93.42080000000001,50mM 2DG,1h,yes,MN,0.722653803703227,0.6160833535696938,0.886174195192146,0.8651182900301295,0.5046368967395656,0.5078954579708156
vLH92_MN_60x-1xzoom_0000_XY11_488.tif,3,3036,1417,1619,0.46673254281949933,233.81586456298828,0.7655700993801956,239.52635192871094,232.0,727202.0,270.7189636230469,266.0,438294.0,203.8870849609375,203.0,288908.0,False,vLH92_MN_60x-1xzoom_0000_XY11_Dapi-ex_Green-em.tif,257.9614562988281,220.0,783171.0,306.4416198730469,255.0,496129.0,202.57022094726562,201.0,287042.0,95.97435192871092,127.16696362304685,60.33508496093748,88.44799999999998,122.44799999999998,59.44799999999998,115.38225629882814,163.8624198730469,59.99102094726564,77.42080000000001,112.42080000000001,58.420800000000014,50mM 2DG,1h,yes,MN,0.8317947230997741,1.1424320079358514,0.776059353459872,1.089193458861705,1.0057352585143415,1.0175827787363398
vLH92_MN_60x-1xzoom_0000_XY11_488.tif,4,1241,426,815,0.3432715551974214,243.0653839111328,0.5267469617342954,247.89202880859375,245.0,307634.0,256.5067443847656,254.0,209053.0,231.41079711914062,232.0,98581.0,False,vLH92_MN_60x-1xzoom_0000_XY11_Dapi-ex_Green-em.tif,387.6905822753906,382.0,481124.0,413.3067626953125,411.0,336845.0,338.68310546875,335.0,144279.0,104.34002880859373,112.9547443847656,87.8587971191406,101.44799999999998,110.44799999999998,88.44799999999998,245.11138227539064,270.7275626953125,196.10390546875,239.4208,268.4208,192.4208,50mM 2DG,1h,yes,MN,0.42568414342898325,0.4237225838356566,0.41722661431370156,0.41147332844548556,0.44802165927868925,0.45965924681739173
vLH92_MN_60x-1xzoom_0000_XY11_488.tif,5,2298,1236,1062,0.5378590078328982,188.48680114746094,0.5906169799586357,196.24717712402344,191.0,450976.0,210.40301513671875,206.0,223448.0,184.08413696289062,184.0,227528.0,False,vLH92_MN_60x-1xzoom_0000_XY11_Dapi-ex_Green-em.tif,199.583984375,191.0,458644.0,216.7664794921875,202.5,230206.0,184.8203887939453,185.0,228438.0,52.69517712402342,66.85101513671873,40.532136962890604,47.44799999999998,62.44799999999998,40.44799999999998,57.004784375000014,74.18727949218751,42.24118879394533,48.420800000000014,59.920800000000014,42.420800000000014,50mM 2DG,1h,yes,MN,0.924399200905203,0.979909460397184,0.901111559748712,1.0421756718868902,0.9595406313162358,0.953494512126126
vLH92_MN_60x-1xzoom_0000_XY11_488.tif,6,4197,2392,1805,0.5699309030259709,256.448486328125,0.47943575807921535,267.5194091796875,258.0,1122779.0,295.1977844238281,282.0,532832.0,246.63336181640625,247.0,589947.0,False,vLH92_MN_60x-1xzoom_0000_XY11_Dapi-ex_Green-em.tif,245.23541259765625,234.0,1029253.0,264.8875427246094,249.0,478122.0,230.4059295654297,226.0,551131.0,123.96740917968748,151.6457844238281,103.08136181640623,114.44799999999998,138.44799999999998,103.44799999999998,102.65621259765626,122.30834272460939,87.8267295654297,91.42080000000001,106.42080000000001,83.42080000000001,50mM 2DG,1h,yes,MN,1.2075977287955952,1.2518814099198428,1.2398645999584441,1.3009486867228959,1.1736900864515516,1.2400744178909813
vLH92_MN_60x-1xzoom_0000_XY11_488.tif,7,909,496,414,0.5456545654565457,235.00534057617188,0.2573839960671326,234.98460388183594,235.0,213601.0,245.6207733154297,244.0,101687.0,226.0221710205078,226.0,112107.0,False,vLH92_MN_60x-1xzoom_0000_XY11_Dapi-ex_Green-em.tif,323.9967041015625,328.0,294513.0,350.9468688964844,352.0,145292.0,301.37701416015625,301.0,149483.0,91.43260388183592,102.06877331542967,82.47017102050779,91.44799999999998,100.44799999999998,82.44799999999998,181.4175041015625,208.3676688964844,158.79781416015626,185.4208,209.4208,158.4208,50mM 2DG,1h,yes,MN,0.5039899778945776,0.4931917023332872,0.48984937949340274,0.47964672086058296,0.5193407192452417,0.5204367103309665
vLH92_MN_60x-1xzoom_0000_XY11_488.tif,8,3272,1646,1631,0.5030562347188264,583.5741271972656,0.09944218672426215,535.706298828125,585.0,1752831.0,649.5389404296875,650.0,1059398.0,422.2703552246094,414.5,695057.0,False,vLH92_MN_60x-1xzoom_0000_XY11_Dapi-ex_Green-em.tif,415.79949951171875,417.0,1360496.0,489.30963134765625,481.0,798064.0,342.553466796875,335.0,563843.0,392.154298828125,505.9869404296875,278.71835522460935,441.448,506.448,270.948,273.22029951171874,346.73043134765624,199.974266796875,274.4208,338.4208,192.4208,50mM 2DG,1h,yes,MN,1.4353044028169109,1.6086535714493946,1.4593092924178597,1.496503760998142,1.3937711070980903,1.4081014110740624
vLH92_MN_60x-1xzoom_0000_XY11_488.tif,9,4870,2897,1974,0.5948665297741274,424.8303985595703,0.20777106388018202,459.410888671875,425.0,2237331.0,538.6271362304688,456.0,1063250.0,405.378662109375,411.0,1174382.0,False,vLH92_MN_60x-1xzoom_0000_XY11_Dapi-ex_Green-em.tif,371.08233642578125,346.0,1807171.0,421.1089172363281,387.0,831269.0,336.9706726074219,328.0,976204.0,315.858888671875,395.07513623046873,261.826662109375,281.448,312.448,267.448,228.50313642578126,278.5297172363281,194.3914726074219,203.4208,244.4208,185.4208,50mM 2DG,1h,yes,MN,1.382295637655141,1.3835753275967844,1.4184308236497927,1.2783200120448013,1.3469040518980997,1.4423840259560954
vLH92_MN_60x-1xzoom_0000_XY11_488.tif,10,1488,797,694,0.5356182795698925,248.43380737304688,0.6214126188495459,258.45294189453125,249.0,384578.0,297.5561828613281,293.0,206504.0,224.19322204589844,222.0,178682.0,False,vLH92_MN_60x-1xzoom_0000_XY11_Dapi-ex_Green-em.tif,288.5873718261719,264.0,429418.0,335.5461120605469,311.0,232869.0,247.44541931152344,239.0,197214.0,114.90094189453123,154.0041828613281,80.64122204589842,105.44799999999998,149.44799999999998,78.44799999999998,146.0081718261719,192.9669120605469,104.86621931152345,121.42080000000001,168.4208,96.42080000000001,50mM 2DG,1h,yes,MN,0.786948706071911,0.8684508749736451,0.7980859579335885,0.8873488310232464,0.7689914118705811,0.8136003849791743
vLH92_MN_60x-1xzoom_0000_XY11_488.tif,11,3307,1656,1651,0.5007559721802237,288.9792785644531,0.7186574800958467,311.3157043457031,291.0,1029521.0,355.21563720703125,351.0,586461.0,267.5483093261719,268.0,443060.0,False,vLH92_MN_60x-1xzoom_0000_XY11_Dapi-ex_Green-em.tif,260.4611511230469,250.0,861345.0,287.1078186035156,287.0,474015.0,233.89492797851562,234.0,387330.0,167.7637043457031,211.66363720703123,123.99630932617185,147.44799999999998,207.44799999999998,124.44799999999998,117.88195112304689,144.52861860351564,91.31572797851564,107.42080000000001,144.4208,91.42080000000001,50mM 2DG,1h,yes,MN,1.423150047547049,1.3726205725520566,1.4645102074052656,1.4364135913940372,1.357885569891587,1.3612657075851442
vLH92_MN_60x-1xzoom_0000_XY11_488.tif,12,1907,976,931,0.5117986366019927,225.40567016601562,0.691317547072893,249.33822631835938,229.0,475488.0,282.0322265625,255.0,262572.0,218.15164184570312,218.0,212916.0,False,vLH92_MN_60x-1xzoom_0000_XY11_Dapi-ex_Green-em.tif,241.4556884765625,228.0,460456.0,266.470458984375,248.0,248084.0,217.59426879882812,217.0,212372.0,105.78622631835935,138.48022656249998,74.5996418457031,85.44799999999998,111.44799999999998,74.44799999999998,98.87648847656251,123.89125898437501,75.01506879882814,85.42080000000001,105.42080000000001,74.42080000000001,50mM 2DG,1h,yes,MN,1.0698825165442107,1.0003184236157934,1.117756229920667,1.0571727780475957,0.9944620866210346,1.0003654892180676
vLH92_MN_60x-1xzoom_0000_XY11_488.tif,13,2967,1677,1290,0.5652173913043478,259.4016418457031,0.32777020962512365,268.9925842285156,262.0,798101.0,296.7891540527344,292.0,382858.0,247.61061096191406,247.0,415243.0,False,vLH92_MN_60x-1xzoom_0000_XY11_Dapi-ex_Green-em.tif,289.1719055175781,277.0,857973.0,307.0449523925781,293.0,396088.0,275.4233703613281,265.0,461885.0,125.4405842285156,153.23715405273435,104.05861096191404,118.44799999999998,148.44799999999998,103.44799999999998,146.59270551757814,164.46575239257814,132.84417036132814,134.4208,150.4208,122.42080000000001,50mM 2DG,1h,yes,MN,0.855708227674902,0.8811731517741299,0.9317268295891704,0.9868847925286927,0.7833133413297767,0.8450198005567678
vLH92_MN_60x-1xzoom_0000_XY11_488.tif,14,953,695,258,0.7292759706190975,186.08738708496094,0.5499022339102069,187.94754028320312,186.0,179114.0,193.12791442871094,192.0,49827.0,186.0244598388672,184.0,129287.0,False,vLH92_MN_60x-1xzoom_0000_XY11_Dapi-ex_Green-em.tif,219.3777618408203,214.0,209067.0,228.4224853515625,223.0,58933.0,216.0201416015625,212.0,150134.0,44.395540283203104,49.57591442871092,42.47245983886717,42.44799999999998,48.44799999999998,40.44799999999998,76.79856184082033,85.84328535156251,73.44094160156251,71.42080000000001,80.42080000000001,69.42080000000001,50mM 2DG,1h,yes,MN,0.5780777558728422,0.5943366638290242,0.5775165084336854,0.602431211825796,0.5783212866372553,0.5826495805291781
vLH92_MN_60x-1xzoom_0000_XY11_488.tif,15,995,404,598,0.40603015075376886,221.15280151367188,0.566467780981256,223.56683349609375,220.0,222449.0,233.75083923339844,231.0,139783.0,208.0445556640625,206.0,84050.0,False,vLH92_MN_60x-1xzoom_0000_XY11_Dapi-ex_Green-em.tif,375.7577819824219,350.0,373879.0,424.2391357421875,406.0,253695.0,301.65594482421875,292.5,121869.0,80.01483349609373,90.19883923339842,64.49255566406248,76.44799999999998,87.44799999999998,62.44799999999998,233.1785819824219,281.6599357421875,159.07674482421876,207.4208,263.4208,149.9208,50mM 2DG,1h,yes,MN,0.3431482978231921,0.3685647726746786,0.3202402180335664,0.33197074794397397,0.4054178738402482,0.4165399330846685
vLH92_MN_60x-1xzoom_0000_XY11_488.tif,16,5627,2129,3498,0.3783543628931935,239.52865600585938,0.7025963661391826,248.7760772705078,242.0,1399863.0,266.7707214355469,268.0,933164.0,219.21043395996094,218.0,466699.0,False,vLH92_MN_60x-1xzoom_0000_XY11_Dapi-ex_Green-em.tif,260.2644348144531,244.0,1464508.0,284.31304931640625,271.0,994527.0,220.7519989013672,219.0,469981.0,105.22407727050779,123.21872143554685,75.65843395996092,98.44799999999998,124.44799999999998,74.44799999999998,117.68523481445314,141.73384931640626,78.1727989013672,101.42080000000001,128.4208,76.42080000000001,50mM 2DG,1h,yes,MN,0.8941145202829219,0.9706884583832899,0.8693669298466149,0.969064201437773,0.9678358076371459,0.9741850386282264
vLH92_MN_60x-1xzoom_0000_XY11_488.tif,17,789,521,268,0.6603295310519645,201.87489318847656,0.6038630581359509,207.36375427246094,201.0,163610.0,224.87313842773438,216.0,60266.0,198.3570098876953,196.0,103344.0,False,vLH92_MN_60x-1xzoom_0000_XY11_Dapi-ex_Green-em.tif,241.6071014404297,217.0,190628.0,292.4253845214844,249.5,78370.0,215.46641540527344,210.0,112258.0,63.81175427246092,81.32113842773435,54.80500988769529,57.44799999999998,72.44799999999998,52.44799999999998,99.0279014404297,149.8461845214844,72.88721540527345,74.42080000000001,106.92080000000001,67.42080000000001,50mM 2DG,1h,yes,MN,0.6443815666521715,0.7719347279255258,0.5426974246119348,0.6775856521836722,0.7519152650154626,0.7779201670701025
vLH92_MN_60x-1xzoom_0000_XY11_488.tif,18,1120,636,484,0.5678571428571428,189.54401397705078,0.46973694691814116,193.66160583496094,190.5,216901.0,205.50619506835938,203.0,99465.0,184.64779663085938,184.0,117436.0,False,vLH92_MN_60x-1xzoom_0000_XY11_Dapi-ex_Green-em.tif,215.4830322265625,209.0,241341.0,228.63223266601562,220.0,110658.0,205.47640991210938,201.0,130683.0,50.10960583496092,61.954195068359354,41.095796630859354,46.94799999999998,59.44799999999998,40.44799999999998,72.90383222656251,86.05303266601564,62.89720991210939,66.42080000000001,77.42080000000001,58.420800000000014,50mM 2DG,1h,yes,MN,0.6873384334479948,0.706826777154144,0.7199536512421661,0.7678556666942213,0.6533802801155305,0.6923561471256807
vLH92_MN_60x-1xzoom_0000_XY11_488.tif,19,348,275,73,0.7902298850574713,216.71351623535156,0.6650797198331072,217.55172729492188,217.0,75708.0,224.2876739501953,223.0,16373.0,215.76364135742188,214.0,59335.0,False,vLH92_MN_60x-1xzoom_0000_XY11_Dapi-ex_Green-em.tif,335.0804748535156,333.5,116608.0,335.1369934082031,335.0,24465.0,335.0654602050781,333.0,92143.0,73.99972729492185,80.73567395019529,72.21164135742185,73.44799999999998,79.44799999999998,70.44799999999998,192.50127485351564,192.55779340820314,192.48626020507814,190.9208,192.4208,190.4208,50mM 2DG,1h,yes,MN,0.3844116219553982,0.38470402386748836,0.4192802198301254,0.41288675652528195,0.3751521863455934,0.3699595842470989
vLH92_MN_60x-1xzoom_0000_XY11_488.tif,20,1504,918,586,0.6103723404255319,221.94915008544922,0.6225546063461701,223.54388427734375,220.0,336210.0,239.02389526367188,238.0,140068.0,213.6623077392578,210.5,196142.0,False,vLH92_MN_60x-1xzoom_0000_XY11_Dapi-ex_Green-em.tif,340.9421691894531,323.0,512777.0,402.70989990234375,388.0,235988.0,301.5130615234375,295.0,276789.0,79.99188427734373,95.47189526367185,70.11030773925779,76.44799999999998,94.44799999999998,66.94799999999998,198.36296918945314,260.13069990234374,158.9338615234375,180.4208,245.4208,152.4208,50mM 2DG,1h,yes,MN,0.40326016798500747,0.423720546633204,0.36701510163741985,0.3848410566667535,0.4411288259608468,0.43923139099125563
vLH92_MN_60x-1xzoom_0000_XY11_488.tif,21,786,439,356,0.5585241730279898,190.15037536621094,0.37923333306552903,192.1094207763672,191.0,150998.0,202.8511199951172,201.0,72215.0,183.04783630371094,182.0,80358.0,False,vLH92_MN_60x-1xzoom_0000_XY11_Dapi-ex_Green-em.tif,254.6717529296875,250.0,200172.0,272.4410095214844,268.0,96989.0,239.47608947753906,235.0,105130.0,48.55742077636717,59.29911999511717,39.49583630371092,47.44799999999998,57.44799999999998,38.44799999999998,112.09255292968751,129.8618095214844,96.89688947753908,107.42080000000001,125.42080000000001,92.42080000000001,50mM 2DG,1h,yes,MN,0.43319042619027387,0.44170216568858145,0.4566324788913918,0.4580420472521302,0.4076068542207038,0.4160102487751672
vLH92_MN_60x-1xzoom_0000_XY12_488.tif,1,1841,1002,839,0.5442694187941336,202.5792694091797,0.3291534101614699,203.1075439453125,201.0,373921.0,216.56138610839844,214.0,181695.0,191.84231567382812,190.0,192226.0,False,vLH92_MN_60x-1xzoom_0000_XY12_Dapi-ex_Green-em.tif,281.71319580078125,278.0,518634.0,320.3063049316406,312.0,268737.0,249.39820861816406,247.0,249897.0,60.16514394531251,73.61898610839845,48.89991567382813,58.05760000000001,71.05760000000001,47.05760000000001,137.93719580078124,176.53030493164061,105.62220861816405,134.224,168.224,103.22399999999999,50mM 2DG,1h,yes,MN,0.4361778097345643,0.43254261532959837,0.41703313284881355,0.4223987064865894,0.462970016567318,0.4558784778733629
vLH92_MN_60x-1xzoom_0000_XY12_488.tif,2,1502,806,696,0.5366178428761651,213.9182357788086,0.5521537077685438,223.08189392089844,215.0,335069.0,239.22413635253906,227.0,166500.0,209.14268493652344,209.0,168569.0,False,vLH92_MN_60x-1xzoom_0000_XY12_Dapi-ex_Green-em.tif,197.2163848876953,187.0,296219.0,212.73562622070312,191.0,148064.0,183.8151397705078,184.0,148155.0,80.13949392089845,96.28173635253907,66.20028493652345,72.05760000000001,84.05760000000001,66.05760000000001,53.4403848876953,68.95962622070311,40.0391397705078,43.22399999999999,47.22399999999999,40.22399999999999,50mM 2DG,1h,yes,MN,1.4996054779416574,1.6670738478622993,1.3962044406156204,1.7799762832458077,1.653389291477374,1.6422434367541772
vLH92_MN_60x-1xzoom_0000_XY12_488.tif,3,976,439,537,0.44979508196721313,212.21141815185547,0.50217968160532,214.51742553710938,212.0,209369.0,224.05772399902344,223.0,120319.0,202.84738159179688,203.0,89050.0,False,vLH92_MN_60x-1xzoom_0000_XY12_Dapi-ex_Green-em.tif,329.1690673828125,316.0,321269.0,367.145263671875,361.0,197157.0,282.71527099609375,281.0,124112.0,71.57502553710938,81.11532399902345,59.90498159179688,69.05760000000001,80.05760000000001,60.05760000000001,185.3930673828125,223.369263671875,138.93927099609374,172.224,217.224,137.224,50mM 2DG,1h,yes,MN,0.38607174770627367,0.40097547380156084,0.3631445198215823,0.36854859499871107,0.4311594638601573,0.43766105054509424
vLH92_MN_60x-1xzoom_0000_XY12_488.tif,4,1479,728,751,0.49222447599729546,214.482177734375,0.333673430995203,217.01014709472656,215.0,320958.0,227.87350463867188,226.0,171133.0,205.80357360839844,205.0,149825.0,False,vLH92_MN_60x-1xzoom_0000_XY12_Dapi-ex_Green-em.tif,322.0513916015625,306.0,476314.0,349.15045166015625,324.0,262212.0,294.0961608886719,290.0,214102.0,74.06774709472657,84.93110463867188,62.861173608398445,72.05760000000001,83.05760000000001,62.05760000000001,178.2753916015625,205.37445166015624,150.32016088867186,162.224,180.224,146.224,50mM 2DG,1h,yes,MN,0.41546814975038543,0.44418581714173005,0.41354269702061963,0.46085759943181825,0.41818192075349003,0.42440091913776135
vLH92_MN_60x-1xzoom_0000_XY12_488.tif,5,1231,741,490,0.6019496344435419,230.50070190429688,0.39691761126529046,233.26319885253906,231.0,287147.0,246.93673706054688,244.0,120999.0,224.22132873535156,223.0,166148.0,False,vLH92_MN_60x-1xzoom_0000_XY12_Dapi-ex_Green-em.tif,336.00732421875,333.0,413625.0,351.6326599121094,354.0,172300.0,325.6747741699219,321.0,241325.0,90.32079885253907,103.99433706054688,81.27892873535157,88.05760000000001,101.05760000000001,80.05760000000001,192.23132421875,207.85665991210936,181.89877416992186,189.224,210.224,177.224,50mM 2DG,1h,yes,MN,0.4698547399577727,0.46536168773517106,0.5003175606907189,0.48071390516782103,0.44683604442229147,0.45173114250891533
vLH92_MN_60x-1xzoom_0000_XY12_488.tif,6,2878,1432,1446,0.4975677553856845,239.03954315185547,0.7048530076617665,265.42181396484375,245.0,763884.0,308.9176940917969,317.0,446695.0,221.50070190429688,221.0,317189.0,False,vLH92_MN_60x-1xzoom_0000_XY12_Dapi-ex_Green-em.tif,257.9732360839844,233.0,742447.0,302.2745361328125,290.0,437089.0,213.23883056640625,213.0,305358.0,122.47941396484376,165.97529409179688,78.55830190429688,102.05760000000001,174.0576,78.05760000000001,114.19723608398436,158.4985361328125,69.46283056640624,89.22399999999999,146.224,69.22399999999999,50mM 2DG,1h,yes,MN,1.0725252043295375,1.1438357392629788,1.0471724101774624,1.1903490535069483,1.1309401195391167,1.127608921761239
vLH92_MN_60x-1xzoom_0000_XY12_488.tif,7,3399,1704,1695,0.501323918799647,305.4189758300781,0.8387357018545043,325.4842529296875,310.0,1106321.0,395.1982421875,399.0,669861.0,256.13848876953125,253.0,436460.0,False,vLH92_MN_60x-1xzoom_0000_XY12_Dapi-ex_Green-em.tif,335.54193115234375,311.0,1140507.0,411.92388916015625,411.0,698211.0,259.5633850097656,257.0,442296.0,182.5418529296875,252.2558421875,113.19608876953126,167.0576,256.0576,110.05760000000001,191.76593115234374,268.14788916015624,115.78738500976561,167.224,267.224,113.22399999999999,50mM 2DG,1h,yes,MN,0.9518992859303648,0.9990049275223654,0.9407340217279712,0.9582133341316648,0.9776202196809626,0.9720341976966016
vLH92_MN_60x-1xzoom_0000_XY12_488.tif,8,2758,1433,1325,0.5195794053662074,222.93885040283203,0.7296739077224095,237.5609130859375,225.0,655193.0,269.5199890136719,270.0,357114.0,208.01046752929688,207.0,298079.0,False,vLH92_MN_60x-1xzoom_0000_XY12_Dapi-ex_Green-em.tif,234.2248077392578,213.0,645992.0,272.98565673828125,250.0,361706.0,198.3852081298828,198.0,284286.0,94.61851308593751,126.57758901367188,65.06806752929688,82.05760000000001,127.05760000000001,64.05760000000001,90.4488077392578,129.20965673828124,54.6092081298828,69.22399999999999,106.22399999999999,54.22399999999999,50mM 2DG,1h,yes,MN,1.046100169265912,1.1853923494741712,0.9796294813324928,1.1961289350805846,1.1915219018473713,1.1813514311006201
vLH92_MN_60x-1xzoom_0000_XY12_488.tif,9,5228,2615,2613,0.5001912777352716,211.6880111694336,0.6795618058602612,222.41354370117188,214.0,1162778.0,249.07730102539062,249.0,650839.0,195.77017211914062,195.0,511939.0,False,vLH92_MN_60x-1xzoom_0000_XY12_Dapi-ex_Green-em.tif,232.36668395996094,220.0,1214813.0,263.11749267578125,259.0,687526.0,201.63938903808594,201.0,527287.0,79.47114370117188,106.13490102539063,52.82777211914063,71.05760000000001,106.05760000000001,52.05760000000001,88.59068395996093,119.34149267578124,57.86338903808593,76.22399999999999,115.22399999999999,57.22399999999999,50mM 2DG,1h,yes,MN,0.897059827837985,0.9322208228379515,0.8893378040253831,0.9204471290703328,0.9129740410533018,0.909716202991752
vLH92_MN_60x-1xzoom_0000_XY12_488.tif,10,1935,980,955,0.5064599483204134,206.2822723388672,0.6228772288485178,209.2025909423828,207.0,404807.0,221.1769561767578,219.0,211224.0,197.53367614746094,197.0,193583.0,False,vLH92_MN_60x-1xzoom_0000_XY12_Dapi-ex_Green-em.tif,207.836181640625,203.0,402163.0,221.1926727294922,214.0,211239.0,194.82040405273438,195.0,190924.0,66.26019094238282,78.23455617675782,54.591276147460945,64.05760000000001,76.05760000000001,54.05760000000001,64.06018164062499,77.41667272949218,51.044404052734365,59.22399999999999,70.22399999999999,51.22399999999999,50mM 2DG,1h,yes,MN,1.0343428514470938,1.0816155612589493,1.0105646938628257,1.0830713146502622,1.0694860124346302,1.0553178197719824
vLH92_MN_60x-1xzoom_0000_XY13_488.tif,1,3511,1639,1872,0.46681857020791795,436.5785827636719,0.7700972685141637,421.1512451171875,439.0,1478662.0,498.43963623046875,502.0,933079.0,332.8755187988281,326.0,545583.0,False,vLH92_MN_60x-1xzoom_0000_XY13_Dapi-ex_Green-em.tif,312.72772216796875,317.0,1097987.0,363.9278869628906,354.0,681273.0,254.24893188476562,250.0,416714.0,278.2984451171875,355.58683623046875,190.02271879882812,296.1472,359.1472,183.1472,169.79652216796873,220.9966869628906,111.3177318847656,174.06879999999998,211.06879999999998,107.06879999999998,50mM 2DG,1h,yes,MN,1.6390114565590739,1.7013226953940053,1.6090143301115563,1.7015646083172882,1.707030098273442,1.7105562031142596
vLH92_MN_60x-1xzoom_0000_XY13_488.tif,2,3938,1955,1983,0.4964448958862367,283.1633758544922,0.7527868463995491,305.3725280761719,289.0,1202557.0,351.1871032714844,356.0,696404.0,258.90179443359375,258.0,506153.0,False,vLH92_MN_60x-1xzoom_0000_XY13_Dapi-ex_Green-em.tif,335.4052734375,305.0,1320826.0,393.8275451660156,389.0,780960.0,276.14630126953125,275.0,539866.0,162.51972807617187,208.33430327148437,116.04899443359375,146.1472,213.1472,115.1472,192.47407343749998,250.8963451660156,133.21510126953123,162.06879999999998,246.06879999999998,132.06879999999998,50mM 2DG,1h,yes,MN,0.8443720506021563,0.9017602400955644,0.8303600561962416,0.8662097754774275,0.8711399332932558,0.8718728420338492
vLH92_MN_60x-1xzoom_0000_XY13_488.tif,3,3179,1447,1732,0.45517458320226484,522.4722290039062,0.5375293068887337,514.3463134765625,524.0,1635107.0,614.3042602539062,622.0,1063975.0,394.7007751464844,383.0,571132.0,False,vLH92_MN_60x-1xzoom_0000_XY13_Dapi-ex_Green-em.tif,332.0399475097656,327.0,1055555.0,384.06640625,378.0,665203.0,269.76641845703125,261.0,390352.0,371.4935134765625,471.45146025390625,251.84797514648437,381.1472,479.1472,240.1472,189.1087475097656,241.13520624999998,126.83521845703123,184.06879999999998,235.06879999999998,118.06879999999998,50mM 2DG,1h,yes,MN,1.9644438365146408,2.0706779204297527,1.9551332531887649,2.038327502416314,1.9856312640152427,2.033959860691394
vLH92_MN_60x-1xzoom_0000_XY13_488.tif,4,551,305,246,0.5535390199637024,235.64111328125,0.4190193777906513,238.23048400878906,236.0,131265.0,252.2845458984375,250.0,62062.0,226.89508056640625,227.0,69203.0,False,vLH92_MN_60x-1xzoom_0000_XY13_Dapi-ex_Green-em.tif,347.4900207519531,338.0,191467.0,381.80487060546875,372.0,93924.0,319.8131103515625,322.0,97543.0,95.37768400878906,109.4317458984375,84.04228056640625,93.1472,107.1472,84.1472,204.5588207519531,238.87367060546873,176.88191035156248,195.06879999999998,229.06879999999998,179.06879999999998,50mM 2DG,1h,yes,MN,0.4662604313917292,0.4775094735806034,0.4581155621758683,0.4677511734465803,0.4751321398517667,0.46991547382905346
vLH92_MN_60x-1xzoom_0000_XY14_488.tif,1,577,291,286,0.5043327556325823,204.44862365722656,0.31662428142753435,206.10052490234375,203.0,118920.0,221.0524444580078,218.0,63221.0,191.40550231933594,190.0,55699.0,False,vLH92_MN_60x-1xzoom_0000_XY14_Dapi-ex_Green-em.tif,260.3310241699219,258.0,150211.0,291.7727355957031,284.0,83447.0,229.42955017089844,225.0,66764.0,61.866924902343754,76.81884445800782,47.17190231933594,58.766400000000004,73.7664,45.766400000000004,116.59982416992187,148.04153559570312,85.69835017089844,114.2688,140.2688,81.2688,50mM 2DG,1h,yes,MN,0.5305919227818439,0.5142821137528355,0.5189006189978853,0.5258931423096227,0.5504411954870356,0.5631484653397122
vLH92_MN_60x-1xzoom_0000_XY14_488.tif,2,1036,475,561,0.4584942084942085,222.2463836669922,0.36320749278846304,224.78860473632812,222.0,232881.0,232.0160369873047,230.0,130161.0,216.25262451171875,216.0,102720.0,False,vLH92_MN_60x-1xzoom_0000_XY14_Dapi-ex_Green-em.tif,352.28668212890625,344.0,364969.0,370.87701416015625,360.0,208062.0,330.3305358886719,327.0,156907.0,80.55500473632813,87.78243698730469,72.01902451171875,77.7664,85.7664,71.7664,208.55548212890625,227.14581416015625,186.59933588867187,200.2688,216.2688,183.2688,50mM 2DG,1h,yes,MN,0.38625215656780393,0.38831011121053305,0.38645852802469405,0.39657315340909094,0.3859554170904791,0.39159093091677366
vLH92_MN_60x-1xzoom_0000_XY14_488.tif,3,1019,509,510,0.49950932286555444,220.09796142578125,0.296594505999552,220.28851318359375,218.0,224474.0,233.89019775390625,233.0,119284.0,206.6601104736328,205.0,105190.0,False,vLH92_MN_60x-1xzoom_0000_XY14_Dapi-ex_Green-em.tif,305.73797607421875,302.0,311547.0,337.9333190917969,340.0,172346.0,273.4793701171875,274.0,139201.0,76.05491318359375,89.65659775390625,62.42651047363282,73.7664,88.7664,60.766400000000004,162.00677607421875,194.20211909179687,129.7481701171875,158.2688,196.2688,130.2688,50mM 2DG,1h,yes,MN,0.4694551365478156,0.46608301825754667,0.46166642348288034,0.45226954054847235,0.48113596066325787,0.46646933110614364
vLH92_MN_60x-1xzoom_0000_XY14_488.tif,4,1019,565,454,0.5544651619234544,207.0995330810547,0.33310614789816945,211.4102020263672,208.0,215427.0,223.497802734375,221.0,101468.0,201.6973419189453,202.0,113959.0,False,vLH92_MN_60x-1xzoom_0000_XY14_Dapi-ex_Green-em.tif,289.449462890625,272.0,294949.0,321.5550537109375,293.0,145986.0,263.6513366699219,263.0,148963.0,67.17660202636719,79.264202734375,57.46374191894532,63.766400000000004,76.7664,57.766400000000004,145.718262890625,177.8238537109375,119.92013666992187,128.2688,149.2688,119.2688,50mM 2DG,1h,yes,MN,0.46100331347477996,0.4971310248478196,0.44574561331475443,0.5142829579925611,0.47918342585877205,0.4843378989308185
vLH92_MN_60x-1xzoom_0000_XY14_488.tif,5,1251,675,576,0.539568345323741,216.0870361328125,0.2775329993501076,217.36691284179688,216.0,271926.0,228.14756774902344,227.0,131413.0,208.1674041748047,208.0,140513.0,False,vLH92_MN_60x-1xzoom_0000_XY14_Dapi-ex_Green-em.tif,334.7817687988281,327.0,418812.0,366.12152099609375,353.0,210886.0,308.03851318359375,306.0,207926.0,73.13331284179688,83.91396774902344,63.93380417480469,71.7664,82.7664,63.766400000000004,191.05056879882812,222.39032099609375,164.30731318359375,183.2688,209.2688,162.2688,50mM 2DG,1h,yes,MN,0.3827955776399943,0.39159093091677366,0.37732742761991594,0.39550281742906734,0.389111129237238,0.39296771776213296
vLH92_MN_60x-1xzoom_0000_XY14_488.tif,6,4834,2389,2457,0.4942076954902772,350.79986572265625,0.7370264579466729,389.7947998046875,355.0,1884268.0,471.19781494140625,490.0,1157733.0,305.4068603515625,303.0,729617.0,False,vLH92_MN_60x-1xzoom_0000_XY14_Dapi-ex_Green-em.tif,277.0957946777344,257.0,1339481.0,323.1221008300781,322.0,793911.0,229.48890686035156,227.0,548249.0,245.5611998046875,326.9642149414062,161.1732603515625,210.7664,345.7664,158.7664,133.36459467773437,179.39090083007812,85.75770686035156,113.2688,178.2688,83.2688,50mM 2DG,1h,yes,MN,1.8412772925083143,1.8607630697950364,1.8226354482221585,1.939578883124809,1.879402636243739,1.9066733278250678
vLH92_MN_60x-1xzoom_0000_XY14_488.tif,7,4170,1855,2315,0.4448441247002398,514.4107055664062,0.6566738736273291,556.1592407226562,512.0,2319184.0,683.0341186523438,724.0,1581224.0,397.8221130371094,387.0,737960.0,False,vLH92_MN_60x-1xzoom_0000_XY14_Dapi-ex_Green-em.tif,501.0021667480469,459.0,2089179.0,609.6514282226562,620.0,1411343.0,365.4102478027344,357.0,677836.0,411.9256407226562,538.8005186523437,253.58851303710938,367.7664,579.7664,242.7664,357.2709667480469,465.92022822265625,221.67904780273437,315.2688,476.2688,213.2688,50mM 2DG,1h,yes,MN,1.1529782127892656,1.1665169531523576,1.1564222500227208,1.217309216979991,1.1439444347612422,1.1383118393313978
vLH92_MN_60x-1xzoom_0000_XY14_488.tif,8,928,0,928,0.0,286.1737823486328,,284.58404541015625,285.0,264094.0,284.58404541015625,285.0,264094.0,,,,True,vLH92_MN_60x-1xzoom_0000_XY14_Dapi-ex_Green-em.tif,292.7445983886719,273.5,271667.0,292.7445983886719,273.5,271667.0,,,,140.35044541015625,140.35044541015625,,140.7664,140.7664,,149.01339838867187,149.01339838867187,,129.7688,129.7688,,50mM 2DG,1h,yes,MN,0.9418646036383921,1.0847476435013657,0.9418646036383921,1.0847476435013657,,
vLH92_MN_60x-1xzoom_0000_XY14_488.tif,9,1382,759,624,0.5492040520984081,253.27175903320312,0.34962911527303625,261.79449462890625,254.0,361800.0,282.6490478515625,269.0,176373.0,244.57180786132812,244.0,185630.0,False,vLH92_MN_60x-1xzoom_0000_XY14_Dapi-ex_Green-em.tif,317.01593017578125,311.0,438116.0,329.0096130371094,321.5,205302.0,307.10540771484375,305.0,233093.0,117.56089462890625,138.4154478515625,100.33820786132813,109.7664,124.7664,99.7664,173.28473017578125,185.27841303710937,163.37420771484375,167.2688,177.7688,161.2688,50mM 2DG,1h,yes,MN,0.6784261631688588,0.6562275809953799,0.7470673219974057,0.7018464432453839,0.614161863520466,0.6186342305517248
vLH92_MN_60x-1xzoom_0000_XY14_488.tif,10,2884,1308,1576,0.4535367545076283,291.05445861816406,0.5952926865825735,294.0904846191406,292.0,848157.0,310.32550048828125,308.0,489073.0,274.529052734375,275.0,359084.0,False,vLH92_MN_60x-1xzoom_0000_XY14_Dapi-ex_Green-em.tif,322.8235168457031,308.0,931023.0,345.6110534667969,335.0,544683.0,295.3669738769531,289.0,386340.0,149.85688461914063,166.09190048828125,130.295452734375,147.7664,163.7664,130.7664,179.09231684570312,201.87985346679687,151.63577387695312,164.2688,191.2688,145.2688,50mM 2DG,1h,yes,MN,0.8367577529763588,0.899540265710835,0.8227264763474694,0.8562107358858319,0.8592659199280045,0.9001685151939026
vLH92_MN_60x-1xzoom_0000_XY14_488.tif,11,4958,2420,2538,0.4881000403388463,225.9412384033203,0.6197150543503337,233.3598175048828,228.0,1156998.0,251.60638427734375,249.0,638577.0,214.2235565185547,213.0,518421.0,False,vLH92_MN_60x-1xzoom_0000_XY14_Dapi-ex_Green-em.tif,235.14280700683594,224.0,1165838.0,253.6331787109375,245.0,643721.0,215.75082397460938,212.0,522117.0,89.12621750488282,107.37278427734375,69.98995651855469,83.7664,104.7664,68.7664,91.41160700683594,109.9019787109375,72.01962397460937,80.2688,101.2688,68.2688,50mM 2DG,1h,yes,MN,0.9749989134117047,1.0435735927284326,0.9769868162224268,1.034537784589133,0.9718178554115994,1.007288834723915
vLH92_MN_60x-1xzoom_0000_XY14_488.tif,12,936,490,446,0.5235042735042735,236.2092742919922,0.28877205454057575,244.97650146484375,238.0,229298.0,265.914794921875,255.0,118598.0,225.91836547851562,225.0,110700.0,False,vLH92_MN_60x-1xzoom_0000_XY14_Dapi-ex_Green-em.tif,313.9166564941406,311.0,293826.0,332.02691650390625,330.0,148084.0,297.4326477050781,296.0,145742.0,100.74290146484375,121.681194921875,81.68476547851563,93.7664,110.7664,80.7664,170.18545649414062,188.29571650390625,153.70144770507812,167.2688,186.2688,152.2688,50mM 2DG,1h,yes,MN,0.5919595219249082,0.5605731612829171,0.6462239140705609,0.5946589015444347,0.5314508529239887,0.5304198890383323
vLH92_MN_60x-1xzoom_0000_XY14_488.tif,13,3649,1838,1811,0.5036996437380105,363.957275390625,0.20552423354850186,341.0879821777344,357.0,1244630.0,380.97900390625,380.0,689953.0,301.7829284667969,295.0,554677.0,False,vLH92_MN_60x-1xzoom_0000_XY14_Dapi-ex_Green-em.tif,291.2995300292969,291.0,1062952.0,326.5494079589844,319.0,591381.0,256.5674743652344,249.0,471571.0,196.85438217773438,236.74540390625,157.54932846679688,212.7664,235.7664,150.7664,147.56833002929687,182.81820795898437,112.83627436523437,147.2688,175.2688,105.2688,50mM 2DG,1h,yes,MN,1.333988005005225,1.4447486500874591,1.2949771609147613,1.345170389709977,1.3962648922352128,1.432204033863785
vLH92_MN_60x-1xzoom_0000_XY14_488.tif,14,1522,889,633,0.5840998685939554,225.9604949951172,0.31900089718348684,229.1202392578125,226.0,348721.0,243.4960479736328,241.0,154133.0,218.88414001464844,219.0,194588.0,False,vLH92_MN_60x-1xzoom_0000_XY14_Dapi-ex_Green-em.tif,320.7417907714844,311.0,488169.0,362.2638244628906,349.0,229313.0,291.1766052246094,292.0,258856.0,84.8866392578125,99.26244797363282,74.65054001464844,81.7664,96.7664,74.7664,177.01059077148437,218.53262446289062,147.44540522460937,167.2688,205.2688,148.2688,50mM 2DG,1h,yes,MN,0.47955683831030615,0.48883234649857,0.45422255929795385,0.4714130934657386,0.506292752228734,0.5042625285967108
vLH92_MN_60x-1xzoom_0000_XY14_488.tif,15,1023,694,329,0.678396871945259,234.7741241455078,0.6560506254085439,239.93841552734375,236.0,245457.0,257.155029296875,253.0,84604.0,231.7766571044922,230.0,160853.0,False,vLH92_MN_60x-1xzoom_0000_XY14_Dapi-ex_Green-em.tif,297.4740905761719,284.0,304316.0,332.0364685058594,335.0,109240.0,281.0893249511719,274.0,195076.0,95.70481552734375,112.921429296875,87.54305710449219,91.7664,108.7664,85.7664,153.74289057617187,188.30526850585937,137.35812495117187,140.2688,191.2688,130.2688,50mM 2DG,1h,yes,MN,0.6224991293495086,0.6542181867956381,0.5996721716437865,0.5686573032298002,0.6373343923820454,0.6583802107642045
vLH92_MN_60x-1xzoom_0000_XY14_488.tif,16,2416,1267,1149,0.5244205298013245,247.38350677490234,0.4309658610875934,260.37542724609375,251.0,629067.0,284.3690185546875,276.0,326740.0,238.6164093017578,239.0,302327.0,False,vLH92_MN_60x-1xzoom_0000_XY14_Dapi-ex_Green-em.tif,272.68914794921875,247.0,658817.0,312.825927734375,273.0,359437.0,236.2904510498047,236.0,299380.0,116.14182724609375,140.1354185546875,94.38280930175782,106.7664,131.7664,94.7664,128.95794794921875,169.094727734375,92.55925104980469,103.2688,129.2688,92.2688,50mM 2DG,1h,yes,MN,0.900617830021832,1.0338688936058131,0.8287391359405442,1.0193209807780377,1.0197015234163023,1.0270687382950683
vLH92_MN_60x-1xzoom_0000_XY14_488.tif,17,930,487,444,0.5236559139784946,207.96086883544922,0.24230395212824551,208.16021728515625,207.0,193589.0,214.979736328125,214.0,95451.0,201.9075927734375,202.0,98329.0,False,vLH92_MN_60x-1xzoom_0000_XY14_Dapi-ex_Green-em.tif,269.79248046875,266.0,250907.0,284.2139587402344,281.0,126191.0,256.6283264160156,256.0,124978.0,63.926617285156254,70.746136328125,57.673992773437504,62.766400000000004,69.7664,57.766400000000004,126.06128046875,140.48275874023437,112.89712641601562,122.2688,137.2688,112.2688,50mM 2DG,1h,yes,MN,0.5071074722345325,0.5133476406082337,0.5035930171256187,0.508246593544928,0.5108543911110199,0.5145365408733327
vLH92_MN_60x-1xzoom_0000_XY14_488.tif,18,1994,920,1074,0.46138415245737213,317.8125305175781,0.5259064907747099,336.20562744140625,322.0,670394.0,375.124755859375,377.0,402884.0,290.771728515625,292.0,267510.0,False,vLH92_MN_60x-1xzoom_0000_XY14_Dapi-ex_Green-em.tif,283.5175476074219,269.0,565334.0,315.014892578125,307.0,338326.0,246.74783325195312,246.0,227008.0,191.97202744140625,230.891155859375,146.538128515625,177.7664,232.7664,147.7664,139.78634760742187,171.283692578125,103.01663325195312,125.2688,163.2688,102.2688,50mM 2DG,1h,yes,MN,1.3733245823157454,1.419079611204067,1.348004310183015,1.425663690797017,1.422470565090485,1.4448825057104415
vLH92_MN_60x-1xzoom_0000_XY15_488.tif,1,4950,2116,2834,0.42747474747474745,242.96351623535156,0.7128434816886259,251.55999755859375,245.0,1245222.0,268.4834289550781,270.0,760882.0,228.89413452148438,229.0,484340.0,False,vLH92_MN_60x-1xzoom_0000_XY15_Dapi-ex_Green-em.tif,268.0369567871094,256.0,1326783.0,290.38037109375,283.0,822938.0,238.11199951171875,237.0,503845.0,108.40959755859373,125.3330289550781,85.74373452148436,101.84959999999998,126.84959999999998,85.84959999999998,125.32175678710936,147.66517109375,95.39679951171874,113.28479999999999,140.2848,94.28479999999999,50mM 2DG,1h,yes,MN,0.8650500945558464,0.8990579495219129,0.848765000079175,0.9042291110654895,0.8988114377039601,0.9105348900352972
vLH92_MN_60x-1xzoom_0000_XY15_488.tif,2,2287,1160,1127,0.5072146917358985,244.86521911621094,0.766745301779799,258.8036804199219,249.0,591884.0,285.0088806152344,280.0,321205.0,233.34396362304688,233.0,270679.0,False,vLH92_MN_60x-1xzoom_0000_XY15_Dapi-ex_Green-em.tif,303.3078308105469,284.0,693665.0,340.74713134765625,327.0,384022.0,266.9336242675781,267.0,309643.0,115.65328041992186,141.85848061523436,90.19356362304686,105.84959999999998,136.84959999999998,89.84959999999998,160.59263081054686,198.03193134765624,124.21842426757811,141.2848,184.2848,124.28479999999999,50mM 2DG,1h,yes,MN,0.720165550786446,0.7491931191465748,0.7163414488252088,0.7425984128913508,0.7260884539056902,0.7229331342207574
vLH92_MN_60x-1xzoom_0000_XY15_488.tif,3,2906,1521,1385,0.5233998623537509,246.1510009765625,0.7268029340753113,259.0450744628906,252.0,752785.0,283.4888000488281,282.0,392632.0,236.7869873046875,236.0,360153.0,False,vLH92_MN_60x-1xzoom_0000_XY15_Dapi-ex_Green-em.tif,272.022705078125,246.0,790498.0,316.3407897949219,291.0,438132.0,231.66732788085938,227.0,352366.0,115.8946744628906,140.3384000488281,93.63658730468748,108.84959999999998,138.84959999999998,92.84959999999998,129.307505078125,173.62558979492186,88.95212788085936,103.28479999999999,148.2848,84.28479999999999,50mM 2DG,1h,yes,MN,0.8962718319626488,1.0538782086037828,0.8082817758291795,0.9363710913053799,1.0526627022357733,1.1016173734765935
vLH92_MN_60x-1xzoom_0000_XY15_488.tif,4,2841,1374,1467,0.4836325237592397,238.3063507080078,0.7931992704278212,255.8641357421875,241.0,726910.0,289.47308349609375,294.0,424657.0,219.9803466796875,219.0,302253.0,False,vLH92_MN_60x-1xzoom_0000_XY15_Dapi-ex_Green-em.tif,273.353759765625,252.0,776598.0,311.5364685058594,310.0,457024.0,232.58660888671875,232.0,319574.0,112.71373574218748,146.32268349609373,76.82994667968748,97.84959999999998,150.84959999999998,75.84959999999998,130.638559765625,168.82126850585936,89.87140888671874,109.28479999999999,167.2848,89.28479999999999,50mM 2DG,1h,yes,MN,0.862790710066033,0.8953633076145996,0.8667313354005229,0.9017531778141229,0.8548875290976046,0.8495242191280038
vLH92_MN_60x-1xzoom_0000_XY15_488.tif,5,1218,869,349,0.7134646962233169,272.5975799560547,0.517272686093208,275.8957214355469,274.0,336041.0,289.7736511230469,286.0,101131.0,270.32220458984375,269.0,234910.0,False,vLH92_MN_60x-1xzoom_0000_XY15_Dapi-ex_Green-em.tif,318.7816162109375,306.0,388276.0,332.5530090332031,315.0,116061.0,313.2508544921875,303.0,272215.0,132.74532143554686,146.62325112304686,127.17180458984373,130.84959999999998,142.84959999999998,125.84959999999998,176.0664162109375,189.83780903320311,170.5356544921875,163.2848,172.2848,160.2848,50mM 2DG,1h,yes,MN,0.7539502665659445,0.8013581178407297,0.7723606370604608,0.829148015379186,0.7457197438771942,0.7851624109085826
vLH92_MN_60x-1xzoom_0000_XY15_488.tif,6,4750,2019,2731,0.42505263157894735,383.0121765136719,0.41951237182809975,403.960205078125,382.0,1918811.0,463.50750732421875,484.0,1265839.0,323.41357421875,320.0,652972.0,False,vLH92_MN_60x-1xzoom_0000_XY15_Dapi-ex_Green-em.tif,385.6305236816406,360.0,1831745.0,431.2771911621094,444.0,1177818.0,323.8865661621094,322.0,653927.0,260.809805078125,320.35710732421876,180.26317421874998,238.84959999999998,340.8496,176.84959999999998,242.91532368164061,288.5619911621094,181.17136616210936,217.2848,301.2848,179.2848,50mM 2DG,1h,yes,MN,1.0736655107848878,1.0992467029447066,1.110184699079954,1.131320265741916,0.9949871110286449,0.9864171418882136
vLH92_MN_60x-1xzoom_0000_XY15_488.tif,7,3692,1810,1882,0.490249187432286,360.9380340576172,0.4386065734745771,374.903564453125,367.0,1384144.0,447.2545166015625,455.0,841733.0,299.6745910644531,292.0,542411.0,False,vLH92_MN_60x-1xzoom_0000_XY15_Dapi-ex_Green-em.tif,354.2933349609375,348.0,1308051.0,412.756103515625,413.0,776807.0,293.5049743652344,286.0,531244.0,231.75316445312498,304.1041166015625,156.5241910644531,223.84959999999998,311.8496,148.84959999999998,211.5781349609375,270.040903515625,150.78977436523436,205.2848,270.2848,143.2848,50mM 2DG,1h,yes,MN,1.09535498314092,1.090434362407738,1.1261409388076888,1.153781492706952,1.0380292146689547,1.038837336549306
vLH92_MN_60x-1xzoom_0000_XY16_488.tif,1,4580,2078,2502,0.4537117903930131,277.1184387207031,0.5609128853829163,294.19781494140625,282.0,1347426.0,320.8896789550781,320.0,802866.0,262.0596618652344,263.0,544560.0,False,vLH92_MN_60x-1xzoom_0000_XY16_Dapi-ex_Green-em.tif,247.6504364013672,218.0,1134239.0,282.5072021484375,253.0,706833.0,205.68142700195312,205.0,427406.0,154.22181494140625,180.91367895507813,122.08366186523438,142.024,180.024,123.024,107.3304364013672,142.1872021484375,65.36142700195313,77.68,112.68,64.68,50mM 2DG,1h,yes,MN,1.4368879892064033,1.8283213182286302,1.272362605223864,1.5976570820021299,1.8678243034930413,1.9020408163265303
vLH92_MN_60x-1xzoom_0000_XY16_488.tif,2,3337,1512,1825,0.4531015882529218,327.9247741699219,0.4860129456239644,307.98590087890625,326.0,1027749.0,356.0865783691406,358.0,649858.0,249.92791748046875,240.0,377891.0,False,vLH92_MN_60x-1xzoom_0000_XY16_Dapi-ex_Green-em.tif,284.4501037597656,291.0,949210.0,324.29150390625,323.0,591832.0,236.36111450195312,223.0,357378.0,168.00990087890625,216.11057836914063,109.95191748046875,186.024,218.024,100.024,144.13010375976563,183.97150390625,96.04111450195313,150.68,182.68,82.68,50mM 2DG,1h,yes,MN,1.165682230819338,1.234563312981152,1.1746959381234845,1.1934749288373112,1.14484216526072,1.2097726173197871
vLH92_MN_60x-1xzoom_0000_XY16_488.tif,3,3285,1538,1747,0.4681887366818874,438.521240234375,0.6930419551722989,494.7823486328125,447.0,1625360.0,579.6170654296875,572.0,1012591.0,398.41937255859375,399.0,612769.0,False,vLH92_MN_60x-1xzoom_0000_XY16_Dapi-ex_Green-em.tif,425.7245178222656,391.0,1398505.0,501.9702453613281,500.0,876942.0,339.11767578125,339.0,521563.0,354.8063486328125,439.6410654296875,258.44337255859375,307.024,432.024,259.024,285.40451782226563,361.65024536132813,198.79767578125,250.68,359.68,198.68,50mM 2DG,1h,yes,MN,1.24317004979496,1.2247646401787138,1.2156526120711961,1.2011343416370106,1.3000321635700398,1.3037245822428025
vLH92_MN_60x-1xzoom_0000_XY16_488.tif,4,3137,1490,1648,0.47497609180745937,347.9835510253906,0.6009787780390522,338.750732421875,340.0,1062661.0,387.2888488769531,378.0,638252.0,285.0818786621094,281.0,424772.0,False,vLH92_MN_60x-1xzoom_0000_XY16_Dapi-ex_Green-em.tif,295.0911560058594,277.0,925701.0,340.5364074707031,306.0,561204.0,244.8167724609375,240.0,364777.0,198.774732421875,247.31284887695313,145.10587866210938,200.024,238.024,141.024,154.77115600585938,200.21640747070313,104.4967724609375,136.68,165.68,99.68,50mM 2DG,1h,yes,MN,1.284313805954578,1.4634474685396546,1.235227681892861,1.4366489618541767,1.3886158897046526,1.4147672552166932
vLH92_MN_60x-1xzoom_0000_XY16_488.tif,5,3358,1678,1680,0.4997022036926742,289.70904541015625,0.724422571447148,278.25909423828125,290.0,934394.0,329.3553466796875,329.0,553317.0,227.10191345214844,220.0,381077.0,False,vLH92_MN_60x-1xzoom_0000_XY16_Dapi-ex_Green-em.tif,238.60690307617188,236.0,801242.0,275.9101257324219,267.0,463529.0,201.2592315673828,197.0,337713.0,138.28309423828125,189.3793466796875,87.12591345214844,150.024,189.024,80.024,98.28690307617188,135.59012573242188,60.93923156738282,95.68,126.68,56.68000000000001,50mM 2DG,1h,yes,MN,1.4069330695170292,1.5679765886287624,1.3967045583644866,1.4921376697189768,1.4297179536274593,1.4118560338743824
vLH92_MN_60x-1xzoom_0000_XY17_488.tif,1,940,476,464,0.5063829787234042,181.0452117919922,0.5325328446820047,182.645751953125,180.0,171687.0,191.85128784179688,191.0,89019.0,173.67227172851562,173.0,82668.0,False,vLH92_MN_60x-1xzoom_0000_XY17_Dapi-ex_Green-em.tif,238.2872314453125,230.0,223990.0,265.637939453125,253.0,123256.0,211.6260528564453,211.0,100734.0,42.27135195312499,51.47688784179687,33.29787172851562,39.62559999999999,50.62559999999999,32.62559999999999,97.0312314453125,124.381939453125,70.37005285644531,88.744,111.744,69.744,50mM 2DG,1h,yes,MN,0.43564686671991204,0.44651582078788415,0.4138614341288401,0.4530498281786941,0.4731824174758426,0.4677907777013075
vLH92_MN_60x-1xzoom_0000_XY17_488.tif,2,3337,1624,1713,0.4866646688642493,248.23497009277344,0.5857759097474964,269.216064453125,253.0,898374.0,302.1156005859375,303.0,517524.0,234.5135498046875,234.0,380850.0,False,vLH92_MN_60x-1xzoom_0000_XY17_Dapi-ex_Green-em.tif,277.3656005859375,254.0,925569.0,317.40338134765625,304.0,543712.0,235.1336212158203,235.0,381857.0,128.841664453125,161.7412005859375,94.13914980468749,112.62559999999999,162.6256,93.62559999999999,136.1096005859375,176.14738134765625,93.87762121582031,112.744,162.744,93.744,50mM 2DG,1h,yes,MN,0.9466023256146164,0.9989498332505499,0.9182151863314633,0.999272477019122,1.002785845928775,0.9987369858337599
vLH92_MN_60x-1xzoom_0000_XY17_488.tif,3,3439,1699,1740,0.4940389648153533,272.8570861816406,0.694465498866267,293.9755859375,277.0,1010982.0,341.4649353027344,346.0,594149.0,245.34019470214844,245.0,416833.0,False,vLH92_MN_60x-1xzoom_0000_XY17_Dapi-ex_Green-em.tif,327.3076477050781,296.0,1125611.0,390.22357177734375,383.0,678989.0,262.8734436035156,262.0,446622.0,153.6011859375,201.09053530273437,104.96579470214843,136.6256,205.6256,104.62559999999999,186.05164770507812,248.96757177734375,121.61744360351562,154.744,241.744,120.744,50mM 2DG,1h,yes,MN,0.8255835830112219,0.882913715556015,0.8076977008177326,0.8505923621682441,0.8630817388691943,0.8665076525541641
vLH92_MN_60x-1xzoom_0000_XY17_488.tif,4,1075,0,1075,0.0,499.4195251464844,,481.6781311035156,498.0,517804.0,481.6781311035156,498.0,517804.0,,,,True,vLH92_MN_60x-1xzoom_0000_XY17_Dapi-ex_Green-em.tif,232.1823272705078,231.0,249596.0,232.1823272705078,231.0,249596.0,,,,341.3037311035156,341.3037311035156,,357.62559999999996,357.62559999999996,,90.92632727050781,90.92632727050781,,89.744,89.744,,50mM 2DG,1h,yes,MN,3.7536293541047745,3.9849527545016934,3.7536293541047745,3.9849527545016934,,
vLH92_MN_60x-1xzoom_0000_XY17_488.tif,5,617,313,304,0.5072933549432739,222.781494140625,0.352452520444542,223.98379516601562,224.0,138198.0,236.9736785888672,235.0,72040.0,211.36741638183594,210.0,66158.0,False,vLH92_MN_60x-1xzoom_0000_XY17_Dapi-ex_Green-em.tif,313.4051818847656,310.0,193371.0,336.21710205078125,337.0,102210.0,291.24920654296875,288.0,91161.0,83.60939516601562,96.59927858886718,70.99301638183593,83.62559999999999,94.62559999999999,69.62559999999999,172.14918188476562,194.96110205078125,149.99320654296875,168.744,195.744,146.744,50mM 2DG,1h,yes,MN,0.4856798867739182,0.4955767316171241,0.49547975248778653,0.4834150727480791,0.4733082118722388,0.47446982500136287
vLH92_MN_60x-1xzoom_0000_XY17_488.tif,6,3714,1718,1996,0.46257404415724285,323.343505859375,0.6530306820227982,341.5258483886719,332.0,1268427.0,400.5230407714844,408.0,799444.0,272.9819641113281,269.0,468983.0,False,vLH92_MN_60x-1xzoom_0000_XY17_Dapi-ex_Green-em.tif,266.63677978515625,242.0,990289.0,311.5060119628906,299.0,621766.0,214.50698852539062,213.0,368523.0,201.15144838867187,260.14864077148434,132.60756411132812,191.6256,267.62559999999996,128.6256,125.38077978515625,170.25001196289062,73.25098852539062,100.744,157.744,71.744,50mM 2DG,1h,yes,MN,1.6043244326072221,1.9021043436829985,1.5280388986297921,1.6965818034283393,1.8103177415191198,1.7928412132024976
vLH92_MN_60x-1xzoom_0000_XY17_488.tif,7,745,383,362,0.5140939597315436,200.9556427001953,0.38282876731697824,200.8899383544922,201.0,149663.0,216.6077423095703,215.0,78412.0,186.033935546875,185.0,71251.0,False,vLH92_MN_60x-1xzoom_0000_XY17_Dapi-ex_Green-em.tif,259.0093994140625,259.0,192962.0,290.745849609375,289.0,105250.0,229.0130615234375,229.0,87712.0,60.51553835449218,76.2333423095703,45.65953554687499,60.62559999999999,74.62559999999999,44.62559999999999,117.7533994140625,149.489849609375,87.7570615234375,117.744,147.744,87.744,50mM 2DG,1h,yes,MN,0.5139175485006441,0.5148933278978122,0.5099566459446719,0.5051007147498375,0.5202947176470873,0.5085886214442012
vLH92_MN_60x-1xzoom_0000_XY18_488.tif,1,687,375,312,0.5458515283842795,204.6998291015625,0.495018576424976,205.16738891601562,202.0,140950.0,217.724365234375,216.0,67930.0,194.72000122070312,194.0,73020.0,False,vLH92_MN_60x-1xzoom_0000_XY18_Dapi-ex_Green-em.tif,299.8821105957031,295.0,206019.0,350.349365234375,335.0,109309.0,257.8933410644531,254.0,96710.0,63.31298891601563,75.869965234375,52.86560122070313,60.1456,74.1456,52.1456,157.17811059570312,207.645365234375,115.18934106445312,152.296,192.296,111.29599999999999,50mM 2DG,1h,yes,MN,0.4028104719929523,0.39492567106161686,0.365382416066636,0.3855805632982486,0.45894525250494034,0.4685307648073606
vLH92_MN_60x-1xzoom_0000_XY18_488.tif,2,2128,1059,1069,0.4976503759398496,224.74462127685547,0.7679494755973286,246.9375,229.0,525483.0,286.6286315917969,286.0,306406.0,206.87158203125,206.0,219077.0,False,vLH92_MN_60x-1xzoom_0000_XY18_Dapi-ex_Green-em.tif,261.0944519042969,229.0,555609.0,314.1075744628906,285.0,335781.0,207.5807342529297,207.0,219828.0,105.0831,144.77423159179688,65.01718203125,87.1456,144.1456,64.1456,118.39045190429687,171.40357446289062,64.87673425292968,86.29599999999999,142.296,64.29599999999999,50mM 2DG,1h,yes,MN,0.8875977607125437,1.0098451840177993,0.8446395125974513,1.0129982571541014,1.00216484044608,0.9976608187134505
vLH92_MN_60x-1xzoom_0000_XY18_488.tif,3,3721,1814,1907,0.4875033593120129,433.0090026855469,0.7659850052560914,463.4998779296875,433.0,1724683.0,565.73046875,579.0,1078848.0,356.0281066894531,351.0,645835.0,False,vLH92_MN_60x-1xzoom_0000_XY18_Dapi-ex_Green-em.tif,445.9774169921875,416.0,1659482.0,540.6995239257812,551.0,1031114.0,346.39910888671875,341.0,628368.0,321.6454779296875,423.87606875,214.17370668945313,291.1456,437.1456,209.1456,303.2734169921875,397.99552392578124,203.69510888671874,273.296,408.296,198.296,50mM 2DG,1h,yes,MN,1.0605791998511143,1.065312335343364,1.0650272258565525,1.070658541842193,1.0514425597158636,1.0547141646831
vLH92_MN_60x-1xzoom_0000_XY18_488.tif,4,2635,1212,1423,0.4599620493358634,451.2025451660156,0.6973822632361278,476.6489562988281,450.0,1255970.0,560.2607421875,565.0,797251.0,378.48101806640625,370.0,458719.0,False,vLH92_MN_60x-1xzoom_0000_XY18_Dapi-ex_Green-em.tif,436.09600830078125,406.0,1149113.0,513.9859619140625,511.0,731402.0,344.6460266113281,338.0,417711.0,334.7945562988281,418.4063421875,236.62661806640625,308.1456,423.1456,228.1456,293.39200830078124,371.2819619140625,201.94202661132812,263.296,368.296,195.296,50mM 2DG,1h,yes,MN,1.141116822635474,1.1703390860476421,1.1269234304583453,1.14892803614484,1.1717551915126343,1.1682041618875962
vLH92_MN_60x-1xzoom_0000_XY18_488.tif,5,3256,1640,1616,0.5036855036855037,197.70496368408203,0.7207586210047042,210.41615295410156,203.0,685115.0,231.1837921142578,232.0,373593.0,189.9524383544922,190.0,311522.0,False,vLH92_MN_60x-1xzoom_0000_XY18_Dapi-ex_Green-em.tif,213.32586669921875,200.0,694589.0,240.35891723632812,234.0,388420.0,186.68841552734375,186.0,306169.0,68.56175295410156,89.32939211425781,48.09803835449219,61.1456,90.1456,48.1456,70.62186669921874,97.65491723632812,43.98441552734374,57.29599999999999,91.29599999999999,43.29599999999999,50mM 2DG,1h,yes,MN,0.9708289536739197,1.067187936330634,0.914745459238655,0.9873992288818788,1.0935245535908311,1.1120103473762013
vLH92_MN_60x-1xzoom_0000_XY18_488.tif,6,3466,1582,1884,0.45643392960184653,382.13014221191406,0.7796659099023293,379.64483642578125,381.0,1315849.0,421.11358642578125,420.0,793378.0,330.2597961425781,329.0,522471.0,False,vLH92_MN_60x-1xzoom_0000_XY18_Dapi-ex_Green-em.tif,359.2486877441406,339.0,1245156.0,409.33599853515625,392.0,771189.0,299.5998840332031,298.0,473967.0,237.79043642578125,279.25918642578125,188.40539614257813,239.1456,278.1456,187.1456,216.54468774414062,266.63199853515624,156.89588403320312,196.296,249.296,155.296,50mM 2DG,1h,yes,MN,1.0981125369685525,1.2182907445898032,1.0473581114044723,1.1157242795712727,1.2008307120581112,1.2050896352771483
vLH92_MN_60x-1xzoom_0000_XY19_488.tif,1,4362,1927,2435,0.44176983035304906,298.61192321777344,0.47556946323226457,296.3973083496094,298.5,1292885.0,329.6152038574219,332.0,802613.0,254.42242431640625,251.0,490272.0,False,vLH92_MN_60x-1xzoom_0000_XY19_Dapi-ex_Green-em.tif,290.8922424316406,283.0,1268872.0,326.1704406738281,316.0,794225.0,246.31396484375,245.0,474647.0,153.91090834960937,187.12880385742187,111.93602431640625,156.0136,189.5136,108.5136,148.23624243164062,183.51444067382812,103.65796484375,140.344,173.344,102.344,50mM 2DG,1h,yes,MN,1.0382812315320638,1.111651370917175,1.0196952521573917,1.0932804135130145,1.0798593671517116,1.0602829672477136
vLH92_MN_60x-1xzoom_0000_XY19_488.tif,2,4329,2096,2233,0.4841764841764842,229.58990478515625,0.8398201954173462,240.16146850585938,230.0,1039659.0,272.32244873046875,273.0,608096.0,205.89837646484375,204.0,431563.0,False,vLH92_MN_60x-1xzoom_0000_XY19_Dapi-ex_Green-em.tif,254.50196838378906,240.0,1101739.0,293.867431640625,286.0,656206.0,212.56346130371094,211.0,445533.0,97.67506850585937,129.83604873046875,63.41197646484375,87.5136,130.5136,61.5136,111.84596838378906,151.211431640625,69.90746130371093,97.344,143.344,68.344,50mM 2DG,1h,yes,MN,0.8732998597740819,0.8990138067061144,0.8586391076505524,0.910492242437772,0.9070845269198413,0.9000585274493738
vLH92_MN_60x-1xzoom_0000_XY19_488.tif,3,4965,1944,3022,0.3915407854984894,319.0563049316406,0.8185748638329012,327.77581787109375,321.0,1627407.0,357.8190002441406,360.0,1081329.0,281.04681396484375,279.0,546355.0,False,vLH92_MN_60x-1xzoom_0000_XY19_Dapi-ex_Green-em.tif,313.32769775390625,303.0,1555672.0,348.4407653808594,332.0,1052988.0,258.7134704589844,257.0,502939.0,185.28941787109375,215.33260024414062,138.56041396484375,178.5136,217.5136,136.5136,170.67169775390624,205.78476538085937,116.05747045898437,160.344,189.344,114.344,50mM 2DG,1h,yes,MN,1.0856481789866823,1.1133163698049195,1.0463971900233258,1.1487747169173568,1.1938948300084835,1.1938851185895194
vLH92_MN_60x-1xzoom_0000_XY19_488.tif,4,3522,1759,1763,0.4994321408290744,269.55230712890625,0.6288756001212298,296.0880126953125,271.0,1042822.0,349.717529296875,358.0,616552.0,242.3365478515625,242.0,426270.0,False,vLH92_MN_60x-1xzoom_0000_XY19_Dapi-ex_Green-em.tif,248.2180633544922,233.0,874224.0,284.4055480957031,279.0,501407.0,211.94827270507812,212.0,372817.0,153.6016126953125,207.231129296875,99.8501478515625,128.5136,215.5136,99.5136,105.56206335449218,141.74954809570312,69.29227270507812,90.344,136.344,69.344,50mM 2DG,1h,yes,MN,1.4550834628866318,1.422491809085274,1.4619526628540753,1.5806606818048465,1.4409997529817626,1.4350715274573143
vLH92_MN_60x-1xzoom_0000_XY19_488.tif,5,5634,2782,2852,0.49378771742988997,228.36465454101562,0.6869727293195286,231.1647186279297,225.0,1302382.0,261.8597412109375,256.0,746824.0,199.6973419189453,198.0,555558.0,False,vLH92_MN_60x-1xzoom_0000_XY19_Dapi-ex_Green-em.tif,235.38302612304688,232.0,1326148.0,266.4281311035156,262.0,759853.0,203.55679321289062,201.0,566295.0,88.67831862792968,119.3733412109375,57.21094191894531,82.5136,113.5136,55.5136,92.72702612304687,123.77213110351562,60.90079321289062,89.344,119.344,58.343999999999994,50mM 2DG,1h,yes,MN,0.9563373520709633,0.9235494269340975,0.9644605788608485,0.9511462662555302,0.9394120979500757,0.9514877279583163
vLH92_MN_60x-1xzoom_0000_XY19_488.tif,6,3392,1706,1686,0.5029481132075472,234.97049713134766,0.7764291462613687,245.95755004882812,237.0,834288.0,270.01068115234375,268.0,455238.0,222.1864013671875,222.0,379050.0,False,vLH92_MN_60x-1xzoom_0000_XY19_Dapi-ex_Green-em.tif,246.48143005371094,238.0,836065.0,268.080078125,262.0,451983.0,225.135986328125,225.0,384082.0,103.47115004882812,127.52428115234375,79.7000013671875,94.5136,125.5136,79.5136,103.82543005371093,125.424078125,82.479986328125,95.344,119.344,82.344,50mM 2DG,1h,yes,MN,0.9965877338076082,0.9912904849807015,1.0167448153396086,1.05169593779327,0.9662950361087833,0.9656271252307393
vLH92_MN_60x-1xzoom_0000_XY19_488.tif,7,5019,2308,2712,0.4598525602709703,278.41278076171875,0.19379301140534297,280.5090637207031,281.0,1407875.0,315.7632751464844,318.0,856350.0,239.0662841796875,234.0,551765.0,False,vLH92_MN_60x-1xzoom_0000_XY19_Dapi-ex_Green-em.tif,251.43753051757812,242.0,1261965.0,282.74298095703125,272.0,766799.0,214.63345336914062,212.0,495374.0,138.02266372070312,173.27687514648437,96.5798841796875,138.5136,175.5136,91.5136,108.78153051757812,140.08698095703124,71.97745336914062,99.344,129.344,69.344,50mM 2DG,1h,yes,MN,1.2688060469823956,1.3942824931550974,1.2369234739924435,1.3569520039584364,1.3418074641286883,1.3197046608214122
vLH92_MN_60x-1xzoom_0000_XY19_488.tif,8,1652,874,779,0.5290556900726392,292.92384338378906,0.12012017583350512,293.72760009765625,294.0,485238.0,313.2310791015625,313.0,244007.0,276.2780456542969,277.0,241467.0,False,vLH92_MN_60x-1xzoom_0000_XY19_Dapi-ex_Green-em.tif,278.7796630859375,276.0,460544.0,296.3504638671875,294.0,230857.0,263.09954833984375,259.0,229949.0,151.24120009765625,170.7446791015625,133.79164565429687,151.5136,170.5136,134.5136,136.1236630859375,153.6944638671875,120.44354833984374,133.344,151.344,116.344,50mM 2DG,1h,yes,MN,1.1110573773068004,1.136261099112071,1.1109357800233368,1.1266624378898404,1.1108245107225678,1.1561713539159733
vLH92_MN_60x-1xzoom_0000_XY20_488.tif,1,2650,1324,1326,0.499622641509434,208.7112808227539,0.7076161258784534,215.73924255371094,209.0,571709.0,238.0067901611328,234.0,315597.0,193.4380645751953,193.0,256112.0,False,vLH92_MN_60x-1xzoom_0000_XY20_Dapi-ex_Green-em.tif,229.32603454589844,208.0,607714.0,263.7254943847656,245.0,349700.0,194.87461853027344,193.0,258014.0,70.29764255371094,92.56519016113282,47.99646457519532,63.558400000000006,88.5584,47.558400000000006,84.11483454589842,118.5142943847656,49.66341853027342,62.78879999999998,99.78879999999998,47.78879999999998,50mM 2DG,1h,yes,MN,0.8357341833128384,1.0122569630252534,0.7810466293678714,0.8874583119548489,0.9664349735799607,0.9951787866613103
vLH92_MN_60x-1xzoom_0000_XY20_488.tif,2,3837,1948,1889,0.507688298149596,256.74371337890625,0.801591258696284,251.99322509765625,254.0,966898.0,286.8157653808594,287.0,541795.0,218.22535705566406,215.0,425103.0,False,vLH92_MN_60x-1xzoom_0000_XY20_Dapi-ex_Green-em.tif,264.1793212890625,261.0,1013656.0,302.0121765136719,298.0,570501.0,227.49229431152344,223.0,443155.0,106.55162509765626,141.37416538085938,72.78375705566407,108.5584,141.5584,69.5584,118.96812128906248,156.80097651367186,82.28109431152342,115.78879999999998,152.78879999999998,77.78879999999998,50mM 2DG,1h,yes,MN,0.8956317368311022,0.9375552730488615,0.9016153376349199,0.9264972301634676,0.8845744902237007,0.8941955654284425
vLH92_MN_60x-1xzoom_0000_XY20_488.tif,3,776,421,355,0.5425257731958762,238.18120574951172,0.379794311598348,238.07603454589844,239.0,184747.0,251.34365844726562,250.0,89227.0,226.88836669921875,226.0,95520.0,False,vLH92_MN_60x-1xzoom_0000_XY20_Dapi-ex_Green-em.tif,337.43170166015625,335.0,261847.0,369.31549072265625,373.0,131107.0,310.54632568359375,308.0,130740.0,92.63443454589844,105.90205844726563,81.44676669921876,93.5584,104.5584,80.5584,192.22050166015623,224.10429072265623,165.33512568359373,189.78879999999998,227.78879999999998,162.78879999999998,50mM 2DG,1h,yes,MN,0.4819175568986659,0.49296059619956506,0.4725570318433857,0.4590146662171275,0.4926162324095947,0.4948645115634492
vLH92_MN_60x-1xzoom_0000_XY20_488.tif,4,1227,685,542,0.5582722086389568,227.69639587402344,0.4055955407171739,229.64710998535156,228.0,281777.0,245.18450927734375,243.0,132890.0,217.35328674316406,216.0,148887.0,False,vLH92_MN_60x-1xzoom_0000_XY20_Dapi-ex_Green-em.tif,349.56561279296875,354.0,428917.0,382.0184631347656,377.0,207054.0,323.8876037597656,329.0,221863.0,84.20550998535157,99.74290927734376,71.91168674316407,82.5584,97.5584,70.5584,204.35441279296873,236.8072631347656,178.6764037597656,208.78879999999998,231.78879999999998,183.78879999999998,50mM 2DG,1h,yes,MN,0.4120562352165113,0.3954158460607083,0.4211986911084761,0.42089350305105344,0.4024688499990795,0.3839102273914407
vLH92_MN_60x-1xzoom_0000_XY20_488.tif,5,4093,2028,2065,0.4954800879550452,245.35891723632812,0.7561772413505012,250.5978546142578,244.0,1025697.0,286.1448059082031,285.0,590889.0,214.40237426757812,213.0,434808.0,False,vLH92_MN_60x-1xzoom_0000_XY20_Dapi-ex_Green-em.tif,264.7715759277344,252.0,1083710.0,306.38836669921875,293.0,632692.0,222.3954620361328,220.0,451018.0,105.15625461425782,140.70320590820313,68.96077426757813,98.5584,139.5584,67.5584,119.56037592773436,161.17716669921873,77.1842620361328,106.78879999999998,147.78879999999998,74.78879999999998,50mM 2DG,1h,yes,MN,0.8795242888648762,0.9229282471570055,0.8729723247386328,0.9443097176511348,0.8934564177771765,0.9033224226087332
vLH92_MN_60x-1xzoom_0000_XY20_488.tif,6,1103,587,516,0.5321849501359928,233.6574249267578,0.215209343380864,241.2094268798828,235.0,266054.0,260.1240234375,250.5,134224.0,224.58262634277344,224.0,131830.0,False,vLH92_MN_60x-1xzoom_0000_XY20_Dapi-ex_Green-em.tif,299.392578125,292.0,330230.0,321.72479248046875,317.0,166010.0,279.7615051269531,280.0,164220.0,95.76782687988282,114.6824234375,79.14102634277344,89.5584,105.0584,78.5584,154.18137812499998,176.51359248046873,134.5503051269531,146.78879999999998,171.78879999999998,134.78879999999998,50mM 2DG,1h,yes,MN,0.6211374424364053,0.6101173931526113,0.6497087381539166,0.6115555845317041,0.5881891257556124,0.5828258727728121
vLH92_MN_60x-1xzoom_0000_XY20_488.tif,7,673,435,238,0.6463595839524517,219.6165771484375,0.3994019280992104,221.08172607421875,220.0,148788.0,233.38235473632812,232.0,55545.0,214.3517303466797,214.0,93243.0,False,vLH92_MN_60x-1xzoom_0000_XY20_Dapi-ex_Green-em.tif,296.8870849609375,296.0,199805.0,313.9916076660156,310.5,74730.0,287.52874755859375,287.0,125075.0,75.64012607421876,87.94075473632813,68.9101303466797,74.5584,86.5584,68.5584,151.67588496093748,168.7804076660156,142.31754755859373,150.78879999999998,165.28879999999998,141.78879999999998,50mM 2DG,1h,yes,MN,0.49869579527226143,0.49445582165253665,0.5210365110051529,0.5236797653561525,0.4841998160368005,0.4835247918030198
vLH92_MN_60x-1xzoom_0000_XY20_488.tif,8,2568,1322,1247,0.514797507788162,388.4106140136719,0.5317544450411481,390.270263671875,389.0,1002214.0,417.16680908203125,415.0,520207.0,364.85552978515625,367.0,482339.0,False,vLH92_MN_60x-1xzoom_0000_XY20_Dapi-ex_Green-em.tif,415.7597351074219,404.0,1067671.0,444.83319091796875,429.0,554707.0,388.2738342285156,384.0,513298.0,244.828663671875,271.72520908203126,219.41392978515626,243.5584,269.5584,221.5584,270.54853510742186,299.62199091796873,243.0626342285156,258.7888,283.7888,238.78879999999998,50mM 2DG,1h,yes,MN,0.904934353367189,0.9411473757751495,0.9068934100916006,0.949855667313157,0.9027053067271295,0.927842511876604
vLH92_MN_60x-1xzoom_0000_XY20_488.tif,9,2902,1478,1424,0.5093039283252929,194.6527328491211,0.8492825345356376,205.61509704589844,198.0,596695.0,227.10533142089844,228.0,323398.0,184.91001892089844,185.0,273297.0,False,vLH92_MN_60x-1xzoom_0000_XY20_Dapi-ex_Green-em.tif,225.31805419921875,215.0,653873.0,252.15379333496094,249.0,359067.0,199.46278381347656,197.0,294806.0,60.17349704589844,81.66373142089844,39.46841892089844,52.558400000000006,82.5584,39.558400000000006,80.10685419921873,106.94259333496092,54.25158381347654,69.78879999999998,103.78879999999998,51.78879999999998,50mM 2DG,1h,yes,MN,0.7511653983596988,0.7531065156586734,0.7636221347757565,0.7954461367700563,0.7275072200029331,0.7638408304498274
vLH92_MN_60x-1xzoom_0000_XY20_488.tif,10,572,350,222,0.6118881118881119,182.04280853271484,0.55636550425673,188.47727966308594,183.0,107809.0,203.51351928710938,194.5,45180.0,178.94000244140625,179.0,62629.0,False,vLH92_MN_60x-1xzoom_0000_XY20_Dapi-ex_Green-em.tif,217.2517547607422,202.0,124268.0,254.05404663085938,228.0,56400.0,193.9085693359375,195.0,67868.0,43.03567966308594,58.07191928710938,33.498402441406256,37.558400000000006,49.058400000000006,33.558400000000006,72.04055476074217,108.84284663085936,48.69736933593748,56.78879999999998,82.78879999999998,49.78879999999998,50mM 2DG,1h,yes,MN,0.597381291773975,0.6613698475755786,0.5335391445986374,0.5925729084127324,0.687889364419635,0.6740150395269623
vLH92_MN_60x-1xzoom_0000_XY20_488.tif,11,758,391,367,0.5158311345646438,209.41809844970703,0.5494057875716716,212.62533569335938,211.0,161170.0,224.50680541992188,222.0,82394.0,201.47314453125,200.0,78776.0,False,vLH92_MN_60x-1xzoom_0000_XY20_Dapi-ex_Green-em.tif,327.3469543457031,309.0,248129.0,375.1253356933594,374.0,137671.0,282.50128173828125,283.0,110458.0,67.18373569335938,79.06520541992188,56.031544531250006,65.5584,76.5584,54.558400000000006,182.1357543457031,229.91413569335936,137.29008173828123,163.78879999999998,228.78879999999998,137.78879999999998,50mM 2DG,1h,yes,MN,0.3688662664544226,0.4002618005626759,0.3438901448207281,0.3346247718419783,0.4081252179459259,0.3959567105599295
vLH92_MN_60x-1xzoom_0000_XY20_488.tif,12,1137,547,590,0.4810905892700088,230.4188690185547,0.6829219094584228,228.87599182128906,224.0,260232.0,254.06610107421875,247.0,149899.0,201.70567321777344,201.0,110333.0,False,vLH92_MN_60x-1xzoom_0000_XY20_Dapi-ex_Green-em.tif,337.8443298339844,338.0,384129.0,410.998291015625,387.0,242489.0,258.9396667480469,251.0,141640.0,83.43439182128907,108.62450107421876,56.26407321777344,78.5584,101.5584,55.558400000000006,192.63312983398436,265.787091015625,113.72846674804686,192.78879999999998,241.78879999999998,105.78879999999998,50mM 2DG,1h,yes,MN,0.4331258693309647,0.4074842521972232,0.40868990536426386,0.42002938101351267,0.4947228677796248,0.5251822499168155
vLH92_MN_60x-1xzoom_0000_XY20_488.tif,13,625,328,297,0.5248,189.33705139160156,0.6295948716692426,188.58399963378906,187.0,117865.0,194.37710571289062,194.0,57730.0,183.33840942382812,183.0,60135.0,False,vLH92_MN_60x-1xzoom_0000_XY20_Dapi-ex_Green-em.tif,234.19839477539062,233.0,146374.0,253.33670043945312,252.0,75241.0,216.868896484375,214.5,71133.0,43.14239963378907,48.93550571289063,37.89680942382813,41.558400000000006,48.558400000000006,37.558400000000006,88.9871947753906,108.1255004394531,71.65769648437498,87.78879999999998,106.78879999999998,69.28879999999998,50mM 2DG,1h,yes,MN,0.4848158180812785,0.47339068309397114,0.4525806170977491,0.45471435206688354,0.5288588844338802,0.5420558589555602
vLH92_MN_60x-1xzoom_0000_XY20_488.tif,14,1451,735,716,0.5065472088215024,209.30799865722656,0.35078146940065863,214.2736053466797,211.0,310911.0,225.8323974609375,222.0,161696.0,203.01361083984375,203.0,149215.0,False,vLH92_MN_60x-1xzoom_0000_XY20_Dapi-ex_Green-em.tif,290.3797302246094,281.0,421341.0,315.3980407714844,312.0,225825.0,266.0081481933594,264.0,195516.0,68.8320053466797,80.3907974609375,57.572010839843756,65.5584,76.5584,57.558400000000006,145.16853022460936,170.18684077148436,120.79694819335936,135.78879999999998,166.78879999999998,118.78879999999998,50mM 2DG,1h,yes,MN,0.47415238853889774,0.48279681387566586,0.47236788165590876,0.45901403451550715,0.47660153423485824,0.48454399741389775
vLH92_MN_60x-1xzoom_0000_XY20_488.tif,15,784,400,384,0.5102040816326531,204.3614730834961,0.2798351072182872,209.3163299560547,205.0,164104.0,225.3645782470703,220.5,86540.0,193.91000366210938,194.0,77564.0,False,vLH92_MN_60x-1xzoom_0000_XY20_Dapi-ex_Green-em.tif,228.48724365234375,220.0,179134.0,248.8671875,235.0,95565.0,208.92250061035156,207.5,83569.0,63.87472995605469,79.92297824707032,48.46840366210938,59.558400000000006,75.0584,48.558400000000006,83.27604365234373,103.65598749999998,63.71130061035154,74.78879999999998,89.78879999999998,62.28879999999998,50mM 2DG,1h,yes,MN,0.7670240702442039,0.7963545343687828,0.7710406332974286,0.8359439039167471,0.7607504979145637,0.7795687186139406
vLH92_MN_60x-1xzoom_0000_XY20_488.tif,16,727,405,322,0.5570839064649243,192.22032165527344,0.41965644638456734,195.0137481689453,193.0,141775.0,205.75155639648438,204.0,66252.0,186.47654724121094,185.0,75523.0,False,vLH92_MN_60x-1xzoom_0000_XY20_Dapi-ex_Green-em.tif,220.48968505859375,210.0,160296.0,242.12733459472656,238.0,77965.0,203.2864227294922,199.0,82331.0,49.57214816894532,60.30995639648438,41.03494724121094,47.558400000000006,58.558400000000006,39.558400000000006,75.27848505859373,96.91613459472654,58.07522272949217,64.78879999999998,92.78879999999998,53.78879999999998,50mM 2DG,1h,yes,MN,0.6585168143375941,0.7340527992492533,0.6222901547681619,0.6310934078250825,0.7065826924564215,0.7354393479683506
vLH92_MN_60x-1xzoom_0000_XY20_488.tif,17,873,433,440,0.4959908361970218,189.99424743652344,0.5008995556226213,192.63230895996094,190.0,168168.0,204.41136169433594,202.0,89941.0,180.66281127929688,180.0,78227.0,False,vLH92_MN_60x-1xzoom_0000_XY20_Dapi-ex_Green-em.tif,258.0412292480469,246.0,225270.0,297.7545471191406,283.0,131012.0,217.6859130859375,215.0,94258.0,47.19070895996094,58.96976169433594,35.22121127929688,44.558400000000006,56.558400000000006,34.558400000000006,112.83002924804686,152.5433471191406,72.47471308593748,100.78879999999998,137.78879999999998,69.78879999999998,50mM 2DG,1h,yes,MN,0.4182460048487299,0.44209674090772005,0.3865770799448823,0.4104716783947608,0.4859793130540999,0.49518547388692763
vLH92_MN_60x-1xzoom_0000_XY21_488.tif,1,3739,1762,1978,0.4712489970580369,244.55615234375,0.5015705708958057,253.81973266601562,246.0,949032.0,281.53790283203125,283.0,556882.0,222.67764282226562,222.0,392358.0,False,vLH92_MN_60x-1xzoom_0000_XY21_Dapi-ex_Green-em.tif,266.7207946777344,251.0,997269.0,295.8988952636719,292.0,585288.0,233.92678833007812,233.0,412179.0,109.51253266601563,137.23070283203126,78.37044282226563,101.6928,138.6928,77.6928,122.41839467773437,151.59649526367187,89.62438833007812,106.6976,147.6976,88.6976,50mM 2DG,1h,yes,MN,0.8945757943837335,0.9530936028551721,0.9052366454339582,0.939032184680049,0.8744321080734713,0.8759289992062921
vLH92_MN_60x-1xzoom_0000_XY21_488.tif,2,2581,1285,1296,0.4978690430065866,205.34169006347656,0.806046506478674,217.4432373046875,209.0,561221.0,240.98841857910156,241.0,312321.0,193.69650268554688,194.0,248900.0,False,vLH92_MN_60x-1xzoom_0000_XY21_Dapi-ex_Green-em.tif,218.79270935058594,209.0,564704.0,242.6080322265625,238.0,314420.0,194.77354431152344,194.0,250284.0,73.1360373046875,96.68121857910157,49.38930268554688,64.6928,96.6928,49.692800000000005,74.49030935058593,98.3056322265625,50.47114431152343,64.6976,93.6976,49.697599999999994,50mM 2DG,1h,yes,MN,0.9818194868875548,0.9999258086853301,0.983475884232989,1.0319666672358738,0.9785651456741481,0.9999034158591161
vLH92_MN_60x-1xzoom_0000_XY21_488.tif,3,4673,2252,2421,0.481917397817248,469.5013427734375,0.42444149958660526,469.7934875488281,473.0,2195345.0,546.7967529296875,551.0,1323795.0,387.01153564453125,388.0,871550.0,False,vLH92_MN_60x-1xzoom_0000_XY21_Dapi-ex_Green-em.tif,412.12005615234375,407.0,1925837.0,478.56463623046875,481.0,1158605.0,340.6891784667969,343.0,767232.0,325.48628754882816,402.48955292968753,242.70433564453126,328.69280000000003,406.69280000000003,243.6928,267.8176561523437,334.2622362304687,196.38677846679687,262.69759999999997,336.69759999999997,198.6976,50mM 2DG,1h,yes,MN,1.2153279668898327,1.2512211759833363,1.2041131462190575,1.2078874337090615,1.235848653047513,1.2264506466107292
vLH92_MN_60x-1xzoom_0000_XY21_488.tif,4,2468,1253,1215,0.5076985413290114,262.64878845214844,0.7291252489015712,284.13330078125,264.0,701241.0,322.9481506347656,312.0,392382.0,246.49560546875,246.0,308859.0,False,vLH92_MN_60x-1xzoom_0000_XY21_Dapi-ex_Green-em.tif,276.2216491699219,258.0,681715.0,310.9160461425781,293.0,377763.0,242.57940673828125,242.0,303952.0,139.82610078125,178.64095063476563,102.18840546875,119.6928,167.6928,101.6928,131.91924916992187,166.61364614257812,98.27700673828124,113.6976,148.6976,97.6976,50mM 2DG,1h,yes,MN,1.0599370574126261,1.0527293452104531,1.0721867912421486,1.1277438237066368,1.0397997340403855,1.0408935326968114
vLH92_MN_60x-1xzoom_0000_XY21_488.tif,5,1890,876,1014,0.4634920634920635,290.1365661621094,0.7368703110165925,316.02911376953125,291.0,597295.0,366.04437255859375,350.0,371169.0,258.13470458984375,259.0,226126.0,False,vLH92_MN_60x-1xzoom_0000_XY21_Dapi-ex_Green-em.tif,275.212158203125,262.0,520151.0,306.31951904296875,299.5,310608.0,239.20433044433594,239.0,209543.0,171.72191376953126,221.73717255859376,113.82750458984376,146.6928,205.6928,114.6928,130.909758203125,162.01711904296874,94.90193044433593,117.6976,155.1976,94.6976,50mM 2DG,1h,yes,MN,1.311757932537622,1.2463533665937114,1.3686033541911493,1.3253607014541462,1.199422435949377,1.2111479065995339
vLH92_MN_60x-1xzoom_0000_XY21_488.tif,6,4219,2119,2100,0.5022517184166864,198.2476806640625,0.7336801688814152,206.97227478027344,203.0,873216.0,223.134765625,221.0,468583.0,190.95469665527344,190.0,404633.0,False,vLH92_MN_60x-1xzoom_0000_XY21_Dapi-ex_Green-em.tif,233.37615966796875,222.0,984614.0,259.3019104003906,252.0,544534.0,207.68287658691406,207.0,440080.0,62.66507478027344,78.827565625,46.64749665527344,58.692800000000005,76.6928,45.692800000000005,89.07375966796874,114.99951040039062,63.38047658691406,77.6976,107.6976,62.697599999999994,50mM 2DG,1h,yes,MN,0.7035189152659965,0.7554004242087273,0.6854600106604649,0.7121124333318478,0.7359915729144988,0.7287806869800441
vLH92_MN_60x-1xzoom_0000_XY21_488.tif,7,1877,1346,531,0.717101758124667,382.3251037597656,0.3378100311085574,374.6036376953125,379.0,703131.0,395.9811706542969,395.0,210266.0,366.1701354980469,372.0,492865.0,False,vLH92_MN_60x-1xzoom_0000_XY21_Dapi-ex_Green-em.tif,352.4448547363281,339.0,661539.0,398.12994384765625,370.0,211407.0,334.4219970703125,329.5,450132.0,230.2964376953125,251.67397065429688,221.86293549804688,234.6928,250.6928,227.6928,208.14245473632812,253.82754384765624,190.1195970703125,194.6976,225.6976,185.1976,50mM 2DG,1h,yes,MN,1.1064366372879033,1.2054221520963793,0.9915156048050802,1.110746414671667,1.1669651046861553,1.2294586970889472
vLH92_MN_60x-1xzoom_0000_XY21_488.tif,8,2670,1334,1336,0.49962546816479403,279.6960906982422,0.7366460480617848,292.2018737792969,282.0,780179.0,329.0726013183594,324.0,439641.0,255.27586364746094,254.0,340538.0,False,vLH92_MN_60x-1xzoom_0000_XY21_Dapi-ex_Green-em.tif,312.75543212890625,296.0,835057.0,351.4333801269531,341.0,469515.0,274.0195007324219,273.0,365542.0,147.89467377929688,184.76540131835938,110.96866364746094,137.6928,179.6928,109.6928,168.45303212890624,207.13098012695312,129.71710073242187,151.6976,196.6976,128.6976,50mM 2DG,1h,yes,MN,0.8779579204375652,0.9076794886669269,0.8920220490682484,0.9135485130474393,0.8554667273697794,0.8523298025759611
vLH92_MN_60x-1xzoom_0000_XY21_488.tif,9,1786,813,973,0.4552071668533035,392.04437255859375,0.14885784986593548,388.0279846191406,389.0,693018.0,405.9013366699219,403.0,394942.0,366.63714599609375,373.0,298076.0,False,vLH92_MN_60x-1xzoom_0000_XY21_Dapi-ex_Green-em.tif,389.580078125,385.0,695790.0,404.4183044433594,396.0,393499.0,371.8216552734375,369.0,302291.0,243.72078461914063,261.5941366699219,222.32994599609376,244.6928,258.69280000000003,228.6928,245.277678125,260.11590444335934,227.5192552734375,240.6976,251.6976,224.6976,50mM 2DG,1h,yes,MN,0.993652526729049,1.016598420590816,1.0056829751711105,1.027792080655517,0.9771917797853763,1.0177803412230482
vLH92_MN_60x-1xzoom_0000_XY21_488.tif,10,4182,1950,2232,0.46628407460545196,442.75474548339844,0.7520445019082879,481.4120178222656,444.0,2013265.0,579.1317138671875,600.0,1292622.0,369.5605163574219,366.0,720643.0,False,vLH92_MN_60x-1xzoom_0000_XY21_Dapi-ex_Green-em.tif,495.8467102050781,448.0,2073631.0,607.5900268554688,624.0,1356141.0,367.943603515625,367.0,717490.0,337.10481782226566,434.82451386718753,225.25331635742188,299.69280000000003,455.69280000000003,221.6928,351.5443102050781,463.2876268554687,223.641203515625,303.69759999999997,479.69759999999997,222.6976,50mM 2DG,1h,yes,MN,0.9589255409243035,0.986813198392085,0.9385627602846368,0.9499584738385184,1.0072084786544455,0.9954880519592488
vLH92_MN_60x-1xzoom_0000_XY21_488.tif,11,3860,1967,1893,0.5095854922279792,253.15850830078125,0.4768980115448676,272.03369140625,255.0,1050050.0,314.9624938964844,315.0,596224.0,230.71987915039062,229.0,453826.0,False,vLH92_MN_60x-1xzoom_0000_XY21_Dapi-ex_Green-em.tif,278.8595886230469,256.0,1076398.0,325.3602600097656,317.0,615907.0,234.10829162597656,232.0,460491.0,127.72649140625,170.65529389648438,86.41267915039063,110.6928,170.6928,84.6928,134.55718862304687,181.05786000976562,89.80589162597656,111.6976,172.6976,87.6976,50mM 2DG,1h,yes,MN,0.9492357317606225,0.9910042829926516,0.9425456253999679,0.988391268900089,0.9622161484714391,0.9657368046559999
vLH92_MN_60x-1xzoom_0000_XY21_488.tif,12,898,404,494,0.44988864142538976,200.62916564941406,0.6492728947595717,201.00445556640625,201.0,180502.0,209.1700439453125,209.0,103330.0,191.01980590820312,191.0,77172.0,False,vLH92_MN_60x-1xzoom_0000_XY21_Dapi-ex_Green-em.tif,276.34521484375,276.0,248158.0,302.8097229003906,304.0,149588.0,243.9851531982422,244.5,98570.0,56.697255566406255,64.8628439453125,46.71260590820313,56.692800000000005,64.6928,46.692800000000005,132.04281484375,158.50732290039062,99.68275319824218,131.6976,159.6976,100.1976,50mM 2DG,1h,yes,MN,0.4293853901365078,0.43047709297663744,0.4092103933019782,0.40509563074210264,0.4686127179423337,0.46600716983241125
vLH92_MN_60x-1xzoom_0000_XY22_488.tif,1,3814,2083,1732,0.5461457787100157,245.830322265625,0.42274084640969656,277.0411682128906,247.0,1056635.0,333.555419921875,308.0,577718.0,230.0187225341797,228.0,479129.0,False,vLH92_MN_60x-1xzoom_0000_XY22_Dapi-ex_Green-em.tif,275.968017578125,259.0,1052542.0,304.517333984375,288.0,527424.0,252.20066833496094,237.0,525334.0,134.50676821289062,191.021019921875,87.48432253417968,104.4656,165.4656,85.4656,133.065617578125,161.614933984375,109.29826833496094,116.0976,145.0976,94.0976,50mM 2DG,1h,yes,MN,1.01083037572737,0.8998084370391808,1.1819515388370172,1.1403744789713959,0.8004181938735832,0.9082654605430956
vLH92_MN_60x-1xzoom_0000_XY22_488.tif,2,6526,3102,3424,0.47532945142506894,584.704833984375,0.2836382064180301,572.367919921875,588.0,3735273.0,697.4801635742188,713.0,2388172.0,434.2685241699219,404.0,1347101.0,False,vLH92_MN_60x-1xzoom_0000_XY22_Dapi-ex_Green-em.tif,359.1216735839844,376.0,2343628.0,414.0689392089844,413.0,1417772.0,298.4706726074219,280.0,925856.0,429.833519921875,554.9457635742187,291.73412416992187,445.4656,570.4656,261.4656,216.21927358398437,271.1665392089844,155.56827260742187,233.0976,270.0976,137.0976,50mM 2DG,1h,yes,MN,1.9879519193506037,1.911069011435553,2.0465126899249526,2.1120720806108606,1.8752803465660117,1.907149359288565
vLH92_MN_60x-1xzoom_0000_XY22_488.tif,3,4843,1918,2925,0.39603551517654345,300.7199401855469,0.8439389208001447,296.9310302734375,302.0,1438037.0,332.28717041015625,336.0,971940.0,243.01199340820312,239.0,466097.0,False,vLH92_MN_60x-1xzoom_0000_XY22_Dapi-ex_Green-em.tif,288.0790710449219,281.0,1395167.0,321.77435302734375,312.0,941190.0,236.6929168701172,233.0,453977.0,154.3966302734375,189.75277041015624,100.47759340820312,159.4656,193.4656,96.4656,145.17667104492187,178.87195302734375,93.79051687011719,138.0976,169.0976,90.0976,50mM 2DG,1h,yes,MN,1.063508545568335,1.1547311466672845,1.0608302039456636,1.144106125693091,1.0712980028390964,1.0706789082062118
vLH92_MN_60x-1xzoom_0000_XY22_488.tif,4,3663,1660,2003,0.4531804531804532,507.15496826171875,0.6367735855285943,528.9577026367188,516.0,1937572.0,606.8717041015625,624.0,1215564.0,434.944580078125,431.0,722008.0,False,vLH92_MN_60x-1xzoom_0000_XY22_Dapi-ex_Green-em.tif,329.3647155761719,294.0,1206463.0,381.76336669921875,349.0,764672.0,266.13916015625,263.0,441791.0,386.42330263671874,464.3373041015625,292.410180078125,373.4656,481.4656,288.4656,186.46231557617187,238.86096669921875,123.23676015625,151.0976,206.0976,120.0976,50mM 2DG,1h,yes,MN,2.0723935635072634,2.471684527087128,1.9439647696237898,2.3361048357671317,2.3727512773573616,2.40192643316769
vLH92_MN_60x-1xzoom_0000_XY22_488.tif,5,3961,2002,1959,0.5054279222418581,242.79962158203125,0.47412888728085256,249.5089569091797,239.0,988305.0,283.06329345703125,272.0,554521.0,216.67532348632812,215.0,433784.0,False,vLH92_MN_60x-1xzoom_0000_XY22_Dapi-ex_Green-em.tif,250.26837158203125,242.0,991313.0,278.42572021484375,276.0,545436.0,222.71578979492188,218.0,445877.0,106.97455690917968,140.52889345703124,74.14092348632812,96.4656,129.4656,72.4656,107.36597158203125,135.52332021484375,79.81338979492187,99.0976,133.0976,75.0976,50mM 2DG,1h,yes,MN,0.9963543880143392,0.9734403254972874,1.0369351432229685,0.9727117543817468,0.928928387540374,0.9649522754388955
vLH92_MN_60x-1xzoom_0000_XY23_488.tif,1,977,471,506,0.4820880245649949,212.08053588867188,0.2689833361223464,217.02252197265625,212.0,212031.0,229.91502380371094,226.0,116337.0,203.17198181152344,203.0,95694.0,False,vLH92_MN_60x-1xzoom_0000_XY23_Dapi-ex_Green-em.tif,318.3940734863281,300.0,311071.0,359.4308166503906,344.0,181872.0,274.307861328125,272.0,129199.0,73.22092197265624,86.11342380371093,59.37038181152343,68.19839999999999,82.19839999999999,59.19839999999999,175.04047348632812,216.07721665039062,130.954261328125,156.6464,200.6464,128.6464,50mM 2DG,1h,yes,MN,0.41830852324776935,0.4353652557607452,0.3985307897733662,0.4096679531753373,0.4533673147356563,0.4601636734490821
vLH92_MN_60x-1xzoom_0000_XY23_488.tif,2,740,365,375,0.49324324324324326,209.46315002441406,0.41616618440986647,210.7175750732422,210.0,155931.0,219.22132873535156,218.0,82208.0,201.98081970214844,201.0,73723.0,False,vLH92_MN_60x-1xzoom_0000_XY23_Dapi-ex_Green-em.tif,316.89324951171875,317.0,234501.0,343.5973205566406,345.0,128849.0,289.45751953125,285.0,105652.0,66.91597507324218,75.41972873535155,58.17921970214843,66.19839999999999,74.19839999999999,57.19839999999999,173.53964951171875,200.24372055664062,146.10391953125,173.6464,201.6464,141.6464,50mM 2DG,1h,yes,MN,0.38559473446858317,0.38122529462171395,0.37663966952720723,0.36796292916709644,0.39820437322151747,0.4038111805171186
vLH92_MN_60x-1xzoom_0000_XY23_488.tif,3,534,301,233,0.5636704119850188,223.1197280883789,0.34004361953845075,224.95130920410156,223.0,120124.0,244.2617950439453,241.0,56913.0,210.00332641601562,210.0,63211.0,False,vLH92_MN_60x-1xzoom_0000_XY23_Dapi-ex_Green-em.tif,329.53558349609375,325.0,175972.0,376.5364685058594,370.0,87733.0,293.15283203125,295.0,88239.0,81.14970920410155,100.4601950439453,66.20172641601562,79.19839999999999,97.19839999999999,66.19839999999999,186.18198349609375,233.18286850585937,149.79923203125,181.6464,226.6464,151.6464,50mM 2DG,1h,yes,MN,0.4358623089102719,0.4360031357626685,0.43082150797635016,0.42885481525406977,0.4419363538673223,0.4365312991274438
vLH92_MN_60x-1xzoom_0000_XY23_488.tif,4,961,522,439,0.5431841831425598,199.55511474609375,0.3728155081359998,202.49740600585938,200.0,194600.0,210.8428192138672,209.0,92560.0,195.4789276123047,195.0,102040.0,False,vLH92_MN_60x-1xzoom_0000_XY23_Dapi-ex_Green-em.tif,282.96044921875,280.0,271925.0,297.4214172363281,292.0,130568.0,270.7988586425781,269.5,141357.0,58.69580600585937,67.04121921386718,51.67732761230468,56.19839999999999,65.19839999999999,51.19839999999999,139.60684921875,154.06781723632812,127.44525864257812,136.6464,148.6464,126.1464,50mM 2DG,1h,yes,MN,0.4204364351342741,0.41126879303077135,0.4351409685452422,0.43861405321622315,0.40548646660315874,0.4058649315398616
vLH92_MN_60x-1xzoom_0000_XY23_488.tif,5,1383,933,450,0.6746203904555315,197.61370849609375,0.6336624255028389,199.8958740234375,198.0,276456.0,209.94888305664062,207.0,94477.0,195.0471649169922,195.0,181979.0,False,vLH92_MN_60x-1xzoom_0000_XY23_Dapi-ex_Green-em.tif,207.1265411376953,203.0,286456.0,222.34445190429688,215.0,100055.0,199.78671264648438,200.0,186401.0,56.09427402343749,66.14728305664062,51.24556491699218,54.19839999999999,63.19839999999999,51.19839999999999,63.77294113769531,78.99085190429687,56.433112646484375,59.6464,71.6464,56.6464,50mM 2DG,1h,yes,MN,0.8795936493241164,0.9086617130287828,0.8374043507820732,0.8820875856986533,0.9080761721936427,0.9038244266184611
vLH92_MN_60x-1xzoom_0000_XY23_488.tif,6,1885,1397,488,0.7411140583554376,241.97894287109375,0.33553727823086366,245.5082244873047,242.0,462783.0,263.9508056640625,255.0,128808.0,239.06585693359375,238.0,333975.0,False,vLH92_MN_60x-1xzoom_0000_XY23_Dapi-ex_Green-em.tif,276.11724853515625,257.0,520481.0,327.327880859375,268.0,159736.0,258.22833251953125,254.0,360745.0,101.70662448730468,120.14920566406249,95.26425693359374,98.19839999999999,111.19839999999999,94.19839999999999,132.76364853515625,183.974280859375,114.87473251953125,113.6464,124.6464,110.6464,50mM 2DG,1h,yes,MN,0.7660728340135398,0.8640696053724535,0.6530760990222395,0.8921108030396385,0.8292881719432662,0.8513462706423345
vLH92_MN_60x-1xzoom_0000_XY23_488.tif,7,5493,2377,3116,0.4327325687238303,281.1447448730469,0.3343106494922901,266.6217041015625,275.0,1464553.0,294.20025634765625,294.0,916728.0,230.46908569335938,222.0,547825.0,False,vLH92_MN_60x-1xzoom_0000_XY23_Dapi-ex_Green-em.tif,250.61041259765625,244.0,1376603.0,279.0478210449219,262.0,869513.0,213.33192443847656,208.0,507090.0,122.82010410156249,150.39865634765624,86.66748569335937,131.1984,150.1984,78.19839999999999,107.25681259765625,135.69422104492187,69.97832443847656,100.6464,118.6464,64.6464,50mM 2DG,1h,yes,MN,1.1451030580433856,1.3035578023655092,1.108364491792664,1.2659330582301696,1.238490438129246,1.2096327096327095
vLH92_MN_60x-1xzoom_0000_XY23_488.tif,8,3624,1525,2099,0.4208057395143488,303.01812744140625,0.8334017121638702,297.89569091796875,304.5,1079574.0,339.1281433105469,344.0,711830.0,241.1436004638672,234.0,367744.0,False,vLH92_MN_60x-1xzoom_0000_XY23_Dapi-ex_Green-em.tif,309.4117126464844,307.0,1121308.0,354.6660461425781,355.0,744444.0,247.12393188476562,242.0,376864.0,154.09409091796874,195.32654331054687,97.34200046386718,160.6984,200.1984,90.19839999999999,166.05811264648437,211.31244614257812,103.77033188476562,163.6464,211.6464,98.6464,50mM 2DG,1h,yes,MN,0.9279528019568339,0.9819855493307521,0.9243494497184271,0.945909781597986,0.9380523189610982,0.9143607876212411
vLH92_MN_60x-1xzoom_0000_XY23_488.tif,9,5524,2413,3111,0.4368211440984794,316.9909210205078,0.8194144869980439,312.1417541503906,316.0,1724271.0,357.838623046875,359.0,1113236.0,253.2262725830078,248.0,611035.0,False,vLH92_MN_60x-1xzoom_0000_XY23_Dapi-ex_Green-em.tif,303.9681396484375,304.0,1679120.0,344.6737365722656,342.0,1072280.0,251.48777770996094,247.0,606840.0,168.34015415039062,214.037023046875,109.4246725830078,172.1984,215.1984,104.19839999999999,160.6145396484375,201.32013657226562,108.13417770996094,160.6464,198.6464,103.6464,50mM 2DG,1h,yes,MN,1.048100343336683,1.0719094856778615,1.0631674838450378,1.0833239364015657,1.0119341997172093,1.0053258000277867
vLH92_MN_60x-1xzoom_0000_XY23_488.tif,10,1352,908,445,0.6715976331360947,216.3119354248047,0.5572422487938544,217.83135986328125,216.0,294508.0,230.7123565673828,229.0,102667.0,211.5176239013672,210.0,192058.0,False,vLH92_MN_60x-1xzoom_0000_XY23_Dapi-ex_Green-em.tif,288.0229187011719,287.0,389407.0,301.9281005859375,300.0,134358.0,281.17291259765625,281.0,255305.0,74.02975986328124,86.9107565673828,67.71602390136718,72.19839999999999,85.19839999999999,66.19839999999999,144.66931870117187,158.5745005859375,137.81931259765625,143.6464,156.6464,137.6464,50mM 2DG,1h,yes,MN,0.5117170698522241,0.5026119693915058,0.5480752343298889,0.5438899329955874,0.49133914997134265,0.48093084889978954
vLH92_MN_60x-1xzoom_0000_XY23_488.tif,11,3790,1812,1989,0.47810026385224275,275.90118408203125,0.7557271196388793,304.3182067871094,281.0,1153366.0,362.66064453125,373.0,721332.0,240.00497436523438,238.0,434889.0,False,vLH92_MN_60x-1xzoom_0000_XY23_Dapi-ex_Green-em.tif,296.33746337890625,258.0,1123119.0,358.40673828125,349.0,712871.0,227.76214599609375,227.0,412705.0,160.51660678710937,218.85904453125,96.20337436523437,137.1984,229.1984,94.19839999999999,152.98386337890625,215.05313828125,84.40854599609375,114.6464,205.6464,83.6464,50mM 2DG,1h,yes,MN,1.0492388101714114,1.1967091858095849,1.0176975155090393,1.114526682694178,1.1397350023028054,1.1261500793817785
vLH92_MN_60x-1xzoom_0000_XY23_488.tif,12,4665,2216,2449,0.47502679528403,295.7552490234375,0.7836323621253642,301.7444763183594,296.0,1407638.0,345.9571228027344,345.0,847249.0,252.88311767578125,250.0,560389.0,False,vLH92_MN_60x-1xzoom_0000_XY23_Dapi-ex_Green-em.tif,303.79119873046875,295.0,1417186.0,347.5941162109375,341.0,851258.0,255.38267517089844,252.0,565928.0,157.94287631835937,202.15552280273437,109.08151767578124,152.1984,201.1984,106.19839999999999,160.43759873046875,204.2405162109375,112.02907517089844,151.6464,197.6464,108.6464,50mM 2DG,1h,yes,MN,0.9844505126488433,1.0036400468458202,0.9897914799331501,1.0179714884763902,0.9736893526022531,0.9774681903864278
vLH92_MN_60x-1xzoom_0000_XY23_488.tif,13,1986,989,998,0.49798590130916415,257.6482696533203,0.566885523600266,264.99951171875,261.0,526289.0,292.49298095703125,295.0,291908.0,237.21031188964844,238.0,234601.0,False,vLH92_MN_60x-1xzoom_0000_XY23_Dapi-ex_Green-em.tif,230.12437438964844,222.0,457027.0,245.8577117919922,238.0,245366.0,214.21131896972656,210.0,211855.0,121.19791171874999,148.69138095703124,93.40871188964843,117.19839999999999,151.1984,94.19839999999999,86.77077438964844,102.50411179199219,70.85771896972656,78.6464,94.6464,66.6464,50mM 2DG,1h,yes,MN,1.3967595952815264,1.4901940838995809,1.4505894286344843,1.5975081989383642,1.3182573930944153,1.4134056753252988
vLH92_MN_60x-1xzoom_0000_XY23_488.tif,14,3316,1954,1362,0.5892641737032569,462.07440185546875,0.5310186021135458,467.4306335449219,466.0,1550000.0,512.1328735351562,517.0,697525.0,436.2717590332031,440.0,852475.0,False,vLH92_MN_60x-1xzoom_0000_XY23_Dapi-ex_Green-em.tif,392.56121826171875,387.0,1301733.0,386.62774658203125,384.0,526587.0,396.697021484375,394.0,775146.0,323.62903354492187,368.33127353515624,292.4701590332031,322.1984,373.1984,296.1984,249.20761826171875,243.27414658203125,253.343421484375,243.6464,240.6464,250.6464,50mM 2DG,1h,yes,MN,1.2986321838887183,1.322401644350173,1.5140584345281267,1.550816467647137,1.1544414981039532,1.1817380979738787
vLH92_MN_60x-1xzoom_0000_XY23_488.tif,15,1361,919,442,0.6752387950036738,210.39732360839844,0.3395942924216186,211.89639282226562,210.0,288391.0,223.96380615234375,222.5,98992.0,206.09249877929688,205.0,189399.0,False,vLH92_MN_60x-1xzoom_0000_XY23_Dapi-ex_Green-em.tif,284.149169921875,280.0,386727.0,319.8099670410156,308.5,141356.0,266.9978332519531,267.0,245371.0,68.09479282226562,80.16220615234374,62.29089877929687,66.19839999999999,78.69839999999999,61.19839999999999,140.795569921875,176.45636704101562,123.64423325195312,136.6464,165.1464,123.6464,50mM 2DG,1h,yes,MN,0.48364300709212815,0.4844503770315207,0.4542891112209671,0.4765371815552745,0.5037913790315239,0.4949468807826188
vLH92_MN_60x-1xzoom_0000_XY23_488.tif,16,2836,1471,1365,0.518688293370945,197.90955352783203,0.2203992225900847,201.2320098876953,199.0,570694.0,213.57875061035156,211.0,291535.0,189.7749786376953,189.0,279159.0,False,vLH92_MN_60x-1xzoom_0000_XY23_Dapi-ex_Green-em.tif,264.6872253417969,253.0,750653.0,300.76629638671875,291.0,410546.0,231.20802307128906,229.0,340107.0,57.430409887695305,69.77715061035155,45.973378637695305,55.19839999999999,67.19839999999999,45.19839999999999,121.33362534179687,157.41269638671875,87.85442307128906,109.6464,147.6464,85.6464,50mM 2DG,1h,yes,MN,0.47332641488222094,0.5034219089728436,0.44327523898662347,0.4551306364394932,0.5232904278523396,0.5277326309103476
vLH92_MN_60x-1xzoom_0000_XY23_488.tif,17,3459,1724,1735,0.4984099450708297,251.4287567138672,0.5659517588080151,256.4986877441406,250.0,887229.0,295.0213317871094,288.0,511862.0,217.73028564453125,215.5,375367.0,False,vLH92_MN_60x-1xzoom_0000_XY23_Dapi-ex_Green-em.tif,259.7305603027344,253.0,898408.0,297.8807067871094,290.0,516823.0,221.33700561523438,218.0,381585.0,112.69708774414062,151.21973178710937,73.92868564453124,106.19839999999999,144.1984,71.69839999999999,116.37696030273437,154.52710678710937,77.98340561523437,109.6464,146.6464,74.6464,50mM 2DG,1h,yes,MN,0.9683797158043894,0.9685534591194968,0.9785967972301679,0.9833067842101817,0.9480053488467933,0.9605071376516482
vLH92_MN_60x-1xzoom_0000_XY23_488.tif,18,1618,1099,519,0.6792336217552534,190.64507293701172,0.45888892269330733,191.91099548339844,190.0,310512.0,203.30636596679688,201.0,105516.0,186.52957153320312,186.0,204996.0,False,vLH92_MN_60x-1xzoom_0000_XY23_Dapi-ex_Green-em.tif,245.1019744873047,238.0,396575.0,283.3236999511719,282.0,147045.0,227.05186462402344,226.0,249530.0,48.10939548339843,59.50476596679687,42.72797153320312,46.19839999999999,57.19839999999999,42.19839999999999,101.74837448730469,139.97009995117187,83.69826462402344,94.6464,138.6464,82.6464,50mM 2DG,1h,yes,MN,0.4728271653067157,0.4881157656286979,0.42512483728707,0.41254875712604144,0.5105000889222636,0.5105896929569829
vLH92_MN_60x-1xzoom_0000_XY23_488.tif,19,757,516,241,0.6816380449141347,202.03753662109375,0.7550751312575189,202.87451171875,202.0,153576.0,211.2904510498047,211.0,50921.0,198.9438018798828,199.0,102655.0,False,vLH92_MN_60x-1xzoom_0000_XY23_Dapi-ex_Green-em.tif,281.5508728027344,277.0,213134.0,305.3858947753906,304.0,73598.0,270.4186096191406,267.0,139536.0,59.07291171874999,67.48885104980468,55.142201879882805,58.19839999999999,67.19839999999999,55.19839999999999,138.19727280273437,162.03229477539062,127.06500961914062,133.6464,160.6464,123.6464,50mM 2DG,1h,yes,MN,0.4274535272709171,0.4354655269427384,0.4165148135645293,0.41830006772638534,0.43396842329106766,0.44642140814451525
vLH92_MN_60x-1xzoom_0000_XY23_488.tif,20,1064,773,291,0.7265037593984962,194.88021850585938,0.7246180859187148,195.97274780273438,195.0,208515.0,204.02061462402344,203.0,59370.0,192.94308471679688,193.0,149145.0,False,vLH92_MN_60x-1xzoom_0000_XY23_Dapi-ex_Green-em.tif,244.8731231689453,244.0,260545.0,267.9759521484375,264.0,77981.0,236.17593383789062,238.0,182564.0,52.17114780273437,60.21901462402343,49.14148471679687,51.19839999999999,59.19839999999999,49.19839999999999,101.51952316894531,124.6223521484375,92.82233383789062,100.6464,120.6464,94.6464,50mM 2DG,1h,yes,MN,0.5139026088205018,0.5086957904107846,0.48321198874738497,0.49067688716778946,0.5294144489258362,0.5198126922946884
vLH92_MN_60x-1xzoom_0000_XY23_488.tif,21,1561,786,807,0.5035233824471492,202.93704223632812,0.5002878950945022,205.5695037841797,203.0,320894.0,220.67657470703125,215.0,178086.0,189.36514282226562,189.0,148841.0,False,vLH92_MN_60x-1xzoom_0000_XY23_Dapi-ex_Green-em.tif,225.92568969726562,216.0,352670.0,234.6257781982422,224.0,189343.0,217.24554443359375,208.0,170755.0,61.76790378417968,76.87497470703124,45.56354282226562,59.19839999999999,71.19839999999999,45.19839999999999,82.57208969726562,91.27217819824219,73.89194443359375,72.6464,80.6464,64.6464,50mM 2DG,1h,yes,MN,0.748048208670019,0.8148841511761077,0.8422607658169352,0.8828465994762319,0.6166239523337121,0.6991634491634491
vLH92_MN_60x-1xzoom_0000_XY23_488.tif,22,3243,1607,1636,0.4955288313290163,259.50494384765625,0.7968226289486425,273.846435546875,258.0,888084.0,324.8428955078125,325.0,531443.0,221.9296875,220.0,356641.0,False,vLH92_MN_60x-1xzoom_0000_XY23_Dapi-ex_Green-em.tif,295.3194580078125,269.0,957721.0,358.1803283691406,340.0,585983.0,231.32420349121094,229.0,371738.0,130.044835546875,181.0412955078125,78.12808749999999,114.19839999999999,181.1984,76.19839999999999,151.9658580078125,214.82672836914062,87.97060349121094,125.6464,196.6464,85.6464,50mM 2DG,1h,yes,MN,0.8557503458453769,0.9088871627042239,0.8427317070002853,0.9214427520666536,0.8881158523347598,0.8896859646173102
vLH92_MN_60x-1xzoom_0000_XY23_488.tif,23,1154,619,535,0.5363951473136915,219.33600616455078,0.3526883048389859,218.01126098632812,217.0,251585.0,236.84298706054688,233.0,126711.0,201.7350616455078,202.0,124874.0,False,vLH92_MN_60x-1xzoom_0000_XY23_Dapi-ex_Green-em.tif,282.6923828125,283.0,326227.0,316.22802734375,315.0,169182.0,253.7075958251953,254.0,157045.0,74.20966098632812,93.04138706054687,57.933461645507805,73.19839999999999,89.19839999999999,58.19839999999999,139.3387828125,172.87442734375,110.35399582519531,139.6464,171.6464,110.6464,50mM 2DG,1h,yes,MN,0.5325843924314144,0.5241696169754465,0.5382021418097882,0.5196636806830787,0.5249783771969299,0.5259854816785724
vLH92_MN_60x-1xzoom_0000_XY23_488.tif,24,966,545,421,0.5641821946169773,204.29443359375,0.43004654835565087,203.45755004882812,203.0,196540.0,214.30641174316406,213.0,90223.0,195.07705688476562,193.0,106317.0,False,vLH92_MN_60x-1xzoom_0000_XY23_Dapi-ex_Green-em.tif,277.4834289550781,277.0,268049.0,305.4964294433594,302.0,128614.0,255.8440399169922,254.0,139435.0,59.65595004882812,70.50481174316405,51.27545688476562,59.19839999999999,69.19839999999999,49.19839999999999,134.12982895507812,162.14282944335937,112.49043991699219,133.6464,158.6464,110.6464,50mM 2DG,1h,yes,MN,0.4447627385613657,0.44294795819416005,0.434831512347533,0.43618008350646464,0.4558205739314584,0.4446452844376319
vLH92_MN_60x-1xzoom_0000_XY24_488.tif,1,824,432,392,0.5242718446601942,178.61485290527344,0.4951213644975206,177.84829711914062,178.0,146547.0,183.0357208251953,183.0,71750.0,173.14120483398438,173.0,74797.0,False,vLH92_MN_60x-1xzoom_0000_XY24_Dapi-ex_Green-em.tif,208.01577758789062,208.0,171405.0,218.1581573486328,218.0,85518.0,198.8125,197.0,85887.0,32.01789711914063,37.205320825195315,27.310804833984378,32.1696,37.1696,27.169600000000003,63.942177587890626,74.08455734863281,54.7389,63.9264,73.9264,52.9264,50mM 2DG,1h,yes,MN,0.5007320414624756,0.503228713019973,0.5022007575763955,0.5027919660635443,0.4989286382076435,0.5133468363614379
vLH92_MN_60x-1xzoom_0000_XY24_488.tif,2,1442,711,731,0.4930651872399445,200.8869171142578,0.23013662698844686,204.80859375,201.0,295334.0,216.5540313720703,214.0,158301.0,192.73277282714844,192.0,137033.0,False,vLH92_MN_60x-1xzoom_0000_XY24_Dapi-ex_Green-em.tif,288.4986267089844,276.0,416015.0,324.8262634277344,314.0,237448.0,251.14907836914062,252.0,178567.0,58.97819375,70.72363137207032,46.90237282714844,55.1696,68.1696,46.1696,144.42502670898438,180.75266342773438,107.07547836914063,131.9264,169.9264,107.9264,50mM 2DG,1h,yes,MN,0.4083654688798551,0.4181846847939457,0.3912729695424151,0.40117133064668,0.4380309436064663,0.42778782577756697
vLH92_MN_60x-1xzoom_0000_XY24_488.tif,3,352,169,183,0.48011363636363635,217.77427673339844,0.7364995834370639,215.5142059326172,213.0,75861.0,236.99453735351562,234.0,43370.0,192.2544403076172,192.0,32491.0,False,vLH92_MN_60x-1xzoom_0000_XY24_Dapi-ex_Green-em.tif,314.6108093261719,287.0,110743.0,371.1475524902344,356.0,67920.0,253.39053344726562,255.0,42823.0,69.68380593261719,91.16413735351563,46.42404030761719,67.1696,88.1696,46.1696,170.53720932617188,227.07395249023438,109.31693344726563,142.9264,211.9264,110.9264,50mM 2DG,1h,yes,MN,0.4086134997045657,0.46995936370047803,0.4014733365661403,0.4160387757259124,0.42467382539606363,0.4162183213373913
vLH92_MN_60x-1xzoom_0000_XY24_488.tif,4,1906,969,937,0.5083945435466947,182.4703369140625,0.1593570556883706,183.26390075683594,182.0,349301.0,190.51654052734375,190.0,178514.0,176.2507781982422,176.0,170787.0,False,vLH92_MN_60x-1xzoom_0000_XY24_Dapi-ex_Green-em.tif,226.90975952148438,225.0,432490.0,241.2017059326172,238.0,226006.0,213.08978271484375,212.0,206484.0,37.43350075683594,44.68614052734375,30.42037819824219,36.1696,44.1696,30.169600000000003,82.83615952148438,97.12810593261719,69.01618271484375,80.9264,93.9264,67.9264,50mM 2DG,1h,yes,MN,0.45189807172466984,0.44694438403289904,0.46007425037552824,0.47025756336876534,0.44077167124601757,0.44415131671927266
vLH92_MN_60x-1xzoom_0000_XY24_488.tif,5,530,258,272,0.4867924528301887,187.36378479003906,0.7929923852543304,191.2452850341797,188.0,101360.0,206.52206420898438,204.0,56174.0,175.13954162597656,175.0,45186.0,False,vLH92_MN_60x-1xzoom_0000_XY24_Dapi-ex_Green-em.tif,246.72264099121094,237.5,130763.0,293.6544189453125,290.0,79874.0,197.2441864013672,193.0,50889.0,45.41488503417969,60.69166420898438,29.309141625976565,42.1696,58.1696,29.169600000000003,102.64904099121094,149.5808189453125,53.17058640136719,93.4264,145.9264,48.9264,50mM 2DG,1h,yes,MN,0.44242873187746806,0.45136706541191784,0.4057449654101276,0.3986228674180957,0.5512284819417176,0.5961934661041892
vLH92_MN_60x-1xzoom_0000_XY24_488.tif,6,395,301,94,0.7620253164556962,187.4539031982422,0.5694925619499941,189.46328735351562,188.0,74838.0,197.65957641601562,197.5,18580.0,186.90365600585938,185.0,56258.0,False,vLH92_MN_60x-1xzoom_0000_XY24_Dapi-ex_Green-em.tif,250.47341918945312,236.0,98937.0,274.0106506347656,249.0,25757.0,243.1229248046875,235.0,73180.0,43.63288735351563,51.82917641601563,41.07325600585938,42.1696,51.6696,39.1696,106.39981918945313,129.93705063476563,99.0493248046875,91.9264,104.9264,90.9264,50mM 2DG,1h,yes,MN,0.4100842246341029,0.45873220315382746,0.39887912002635795,0.4924366031808963,0.4146747702404892,0.43078357880659524
vLH92_MN_60x-1xzoom_0000_XY24_488.tif,7,1319,635,685,0.48142532221379836,198.60525512695312,0.5199545861536518,204.41168212890625,200.0,269619.0,219.7270050048828,214.0,150513.0,187.87086486816406,187.0,119298.0,False,vLH92_MN_60x-1xzoom_0000_XY24_Dapi-ex_Green-em.tif,293.0962829589844,276.0,386594.0,354.4949035644531,354.0,242829.0,226.6834716796875,224.0,143944.0,58.58128212890625,73.89660500488282,42.040464868164065,54.1696,68.1696,41.1696,149.02268295898438,210.42130356445313,82.6098716796875,131.9264,209.9264,79.9264,50mM 2DG,1h,yes,MN,0.39310312340188924,0.4106047008028719,0.35118404720959207,0.3247309533245938,0.5089036456946969,0.5150938863754655
vLH92_MN_60x-1xzoom_0000_XY24_488.tif,8,2706,1537,1171,0.5679970436067997,190.37135314941406,0.2618230144532538,192.16482543945312,191.0,519998.0,198.7950439453125,198.0,232789.0,187.09823608398438,186.0,287570.0,False,vLH92_MN_60x-1xzoom_0000_XY24_Dapi-ex_Green-em.tif,245.91795349121094,244.0,665454.0,265.2579040527344,265.0,310617.0,231.120361328125,232.0,355232.0,46.33442543945313,52.9646439453125,41.26783608398438,45.1696,52.1696,40.1696,101.84435349121094,121.18430405273438,87.046761328125,99.9264,120.9264,87.9264,50mM 2DG,1h,yes,MN,0.454953307189993,0.452028693118135,0.43705861381408345,0.43141613411132723,0.47408812751142126,0.45685482403464717
vLH92_MN_60x-1xzoom_0000_XY24_488.tif,9,1069,629,440,0.5884003741814781,215.2870635986328,0.19044998018392367,216.2787628173828,214.0,231202.0,230.2295379638672,226.0,101301.0,206.51986694335938,205.0,129901.0,False,vLH92_MN_60x-1xzoom_0000_XY24_Dapi-ex_Green-em.tif,272.96539306640625,270.0,291800.0,297.4363708496094,287.0,130872.0,255.84738159179688,256.0,160928.0,70.44836281738282,84.39913796386719,60.68946694335938,68.1696,80.1696,59.1696,128.89179306640625,153.36277084960938,111.77378159179688,125.9264,142.9264,111.9264,50mM 2DG,1h,yes,MN,0.5465698097712642,0.5413447855255134,0.5503235074347391,0.5609152682779389,0.5429669290871824,0.5286473968607942
vLH92_MN_60x-1xzoom_0000_XY24_488.tif,10,3379,1644,1735,0.4865344776561113,262.81494140625,0.2481518514759619,266.354248046875,264.0,900011.0,295.0489807128906,295.0,511910.0,236.0711669921875,236.0,388101.0,False,vLH92_MN_60x-1xzoom_0000_XY24_Dapi-ex_Green-em.tif,265.11749267578125,256.0,895832.0,296.59539794921875,287.0,514593.0,231.89720153808594,231.0,381239.0,120.523848046875,149.21858071289063,90.2407669921875,118.1696,149.1696,90.1696,121.04389267578125,152.52179794921875,87.82360153808594,111.9264,142.9264,86.9264,50mM 2DG,1h,yes,MN,0.9957036689963433,1.0557795122509077,0.978342654750058,1.0436812233429233,1.0275229597940518,1.0373097240884241
vLH92_MN_60x-1xzoom_0000_XY24_488.tif,11,754,535,219,0.7095490716180372,191.35074615478516,0.4353633110442997,194.44032287597656,192.0,146608.0,207.36073303222656,204.0,45412.0,189.15139770507812,189.0,101196.0,False,vLH92_MN_60x-1xzoom_0000_XY24_Dapi-ex_Green-em.tif,237.5291748046875,219.0,179097.0,282.9178161621094,265.0,61959.0,218.9495391845703,212.0,117138.0,48.609922875976565,61.530333032226565,43.32099770507813,46.1696,58.1696,43.1696,93.4555748046875,138.84421616210938,74.87593918457031,74.9264,120.9264,67.9264,50mM 2DG,1h,yes,MN,0.5201393600923891,0.6161993636421875,0.44316093772596205,0.48103309120258275,0.5785703415123945,0.6355349319263203
vLH92_MN_60x-1xzoom_0000_XY24_488.tif,12,705,322,383,0.45673758865248226,194.80796813964844,0.29793558442175916,196.64822387695312,195.0,138637.0,202.33680725097656,199.0,77495.0,189.88198852539062,189.0,61142.0,False,vLH92_MN_60x-1xzoom_0000_XY24_Dapi-ex_Green-em.tif,229.1021270751953,225.0,161517.0,240.7023468017578,233.0,92189.0,215.30435180664062,217.0,69328.0,50.81782387695313,56.506407250976565,44.05158852539063,49.1696,53.1696,43.1696,85.02852707519531,96.62874680175781,71.23075180664063,80.9264,88.9264,72.9264,50mM 2DG,1h,yes,MN,0.5976561705227728,0.607584175250598,0.5847784341745043,0.5979056838014358,0.6184349793888295,0.5919612102064548
vLH92_MN_60x-1xzoom_0000_XY24_488.tif,13,1777,839,938,0.47214406302757456,198.94607543945312,0.36692971058890367,202.1721954345703,200.0,359260.0,212.21961975097656,210.0,199062.0,190.939208984375,190.0,160198.0,False,vLH92_MN_60x-1xzoom_0000_XY24_Dapi-ex_Green-em.tif,294.8531188964844,277.0,523954.0,329.31024169921875,309.0,308893.0,256.3301696777344,255.0,215061.0,56.341795434570315,66.38921975097657,45.108808984375,54.1696,64.1696,44.1696,150.77951889648438,185.23664169921875,112.25656967773438,132.9264,164.9264,110.9264,50mM 2DG,1h,yes,MN,0.3736700836222392,0.40751573803247515,0.35840219916520205,0.3890802200254174,0.4018366952942991,0.3981883483102309
vLH92_MN_60x-1xzoom_0000_XY24_488.tif,14,1325,690,635,0.5207547169811321,209.1506805419922,0.18703004256909875,212.123779296875,211.0,281064.0,224.15589904785156,223.0,142339.0,201.05072021484375,201.0,138725.0,False,vLH92_MN_60x-1xzoom_0000_XY24_Dapi-ex_Green-em.tif,292.0777282714844,286.0,387003.0,317.3968505859375,306.0,201547.0,268.7768249511719,269.0,185456.0,66.293379296875,78.32549904785157,55.22032021484375,65.1696,77.1696,55.1696,148.00412827148438,173.3232505859375,124.70322495117188,141.9264,161.9264,124.9264,50mM 2DG,1h,yes,MN,0.4479157444532417,0.459178841991342,0.45190416625042495,0.4765720722501087,0.44281389063085996,0.44161682398596297
vLH92_MN_60x-1xzoom_0000_XY24_488.tif,15,2059,1002,1057,0.48664400194269064,204.84886169433594,0.38087121268151564,208.7877655029297,206.0,429894.0,219.70481872558594,217.0,232228.0,197.27145385742188,197.0,197666.0,False,vLH92_MN_60x-1xzoom_0000_XY24_Dapi-ex_Green-em.tif,287.9801025390625,276.0,592951.0,323.5487365722656,313.0,341991.0,250.45907592773438,249.0,250960.0,62.95736550292969,73.87441872558594,51.44105385742188,60.1696,71.1696,51.1696,143.9065025390625,179.47513657226563,106.38547592773438,131.9264,168.9264,104.9264,50mM 2DG,1h,yes,MN,0.4374879827674244,0.4560846047493148,0.41161366491475226,0.4213053732276305,0.48353455590465005,0.48767135820918284
vLH92_MN_60x-1xzoom_0000_XY24_488.tif,16,1291,793,498,0.6142525174283501,188.93605041503906,0.31053606507818216,190.0201416015625,188.0,245316.0,199.18072509765625,198.0,99192.0,184.267333984375,184.0,146124.0,False,vLH92_MN_60x-1xzoom_0000_XY24_Dapi-ex_Green-em.tif,223.49496459960938,222.0,288532.0,236.6365509033203,236.0,117845.0,215.2421112060547,214.0,170687.0,44.1897416015625,53.35032509765625,38.436933984375,42.1696,52.1696,38.1696,79.42136459960938,92.56295090332031,71.16851120605469,77.9264,91.9264,69.9264,50mM 2DG,1h,yes,MN,0.5563961513924912,0.541146517739816,0.5763680238908906,0.5675148814703938,0.5400834348366271,0.5458539264140583
vLH92_MN_60x-1xzoom_0000_XY24_488.tif,17,937,418,520,0.44610458911419426,203.32481384277344,0.45335865605573467,207.261474609375,204.0,194204.0,219.0442352294922,216.0,113903.0,192.55502319335938,193.0,80488.0,False,vLH92_MN_60x-1xzoom_0000_XY24_Dapi-ex_Green-em.tif,260.3308410644531,253.0,243930.0,291.1384582519531,286.5,151392.0,221.86123657226562,223.0,92738.0,61.431074609375,73.21383522949219,46.72462319335938,58.1696,70.1696,47.1696,116.25724106445313,147.06485825195313,77.78763657226563,108.9264,142.4264,78.9264,50mM 2DG,1h,yes,MN,0.5284064377144264,0.5340266455147696,0.49783365040247374,0.49267270674537866,0.6006690169838449,0.5976403332725172
vLH92_MN_60x-1xzoom_0000_XY24_488.tif,18,931,421,510,0.4522019334049409,203.7375946044922,0.5292267062277595,209.96885681152344,204.0,195481.0,222.75881958007812,217.0,113607.0,194.4750518798828,193.0,81874.0,False,vLH92_MN_60x-1xzoom_0000_XY24_Dapi-ex_Green-em.tif,261.22125244140625,255.0,243197.0,273.6529541015625,269.0,139563.0,246.16151428222656,241.0,103634.0,64.13845681152344,76.92841958007813,48.644651879882815,58.1696,71.1696,47.1696,117.14765244140625,129.5793541015625,102.08791428222656,110.9264,124.9264,96.9264,50mM 2DG,1h,yes,MN,0.5475009995919771,0.5243981595003534,0.5936780601621359,0.5696922347878431,0.47649765618095125,0.48665379091764477
vLH92_MN_60x-1xzoom_0000_XY24_488.tif,19,1664,934,730,0.5612980769230769,194.43526458740234,0.2299846004618324,196.55108642578125,194.0,327061.0,206.721923828125,206.0,150907.0,188.60171508789062,187.0,176154.0,False,vLH92_MN_60x-1xzoom_0000_XY24_Dapi-ex_Green-em.tif,210.82391357421875,206.0,350811.0,224.09588623046875,218.5,163590.0,200.45074462890625,198.0,187221.0,50.72068642578125,60.891523828125,42.77131508789063,48.1696,60.1696,41.1696,66.75031357421875,80.02228623046875,56.37714462890625,61.9264,74.4264,53.9264,50mM 2DG,1h,yes,MN,0.7598569011872225,0.7778524183546921,0.7609320690083002,0.8084443154579558,0.7586640893118325,0.7634405411820556
vLH92_MN_60x-1xzoom_0000_XY24_488.tif,20,3963,2047,1916,0.516527882916982,348.37054443359375,0.6951270016100273,358.4410705566406,354.0,1420502.0,394.1539611816406,399.0,755199.0,325.013671875,324.0,665303.0,False,vLH92_MN_60x-1xzoom_0000_XY24_Dapi-ex_Green-em.tif,290.96820068359375,278.0,1153107.0,329.93267822265625,320.0,632151.0,254.497314453125,254.0,520956.0,212.61067055664063,248.32356118164063,179.183271875,208.1696,253.1696,178.1696,146.89460068359375,185.85907822265625,110.423714453125,133.9264,175.9264,109.9264,50mM 2DG,1h,yes,MN,1.447368858809162,1.554358214661187,1.3360851864559067,1.4390654273605326,1.6226883216382249,1.6208081043316256
vLH92_MN_60x-1xzoom_0000_XY24_488.tif,21,1844,1091,753,0.591648590021692,198.18964385986328,0.22220799935406896,198.40184020996094,198.0,365853.0,206.8499298095703,206.0,155758.0,192.57102966308594,192.0,210095.0,False,vLH92_MN_60x-1xzoom_0000_XY24_Dapi-ex_Green-em.tif,283.51519775390625,286.0,522802.0,302.3492736816406,300.0,227669.0,270.51605224609375,272.0,295133.0,52.57144020996094,61.019529809570315,46.74062966308594,52.1696,60.1696,46.1696,139.44159775390625,158.27567368164063,126.44245224609375,141.9264,155.9264,127.9264,50mM 2DG,1h,yes,MN,0.377014040693522,0.3675820707070707,0.3855268999347709,0.3858846224885587,0.36965931008768393,0.3609075218250494
vLH92_MN_60x-1xzoom_0000_XY24_488.tif,22,3090,1551,1540,0.5019417475728155,288.45933532714844,0.653851949061339,315.08575439453125,291.0,973615.0,367.0948181152344,370.0,565326.0,263.3668518066406,263.0,408482.0,False,vLH92_MN_60x-1xzoom_0000_XY24_Dapi-ex_Green-em.tif,272.22393798828125,257.0,841172.0,307.6467590332031,305.0,473776.0,237.0167694091797,236.0,367613.0,169.25535439453125,221.26441811523438,117.53645180664063,145.1696,224.1696,117.1696,128.15033798828125,163.57315903320313,92.94316940917969,112.9264,160.9264,91.9264,50mM 2DG,1h,yes,MN,1.3207562075256396,1.2855240227263067,1.3526939225421495,1.3929945614889787,1.2646055923613893,1.2746022905280747
vLH92_MN_60x-1xzoom_0000_XY24_488.tif,23,1479,873,607,0.59026369168357,273.33929443359375,0.4219796534004972,274.9452209472656,273.0,406644.0,290.1433410644531,286.0,176117.0,264.29669189453125,266.0,230731.0,False,vLH92_MN_60x-1xzoom_0000_XY24_Dapi-ex_Green-em.tif,275.8039245605469,273.0,407914.0,289.1054382324219,283.0,175487.0,266.5051574707031,268.0,232659.0,129.11482094726563,144.31294106445313,118.46629189453125,127.1696,140.1696,120.1696,131.73032456054688,145.03183823242188,122.43155747070313,128.9264,138.9264,123.9264,50mM 2DG,1h,yes,MN,0.9801450150373,0.9863736209186016,0.9950431768863284,1.008948623155858,0.967612389664154,0.9696852325251117
vLH92_MN_60x-1xzoom_0000_XY24_488.tif,24,610,320,290,0.5245901639344263,206.87093353271484,0.44801445218851016,206.02622985839844,206.0,125676.0,220.20689392089844,219.5,63860.0,193.1750030517578,193.0,61816.0,False,vLH92_MN_60x-1xzoom_0000_XY24_Dapi-ex_Green-em.tif,282.2491760253906,287.0,172172.0,328.1103515625,324.0,95152.0,240.6875,234.5,77020.0,60.19582985839844,74.37649392089844,47.344603051757815,60.1696,73.6696,47.1696,138.17557602539063,184.0367515625,96.6139,142.9264,179.9264,90.4264,50mM 2DG,1h,yes,MN,0.43564739579835066,0.4209831073895376,0.40413935417480856,0.4094429722375371,0.4900392495464712,0.5216352746543045
vLH92_MN_60x-1xzoom_0000_XY24_488.tif,25,1888,993,895,0.5259533898305084,195.81909942626953,0.5387073074425821,201.04554748535156,198.0,379574.0,212.06591796875,209.0,189799.0,191.11279296875,191.0,189775.0,False,vLH92_MN_60x-1xzoom_0000_XY24_Dapi-ex_Green-em.tif,201.79978942871094,200.0,380998.0,210.467041015625,209.0,188368.0,193.9879150390625,193.0,192630.0,55.215147485351565,66.23551796875,45.28239296875,52.1696,63.1696,45.1696,57.72618942871094,66.393441015625,49.9143150390625,55.9264,64.9264,48.9264,50mM 2DG,1h,yes,MN,0.9565008193298401,0.9328259998855639,0.9976214059030646,0.9729416693363563,0.9072025316447276,0.9232152784590733
vLH92_MN_60x-1xzoom_0000_XY24_488.tif,26,2610,1409,1201,0.5398467432950191,384.47825622558594,0.15033126343298042,377.4329528808594,384.0,985100.0,407.0449523925781,407.0,488861.0,352.19232177734375,360.0,496239.0,False,vLH92_MN_60x-1xzoom_0000_XY24_Dapi-ex_Green-em.tif,369.82757568359375,372.0,965250.0,387.6702880859375,386.0,465592.0,354.6188659667969,347.0,499658.0,231.60255288085938,261.2145523925781,206.36192177734375,238.1696,261.1696,214.1696,225.75397568359375,243.5966880859375,210.54526596679688,227.9264,241.9264,202.9264,50mM 2DG,1h,yes,MN,1.0259068624574865,1.044940823002513,1.0723239073776951,1.0795415465199334,0.9801309035838742,1.0554053095112317
vLH92_MN_60x-1xzoom_0000_XY24_488.tif,27,2208,1167,1042,0.5285326086956522,248.1150894165039,0.4550981108390465,247.84556579589844,246.0,547243.0,266.5815734863281,263.0,277778.0,231.0702667236328,230.0,269659.0,False,vLH92_MN_60x-1xzoom_0000_XY24_Dapi-ex_Green-em.tif,260.4619445800781,257.0,575100.0,275.7821350097656,271.5,287365.0,246.7566375732422,239.0,287965.0,102.01516579589844,120.75117348632813,85.23986672363282,100.1696,117.1696,84.1696,116.38834458007813,131.70853500976563,102.68303757324219,112.9264,127.4264,94.9264,50mM 2DG,1h,yes,MN,0.876506716922238,0.8870343869989658,0.9168059873824801,0.9195080454285768,0.8301260727978812,0.8866827352559457
vLH92_MN_60x-1xzoom_0000_XY24_488.tif,28,979,491,488,0.501532175689479,196.018798828125,0.2819777024462453,199.8988800048828,197.0,195701.0,209.26638793945312,204.0,102122.0,190.58859252929688,190.0,93579.0,False,vLH92_MN_60x-1xzoom_0000_XY24_Dapi-ex_Green-em.tif,232.5127716064453,230.0,227630.0,246.36476135253906,244.0,120226.0,218.74542236328125,218.0,107404.0,54.068480004882815,63.43598793945313,44.75819252929688,51.1696,58.1696,44.1696,88.43917160644531,102.29116135253906,74.67182236328125,85.9264,99.9264,73.9264,50mM 2DG,1h,yes,MN,0.6113634832027575,0.5955049903172949,0.620151214441936,0.5821244435904827,0.5993986903325671,0.5974807375984763
vLH92_MN_60x-1xzoom_0000_XY24_488.tif,29,2409,1550,859,0.6434205064342051,213.93353271484375,0.43212177606292945,220.07264709472656,215.0,530155.0,229.53201293945312,227.0,197168.0,214.830322265625,209.0,332987.0,False,vLH92_MN_60x-1xzoom_0000_XY24_Dapi-ex_Green-em.tif,296.71649169921875,285.0,714790.0,349.0675354003906,333.0,299849.0,267.703857421875,264.0,414941.0,74.24224709472657,83.70161293945313,68.999922265625,69.1696,81.1696,63.1696,152.64289169921875,204.99393540039063,123.630257421875,140.9264,188.9264,119.9264,50mM 2DG,1h,yes,MN,0.48637867291599896,0.4908207404716221,0.4083126302052233,0.42963609109155737,0.5581151710310702,0.5267363983243056
vLH92_MN_60x-1xzoom_0000_XY24_488.tif,30,4792,2468,2324,0.5150250417362271,188.18811798095703,0.5983651715773937,193.0909881591797,191.0,925292.0,204.6295166015625,203.0,475559.0,182.22569274902344,182.0,449733.0,False,vLH92_MN_60x-1xzoom_0000_XY24_Dapi-ex_Green-em.tif,202.8587188720703,197.0,972099.0,220.22805786132812,216.0,511810.0,186.50283813476562,186.0,460289.0,47.26058815917969,58.7991166015625,36.39529274902344,45.1696,57.1696,36.1696,58.78511887207031,76.15445786132813,42.429238134765626,52.9264,71.9264,41.9264,50mM 2DG,1h,yes,MN,0.8039549645553903,0.8534417606336346,0.7721034100017038,0.7948347199359346,0.8577880336531875,0.8626927186689055
vLH92_MN_60x-1xzoom_0000_XY24_488.tif,31,1376,867,509,0.6300872093023255,205.82569122314453,0.31574175107023184,208.30523681640625,206.0,286628.0,218.66404724121094,216.0,111300.0,202.2237548828125,201.0,175328.0,False,vLH92_MN_60x-1xzoom_0000_XY24_Dapi-ex_Green-em.tif,233.15625,218.0,320823.0,264.4617004394531,241.0,134611.0,214.7773895263672,211.0,186212.0,62.47483681640625,72.83364724121094,56.3933548828125,60.1696,70.1696,55.1696,89.08265,120.38810043945313,70.70378952636719,73.9264,96.9264,66.9264,50mM 2DG,1h,yes,MN,0.7013131829419786,0.8139122153926067,0.6049904182834185,0.7239472424437512,0.7976001747654845,0.8243324009658372
vLH92_MN_60x-1xzoom_0000_XY25_488.tif,1,3560,1577,1983,0.44297752808988766,211.15219116210938,0.7516976223268041,211.53370666503906,208.0,753060.0,231.4563751220703,227.0,458978.0,186.48193359375,186.0,294082.0,False,vLH92_MN_60x-1xzoom_0000_XY25_Dapi-ex_Green-em.tif,224.66094970703125,214.0,799793.0,245.6898651123047,235.0,487203.0,198.2181396484375,196.0,312590.0,66.00890666503906,85.93157512207031,40.95713359375,62.4752,81.4752,40.4752,80.96334970703126,101.9922651123047,54.520539648437506,70.3024,91.3024,52.302400000000006,50mM 2DG,1h,yes,MN,0.8152936718144028,0.8886638293998498,0.8425303137198709,0.8923664657226973,0.7512239214404728,0.7738688855578328
vLH92_MN_60x-1xzoom_0000_XY25_488.tif,2,4895,1977,2918,0.4038815117466803,332.0945129394531,0.7278414508299685,356.2051086425781,335.0,1743624.0,398.7488098144531,399.0,1163549.0,293.4117431640625,291.0,580075.0,False,vLH92_MN_60x-1xzoom_0000_XY25_Dapi-ex_Green-em.tif,289.8890686035156,275.0,1419007.0,316.5390625,313.0,923661.0,250.55438232421875,250.0,495346.0,210.68030864257813,253.22400981445313,147.8869431640625,189.4752,253.4752,145.4752,146.19146860351563,172.8414625,106.85678232421876,131.3024,169.3024,106.3024,50mM 2DG,1h,yes,MN,1.441125878651387,1.443044453109768,1.465065188362735,1.4971742869563573,1.3839733889361592,1.3685034392450217
vLH92_MN_60x-1xzoom_0000_XY25_488.tif,3,820,571,249,0.6963414634146341,227.17056274414062,0.5532658782332499,230.55609130859375,227.0,189056.0,255.6666717529297,257.0,63661.0,219.60595703125,218.0,125395.0,False,vLH92_MN_60x-1xzoom_0000_XY25_Dapi-ex_Green-em.tif,389.0439147949219,340.0,319016.0,550.1807250976562,599.0,136995.0,318.77581787109375,319.0,182021.0,85.03129130859375,110.14187175292969,74.08115703125,81.4752,111.4752,72.4752,245.34631479492188,406.4831250976563,175.07821787109376,196.3024,455.30240000000003,175.3024,50mM 2DG,1h,yes,MN,0.3465765987953356,0.41504943393458255,0.2709629624267144,0.2448377166472217,0.4231317746551106,0.4134295936621518
vLH92_MN_60x-1xzoom_0000_XY25_488.tif,4,1586,695,891,0.4382093316519546,212.4427261352539,0.7156841378064839,217.56809997558594,213.0,345063.0,230.50729370117188,227.0,205382.0,200.9798583984375,200.0,139681.0,False,vLH92_MN_60x-1xzoom_0000_XY25_Dapi-ex_Green-em.tif,313.7219543457031,292.0,497563.0,364.3411865234375,336.0,324628.0,248.82733154296875,247.0,172935.0,72.04329997558594,84.98249370117188,55.4550583984375,67.4752,81.4752,54.4752,170.02435434570313,220.6435865234375,105.12973154296876,148.3024,192.3024,103.3024,50mM 2DG,1h,yes,MN,0.4237234145239183,0.45498387079372954,0.38515732562271754,0.4236826997478971,0.5274916770406841,0.5273372157858869
vLH92_MN_60x-1xzoom_0000_XY25_488.tif,5,1149,633,516,0.5509138381201044,232.31809997558594,0.7440428591158813,244.50131225585938,235.0,280932.0,272.1453552246094,268.5,140427.0,221.96682739257812,221.0,140505.0,False,vLH92_MN_60x-1xzoom_0000_XY25_Dapi-ex_Green-em.tif,292.4116516113281,273.0,335981.0,340.25,321.5,175569.0,253.4154815673828,253.0,160412.0,98.97651225585938,126.62055522460938,76.44202739257813,89.4752,122.9752,75.4752,148.71405161132813,196.5524,109.71788156738282,129.3024,177.8024,109.3024,50mM 2DG,1h,yes,MN,0.6655491608455374,0.6919840621674462,0.6442076272007331,0.6916397079004558,0.6967143942314594,0.6905173170945926
vLH92_MN_60x-1xzoom_0000_XY25_488.tif,6,550,265,285,0.4818181818181818,226.1610870361328,0.5197059952860011,228.86000061035156,226.0,125873.0,243.24913024902344,241.0,69326.0,213.38490295410156,214.0,56547.0,False,vLH92_MN_60x-1xzoom_0000_XY25_Dapi-ex_Green-em.tif,353.2945556640625,345.0,194312.0,371.6561279296875,363.0,105922.0,333.54718017578125,324.0,88390.0,83.33520061035156,97.72433024902344,67.86010295410156,80.4752,95.4752,68.4752,209.5969556640625,227.9585279296875,189.84958017578126,201.3024,219.3024,180.3024,50mM 2DG,1h,yes,MN,0.3975973808699752,0.3997726803058483,0.42869346076478415,0.43535866456545846,0.35744141699586623,0.3797797478014713
vLH92_MN_60x-1xzoom_0000_XY25_488.tif,7,2657,1330,1327,0.5005645464809936,199.5695343017578,0.812324269010025,214.88143920898438,205.0,570940.0,237.3436279296875,238.0,314955.0,192.4699249267578,192.0,255985.0,False,vLH92_MN_60x-1xzoom_0000_XY25_Dapi-ex_Green-em.tif,224.4042205810547,209.0,596242.0,253.2305908203125,248.0,336037.0,195.64285278320312,196.0,260205.0,69.35663920898438,91.8188279296875,46.94512492675781,59.4752,92.4752,46.4752,80.7066205810547,109.5329908203125,51.94525278320313,65.3024,104.3024,52.302400000000006,50mM 2DG,1h,yes,MN,0.8593674064115795,0.9107659136570784,0.8382755482347335,0.8866066360889107,0.9037423520237032,0.8885863746214322
vLH92_MN_60x-1xzoom_0000_XY25_488.tif,8,1572,772,800,0.4910941475826972,214.48265075683594,0.5017198596689257,220.26589965820312,215.0,346258.0,237.07749938964844,230.0,189662.0,202.8445587158203,202.0,156596.0,False,vLH92_MN_60x-1xzoom_0000_XY25_Dapi-ex_Green-em.tif,293.9402160644531,291.0,462074.0,323.7437438964844,316.0,258995.0,263.0556945800781,260.0,203079.0,74.74109965820313,91.55269938964844,57.31975871582031,69.4752,84.4752,56.4752,150.24261606445313,180.04614389648438,119.35809458007813,147.3024,172.3024,116.3024,50mM 2DG,1h,yes,MN,0.4974693706487357,0.4716501564129301,0.5084957523016194,0.49027291552526253,0.4802335268293355,0.4855892913645806
vLH92_MN_60x-1xzoom_0000_XY25_488.tif,9,671,427,244,0.6363636363636364,201.72340393066406,0.7299105013082612,209.6244354248047,203.0,140658.0,230.79917907714844,219.0,56315.0,197.52459716796875,197.0,84343.0,False,vLH92_MN_60x-1xzoom_0000_XY25_Dapi-ex_Green-em.tif,257.79583740234375,250.0,172981.0,283.0,271.0,69052.0,243.39344787597656,242.0,103929.0,64.09963542480469,85.27437907714844,51.99979716796875,57.4752,73.4752,51.4752,114.09823740234376,139.3024,99.69584787597657,106.3024,127.3024,98.3024,50mM 2DG,1h,yes,MN,0.5617933886109969,0.5406764099399449,0.6121529785355344,0.5771705796591423,0.5215843816550658,0.5236413353081918
vLH92_MN_60x-1xzoom_0000_XY25_488.tif,10,3773,1893,1880,0.5017227670288895,252.06610107421875,0.5737325867333652,269.7071228027344,253.0,1017605.0,314.0733947753906,319.0,590458.0,225.64553833007812,225.0,427147.0,False,vLH92_MN_60x-1xzoom_0000_XY25_Dapi-ex_Green-em.tif,281.3297119140625,262.0,1061457.0,330.6085205078125,328.0,621544.0,232.3893280029297,230.0,439913.0,124.18232280273438,168.54859477539063,80.12073833007813,107.4752,173.4752,79.4752,137.6321119140625,186.9109205078125,88.6917280029297,118.3024,184.3024,86.3024,50mM 2DG,1h,yes,MN,0.9022772453006739,0.9084786107466966,0.9017589465477253,0.9412530710397694,0.9033620173397856,0.9208921188750254
vLH92_MN_60x-1xzoom_0000_XY25_488.tif,11,2936,1494,1442,0.5088555858310627,237.1520767211914,0.7630901257532658,251.31369018554688,240.0,737857.0,277.76837158203125,271.0,400542.0,225.77978515625,226.0,337315.0,False,vLH92_MN_60x-1xzoom_0000_XY25_Dapi-ex_Green-em.tif,263.83514404296875,243.0,774620.0,298.94451904296875,272.0,431078.0,229.94778442382812,230.0,343542.0,105.78889018554688,132.24357158203125,80.25498515625,94.4752,125.4752,80.4752,120.13754404296876,155.24691904296876,86.25018442382813,99.3024,128.3024,86.3024,50mM 2DG,1h,yes,MN,0.8805647812120256,0.9513888888888888,0.8518273496006017,0.9779645587300003,0.9304905919027594,0.9324792821520607
vLH92_MN_60x-1xzoom_0000_XY25_488.tif,12,2230,1131,1099,0.5071748878923766,223.9639663696289,0.7561820396051181,233.45201110839844,227.0,520598.0,253.23020935058594,251.0,278300.0,214.23342895507812,214.0,242298.0,False,vLH92_MN_60x-1xzoom_0000_XY25_Dapi-ex_Green-em.tif,234.54080200195312,225.0,523026.0,256.1428527832031,248.0,281501.0,213.54995727539062,213.0,241525.0,87.92721110839844,107.70540935058594,68.70862895507813,81.4752,105.4752,68.4752,90.84320200195313,112.44525278320313,69.85235727539063,81.3024,104.3024,69.3024,50mM 2DG,1h,yes,MN,0.9679008354032699,1.002125398512221,0.957847545224913,1.0112442283207288,0.9836264892850589,0.9880639054347323
vLH92_MN_60x-1xzoom_0000_XY25_488.tif,13,1505,1095,410,0.7275747508305648,210.35147094726562,0.4546714278720469,212.3043212890625,210.0,319518.0,221.96585083007812,219.0,91006.0,208.68675231933594,208.0,228512.0,False,vLH92_MN_60x-1xzoom_0000_XY25_Dapi-ex_Green-em.tif,269.0013427734375,266.0,404847.0,280.7780456542969,267.0,115119.0,264.5917663574219,266.0,289728.0,66.7795212890625,76.44105083007813,63.16195231933594,64.4752,73.4752,62.4752,125.3037427734375,137.08044565429688,120.89416635742188,122.3024,123.3024,122.3024,50mM 2DG,1h,yes,MN,0.5329411541186522,0.52717853451772,0.5576364335935614,0.5958943216028236,0.522456576875666,0.5108256256622928
vLH92_MN_60x-1xzoom_0000_XY25_488.tif,14,1410,721,689,0.5113475177304965,172.28213500976562,0.5802959472233994,178.41348266601562,174.0,251563.0,188.6531219482422,182.0,129982.0,168.6282958984375,169.0,121581.0,False,vLH92_MN_60x-1xzoom_0000_XY25_Dapi-ex_Green-em.tif,191.0609893798828,181.0,269396.0,207.34542846679688,189.0,142861.0,175.4993133544922,175.0,126535.0,32.888682666015626,43.12832194824219,23.1034958984375,28.4752,36.4752,23.4752,47.36338937988282,63.64782846679688,31.801713354492193,37.302400000000006,45.302400000000006,31.302400000000006,50mM 2DG,1h,yes,MN,0.6943903951262577,0.7633610706013553,0.6776086943915284,0.8051493960584869,0.7264858858673408,0.749948885708444
vLH92_MN_60x-1xzoom_0000_XY25_488.tif,15,1165,822,343,0.7055793991416309,203.33316040039062,0.603275307995657,205.9081573486328,204.0,239883.0,216.8600616455078,215.0,74383.0,201.33819580078125,201.0,165500.0,False,vLH92_MN_60x-1xzoom_0000_XY25_Dapi-ex_Green-em.tif,294.7373352050781,290.0,343369.0,309.3090515136719,302.0,106093.0,288.65692138671875,286.0,237276.0,60.38335734863281,71.33526164550781,55.81339580078125,58.4752,69.4752,55.4752,151.03973520507813,165.61145151367188,144.95932138671876,146.3024,158.3024,142.3024,50mM 2DG,1h,yes,MN,0.39978458163109026,0.39968722317610644,0.43073870190443203,0.4388764794469319,0.38502798762339474,0.38984022757170644
vLH92_MN_60x-1xzoom_0000_XY25_488.tif,16,775,400,375,0.5161290322580645,183.88201904296875,0.45969284683931677,188.58580017089844,185.0,146154.0,199.3280029296875,198.0,74748.0,178.51499938964844,178.0,71406.0,False,vLH92_MN_60x-1xzoom_0000_XY25_Dapi-ex_Green-em.tif,266.41162109375,254.0,206469.0,304.02398681640625,299.0,114009.0,231.14999389648438,229.0,92460.0,43.06100017089844,53.8032029296875,32.99019938964844,39.4752,52.4752,32.4752,122.71402109375,160.32638681640626,87.45239389648438,110.3024,155.3024,85.3024,50mM 2DG,1h,yes,MN,0.3509052982462458,0.357881605477306,0.3355854516405892,0.3378904640237369,0.3772360929158585,0.38070675619912214
vLH92_MN_60x-1xzoom_0000_XY26_488.tif,1,3893,1939,1954,0.49807346519393786,253.29745483398438,0.7183999591795182,271.70330810546875,255.0,1057741.0,313.366943359375,318.0,612319.0,229.71737670898438,229.0,445422.0,False,vLH92_MN_60x-1xzoom_0000_XY26_Dapi-ex_Green-em.tif,247.1831512451172,231.0,962284.0,280.6304931640625,276.0,548352.0,213.47705078125,213.0,413932.0,126.44890810546875,168.112543359375,84.46297670898437,109.7456,172.7456,83.7456,102.63755124511718,136.0848931640625,68.93145078124999,86.45439999999999,131.4544,68.45439999999999,50mM 2DG,1h,yes,MN,1.2319945923445281,1.2694044490505978,1.2353505187140816,1.3141104443822345,1.2253184250687366,1.2233778982797308
vLH92_MN_60x-1xzoom_0000_XY26_488.tif,2,4336,2116,2220,0.48800738007380073,274.3857879638672,0.784834882104064,278.5641174316406,278.0,1207854.0,315.9972839355469,317.0,701514.0,239.29112243652344,234.5,506340.0,False,vLH92_MN_60x-1xzoom_0000_XY26_Dapi-ex_Green-em.tif,268.96771240234375,264.0,1166244.0,305.18603515625,298.0,677513.0,230.9692840576172,226.0,488731.0,133.30971743164062,170.74288393554687,94.03672243652343,132.7456,171.7456,89.2456,124.42211240234374,160.64043515625,86.42368405761718,119.45439999999999,153.4544,81.45439999999999,50mM 2DG,1h,yes,MN,1.071431073285085,1.111265888908236,1.062888579512814,1.119196321513101,1.0880897228800241,1.0956510636626138
vLH92_MN_60x-1xzoom_0000_XY26_488.tif,3,2254,1272,982,0.5643300798580302,186.5835723876953,0.7134478370694769,194.09449768066406,189.0,437489.0,208.24134826660156,201.0,204493.0,183.17295837402344,183.0,232996.0,False,vLH92_MN_60x-1xzoom_0000_XY26_Dapi-ex_Green-em.tif,198.84117126464844,191.0,448188.0,216.44602966308594,202.0,212550.0,185.25,185.0,235638.0,48.84009768066406,62.98694826660156,37.91855837402343,43.745599999999996,55.745599999999996,37.745599999999996,54.29557126464843,71.90042966308593,40.70439999999999,46.45439999999999,57.45439999999999,40.45439999999999,50mM 2DG,1h,yes,MN,0.8995226782421497,0.9416890542123029,0.8760302067977682,0.970258152552285,0.9315592018067688,0.9330406581237147
vLH92_MN_60x-1xzoom_0000_XY26_488.tif,4,4037,1983,2054,0.4912063413425811,249.46900939941406,0.8581173678195277,263.8045654296875,251.0,1064979.0,301.81109619140625,302.0,619920.0,224.4372100830078,223.0,445059.0,False,vLH92_MN_60x-1xzoom_0000_XY26_Dapi-ex_Green-em.tif,240.0876922607422,226.0,969234.0,272.97515869140625,263.0,560691.0,206.02268981933594,205.0,408543.0,118.5501654296875,156.55669619140625,79.18281008300781,105.7456,156.7456,77.7456,95.54209226074218,128.42955869140624,61.47708981933593,81.45439999999999,118.45439999999999,60.45439999999999,50mM 2DG,1h,yes,MN,1.2408160908404058,1.298218389675696,1.2190082858385007,1.3232568819731476,1.288005179095238,1.2860205377937752
vLH92_MN_60x-1xzoom_0000_XY26_488.tif,5,698,401,297,0.5744985673352435,189.0602798461914,0.7435004628088273,191.07164001464844,191.0,133368.0,198.84848022460938,198.0,59058.0,185.3117218017578,185.0,74310.0,False,vLH92_MN_60x-1xzoom_0000_XY26_Dapi-ex_Green-em.tif,213.17478942871094,207.0,148796.0,232.7070770263672,228.0,69114.0,198.70823669433594,198.0,79682.0,45.81724001464843,53.59408022460937,40.05732180175781,45.745599999999996,52.745599999999996,39.745599999999996,68.62918942871093,88.16147702636718,54.16263669433593,62.45439999999999,83.45439999999999,53.45439999999999,50mM 2DG,1h,yes,MN,0.6676057286417673,0.7324640057385869,0.6079081480064195,0.6320289882858183,0.7395748110975331,0.7435421592983926
vLH92_MN_60x-1xzoom_0000_XY26_488.tif,6,3256,1636,1620,0.5024570024570024,208.69121551513672,0.727835688344691,224.8003692626953,215.0,731950.0,248.23703002929688,250.0,402144.0,201.59291076660156,201.0,329806.0,False,vLH92_MN_60x-1xzoom_0000_XY26_Dapi-ex_Green-em.tif,228.3105010986328,215.0,743379.0,254.82777404785156,254.0,412821.0,202.0525665283203,202.0,330558.0,79.54596926269531,102.98263002929687,56.33851076660156,69.7456,104.7456,55.745599999999996,83.7649010986328,110.28217404785156,57.506966528320305,70.45439999999999,109.45439999999999,57.45439999999999,50mM 2DG,1h,yes,MN,0.9496336558558134,0.9899395921333516,0.933810299972982,0.9569793448230496,0.9796814919607467,0.970258152552285
vLH92_MN_60x-1xzoom_0001_XY1_488.tif,1,24380,13501,10880,0.5537735849056604,250.69768524169922,0.12919132804479683,255.53822326660156,253.0,6230022.0,284.6484375,286.0,3096975.0,232.0741424560547,230.0,3133233.0,False,vLH92_MN_60x-1xzoom_0001_XY1_Dapi-ex_Green-em.tif,235.42141723632812,232.0,5739574.0,253.6355743408203,247.0,2759555.0,220.74090576171875,220.0,2980223.0,111.83582326660155,140.9460375,88.37174245605468,109.29759999999999,142.2976,86.29759999999999,90.18141723632812,108.3955743408203,75.50090576171874,86.75999999999999,101.75999999999999,74.75999999999999,50mM 2DG,1h,yes,non-MN,1.240120489274705,1.259769479022591,1.3002932855619513,1.3983647798742138,1.1704726130697871,1.1543285179240235
vLH92_MN_60x-1xzoom_0001_XY1_488.tif,2,24633,6516,18119,0.2645232005845817,247.53897094726562,0.15455631757930324,250.48008728027344,249.0,6170076.0,256.8860168457031,261.0,4654518.0,232.64993286132812,232.0,1515947.0,False,vLH92_MN_60x-1xzoom_0001_XY1_Dapi-ex_Green-em.tif,239.74473571777344,236.0,5905632.0,240.56344604492188,236.0,4358769.0,237.4630126953125,235.0,1547309.0,106.77768728027343,113.18361684570311,88.94753286132811,105.29759999999999,117.29759999999999,88.29759999999999,94.50473571777343,95.32344604492187,92.22301269531249,90.75999999999999,90.75999999999999,89.75999999999999,50mM 2DG,1h,yes,non-MN,1.1298659952782857,1.1601762891141472,1.1873638809948657,1.2923931247245484,0.9644830532178996,0.9837076648841354
vLH92_MN_60x-1xzoom_0001_XY1_488.tif,3,18283,10699,7591,0.5851884264070448,266.8193359375,0.17377226961995537,266.727783203125,266.0,4876584.0,293.7500915527344,294.0,2229857.0,247.52406311035156,246.0,2648260.0,False,vLH92_MN_60x-1xzoom_0001_XY1_Dapi-ex_Green-em.tif,240.6297149658203,235.0,4399433.0,258.2007751464844,248.0,1960002.0,228.13888549804688,226.0,2440858.0,123.02538320312499,150.04769155273436,103.82166311035155,122.29759999999999,150.2976,102.29759999999999,95.3897149658203,112.96077514648437,82.89888549804687,89.75999999999999,102.75999999999999,80.75999999999999,50mM 2DG,1h,yes,non-MN,1.2897132908637687,1.3624955436720143,1.3283167662239987,1.462608018684313,1.252389130283273,1.2666864784546805
vLH92_MN_60x-1xzoom_0001_XY1_488.tif,4,8287,3425,4864,0.4132979365270906,243.80709838867188,0.20899667938305108,239.4875030517578,241.0,1984633.0,265.8875427246094,263.0,1293277.0,201.95736694335938,195.0,691704.0,False,vLH92_MN_60x-1xzoom_0001_XY1_Dapi-ex_Green-em.tif,227.45167541503906,229.0,1884892.0,243.1998291015625,241.0,1182924.0,205.07240295410156,203.0,702373.0,95.7851030517578,122.18514272460936,58.25496694335936,97.29759999999999,119.29759999999999,51.29759999999999,82.21167541503905,97.95982910156249,59.83240295410155,83.75999999999999,95.75999999999999,57.75999999999999,50mM 2DG,1h,yes,non-MN,1.1651034061548362,1.1616236867239733,1.247298447182167,1.245797827903091,0.9736357570002283,0.8881163434903047
vLH92_MN_60x-1xzoom_0001_XY1_488.tif,5,16336,8285,8052,0.507162095984329,261.10667419433594,0.09433006475692707,259.4517517089844,260.0,4238404.0,293.1338806152344,293.0,2360314.0,226.70693969726562,226.0,1878267.0,False,vLH92_MN_60x-1xzoom_0001_XY1_Dapi-ex_Green-em.tif,245.772705078125,236.0,4014943.0,265.6123962402344,250.0,2138711.0,226.48268127441406,224.0,1876409.0,115.74935170898436,149.43148061523436,83.00453969726561,116.29759999999999,149.2976,82.29759999999999,100.53270507812499,120.37239624023437,81.24268127441405,90.75999999999999,104.75999999999999,78.75999999999999,50mM 2DG,1h,yes,non-MN,1.1513601630338541,1.2813750550903482,1.2414098687294142,1.425139366170294,1.02168636479267,1.0449162011173183
vLH92_MN_60x-1xzoom_0001_XY1_488.tif,6,22,0,22,0.0,,,285.8636474609375,288.0,6289.0,285.8636474609375,288.0,6289.0,,,,True,vLH92_MN_60x-1xzoom_0001_XY1_Dapi-ex_Green-em.tif,264.0454406738281,264.0,5809.0,264.0454406738281,264.0,5809.0,,,,142.1612474609375,142.1612474609375,,144.2976,144.2976,,118.80544067382812,118.80544067382812,,118.75999999999999,118.75999999999999,,50mM 2DG,1h,yes,non-MN,1.196588697071804,1.21503536544291,1.196588697071804,1.21503536544291,,
vLH92_MN_60x-1xzoom_0001_XY1_488.tif,7,7803,3604,4201,0.46187363834422657,281.0459289550781,0.19261865953340243,275.3602600097656,279.0,2148636.0,297.6531677246094,300.0,1250441.0,249.37374877929688,247.0,898743.0,False,vLH92_MN_60x-1xzoom_0001_XY1_Dapi-ex_Green-em.tif,246.33486938476562,240.0,1922151.0,257.74005126953125,248.0,1082766.0,233.04966735839844,231.0,839911.0,131.6578600097656,153.95076772460936,105.67134877929686,135.2976,156.2976,103.29759999999999,101.09486938476562,112.50005126953124,87.80966735839843,94.75999999999999,102.75999999999999,85.75999999999999,50mM 2DG,1h,yes,non-MN,1.3023198982401143,1.4277923174335163,1.3684506450203224,1.5209964966913196,1.2034136098932628,1.2044962686567164
vLH92_MN_60x-1xzoom_0001_XY1_488.tif,8,6829,3478,3351,0.5092985795870552,305.4627990722656,0.17039336510863065,300.2760314941406,304.0,2050585.0,333.5058288574219,332.0,1117578.0,268.2596435546875,268.0,933007.0,False,vLH92_MN_60x-1xzoom_0001_XY1_Dapi-ex_Green-em.tif,274.1271057128906,255.0,1872014.0,303.7230529785156,272.0,1017776.0,245.61184692382812,237.0,854238.0,156.5736314941406,189.80342885742186,124.55724355468749,160.2976,188.2976,124.29759999999999,128.88710571289062,158.48305297851562,100.37184692382812,109.75999999999999,126.75999999999999,91.75999999999999,50mM 2DG,1h,yes,non-MN,1.2148122236752263,1.4604373177842567,1.1976260255609295,1.4854654465130956,1.2409579715038381,1.3545945945945945
vLH92_MN_60x-1xzoom_0001_XY1_488.tif,9,7032,3626,3414,0.5156427758816837,258.2143249511719,0.1478386036763855,254.4698486328125,256.0,1789432.0,277.284423828125,276.0,946649.0,232.89520263671875,233.0,844478.0,False,vLH92_MN_60x-1xzoom_0001_XY1_Dapi-ex_Green-em.tif,223.8839569091797,223.0,1574352.0,233.0354461669922,232.0,795583.0,215.2393798828125,215.0,780458.0,110.76744863281249,133.582023828125,89.19280263671874,112.29759999999999,132.2976,89.29759999999999,78.64395690917968,87.79544616699218,69.99937988281249,77.75999999999999,86.75999999999999,69.75999999999999,50mM 2DG,1h,yes,non-MN,1.4084673888005146,1.4441563786008231,1.521514265945457,1.5248686030428769,1.274194182663309,1.2800688073394495
vLH92_MN_60x-1xzoom_0001_XY2_488.tif,1,23948,13401,10551,0.5595874394521463,1054.0645751953125,0.10193448610471811,1050.187744140625,1055.0,25149896.0,1394.0218505859375,1418.0,14708325.0,779.3068237304688,778.0,10443491.0,False,vLH92_MN_60x-1xzoom_0001_XY2_Dapi-ex_Green-em.tif,368.4996643066406,366.0,8824830.0,437.30584716796875,433.0,4614014.0,314.2942199707031,311.0,4211857.0,903.6213441406251,1247.4554505859376,632.7404237304688,908.4336000000001,1271.4336,631.4336000000001,221.93166430664064,290.73784716796877,167.72621997070314,219.43200000000002,286.432,164.43200000000002,50mM 2DG,1h,yes,non-MN,4.071619734676982,4.139932188559554,4.290653806297334,4.438867165679812,3.772459808853917,3.840089520288022
vLH92_MN_60x-1xzoom_0001_XY2_488.tif,2,25076,15829,9256,0.6312410272770776,773.9140014648438,0.10987463700159343,829.3057250976562,779.0,20795670.0,1065.341064453125,1068.0,9860797.0,691.0165405273438,668.0,10938101.0,False,vLH92_MN_60x-1xzoom_0001_XY2_Dapi-ex_Green-em.tif,331.528076171875,322.0,8313398.0,384.7928771972656,382.0,3561643.0,300.32269287109375,295.0,4753808.0,682.7393250976563,918.7746644531251,544.4501405273438,632.4336000000001,921.4336000000001,521.4336000000001,184.96007617187502,238.22487719726564,153.75469287109377,175.43200000000002,235.43200000000002,148.43200000000002,50mM 2DG,1h,yes,non-MN,3.6912794329908127,3.605007068265767,3.856753649167883,3.913799313602229,3.5410310434154018,3.5129459954726743
vLH92_MN_60x-1xzoom_0001_XY2_488.tif,3,21121,0,21121,0.0,965.2908935546875,,943.5985107421875,961.0,19929744.0,943.5985107421875,961.0,19929744.0,,,,True,vLH92_MN_60x-1xzoom_0001_XY2_Dapi-ex_Green-em.tif,327.9221496582031,328.0,6926044.0,327.9221496582031,328.0,6926044.0,,,,797.0321107421876,797.0321107421876,,814.4336000000001,814.4336000000001,,181.35414965820314,181.35414965820314,,181.43200000000002,181.43200000000002,,50mM 2DG,1h,yes,non-MN,4.394893153778661,4.488919264517836,4.394893153778661,4.488919264517836,,
vLH92_MN_60x-1xzoom_0001_XY2_488.tif,4,13003,6610,6399,0.5083442282550181,851.735595703125,0.09629228024698404,913.68798828125,848.0,11880685.0,1156.41162109375,1183.0,7399878.0,678.2614135742188,730.0,4483308.0,False,vLH92_MN_60x-1xzoom_0001_XY2_Dapi-ex_Green-em.tif,351.7713623046875,337.0,4574083.0,410.5096130371094,407.0,2626851.0,294.7981872558594,301.0,1948616.0,767.1215882812501,1009.8452210937501,531.6950135742188,701.4336000000001,1036.4336,583.4336000000001,205.20336230468752,263.9416130371094,148.2301872558594,190.43200000000002,260.432,154.43200000000002,50mM 2DG,1h,yes,non-MN,3.738348044912744,3.683380944379096,3.826017464520719,3.979670700989126,3.5869550151512843,3.777932034811438
vLH92_MN_60x-1xzoom_0001_XY2_488.tif,5,25198,0,25198,0.0,965.2320861816406,,1077.4405517578125,962.0,27149346.0,1077.4405517578125,962.0,27149346.0,,,,True,vLH92_MN_60x-1xzoom_0001_XY2_Dapi-ex_Green-em.tif,351.8701477050781,328.0,8866424.0,351.8701477050781,328.0,8866424.0,,,,930.8741517578126,930.8741517578126,,815.4336000000001,815.4336000000001,,205.30214770507814,205.30214770507814,,181.43200000000002,181.43200000000002,,50mM 2DG,1h,yes,non-MN,4.534166652240956,4.494430971383218,4.534166652240956,4.494430971383218,,
vLH92_MN_60x-1xzoom_0001_XY2_488.tif,6,18254,9149,9106,0.5012052152952777,807.2738037109375,0.1073774700018214,840.49560546875,801.0,15342407.0,1071.5595703125,1079.0,9757622.0,610.4594116210938,626.0,5585093.0,False,vLH92_MN_60x-1xzoom_0001_XY2_Dapi-ex_Green-em.tif,337.44744873046875,326.0,6159766.0,388.5875244140625,388.0,3538478.0,286.53546142578125,287.0,2621513.0,693.9292054687501,924.9931703125001,463.89301162109376,654.4336000000001,932.4336000000001,479.4336,190.87944873046877,242.01952441406252,139.96746142578127,179.43200000000002,241.43200000000002,140.43200000000002,50mM 2DG,1h,yes,non-MN,3.635431734972226,3.6472513264077757,3.8219774728999236,3.862096159581166,3.3142918139376008,3.4139911131366065
vLH92_MN_60x-1xzoom_0001_XY2_488.tif,7,21465,6276,15192,0.29238294898672257,982.2849731445312,0.4016082315232614,1052.8380126953125,974.0,22599168.0,1166.4697265625,1252.0,17721008.0,777.7006225585938,755.0,4880849.0,False,vLH92_MN_60x-1xzoom_0001_XY2_Dapi-ex_Green-em.tif,389.0775146484375,373.0,8351549.0,416.73309326171875,418.0,6331009.0,322.1070861816406,318.0,2021544.0,906.2716126953126,1019.9033265625001,631.1342225585938,827.4336000000001,1105.4336,608.4336000000001,242.50951464843752,270.16509326171877,175.53908618164064,226.43200000000002,271.432,171.43200000000002,50mM 2DG,1h,yes,non-MN,3.73705590071021,3.654225551158847,3.77511141150453,4.072598661911639,3.5954056517391346,3.5491250174996503
vLH92_MN_60x-1xzoom_0001_XY2_488.tif,8,14574,7325,7251,0.5026073830108412,768.4930725097656,0.25723348692490694,870.5843505859375,765.0,12687896.0,1111.115234375,1090.0,8056697.0,632.3986206054688,652.0,4632320.0,False,vLH92_MN_60x-1xzoom_0001_XY2_Dapi-ex_Green-em.tif,336.3235778808594,308.0,4901580.0,394.0299377441406,371.0,2857111.0,279.1785583496094,275.0,2044983.0,724.0179505859376,964.5488343750001,485.83222060546876,618.4336000000001,943.4336000000001,505.4336,189.7555778808594,247.46193774414064,132.6105583496094,161.43200000000002,224.43200000000002,128.43200000000002,50mM 2DG,1h,yes,non-MN,3.815529212219111,3.830923237028594,3.8977664329626323,4.203650103372068,3.6636013500873688,3.93541796437025
vLH92_MN_60x-1xzoom_0001_XY2_488.tif,9,30350,9872,20481,0.32527182866556836,875.1544799804688,0.21579506076862476,893.47216796875,874.0,27116880.0,1023.7000122070312,1021.0,20966400.0,623.1974487304688,635.0,6152205.0,False,vLH92_MN_60x-1xzoom_0001_XY2_Dapi-ex_Green-em.tif,315.834228515625,306.0,9585569.0,345.96685791015625,333.0,7085747.0,253.30429077148438,252.0,2500620.0,746.9057679687501,877.1336122070313,476.63104873046876,727.4336000000001,874.4336000000001,488.4336,169.26622851562502,199.39885791015627,106.73629077148439,159.43200000000002,186.43200000000002,105.43200000000002,50mM 2DG,1h,yes,non-MN,4.412609499949974,4.562657433890311,4.398889850222933,4.6903621695846205,4.465501333102399,4.632688367857956
vLH92_MN_60x-1xzoom_0001_XY3_488.tif,1,55746,0,55746,0.0,765.7156372070312,,803.7673950195312,764.0,44806816.0,803.7673950195312,764.0,44806816.0,,,,True,vLH92_MN_60x-1xzoom_0001_XY3_Dapi-ex_Green-em.tif,406.3023681640625,395.0,22649732.0,406.3023681640625,395.0,22649732.0,,,,658.9673950195313,658.9673950195313,,619.2,619.2,,260.3007681640625,260.3007681640625,,248.9984,248.9984,,50mM 2DG,1h,yes,non-MN,2.531561468939642,2.4867629671515963,2.531561468939642,2.4867629671515963,,
vLH92_MN_60x-1xzoom_0001_XY4_488.tif,1,3145,1559,1586,0.49570747217806044,324.0455627441406,0.7386954873559685,373.1554870605469,326.0,1173574.0,451.3385925292969,445.0,715823.0,293.61834716796875,292.0,457751.0,False,vLH92_MN_60x-1xzoom_0001_XY4_Dapi-ex_Green-em.tif,314.3573913574219,282.0,988654.0,366.6368103027344,363.0,581486.0,261.17254638671875,261.0,407168.0,223.5762870605469,301.75939252929686,144.03914716796876,176.4208,295.4208,142.4208,166.81179135742187,219.09121030273437,113.62694638671874,134.4544,215.4544,113.45439999999999,50mM 2DG,1h,yes,non-MN,1.3402906667520744,1.3121236642311447,1.3773231345626957,1.3711523180775143,1.2676495474739322,1.2553131478373691
vLH92_MN_60x-1xzoom_0001_XY4_488.tif,2,4893,2475,2418,0.5058246474555488,692.7006225585938,0.37119232614949077,804.5542602539062,698.0,3936684.0,968.0889282226562,925.0,2340839.0,644.785888671875,649.0,1595845.0,False,vLH92_MN_60x-1xzoom_0001_XY4_Dapi-ex_Green-em.tif,434.1679992675781,408.0,2124384.0,486.2047119140625,470.0,1175643.0,383.3297119140625,374.0,948741.0,654.9750602539062,818.5097282226562,495.206688671875,548.4208,775.4208,499.4208,286.6223992675781,338.65911191406246,235.7841119140625,260.45439999999996,322.45439999999996,226.4544,50mM 2DG,1h,yes,non-MN,2.2851495972666473,2.105630774523295,2.4169133486370207,2.404745601238501,2.1002546976208714,2.205392343889101
vLH92_MN_60x-1xzoom_0001_XY4_488.tif,3,3566,1665,1901,0.4669097027481772,834.4349975585938,0.5214643939634107,929.7251586914062,828.0,3315400.0,1088.031005859375,1045.0,2068347.0,748.9807739257812,746.0,1247053.0,False,vLH92_MN_60x-1xzoom_0001_XY4_Dapi-ex_Green-em.tif,431.2069396972656,410.0,1537684.0,482.6075744628906,472.0,917437.0,372.5207214355469,371.0,620247.0,780.1459586914062,938.451805859375,599.4015739257812,678.4208,895.4208,596.4208,283.6613396972656,335.0619744628906,224.97512143554687,262.45439999999996,324.45439999999996,223.4544,50mM 2DG,1h,yes,non-MN,2.7502724182435587,2.584909226136045,2.8008305250505594,2.7597739466624587,2.664301590776133,2.6690940075469536
vLH92_MN_60x-1xzoom_0001_XY4_488.tif,4,2347,1185,1163,0.5048998721772475,564.3644409179688,0.569651108868706,646.1150512695312,566.0,1516432.0,791.7841796875,723.0,920845.0,503.0489501953125,501.0,596113.0,False,vLH92_MN_60x-1xzoom_0001_XY4_Dapi-ex_Green-em.tif,444.13037109375,429.0,1042374.0,481.81256103515625,464.0,560348.0,407.16455078125,405.0,482490.0,496.53585126953124,642.2049796875,353.4697501953125,416.4208,573.4208,351.4208,296.58477109374996,334.2669610351562,259.61895078124996,281.45439999999996,316.45439999999996,257.45439999999996,50mM 2DG,1h,yes,non-MN,1.6741785137463348,1.4795320307659074,1.9212337878045826,1.8120171500222466,1.3614944099097737,1.3649826920806172
vLH92_MN_60x-1xzoom_0001_XY4_488.tif,5,3989,2030,1960,0.5088994735522687,908.6193237304688,0.19112961713078205,984.50390625,898.0,3927186.0,1189.6173095703125,1195.0,2331650.0,786.2945556640625,776.0,1596178.0,False,vLH92_MN_60x-1xzoom_0001_XY4_Dapi-ex_Green-em.tif,460.9751892089844,437.0,1838830.0,524.0025634765625,524.0,1027045.0,400.0433349609375,397.0,812088.0,834.92470625,1040.0381095703126,636.7153556640625,748.4208,1045.4208,626.4208,313.42958920898434,376.45696347656246,252.4977349609375,289.45439999999996,376.45439999999996,249.4544,50mM 2DG,1h,yes,non-MN,2.663834988767765,2.585625922425087,2.7627012128175537,2.7770184117917074,2.521667593424413,2.5111635633606784
vLH92_MN_60x-1xzoom_0001_XY4_488.tif,6,3706,2006,1700,0.5412844036697247,825.9486694335938,0.3913240772135602,854.7730712890625,831.0,3167789.0,1007.9058837890625,947.0,1713440.0,724.99951171875,746.0,1454349.0,False,vLH92_MN_60x-1xzoom_0001_XY4_Dapi-ex_Green-em.tif,430.8529357910156,423.0,1596741.0,473.8694152832031,464.0,805578.0,394.3983154296875,394.0,791163.0,705.1938712890625,858.3266837890625,575.42031171875,681.4208,797.4208,596.4208,283.3073357910156,326.3238152832031,246.8527154296875,275.45439999999996,316.45439999999996,246.4544,50mM 2DG,1h,yes,non-MN,2.4891479400634213,2.473806190788748,2.630291273850656,2.519860049346762,2.3310268664338447,2.420004674292689
vLH92_MN_60x-1xzoom_0001_XY4_488.tif,7,5303,2249,3055,0.4240995662832359,1084.5098876953125,0.5480856018198593,1093.2034912109375,1079.0,5797258.0,1265.86181640625,1318.0,3867208.0,858.5656127929688,830.0,1930914.0,False,vLH92_MN_60x-1xzoom_0001_XY4_Dapi-ex_Green-em.tif,531.2720947265625,518.0,2817336.0,596.310302734375,605.0,1821728.0,442.91864013671875,438.0,996124.0,943.6242912109375,1116.28261640625,708.9864127929687,929.4208,1168.4208,680.4208,383.72649472656246,448.76470273437496,295.3730401367187,370.45439999999996,457.45439999999996,290.45439999999996,50mM 2DG,1h,yes,non-MN,2.4591064317394853,2.5088669482667774,2.4874563654507846,2.554179826448276,2.4003084792870792,2.3426079962982143
vLH92_MN_60x-1xzoom_0001_XY4_488.tif,8,4827,2320,2507,0.4806297907603066,1190.9736328125,0.8328587953274083,1154.62646484375,1191.0,5573382.0,1446.9832763671875,1448.0,3627587.0,838.7047119140625,792.0,1945795.0,False,vLH92_MN_60x-1xzoom_0001_XY4_Dapi-ex_Green-em.tif,544.6146850585938,554.0,2628855.0,652.7794189453125,652.0,1636518.0,427.7314758300781,414.0,992337.0,1005.04726484375,1297.4040763671876,689.1255119140625,1041.4208,1298.4208,642.4208,397.0690850585937,505.23381894531246,280.1858758300781,406.45439999999996,504.45439999999996,266.45439999999996,50mM 2DG,1h,yes,non-MN,2.5311647334504515,2.562208208350064,2.567928012173748,2.5739111404321187,2.459529802751337,2.410997153734373
vLH92_MN_60x-1xzoom_0001_XY4_488.tif,9,4214,2367,1847,0.5616990982439487,266.7544708251953,0.486280278750305,301.23565673828125,264.0,1269407.0,379.626953125,321.0,701171.0,240.06590270996094,235.0,568236.0,False,vLH92_MN_60x-1xzoom_0001_XY4_Dapi-ex_Green-em.tif,255.07333374023438,242.0,1074879.0,293.97564697265625,281.0,542973.0,224.7173614501953,221.0,531906.0,151.65645673828126,230.047753125,90.48670270996095,114.42080000000001,171.4208,85.42080000000001,107.52773374023437,146.43004697265624,77.1717614501953,94.45439999999999,133.4544,73.45439999999999,50mM 2DG,1h,yes,non-MN,1.4103938720093656,1.2113866585357593,1.5710419950077472,1.2844896833675026,1.1725364435067194,1.162909233483631
vLH92_MN_60x-1xzoom_0001_XY4_488.tif,10,3054,1484,1570,0.4859201047806156,812.441650390625,0.8692767025020015,926.0684204101562,802.0,2828213.0,1131.726806640625,1137.5,1776811.0,708.491943359375,707.0,1051402.0,False,vLH92_MN_60x-1xzoom_0001_XY4_Dapi-ex_Green-em.tif,445.5206298828125,410.0,1360620.0,514.2936401367188,511.0,807441.0,372.7621154785156,373.0,553179.0,776.4892204101562,982.147606640625,558.912743359375,652.4208,987.9208,557.4208,297.97502988281246,366.7480401367187,225.21651547851562,262.45439999999996,363.45439999999996,225.4544,50mM 2DG,1h,yes,non-MN,2.6058868782244393,2.4858443981125866,2.677990061717831,2.7181423584361615,2.4816685498035427,2.472432562859718
vLH92_MN_60x-1xzoom_0001_XY4_488.tif,11,4479,1928,2551,0.430453226166555,1065.465576171875,0.7779555337874827,1096.948486328125,1038.0,4913232.0,1312.5311279296875,1350.0,3348267.0,811.703857421875,791.5,1564965.0,False,vLH92_MN_60x-1xzoom_0001_XY4_Dapi-ex_Green-em.tif,510.5706481933594,497.0,2286846.0,586.1842651367188,591.0,1495356.0,410.52386474609375,406.0,791490.0,947.369286328125,1162.9519279296876,662.124657421875,888.4208,1200.4208,641.9208,363.02504819335934,438.6386651367187,262.9782647460937,349.45439999999996,443.45439999999996,258.45439999999996,50mM 2DG,1h,yes,non-MN,2.6096526700921316,2.542308238213627,2.651275458280014,2.7069768616570276,2.517792328050983,2.483690740029963
vLH92_MN_60x-1xzoom_0001_XY4_488.tif,12,3631,1794,1837,0.49407876618011565,837.571044921875,0.32865428014806947,906.922607421875,840.0,3293036.0,1051.8121337890625,1036.0,1932179.0,758.5601806640625,771.0,1360857.0,False,vLH92_MN_60x-1xzoom_0001_XY4_Dapi-ex_Green-em.tif,486.8441162109375,473.0,1767731.0,538.101806640625,532.0,988493.0,434.35784912109375,432.0,779238.0,757.343407421875,902.2329337890625,608.9809806640625,690.4208,886.4208,621.4208,339.29851621093746,390.55620664062496,286.8122491210937,325.45439999999996,384.45439999999996,284.45439999999996,50mM 2DG,1h,yes,non-MN,2.2320858218874275,2.121405640851683,2.310123148597823,2.3056591366882526,2.1232739624274113,2.1846060387886426
vLH92_MN_60x-1xzoom_0001_XY4_488.tif,13,7050,2739,4311,0.38851063829787236,758.4685363769531,0.21702102752791133,837.5128784179688,749.0,5904466.0,971.5195922851562,991.0,4188221.0,626.595458984375,621.0,1716245.0,False,vLH92_MN_60x-1xzoom_0001_XY4_Dapi-ex_Green-em.tif,412.15673828125,389.0,2905705.0,451.302490234375,447.0,1945565.0,350.54400634765625,346.0,960140.0,687.9336784179687,821.9403922851562,477.016258984375,599.4208,841.4208,471.4208,264.61113828124996,303.75689023437496,202.99840634765624,241.4544,299.45439999999996,198.4544,50mM 2DG,1h,yes,non-MN,2.599791085463597,2.4825424593629273,2.7059152194077227,2.809846173574341,2.349852235625112,2.3754615669896966
vLH92_MN_60x-1xzoom_0001_XY4_488.tif,14,4292,2193,2099,0.510950605778192,881.2477416992188,0.4519385776983081,990.9503784179688,849.0,4253159.0,1266.5731201171875,1291.0,2658537.0,727.1417846679688,715.0,1594622.0,False,vLH92_MN_60x-1xzoom_0001_XY4_Dapi-ex_Green-em.tif,475.11370849609375,434.0,2039188.0,568.5993041992188,577.0,1193490.0,385.63519287109375,381.0,845698.0,841.3711784179687,1116.9939201171876,577.5625846679687,699.4208,1141.4208,565.4208,327.5681084960937,421.0537041992187,238.08959287109374,286.45439999999996,429.45439999999996,233.4544,50mM 2DG,1h,yes,non-MN,2.5685381348044207,2.441647955137013,2.652853802204503,2.657839342197915,2.425820371664343,2.4219753407946047
vLH92_MN_60x-1xzoom_0001_XY4_488.tif,15,4220,2044,2176,0.4843601895734597,582.7342224121094,0.7516897431516508,626.2568969726562,585.0,2642804.0,776.5399780273438,777.0,1689751.0,466.2685852050781,455.0,953053.0,False,vLH92_MN_60x-1xzoom_0001_XY4_Dapi-ex_Green-em.tif,490.6947937011719,458.0,2070732.0,578.0762939453125,594.0,1257894.0,397.6702575683594,387.0,812838.0,476.67769697265624,626.9607780273437,316.6893852050781,435.4208,627.4208,305.4208,343.14919370117184,430.53069394531246,250.12465756835937,310.45439999999996,446.45439999999996,239.4544,50mM 2DG,1h,yes,non-MN,1.3891266706217775,1.4025273921065382,1.456251056764335,1.4053412845746398,1.266126211961036,1.2754862721252982
vLH92_MN_60x-1xzoom_0001_XY4_488.tif,16,8751,3137,5614,0.3584733173351617,967.7953491210938,0.5742461878871961,1031.3466796875,967.0,9025315.0,1170.133544921875,1082.0,6569130.0,782.9725952148438,765.0,2456185.0,False,vLH92_MN_60x-1xzoom_0001_XY4_Dapi-ex_Green-em.tif,522.125244140625,533.0,4569118.0,583.9579467773438,581.0,3278340.0,411.46893310546875,401.0,1290778.0,881.7674796875,1020.554344921875,633.3933952148437,817.4208,932.4208,615.4208,374.57964414062496,436.4123467773437,263.9233331054687,385.45439999999996,433.45439999999996,253.4544,50mM 2DG,1h,yes,non-MN,2.354018680621273,2.1206679700633853,2.3385093305862834,2.1511393124628566,2.3999143530129934,2.4281322399611134
vLH92_MN_60x-1xzoom_0001_XY4_488.tif,17,6758,3356,3402,0.4965966262207754,695.172119140625,0.21141557988874615,782.19384765625,694.0,5286066.0,968.4129638671875,962.0,3294541.0,593.4222412109375,609.0,1991525.0,False,vLH92_MN_60x-1xzoom_0001_XY4_Dapi-ex_Green-em.tif,415.7610168457031,385.0,2809713.0,480.2642517089844,471.0,1633859.0,350.3736572265625,348.0,1175854.0,632.61464765625,818.8337638671875,443.8430412109375,544.4208,812.4208,459.4208,268.2154168457031,332.71865170898434,202.8280572265625,237.4544,323.45439999999996,200.4544,50mM 2DG,1h,yes,non-MN,2.358606582335928,2.2927383110188737,2.4610395589826703,2.511701185700365,2.1882724080680664,2.2918968104466653
vLH92_MN_60x-1xzoom_0001_XY4_488.tif,18,10523,5572,4956,0.5295067946403117,1311.969970703125,0.121910371015568,1232.6490478515625,1311.0,12971166.0,1451.98388671875,1446.0,7196032.0,1037.2392578125,1103.0,5779497.0,False,vLH92_MN_60x-1xzoom_0001_XY4_Dapi-ex_Green-em.tif,624.0945434570312,652.0,6567347.0,702.7653198242188,704.0,3482905.0,553.984375,565.0,3086801.0,1083.0698478515626,1302.40468671875,887.6600578125,1161.4208,1296.4208,953.4208,476.5489434570312,555.2197198242187,406.43877499999996,504.45439999999996,556.4544,417.45439999999996,50mM 2DG,1h,yes,non-MN,2.272735807563949,2.30233059717588,2.3457464499479386,2.329788029351552,2.1839945212227847,2.2838920849798208
vLH92_MN_60x-1xzoom_0001_XY5_488.tif,1,58923,31075,27849,0.5273831950172259,442.6620178222656,0.06129534452221767,436.3760986328125,440.0,25712588.0,478.3641052246094,474.0,13321962.0,398.7441101074219,403.0,12390973.0,False,vLH92_MN_60x-1xzoom_0001_XY5_Dapi-ex_Green-em.tif,263.507568359375,263.0,15526656.0,272.33953857421875,270.0,7584384.0,255.59078979492188,253.0,7942484.0,290.2496986328125,332.2377052246094,252.61771010742189,293.8736,327.8736,256.8736,116.262768359375,125.09473857421875,108.34598979492188,115.7552,122.7552,105.7552,50mM 2DG,1h,yes,non-MN,2.496497397478389,2.538750742947185,2.6558887209112525,2.6709548760459842,2.3315833893398237,2.428945337912462
vLH92_MN_60x-1xzoom_0001_XY5_488.tif,2,29182,0,29182,0.0,810.0372314453125,,797.5499877929688,806.0,23274104.0,797.5499877929688,806.0,23274104.0,,,,True,vLH92_MN_60x-1xzoom_0001_XY5_Dapi-ex_Green-em.tif,374.2319641113281,369.0,10920837.0,374.2319641113281,369.0,10920837.0,,,,651.4235877929688,651.4235877929688,,659.8736,659.8736,,226.98716411132813,226.98716411132813,,221.7552,221.7552,,50mM 2DG,1h,yes,non-MN,2.8698697141899685,2.9756848993845466,2.8698697141899685,2.9756848993845466,,
vLH92_MN_60x-1xzoom_0001_XY5_488.tif,3,47444,13832,33615,0.2915437146952196,877.982666015625,0.11188559662922518,950.7911376953125,878.0,45109336.0,1072.4326171875,1058.0,36049824.0,655.0853271484375,651.0,9061140.0,False,vLH92_MN_60x-1xzoom_0001_XY5_Dapi-ex_Green-em.tif,410.0193176269531,400.0,19452956.0,428.39617919921875,428.0,14400538.0,365.3375549316406,344.0,5053349.0,804.6647376953125,926.3062171875,508.9589271484375,731.8736,911.8736,504.8736,262.7745176269531,281.15137919921875,218.09275493164063,252.7552,280.7552,196.7552,50mM 2DG,1h,yes,non-MN,3.0621870985133035,2.8955827615020384,3.294688504910859,3.247931293881645,2.33368104001422,2.565998763946264
vLH92_MN_60x-1xzoom_0001_XY5_488.tif,4,27877,13441,14439,0.4821537468163719,528.1160278320312,0.15839459802155148,525.2554931640625,528.0,14642548.0,605.1671752929688,594.0,8738009.0,439.37713623046875,434.0,5905668.0,False,vLH92_MN_60x-1xzoom_0001_XY5_Dapi-ex_Green-em.tif,315.0853271484375,314.0,8783634.0,340.10797119140625,339.0,4910819.0,288.1925354003906,287.0,3873596.0,379.1290931640625,459.04077529296876,293.25073623046876,381.8736,447.8736,287.8736,167.8405271484375,192.86317119140625,140.94773540039063,166.7552,191.7552,139.7552,50mM 2DG,1h,yes,non-MN,2.258865004807583,2.2900251386463513,2.380137029051522,2.335652957520839,2.0805636599795703,2.0598417804847333
vLH92_MN_60x-1xzoom_0001_XY5_488.tif,5,7319,0,7319,0.0,943.3461303710938,,973.2619018554688,946.0,7123304.0,973.2619018554688,946.0,7123304.0,,,,True,vLH92_MN_60x-1xzoom_0001_XY5_Dapi-ex_Green-em.tif,396.38189697265625,399.0,2901119.0,396.38189697265625,399.0,2901119.0,,,,827.1355018554688,827.1355018554688,,799.8736,799.8736,,249.13709697265625,249.13709697265625,,251.7552,251.7552,,50mM 2DG,1h,yes,non-MN,3.320001364334152,3.17718799850013,3.320001364334152,3.17718799850013,,
vLH92_MN_60x-1xzoom_0001_XY5_488.tif,6,20125,10240,9885,0.5088198757763975,819.2260131835938,0.08345271581845282,873.0848388671875,817.0,17570832.0,1124.98388671875,1143.0,11120466.0,629.9185791015625,651.5,6450366.0,False,vLH92_MN_60x-1xzoom_0001_XY5_Dapi-ex_Green-em.tif,410.48309326171875,391.0,8260972.0,493.4501647949219,499.0,4877755.0,330.39227294921875,334.0,3383217.0,726.9584388671875,978.85748671875,483.7921791015625,670.8736,996.8736,505.3736,263.23829326171875,346.2053647949219,183.14747294921875,243.7552,351.7552,186.7552,50mM 2DG,1h,yes,non-MN,2.7615983596445273,2.7522432341956193,2.827389712168631,2.833998189650075,2.641544386668679,2.706075118658008
vLH92_MN_60x-1xzoom_0001_XY5_488.tif,7,7639,3356,4283,0.4393245189160885,1075.170166015625,0.6154748533701915,1102.5380859375,1066.0,8422288.0,1334.2276611328125,1384.0,5714497.0,806.8507080078125,788.0,2707791.0,False,vLH92_MN_60x-1xzoom_0001_XY5_Dapi-ex_Green-em.tif,453.7266540527344,449.0,3466018.0,523.9218139648438,534.0,2243957.0,364.1421203613281,359.0,1222061.0,956.4116859375,1188.1012611328124,660.7243080078125,919.8736,1237.8736,641.8736,306.4818540527344,376.67701396484375,216.89732036132813,301.7552,386.7552,211.7552,50mM 2DG,1h,yes,non-MN,3.12061439622111,3.0484101019634458,3.154164488634555,3.20066439959954,3.046253899804365,3.031205845240164
vLH92_MN_60x-1xzoom_0001_XY5_488.tif,8,11216,8339,2877,0.7434914407988588,951.0706787109375,0.40279888492942834,936.32080078125,951.0,10501774.0,1144.4498291015625,1124.0,3292582.0,864.5151977539062,879.0,7209192.0,False,vLH92_MN_60x-1xzoom_0001_XY5_Dapi-ex_Green-em.tif,403.1051940917969,408.0,4521228.0,483.47515869140625,481.0,1390958.0,375.37713623046875,380.0,3130270.0,790.19440078125,998.3234291015625,718.3887977539063,804.8736,977.8736,732.8736,255.86039409179688,336.23035869140625,228.13233623046875,260.7552,333.7552,232.7552,50mM 2DG,1h,yes,non-MN,3.088381082137106,3.086702010161255,2.969165047995646,2.929912702483737,3.149000311065767,3.148688407391113
vLH92_MN_60x-1xzoom_0001_XY5_488.tif,9,9387,4290,5097,0.45701502077341005,741.3274536132812,0.6060478047264245,859.2456665039062,737.0,8065739.0,1044.048828125,1100.0,5321517.0,639.6787719726562,638.0,2744222.0,False,vLH92_MN_60x-1xzoom_0001_XY5_Dapi-ex_Green-em.tif,368.0592346191406,340.0,3454972.0,417.9784240722656,427.0,2130436.0,308.7496643066406,308.0,1324536.0,713.1192665039063,897.922428125,493.55237197265626,590.8736,953.8736,491.8736,220.81443461914063,270.7336240722656,161.50486430664063,192.7552,279.7552,160.7552,50mM 2DG,1h,yes,non-MN,3.2294956972984576,3.065409389733714,3.316626928782669,3.4096724564905316,3.055959794719092,3.059767895533084
vLH92_MN_60x-1xzoom_0001_XY6_488.tif,1,3355,1427,1934,0.4253353204172876,730.067138671875,0.457295032410183,740.3269653320312,723.0,2483797.0,886.8175048828125,914.0,1715105.0,540.5318603515625,527.0,771339.0,False,vLH92_MN_60x-1xzoom_0001_XY6_Dapi-ex_Green-em.tif,289.6530456542969,283.0,971786.0,320.63031005859375,323.0,620099.0,247.4260711669922,245.0,353077.0,546.7781653320312,693.2687048828125,346.9830603515625,529.4512,720.4512,333.4512,133.07544565429689,164.05271005859376,90.8484711669922,126.42240000000001,166.4224,88.42240000000001,50mM 2DG,1h,yes,non-MN,4.108783274357393,4.1879540334624235,4.225889987646054,4.329051858403676,3.819360478986587,3.7711168210770114
vLH92_MN_60x-1xzoom_0001_XY6_488.tif,2,8343,4563,3791,0.5469255663430421,873.1666870117188,0.16437564787278813,857.7263793945312,876.0,7156011.0,1008.69189453125,1008.0,3823951.0,731.4826049804688,760.0,3337755.0,False,vLH92_MN_60x-1xzoom_0001_XY6_Dapi-ex_Green-em.tif,315.63238525390625,318.0,2633321.0,344.1683044433594,345.0,1304742.0,291.7376708984375,292.0,1331199.0,664.1775793945312,815.14309453125,537.9338049804687,682.4512,814.4512,566.4512,159.05478525390626,187.59070444335939,135.1600708984375,161.4224,188.4224,135.4224,50mM 2DG,1h,yes,non-MN,4.175778668552945,4.227735432009435,4.345327754645604,4.322475459393362,3.979975753228814,4.182847150840629
vLH92_MN_60x-1xzoom_0001_XY6_488.tif,3,23106,9964,13147,0.43122998355405523,669.3882751464844,0.12687591449071453,633.5909423828125,667.0,14639752.0,709.5323486328125,721.0,9328222.0,533.2560424804688,551.0,5313363.0,False,vLH92_MN_60x-1xzoom_0001_XY6_Dapi-ex_Green-em.tif,267.4716491699219,271.0,6180200.0,283.6922607421875,284.0,3729702.0,246.0346221923828,241.0,2451489.0,440.0421423828125,515.9835486328125,339.7072424804687,473.4512,527.4512,357.4512,110.89404916992189,127.11466074218751,89.45702219238282,114.42240000000001,127.42240000000001,84.42240000000001,50mM 2DG,1h,yes,non-MN,3.968131253901101,4.137749251894733,4.059197779549004,4.139391504162533,3.7974351722764417,4.23408005458267
vLH92_MN_60x-1xzoom_0001_XY6_488.tif,4,18270,4835,13435,0.2646414887794198,776.9394226074219,0.7722609431062288,801.3931884765625,774.0,14641454.0,870.2263793945312,946.0,11691491.0,610.1267700195312,602.0,2949963.0,False,vLH92_MN_60x-1xzoom_0001_XY6_Dapi-ex_Green-em.tif,288.718994140625,282.0,5274896.0,300.9130554199219,309.0,4042767.0,254.8353729248047,254.0,1232129.0,607.8443884765625,676.6775793945312,416.5779700195312,580.4512,752.4512,408.4512,132.141394140625,144.33545541992189,98.2577729248047,125.42240000000001,152.4224,97.42240000000001,50mM 2DG,1h,yes,non-MN,4.59995440815233,4.6279707612037395,4.688228387306788,4.936618239838763,4.23964392454053,4.192579940547553
vLH92_MN_60x-1xzoom_0001_XY6_488.tif,5,4303,2711,1593,0.6300255635603068,477.4313659667969,0.6521867860234072,521.9537353515625,480.0,2245967.0,648.4193115234375,647.0,1032932.0,447.59423828125,448.0,1213428.0,False,vLH92_MN_60x-1xzoom_0001_XY6_Dapi-ex_Green-em.tif,262.28839111328125,253.0,1128627.0,288.2071533203125,289.0,459114.0,247.05311584472656,244.0,669761.0,328.4049353515625,454.8705115234375,254.04543828125,286.4512,453.4512,254.4512,105.71079111328126,131.6295533203125,90.47551584472657,96.42240000000001,132.4224,87.42240000000001,50mM 2DG,1h,yes,non-MN,3.106635868419893,2.970795167927784,3.455686812341737,3.4242786718863267,2.807891570546455,2.910594996248101
vLH92_MN_60x-1xzoom_0001_XY6_488.tif,6,2907,1287,1624,0.44272445820433437,874.462158203125,0.2748097483149485,797.9993286132812,867.0,2319784.0,939.9107055664062,963.5,1526415.0,617.44677734375,637.0,794654.0,False,vLH92_MN_60x-1xzoom_0001_XY6_Dapi-ex_Green-em.tif,308.9391174316406,318.0,898086.0,340.1256103515625,340.0,552364.0,269.3014831542969,266.0,346591.0,604.4505286132812,746.3619055664062,423.89797734375,673.4512,769.9512,443.4512,152.36151743164064,183.5480103515625,112.72388315429689,161.4224,183.4224,109.42240000000001,50mM 2DG,1h,yes,non-MN,3.967212579675687,4.171981088126555,4.0663034381949785,4.197694501871091,3.7604983565329877,4.052654666686163
vLH92_MN_60x-1xzoom_0001_XY6_488.tif,7,7351,3796,3557,0.5163923275744796,668.130615234375,0.18160166999449148,729.2599487304688,672.0,5360790.0,942.5153198242188,971.0,3352527.0,529.2621459960938,533.0,2009079.0,False,vLH92_MN_60x-1xzoom_0001_XY6_Dapi-ex_Green-em.tif,307.3494873046875,310.0,2259326.0,337.688232421875,340.0,1201157.0,278.9054260253906,269.0,1058725.0,535.7111487304687,748.9665198242187,335.7133459960937,478.4512,777.4512,339.4512,150.7718873046875,181.110632421875,122.32782602539064,153.4224,183.4224,112.42240000000001,50mM 2DG,1h,yes,non-MN,3.553123584955041,3.118522458259028,4.13540889239232,4.238583728050663,2.7443743333296244,3.01942673346237
vLH92_MN_60x-1xzoom_0001_XY6_488.tif,8,4107,2074,2033,0.504991477964451,697.212158203125,0.14580048243637272,673.5139770507812,698.0,2766122.0,811.0728149414062,814.0,1648911.0,538.674560546875,539.0,1117211.0,False,vLH92_MN_60x-1xzoom_0001_XY6_Dapi-ex_Green-em.tif,295.1015319824219,300.0,1211982.0,319.39349365234375,319.0,649327.0,271.2897644042969,271.0,562655.0,479.9651770507812,617.5240149414062,345.125760546875,504.4512,620.4512,345.4512,138.52393198242189,162.81589365234376,114.71216440429689,143.4224,162.4224,114.42240000000001,50mM 2DG,1h,yes,non-MN,3.464853835593454,3.5172413793103443,3.792774778241171,3.8199854207301454,3.008623909583797,3.0190871717425956
vLH92_MN_60x-1xzoom_0001_XY6_488.tif,9,22308,0,22308,0.0,734.9178466796875,,754.0244140625,732.0,16820776.0,754.0244140625,732.0,16820776.0,,,,True,vLH92_MN_60x-1xzoom_0001_XY6_Dapi-ex_Green-em.tif,307.0092468261719,299.0,6848762.0,307.0092468261719,299.0,6848762.0,,,,560.4756140625,560.4756140625,,538.4512,538.4512,,150.43164682617189,150.43164682617189,,142.4224,142.4224,,50mM 2DG,1h,yes,non-MN,3.7257826121530515,3.780663715819983,3.7257826121530515,3.780663715819983,,
vLH92_MN_60x-1xzoom_0001_XY6_488.tif,10,3694,1663,2031,0.45018949648077966,550.9843139648438,0.30973000584724764,609.2931518554688,550.5,2250729.0,696.884765625,702.0,1415373.0,502.3186950683594,503.0,835356.0,False,vLH92_MN_60x-1xzoom_0001_XY6_Dapi-ex_Green-em.tif,309.2796325683594,297.0,1142479.0,334.5430908203125,336.0,679457.0,278.4257507324219,277.0,463022.0,415.7443518554687,503.335965625,308.76989506835935,356.9512,508.4512,309.4512,152.70203256835939,177.9654908203125,121.84815073242189,140.4224,179.4224,120.42240000000001,50mM 2DG,1h,yes,non-MN,2.7225855796605356,2.5419819060206916,2.8282784673867263,2.8338223098119295,2.534054831463277,2.5697146045918364
vLH92_MN_60x-1xzoom_0001_XY6_488.tif,11,17062,6626,10438,0.38834837650920173,597.9747314453125,0.1927657428330359,581.721923828125,592.0,9925339.0,641.6138305664062,654.0,6697165.0,487.3382263183594,479.0,3229103.0,False,vLH92_MN_60x-1xzoom_0001_XY6_Dapi-ex_Green-em.tif,283.4849853515625,280.0,4836821.0,295.79095458984375,295.0,3087466.0,264.081787109375,263.0,1749806.0,388.173123828125,448.0650305664062,293.78942631835935,398.4512,460.4512,285.4512,126.90738535156251,139.21335458984376,107.50418710937501,123.42240000000001,138.4224,106.42240000000001,50mM 2DG,1h,yes,non-MN,3.058711853158085,3.2283540102931068,3.2185491965660495,3.326421157269343,2.7328184531032016,2.682247346423309
vLH92_MN_60x-1xzoom_0001_XY6_488.tif,12,21848,6663,15190,0.3049707067008422,997.4410095214844,0.07134329778177134,972.9315185546875,994.0,21256608.0,1054.9287109375,1126.0,16024368.0,785.6873779296875,810.0,5235035.0,False,vLH92_MN_60x-1xzoom_0001_XY6_Dapi-ex_Green-em.tif,383.9176025390625,386.0,8387832.0,405.7750549316406,418.5,6163723.0,334.0093078613281,335.0,2225504.0,779.3827185546875,861.3799109375,592.1385779296875,800.4512,932.4512,616.4512,227.3400025390625,249.19745493164064,177.43170786132814,229.4224,261.92240000000004,178.4224,50mM 2DG,1h,yes,non-MN,3.428269155670352,3.4889845106667874,3.4566160042597227,3.56002846644655,3.3372759867276582,3.4550101332568106
vLH92_MN_60x-1xzoom_0001_XY6_488.tif,13,15565,7573,7993,0.48654031480886606,954.8134155273438,0.24481978850454908,948.6560668945312,961.0,14765832.0,1187.5897216796875,1227.0,9492405.0,696.4096069335938,658.0,5273910.0,False,vLH92_MN_60x-1xzoom_0001_XY6_Dapi-ex_Green-em.tif,373.3633728027344,375.0,5811401.0,424.8399963378906,432.0,3395746.0,319.0180969238281,313.0,2415924.0,755.1072668945312,994.0409216796875,502.8608069335937,767.4512,1033.4512,464.4512,216.78577280273439,268.26239633789066,162.44049692382814,218.4224,275.42240000000004,156.4224,50mM 2DG,1h,yes,non-MN,3.4831956780745292,3.513610325680882,3.705479915372263,3.752240921580815,3.095661589667483,2.9692115707213285
vLH92_MN_60x-1xzoom_0001_XY6_488.tif,14,13872,7759,6119,0.5593281430219147,1069.25634765625,0.09757652514065122,1032.064697265625,1066.0,14316802.0,1251.7208251953125,1255.0,7659280.0,858.5360107421875,817.0,6661381.0,False,vLH92_MN_60x-1xzoom_0001_XY6_Dapi-ex_Green-em.tif,351.5157775878906,354.0,4876227.0,389.77398681640625,390.0,2385027.0,321.2908935546875,313.0,2492896.0,838.515897265625,1058.1720251953125,664.9872107421875,872.4512,1061.4512,623.4512,194.93817758789064,233.19638681640626,164.7132935546875,197.4224,233.4224,156.4224,50mM 2DG,1h,yes,non-MN,4.30144524608356,4.419210788644044,4.537686195062719,4.547340786488357,4.037240688902871,3.9856900290495476
vLH92_MN_60x-1xzoom_0001_XY6_488.tif,15,25972,7483,18495,0.28811797320190974,1004.857421875,0.14554386180963763,1006.5036010742188,1007.0,26140912.0,1109.79248046875,1159.0,20525612.0,750.8406982421875,761.0,5618541.0,False,vLH92_MN_60x-1xzoom_0001_XY6_Dapi-ex_Green-em.tif,408.79095458984375,411.0,10617119.0,428.4857482910156,437.0,7924844.0,360.0115051269531,350.0,2693966.0,812.9548010742187,916.24368046875,557.2918982421875,813.4512,965.4512,567.4512,252.21335458984376,271.90814829101566,203.43390512695314,254.4224,280.42240000000004,193.4224,50mM 2DG,1h,yes,non-MN,3.2232821390297435,3.197246783302099,3.3696808507853913,3.4428462205586996,2.739424865753862,2.933740869723465
vLH92_MN_60x-1xzoom_0001_XY6_488.tif,16,19095,9825,9279,0.5145326001571092,864.6213989257812,0.08290372099737628,867.5851440429688,863.0,16566538.0,1094.8992919921875,1098.0,10159571.0,652.5020141601562,635.0,6410832.0,False,vLH92_MN_60x-1xzoom_0001_XY6_Dapi-ex_Green-em.tif,350.7560119628906,343.0,6697686.0,408.74920654296875,408.0,3792784.0,295.8924255371094,292.0,2907143.0,674.0363440429687,901.3504919921875,458.9532141601562,669.4512,904.4512,441.4512,194.17841196289064,252.17160654296876,139.31482553710939,186.4224,251.4224,135.4224,50mM 2DG,1h,yes,non-MN,3.471221837841498,3.591044852979041,3.5743536092299983,3.5973373891904616,3.294360183065402,3.259809307765923
vLH92_MN_60x-1xzoom_0001_XY6_488.tif,17,15568,4113,11455,0.2641957862281603,483.49542236328125,0.8698165151647981,482.27667236328125,478.0,7508083.0,517.5072631835938,527.0,5928046.0,384.1568298339844,381.0,1580037.0,False,vLH92_MN_60x-1xzoom_0001_XY6_Dapi-ex_Green-em.tif,264.1584777832031,258.0,4112419.0,274.051513671875,270.0,3139260.0,236.6056365966797,235.0,973159.0,288.7278723632812,323.9584631835937,190.60802983398438,284.4512,333.4512,187.4512,107.58087778320314,117.47391367187501,80.0280365966797,101.42240000000001,113.42240000000001,78.42240000000001,50mM 2DG,1h,yes,non-MN,2.6838214960945503,2.804619097950748,2.757705545492132,2.9399060503039958,2.381765665382981,2.3902762476027255
vLH92_MN_60x-1xzoom_0001_XY6_488.tif,18,19169,4935,14279,0.2574469195054515,919.696044921875,0.1498301438808269,931.1911010742188,917.0,17850002.0,1007.6380004882812,1051.0,14388063.0,708.4002075195312,714.0,3495955.0,False,vLH92_MN_60x-1xzoom_0001_XY6_Dapi-ex_Green-em.tif,332.3459777832031,327.0,6370740.0,347.95953369140625,352.0,4968514.0,286.70416259765625,288.0,1414885.0,737.6423010742187,814.0892004882812,514.8514075195312,723.4512,857.4512,520.4512,175.76837778320314,191.38193369140626,130.12656259765626,170.4224,195.4224,131.4224,50mM 2DG,1h,yes,non-MN,4.1966724070472115,4.2450475993766075,4.2537411174920985,4.387681248413692,3.956543516110709,3.960140737043304
vLH92_MN_60x-1xzoom_0001_XY6_488.tif,19,20159,5798,14373,0.28761347289052036,1270.835693359375,0.10586400567216556,1277.802490234375,1265.0,25759220.0,1466.4771728515625,1588.0,21077676.0,808.2269897460938,795.0,4686100.0,False,vLH92_MN_60x-1xzoom_0001_XY6_Dapi-ex_Green-em.tif,410.3837585449219,404.0,8272926.0,453.5838623046875,467.0,6519361.0,302.90478515625,298.0,1756242.0,1084.253690234375,1272.9283728515625,614.6781897460937,1071.4512,1394.4512,601.4512,253.80615854492189,297.00626230468754,146.32718515625,247.4224,310.42240000000004,141.4224,50mM 2DG,1h,yes,non-MN,4.271975496774519,4.3304535078473085,4.285863749046857,4.492108816889502,4.200710818633821,4.25287083234339
vLH92_MN_60x-1xzoom_0001_XY6_488.tif,20,28092,14290,13812,0.5086857468318382,654.3190002441406,0.06095914596862304,629.2344360351562,651.0,17676454.0,761.3421630859375,756.0,10515658.0,501.3879699707031,492.0,7164834.0,False,vLH92_MN_60x-1xzoom_0001_XY6_Dapi-ex_Green-em.tif,260.0960693359375,256.0,7306619.0,281.6580505371094,274.0,3890261.0,239.23988342285156,235.0,3418738.0,435.6856360351562,567.7933630859375,307.8391699707031,457.4512,562.4512,298.4512,103.51846933593751,125.08045053710939,82.66228342285157,99.42240000000001,117.42240000000001,78.42240000000001,50mM 2DG,1h,yes,non-MN,4.20877200783632,4.601087883615764,4.539425311051963,4.789982149913474,3.724058388225004,3.8056881707267305
vLH92_MN_60x-1xzoom_0001_XY6_488.tif,21,12335,5217,7118,0.4229428455614106,987.6373901367188,0.24968061120172858,1002.6737670898438,986.0,12367981.0,1213.5538330078125,1131.0,8638076.0,714.9520874023438,660.0,3729905.0,False,vLH92_MN_60x-1xzoom_0001_XY6_Dapi-ex_Green-em.tif,321.4757080078125,316.0,3965403.0,353.6274108886719,344.0,2517120.0,277.6083984375,271.0,1448283.0,809.1249670898437,1020.0050330078125,521.4032874023437,792.4512,937.4512,466.4512,164.8981080078125,197.04981088867189,121.03079843750001,159.4224,187.4224,114.42240000000001,50mM 2DG,1h,yes,non-MN,4.9068177728971225,4.970764459699515,5.176381689521587,5.001809815689053,4.308021546033136,4.076572419386413
vLH92_MN_60x-1xzoom_0001_XY6_488.tif,22,35529,16222,19313,0.4565847617439275,514.28662109375,0.13333759853123286,526.4359741210938,512.0,18703744.0,619.7664794921875,632.0,11969550.0,415.248291015625,421.0,6736158.0,False,vLH92_MN_60x-1xzoom_0001_XY6_Dapi-ex_Green-em.tif,255.18736267089844,254.0,9066552.0,276.90985107421875,277.0,5347960.0,229.31092834472656,228.0,3719882.0,332.8871741210937,426.2176794921875,221.699491015625,318.4512,438.4512,227.4512,98.60976267089845,120.33225107421876,72.73332834472657,97.42240000000001,120.42240000000001,71.42240000000001,50mM 2DG,1h,yes,non-MN,3.3758034205200946,3.268767757723069,3.5420070320907078,3.64094387755102,3.0481142010284343,3.1845919487443712
vLH92_MN_60x-1xzoom_0001_XY6_488.tif,23,17653,9159,8507,0.5188353254404351,1027.72412109375,0.1271603998398924,1109.8358154296875,1031.0,19591932.0,1450.596923828125,1442.0,12340228.0,792.3536376953125,828.0,7257167.0,False,vLH92_MN_60x-1xzoom_0001_XY6_Dapi-ex_Green-em.tif,356.935302734375,339.0,6300979.0,428.4385681152344,406.0,3644727.0,290.33258056640625,290.0,2659156.0,916.2870154296875,1257.048123828125,598.8048376953125,837.4512,1248.4512,634.4512,200.357702734375,271.8609681152344,133.75498056640626,182.4224,249.4224,133.4224,50mM 2DG,1h,yes,non-MN,4.573255746720447,4.590725700352587,4.623863927738596,5.005369205011258,4.476878806004684,4.755207521375721
vLH92_MN_60x-1xzoom_0001_XY6_488.tif,24,27652,0,27652,0.0,714.8659362792969,,802.4457397460938,712.0,22189230.0,802.4457397460938,712.0,22189230.0,,,,True,vLH92_MN_60x-1xzoom_0001_XY6_Dapi-ex_Green-em.tif,316.2112731933594,295.0,8743874.0,316.2112731933594,295.0,8743874.0,,,,608.8969397460937,608.8969397460937,,518.4512,518.4512,,159.63367319335939,159.63367319335939,,138.4224,138.4224,,50mM 2DG,1h,yes,non-MN,3.814338964740575,3.7454284855630298,3.814338964740575,3.7454284855630298,,
vLH92_MN_60x-1xzoom_0001_XY6_488.tif,25,27931,8038,19901,0.28778060219827434,779.693603515625,0.20797984672829514,791.6116943359375,773.0,22110506.0,863.0274047851562,875.0,17175108.0,614.5043334960938,625.0,4939386.0,False,vLH92_MN_60x-1xzoom_0001_XY6_Dapi-ex_Green-em.tif,326.2886962890625,318.0,9113570.0,342.4658508300781,338.0,6815413.0,286.1734313964844,284.0,2300262.0,598.0628943359375,669.4786047851562,420.9555334960937,579.4512,681.4512,431.4512,169.7110962890625,185.88825083007814,129.59583139648439,161.4224,181.4224,127.42240000000001,50mM 2DG,1h,yes,non-MN,3.524005839413585,3.589657940905351,3.6015111326058564,3.756158004744728,3.248218163809806,3.3859917879430927
vLH92_MN_60x-1xzoom_0001_XY7_488.tif,1,52139,25870,26274,0.49617368956059765,595.0261840820312,0.051409012625001756,623.91162109375,595.0,32530128.0,836.3585205078125,770.0,21974484.0,408.08978271484375,406.5,10557283.0,False,vLH92_MN_60x-1xzoom_0001_XY7_Dapi-ex_Green-em.tif,276.9348449707031,262.0,14439106.0,327.6775817871094,310.0,8609401.0,225.39129638671875,224.0,5830873.0,470.10842109375,682.5553205078124,254.28658271484375,441.1968,616.1967999999999,252.6968,125.30444497070312,176.04718178710937,73.76089638671874,110.36959999999999,158.3696,72.36959999999999,50mM 2DG,1h,yes,non-MN,3.751729806581594,3.997448572795408,3.8771158593905475,3.8908780473020075,3.447444312249846,3.491753443434813
vLH92_MN_60x-1xzoom_0001_XY7_488.tif,2,28064,10911,17163,0.3887899087799316,514.1204223632812,0.08582717071090928,512.96435546875,515.0,14395831.0,600.8176879882812,617.0,10311834.0,374.5928039550781,367.0,4087182.0,False,vLH92_MN_60x-1xzoom_0001_XY7_Dapi-ex_Green-em.tif,264.9808349609375,270.0,7436422.0,286.7925720214844,286.0,4922221.0,230.6140594482422,226.0,2516230.0,359.16115546875,447.01448798828125,220.78960395507812,361.1968,463.1968,213.1968,113.35043496093749,135.16217202148437,78.98365944824218,118.36959999999999,134.3696,74.36959999999999,50mM 2DG,1h,yes,non-MN,3.168590888888279,3.0514321244643896,3.307245520715864,3.4471844822043085,2.795383317226028,2.866719734945462
vLH92_MN_60x-1xzoom_0001_XY7_488.tif,3,27193,0,27193,0.0,481.3287048339844,,496.6547546386719,484.0,13505533.0,496.6547546386719,484.0,13505533.0,,,,True,vLH92_MN_60x-1xzoom_0001_XY7_Dapi-ex_Green-em.tif,291.7786560058594,285.0,7934337.0,291.7786560058594,285.0,7934337.0,,,,342.85155463867187,342.85155463867187,,330.1968,330.1968,,140.14825600585937,140.14825600585937,,133.3696,133.3696,,50mM 2DG,1h,yes,non-MN,2.4463490621270223,2.4758025816977782,2.4463490621270223,2.4758025816977782,,
vLH92_MN_60x-1xzoom_0001_XY7_488.tif,4,16369,4167,12202,0.25456655873907996,498.3169250488281,0.799487607786385,517.1878662109375,496.0,8465848.0,541.1312255859375,549.0,6602883.0,447.0758361816406,450.0,1862965.0,False,vLH92_MN_60x-1xzoom_0001_XY7_Dapi-ex_Green-em.tif,265.399658203125,262.0,4344327.0,270.2523498535156,270.0,3297619.0,251.1898193359375,251.0,1046708.0,363.3846662109375,387.3280255859375,293.2726361816406,342.1968,395.1968,296.1968,113.76925820312499,118.62194985351562,99.55941933593749,110.36959999999999,118.36959999999999,99.36959999999999,50mM 2DG,1h,yes,non-MN,3.194049710354498,3.1004624461808326,3.2652306429311166,3.3386680363877215,2.945704566557063,2.9807587028628477
vLH92_MN_60x-1xzoom_0001_XY7_488.tif,5,45425,0,45425,0.0,788.5964965820312,,817.1145629882812,784.0,37117428.0,817.1145629882812,784.0,37117428.0,,,,True,vLH92_MN_60x-1xzoom_0001_XY7_Dapi-ex_Green-em.tif,342.3035888671875,331.0,15549141.0,342.3035888671875,331.0,15549141.0,,,,663.3113629882812,663.3113629882812,,630.1967999999999,630.1967999999999,,190.6731888671875,190.6731888671875,,179.3696,179.3696,,50mM 2DG,1h,yes,non-MN,3.47878674987865,3.513398034003532,3.47878674987865,3.513398034003532,,
vLH92_MN_60x-1xzoom_0001_XY7_488.tif,6,34295,11713,22589,0.34153666715264613,440.1878356933594,0.10716178750493502,448.07940673828125,441.0,15366883.0,496.9794006347656,518.0,11226268.0,353.6634521484375,356.0,4142460.0,False,vLH92_MN_60x-1xzoom_0001_XY7_Dapi-ex_Green-em.tif,260.0935974121094,259.0,8919910.0,266.89202880859375,268.0,6028824.0,246.95877075195312,245.0,2892628.0,294.27620673828125,343.1762006347656,199.8602521484375,287.1968,364.1968,202.1968,108.46319741210937,115.26162880859374,95.32837075195312,107.36959999999999,116.36959999999999,93.36959999999999,50mM 2DG,1h,yes,non-MN,2.713143386508969,2.6748427860399966,2.9773672659498187,3.1296558551374245,2.09654534711895,2.165552813763795
vLH92_MN_60x-1xzoom_0001_XY7_488.tif,7,27174,7849,19329,0.28884227570471777,664.7527465820312,0.15372002572249163,667.9659423828125,663.0,18151306.0,753.5188598632812,805.0,14564766.0,457.09478759765625,446.0,3587737.0,False,vLH92_MN_60x-1xzoom_0001_XY7_Dapi-ex_Green-em.tif,281.5633239746094,280.0,7651202.0,292.0126647949219,293.0,5644313.0,255.8036651611328,249.0,2007803.0,514.1627423828124,599.7156598632812,303.29158759765625,509.1968,651.1967999999999,292.1968,129.93292397460937,140.38226479492187,104.1732651611328,128.3696,141.3696,97.36959999999999,50mM 2DG,1h,yes,non-MN,3.9571397814712976,3.966646308783388,4.27201869651682,4.6063425234279505,2.911414815773815,3.000903772840805
vLH92_MN_60x-1xzoom_0001_XY7_488.tif,8,18997,8323,10684,0.4381218087066379,532.302978515625,0.1927513768981454,528.39697265625,527.0,10037957.0,614.8412475585938,628.0,6568964.0,417.09130859375,422.0,3471451.0,False,vLH92_MN_60x-1xzoom_0001_XY7_Dapi-ex_Green-em.tif,272.321533203125,268.0,5173292.0,296.19598388671875,297.0,3164558.0,241.57852172851562,237.0,2010658.0,374.59377265625,461.03804755859375,263.28810859375,373.1968,474.1968,268.1968,120.69113320312499,144.56558388671874,89.94812172851562,116.36959999999999,145.3696,85.36959999999999,50mM 2DG,1h,yes,non-MN,3.1037389633735812,3.206995641473375,3.1891272816347636,3.262008012679405,2.927110689297269,3.141596071669541
vLH92_MN_60x-1xzoom_0001_XY7_488.tif,9,31437,9768,21673,0.3107166714381143,481.3821716308594,0.2048847089882795,507.8972473144531,483.0,15966766.0,562.520263671875,579.0,12191502.0,386.6128234863281,385.0,3776434.0,False,vLH92_MN_60x-1xzoom_0001_XY7_Dapi-ex_Green-em.tif,269.34600830078125,264.0,8467430.0,279.9042053222656,277.0,6066364.0,245.90121459960938,242.0,2401963.0,354.0940473144531,408.717063671875,232.80962348632812,329.1968,425.1968,231.1968,117.71560830078124,128.27380532226562,94.27081459960937,112.36959999999999,125.36959999999999,90.36959999999999,50mM 2DG,1h,yes,non-MN,3.0080467019266393,2.9295894975153423,3.186286261992809,3.3915462759712085,2.4695832371357573,2.5583470547617786
vLH92_MN_60x-1xzoom_0001_XY7_488.tif,10,32689,0,32689,0.0,685.9835205078125,,644.5653076171875,679.0,21070196.0,644.5653076171875,679.0,21070196.0,,,,True,vLH92_MN_60x-1xzoom_0001_XY7_Dapi-ex_Green-em.tif,272.6506042480469,268.0,8912676.0,272.6506042480469,268.0,8912676.0,,,,490.7621076171875,490.7621076171875,,525.1967999999999,525.1967999999999,,121.02020424804687,121.02020424804687,,116.36959999999999,116.36959999999999,,50mM 2DG,1h,yes,non-MN,4.055208059402262,4.513178699591646,4.055208059402262,4.513178699591646,,
vLH92_MN_60x-1xzoom_0001_XY7_488.tif,11,36563,19684,16887,0.5383584497989771,421.58013916015625,0.09481678744040586,419.2114562988281,420.0,15327629.0,498.09942626953125,498.0,8411405.0,351.4613952636719,358.0,6918166.0,False,vLH92_MN_60x-1xzoom_0001_XY7_Dapi-ex_Green-em.tif,237.4366912841797,240.0,8681398.0,256.5423583984375,254.0,4332231.0,221.02200317382812,220.0,4350597.0,265.4082562988281,344.29622626953125,197.65819526367187,266.1968,344.1968,204.1968,85.80629128417968,104.91195839843749,69.39160317382812,88.36959999999999,102.36959999999999,68.36959999999999,50mM 2DG,1h,yes,non-MN,3.0931095182733075,3.0123119262732887,3.28176340929557,3.362295056344853,2.8484454346519703,2.986660738105825
vLH92_MN_60x-1xzoom_0001_XY7_488.tif,12,21323,11192,10251,0.5248792383810909,372.0899353027344,0.06682544629818474,378.8119812011719,373.0,8077408.0,430.90936279296875,425.0,4417252.0,329.94378662109375,339.0,3692731.0,False,vLH92_MN_60x-1xzoom_0001_XY7_Dapi-ex_Green-em.tif,222.2301788330078,220.0,4738614.0,236.87669372558594,234.0,2428223.0,208.36883544921875,208.0,2332064.0,225.00878120117187,277.10616279296875,176.14058662109375,219.1968,271.1968,185.1968,70.5997788330078,85.24629372558593,56.73843544921874,68.36959999999999,82.36959999999999,56.36959999999999,50mM 2DG,1h,yes,non-MN,3.187103202311628,3.206056492944233,3.2506534968545826,3.292437986830093,3.1044315062007777,3.2854020606851924
vLH92_MN_60x-1xzoom_0002_XY01_488.tif,1,3977,1897,2080,0.4769927080714106,324.549560546875,0.6019952814897124,298.1838073730469,321.0,1185877.0,361.36395263671875,358.0,751637.0,228.90879821777344,221.0,434240.0,False,vLH92_MN_60x-1xzoom_0002_XY01_Dapi-ex_Green-em.tif,271.5036315917969,263.0,1079770.0,334.0706787109375,306.0,694867.0,202.90089416503906,199.0,384903.0,165.74380737304688,228.92395263671875,96.46879821777344,188.56,225.56,88.56,136.45723159179687,199.0242787109375,67.85449416503906,127.9536,170.9536,63.953599999999994,10mM 2DG,1h,yes,MN,1.2146209141107225,1.4736592014605294,1.1502312889635313,1.3194223461804842,1.4217009411806572,1.3847539466112933
vLH92_MN_60x-1xzoom_0002_XY01_488.tif,2,3955,1713,2242,0.43312262958280656,485.9910888671875,0.8370171061230446,483.86676025390625,488.0,1913693.0,563.0428466796875,577.0,1262342.0,380.23992919921875,375.0,651351.0,False,vLH92_MN_60x-1xzoom_0002_XY01_Dapi-ex_Green-em.tif,383.58355712890625,375.0,1517073.0,447.8876037597656,427.0,1004164.0,299.4214782714844,285.0,512909.0,351.42676025390625,430.6028466796875,247.79992919921875,355.56,444.56,242.56,248.53715712890624,312.8412037597656,164.37507827148437,239.9536,291.9536,149.9536,10mM 2DG,1h,yes,MN,1.413980767759548,1.4817864787192192,1.376426255571988,1.522707717938741,1.507527368534229,1.6175670340692054
vLH92_MN_60x-1xzoom_0002_XY01_488.tif,3,3803,1782,2021,0.4685774388640547,402.79364013671875,0.8383170435326129,425.93243408203125,402.0,1619821.0,524.5853271484375,539.0,1060187.0,314.0482482910156,311.0,559634.0,False,vLH92_MN_60x-1xzoom_0002_XY01_Dapi-ex_Green-em.tif,341.07940673828125,318.0,1297125.0,424.1138000488281,407.0,857134.0,246.9085235595703,244.0,439991.0,293.49243408203125,392.1453271484375,181.60824829101563,269.56,406.56,178.56,206.03300673828124,289.0674000488281,111.8621235595703,182.9536,271.9536,108.9536,10mM 2DG,1h,yes,MN,1.424492311830636,1.4733790425550524,1.3565878652597902,1.4949609050955752,1.623500810748539,1.6388627819548873
vLH92_MN_60x-1xzoom_0002_XY02_488.tif,1,3336,1751,1585,0.5248800959232613,214.80623626708984,0.539975341206965,220.3285369873047,215.0,735016.0,241.78611755371094,241.0,383231.0,200.9051971435547,200.0,351785.0,False,vLH92_MN_60x-1xzoom_0002_XY02_Dapi-ex_Green-em.tif,230.21372985839844,223.0,767993.0,256.0902099609375,251.0,405903.0,206.7904052734375,203.0,362090.0,77.01173698730469,98.46931755371094,57.58839714355469,71.6832,97.6832,56.6832,90.20412985839846,116.08060996093752,66.78080527343752,82.99040000000002,110.99040000000002,62.99040000000002,10mM 2DG,1h,yes,MN,0.8537495689853329,0.8637529159999227,0.8482839432601794,0.8801049460133488,0.8623495465164872,0.8998704564505065
vLH92_MN_60x-1xzoom_0002_XY02_488.tif,2,2867,1415,1453,0.49354726194628534,353.3197326660156,0.2581490455010882,353.64422607421875,355.0,1013898.0,399.7543029785156,403.0,580843.0,306.2459411621094,309.0,433338.0,False,vLH92_MN_60x-1xzoom_0002_XY02_Dapi-ex_Green-em.tif,373.8060607910156,368.0,1071702.0,427.03509521484375,423.0,620482.0,319.1484069824219,319.0,451595.0,210.32742607421875,256.4375029785156,162.92914116210937,211.6832,259.6832,165.6832,233.79646079101565,287.0254952148438,179.1388069824219,227.99040000000002,282.9904,178.99040000000002,10mM 2DG,1h,yes,MN,0.8996176647097527,0.92847418136904,0.8934310967273744,0.9176396089761348,0.9095133762842179,0.9256541132932268
vLH92_MN_60x-1xzoom_0002_XY02_488.tif,3,7952,4090,3862,0.5143360160965795,933.830078125,0.09496232472546794,902.4564819335938,936.0,7176334.0,1134.3216552734375,1161.0,4380750.0,683.516845703125,717.0,2795584.0,False,vLH92_MN_60x-1xzoom_0002_XY02_Dapi-ex_Green-em.tif,484.7986755371094,476.0,3855119.0,570.9096069335938,573.0,2204853.0,403.4880065917969,418.0,1650266.0,759.1396819335937,991.0048552734374,540.2000457031249,792.6831999999999,1017.6831999999999,573.6831999999999,344.7890755371094,430.9000069335938,263.4784065917969,335.9904,432.9904,277.9904,10mM 2DG,1h,yes,MN,2.201750971230781,2.359243597436117,2.299848780058529,2.3503597308392976,2.0502630659219396,2.0636798968597474
vLH92_MN_60x-1xzoom_0002_XY02_488.tif,4,3791,2003,1788,0.528356634133474,256.59210205078125,0.3670248201763702,257.1754150390625,255.0,974952.0,279.4636535644531,273.0,499681.0,237.2795867919922,236.0,475271.0,False,vLH92_MN_60x-1xzoom_0002_XY02_Dapi-ex_Green-em.tif,259.452392578125,241.0,983584.0,289.2086181640625,271.5,517105.0,232.89016723632812,221.0,466479.0,113.8586150390625,136.14685356445312,93.96278679199219,111.6832,129.6832,92.6832,119.44279257812502,149.19901816406252,92.88056723632815,100.99040000000002,131.49040000000002,80.99040000000002,10mM 2DG,1h,yes,MN,0.9532480996255172,1.1058793707124634,0.912518428336727,0.9862560308585264,1.0116517328421393,1.1443726663900904
vLH92_MN_60x-1xzoom_0002_XY02_488.tif,5,3596,1697,1899,0.47191323692992215,223.21334075927734,0.4880306790303392,219.7449951171875,220.0,790203.0,235.0352783203125,234.0,446332.0,202.6346435546875,202.0,343871.0,False,vLH92_MN_60x-1xzoom_0002_XY02_Dapi-ex_Green-em.tif,208.57508850097656,203.0,750036.0,227.701416015625,224.0,432405.0,187.1720733642578,186.0,317631.0,76.4281951171875,91.7184783203125,59.3178435546875,76.6832,90.6832,58.6832,68.56548850097658,87.69181601562502,47.162473364257835,62.99040000000002,83.99040000000002,45.99040000000002,10mM 2DG,1h,yes,MN,1.1146744052745854,1.2173791561888792,1.0459183363698388,1.0796852973673179,1.2577339423347893,1.275988032284998
vLH92_MN_60x-1xzoom_0002_XY03_488.tif,1,1079,573,506,0.531047265987025,193.5476531982422,0.2733261051918852,201.9703369140625,193.0,217926.0,222.72134399414062,214.0,112697.0,183.64572143554688,183.0,105229.0,False,vLH92_MN_60x-1xzoom_0002_XY03_Dapi-ex_Green-em.tif,218.72659301757812,203.0,236006.0,250.34190368652344,229.0,126673.0,190.8080291748047,190.0,109333.0,58.69833691406248,79.4493439941406,40.373721435546855,49.72799999999998,70.72799999999998,39.72799999999998,77.54099301757813,109.15630368652344,49.622429174804694,61.814400000000006,87.8144,48.814400000000006,10mM 2DG,1h,yes,MN,0.7569974877772829,0.8044727442149399,0.7278493436559038,0.8054259893593758,0.8136184001255267,0.8138582057753445
vLH92_MN_60x-1xzoom_0002_XY03_488.tif,2,813,553,260,0.6801968019680197,197.34231567382812,0.5551528891620572,198.129150390625,197.0,161079.0,204.66539001464844,203.5,53213.0,195.05606079101562,194.0,107866.0,False,vLH92_MN_60x-1xzoom_0002_XY03_Dapi-ex_Green-em.tif,238.8647003173828,238.0,194197.0,243.47308349609375,242.0,63303.0,236.69801330566406,236.0,130894.0,54.85715039062498,61.39339001464842,51.784060791015605,53.72799999999998,60.22799999999998,50.72799999999998,97.67910031738282,102.28748349609376,95.51241330566407,96.8144,100.8144,94.8144,10mM 2DG,1h,yes,MN,0.5616058114006062,0.5549587664644926,0.6002043252632465,0.5974146550492785,0.5421710016403146,0.5350242157309436
vLH92_MN_60x-1xzoom_0002_XY03_488.tif,3,1708,671,1037,0.39285714285714285,207.9239501953125,0.2324848284094421,209.69847106933594,207.0,358165.0,218.0347137451172,217.0,226102.0,196.81520080566406,196.0,132063.0,False,vLH92_MN_60x-1xzoom_0002_XY03_Dapi-ex_Green-em.tif,283.6575012207031,279.0,484487.0,309.325927734375,303.0,320771.0,243.9880828857422,241.0,163716.0,66.42647106933592,74.76271374511717,53.54320080566404,63.72799999999998,73.72799999999998,52.72799999999998,142.47190122070313,168.140327734375,102.8024828857422,137.8144,161.8144,99.8144,10mM 2DG,1h,yes,MN,0.46624260994759037,0.462419021524601,0.4446447485413846,0.45563312041449944,0.5208356773364471,0.5282604513977941
vLH92_MN_60x-1xzoom_0002_XY03_488.tif,4,1160,615,545,0.5301724137931034,231.6069564819336,0.4725681365614468,248.77931213378906,234.0,288584.0,282.6954040527344,274.0,154069.0,218.72357177734375,218.0,134515.0,False,vLH92_MN_60x-1xzoom_0002_XY03_Dapi-ex_Green-em.tif,312.14739990234375,290.0,362091.0,364.03118896484375,351.0,198397.0,266.1690979003906,258.0,163694.0,105.50731213378904,139.42340405273436,75.45157177734373,90.72799999999998,130.72799999999998,74.72799999999998,170.96179990234376,222.84558896484376,124.98349790039063,148.8144,209.8144,116.8144,10mM 2DG,1h,yes,MN,0.6171396896502995,0.6096721822619314,0.6256502751541108,0.6230649564567541,0.6036922717387629,0.639715651495021
vLH92_MN_60x-1xzoom_0002_XY03_488.tif,5,1538,827,711,0.5377113133940182,231.67321014404297,0.19114382500559535,229.21652221679688,230.0,352535.0,238.02391052246094,238.0,169235.0,221.64450073242188,222.0,183300.0,False,vLH92_MN_60x-1xzoom_0002_XY03_Dapi-ex_Green-em.tif,208.94993591308594,210.0,321365.0,214.77496337890625,215.0,152705.0,203.94195556640625,204.0,168660.0,85.94452221679686,94.75191052246092,78.37250073242186,86.72799999999998,94.72799999999998,78.72799999999998,67.76433591308594,73.58936337890626,62.756355566406256,68.8144,73.8144,62.814400000000006,10mM 2DG,1h,yes,MN,1.268285464009102,1.2603176079425233,1.2875761682376603,1.2833268305371306,1.248837667915423,1.253343182454978
vLH92_MN_60x-1xzoom_0002_XY03_488.tif,6,1109,619,490,0.5581605049594229,224.65945434570312,0.4432393753513397,227.36880493164062,223.0,252152.0,245.62652587890625,237.0,120357.0,212.91600036621094,212.0,131795.0,False,vLH92_MN_60x-1xzoom_0002_XY03_Dapi-ex_Green-em.tif,320.3047790527344,313.0,355218.0,364.3408203125,339.5,178527.0,285.4458923339844,286.0,176691.0,84.0968049316406,102.35452587890623,69.64400036621092,79.72799999999998,93.72799999999998,68.72799999999998,179.11917905273438,223.1552203125,144.26029233398438,171.8144,198.3144,144.8144,10mM 2DG,1h,yes,MN,0.4695019560517398,0.46403561051925785,0.4586696458885074,0.47262326891037654,0.4827662500847741,0.47459368681567565
vLH92_MN_60x-1xzoom_0002_XY03_488.tif,7,1231,596,635,0.4841592201462226,216.94000244140625,0.38425718149759813,221.4760284423828,217.0,272637.0,235.8346405029297,229.0,149755.0,206.1778564453125,206.0,122882.0,False,vLH92_MN_60x-1xzoom_0002_XY03_Dapi-ex_Green-em.tif,296.1104736328125,287.0,364512.0,322.157470703125,311.0,204570.0,268.35906982421875,271.0,159942.0,78.20402844238279,92.56264050292967,62.90585644531248,73.72799999999998,85.72799999999998,62.72799999999998,154.9248736328125,180.971870703125,127.17346982421876,145.8144,169.8144,129.8144,10mM 2DG,1h,yes,MN,0.5047867821905357,0.5056290736717359,0.5114752925042914,0.5048335123523092,0.4946460651915999,0.4832129563438261
vLH92_MN_60x-1xzoom_0002_XY03_488.tif,8,1458,876,582,0.6008230452674898,209.74530029296875,0.6371887798119991,215.16323852539062,211.5,313708.0,234.69931030273438,231.0,136595.0,202.1837921142578,201.5,177113.0,False,vLH92_MN_60x-1xzoom_0002_XY03_Dapi-ex_Green-em.tif,295.74005126953125,287.0,431189.0,342.8848876953125,334.0,199559.0,264.4178161621094,267.0,231630.0,71.8912385253906,91.42731030273436,58.91179211425779,68.22799999999998,87.72799999999998,58.22799999999998,154.55445126953126,201.6992876953125,123.23221616210938,145.8144,192.8144,125.8144,10mM 2DG,1h,yes,MN,0.4651515238472021,0.4679098909298394,0.4532852413482228,0.4549867644740226,0.4780551218583992,0.4628087087010706
vLH92_MN_60x-1xzoom_0002_XY03_488.tif,9,2408,1177,1231,0.4887873754152824,228.7913360595703,0.7480882636272504,238.7072296142578,232.0,574807.0,257.8326416015625,254.0,317392.0,218.70433044433594,219.0,257415.0,False,vLH92_MN_60x-1xzoom_0002_XY03_Dapi-ex_Green-em.tif,243.4576416015625,221.0,586246.0,280.51422119140625,259.0,345313.0,204.700927734375,204.0,240933.0,95.43522961425779,114.56064160156248,75.43233044433592,88.72799999999998,110.72799999999998,75.72799999999998,102.2720416015625,139.32862119140626,63.515327734375006,79.8144,117.8144,62.814400000000006,10mM 2DG,1h,yes,MN,0.9331507234993902,1.1116790955015632,0.8222333690088117,0.9398511557161092,1.187624045014749,1.2055834330981428
vLH92_MN_60x-1xzoom_0002_XY03_488.tif,10,3237,1866,1371,0.5764596848934198,242.59921264648438,0.5432238244730158,245.68736267089844,243.0,795290.0,256.115234375,254.0,351134.0,238.02572631835938,237.0,444156.0,False,vLH92_MN_60x-1xzoom_0002_XY03_Dapi-ex_Green-em.tif,244.10287475585938,235.0,790161.0,266.0576171875,252.0,364765.0,227.97213745117188,227.0,425396.0,102.41536267089842,112.84323437499998,94.75372631835936,99.72799999999998,110.72799999999998,93.72799999999998,102.91727475585938,124.8720171875,86.78653745117188,93.8144,110.8144,85.8144,10mM 2DG,1h,yes,MN,0.9951231502568291,1.0630350990892654,0.9036711099618231,0.9992203179370188,1.0918021285463773,1.0922176231494944
vLH92_MN_60x-1xzoom_0002_XY03_488.tif,11,5152,2540,2619,0.49301242236024845,306.4309997558594,0.2358354276597634,344.3140563964844,310.0,1773906.0,416.80145263671875,429.0,1091603.0,269.2409362792969,269.0,683872.0,False,vLH92_MN_60x-1xzoom_0002_XY03_Dapi-ex_Green-em.tif,327.62286376953125,285.0,1687913.0,399.99273681640625,377.0,1047581.0,252.82992553710938,250.0,642188.0,201.04205639648436,273.5294526367187,125.96893627929686,166.72799999999998,285.72799999999995,125.72799999999998,186.43726376953126,258.8071368164062,111.64432553710938,143.8144,235.8144,108.8144,10mM 2DG,1h,yes,MN,1.078336231350226,1.1593275777668994,1.0568852775909199,1.2116647668675022,1.1283057663098706,1.1554353100324954
vLH92_MN_60x-1xzoom_0002_XY03_488.tif,12,3972,1602,2370,0.4033232628398791,422.4419860839844,0.6117217707602192,389.7245788574219,419.0,1547986.0,441.3687744140625,455.0,1046044.0,313.32208251953125,300.5,501942.0,False,vLH92_MN_60x-1xzoom_0002_XY03_Dapi-ex_Green-em.tif,305.7218017578125,306.0,1214327.0,350.175537109375,343.0,829916.0,239.95692443847656,234.0,384411.0,246.45257885742186,298.09677441406245,170.05008251953123,275.72799999999995,311.72799999999995,157.22799999999998,164.5362017578125,208.989937109375,98.77132443847657,164.8144,201.8144,92.8144,10mM 2DG,1h,yes,MN,1.4978623319637911,1.6729606150918848,1.4263690325819531,1.5446271425626712,1.7216543717144677,1.6940043786309018
vLH92_MN_60x-1xzoom_0002_XY03_488.tif,13,3863,1861,2002,0.48174993528345844,256.5999450683594,0.6805056993367546,266.24798583984375,259.0,1028516.0,304.79669189453125,307.0,610203.0,224.7786102294922,223.0,418313.0,False,vLH92_MN_60x-1xzoom_0002_XY03_Dapi-ex_Green-em.tif,256.6937561035156,241.0,991608.0,296.7842102050781,291.0,594162.0,213.56582641601562,211.0,397446.0,122.97598583984373,161.52469189453123,81.50661022949217,115.72799999999998,163.72799999999998,79.72799999999998,115.50815610351563,155.59861020507813,72.38022641601563,99.8144,149.8144,69.8144,10mM 2DG,1h,yes,MN,1.0646519690751155,1.1594319056168245,1.0380856980768822,1.0928722472606103,1.126089462072436,1.1419993582985741
vLH92_MN_60x-1xzoom_0002_XY03_488.tif,14,1446,770,676,0.5325034578146611,219.3443603515625,0.36312842020339803,222.8423309326172,219.0,322230.0,236.64645385742188,232.5,159973.0,210.72337341308594,211.0,162257.0,False,vLH92_MN_60x-1xzoom_0002_XY03_Dapi-ex_Green-em.tif,306.29254150390625,290.0,442899.0,347.05029296875,323.5,234606.0,270.5103759765625,270.0,208293.0,79.57033093261717,93.37445385742186,67.45137341308592,75.72799999999998,89.22799999999998,67.72799999999998,165.10694150390626,205.86469296875,129.3247759765625,148.8144,182.3144,128.8144,10mM 2DG,1h,yes,MN,0.48193207510136465,0.5088754851681019,0.45357196763990987,0.4894182796312303,0.5215657471953411,0.5257797264902059
vLH92_MN_60x-1xzoom_0002_XY03_488.tif,15,950,470,480,0.49473684210526314,219.49675750732422,0.4138131269943638,225.36105346679688,219.0,214093.0,247.9583282470703,243.0,119020.0,202.28297424316406,200.0,95073.0,False,vLH92_MN_60x-1xzoom_0002_XY03_Dapi-ex_Green-em.tif,314.8905334472656,310.0,299146.0,357.625,348.5,171660.0,271.2467956542969,264.0,127486.0,82.08905346679686,104.68632824707029,59.01097424316404,75.72799999999998,99.72799999999998,56.72799999999998,173.70493344726563,216.4394,130.06119565429688,168.8144,207.3144,122.8144,10mM 2DG,1h,yes,MN,0.47257755918439664,0.44858732430408765,0.4836750067089,0.48104714385493713,0.4537169902698375,0.4619002331974099
vLH92_MN_60x-1xzoom_0002_XY04_488.tif,1,4631,2019,2612,0.43597495141438136,520.0216064453125,0.5806328467662081,532.757080078125,525.0,2467198.0,624.4031372070312,647.5,1630941.0,414.19366455078125,408.0,836257.0,False,vLH92_MN_60x-1xzoom_0002_XY04_Dapi-ex_Green-em.tif,483.64263916015625,464.0,2239749.0,566.5294799804688,587.5,1479775.0,376.4111022949219,371.0,759974.0,388.137880078125,479.7839372070313,269.5744645507813,380.3808,502.8808,263.3808,341.9466391601562,424.8334799804687,234.71510229492188,322.304,445.804,229.304,10mM 2DG,1h,yes,MN,1.1350831844156082,1.1801926131850677,1.1293458727148549,1.1280311527038789,1.1485177643663433,1.1486097058926144
vLH92_MN_60x-1xzoom_0002_XY04_488.tif,2,2234,1232,1002,0.5514771709937332,296.56085205078125,0.5663367084293703,321.2336730957031,301.0,717636.0,364.5019836425781,345.0,365231.0,286.04302978515625,286.0,352405.0,False,vLH92_MN_60x-1xzoom_0002_XY04_Dapi-ex_Green-em.tif,338.2081604003906,327.0,755557.0,372.6996154785156,365.5,373445.0,310.1558532714844,309.0,382112.0,176.61447309570312,219.88278364257812,141.42382978515624,156.3808,200.3808,141.3808,196.51216040039063,231.00361547851563,168.45985327148438,185.304,223.804,167.304,10mM 2DG,1h,yes,MN,0.8987457709276298,0.8439148642231145,0.9518586243210908,0.8953405658522635,0.8395105839089283,0.8450533161191602
vLH92_MN_60x-1xzoom_0002_XY04_488.tif,3,4401,1991,2411,0.45239718245853217,313.6617431640625,0.8440801950985788,319.14678955078125,313.0,1404565.0,372.1310729980469,376.0,897208.0,254.92616271972656,252.0,507558.0,False,vLH92_MN_60x-1xzoom_0002_XY04_Dapi-ex_Green-em.tif,285.6600646972656,272.0,1257190.0,342.1368713378906,317.0,824892.0,217.22149658203125,215.0,432488.0,174.52758955078124,227.51187299804687,110.30696271972656,168.3808,231.3808,107.3808,143.96406469726563,200.44087133789063,75.52549658203125,130.304,175.304,73.304,10mM 2DG,1h,yes,MN,1.2122996799082189,1.2922151277013751,1.13505729385162,1.3198831743713777,1.460526149601913,1.4648695841973152
vLH92_MN_60x-1xzoom_0002_XY04_488.tif,4,1109,593,516,0.5347159603246168,220.75277709960938,0.41335748870394295,228.03697204589844,222.0,252893.0,249.15892028808594,241.0,128566.0,209.6576690673828,210.0,124327.0,False,vLH92_MN_60x-1xzoom_0002_XY04_Dapi-ex_Green-em.tif,319.1740417480469,310.0,353964.0,370.781005859375,369.0,191323.0,274.26812744140625,275.0,162641.0,83.41777204589843,104.53972028808593,65.0384690673828,77.3808,96.3808,65.3808,177.47804174804688,229.085005859375,132.57212744140625,168.304,227.304,133.304,10mM 2DG,1h,yes,MN,0.4700174242643537,0.4597680387869569,0.45633593475889983,0.4240171752366874,0.49058931407831763,0.4904639020584528
vLH92_MN_60x-1xzoom_0002_XY05_488.tif,1,813,525,288,0.6457564575645757,210.02264404296875,0.5911743553782256,211.4575653076172,210.0,171915.0,218.54513549804688,218.0,62941.0,207.56951904296875,206.0,108974.0,False,vLH92_MN_60x-1xzoom_0002_XY05_Dapi-ex_Green-em.tif,271.29150390625,267.0,220560.0,288.6979064941406,277.0,83145.0,261.74285888671875,261.0,137415.0,67.44316530761719,74.53073549804688,63.555119042968755,65.9856,73.9856,61.985600000000005,130.47070390625,147.87710649414063,120.92205888671876,126.17920000000001,136.1792,120.17920000000001,10mM 2DG,1h,yes,MN,0.5169219088147069,0.5229514848723086,0.5040045566552929,0.5432958924710969,0.5255874703763352,0.5157764405154969
vLH92_MN_60x-1xzoom_0002_XY05_488.tif,2,922,471,451,0.5108459869848156,211.73081970214844,0.44524473280608656,213.70498657226562,212.0,197036.0,226.25942993164062,223.0,102043.0,201.68365478515625,202.0,94993.0,False,vLH92_MN_60x-1xzoom_0002_XY05_Dapi-ex_Green-em.tif,281.40130615234375,277.0,259452.0,311.9578857421875,306.0,140693.0,252.1422576904297,252.0,118759.0,69.69058657226563,82.24502993164063,57.669254785156255,67.9856,78.9856,57.985600000000005,140.58050615234376,171.1370857421875,111.3214576904297,136.1792,165.1792,111.17920000000001,10mM 2DG,1h,yes,MN,0.49573435520813675,0.4992363004041733,0.4805798204109898,0.4781812722182938,0.5180425767108338,0.5215507936736368
vLH92_MN_60x-1xzoom_0002_XY05_488.tif,3,3587,1777,1810,0.49540005575689994,622.8992309570312,0.3383508363273704,603.4365844726562,629.0,2164527.0,720.5679321289062,724.0,1304228.0,484.1300048828125,467.0,860299.0,False,vLH92_MN_60x-1xzoom_0002_XY05_Dapi-ex_Green-em.tif,349.1053771972656,350.0,1252241.0,409.5712585449219,407.0,741324.0,287.5166015625,279.0,510917.0,459.4221844726562,576.5535321289062,340.1156048828125,484.9856,579.9856,322.9856,208.28457719726563,268.7504585449219,146.6958015625,209.1792,266.17920000000004,138.1792,10mM 2DG,1h,yes,MN,2.2057426942252136,2.318517328682775,2.14531180802631,2.1789290823625582,2.3185094683020333,2.3374400778120004
vLH92_MN_60x-1xzoom_0002_XY05_488.tif,4,1033,726,307,0.7028073572120038,285.519775390625,0.29743375283319134,283.028076171875,284.0,292368.0,291.5342102050781,291.0,89501.0,279.4311218261719,280.0,202867.0,False,vLH92_MN_60x-1xzoom_0002_XY05_Dapi-ex_Green-em.tif,263.8209228515625,262.0,272527.0,257.97393798828125,258.0,79198.0,266.29339599609375,265.0,193329.0,139.013676171875,147.51981020507813,135.41672182617188,139.9856,146.9856,135.9856,123.00012285156251,117.15313798828126,125.47259599609376,121.17920000000001,117.17920000000001,124.17920000000001,10mM 2DG,1h,yes,MN,1.1301913603748004,1.1551949509486776,1.2592049409708037,1.2543659625599082,1.0792533680453038,1.095075503788074
vLH92_MN_60x-1xzoom_0002_XY05_488.tif,5,1562,828,734,0.5300896286811779,203.30667114257812,0.2043866054837955,205.6632537841797,203.0,321246.0,217.40463256835938,213.0,159575.0,195.2548370361328,195.0,161671.0,False,vLH92_MN_60x-1xzoom_0002_XY05_Dapi-ex_Green-em.tif,282.2221374511719,273.0,440831.0,320.75750732421875,302.0,235436.0,248.0615997314453,245.0,205395.0,61.64885378417969,73.39023256835938,51.24043703613282,58.985600000000005,68.9856,50.985600000000005,141.40133745117188,179.93670732421876,107.24079973144532,132.1792,161.1792,104.17920000000001,10mM 2DG,1h,yes,MN,0.43598494112877834,0.44625478138769187,0.4078669308765402,0.42800559873730604,0.4778073006211274,0.4894028750460745
vLH92_MN_60x-1xzoom_0002_XY05_488.tif,6,1205,661,544,0.5485477178423237,201.4281463623047,0.4308260487594204,202.9070587158203,201.0,244503.0,210.22610473632812,208.0,114363.0,196.88351440429688,196.0,130140.0,False,vLH92_MN_60x-1xzoom_0002_XY05_Dapi-ex_Green-em.tif,223.73776245117188,215.0,269604.0,236.77206420898438,224.0,128804.0,213.01058959960938,210.0,140800.0,58.89265871582032,66.21170473632813,52.86911440429688,56.985600000000005,63.985600000000005,51.985600000000005,82.91696245117188,95.95126420898438,72.18978959960938,74.17920000000001,83.17920000000001,69.17920000000001,10mM 2DG,1h,yes,MN,0.7102606870156515,0.7682153487770157,0.6900555743811493,0.7692500048088945,0.7323627717649277,0.7514628674514883
vLH92_MN_60x-1xzoom_0002_XY05_488.tif,7,3577,1762,1815,0.49259155717081354,295.5663757324219,0.6975310787791646,302.0338134765625,297.0,1080375.0,357.1311340332031,361.0,648193.0,245.2792205810547,242.0,432182.0,False,vLH92_MN_60x-1xzoom_0002_XY05_Dapi-ex_Green-em.tif,279.8532409667969,271.0,1001035.0,329.9344482421875,324.0,598831.0,228.26560974121094,225.0,402204.0,158.0194134765625,213.11673403320313,101.26482058105469,152.9856,216.9856,97.9856,139.03244096679688,189.1136482421875,87.44480974121095,130.1792,183.1792,84.17920000000001,10mM 2DG,1h,yes,MN,1.1365650518521788,1.1751923502372115,1.1269241327324837,1.184553704787443,1.1580426657767735,1.1640120124686382
vLH92_MN_60x-1xzoom_0002_XY05_488.tif,8,1044,569,475,0.5450191570881227,214.18614959716797,0.4362512887344424,219.69061279296875,215.0,229357.0,234.82736206054688,229.0,111543.0,207.0544891357422,206.0,117814.0,False,vLH92_MN_60x-1xzoom_0002_XY05_Dapi-ex_Green-em.tif,288.4176330566406,272.0,301108.0,322.40631103515625,311.0,153143.0,260.0439453125,254.0,147965.0,75.67621279296876,90.81296206054688,63.04008913574219,70.9856,84.9856,61.985600000000005,147.59683305664063,181.58551103515626,119.22314531250001,131.1792,170.1792,113.17920000000001,10mM 2DG,1h,yes,MN,0.512722469891531,0.5411345701147743,0.5001112783880914,0.49938887948703486,0.5287571383098943,0.5476766048885308
vLH92_MN_60x-1xzoom_0002_XY05_488.tif,9,2853,1406,1447,0.49281458114265686,230.97528076171875,0.7345088712774647,245.06939697265625,234.0,699183.0,269.25225830078125,259.0,389608.0,220.18136596679688,219.0,309575.0,False,vLH92_MN_60x-1xzoom_0002_XY05_Dapi-ex_Green-em.tif,236.61338806152344,219.0,675058.0,264.60125732421875,240.0,382878.0,207.80938720703125,207.0,292180.0,101.05499697265626,125.23785830078126,76.16696596679688,89.9856,114.9856,74.9856,95.79258806152345,123.78045732421876,66.98858720703126,78.17920000000001,99.17920000000001,66.17920000000001,10mM 2DG,1h,yes,MN,1.0549354497839958,1.1510171503417788,1.0117740797543275,1.1593721264136028,1.1370140667603488,1.133069000531889
vLH92_MN_60x-1xzoom_0002_XY05_488.tif,10,2012,1014,998,0.5039761431411531,231.67389678955078,0.802833727448437,242.3792266845703,233.0,487667.0,269.3256530761719,265.0,268787.0,215.8579864501953,215.0,218880.0,False,vLH92_MN_60x-1xzoom_0002_XY05_Dapi-ex_Green-em.tif,248.74253845214844,232.5,500470.0,280.970947265625,266.0,280409.0,217.02268981933594,217.0,220061.0,98.36482668457032,125.31125307617188,71.84358645019532,88.9856,120.9856,70.9856,107.92173845214845,140.150147265625,76.20188981933595,91.67920000000001,125.17920000000001,76.17920000000001,10mM 2DG,1h,yes,MN,0.911445906036664,0.9706192898716394,0.8941214513222798,0.9664992267085906,0.9428058361876122,0.9318239099386709
vLH92_MN_60x-1xzoom_0002_XY05_488.tif,11,210,60,150,0.2857142857142857,191.37045288085938,0.5963851063768574,192.39047241210938,191.0,40402.0,196.3800048828125,195.0,29457.0,182.4166717529297,183.0,10945.0,False,vLH92_MN_60x-1xzoom_0002_XY05_Dapi-ex_Green-em.tif,265.1571350097656,254.5,55683.0,281.55999755859375,282.0,42234.0,224.14999389648438,223.5,13449.0,48.37607241210938,52.365604882812505,38.40227175292969,46.985600000000005,50.985600000000005,38.985600000000005,124.33633500976563,140.73919755859376,83.32919389648438,113.67920000000001,141.1792,82.67920000000001,10mM 2DG,1h,yes,MN,0.389074299224839,0.4133174758443057,0.3720754828164428,0.36114101794031983,0.46085015295641624,0.4715285101936158
vLH92_MN_60x-1xzoom_0002_XY05_488.tif,12,3920,1843,2077,0.4701530612244898,253.10585021972656,0.8784899923578311,251.789794921875,251.0,987016.0,289.7053527832031,288.0,601718.0,209.0602264404297,206.0,385298.0,False,vLH92_MN_60x-1xzoom_0002_XY05_Dapi-ex_Green-em.tif,249.4676055908203,240.0,977913.0,291.5921936035156,271.0,605637.0,201.99456787109375,200.0,372276.0,107.775394921875,145.69095278320313,65.04582644042969,106.9856,143.9856,61.985600000000005,108.64680559082032,150.77139360351563,61.17376787109376,99.17920000000001,130.1792,59.17920000000001,10mM 2DG,1h,yes,MN,0.9919794174876417,1.0787100521077,0.9663036820255667,1.1060568815909146,1.063296061434293,1.0474220672128045
vLH92_MN_60x-1xzoom_0002_XY05_488.tif,13,1142,599,543,0.5245183887915937,202.85670471191406,0.561508710821876,206.15061950683594,204.0,235424.0,216.1068115234375,214.0,117346.0,197.12521362304688,197.0,118078.0,False,vLH92_MN_60x-1xzoom_0002_XY05_Dapi-ex_Green-em.tif,219.18650817871094,214.0,250311.0,233.0294647216797,229.0,126535.0,206.63772583007812,206.0,123776.0,62.13621950683594,72.0924115234375,53.11081362304688,59.985600000000005,69.9856,52.985600000000005,78.36570817871095,92.2086647216797,65.81692583007813,73.17920000000001,88.17920000000001,65.17920000000001,10mM 2DG,1h,yes,MN,0.7929006315509319,0.8197083324223277,0.7818398817620819,0.7936746987951807,0.8069476499125002,0.8129219137393524
vLH92_MN_60x-1xzoom_0002_XY05_488.tif,14,4052,1902,2150,0.4693978282329714,226.68136596679688,0.7118544988010176,221.13079833984375,222.0,896022.0,240.3209228515625,238.0,516690.0,199.43849182128906,198.0,379332.0,False,vLH92_MN_60x-1xzoom_0002_XY05_Dapi-ex_Green-em.tif,212.91436767578125,204.0,862729.0,232.7190704345703,221.0,500346.0,190.52734375,188.0,362383.0,77.11639833984376,96.3065228515625,55.42409182128907,77.9856,93.9856,53.985600000000005,72.09356767578126,91.89827043457032,49.70654375000001,63.17920000000001,80.17920000000001,47.17920000000001,10mM 2DG,1h,yes,MN,1.0696709959847062,1.2343556107073212,1.0479688289686666,1.1721942848020435,1.1150260637723188,1.1442669651032658
vLH92_MN_60x-1xzoom_0002_XY06_488.tif,1,873,454,419,0.5200458190148912,240.97254943847656,0.7552823652515489,243.5509796142578,241.0,212620.0,260.78521728515625,258.0,109269.0,227.64537048339844,226.0,103351.0,False,vLH92_MN_60x-1xzoom_0002_XY06_Dapi-ex_Green-em.tif,325.06414794921875,317.0,283781.0,371.9665832519531,372.0,155854.0,281.77752685546875,277.5,127927.0,98.29497961425781,115.52921728515625,82.38937048339844,95.744,112.744,80.744,182.82574794921874,229.7281832519531,139.53912685546874,174.7616,229.7616,135.2616,10mM 2DG,1h,yes,MN,0.5376429781737307,0.5478549063409811,0.5028952723595529,0.4906999254879841,0.590439200388113,0.5969469531633517
vLH92_MN_60x-1xzoom_0002_XY06_488.tif,2,1479,754,725,0.5098039215686274,279.66693115234375,0.6342468202129118,287.1183166503906,280.0,424648.0,306.2827453613281,297.0,222055.0,268.69097900390625,269.0,202593.0,False,vLH92_MN_60x-1xzoom_0002_XY06_Dapi-ex_Green-em.tif,237.63352966308594,232.0,351460.0,248.18759155273438,241.0,179936.0,227.48541259765625,227.0,171524.0,141.86231665039062,161.02674536132812,123.43497900390625,134.744,151.744,123.744,95.39512966308592,105.94919155273436,85.24701259765624,89.76159999999999,98.76159999999999,84.76159999999999,10mM 2DG,1h,yes,MN,1.4871022991573712,1.5011318871321369,1.5198487407162504,1.53646761494346,1.4479683832029082,1.4599063726970707
vLH92_MN_60x-1xzoom_0002_XY06_488.tif,3,1153,607,546,0.5264527320034692,455.485595703125,0.49979240480744686,462.73199462890625,454.0,533530.0,496.518310546875,483.0,271099.0,432.3410339355469,431.0,262431.0,False,vLH92_MN_60x-1xzoom_0002_XY06_Dapi-ex_Green-em.tif,384.97918701171875,354.0,443881.0,411.0696105957031,373.0,224444.0,361.5107116699219,343.0,219437.0,317.4759946289063,351.262310546875,287.0850339355469,308.744,337.744,285.744,242.74078701171874,268.8312105957031,219.27231166992186,211.7616,230.7616,200.7616,10mM 2DG,1h,yes,MN,1.307880717275501,1.4579791614721462,1.3066277154669386,1.4636057298961354,1.3092625865490297,1.4233000733207946
vLH92_MN_60x-1xzoom_0002_XY06_488.tif,4,2135,1133,1002,0.5306791569086651,851.9439697265625,0.42180655546745405,896.3283081054688,854.0,1913661.0,991.510009765625,912.0,993493.0,812.1517944335938,817.0,920168.0,False,vLH92_MN_60x-1xzoom_0002_XY06_Dapi-ex_Green-em.tif,397.4472961425781,381.0,848550.0,433.2195739746094,407.0,434086.0,365.8111267089844,366.0,414464.0,751.0723081054688,846.254009765625,666.8957944335938,708.744,766.744,671.744,255.2088961425781,290.98117397460936,223.57272670898436,238.7616,264.7616,223.7616,10mM 2DG,1h,yes,MN,2.9429707171566055,2.9684170318845244,2.908277529457861,2.8959788730692066,2.9829031664567265,3.002052184110232
vLH92_MN_60x-1xzoom_0002_XY06_488.tif,5,2448,1222,1226,0.4991830065359477,1465.890869140625,0.1862368475749807,1434.5633544921875,1464.0,3511811.0,1496.5489501953125,1523.0,1834769.0,1372.374755859375,1393.0,1677042.0,False,vLH92_MN_60x-1xzoom_0002_XY06_Dapi-ex_Green-em.tif,622.2389526367188,618.0,1523241.0,628.2169799804688,629.0,770194.0,616.2413940429688,605.0,753047.0,1289.3073544921874,1351.2929501953124,1227.118755859375,1318.744,1377.744,1247.744,480.00055263671874,485.97857998046874,474.00299404296874,475.7616,486.7616,462.7616,10mM 2DG,1h,yes,MN,2.6860538960003666,2.7718588469519188,2.780560719877037,2.8304286944574097,2.588841782185316,2.696299779411256
vLH92_MN_60x-1xzoom_0002_XY06_488.tif,6,2282,1325,958,0.5806310254163015,518.1182250976562,0.4072193614447171,525.2826538085938,516.0,1198695.0,573.0083618164062,552.0,548942.0,490.71697998046875,494.0,650200.0,False,vLH92_MN_60x-1xzoom_0002_XY06_Dapi-ex_Green-em.tif,335.7594299316406,317.0,766203.0,368.3465576171875,344.0,352876.0,312.1637878417969,300.0,413617.0,380.0266538085938,427.7523618164063,345.4609799804688,370.744,406.744,348.744,193.5210299316406,226.1081576171875,169.92538784179686,174.7616,201.7616,157.7616,10mM 2DG,1h,yes,MN,1.9637486114187923,2.121427132733965,1.8918041981511016,2.0159633944219317,2.033015692170132,2.210575957647489
vLH92_MN_60x-1xzoom_0002_XY07_488.tif,1,813,541,272,0.6654366543665436,186.49000549316406,0.672175713645583,190.9261932373047,187.0,155223.0,204.06985473632812,197.0,55507.0,184.31793212890625,184.0,99716.0,False,vLH92_MN_60x-1xzoom_0002_XY07_Dapi-ex_Green-em.tif,213.31365966796875,206.0,173424.0,234.4375,217.0,63767.0,202.6931610107422,201.0,109657.0,48.532593237304695,61.67625473632813,41.92433212890626,44.60640000000001,54.60640000000001,41.60640000000001,73.15205966796876,94.27590000000001,62.531561010742195,65.83840000000001,76.83840000000001,60.83840000000001,10mM 2DG,1h,yes,MN,0.6634480759337493,0.6775134268147465,0.6542101930220569,0.7106655005830419,0.6704507524081182,0.6838838628234799
vLH92_MN_60x-1xzoom_0002_XY07_488.tif,2,3365,1622,1743,0.48202080237741457,333.75665283203125,0.7877771676091676,353.831787109375,335.0,1190644.0,413.0223693847656,421.0,719898.0,290.22564697265625,287.0,470746.0,False,vLH92_MN_60x-1xzoom_0002_XY07_Dapi-ex_Green-em.tif,294.9720764160156,273.0,992581.0,341.4664306640625,329.0,595176.0,245.00924682617188,244.0,397405.0,211.438187109375,270.62876938476563,147.83204697265626,192.6064,278.6064,144.6064,154.81047641601563,201.3048306640625,104.84764682617188,132.8384,188.8384,103.83840000000001,10mM 2DG,1h,yes,MN,1.3657873291545601,1.4499301406822123,1.3443729516674685,1.4753694163898867,1.4099700989736919,1.3926100556248941
vLH92_MN_60x-1xzoom_0002_XY07_488.tif,3,1580,862,718,0.5455696202531646,217.84971618652344,0.24489371922422268,218.48606872558594,216.0,345208.0,233.68663024902344,230.0,167787.0,205.8248291015625,205.0,177421.0,False,vLH92_MN_60x-1xzoom_0002_XY07_Dapi-ex_Green-em.tif,308.7677307128906,298.0,487853.0,351.8092041015625,332.0,252599.0,272.9164733886719,269.0,235254.0,76.09246872558595,91.29303024902345,63.43122910156251,73.60640000000001,87.60640000000001,62.60640000000001,168.60613071289063,211.6476041015625,132.75487338867188,157.8384,191.8384,128.8384,10mM 2DG,1h,yes,MN,0.45130309558647835,0.46634025687031805,0.4313445013306884,0.45666769531021945,0.4778071605390508,0.4859296607222692
vLH92_MN_60x-1xzoom_0002_XY07_488.tif,4,3396,1683,1713,0.495583038869258,320.09764099121094,0.7618876766817445,341.4019470214844,320.0,1159401.0,396.2819519042969,398.0,678831.0,285.5436706542969,284.0,480570.0,False,vLH92_MN_60x-1xzoom_0002_XY07_Dapi-ex_Green-em.tif,372.2626647949219,328.0,1264204.0,444.8634033203125,420.0,762051.0,298.3677978515625,297.0,502153.0,199.00834702148438,253.88835190429688,143.15007065429688,177.6064,255.6064,141.6064,232.10106479492188,304.7018033203125,158.2061978515625,187.8384,279.8384,156.8384,10mM 2DG,1h,yes,MN,0.8574210859279026,0.9455276450395659,0.8332354752669486,0.9134071664217636,0.904832254350793,0.902880927119889
vLH92_MN_60x-1xzoom_0002_XY07_488.tif,5,4479,1887,2593,0.4212993971868721,289.95159912109375,0.8189049909063181,284.3291015625,286.0,1273510.0,316.6687316894531,315.0,821122.0,239.85850524902344,236.0,452613.0,False,vLH92_MN_60x-1xzoom_0002_XY07_Dapi-ex_Green-em.tif,259.66778564453125,249.0,1163052.0,290.6023864746094,282.0,753532.0,217.14202880859375,215.0,409747.0,141.9355015625,174.27513168945313,97.46490524902345,143.6064,172.6064,93.60640000000001,119.50618564453126,150.44078647460938,76.98042880859376,108.83840000000001,141.8384,74.83840000000001,10mM 2DG,1h,yes,MN,1.1876833052364695,1.3194460778548747,1.158430075868198,1.2169229207323264,1.2660997964997422,1.2507803480566126
vLH92_MN_60x-1xzoom_0002_XY07_488.tif,6,667,345,322,0.5172413793103449,206.4578857421875,0.4847698125632397,206.76760864257812,206.0,137914.0,217.17080688476562,217.5,69929.0,197.05796813964844,196.0,67985.0,False,vLH92_MN_60x-1xzoom_0002_XY07_Dapi-ex_Green-em.tif,248.0404815673828,246.0,165443.0,270.29193115234375,267.0,87034.0,227.2724609375,225.0,78409.0,64.37400864257813,74.77720688476563,54.664368139648445,63.60640000000001,75.10640000000001,53.60640000000001,107.87888156738282,130.13033115234376,87.11086093750001,105.83840000000001,126.83840000000001,84.83840000000001,10mM 2DG,1h,yes,MN,0.5967248427799943,0.6009765831683019,0.5746331867643052,0.592142442667205,0.6275264364436582,0.631864815932408
vLH92_MN_60x-1xzoom_0002_XY08_488.tif,1,1450,781,669,0.5386206896551724,189.08808135986328,0.6670595600123536,193.43931579589844,191.0,280487.0,205.2780303955078,203.0,137331.0,183.29833984375,183.0,143156.0,False,vLH92_MN_60x-1xzoom_0002_XY08_Dapi-ex_Green-em.tif,262.4468994140625,258.0,380548.0,294.7174987792969,290.0,197166.0,234.80409240722656,232.0,183382.0,49.94971579589844,61.78843039550782,39.808739843750004,47.510400000000004,59.510400000000004,39.510400000000004,120.0052994140625,152.27589877929688,92.36249240722657,115.5584,147.5584,89.5584,10mM 2DG,1h,yes,MN,0.4162292502063056,0.41113757199822776,0.405766315555042,0.40330065926439973,0.4310054742593251,0.44116911423160754
vLH92_MN_60x-1xzoom_0002_XY08_488.tif,2,3960,1821,2139,0.45984848484848484,329.6363220214844,0.662703273060927,356.9080810546875,329.0,1413356.0,421.39971923828125,436.0,901374.0,281.154296875,281.0,511982.0,False,vLH92_MN_60x-1xzoom_0002_XY08_Dapi-ex_Green-em.tif,299.9179382324219,277.0,1187675.0,347.3099670410156,347.0,742896.0,244.24986267089844,244.0,444779.0,213.4184810546875,277.91011923828125,137.664696875,185.5104,292.5104,137.5104,157.47633823242188,204.86836704101563,101.80826267089844,134.5584,204.5584,101.5584,10mM 2DG,1h,yes,MN,1.3552415775613205,1.3786608639817357,1.3565301625245165,1.4299603438431274,1.3521957183378104,1.3540032139143585
vLH92_MN_60x-1xzoom_0002_XY08_488.tif,3,4639,2263,2377,0.4878206510023712,364.69268798828125,0.30958862074606786,330.47833251953125,357.0,1533089.0,394.78375244140625,393.0,938401.0,262.89129638671875,246.0,594923.0,False,vLH92_MN_60x-1xzoom_0002_XY08_Dapi-ex_Green-em.tif,248.50225830078125,242.0,1152802.0,290.3584289550781,269.0,690182.0,204.5041961669922,197.0,462793.0,186.98873251953125,251.29415244140625,119.40169638671875,213.5104,249.5104,102.5104,106.06065830078126,147.91682895507813,62.06259616699219,99.5584,126.5584,54.558400000000006,10mM 2DG,1h,yes,MN,1.763035752514784,2.1445744407302647,1.698888180720285,1.9715040645267323,1.9238914219032008,1.8789114050265403
vLH92_MN_60x-1xzoom_0002_XY08_488.tif,4,2424,1199,1225,0.4946369636963696,352.28102111816406,0.8131187069815446,370.1868896484375,352.0,897333.0,438.399169921875,442.0,537039.0,300.49542236328125,295.0,360294.0,False,vLH92_MN_60x-1xzoom_0002_XY08_Dapi-ex_Green-em.tif,352.33251953125,326.5,854054.0,417.4832763671875,404.0,511417.0,285.76898193359375,282.0,342637.0,226.6972896484375,294.909569921875,157.00582236328125,208.5104,298.5104,151.5104,209.89091953125,275.0416763671875,143.32738193359376,184.0584,261.5584,139.5584,10mM 2DG,1h,yes,MN,1.0800719257160873,1.1328491391862583,1.0722359382661826,1.1412762885841174,1.0954349423338032,1.0856415665413188
vLH92_MN_60x-1xzoom_0002_XY08_488.tif,5,1863,782,1081,0.41975308641975306,355.7262878417969,0.8788951284153614,357.02093505859375,352.0,665130.0,396.0083312988281,401.0,428085.0,303.1265869140625,301.0,237045.0,False,vLH92_MN_60x-1xzoom_0002_XY08_Dapi-ex_Green-em.tif,336.69940185546875,329.0,627271.0,371.0693664550781,368.0,401126.0,289.18798828125,288.0,226145.0,213.53133505859375,252.51873129882813,159.6369869140625,208.5104,257.5104,157.5104,194.25780185546876,228.62776645507813,146.74638828125,186.5584,225.5584,145.5584,10mM 2DG,1h,yes,MN,1.0992162632287215,1.1176682475835984,1.1044972149016914,1.1416573268829713,1.087842697757622,1.0821113724800493
vLH92_MN_60x-1xzoom_0002_XY08_488.tif,6,2265,1158,1108,0.5112582781456954,238.6199188232422,0.6968264335264605,246.09007263183594,242.0,557394.0,263.2057800292969,259.0,291632.0,229.7158966064453,230.0,266011.0,False,vLH92_MN_60x-1xzoom_0002_XY08_Dapi-ex_Green-em.tif,242.70948791503906,238.0,549737.0,262.23828125,259.0,290560.0,223.9835968017578,224.0,259373.0,102.60047263183594,119.71618002929688,86.22629660644532,98.5104,115.5104,86.5104,100.26788791503907,119.79668125,81.54199680175782,95.5584,116.5584,81.5584,10mM 2DG,1h,yes,MN,1.0232635269905492,1.0308921036769139,0.999328017939536,0.9910087990226358,1.0574464691620908,1.0607172283909443
vLH92_MN_60x-1xzoom_0002_XY08_488.tif,7,3788,1921,1867,0.5071277719112989,274.43186950683594,0.6658272130881767,295.2821960449219,277.0,1118529.0,350.1419372558594,347.0,653715.0,241.964599609375,240.0,464814.0,False,vLH92_MN_60x-1xzoom_0002_XY08_Dapi-ex_Green-em.tif,260.1314697265625,239.0,985378.0,303.1847839355469,292.0,566046.0,218.28839111328125,215.0,419332.0,151.79259604492188,206.65233725585938,98.474999609375,133.5104,203.5104,96.5104,117.6898697265625,160.74318393554688,75.84679111328126,96.5584,149.5584,72.5584,10mM 2DG,1h,yes,MN,1.2897677293516658,1.3826906825299508,1.285605598920578,1.3607420245201873,1.298341013033726,1.3301065073099736
vLH92_MN_60x-1xzoom_0002_XY08_488.tif,8,2496,1262,1235,0.5056089743589743,287.30149841308594,0.595153332852842,273.7844543457031,282.0,683366.0,297.9230651855469,296.0,367935.0,250.0990447998047,250.0,315625.0,False,vLH92_MN_60x-1xzoom_0002_XY08_Dapi-ex_Green-em.tif,269.3946228027344,268.0,672409.0,299.6210632324219,287.0,370032.0,239.75990295410156,236.0,302577.0,130.29485434570313,154.43346518554688,106.60944479980469,138.5104,152.5104,106.5104,126.95302280273438,157.17946323242188,97.31830295410157,125.5584,144.5584,93.5584,10mM 2DG,1h,yes,MN,1.0263233711903137,1.1031551851568673,0.9825295366811726,1.055008909893856,1.0954716796704225,1.1384375961966002
vLH92_MN_60x-1xzoom_0002_XY08_488.tif,9,3762,1809,1953,0.48086124401913877,275.06834411621094,0.5651939107015008,283.0108947753906,273.0,1064687.0,318.479248046875,318.0,621990.0,244.71917724609375,244.0,442697.0,False,vLH92_MN_60x-1xzoom_0002_XY08_Dapi-ex_Green-em.tif,306.9383239746094,289.0,1154702.0,333.8085021972656,316.0,651928.0,277.9292297363281,277.0,502774.0,139.52129477539063,174.989648046875,101.22957724609375,129.5104,174.5104,100.5104,164.49672397460938,191.36690219726563,135.48762973632813,146.5584,173.5584,134.5584,10mM 2DG,1h,yes,MN,0.8481706589909123,0.8836777694079629,0.914419609857568,1.0054851853900473,0.747149960797869,0.7469648866217197
vLH92_MN_60x-1xzoom_0002_XY08_488.tif,10,4168,2123,2046,0.5093570057581573,302.1015319824219,0.3741747137014772,314.5616455078125,307.0,1311093.0,383.55084228515625,387.0,784745.0,248.0499267578125,240.0,526610.0,False,vLH92_MN_60x-1xzoom_0002_XY08_Dapi-ex_Green-em.tif,284.4630432128906,278.0,1185642.0,344.2096862792969,316.0,704253.0,226.88035583496094,217.0,481667.0,171.0720455078125,240.06124228515625,104.5603267578125,163.5104,243.5104,96.5104,142.02144321289063,201.76808627929688,84.43875583496094,135.5584,173.5584,74.5584,10mM 2DG,1h,yes,MN,1.2045508173816746,1.2061989518908456,1.1897879724787208,1.4030458911812969,1.2382978138874998,1.2944269190325972
vLH92_MN_60x-1xzoom_0002_XY08_488.tif,11,1056,523,533,0.4952651515151515,216.0251007080078,0.5650640708740192,219.44981384277344,215.0,231739.0,237.75234985351562,234.0,126722.0,200.7973175048828,200.0,105017.0,False,vLH92_MN_60x-1xzoom_0002_XY08_Dapi-ex_Green-em.tif,292.5766906738281,280.0,308961.0,335.75421142578125,322.0,178957.0,248.5736083984375,246.0,130004.0,75.96021384277344,94.26274985351563,57.30771750488282,71.5104,90.5104,56.510400000000004,150.13509067382813,193.31261142578126,106.1320083984375,137.5584,179.5584,103.5584,10mM 2DG,1h,yes,MN,0.5059457685864973,0.519854839835299,0.48761821155008317,0.5040722127174223,0.5399663906268498,0.5456862987454422
vLH92_MN_60x-1xzoom_0002_XY08_488.tif,12,3133,1834,1299,0.5853814235556974,268.19158935546875,0.6220666720371159,275.04339599609375,272.0,861711.0,298.59814453125,300.0,387879.0,258.35986328125,259.0,473832.0,False,vLH92_MN_60x-1xzoom_0002_XY08_Dapi-ex_Green-em.tif,233.2681121826172,228.0,730829.0,253.6497344970703,248.0,329491.0,218.83206176757812,217.0,401338.0,131.55379599609375,155.10854453125,114.87026328125,128.5104,156.5104,115.5104,90.8265121826172,111.20813449707032,76.39046176757813,85.5584,105.5584,74.5584,10mM 2DG,1h,yes,MN,1.4484074400169595,1.5020196731121667,1.3947589826294244,1.4826901506654135,1.5037252115420985,1.549260713749222
vLH92_MN_60x-1xzoom_0002_XY09_488.tif,1,7558,2246,5312,0.29716856311193435,763.2301025390625,0.46270491534181935,700.5493774414062,764.0,5294752.0,794.9085083007812,834.0,4222554.0,477.3811340332031,419.0,1072198.0,False,vLH92_MN_60x-1xzoom_0002_XY09_Dapi-ex_Green-em.tif,414.6677551269531,426.0,3134059.0,457.9239501953125,472.0,2432492.0,312.36285400390625,292.0,701567.0,556.7109774414063,651.0701083007813,333.54273403320315,620.1616,690.1616,275.1616,273.3861551269531,316.6423501953125,171.08125400390625,284.7184,330.7184,150.7184,10mM 2DG,1h,yes,MN,2.0363539520971163,2.178157786781606,2.056168759166883,2.0868557661140112,1.9496159060512115,1.8256669391394815
vLH92_MN_60x-1xzoom_0002_XY10_488.tif,1,1036,473,563,0.45656370656370654,194.5783233642578,0.5974908684681013,197.31756591796875,194.0,204421.0,208.00177001953125,204.0,117105.0,184.6004180908203,184.0,87316.0,False,vLH92_MN_60x-1xzoom_0002_XY10_Dapi-ex_Green-em.tif,277.5279846191406,262.0,287519.0,314.1527404785156,289.0,176868.0,233.93446350097656,231.0,110651.0,56.66636591796873,67.35057001953123,43.949218090820295,53.34879999999998,63.34879999999998,43.34879999999998,137.64638461914063,174.27114047851563,94.05286350097657,122.11840000000001,149.1184,91.11840000000001,10mM 2DG,1h,yes,MN,0.4116807431939546,0.43686127561448546,0.38647001353522614,0.42482215474414947,0.46728208429681634,0.4757414528788914
vLH92_MN_60x-1xzoom_0002_XY10_488.tif,2,1581,981,600,0.6204933586337761,193.08412170410156,0.30484169209187406,194.37127685546875,193.0,307301.0,208.4583282470703,206.0,125075.0,185.75535583496094,184.0,182226.0,False,vLH92_MN_60x-1xzoom_0002_XY10_Dapi-ex_Green-em.tif,263.5831604003906,262.0,416725.0,299.15667724609375,295.0,179494.0,241.82568359375,241.0,237231.0,53.72007685546873,67.8071282470703,45.10415583496092,52.34879999999998,65.34879999999998,43.34879999999998,123.70156040039063,159.27507724609376,101.94408359375001,122.11840000000001,155.1184,101.11840000000001,10mM 2DG,1h,yes,MN,0.43427161857611535,0.4286725014412241,0.42572340518976753,0.42128335516611815,0.44244015194351277,0.4286934919856325
vLH92_MN_60x-1xzoom_0002_XY10_488.tif,3,4742,2218,2524,0.4677351328553353,212.2192153930664,0.5556599694370199,221.9666748046875,216.0,1052566.0,239.74722290039062,237.0,605122.0,201.73309326171875,201.0,447444.0,False,vLH92_MN_60x-1xzoom_0002_XY10_Dapi-ex_Green-em.tif,224.2364044189453,209.0,1063329.0,249.0645751953125,235.0,628639.0,195.9828643798828,195.5,434690.0,81.31547480468748,99.09602290039061,61.08189326171873,75.34879999999998,96.34879999999998,60.34879999999998,84.35480441894532,109.18297519531251,56.10126437988282,69.11840000000001,95.11840000000001,55.61840000000001,10mM 2DG,1h,yes,MN,0.9639696916471632,1.0901409754855433,0.9076142386037951,1.0129354572827127,1.08877926258685,1.0850509903197498
vLH92_MN_60x-1xzoom_0002_XY10_488.tif,4,3383,1563,1820,0.46201596216375995,430.9481506347656,0.7736234049582073,442.49365234375,435.0,1496956.0,551.4544067382812,571.0,1003647.0,315.61676025390625,306.0,493309.0,False,vLH92_MN_60x-1xzoom_0002_XY10_Dapi-ex_Green-em.tif,349.85455322265625,333.0,1183558.0,430.2620849609375,421.0,783077.0,256.2258605957031,249.0,400481.0,301.84245234375,410.80320673828123,174.96556025390623,294.3488,430.3488,165.34879999999998,209.97295322265626,290.3804849609375,116.34426059570313,193.1184,281.1184,109.11840000000001,10mM 2DG,1h,yes,MN,1.4375301566753451,1.5241882699939517,1.4147066625139881,1.5308453662229151,1.5038606920363042,1.515315473833927
vLH92_MN_60x-1xzoom_0002_XY10_488.tif,5,3905,1864,2041,0.477336747759283,298.2935485839844,0.7390890633598419,295.4376525878906,297.0,1153684.0,339.05291748046875,340.0,692007.0,247.68080139160156,244.0,461677.0,False,vLH92_MN_60x-1xzoom_0002_XY10_Dapi-ex_Green-em.tif,276.4665832519531,271.0,1079602.0,317.503662109375,314.0,648025.0,231.53273010253906,229.0,431577.0,154.7864525878906,198.40171748046873,107.02960139160155,156.34879999999998,199.34879999999998,103.34879999999998,136.58498325195313,177.622062109375,91.65113010253907,131.1184,174.1184,89.11840000000001,10mM 2DG,1h,yes,MN,1.1332611309280018,1.1924245567365066,1.1169880313533245,1.1449036977137395,1.1677935806340531,1.1596797069965346
vLH92_MN_60x-1xzoom_0002_XY10_488.tif,6,1438,890,549,0.6189151599443672,300.82798767089844,0.3006720064297344,299.3136291503906,300.0,430413.0,305.36248779296875,305.0,167644.0,295.55279541015625,296.0,263042.0,False,vLH92_MN_60x-1xzoom_0002_XY10_Dapi-ex_Green-em.tif,299.72113037109375,295.0,430999.0,306.0,302.0,167994.0,295.9224853515625,291.0,263371.0,158.6624291503906,164.71128779296873,154.90159541015623,159.34879999999998,164.34879999999998,155.34879999999998,159.83953037109376,166.1184,156.0408853515625,155.1184,162.1184,151.1184,10mM 2DG,1h,yes,MN,0.9926357314866334,1.0272720708826288,0.9915294620762584,1.0137578461174055,0.9926987728963506,1.027993943821533
vLH92_MN_60x-1xzoom_0002_XY10_488.tif,7,2209,1567,642,0.7093707559981892,185.64334106445312,0.5357115512498819,185.9990997314453,184.0,410872.0,198.0498504638672,197.0,127148.0,181.06190490722656,180.0,283724.0,False,vLH92_MN_60x-1xzoom_0002_XY10_Dapi-ex_Green-em.tif,223.978271484375,220.0,494768.0,249.0155792236328,246.0,159868.0,213.72048950195312,209.0,334900.0,45.347899731445295,57.39865046386717,40.410704907226545,43.34879999999998,56.34879999999998,39.34879999999998,84.09667148437501,109.13397922363282,73.83888950195313,80.11840000000001,106.11840000000001,69.11840000000001,10mM 2DG,1h,yes,MN,0.5392353696171059,0.5410592323361423,0.5259466471597103,0.5309993365900728,0.5472821324887021,0.5692955855459614
vLH92_MN_60x-1xzoom_0002_XY10_488.tif,8,3124,1545,1579,0.4945582586427657,378.02503967285156,0.8630892115918214,429.8812561035156,375.0,1342949.0,531.9119873046875,558.0,839889.0,325.60516357421875,323.0,503060.0,False,vLH92_MN_60x-1xzoom_0002_XY10_Dapi-ex_Green-em.tif,315.0159912109375,286.0,984110.0,378.70172119140625,361.0,597970.0,249.92880249023438,247.0,386140.0,289.2300561035156,391.2607873046875,184.95396357421873,234.34879999999998,417.3488,182.34879999999998,175.1343912109375,238.82012119140626,110.04720249023438,146.1184,221.1184,107.11840000000001,10mM 2DG,1h,yes,MN,1.6514749279321022,1.6038281284218823,1.6383074648517792,1.8874449163886857,1.6806784669572277,1.7023107141256775
vLH92_MN_60x-1xzoom_0002_XY10_488.tif,9,2335,1193,1142,0.5109207708779443,340.719482421875,0.173217518159853,340.4197082519531,340.0,794880.0,366.6935119628906,365.0,418764.0,315.2690734863281,315.0,376116.0,False,vLH92_MN_60x-1xzoom_0002_XY10_Dapi-ex_Green-em.tif,306.4483947753906,305.0,715557.0,321.9439697265625,318.5,367660.0,291.6152648925781,289.0,347897.0,199.7685082519531,226.0423119628906,174.6178734863281,199.34879999999998,224.34879999999998,174.34879999999998,166.56679477539063,182.0623697265625,151.73366489257813,165.1184,178.6184,149.1184,10mM 2DG,1h,yes,MN,1.1993297254794018,1.2073082103508754,1.2415652520747757,1.256022895737505,1.1508182683780237,1.1691970943894245
vLH92_MN_60x-1xzoom_0002_XY10_488.tif,10,2158,1081,1077,0.5009267840593142,280.87059020996094,0.7839031002084158,313.5908203125,281.0,676729.0,370.59332275390625,352.0,399129.0,256.79925537109375,257.0,277600.0,False,vLH92_MN_60x-1xzoom_0002_XY10_Dapi-ex_Green-em.tif,281.2641296386719,244.0,606968.0,334.3992614746094,282.0,360148.0,228.32562255859375,227.0,246820.0,172.93962031249998,229.94212275390623,116.14805537109373,140.34879999999998,211.34879999999998,116.34879999999998,141.38252963867188,194.51766147460938,88.44402255859376,104.11840000000001,142.1184,87.11840000000001,10mM 2DG,1h,yes,MN,1.2232036076485393,1.347973076804868,1.1821143695166254,1.487131856255066,1.313238046066326,1.3355249866847874
vLH92_MN_60x-1xzoom_0002_XY10_488.tif,11,2677,1333,1344,0.4979454613373179,345.0548400878906,0.8264528817284538,414.4146423339844,351.0,1109388.0,513.7775268554688,535.0,690517.0,314.2318115234375,314.0,418871.0,False,vLH92_MN_60x-1xzoom_0002_XY10_Dapi-ex_Green-em.tif,296.22637939453125,258.0,792998.0,358.3221740722656,340.0,481585.0,233.61814880371094,233.0,311413.0,273.76344233398436,373.12632685546873,173.58061152343748,210.34879999999998,394.3488,173.34879999999998,156.34477939453126,218.44057407226563,93.73654880371095,118.11840000000001,200.1184,93.11840000000001,10mM 2DG,1h,yes,MN,1.7510238806449092,1.7808300823580405,1.7081365421244001,1.9705774181684441,1.8517922170030392,1.861595560061169
vLH92_MN_60x-1xzoom_0002_XY10_488.tif,12,2173,1098,1075,0.5052922227335481,214.86654663085938,0.8373399624376595,237.6787872314453,220.0,516476.0,270.7507019042969,269.0,291057.0,205.2996368408203,205.0,225419.0,False,vLH92_MN_60x-1xzoom_0002_XY10_Dapi-ex_Green-em.tif,246.78233337402344,226.0,536258.0,280.6986083984375,260.0,301751.0,213.57650756835938,214.0,234507.0,97.0275872314453,130.09950190429686,64.6484368408203,79.34879999999998,128.34879999999998,64.34879999999998,106.90073337402345,140.8170083984375,73.69490756835938,86.11840000000001,120.11840000000001,74.11840000000001,10mM 2DG,1h,yes,MN,0.9076419232033324,0.9213919441141495,0.9238905398145103,1.068519061192956,0.8772442896526116,0.868189275537518
vLH92_MN_60x-1xzoom_0002_XY11_488.tif,1,1610,840,771,0.5217391304347826,183.0513458251953,0.4145035206621112,186.8944091796875,184.0,300900.0,199.79507446289062,197.0,154042.0,175.03929138183594,175.0,147033.0,False,vLH92_MN_60x-1xzoom_0002_XY11_Dapi-ex_Green-em.tif,252.29440307617188,237.0,406194.0,291.9092102050781,287.0,225062.0,215.9261932373047,215.0,181378.0,48.88800917968749,61.78867446289061,37.032891381835924,45.99359999999999,58.99359999999999,36.99359999999999,114.12320307617188,153.73801020507813,77.75499323730469,98.8288,148.8288,76.8288,10mM 2DG,1h,yes,MN,0.42837922404839124,0.46538660795233766,0.40190889930517437,0.396385645788987,0.47627669735386935,0.48150693489941254
vLH92_MN_60x-1xzoom_0002_XY11_488.tif,2,679,338,341,0.49779086892488955,183.8768310546875,0.5423314725796917,186.75404357910156,184.0,126806.0,198.8299102783203,196.0,67801.0,174.5709991455078,174.0,59005.0,False,vLH92_MN_60x-1xzoom_0002_XY11_Dapi-ex_Green-em.tif,251.87481689453125,246.0,171023.0,272.7038269042969,266.0,92992.0,230.86094665527344,225.5,78031.0,48.74764357910155,60.8235102783203,36.5645991455078,45.99359999999999,57.99359999999999,35.99359999999999,113.70361689453125,134.53262690429688,92.68974665527344,107.8288,127.8288,87.3288,10mM 2DG,1h,yes,MN,0.428725531434226,0.42654281601946775,0.45210973484958866,0.4536817994067064,0.39448375321918644,0.412161852676322
vLH92_MN_60x-1xzoom_0002_XY11_488.tif,3,714,434,280,0.6078431372549019,182.43951416015625,0.70293120477837,183.41876220703125,181.0,130961.0,194.66786193847656,191.0,54507.0,176.16128540039062,176.0,76454.0,False,vLH92_MN_60x-1xzoom_0002_XY11_Dapi-ex_Green-em.tif,231.62464904785156,228.0,165380.0,256.0321350097656,246.0,71689.0,215.8778839111328,218.0,93691.0,45.41236220703124,56.66146193847655,38.15488540039061,42.99359999999999,52.99359999999999,37.99359999999999,93.45344904785156,117.86093500976563,77.70668391113281,89.8288,107.8288,79.8288,10mM 2DG,1h,yes,MN,0.4859356467815164,0.4786171027554636,0.48074845099253405,0.4914605374445416,0.49101162834364975,0.47593850840799296
vLH92_MN_60x-1xzoom_0002_XY11_488.tif,4,2050,1115,935,0.5439024390243903,193.08787536621094,0.4472630117798493,202.2941436767578,195.0,414703.0,228.51229858398438,225.0,213659.0,180.3085174560547,179.0,201044.0,False,vLH92_MN_60x-1xzoom_0002_XY11_Dapi-ex_Green-em.tif,294.8478088378906,266.0,604438.0,368.6631164550781,359.0,344700.0,232.94888305664062,227.0,259738.0,64.2877436767578,90.50589858398436,42.302117456054674,56.99359999999999,86.99359999999999,40.99359999999999,156.67660883789063,230.49191645507813,94.77768305664063,127.8288,220.8288,88.8288,10mM 2DG,1h,yes,MN,0.41032126080335785,0.44585883619340855,0.39266408981255346,0.39394136996623624,0.44632993856554043,0.4614899672178391
vLH92_MN_60x-1xzoom_0002_XY11_488.tif,5,587,331,256,0.5638841567291312,204.76705932617188,0.35559041324623936,206.2845001220703,205.0,121089.0,215.703125,213.0,55220.0,199.0,198.0,65869.0,False,vLH92_MN_60x-1xzoom_0002_XY11_Dapi-ex_Green-em.tif,324.2436218261719,322.0,190331.0,345.2578125,341.0,88386.0,307.9909362792969,306.0,101945.0,68.2781001220703,77.69672499999999,60.99359999999999,66.99359999999999,74.99359999999999,59.99359999999999,186.07242182617188,207.0866125,169.81973627929688,183.8288,202.8288,167.8288,10mM 2DG,1h,yes,MN,0.3669436848941292,0.36443473492728007,0.3751895115866072,0.36973841979048333,0.3591667337163087,0.35746903987873346
vLH92_MN_60x-1xzoom_0002_XY11_488.tif,6,633,0,633,0.0,229.84022521972656,,227.86729431152344,228.0,144240.0,227.86729431152344,228.0,144240.0,,,,True,vLH92_MN_60x-1xzoom_0002_XY11_Dapi-ex_Green-em.tif,181.77882385253906,181.0,115066.0,181.77882385253906,181.0,115066.0,,,,89.86089431152342,89.86089431152342,,89.99359999999999,89.99359999999999,,43.607623852539064,43.607623852539064,,42.8288,42.8288,,10mM 2DG,1h,yes,MN,2.060669359454018,2.1012402869097424,2.060669359454018,2.1012402869097424,,
vLH92_MN_60x-1xzoom_0002_XY11_488.tif,7,1120,626,494,0.5589285714285714,213.94688415527344,0.4541562307959737,220.10357666015625,214.0,246516.0,239.90687561035156,230.0,118514.0,204.47604370117188,204.0,128002.0,False,vLH92_MN_60x-1xzoom_0002_XY11_Dapi-ex_Green-em.tif,319.73748779296875,314.0,358106.0,362.6376647949219,347.0,179143.0,285.8833923339844,288.0,178963.0,82.09717666015624,101.90047561035155,66.46964370117186,75.99359999999999,91.99359999999999,65.99359999999999,181.56628779296875,224.46646479492188,147.71219233398438,175.8288,208.8288,149.8288,10mM 2DG,1h,yes,MN,0.4521609030954451,0.43220223308126987,0.45396748108208657,0.44052161387701305,0.4499942939773096,0.44046004506476716
vLH92_MN_60x-1xzoom_0002_XY11_488.tif,8,473,318,155,0.6723044397463002,216.61061096191406,0.665367957077054,217.07821655273438,216.0,102678.0,221.45806884765625,222.0,34326.0,214.94338989257812,214.0,68352.0,False,vLH92_MN_60x-1xzoom_0002_XY11_Dapi-ex_Green-em.tif,266.83721923828125,262.0,126214.0,286.80645751953125,280.0,44455.0,257.103759765625,255.0,81759.0,79.07181655273436,83.45166884765624,76.93698989257811,77.99359999999999,83.99359999999999,75.99359999999999,128.66601923828125,148.63525751953125,118.932559765625,123.8288,141.8288,116.8288,10mM 2DG,1h,yes,MN,0.6145508893556302,0.6298502448541856,0.5614527147886857,0.5922182236612027,0.6468959387084104,0.6504697471856253
vLH92_MN_60x-1xzoom_0002_XY11_488.tif,9,1593,855,738,0.536723163841808,230.1356964111328,0.37883015729474573,234.32518005371094,231.0,373280.0,243.76016235351562,240.0,179895.0,226.18128967285156,226.0,193385.0,False,vLH92_MN_60x-1xzoom_0002_XY11_Dapi-ex_Green-em.tif,227.47897338867188,224.0,362374.0,235.2113800048828,232.0,173586.0,220.80467224121094,220.0,188788.0,96.31878005371092,105.75376235351561,88.17488967285155,92.99359999999999,101.99359999999999,87.99359999999999,89.30777338867188,97.04018000488281,82.63347224121094,85.8288,93.8288,81.8288,10mM 2DG,1h,yes,MN,1.078503879326683,1.0834778069832036,1.0897935509620278,1.0870180584212947,1.0670602031034706,1.0753377783860938
vLH92_MN_60x-1xzoom_0002_XY11_488.tif,10,1921,979,942,0.5096304008328996,312.53607177734375,0.7953870596457757,326.0515441894531,314.0,626345.0,364.7016906738281,350.0,343549.0,288.8620910644531,288.0,282796.0,False,vLH92_MN_60x-1xzoom_0002_XY11_Dapi-ex_Green-em.tif,296.2228088378906,281.0,569044.0,328.8991394042969,314.0,309823.0,264.7814025878906,264.0,259221.0,188.0451441894531,226.6952906738281,150.8556910644531,175.9936,211.9936,149.9936,158.05160883789063,190.72793940429688,126.61020258789063,142.8288,175.8288,125.8288,10mM 2DG,1h,yes,MN,1.1897705159225938,1.2321996684142134,1.1885793522536265,1.205681890566278,1.1914971146162703,1.1920450644049692
vLH92_MN_60x-1xzoom_0002_XY11_488.tif,11,1990,1216,774,0.6110552763819096,358.3367462158203,0.1927483876598092,358.13165283203125,357.0,712682.0,377.29071044921875,371.0,292023.0,345.9366760253906,349.0,420659.0,False,vLH92_MN_60x-1xzoom_0002_XY11_Dapi-ex_Green-em.tif,329.70904541015625,307.0,656121.0,356.70672607421875,316.0,276091.0,312.524658203125,304.0,380030.0,220.12525283203124,239.28431044921874,207.9302760253906,218.9936,232.9936,210.9936,191.53784541015625,218.53552607421875,174.353458203125,168.8288,177.8288,165.8288,10mM 2DG,1h,yes,MN,1.1492520047965369,1.2971341382512935,1.0949446744322628,1.310212968877932,1.1925790183246494,1.2723579981281898
vLH92_MN_60x-1xzoom_0002_XY11_488.tif,12,1359,773,586,0.5688005886681383,451.45166015625,0.3154517669376586,451.7829284667969,450.0,613973.0,467.0187683105469,462.0,273673.0,440.23284912109375,441.0,340300.0,False,vLH92_MN_60x-1xzoom_0002_XY11_Dapi-ex_Green-em.tif,449.9028625488281,418.0,611418.0,467.0528869628906,428.5,273693.0,436.90167236328125,411.0,337725.0,313.7765284667969,329.0123683105469,302.22644912109376,311.9936,323.9936,302.9936,311.7316625488281,328.8816869628906,298.73047236328125,279.8288,290.3288,272.8288,10mM 2DG,1h,yes,MN,1.0065596991375505,1.1149445661061335,1.0003973506365254,1.115954049339921,1.011702779198103,1.1105631077071043
vLH92_MN_60x-1xzoom_0002_XY11_488.tif,13,1948,980,968,0.5030800821355236,234.74417877197266,0.6992366815858749,249.15451049804688,237.0,485353.0,275.9090881347656,262.0,267080.0,222.72755432128906,222.0,218273.0,False,vLH92_MN_60x-1xzoom_0002_XY11_Dapi-ex_Green-em.tif,229.5775146484375,219.0,447217.0,250.9493865966797,238.5,242919.0,208.46734619140625,208.0,204298.0,111.14811049804686,137.9026881347656,84.72115432128905,98.99359999999999,123.99359999999999,83.99359999999999,91.4063146484375,112.77818659667969,70.29614619140625,80.8288,100.3288,69.8288,10mM 2DG,1h,yes,MN,1.2159784685066812,1.2247317787719227,1.2227780238029258,1.235872451379863,1.205203398926103,1.2028503998350248
vLH92_MN_60x-1xzoom_0002_XY11_488.tif,14,1103,606,497,0.5494106980961015,299.568603515625,0.6174694199967944,311.04443359375,302.0,343082.0,344.98992919921875,334.0,171460.0,283.2046203613281,283.0,171622.0,False,vLH92_MN_60x-1xzoom_0002_XY11_Dapi-ex_Green-em.tif,348.2203063964844,346.0,384087.0,364.1971740722656,363.0,181006.0,335.1171569824219,332.0,203081.0,173.03803359375,206.98352919921874,145.1982203613281,163.9936,195.9936,144.9936,210.04910639648438,226.02597407226563,196.94595698242188,207.8288,224.8288,193.8288,10mM 2DG,1h,yes,MN,0.8237979992503608,0.7890802429692131,0.9157510770556017,0.8717459684880228,0.7372490534257963,0.7480498254129416
vLH92_MN_60x-1xzoom_0002_XY11_488.tif,15,1226,614,612,0.5008156606851549,286.2234191894531,0.5575336453517837,291.88580322265625,287.0,357852.0,321.03594970703125,317.0,196474.0,262.83062744140625,264.0,161378.0,False,vLH92_MN_60x-1xzoom_0002_XY11_Dapi-ex_Green-em.tif,287.6264343261719,282.0,352630.0,299.3676452636719,292.0,183213.0,275.9234619140625,273.0,169417.0,153.87940322265624,183.02954970703124,124.82422744140624,148.9936,178.9936,125.99359999999999,149.45523432617188,161.19644526367188,137.7522619140625,143.8288,153.8288,134.8288,10mM 2DG,1h,yes,MN,1.0296019668794538,1.0359093589044752,1.1354440813359536,1.1635896529128484,0.9061501111268758,0.9344709735605449
vLH92_MN_60x-1xzoom_0002_XY11_488.tif,16,2839,1410,1429,0.4966537513208876,251.6985626220703,0.7073723603530034,279.2669982910156,256.0,792839.0,330.7753601074219,336.0,472678.0,227.06454467773438,226.0,320161.0,False,vLH92_MN_60x-1xzoom_0002_XY11_Dapi-ex_Green-em.tif,262.0866394042969,230.0,744064.0,316.0937805175781,290.0,451698.0,207.35177612304688,207.0,292366.0,141.2605982910156,192.76896010742186,89.05814467773436,117.99359999999999,197.9936,87.99359999999999,123.91543940429688,177.92258051757813,69.18057612304688,91.8288,151.8288,68.8288,10mM 2DG,1h,yes,MN,1.1399757687185934,1.2849302179708326,1.0834429196488466,1.3040582550873088,1.2873287513439116,1.2784415825933328
vLH92_MN_60x-1xzoom_0002_XY11_488.tif,17,1801,931,870,0.5169350360910605,385.3525390625,0.2988281837742844,393.5680236816406,387.0,708816.0,424.5655212402344,413.0,369372.0,364.60150146484375,367.0,339444.0,False,vLH92_MN_60x-1xzoom_0002_XY11_Dapi-ex_Green-em.tif,369.4547424316406,351.0,665388.0,400.9011535644531,382.0,348784.0,340.0687561035156,339.0,316604.0,255.5616236816406,286.5591212402344,226.59510146484374,248.9936,274.9936,228.9936,231.28354243164063,262.7299535644531,201.89755610351563,212.8288,243.8288,200.8288,10mM 2DG,1h,yes,MN,1.1049710714162715,1.1699243711377407,1.0906983286545417,1.1278142696843032,1.1223271139976818,1.1402428336971588
vLH92_MN_60x-1xzoom_0002_XY11_488.tif,18,1907,978,929,0.5128474042999476,266.46453857421875,0.7102953181507771,291.7236633300781,271.0,556317.0,329.14422607421875,312.0,305775.0,256.17791748046875,256.0,250542.0,False,vLH92_MN_60x-1xzoom_0002_XY11_Dapi-ex_Green-em.tif,240.71630859375,219.0,459046.0,275.3746032714844,254.0,255823.0,207.7944793701172,208.0,203223.0,153.7172633300781,191.13782607421874,118.17151748046874,132.9936,173.9936,117.99359999999999,102.54510859375,137.20340327148438,69.62327937011719,80.8288,115.8288,69.8288,10mM 2DG,1h,yes,MN,1.4990209229682068,1.6453739261253413,1.3930982870447777,1.502161811224842,1.6972989285992868,1.6897555163485551
vLH92_MN_60x-1xzoom_0002_XY11_488.tif,19,1850,945,905,0.5108108108108108,322.8645477294922,0.34375292914637134,320.81890869140625,321.0,593515.0,333.2375793457031,332.0,301580.0,308.9259338378906,309.0,291935.0,False,vLH92_MN_60x-1xzoom_0002_XY11_Dapi-ex_Green-em.tif,302.84271240234375,295.0,560259.0,305.49835205078125,292.0,276476.0,300.2994689941406,296.0,283783.0,182.81250869140624,195.2311793457031,170.9195338378906,182.9936,193.9936,170.9936,164.67151240234375,167.32715205078125,162.12826899414063,156.8288,153.8288,157.8288,10mM 2DG,1h,yes,MN,1.110164751780128,1.1668367034626292,1.1667632954540061,1.2611006521535628,1.0542241331403328,1.0834118994758877
vLH92_MN_60x-1xzoom_0002_XY11_488.tif,20,1460,852,608,0.5835616438356165,460.5224151611328,0.4841335175529262,465.76507568359375,463.0,680017.0,485.2154541015625,481.0,295011.0,451.8849792480469,453.0,385006.0,False,vLH92_MN_60x-1xzoom_0002_XY11_Dapi-ex_Green-em.tif,367.62396240234375,344.0,536731.0,391.4802551269531,358.0,238020.0,350.5997619628906,336.0,298711.0,327.75867568359376,347.2090541015625,313.8785792480469,324.9936,342.9936,314.9936,229.45276240234375,253.30905512695313,212.42856196289063,205.8288,219.8288,197.8288,10mM 2DG,1h,yes,MN,1.428436390357643,1.578951050581843,1.3706934161021156,1.560275996593713,1.4775723958573832,1.5922535040398567
vLH92_MN_60x-1xzoom_0002_XY11_488.tif,21,1388,753,636,0.542507204610951,514.4993591308594,0.2630001983827906,515.0122680664062,515.0,714837.0,564.5974731445312,565.0,359084.0,472.8711853027344,478.0,356072.0,False,vLH92_MN_60x-1xzoom_0002_XY11_Dapi-ex_Green-em.tif,516.1570434570312,514.0,716426.0,536.9386596679688,533.0,341493.0,498.36920166015625,489.0,375272.0,377.00586806640626,426.59107314453126,334.8647853027344,376.9936,426.9936,339.9936,377.98584345703125,398.76745966796875,360.19800166015625,375.8288,394.8288,350.8288,10mM 2DG,1h,yes,MN,0.9974073754147451,1.0030992835035528,1.0697740319627125,1.0814651818712313,0.9296686371366282,0.9691154203987814
vLH92_MN_60x-1xzoom_0002_XY11_488.tif,22,2452,1258,1194,0.5130505709624796,315.8750915527344,0.7746631671794231,326.17413330078125,318.0,799779.0,364.7989807128906,359.0,435570.0,289.5143127441406,289.0,364209.0,False,vLH92_MN_60x-1xzoom_0002_XY11_Dapi-ex_Green-em.tif,317.7084045410156,297.0,779021.0,365.2470703125,349.0,436105.0,272.5882263183594,270.0,342916.0,188.16773330078124,226.7925807128906,151.5079127441406,179.9936,220.9936,150.9936,179.53720454101563,227.0758703125,134.41702631835938,158.8288,210.8288,131.8288,10mM 2DG,1h,yes,MN,1.0480709766080487,1.1332554297457387,0.9987524451663687,1.048213526804687,1.1271482258899435,1.1453764276091414
vLH92_MN_60x-1xzoom_0002_XY11_488.tif,23,1705,556,1149,0.32609970674486805,312.8630065917969,0.5513794420602929,309.3853454589844,310.0,527502.0,320.4708557128906,319.0,368221.0,286.47662353515625,287.0,159281.0,False,vLH92_MN_60x-1xzoom_0002_XY11_Dapi-ex_Green-em.tif,346.9677429199219,326.0,591580.0,343.82244873046875,324.0,395052.0,353.4676208496094,333.0,196528.0,171.37894545898436,182.4644557128906,148.47022353515624,171.9936,180.9936,148.9936,208.79654291992188,205.65124873046875,215.29642084960938,187.8288,185.8288,194.8288,10mM 2DG,1h,yes,MN,0.8207939799305586,0.9156934399836446,0.8872518734473269,0.9739803518076853,0.6896084149901724,0.7647411470994021
vLH92_MN_60x-1xzoom_0002_XY11_488.tif,24,717,366,351,0.5104602510460251,269.59197998046875,0.4872665924969332,268.0502014160156,268.0,192192.0,288.63818359375,287.0,101312.0,248.30601501464844,247.0,90880.0,False,vLH92_MN_60x-1xzoom_0002_XY11_Dapi-ex_Green-em.tif,340.5369567871094,332.0,244165.0,331.1623840332031,313.0,116238.0,349.5273132324219,342.5,127927.0,130.0438014160156,150.63178359375,110.29961501464842,129.9936,148.9936,108.99359999999999,202.36575678710938,192.99118403320313,211.35611323242188,193.8288,174.8288,204.3288,10mM 2DG,1h,yes,MN,0.6426176220753735,0.6706619449741215,0.7805112153093717,0.8522257202474649,0.5218662158749829,0.5334226012192114
vLH92_MN_60x-1xzoom_0002_XY11_488.tif,25,1063,674,389,0.6340545625587959,299.42352294921875,0.30892292924555886,299.8946228027344,298.0,318788.0,316.655517578125,311.0,123179.0,290.2210693359375,291.5,195609.0,False,vLH92_MN_60x-1xzoom_0002_XY11_Dapi-ex_Green-em.tif,285.2539978027344,272.0,303225.0,320.41387939453125,286.0,124641.0,264.96142578125,265.0,178584.0,161.88822280273436,178.649117578125,152.2146693359375,159.9936,172.9936,153.4936,147.08279780273438,182.24267939453125,126.79022578125,133.8288,147.8288,126.8288,10mM 2DG,1h,yes,MN,1.1006604798193793,1.195509486747247,0.9802814476370451,1.1702293463790545,1.2005236870431324,1.2102424685875761
vLH92_MN_60x-1xzoom_0002_XY12_488.tif,1,2534,1318,1216,0.5201262825572218,216.2035675048828,0.7793256670186562,231.8243865966797,223.0,587443.0,255.2549285888672,252.0,310390.0,210.20713806152344,210.0,277053.0,False,vLH92_MN_60x-1xzoom_0002_XY12_Dapi-ex_Green-em.tif,230.52999877929688,205.0,584163.0,270.3009948730469,245.0,328686.0,193.8368682861328,194.0,255477.0,92.38918659667968,115.81972858886718,70.77193806152343,83.56479999999999,112.56479999999999,70.56479999999999,89.35079877929687,129.12179487304687,52.657668286132804,63.82079999999999,103.82079999999999,52.82079999999999,10mM 2DG,1h,yes,MN,1.03400515562136,1.3093662254312075,0.8969804726052768,1.084222044137591,1.344000605514106,1.3359282706812468
vLH92_MN_60x-1xzoom_0002_XY12_488.tif,2,1223,757,470,0.6189697465249386,172.39013671875,0.3543218511263704,176.55355834960938,174.0,215925.0,190.72128295898438,189.0,89639.0,167.72918701171875,167.0,126971.0,False,vLH92_MN_60x-1xzoom_0002_XY12_Dapi-ex_Green-em.tif,233.90760803222656,221.0,286069.0,277.5106506347656,267.0,130430.0,206.83355712890625,205.0,156573.0,37.118358349609366,51.286082958984366,28.29398701171874,34.56479999999999,49.56479999999999,27.56479999999999,92.72840803222655,136.33145063476562,65.65435712890624,79.82079999999999,125.82079999999999,63.82079999999999,10mM 2DG,1h,yes,MN,0.40029112045910853,0.43302998717126356,0.3761867325565302,0.3939316869706757,0.4309536830307564,0.4319093461692739
vLH92_MN_60x-1xzoom_0002_XY12_488.tif,3,4958,2415,2543,0.4870915691811214,337.74281311035156,0.2116367096333128,319.46832275390625,338.0,1583924.0,383.1132507324219,384.0,974257.0,252.45010375976562,241.0,609667.0,False,vLH92_MN_60x-1xzoom_0002_XY12_Dapi-ex_Green-em.tif,261.3340148925781,267.0,1295694.0,300.4195861816406,295.0,763967.0,220.17681884765625,212.0,531727.0,180.03312275390624,243.67805073242187,113.01490375976562,198.5648,244.5648,101.56479999999999,120.15481489257812,159.24038618164062,78.99761884765624,125.82079999999999,153.8208,70.82079999999999,10mM 2DG,1h,yes,MN,1.4983429745604542,1.5781555990742389,1.5302528245219513,1.58993322099482,1.4306115223258862,1.4341097530668956
vLH92_MN_60x-1xzoom_0002_XY12_488.tif,4,1766,887,879,0.5022650056625142,200.5626449584961,0.8021150100270892,212.15174865722656,202.0,374660.0,234.722412109375,233.0,206321.0,189.78466796875,189.0,168339.0,False,vLH92_MN_60x-1xzoom_0002_XY12_Dapi-ex_Green-em.tif,249.01132202148438,246.0,439754.0,244.59158325195312,232.0,214996.0,253.39120483398438,251.0,224758.0,72.71654865722655,95.28721210937499,50.34946796874999,62.56479999999999,93.56479999999999,49.56479999999999,107.83212202148437,103.41238325195312,112.21200483398437,104.82079999999999,90.82079999999999,109.82079999999999,10mM 2DG,1h,yes,MN,0.6743496028274263,0.5968739028895028,0.9214294179568222,1.0302133431989149,0.4486994777719293,0.4513243392872752
vLH92_MN_60x-1xzoom_0002_XY12_488.tif,5,1072,0,1072,0.0,285.6641540527344,,283.84234619140625,285.0,304279.0,283.84234619140625,285.0,304279.0,,,,True,vLH92_MN_60x-1xzoom_0002_XY12_Dapi-ex_Green-em.tif,194.723876953125,195.0,208744.0,194.723876953125,195.0,208744.0,,,,144.40714619140624,144.40714619140624,,145.5648,145.5648,,53.54467695312499,53.54467695312499,,53.82079999999999,53.82079999999999,,10mM 2DG,1h,yes,MN,2.6969468191548835,2.704619775254177,2.6969468191548835,2.704619775254177,,
vLH92_MN_60x-1xzoom_0002_XY12_488.tif,6,2390,1414,979,0.5916317991631799,227.01378631591797,0.21836853614870594,228.58953857421875,226.0,546329.0,243.8212432861328,239.0,238701.0,217.98019409179688,219.0,308224.0,False,vLH92_MN_60x-1xzoom_0002_XY12_Dapi-ex_Green-em.tif,257.49163818359375,233.0,615405.0,301.4422912597656,268.0,295112.0,226.94483947753906,221.0,320900.0,89.15433857421874,104.3860432861328,78.54499409179687,86.56479999999999,99.56479999999999,79.56479999999999,116.31243818359374,160.26309125976562,85.76563947753905,91.82079999999999,126.82079999999999,79.82079999999999,10mM 2DG,1h,yes,MN,0.7665073483671005,0.9427580678887573,0.6513417560187742,0.7850825732056571,0.9158095779413714,0.9967928159076331
vLH92_MN_60x-1xzoom_0002_XY12_488.tif,7,2539,1531,1008,0.6029933044505711,255.13958740234375,0.7023253102830957,257.9385681152344,256.0,654906.0,270.35614013671875,269.0,272519.0,249.7628936767578,249.0,382387.0,False,vLH92_MN_60x-1xzoom_0002_XY12_Dapi-ex_Green-em.tif,264.2713623046875,261.0,670985.0,278.7629089355469,275.0,280993.0,254.73023986816406,254.0,389992.0,118.50336811523437,130.92094013671874,110.3276936767578,116.56479999999999,129.5648,109.56479999999999,123.09216230468749,137.58370893554687,113.55103986816405,119.82079999999999,133.8208,112.82079999999999,10mM 2DG,1h,yes,MN,0.9627206630906802,0.9728260869565217,0.951572981638768,0.9681962744207179,0.971613239340224,0.9711400734616312
vLH92_MN_60x-1xzoom_0002_XY12_488.tif,8,1149,623,575,0.5422106179286336,212.14834594726562,0.4651032252271457,209.35073852539062,208.0,240544.0,224.84347534179688,223.0,129285.0,192.55377197265625,189.0,119961.0,False,vLH92_MN_60x-1xzoom_0002_XY12_Dapi-ex_Green-em.tif,302.6257629394531,281.0,347717.0,340.1600036621094,346.0,195592.0,262.48797607421875,241.0,163530.0,69.91553852539062,85.40827534179687,53.11857197265624,68.56479999999999,83.56479999999999,49.56479999999999,161.44656293945312,198.98080366210937,121.30877607421874,139.8208,204.8208,99.82079999999999,10mM 2DG,1h,yes,MN,0.4330568409289138,0.4903762530324529,0.4292287183985307,0.4079898135345629,0.437879052873779,0.496537795729948
vLH92_MN_60x-1xzoom_0002_XY12_488.tif,9,1050,525,525,0.5,281.6571502685547,0.372826382814973,287.0085754394531,284.0,301359.0,304.6457214355469,302.0,159939.0,269.3714294433594,269.0,141420.0,False,vLH92_MN_60x-1xzoom_0002_XY12_Dapi-ex_Green-em.tif,254.5257110595703,248.0,267252.0,268.6095275878906,261.0,141020.0,240.44190979003906,238.0,126232.0,147.57337543945312,165.21052143554687,129.93622944335937,144.5648,162.5648,129.5648,113.3465110595703,127.43032758789062,99.26270979003905,106.82079999999999,119.82079999999999,96.82079999999999,10mM 2DG,1h,yes,MN,1.3019666336433997,1.353339424531552,1.2964772559467737,1.3567327208631557,1.3090135229856317,1.3381917934989176
vLH92_MN_60x-1xzoom_0002_XY12_488.tif,10,1614,853,762,0.5285006195786865,394.1883850097656,0.13930646928176676,387.33270263671875,390.0,625155.0,413.8805847167969,411.0,315377.0,363.53692626953125,370.0,310097.0,False,vLH92_MN_60x-1xzoom_0002_XY12_Dapi-ex_Green-em.tif,384.1697692871094,339.5,620050.0,427.02099609375,368.5,325390.0,345.9554443359375,323.0,295100.0,247.89750263671874,274.44538471679687,224.10172626953124,250.5648,271.5648,230.5648,242.99056928710937,285.84179609374996,204.7762443359375,198.3208,227.3208,181.8208,10mM 2DG,1h,yes,MN,1.020193925072917,1.2634317731675144,0.9601303534588227,1.1946324313481214,1.0943736515740083,1.2680881395307908
vLH92_MN_60x-1xzoom_0002_XY12_488.tif,11,1487,844,643,0.5675857431069267,198.4036865234375,0.39921239392507896,203.06187438964844,200.0,301953.0,216.60964965820312,214.0,139280.0,192.7405242919922,192.0,162673.0,False,vLH92_MN_60x-1xzoom_0002_XY12_Dapi-ex_Green-em.tif,299.0221862792969,289.0,444646.0,332.9953308105469,326.0,214116.0,273.1398010253906,271.0,230530.0,63.62667438964843,77.17444965820312,53.30532429199218,60.56479999999999,74.56479999999999,52.56479999999999,157.84298627929687,191.81613081054687,131.96060102539062,147.8208,184.8208,129.8208,10mM 2DG,1h,yes,MN,0.4031010556089174,0.40971771225700304,0.4023355560978698,0.4034437682338784,0.4039487837868795,0.4049027582636988
vLH92_MN_60x-1xzoom_0002_XY12_488.tif,12,1186,746,440,0.6290050590219224,202.52590942382812,0.6594269985751333,205.4308624267578,203.0,243641.0,220.2681884765625,217.0,96918.0,196.67962646484375,196.0,146723.0,False,vLH92_MN_60x-1xzoom_0002_XY12_Dapi-ex_Green-em.tif,276.3617248535156,271.0,327765.0,304.4772644042969,303.0,133970.0,259.77880859375,258.0,193795.0,65.9956624267578,80.83298847656249,57.24442646484374,63.56479999999999,77.56479999999999,56.56479999999999,135.18252485351562,163.29806440429687,118.59960859374999,129.8208,161.8208,116.82079999999999,10mM 2DG,1h,yes,MN,0.4881966992277367,0.48963494293672505,0.49500273485443425,0.47932527833257527,0.48266960695400163,0.4842014435785408
vLH92_MN_60x-1xzoom_0002_XY12_488.tif,13,3606,1595,2011,0.442318358291736,237.79779815673828,0.693003566162149,255.32057189941406,241.0,920686.0,285.4137268066406,287.0,573967.0,217.37867736816406,216.0,346719.0,False,vLH92_MN_60x-1xzoom_0002_XY12_Dapi-ex_Green-em.tif,258.6827392578125,237.0,932810.0,294.8368835449219,276.0,592917.0,213.09906005859375,212.0,339893.0,115.88537189941405,145.97852680664062,77.94347736816405,101.56479999999999,147.5648,76.56479999999999,117.50353925781249,153.65768354492187,71.91986005859374,95.82079999999999,134.8208,70.82079999999999,10mM 2DG,1h,yes,MN,0.9862287777149585,1.0599452310980497,0.9500242580707899,1.0945254738141297,1.0837545749486,1.0811061157174164
vLH92_MN_60x-1xzoom_0002_XY12_488.tif,14,2587,1200,1391,0.4638577502899111,395.1549987792969,0.7358378768784745,431.60186767578125,393.0,1116554.0,513.6535034179688,530.0,714492.0,336.2841796875,334.0,403541.0,False,vLH92_MN_60x-1xzoom_0002_XY12_Dapi-ex_Green-em.tif,281.08929443359375,246.0,727178.0,333.21136474609375,314.0,463497.0,220.4883270263672,220.0,264586.0,292.16666767578124,374.21830341796874,196.8489796875,253.5648,390.5648,194.5648,139.91009443359374,192.03216474609374,79.30912702636718,104.82079999999999,172.8208,78.82079999999999,10mM 2DG,1h,yes,MN,2.0882458042686394,2.4190313372918353,1.9487272036575891,2.259940933035838,2.482046985866525,2.4684448774942656
vLH92_MN_60x-1xzoom_0002_XY12_488.tif,15,4933,2574,2359,0.5217920129738496,200.23008728027344,0.6585537561236471,214.24832153320312,205.0,1056887.0,240.61424255371094,242.0,567609.0,190.08468627929688,189.0,489278.0,False,vLH92_MN_60x-1xzoom_0002_XY12_Dapi-ex_Green-em.tif,221.369140625,214.0,1092014.0,245.06739807128906,238.0,578114.0,199.6503448486328,196.0,513900.0,74.81312153320312,101.17904255371093,50.649486279296866,65.56479999999999,102.56479999999999,49.56479999999999,80.18994062499999,103.88819807128905,58.471144848632804,72.82079999999999,96.82079999999999,54.82079999999999,10mM 2DG,1h,yes,MN,0.9329489578132871,0.9003581394326895,0.9739223938053188,1.0593260952192092,0.8662304528227682,0.9041239821381665
vLH92_MN_60x-1xzoom_0002_XY12_488.tif,16,662,261,401,0.3942598187311178,211.11071014404297,0.30475926540928133,214.04229736328125,211.0,141696.0,221.79052734375,220.0,88938.0,202.13792419433594,201.0,52758.0,False,vLH92_MN_60x-1xzoom_0002_XY12_Dapi-ex_Green-em.tif,334.6903381347656,320.0,221565.0,358.36907958984375,347.0,143706.0,298.3103332519531,293.0,77859.0,74.60709736328124,82.35532734374999,62.70272419433593,71.56479999999999,80.56479999999999,61.56479999999999,193.51113813476562,217.18987958984374,157.13113325195312,178.8208,205.8208,151.8208,10mM 2DG,1h,yes,MN,0.38554420217053936,0.4002040031137317,0.37918584189684823,0.39143176977253996,0.39904710732146736,0.4055096534862153
vLH92_MN_60x-1xzoom_0002_XY13_488.tif,1,2116,1079,1037,0.5099243856332704,190.94972229003906,0.4134435392560211,196.5316619873047,191.0,415861.0,218.03085327148438,215.0,226098.0,175.86932373046875,175.0,189763.0,False,vLH92_MN_60x-1xzoom_0002_XY13_Dapi-ex_Green-em.tif,268.0690002441406,251.0,567234.0,326.2247009277344,323.0,338295.0,212.17701721191406,210.0,228939.0,60.1476619873047,81.64685327148439,39.485323730468764,54.616000000000014,78.61600000000001,38.616000000000014,130.19220024414062,188.34790092773437,74.30021721191406,113.1232,185.1232,72.1232,10mM 2DG,1h,yes,MN,0.46199128576453785,0.4828010523040368,0.43348958427102824,0.424668545055401,0.5314294521892364,0.5354171750560155
vLH92_MN_60x-1xzoom_0002_XY13_488.tif,2,1701,903,798,0.5308641975308642,211.9108123779297,0.5787490038772181,228.64608764648438,214.0,388927.0,266.085205078125,249.0,212336.0,195.5603485107422,195.0,176591.0,False,vLH92_MN_60x-1xzoom_0002_XY13_Dapi-ex_Green-em.tif,277.7860107421875,269.0,472514.0,304.2406005859375,282.0,242784.0,254.40753173828125,257.0,229730.0,92.26208764648439,129.701205078125,59.1763485107422,77.61600000000001,112.61600000000001,58.616000000000014,139.9092107421875,166.3638005859375,116.53073173828125,131.1232,144.1232,119.1232,10mM 2DG,1h,yes,MN,0.6594425567627347,0.5919318625536901,0.779623960388703,0.7813870355362635,0.5078175312899225,0.4920619996776448
vLH92_MN_60x-1xzoom_0002_XY13_488.tif,3,625,333,293,0.5328,188.7565460205078,0.6247643949537008,191.0655975341797,190.0,119416.0,202.6962432861328,203.0,59390.0,180.79579162597656,181.0,60205.0,False,vLH92_MN_60x-1xzoom_0002_XY13_Dapi-ex_Green-em.tif,250.38720703125,247.0,156492.0,281.88055419921875,281.0,82591.0,222.49249267578125,221.0,74090.0,54.6815975341797,66.31224328613283,44.411791625976576,53.616000000000014,66.61600000000001,44.616000000000014,112.51040703125,144.00375419921875,84.61569267578125,109.1232,143.1232,83.1232,10mM 2DG,1h,yes,MN,0.4860136851072966,0.49133456496876937,0.4604896841397249,0.46544515494343347,0.5248647174247874,0.5367454573452419
vLH92_MN_60x-1xzoom_0002_XY13_488.tif,4,3412,1516,1896,0.44431418522860494,526.4659118652344,0.5488365058945949,533.7760620117188,535.0,1821244.0,601.9994506835938,612.0,1141391.0,448.45184326171875,442.0,679853.0,False,vLH92_MN_60x-1xzoom_0002_XY13_Dapi-ex_Green-em.tif,369.2746276855469,352.5,1259965.0,419.80010986328125,414.0,795941.0,306.0844421386719,304.0,464024.0,397.39206201171874,465.61545068359374,312.06784326171874,398.616,475.616,305.616,231.39782768554687,281.92330986328125,168.20764213867187,214.6232,276.1232,166.1232,10mM 2DG,1h,yes,MN,1.7173543329531433,1.8572829032462472,1.6515677646853466,1.7224775027958534,1.8552536572889313,1.8396948770551012
vLH92_MN_60x-1xzoom_0002_XY13_488.tif,5,5607,2367,3241,0.42215088282504015,379.55029296875,0.7830855380313267,378.06207275390625,385.0,2119794.0,433.16259765625,440.0,1403880.0,302.57373046875,291.0,716192.0,False,vLH92_MN_60x-1xzoom_0002_XY13_Dapi-ex_Green-em.tif,304.6095886230469,300.0,1707946.0,333.022216796875,333.0,1079325.0,265.7030029296875,257.0,628919.0,241.67807275390626,296.77859765625,166.18973046875,248.616,303.616,154.616,166.73278862304687,195.145416796875,127.8262029296875,162.1232,195.1232,119.1232,10mM 2DG,1h,yes,MN,1.449493376496553,1.5335004490412232,1.520807419039536,1.5560220414589345,1.3001225621961476,1.297950357277172
vLH92_MN_60x-1xzoom_0002_XY13_488.tif,6,2416,1315,1101,0.5442880794701986,220.63853454589844,0.39307273331415427,225.3199462890625,220.0,544373.0,246.5558624267578,241.0,271458.0,207.5399169921875,206.0,272915.0,False,vLH92_MN_60x-1xzoom_0002_XY13_Dapi-ex_Green-em.tif,247.5790557861328,228.0,598151.0,262.5794677734375,235.0,289100.0,235.019775390625,222.0,309051.0,88.93594628906251,110.17186242675783,71.15591699218751,83.61600000000001,104.61600000000001,69.61600000000001,109.70225578613281,124.7026677734375,97.142975390625,90.1232,97.1232,84.1232,10mM 2DG,1h,yes,MN,0.8107029855652675,0.9277966161876189,0.8834763874251708,1.0771473757042602,0.7324864891780387,0.8275481674496454
vLH92_MN_60x-1xzoom_0002_XY13_488.tif,7,2603,1360,1243,0.5224740683826354,225.77896118164062,0.6471282607352984,238.9938507080078,228.0,622101.0,266.6009521484375,260.0,331385.0,213.7617645263672,213.0,290716.0,False,vLH92_MN_60x-1xzoom_0002_XY13_Dapi-ex_Green-em.tif,247.65463256835938,229.0,644645.0,280.96380615234375,260.0,349238.0,217.21102905273438,216.0,295407.0,102.60985070800783,130.2169521484375,77.3777645263672,91.61600000000001,123.61600000000001,76.61600000000001,109.77783256835937,143.08700615234375,79.33422905273437,91.1232,122.1232,78.1232,10mM 2DG,1h,yes,MN,0.9347046512702099,1.005408062930187,0.9100543483997172,1.0122237216188243,0.9753389608782019,0.9807073954983925
vLH92_MN_60x-1xzoom_0002_XY13_488.tif,8,3739,1757,1982,0.4699117411072479,305.66033935546875,0.5985226143583767,298.787109375,301.0,1117165.0,325.62109375,321.0,645381.0,268.51678466796875,266.0,471784.0,False,vLH92_MN_60x-1xzoom_0002_XY13_Dapi-ex_Green-em.tif,284.8582458496094,262.0,1065085.0,326.4813232421875,289.0,647086.0,237.9049530029297,233.0,417999.0,162.403109375,189.23709375,132.13278466796876,164.616,184.616,129.616,146.98144584960937,188.6045232421875,100.02815300292968,124.1232,151.1232,95.1232,10mM 2DG,1h,yes,MN,1.1049225188679257,1.3262307127112418,1.003353951946318,1.221625799347817,1.3209559579101573,1.362611854941802
vLH92_MN_60x-1xzoom_0002_XY13_488.tif,9,5106,2381,2725,0.4663141402271837,212.59434509277344,0.8122902167312916,213.93321228027344,210.0,1092343.0,235.0807342529297,232.0,640595.0,189.73036193847656,189.0,451748.0,False,vLH92_MN_60x-1xzoom_0002_XY13_Dapi-ex_Green-em.tif,228.08441162109375,222.0,1164599.0,253.1967010498047,249.0,689961.0,199.34397888183594,198.0,474638.0,77.54921228027345,98.6967342529297,53.346361938476576,73.61600000000001,95.61600000000001,52.616000000000014,90.20761162109375,115.31990104980468,61.467178881835935,84.1232,111.1232,60.1232,10mM 2DG,1h,yes,MN,0.8596748199698449,0.875097476082698,0.8558517077664182,0.8604503829983299,0.8678836886434831,0.8751363866194749
vLH92_MN_60x-1xzoom_0002_XY13_488.tif,10,3077,1537,1540,0.49951251218719533,247.0386199951172,0.7474278804570835,261.8316650390625,246.0,805656.0,316.24481201171875,319.0,487017.0,207.3123016357422,205.0,318639.0,False,vLH92_MN_60x-1xzoom_0002_XY13_Dapi-ex_Green-em.tif,272.0295715332031,249.0,837035.0,333.2090759277344,315.0,513142.0,210.7306365966797,209.0,323893.0,125.44766503906251,179.86081201171876,70.9283016357422,109.61600000000001,182.616,68.61600000000001,134.15277153320312,195.33227592773437,72.85383659667968,111.1232,177.1232,71.1232,10mM 2DG,1h,yes,MN,0.9351104983173152,0.9864366756896851,0.9207941245627043,1.031011183176456,0.9735698893718215,0.9647484927562316
vLH92_MN_60x-1xzoom_0002_XY13_488.tif,11,1176,639,537,0.5433673469387755,187.50511169433594,0.5850514240272577,192.9761962890625,187.5,226940.0,212.3575439453125,207.0,114036.0,176.68858337402344,176.0,112904.0,False,vLH92_MN_60x-1xzoom_0002_XY13_Dapi-ex_Green-em.tif,268.9966125488281,252.0,316340.0,314.5083923339844,297.0,168891.0,230.74960327148438,231.0,147449.0,56.592196289062514,75.97354394531251,40.30458337402345,51.116000000000014,70.61600000000001,39.616000000000014,131.11981254882812,176.63159233398437,92.87280327148437,114.1232,159.1232,93.1232,10mM 2DG,1h,yes,MN,0.4316067510239001,0.4479019165252991,0.4301243222767177,0.4437819249487191,0.4339761690643245,0.4254149341947014
vLH92_MN_60x-1xzoom_0002_XY14_488.tif,1,4069,1795,2274,0.4411403293192431,349.5614929199219,0.8078766304711057,341.259521484375,347.0,1388585.0,381.656982421875,384.0,867888.0,290.0819091796875,286.0,520697.0,False,vLH92_MN_60x-1xzoom_0002_XY14_Dapi-ex_Green-em.tif,390.7264709472656,395.0,1589866.0,440.2000732421875,441.0,1001015.0,328.0506896972656,322.0,588851.0,204.469121484375,244.866582421875,153.2915091796875,210.2096,247.2096,149.2096,253.02567094726564,302.49927324218754,190.34988969726564,257.29920000000004,303.29920000000004,184.2992,10mM 2DG,1h,yes,MN,0.8080963513263025,0.8169850508668506,0.809478250302537,0.8150684208860425,0.8053144103392118,0.8096052505925146
vLH92_MN_60x-1xzoom_0002_XY14_488.tif,2,2706,1340,1366,0.49519586104951957,295.52626037597656,0.7184392816586446,309.23651123046875,296.0,836794.0,362.64788818359375,367.0,495377.0,254.78880310058594,252.0,341417.0,False,vLH92_MN_60x-1xzoom_0002_XY14_Dapi-ex_Green-em.tif,285.53216552734375,268.0,772650.0,334.3030700683594,324.0,456658.0,235.81492614746094,233.0,315992.0,172.44611123046874,225.85748818359374,117.99840310058593,159.2096,230.2096,115.2096,147.83136552734376,196.6022700683594,98.11412614746095,130.2992,186.2992,95.29920000000001,10mM 2DG,1h,yes,MN,1.1665055694731583,1.2218770337807137,1.1488040708027543,1.2356982746034335,1.2026647714646088,1.2089251536214363
vLH92_MN_60x-1xzoom_0002_XY14_488.tif,3,4769,2319,2450,0.48626546445795765,272.1368103027344,0.5990890398465022,257.9356384277344,266.0,1230095.0,295.32611083984375,293.0,723549.0,218.4329376220703,212.0,506546.0,False,vLH92_MN_60x-1xzoom_0002_XY14_Dapi-ex_Green-em.tif,248.22206115722656,233.0,1183771.0,287.5608215332031,260.0,704524.0,206.6610565185547,202.0,479247.0,121.14523842773437,158.53571083984374,81.64253762207031,129.2096,156.2096,75.2096,110.52126115722658,149.86002153320314,68.9602565185547,95.29920000000001,122.29920000000001,64.29920000000001,10mM 2DG,1h,yes,MN,1.096126095189904,1.3558308988952685,1.0578919528896398,1.2772740950063448,1.1839071045233607,1.169681737875432
vLH92_MN_60x-1xzoom_0002_XY14_488.tif,4,5357,3275,2082,0.6113496359902931,236.0205841064453,0.12110893537922057,236.62814331054688,235.0,1267617.0,246.16329956054688,245.0,512512.0,230.56640625,230.0,755105.0,False,vLH92_MN_60x-1xzoom_0002_XY14_Dapi-ex_Green-em.tif,223.6555938720703,219.0,1198123.0,232.54322814941406,226.0,484155.0,218.0054931640625,215.0,713968.0,99.83774331054687,109.37289956054687,93.77600625,98.2096,108.2096,93.2096,85.95479387207033,94.84242814941408,80.30469316406251,81.29920000000001,88.29920000000001,77.29920000000001,10mM 2DG,1h,yes,MN,1.1615145451821924,1.2080020467606074,1.1532064466785013,1.2254878866399692,1.167752500571985,1.205828779599271
vLH92_MN_60x-1xzoom_0002_XY14_488.tif,5,1674,912,762,0.5448028673835126,188.6931610107422,0.6743196447473446,198.48208618164062,190.0,332259.0,215.20472717285156,203.0,163986.0,184.50987243652344,184.0,168273.0,False,vLH92_MN_60x-1xzoom_0002_XY14_Dapi-ex_Green-em.tif,222.29510498046875,201.0,372122.0,255.56167602539062,218.0,194738.0,194.5,194.0,177384.0,61.69168618164062,78.41432717285156,47.71947243652343,53.209599999999995,66.2096,47.209599999999995,84.59430498046876,117.86087602539064,56.79920000000001,63.29920000000001,80.29920000000001,56.29920000000001,10mM 2DG,1h,yes,MN,0.7292652406788385,0.8406046205955207,0.6653126110818899,0.8245362344830333,0.8401433899865389,0.8385483275073178
vLH92_MN_60x-1xzoom_0002_XY14_488.tif,6,1895,929,966,0.49023746701846965,404.2255859375,0.19979751798207449,393.78204345703125,403.0,746217.0,445.5165710449219,446.0,430369.0,339.9870910644531,338.0,315848.0,False,vLH92_MN_60x-1xzoom_0002_XY14_Dapi-ex_Green-em.tif,328.4147644042969,319.0,622346.0,372.2442932128906,355.5,359588.0,282.839599609375,279.0,262758.0,256.9916434570313,308.7261710449219,203.19669106445312,266.2096,309.2096,201.2096,190.7139644042969,234.54349321289064,145.138799609375,181.2992,217.7992,141.2992,10mM 2DG,1h,yes,MN,1.3475239962619177,1.4683440412312907,1.3162853798067085,1.4197003478433345,1.4000163402986279,1.4239967388350392
vLH92_MN_60x-1xzoom_0002_XY15_488.tif,1,1102,499,603,0.4528130671506352,192.42947387695312,0.5138509133315619,194.4664306640625,192.0,214302.0,203.688232421875,199.0,122824.0,183.32264709472656,183.0,91478.0,False,vLH92_MN_60x-1xzoom_0002_XY15_Dapi-ex_Green-em.tif,279.0798645019531,271.0,307546.0,312.66168212890625,304.0,188535.0,238.49899291992188,232.0,119011.0,55.64563066406251,64.86743242187501,44.50184709472657,53.17920000000001,60.17920000000001,44.17920000000001,140.56466450195313,174.14648212890626,99.98379291992188,132.4848,165.4848,93.4848,10mM 2DG,1h,yes,MN,0.395872112392011,0.4013985000543459,0.37248775645010734,0.36365394283946323,0.44509060713838483,0.4725816389402342
vLH92_MN_60x-1xzoom_0002_XY15_488.tif,2,210,99,111,0.4714285714285714,216.35800170898438,0.8090594104371975,220.3000030517578,214.5,46263.0,239.14414978027344,241.0,26545.0,199.17172241210938,198.0,19718.0,False,vLH92_MN_60x-1xzoom_0002_XY15_Dapi-ex_Green-em.tif,318.8952331542969,314.5,66968.0,329.3153076171875,323.0,36554.0,307.2121276855469,304.0,30414.0,81.47920305175782,100.32334978027345,60.350922412109384,75.67920000000001,102.17920000000001,59.17920000000001,180.38003315429688,190.8001076171875,168.69692768554688,175.9848,184.4848,165.4848,10mM 2DG,1h,yes,MN,0.45170854903913116,0.4300325937240035,0.5258034234527664,0.5538624320269204,0.35774760832991714,0.35761109177398775
vLH92_MN_60x-1xzoom_0002_XY15_488.tif,3,503,200,303,0.3976143141153082,200.3147735595703,0.4622024403958968,202.04771423339844,200.0,101630.0,208.41253662109375,208.0,63149.0,192.40499877929688,192.0,38481.0,False,vLH92_MN_60x-1xzoom_0002_XY15_Dapi-ex_Green-em.tif,271.4870910644531,271.0,136558.0,276.9801940917969,276.0,83925.0,263.1650085449219,265.5,52633.0,63.226914233398446,69.59173662109376,53.584198779296884,61.17920000000001,69.17920000000001,53.17920000000001,132.97189106445313,138.46499409179688,124.64980854492188,132.4848,137.4848,126.9848,10mM 2DG,1h,yes,MN,0.47549082537114234,0.461782785647863,0.5025944432927008,0.5031770784843125,0.42987790679185806,0.41878398044490367
vLH92_MN_60x-1xzoom_0002_XY15_488.tif,4,1083,0,1083,0.0,786.741943359375,,741.8827514648438,795.0,803459.0,741.8827514648438,795.0,803459.0,,,,True,vLH92_MN_60x-1xzoom_0002_XY15_Dapi-ex_Green-em.tif,449.51153564453125,468.0,486821.0,449.51153564453125,468.0,486821.0,,,,603.0619514648438,603.0619514648438,,656.1792,656.1792,,310.99633564453126,310.99633564453126,,329.4848,329.4848,,10mM 2DG,1h,yes,MN,1.9391288010355963,1.9915310205508723,1.9391288010355963,1.9915310205508723,,
vLH92_MN_60x-1xzoom_0002_XY15_488.tif,5,1519,797,722,0.5246872942725477,233.56838989257812,0.5337006460453725,251.4160614013672,235.0,381901.0,285.8947448730469,260.0,206416.0,220.1819305419922,220.0,175485.0,False,vLH92_MN_60x-1xzoom_0002_XY15_Dapi-ex_Green-em.tif,269.2574157714844,232.0,409002.0,327.8365783691406,283.5,236698.0,216.1907196044922,215.0,172304.0,112.5952614013672,147.07394487304688,81.3611305419922,96.17920000000001,121.17920000000001,81.17920000000001,130.74221577148438,189.32137836914063,77.6755196044922,93.4848,144.9848,76.4848,10mM 2DG,1h,yes,MN,0.8612004985303673,1.0288217977681933,0.7768480566747232,0.8358062362399369,1.047448809564022,1.061376901031316
vLH92_MN_60x-1xzoom_0002_XY15_488.tif,6,1977,1009,968,0.5103692463328275,200.6661834716797,0.5320949125767231,203.3839111328125,200.0,402090.0,213.92872619628906,211.0,207083.0,193.26759338378906,192.0,195007.0,False,vLH92_MN_60x-1xzoom_0002_XY15_Dapi-ex_Green-em.tif,303.18310546875,294.0,599393.0,340.1807861328125,323.0,329295.0,267.6888122558594,267.0,270098.0,64.56311113281251,75.10792619628907,54.44679338378907,61.17920000000001,72.17920000000001,53.17920000000001,164.66790546875,201.6655861328125,129.17361225585938,155.4848,184.4848,128.4848,10mM 2DG,1h,yes,MN,0.3920807211886534,0.393473831525654,0.37243799319743454,0.39124740900063315,0.42150089660684037,0.4138948731678767
vLH92_MN_60x-1xzoom_0002_XY15_488.tif,7,1260,948,312,0.7523809523809524,233.11809539794922,0.5712532714096374,234.8063507080078,233.0,295856.0,248.42308044433594,243.0,77508.0,230.32489013671875,229.0,218348.0,False,vLH92_MN_60x-1xzoom_0002_XY15_Dapi-ex_Green-em.tif,266.6301574707031,249.0,335954.0,316.1025695800781,294.0,98624.0,250.3480987548828,242.0,237330.0,95.98555070800782,109.60228044433595,91.50409013671876,94.17920000000001,104.17920000000001,90.17920000000001,128.11495747070313,177.58736958007813,111.83289875488282,110.4848,155.4848,103.4848,10mM 2DG,1h,yes,MN,0.7492142416700833,0.852417708137228,0.6171738491509883,0.6700281956821503,0.8182215712505041,0.8714245956894153
vLH92_MN_60x-1xzoom_0002_XY15_488.tif,8,2847,1393,1454,0.48928696873902355,426.2333984375,0.6157344207513464,457.7228698730469,422.0,1303137.0,574.62451171875,591.5,835504.0,335.70208740234375,328.0,467633.0,False,vLH92_MN_60x-1xzoom_0002_XY15_Dapi-ex_Green-em.tif,373.53985595703125,326.0,1063468.0,475.8115539550781,430.0,691830.0,266.7896728515625,262.0,371638.0,318.9020698730469,435.80371171875004,196.88128740234376,283.17920000000004,452.67920000000004,189.1792,235.02465595703126,337.29635395507813,128.2744728515625,187.4848,291.4848,123.4848,10mM 2DG,1h,yes,MN,1.3568877213093364,1.5104115106931337,1.2920498742681084,1.5530113405570378,1.534843862739332,1.5320039389463318
vLH92_MN_60x-1xzoom_0002_XY15_488.tif,9,559,272,287,0.4865831842576029,204.8218231201172,0.5441607920830561,204.67977905273438,204.0,114416.0,219.5574951171875,220.0,63013.0,188.9816131591797,189.0,51403.0,False,vLH92_MN_60x-1xzoom_0002_XY15_Dapi-ex_Green-em.tif,293.1556396484375,295.0,163874.0,338.87109375,339.0,97256.0,244.9191131591797,243.0,66618.0,65.85897905273438,80.73669511718751,50.160813159179696,65.17920000000001,81.17920000000001,50.17920000000001,154.6404396484375,200.35589375,106.4039131591797,156.4848,200.4848,104.4848,10mM 2DG,1h,yes,MN,0.4258845823412002,0.41652096561455176,0.4029664094530162,0.4049144872828265,0.4714188761473404,0.48025358712463445
vLH92_MN_60x-1xzoom_0002_XY15_488.tif,10,964,502,462,0.520746887966805,217.50321197509766,0.5083546819593949,226.3112030029297,218.0,218164.0,248.6883087158203,239.0,114894.0,205.71713256835938,205.0,103270.0,False,vLH92_MN_60x-1xzoom_0002_XY15_Dapi-ex_Green-em.tif,299.70745849609375,300.0,288918.0,330.1558532714844,325.0,152532.0,271.6852722167969,275.0,136386.0,87.4904030029297,109.86750871582032,66.89633256835938,79.17920000000001,100.17920000000001,66.17920000000001,161.19225849609376,191.64065327148438,133.17007221679688,161.4848,186.4848,136.4848,10mM 2DG,1h,yes,MN,0.5427705016308205,0.49031983195941664,0.5732995940072195,0.5371976697296509,0.5023375857261244,0.4848832983599639
vLH92_MN_60x-1xzoom_0002_XY15_488.tif,11,3616,1750,1866,0.48396017699115046,298.08457946777344,0.2673992600299607,310.3252258300781,302.0,1122136.0,361.0552062988281,365.0,673729.0,256.2325744628906,252.0,448407.0,False,vLH92_MN_60x-1xzoom_0002_XY15_Dapi-ex_Green-em.tif,292.0019226074219,278.0,1055879.0,341.05572509765625,332.0,636410.0,239.6965789794922,235.0,419469.0,171.50442583007813,222.23440629882813,117.41177446289063,163.1792,226.1792,113.17920000000001,153.48672260742188,202.54052509765626,101.1813789794922,139.4848,193.4848,96.4848,10mM 2DG,1h,yes,MN,1.1173893279924982,1.1698708389731354,1.0972342754205675,1.1689765811061128,1.1604089176002244,1.1730262176011144
vLH92_MN_60x-1xzoom_0002_XY15_488.tif,12,2178,1109,1069,0.5091827364554637,268.7079620361328,0.6610470145109397,276.404052734375,270.0,602008.0,296.3545227050781,292.0,316803.0,257.1731262207031,257.0,285205.0,False,vLH92_MN_60x-1xzoom_0002_XY15_Dapi-ex_Green-em.tif,249.21900939941406,238.0,542799.0,271.349853515625,259.0,290073.0,227.88638305664062,228.0,252726.0,137.583252734375,157.53372270507813,118.35232622070313,131.1792,153.1792,118.17920000000001,110.70380939941407,132.834653515625,89.37118305664063,99.4848,120.4848,89.4848,10mM 2DG,1h,yes,MN,1.2428050442056713,1.318585351732124,1.1859384470525067,1.2713570508479077,1.3242783878747042,1.3206622800743812
vLH92_MN_60x-1xzoom_0002_XY15_488.tif,13,1225,619,606,0.5053061224489795,181.5021209716797,0.4943540713705002,184.77061462402344,182.0,226344.0,197.00990295410156,195.0,119388.0,172.7883758544922,173.0,106956.0,False,vLH92_MN_60x-1xzoom_0002_XY15_Dapi-ex_Green-em.tif,251.2881622314453,239.0,307828.0,290.0693054199219,282.5,175782.0,213.3214874267578,211.0,132046.0,45.949814624023446,58.18910295410157,33.967575854492196,43.17920000000001,56.17920000000001,34.17920000000001,112.77296223144532,151.55410541992188,74.80628742675782,100.4848,143.9848,72.4848,10mM 2DG,1h,yes,MN,0.4074541779768105,0.4297087718739551,0.3839493677381608,0.39017451842138895,0.45407380880583803,0.4715361013619408
vLH92_MN_60x-1xzoom_0002_XY15_488.tif,14,1157,599,558,0.5177182368193605,206.72201538085938,0.4154138015224254,210.78306579589844,207.0,243876.0,224.5752716064453,222.0,125313.0,197.9348907470703,197.0,118563.0,False,vLH92_MN_60x-1xzoom_0002_XY15_Dapi-ex_Green-em.tif,347.396728515625,327.0,401938.0,399.2311706542969,375.5,222771.0,299.11016845703125,287.0,179167.0,71.96226579589845,85.75447160644532,59.11409074707032,68.17920000000001,83.17920000000001,58.17920000000001,208.881528515625,260.7159706542969,160.59496845703126,188.4848,236.9848,148.4848,10mM 2DG,1h,yes,MN,0.3445123477757175,0.36172253677750144,0.3289191352230343,0.35098959933295304,0.36809428909901915,0.3918192299817894
vLH92_MN_60x-1xzoom_0002_XY15_488.tif,15,610,303,307,0.4967213114754098,190.60690307617188,0.6810875291812135,209.6704864501953,193.5,127899.0,244.84364318847656,243.0,75167.0,174.0330047607422,174.0,52732.0,False,vLH92_MN_60x-1xzoom_0002_XY15_Dapi-ex_Green-em.tif,294.6229553222656,252.0,179720.0,370.7915344238281,362.0,113833.0,217.44883728027344,219.0,65887.0,70.84968645019532,106.02284318847657,35.212204760742196,54.67920000000001,104.17920000000001,35.17920000000001,156.10775532226563,232.27633442382813,78.93363728027344,113.4848,223.4848,80.4848,10mM 2DG,1h,yes,MN,0.453851163921579,0.481819591698624,0.45645133608411287,0.4661578774037429,0.44609884928668037,0.43709122716338994
vLH92_MN_60x-1xzoom_0002_XY15_488.tif,16,1270,680,591,0.5354330708661418,218.77637481689453,0.5054394655526234,224.1590576171875,219.0,284682.0,237.976318359375,233.0,140644.0,212.1132354736328,211.0,144237.0,False,vLH92_MN_60x-1xzoom_0002_XY15_Dapi-ex_Green-em.tif,247.15354919433594,239.0,313885.0,259.9424743652344,246.0,153626.0,235.99853515625,232.0,160479.0,85.33825761718751,99.15551835937501,73.29243547363282,80.17920000000001,94.17920000000001,72.17920000000001,108.63834919433594,121.42727436523438,97.48333515625,100.4848,107.4848,93.4848,10mM 2DG,1h,yes,MN,0.7855260895444164,0.7979236660669077,0.8165835795764518,0.8762094733394862,0.7518457935005702,0.7720955706168275
vLH92_MN_60x-1xzoom_0002_XY15_488.tif,17,1636,914,722,0.558679706601467,187.04793548583984,0.2240377925365166,188.7848358154297,187.0,308852.0,198.01246643066406,196.0,142965.0,181.49562072753906,181.0,165887.0,False,vLH92_MN_60x-1xzoom_0002_XY15_Dapi-ex_Green-em.tif,255.26039123535156,248.0,417606.0,283.1689758300781,272.0,204448.0,233.21444702148438,232.0,213158.0,49.964035815429696,59.19166643066407,42.67482072753907,48.17920000000001,57.17920000000001,42.17920000000001,116.74519123535157,144.65377583007813,94.69924702148438,109.4848,133.4848,93.4848,10mM 2DG,1h,yes,MN,0.4279751078972074,0.44005377915473204,0.40919544679010195,0.42835738600949325,0.4506352697594042,0.4511877866776204
vLH92_MN_60x-1xzoom_0002_XY15_488.tif,18,1035,534,501,0.5159420289855072,205.70913696289062,0.39989809486684785,210.69662475585938,207.0,218071.0,223.80239868164062,218.0,112125.0,198.40074157714844,198.0,105946.0,False,vLH92_MN_60x-1xzoom_0002_XY15_Dapi-ex_Green-em.tif,266.5652160644531,259.0,275895.0,291.3133850097656,289.0,145948.0,243.346435546875,245.0,129947.0,71.87582475585938,84.98159868164063,59.579941577148446,68.17920000000001,79.17920000000001,59.17920000000001,128.05001606445313,152.79818500976563,104.831235546875,120.4848,150.4848,106.4848,10mM 2DG,1h,yes,MN,0.5613105485256726,0.5658738695669495,0.5561689013269974,0.5261607816869213,0.5683414992329021,0.5557525581115803
vLH92_MN_60x-1xzoom_0002_XY15_488.tif,19,1781,864,917,0.485120718697361,214.93679809570312,0.42968588976594735,218.86355590820312,214.0,389796.0,233.6226806640625,231.0,214232.0,203.19908142089844,202.0,175564.0,False,vLH92_MN_60x-1xzoom_0002_XY15_Dapi-ex_Green-em.tif,292.3088073730469,277.0,520602.0,323.75244140625,306.0,296881.0,258.93634033203125,257.0,223721.0,80.04275590820313,94.80188066406251,64.37828142089845,75.17920000000001,92.17920000000001,63.17920000000001,153.79360737304688,185.23724140625,120.42114033203126,138.4848,167.4848,118.4848,10mM 2DG,1h,yes,MN,0.5204556761195461,0.5428696867815096,0.5117862906204121,0.5503735264334435,0.5346094651104565,0.5332262028547122
vLH92_MN_60x-1xzoom_0002_XY15_488.tif,20,4540,1977,2563,0.4354625550660793,346.72381591796875,0.8569498870122361,383.85528564453125,351.0,1742703.0,445.3999328613281,462.0,1141560.0,304.06829833984375,302.0,601143.0,False,vLH92_MN_60x-1xzoom_0002_XY15_Dapi-ex_Green-em.tif,257.56939697265625,231.0,1169365.0,294.0877990722656,278.0,753747.0,210.2266082763672,210.0,415618.0,245.03448564453126,306.57913286132816,165.24749833984376,212.1792,323.17920000000004,163.1792,119.05419697265626,155.57259907226563,71.7114082763672,92.4848,139.4848,71.4848,10mM 2DG,1h,yes,MN,2.0581759557859978,2.2942061830700826,1.9706499389324845,2.3169492303103993,2.3043404433364305,2.2827118492322844
vLH92_MN_60x-1xzoom_0002_XY15_488.tif,21,3080,1729,1351,0.5613636363636364,201.9755096435547,0.7000968047591024,212.4217529296875,205.0,654259.0,232.1739501953125,228.0,313667.0,196.98785400390625,197.0,340592.0,False,vLH92_MN_60x-1xzoom_0002_XY15_Dapi-ex_Green-em.tif,225.99545288085938,198.0,696066.0,271.6891174316406,239.0,367052.0,190.29150390625,190.0,329014.0,73.60095292968751,93.35315019531251,58.16705400390626,66.17920000000001,89.17920000000001,58.17920000000001,87.48025288085938,133.17391743164063,51.77630390625001,59.48480000000001,100.4848,51.48480000000001,10mM 2DG,1h,yes,MN,0.8413436233423526,1.1125396740007532,0.7009867397137395,0.8874894511408691,1.12343001750816,1.130026726334763
vLH92_MN_60x-1xzoom_0002_XY15_488.tif,22,927,278,649,0.2998921251348436,217.9694061279297,0.5211224559380435,216.89535522460938,216.0,201062.0,223.7657928466797,224.0,145224.0,200.85610961914062,200.0,55838.0,False,vLH92_MN_60x-1xzoom_0002_XY15_Dapi-ex_Green-em.tif,299.9029235839844,303.0,278010.0,306.7889099121094,310.0,199106.0,283.82733154296875,284.5,78904.0,78.07455522460938,84.9449928466797,62.035309619140634,77.17920000000001,85.17920000000001,61.17920000000001,161.38772358398438,168.27370991210938,145.31213154296876,164.4848,171.4848,145.9848,10mM 2DG,1h,yes,MN,0.4837701002950218,0.46921782438255694,0.5048025201978794,0.4967157439026666,0.42691074007676233,0.41907924660649604
vLH92_MN_60x-1xzoom_0002_XY15_488.tif,23,3847,1669,2178,0.43384455419807644,193.37010192871094,0.25651323554517547,197.23550415039062,193.0,758765.0,205.45913696289062,202.0,447490.0,186.50389099121094,185.0,311275.0,False,vLH92_MN_60x-1xzoom_0002_XY15_Dapi-ex_Green-em.tif,257.7286071777344,251.0,991482.0,275.9228515625,272.0,600960.0,233.98562622070312,233.0,390522.0,58.414704150390634,66.63833696289063,47.683090991210946,54.17920000000001,63.17920000000001,46.17920000000001,119.21340717773438,137.4076515625,95.47042622070313,112.4848,133.4848,94.4848,10mM 2DG,1h,yes,MN,0.4900011293469751,0.48165796623188206,0.4849681673846243,0.47330632401591793,0.49945404958159373,0.48874739640661785
vLH92_MN_60x-1xzoom_0002_XY16_488.tif,1,1039,571,468,0.5495668912415784,216.61671447753906,0.3712478925760847,219.34744262695312,213.0,227902.0,243.66453552246094,237.0,114035.0,199.41680908203125,196.0,113867.0,False,vLH92_MN_60x-1xzoom_0002_XY16_Dapi-ex_Green-em.tif,353.4744873046875,328.0,367260.0,447.6687927246094,404.0,209509.0,276.2714538574219,258.0,157751.0,79.52824262695313,103.84533552246094,59.597609082031255,73.1808,97.1808,56.180800000000005,214.6888873046875,308.8831927246094,137.4858538574219,189.2144,265.2144,119.21440000000001,10mM 2DG,1h,yes,MN,0.3704348353815177,0.3867612612993514,0.33619613487693456,0.3664235426130708,0.4334817540125711,0.4712585056838771
vLH92_MN_60x-1xzoom_0002_XY16_488.tif,2,871,436,435,0.5005740528128588,251.11416625976562,0.42867271421012987,265.34674072265625,248.0,231117.0,305.8643798828125,277.0,133051.0,224.92201232910156,223.5,98066.0,False,vLH92_MN_60x-1xzoom_0002_XY16_Dapi-ex_Green-em.tif,352.1871337890625,335.0,306755.0,395.7655029296875,409.0,172158.0,308.7087097167969,290.5,134597.0,125.52754072265625,166.0451798828125,85.10281232910157,108.1808,137.1808,83.6808,213.4015337890625,256.9799029296875,169.9231097167969,196.2144,270.2144,151.7144,10mM 2DG,1h,yes,MN,0.5882222985648003,0.5513397589575485,0.6461407214720766,0.5076739063499206,0.5008313022927755,0.5515679460881762
vLH92_MN_60x-1xzoom_0002_XY16_488.tif,3,3106,1334,1772,0.42949130714745654,462.8452911376953,0.767580807885309,514.6075439453125,472.0,1598371.0,595.9559936523438,622.5,1056034.0,406.5494689941406,402.0,542337.0,False,vLH92_MN_60x-1xzoom_0002_XY16_Dapi-ex_Green-em.tif,330.53607177734375,299.5,1026645.0,379.3668212890625,368.0,672238.0,265.67242431640625,262.0,354407.0,374.7883439453125,456.1367936523437,266.7302689941406,332.1808,482.6808,262.1808,191.75047177734376,240.5812212890625,126.88682431640626,160.7144,229.2144,123.21440000000001,10mM 2DG,1h,yes,MN,1.9545628256941556,2.0669012857590854,1.8959783777316828,2.1058048708981634,2.102111629250168,2.1278422002623065
vLH92_MN_60x-1xzoom_0002_XY16_488.tif,4,4927,1686,3241,0.3421960625126852,379.5358581542969,0.7917774332236132,378.34686279296875,382.0,1864115.0,411.78125,425.0,1334583.0,314.075927734375,311.0,529532.0,False,vLH92_MN_60x-1xzoom_0002_XY16_Dapi-ex_Green-em.tif,268.08056640625,263.0,1320833.0,287.39556884765625,284.0,931449.0,230.9513702392578,229.0,389384.0,238.52766279296875,271.96205,174.256727734375,242.1808,285.1808,171.1808,129.29496640625,148.60996884765626,92.16577023925782,124.21440000000001,145.2144,90.21440000000001,10mM 2DG,1h,yes,MN,1.8448333250925268,1.9496998737666484,1.8300390754996723,1.9638603334104603,1.8906881294651265,1.8974886492622018
vLH92_MN_60x-1xzoom_0002_XY16_488.tif,5,1447,791,656,0.5466482377332412,195.9085693359375,0.5199350509694011,202.2605438232422,197.0,292671.0,216.32469177246094,210.0,141909.0,190.59671020507812,190.0,150762.0,False,vLH92_MN_60x-1xzoom_0002_XY16_Dapi-ex_Green-em.tif,197.8562469482422,193.0,286298.0,210.5823211669922,205.5,138142.0,187.30215454101562,187.0,148156.0,62.44134382324219,76.50549177246094,50.77751020507813,57.180800000000005,70.1808,50.180800000000005,59.0706469482422,71.7967211669922,48.51655454101564,54.21440000000001,66.71440000000001,48.21440000000001,10mM 2DG,1h,yes,MN,1.0570621289784317,1.05471609019006,1.0655847583139153,1.0519587975009892,1.0466017359528508,1.0407844959182317
vLH92_MN_60x-1xzoom_0002_XY17_488.tif,1,3479,1666,1813,0.4788732394366197,266.59197998046875,0.7529066798484356,274.5981750488281,267.0,955327.0,308.73248291015625,310.0,559732.0,237.4519805908203,237.0,395595.0,False,vLH92_MN_60x-1xzoom_0002_XY17_Dapi-ex_Green-em.tif,252.97901916503906,242.0,880114.0,284.8279113769531,277.0,516393.0,218.31993103027344,218.0,363721.0,132.92457504882813,167.05888291015626,95.77838059082032,125.3264,168.3264,95.3264,112.32141916503906,144.17031137695312,77.66233103027344,101.3424,136.3424,77.3424,10mM 2DG,1h,yes,MN,1.183430338015191,1.2366630354126211,1.1587606443698233,1.2345858661722253,1.2332668788100771,1.2325244626492067
vLH92_MN_60x-1xzoom_0002_XY17_488.tif,2,4573,2299,2274,0.5027334353815875,264.09759521484375,0.36522831706004527,280.88671875,265.0,1284495.0,334.96612548828125,334.0,761713.0,227.3953857421875,225.0,522782.0,False,vLH92_MN_60x-1xzoom_0002_XY17_Dapi-ex_Green-em.tif,248.17515563964844,235.0,1134905.0,288.3896179199219,280.0,655798.0,208.3979949951172,207.0,479107.0,139.21311875,193.29252548828126,85.7217857421875,123.3264,192.3264,83.3264,107.51755563964844,147.73201791992187,67.74039499511719,94.3424,139.3424,66.3424,10mM 2DG,1h,yes,MN,1.2947943051884583,1.307221355403297,1.308399683493496,1.3802431994855837,1.2654456140736476,1.2560052093382212
vLH92_MN_60x-1xzoom_0002_XY17_488.tif,3,5655,2636,3019,0.4661361626878868,292.8277893066406,0.7756697765905078,302.18621826171875,294.0,1708863.0,340.0198669433594,347.0,1026520.0,258.85546875,258.0,682343.0,False,vLH92_MN_60x-1xzoom_0002_XY17_Dapi-ex_Green-em.tif,267.7492370605469,263.0,1514122.0,297.2391662597656,293.0,897365.0,233.97457885742188,232.0,616757.0,160.51261826171876,198.34626694335938,117.18186875,152.3264,205.3264,116.3264,127.09163706054687,156.58156625976562,93.31697885742187,122.3424,152.3424,91.3424,10mM 2DG,1h,yes,MN,1.262967587593903,1.2450826532747437,1.2667280809690393,1.3477954922595416,1.2557400612919656,1.2735202928760359
vLH92_MN_60x-1xzoom_0002_XY18_488.tif,1,1729,703,1028,0.4065934065934066,194.778564453125,0.4490079214794356,196.77386474609375,194.0,340222.0,205.83755493164062,203.0,211601.0,183.43385314941406,183.0,128954.0,False,vLH92_MN_60x-1xzoom_0002_XY18_Dapi-ex_Green-em.tif,286.0954284667969,284.0,494659.0,315.51849365234375,311.0,324353.0,242.82504272460938,240.0,170706.0,56.55946474609374,65.62315493164061,43.21945314941405,53.78559999999999,62.78559999999999,42.78559999999999,146.1482284667969,175.57129365234377,102.8778427246094,144.05280000000002,171.05280000000002,100.05280000000002,10mM 2DG,1h,yes,MN,0.38700068649099884,0.37337420723512477,0.37376927381752867,0.36705391551614464,0.4201045823356435,0.4276302112484606
vLH92_MN_60x-1xzoom_0002_XY18_488.tif,2,523,286,240,0.5468451242829828,211.65338134765625,0.41112712876017227,211.90821838378906,211.0,110828.0,219.80416870117188,218.0,52753.0,205.02098083496094,205.0,58636.0,False,vLH92_MN_60x-1xzoom_0002_XY18_Dapi-ex_Green-em.tif,298.9024963378906,297.0,156326.0,328.95416259765625,328.0,78949.0,272.8811340332031,273.5,78044.0,71.69381838378905,79.58976870117186,64.80658083496093,70.78559999999999,77.78559999999999,64.78559999999999,158.95529633789064,189.00696259765627,132.93393403320314,157.05280000000002,188.05280000000002,133.55280000000002,10mM 2DG,1h,yes,MN,0.45103132789856704,0.4507121171988018,0.42109437455273296,0.41363702109194855,0.4875096889765865,0.48509353603967853
vLH92_MN_60x-1xzoom_0002_XY18_488.tif,3,2949,1652,1297,0.5601898948796202,209.8950958251953,0.6575620639723898,219.7460174560547,213.0,648031.0,240.1495819091797,242.0,311474.0,203.7270050048828,203.5,336557.0,False,vLH92_MN_60x-1xzoom_0002_XY18_Dapi-ex_Green-em.tif,235.59884643554688,221.0,694781.0,267.1210632324219,264.0,346456.0,210.85047912597656,210.0,348325.0,79.53161745605468,99.93518190917968,63.5126050048828,72.78559999999999,101.78559999999999,63.28559999999999,95.6516464355469,127.1738632324219,70.90327912597658,81.05280000000002,124.05280000000002,70.05280000000002,10mM 2DG,1h,yes,MN,0.8314714949485538,0.8980022898653713,0.7858154133962179,0.820502237756826,0.8957640011548339,0.9033985793572844
vLH92_MN_60x-1xzoom_0002_XY18_488.tif,4,4739,2383,2357,0.5028487022578603,302.21307373046875,0.20809643183176305,288.92193603515625,301.0,1369201.0,337.053466796875,337.0,794435.0,241.27821350097656,235.0,574966.0,False,vLH92_MN_60x-1xzoom_0002_XY18_Dapi-ex_Green-em.tif,274.31524658203125,273.0,1299980.0,313.6754455566406,301.0,739333.0,235.3579559326172,223.0,560858.0,148.70753603515624,196.839066796875,101.06381350097655,160.7856,196.7856,94.78559999999999,134.36804658203127,173.72824555664064,95.4107559326172,133.05280000000002,161.05280000000002,83.05280000000002,10mM 2DG,1h,yes,MN,1.1067180019199785,1.2084345462853843,1.1330285767071742,1.2218700947763712,1.0592496884979274,1.1412691685289353
vLH92_MN_60x-1xzoom_0002_XY18_488.tif,5,1970,1116,854,0.566497461928934,235.02308654785156,0.44940500698161046,238.99085998535156,236.0,470812.0,250.63934326171875,245.0,214046.0,230.07705688476562,229.0,256766.0,False,vLH92_MN_60x-1xzoom_0002_XY18_Dapi-ex_Green-em.tif,265.2558288574219,261.0,522554.0,276.08782958984375,272.0,235779.0,256.96685791015625,255.0,286775.0,98.77645998535155,110.42494326171874,89.86265688476561,95.78559999999999,104.78559999999999,88.78559999999999,125.3086288574219,136.14062958984377,117.01965791015627,121.05280000000002,132.05280000000002,115.05280000000002,10mM 2DG,1h,yes,MN,0.7882654282151705,0.7912712469269606,0.8111093917693808,0.7935128978711543,0.7679278720312028,0.7716943872726258
vLH92_MN_60x-1xzoom_0002_XY18_488.tif,6,1499,734,765,0.4896597731821214,229.86073303222656,0.43709096079154636,237.88392639160156,231.0,356588.0,258.3019714355469,254.0,197601.0,216.60354614257812,216.0,158987.0,False,vLH92_MN_60x-1xzoom_0002_XY18_Dapi-ex_Green-em.tif,275.7651672363281,274.0,413372.0,282.75164794921875,281.0,216305.0,268.483642578125,269.0,197067.0,97.66952639160155,118.08757143554686,76.38914614257811,90.78559999999999,113.78559999999999,75.78559999999999,135.81796723632814,142.80444794921877,128.53644257812502,134.05280000000002,141.05280000000002,129.05280000000002,10mM 2DG,1h,yes,MN,0.7191208083806251,0.6772376257713377,0.8269180206315336,0.8066879920143377,0.5942995201236292,0.5872449106102307
vLH92_MN_60x-1xzoom_0002_XY18_488.tif,7,1967,989,978,0.5027961362480935,203.3534393310547,0.7285378937727469,206.75953674316406,204.0,406696.0,217.73414611816406,216.0,212944.0,195.906982421875,195.0,193752.0,False,vLH92_MN_60x-1xzoom_0002_XY18_Dapi-ex_Green-em.tif,220.44992065429688,217.0,433625.0,231.75767517089844,228.0,226659.0,209.2679443359375,209.0,206966.0,66.54513674316405,77.51974611816405,55.69258242187499,63.78559999999999,75.78559999999999,54.78559999999999,80.5027206542969,91.81047517089846,69.32074433593752,77.05280000000002,88.05280000000002,69.05280000000002,10mM 2DG,1h,yes,MN,0.8266197241821063,0.8278167697994099,0.8443453317703317,0.8606835898460921,0.8034042760992488,0.7933870892997819
vLH92_MN_60x-1xzoom_0002_XY18_488.tif,8,3904,2096,1808,0.5368852459016393,220.36368560791016,0.6934293568710019,230.64523315429688,223.0,900439.0,254.8639373779297,254.0,460794.0,209.75428771972656,209.0,439645.0,False,vLH92_MN_60x-1xzoom_0002_XY18_Dapi-ex_Green-em.tif,222.1649627685547,217.0,867332.0,240.6808624267578,238.0,435151.0,206.19322204589844,206.0,432181.0,90.43083315429686,114.64953737792968,69.53988771972655,82.78559999999999,113.78559999999999,68.78559999999999,82.2177627685547,100.73366242675783,66.24602204589846,77.05280000000002,98.05280000000002,66.05280000000002,10mM 2DG,1h,yes,MN,1.0998941117974979,1.0744009302711903,1.1381452298658346,1.16045232772547,1.0497217126719842,1.041372962236271
vLH92_MN_60x-1xzoom_0002_XY18_488.tif,9,2192,1205,987,0.5497262773722628,231.06112670898438,0.1573761006204383,233.2458953857422,231.0,511275.0,248.5653533935547,246.0,245334.0,220.6979217529297,220.0,265941.0,False,vLH92_MN_60x-1xzoom_0002_XY18_Dapi-ex_Green-em.tif,206.42837524414062,206.0,452491.0,212.58966064453125,212.0,209826.0,201.38174438476562,201.0,242665.0,93.03149538574218,108.35095339355468,80.48352175292968,90.78559999999999,105.78559999999999,79.78559999999999,66.48117524414064,72.64246064453127,61.434544384765644,66.05280000000002,72.05280000000002,61.05280000000002,10mM 2DG,1h,yes,MN,1.399365986598463,1.3744398420657409,1.4915650217819494,1.4681677880665285,1.3100694822258296,1.306829498401383
vLH92_MN_60x-1xzoom_0002_XY18_488.tif,10,558,410,148,0.7347670250896058,181.18831634521484,0.6057489309549,181.9910430908203,181.0,101551.0,188.03378295898438,186.0,27829.0,179.80975341796875,180.0,73722.0,False,vLH92_MN_60x-1xzoom_0002_XY18_Dapi-ex_Green-em.tif,220.18995666503906,221.0,122866.0,225.25,226.0,33337.0,218.36341857910156,219.0,89529.0,41.7766430908203,47.81938295898436,39.59535341796874,40.78559999999999,45.78559999999999,39.78559999999999,80.24275666503908,85.30280000000002,78.41621857910158,81.05280000000002,86.05280000000002,79.05280000000002,10mM 2DG,1h,yes,MN,0.5206282140232346,0.5031979154329027,0.5605839780052279,0.5320640351040289,0.5049383167849049,0.5032788212435231
vLH92_MN_60x-1xzoom_0002_XY18_488.tif,11,442,163,284,0.36877828054298645,178.1717529296875,0.5198755607442692,178.69456481933594,178.0,78983.0,181.3485870361328,181.0,51503.0,173.8957061767578,174.0,28345.0,False,vLH92_MN_60x-1xzoom_0002_XY18_Dapi-ex_Green-em.tif,219.64706420898438,220.0,97084.0,226.75,227.0,64397.0,207.44171142578125,207.0,33813.0,38.480164819335926,41.1341870361328,33.6813061767578,37.78559999999999,40.78559999999999,33.78559999999999,79.6998642089844,86.80280000000002,67.49451142578127,80.05280000000002,87.05280000000002,67.05280000000002,10mM 2DG,1h,yes,MN,0.48281343012624783,0.4720084744068912,0.4738808775308261,0.4685156594618436,0.4990228903841262,0.5038656103846517
vLH92_MN_60x-1xzoom_0002_XY18_488.tif,12,1619,1047,572,0.6466954910438543,169.505615234375,0.5885969286102214,169.65904235839844,169.0,274678.0,172.75,173.0,98813.0,167.97039794921875,168.0,175865.0,False,vLH92_MN_60x-1xzoom_0002_XY18_Dapi-ex_Green-em.tif,156.94131469726562,157.0,254088.0,158.52972412109375,158.0,90679.0,156.07354736328125,156.0,163409.0,29.444642358398426,32.53559999999999,27.755997949218738,28.785599999999988,32.78559999999999,27.785599999999988,16.994114697265644,18.58252412109377,16.12634736328127,17.05280000000002,18.05280000000002,16.05280000000002,10mM 2DG,1h,yes,MN,1.7326376150171607,1.6880277725652066,1.750870860598939,1.8160950101923221,1.7211583828596853,1.7308880693710726
vLH92_MN_60x-1xzoom_0002_XY19_488.tif,1,1086,704,382,0.6482504604051565,183.93047332763672,0.6627115248679869,186.22836303710938,184.0,202244.0,197.11256408691406,193.5,75297.0,180.32244873046875,180.0,126947.0,False,vLH92_MN_60x-1xzoom_0002_XY19_Dapi-ex_Green-em.tif,241.61509704589844,227.0,262394.0,279.04974365234375,257.0,106597.0,221.30255126953125,220.0,155797.0,42.737163037109354,53.62136408691404,36.83124873046873,40.50879999999998,50.00879999999998,36.50879999999998,99.08229704589843,136.51694365234374,78.76975126953124,84.46719999999999,114.46719999999999,77.46719999999999,10mM 2DG,1h,yes,MN,0.43132995813885894,0.4795802394302165,0.3927817503991818,0.43688322943166236,0.46758112266269586,0.4712807484974284
vLH92_MN_60x-1xzoom_0002_XY19_488.tif,2,2549,1303,1247,0.511180855237348,236.49757385253906,0.42322815754705717,241.6649627685547,236.0,616004.0,261.51885986328125,257.0,326114.0,222.6408233642578,222.0,290101.0,False,vLH92_MN_60x-1xzoom_0002_XY19_Dapi-ex_Green-em.tif,227.75245666503906,224.0,580541.0,243.39935302734375,240.0,303519.0,212.7528839111328,212.0,277217.0,98.17376276855467,118.02765986328123,79.14962336425779,92.50879999999998,113.50879999999998,78.50879999999998,85.21965666503905,100.86655302734374,70.2200839111328,81.46719999999999,97.46719999999999,69.46719999999999,10mM 2DG,1h,yes,MN,1.152008428694245,1.1355343009211067,1.1701367432600311,1.164584598716286,1.1271650353540703,1.1301563903540086
vLH92_MN_60x-1xzoom_0002_XY19_488.tif,3,566,343,223,0.6060070671378092,218.78775787353516,0.7007762065150474,220.35159301757812,219.0,124719.0,230.49327087402344,227.0,51400.0,213.7580108642578,214.0,73319.0,False,vLH92_MN_60x-1xzoom_0002_XY19_Dapi-ex_Green-em.tif,271.3869323730469,270.0,153605.0,281.4125671386719,275.0,62755.0,264.8688049316406,266.0,90850.0,76.8603930175781,87.00207087402342,70.26681086425779,75.50879999999998,83.50879999999998,70.50879999999998,128.85413237304687,138.87976713867187,122.33600493164062,127.46719999999999,132.4672,123.46719999999999,10mM 2DG,1h,yes,MN,0.5964914869401226,0.5923782745678887,0.6264560537976104,0.6304111508358294,0.5743755561048585,0.5710731271139217
vLH92_MN_60x-1xzoom_0002_XY19_488.tif,4,3521,1658,1864,0.4708889520022721,364.1897277832031,0.355449063048824,357.34820556640625,365.0,1258223.0,424.16522216796875,429.0,790644.0,282.1761169433594,274.0,467848.0,False,vLH92_MN_60x-1xzoom_0002_XY19_Dapi-ex_Green-em.tif,326.90570068359375,325.0,1151035.0,385.01983642578125,368.0,717677.0,261.51025390625,257.0,433584.0,213.85700556640623,280.6740221679687,138.68491694335935,221.50879999999998,285.50879999999995,130.50879999999998,184.37290068359374,242.48703642578124,118.97745390624999,182.4672,225.4672,114.46719999999999,10mM 2DG,1h,yes,MN,1.1599156100137014,1.2139650304273863,1.1574805247532294,1.2662986013043138,1.1656403157915798,1.1401414553688742
vLH92_MN_60x-1xzoom_0002_XY19_488.tif,5,1076,575,502,0.5343866171003717,275.2176818847656,0.21399917550667047,280.1867980957031,276.0,301481.0,300.687255859375,297.0,150945.0,262.2347717285156,262.0,150785.0,False,vLH92_MN_60x-1xzoom_0002_XY19_Dapi-ex_Green-em.tif,267.85968017578125,240.0,288217.0,313.3505859375,268.5,157302.0,228.10781860351562,227.0,131162.0,136.6955980957031,157.19605585937498,118.7435717285156,132.50879999999998,153.50879999999998,118.50879999999998,125.32688017578124,170.8177859375,85.57501860351562,97.46719999999999,125.96719999999999,84.46719999999999,10mM 2DG,1h,yes,MN,1.0907125263469122,1.359521972519986,0.9202557859922794,1.2186410430651788,1.3875962128466,1.403015608425519
vLH92_MN_60x-1xzoom_0002_XY19_488.tif,6,3578,1728,1850,0.4829513694801565,314.6827697753906,0.7218751349931611,342.0885925292969,318.0,1223993.0,407.6097412109375,418.0,754078.0,271.9415588378906,269.0,469915.0,False,vLH92_MN_60x-1xzoom_0002_XY19_Dapi-ex_Green-em.tif,324.8292236328125,289.0,1162239.0,397.9205322265625,376.0,736153.0,246.57754516601562,244.0,426086.0,198.59739252929685,264.11854121093745,128.4503588378906,174.50879999999998,274.50879999999995,125.50879999999998,182.2964236328125,255.3877322265625,104.04474516601562,146.4672,233.4672,101.46719999999999,10mM 2DG,1h,yes,MN,1.089420124496344,1.1914531034934783,1.034186485420645,1.1757917172090981,1.2345684410388336,1.2369396218679534
vLH92_MN_60x-1xzoom_0002_XY19_488.tif,7,3060,1400,1660,0.45751633986928103,444.8180694580078,0.7359728052982686,478.7490234375,435.0,1464972.0,570.6788940429688,588.0,947327.0,369.7464294433594,367.0,517645.0,False,vLH92_MN_60x-1xzoom_0002_XY19_Dapi-ex_Green-em.tif,435.02777099609375,385.0,1331185.0,526.880126953125,497.0,874621.0,326.1171569824219,321.0,456564.0,335.25782343749995,427.1876940429687,226.25522944335935,291.50879999999995,444.50879999999995,223.50879999999998,292.49497099609374,384.347326953125,183.58435698242187,242.4672,354.4672,178.4672,10mM 2DG,1h,yes,MN,1.146200299771914,1.2022607593934354,1.1114626383106563,1.2540195538543482,1.2324319629532663,1.252380269315594
vLH92_MN_60x-1xzoom_0002_XY19_488.tif,8,2126,1092,1035,0.5136406396989652,268.4095916748047,0.754592487654307,273.6467590332031,264.0,581773.0,314.86279296875,306.0,325883.0,234.52838134765625,232.0,256105.0,False,vLH92_MN_60x-1xzoom_0002_XY19_Dapi-ex_Green-em.tif,278.6575622558594,274.0,592426.0,318.7188415527344,312.0,329874.0,240.65475463867188,235.0,262795.0,130.1555590332031,171.37159296874998,91.03718134765623,120.50879999999998,162.50879999999998,88.50879999999998,136.12476225585937,176.18604155273437,98.12195463867187,131.4672,169.4672,92.46719999999999,10mM 2DG,1h,yes,MN,0.9561490273794816,0.9166453685786263,0.9726740634981383,0.9589395470037859,0.9277962478723046,0.9571913067552601
vLH92_MN_60x-1xzoom_0002_XY19_488.tif,9,3434,0,3434,0.0,569.4468078613281,,547.4679565429688,566.0,1880005.0,547.4679565429688,566.0,1880005.0,,,,True,vLH92_MN_60x-1xzoom_0002_XY19_Dapi-ex_Green-em.tif,356.67938232421875,355.0,1224837.0,356.67938232421875,355.0,1224837.0,,,,403.9767565429687,403.9767565429687,,422.50879999999995,422.50879999999995,,214.14658232421874,214.14658232421874,,212.4672,212.4672,,10mM 2DG,1h,yes,MN,1.8864497026216667,1.9885836496174467,1.8864497026216667,1.9885836496174467,,
vLH92_MN_60x-1xzoom_0002_XY19_488.tif,10,3016,0,3016,0.0,245.31529235839844,,244.17340087890625,244.0,736427.0,244.17340087890625,244.0,736427.0,,,,True,vLH92_MN_60x-1xzoom_0002_XY19_Dapi-ex_Green-em.tif,178.61572265625,177.0,538705.0,178.61572265625,177.0,538705.0,,,,100.68220087890623,100.68220087890623,,100.50879999999998,100.50879999999998,,36.08292265624999,36.08292265624999,,34.46719999999999,34.46719999999999,,10mM 2DG,1h,yes,MN,2.790300603919258,2.9160709312041595,2.790300603919258,2.9160709312041595,,
vLH92_MN_60x-1xzoom_0003_XY1_488.tif,1,77271,39829,37448,0.5154456393731154,368.420654296875,0.053603667445068344,365.48297119140625,368.0,28241234.0,430.9252014160156,428.0,16137287.0,303.9258728027344,310.0,12105063.0,False,vLH92_MN_60x-1xzoom_0003_XY1_Dapi-ex_Green-em.tif,272.54571533203125,273.0,21059880.0,307.7887268066406,305.0,11526072.0,239.39581298828125,241.0,9534896.0,249.20777119140627,314.65000141601564,187.6506728027344,251.72480000000002,311.7248,193.72480000000002,136.68811533203126,171.93112680664063,103.53821298828126,137.1424,169.1424,105.14240000000001,10mM 2DG,1h,yes,non-MN,1.8231853631608845,1.8354994516648389,1.8300932894477062,1.8429725485744557,1.8123808339629468,1.842499315214414
vLH92_MN_60x-1xzoom_0003_XY1_488.tif,2,50546,26949,23610,0.5331579155620623,274.38519287109375,0.04791588955094267,268.31683349609375,273.0,13562342.0,303.9927673339844,304.0,7177269.0,237.02218627929688,238.0,6387511.0,False,vLH92_MN_60x-1xzoom_0003_XY1_Dapi-ex_Green-em.tif,219.80125427246094,220.0,11110074.0,234.79855346679688,234.0,5543594.0,206.64076232910156,206.0,5568762.0,152.04163349609377,187.7175673339844,120.74698627929688,156.72480000000002,187.72480000000002,121.7248,83.94365427246095,98.94095346679688,70.78316232910157,84.14240000000001,98.14240000000001,70.14240000000001,10mM 2DG,1h,yes,non-MN,1.811234390661659,1.8626138546083781,1.897268631002021,1.9127797975187075,1.7058715986422286,1.735395424165697
vLH92_MN_60x-1xzoom_0003_XY1_488.tif,3,38083,19460,18628,0.5109891552661292,434.6717224121094,0.13136357969984566,429.0442199707031,433.0,16339291.0,525.6110229492188,520.0,9791082.0,336.552734375,353.0,6549316.0,False,vLH92_MN_60x-1xzoom_0003_XY1_Dapi-ex_Green-em.tif,281.9883728027344,282.0,10738963.0,317.35614013671875,316.0,5911710.0,248.1122283935547,251.0,4828264.0,312.76901997070314,409.33582294921877,220.27753437500002,316.7248,403.7248,236.72480000000002,146.13077280273438,181.49854013671876,112.2546283935547,146.1424,180.1424,115.14240000000001,10mM 2DG,1h,yes,non-MN,2.140336453246011,2.16723414970604,2.255311930558093,2.2411425627725623,1.9623024683020345,2.0559307431493523
vLH92_MN_60x-1xzoom_0003_XY1_488.tif,4,14410,6571,7841,0.45600277585010407,446.96624755859375,0.17123501538857783,426.182373046875,443.0,6141288.0,519.871826171875,517.0,4076315.0,314.3119812011719,303.0,2065344.0,False,vLH92_MN_60x-1xzoom_0003_XY1_Dapi-ex_Green-em.tif,285.66778564453125,290.0,4116473.0,318.1919250488281,318.0,2494943.0,246.82635498046875,243.0,1621896.0,309.907173046875,403.596626171875,198.0367812011719,326.7248,400.7248,186.72480000000002,149.81018564453126,182.33432504882813,110.96875498046876,154.1424,182.1424,107.14240000000001,10mM 2DG,1h,yes,non-MN,2.0686655697912353,2.1196296411629767,2.213497793483449,2.2000632472175616,1.7846174919780589,1.7427722358282063
vLH92_MN_60x-1xzoom_0003_XY1_488.tif,5,76675,0,76675,0.0,349.1529235839844,,346.393798828125,349.0,26559744.0,346.393798828125,349.0,26559744.0,,,,True,vLH92_MN_60x-1xzoom_0003_XY1_Dapi-ex_Green-em.tif,273.78692626953125,274.0,20992612.0,273.78692626953125,274.0,20992612.0,,,,230.11859882812502,230.11859882812502,,232.72480000000002,232.72480000000002,,137.92932626953126,137.92932626953126,,138.1424,138.1424,,10mM 2DG,1h,yes,non-MN,1.6683805036388297,1.6846732067779335,1.6683805036388297,1.6846732067779335,,
vLH92_MN_60x-1xzoom_0003_XY1_488.tif,6,15137,9612,5528,0.6350003303164432,350.8450622558594,0.18763420131117656,344.46429443359375,350.0,5214156.0,403.4216613769531,401.0,2230115.0,310.5403747558594,321.0,2984914.0,False,vLH92_MN_60x-1xzoom_0003_XY1_Dapi-ex_Green-em.tif,242.3790740966797,243.0,3668892.0,263.0848388671875,263.0,1454333.0,230.4601593017578,232.0,2215183.0,228.18909443359377,287.14646137695314,194.2651747558594,233.72480000000002,284.7248,204.72480000000002,106.5214740966797,127.22723886718751,94.60255930175782,107.14240000000001,127.14240000000001,96.14240000000001,10mM 2DG,1h,yes,non-MN,2.1421886654186517,2.181440774147303,2.256957424633771,2.239416591160777,2.0534875186220223,2.1293914027525838
vLH92_MN_60x-1xzoom_0003_XY1_488.tif,7,29818,16098,13730,0.5398752431417265,346.1067199707031,0.07855362620284484,337.55517578125,345.0,10065220.0,400.6825866699219,399.0,5501372.0,283.63665771484375,292.0,4565983.0,False,vLH92_MN_60x-1xzoom_0003_XY1_Dapi-ex_Green-em.tif,249.35572814941406,252.0,7435289.0,272.7979736328125,272.0,3745516.0,229.33395385742188,231.0,3691818.0,221.27997578125002,284.4073866699219,167.36145771484377,228.72480000000002,282.7248,175.72480000000002,113.49812814941407,136.9403736328125,93.47635385742188,116.14240000000001,136.1424,95.14240000000001,10mM 2DG,1h,yes,non-MN,1.9496354643835803,1.9693479728333494,2.076870240127449,2.0766844127913124,1.7904149103859759,1.8469662316695816
vLH92_MN_60x-1xzoom_0003_XY1_488.tif,8,86125,47148,39071,0.5474368650217707,365.0122985839844,0.04236124610213876,359.3858642578125,364.0,30952108.0,394.4208679199219,394.0,15410418.0,330.239013671875,334.0,15570109.0,False,vLH92_MN_60x-1xzoom_0003_XY1_Dapi-ex_Green-em.tif,257.2374572753906,255.0,22154576.0,272.81134033203125,269.0,10659012.0,244.25201416015625,242.0,11515994.0,243.11066425781252,278.1456679199219,213.96381367187502,247.72480000000002,277.7248,217.72480000000002,121.37985727539063,136.95374033203126,108.39441416015626,119.14240000000001,133.1424,106.14240000000001,10mM 2DG,1h,yes,non-MN,2.002891333989914,2.0792329179200686,2.0309461227242447,2.0859230417958514,1.9739376362672763,2.051251903103755
vLH92_MN_60x-1xzoom_0003_XY1_488.tif,9,45477,26221,19272,0.5765771708775864,345.7756652832031,0.13973662644041396,345.263671875,346.0,15701556.0,398.7436218261719,397.0,7684587.0,305.8819580078125,313.0,8020531.0,False,vLH92_MN_60x-1xzoom_0003_XY1_Dapi-ex_Green-em.tif,239.19223022460938,240.0,10877745.0,259.0042419433594,258.0,4991530.0,224.60276794433594,225.0,5889309.0,228.98847187500002,282.4684218261719,189.60675800781252,229.72480000000002,280.7248,196.72480000000002,103.33463022460938,123.14664194335938,88.74516794433595,104.14240000000001,122.14240000000001,89.14240000000001,10mM 2DG,1h,yes,non-MN,2.215989657845274,2.2058719599317858,2.2937565926977665,2.2983402978818166,2.136530499629461,2.2068600351796674
vLH92_MN_60x-1xzoom_0003_XY2_488.tif,1,30187,15064,15127,0.49902275814092156,589.9039306640625,0.11304770200063612,567.7919921875,587.0,17139936.0,687.7019653320312,691.0,10402868.0,447.3244934082031,462.0,6738496.0,False,vLH92_MN_60x-1xzoom_0003_XY2_Dapi-ex_Green-em.tif,265.8196716308594,270.0,8024298.0,298.5176086425781,299.0,4515676.0,232.9755096435547,235.0,3509543.0,435.84799218750004,555.7579653320313,315.38049340820317,455.05600000000004,559.056,330.05600000000004,120.43887163085938,153.13680864257813,87.5947096435547,124.6192,153.6192,89.6192,10mM 2DG,1h,yes,non-MN,3.6188315805827025,3.65157214939592,3.6291599012564797,3.6392325959255096,3.6004513821846906,3.6828715275298154
vLH92_MN_60x-1xzoom_0003_XY2_488.tif,2,78504,30067,48445,0.38299959237745845,560.6087951660156,0.07473237037001508,572.2950439453125,562.0,44927452.0,641.551513671875,663.0,31079962.0,460.6388854980469,476.0,13850029.0,False,vLH92_MN_60x-1xzoom_0003_XY2_Dapi-ex_Green-em.tif,290.02392578125,287.0,22768038.0,312.35699462890625,315.0,15132135.0,254.018798828125,255.0,7637583.0,440.35104394531254,509.60751367187504,328.6948854980469,430.05600000000004,531.056,344.05600000000004,144.64312578125,166.97619462890626,108.637998828125,141.6192,169.6192,109.6192,10mM 2DG,1h,yes,non-MN,3.0443966249130585,3.0367068872017353,3.0519770486112985,3.1308719767573483,3.025597756251673,3.1386472442783746
vLH92_MN_60x-1xzoom_0003_XY2_488.tif,3,43863,19170,24693,0.43704260994460026,454.0376281738281,0.19780171790244047,457.4609069824219,455.0,20065608.0,509.0083312988281,517.0,12568943.0,391.0623474121094,403.0,7496665.0,False,vLH92_MN_60x-1xzoom_0003_XY2_Dapi-ex_Green-em.tif,283.27392578125,284.0,12425244.0,305.3542785644531,307.0,7540113.0,254.8320770263672,257.0,4885131.0,325.5169069824219,377.06433129882817,259.1183474121094,323.05600000000004,385.05600000000004,271.05600000000004,137.89312578125,159.97347856445313,109.4512770263672,138.6192,161.6192,111.6192,10mM 2DG,1h,yes,non-MN,2.360646371152782,2.3305285270727287,2.357042771604853,2.382489209202867,2.367431010875158,2.428399415154382
vLH92_MN_60x-1xzoom_0003_XY2_488.tif,4,11026,8185,2889,0.7423362960275712,343.0865936279297,0.19898079762981194,351.1869201660156,345.0,3872187.0,392.2921447753906,385.0,1133332.0,336.50006103515625,329.0,2754253.0,False,vLH92_MN_60x-1xzoom_0003_XY2_Dapi-ex_Green-em.tif,213.04470825195312,212.0,2349031.0,224.55624389648438,224.0,648743.0,208.87989807128906,207.0,1709682.0,219.24292016601564,260.34814477539067,204.55606103515626,213.056,253.056,197.056,67.66390825195313,79.17544389648438,63.49909807128907,66.6192,78.6192,61.619200000000006,10mM 2DG,1h,yes,non-MN,3.2401752400946653,3.1981170593462545,3.288243576073602,3.218755723792661,3.2214010473897687,3.19796427087661
vLH92_MN_60x-1xzoom_0003_XY2_488.tif,5,57851,28897,28990,0.4995073551018997,626.4686279296875,0.07308664079379393,619.982666015625,626.0,35866616.0,725.2532348632812,728.0,21025092.0,514.0166015625,532.0,14853537.0,False,vLH92_MN_60x-1xzoom_0003_XY2_Dapi-ex_Green-em.tif,298.60882568359375,299.0,17274820.0,327.3877868652344,327.0,9490972.0,269.6385498046875,272.0,7791745.0,488.03866601562504,593.3092348632813,382.07260156250004,494.05600000000004,596.056,400.05600000000004,153.22802568359376,182.00698686523438,124.2577498046875,153.6192,181.6192,126.6192,10mM 2DG,1h,yes,non-MN,3.185048321534823,3.2161084031162774,3.2598157086276713,3.281899711043766,3.0748392125485497,3.1595208309640244
vLH92_MN_60x-1xzoom_0003_XY3_488.tif,1,35366,17479,17889,0.49423174800655995,415.56884765625,0.10647282753218563,393.4314880371094,411.0,13914098.0,453.3192443847656,452.0,8109428.0,332.1230163574219,336.0,5805178.0,False,vLH92_MN_60x-1xzoom_0003_XY3_Dapi-ex_Green-em.tif,220.35240173339844,222.0,7792983.0,236.1248779296875,235.0,4224038.0,204.2052764892578,204.0,3569304.0,256.0762880371094,315.96404438476566,194.76781635742188,273.64480000000003,314.64480000000003,198.6448,75.62760173339845,91.40007792968751,59.480476489257825,77.27520000000001,90.27520000000001,59.27520000000001,10mM 2DG,1h,yes,non-MN,3.3860162449660454,3.541172329544278,3.4569340808202735,3.4853957676083795,3.2744831220811914,3.3512295192593187
vLH92_MN_60x-1xzoom_0003_XY3_488.tif,2,1933,1018,916,0.5266425245732023,268.5665283203125,0.17869151535543387,265.4154052734375,267.0,513048.0,288.3810119628906,288.0,264157.0,244.7279052734375,248.0,249133.0,False,vLH92_MN_60x-1xzoom_0003_XY3_Dapi-ex_Green-em.tif,187.8034210205078,188.0,363024.0,192.15283203125,192.0,176012.0,183.9076690673828,184.0,187218.0,128.0602052734375,151.02581196289063,107.3727052734375,129.6448,150.6448,110.6448,43.078621020507825,47.42803203125001,39.182869067382825,43.27520000000001,47.27520000000001,39.27520000000001,10mM 2DG,1h,yes,non-MN,2.9727090199213597,2.9958220874773533,3.1843153825859933,3.1865502419873413,2.740297171419187,2.8171670672587275
vLH92_MN_60x-1xzoom_0003_XY3_488.tif,3,18162,9173,8997,0.505065521418346,349.9516143798828,0.07013921478146862,337.6476135253906,348.0,6132356.0,393.0983581542969,392.0,3536706.0,283.17901611328125,287.0,2597601.0,False,vLH92_MN_60x-1xzoom_0003_XY3_Dapi-ex_Green-em.tif,212.0279083251953,213.0,3850851.0,224.43858337402344,224.0,2019274.0,199.83200073242188,200.0,1833059.0,200.29241352539063,255.74315815429688,145.82381611328125,210.6448,254.6448,149.6448,67.30310832519532,79.71378337402345,55.10720073242189,68.27520000000001,79.27520000000001,55.27520000000001,10mM 2DG,1h,yes,non-MN,2.97597567942356,3.085231533558305,3.2082677214595314,3.212162189436292,2.6461844219114354,2.7072683590470947
vLH92_MN_60x-1xzoom_0003_XY3_488.tif,4,88867,48140,40734,0.5417083956924392,465.5115661621094,0.06774270891255046,462.6318054199219,466.0,41112700.0,555.7236328125,552.0,22636846.0,383.8272399902344,397.0,18477444.0,False,vLH92_MN_60x-1xzoom_0003_XY3_Dapi-ex_Green-em.tif,239.3544921875,240.0,21270716.0,261.8466491699219,261.0,10666061.0,220.3129425048828,222.0,10605865.0,325.2766054199219,418.36843281250003,246.47203999023438,328.64480000000003,414.64480000000003,259.64480000000003,94.62969218750001,117.12184916992189,75.58814250488282,95.27520000000001,116.27520000000001,77.27520000000001,10mM 2DG,1h,yes,non-MN,3.437363029517377,3.4494265034342617,3.5720784446079374,3.5660639586085425,3.2607235979414737,3.360001656417583
vLH92_MN_60x-1xzoom_0003_XY3_488.tif,5,83090,37574,45576,0.4522084486701167,447.42539978027344,0.04685189999489845,436.7582092285156,445.0,36290240.0,481.6434020996094,486.0,21951380.0,382.0575866699219,391.0,14355432.0,False,vLH92_MN_60x-1xzoom_0003_XY3_Dapi-ex_Green-em.tif,233.042724609375,234.0,19363520.0,244.68104553222656,245.0,11151583.0,218.86219787597656,220.0,8223528.0,299.40300922851566,344.2882020996094,244.70238666992188,307.64480000000003,348.64480000000003,253.6448,88.31792460937501,99.95624553222657,74.13739787597657,89.27520000000001,100.27520000000001,75.27520000000001,10mM 2DG,1h,yes,non-MN,3.3900593854844026,3.4460275642059606,3.4443890951127067,3.4768796272657645,3.300660579958324,3.3695666036091563
vLH92_MN_60x-1xzoom_0003_XY4_488.tif,1,163440,0,163440,0.0,343.4802703857422,,349.6078186035156,343.0,57139900.0,349.6078186035156,343.0,57139900.0,,,,True,vLH92_MN_60x-1xzoom_0003_XY4_Dapi-ex_Green-em.tif,222.0186004638672,217.0,36286720.0,222.0186004638672,217.0,36286720.0,,,,203.1166186035156,203.1166186035156,,196.50879999999998,196.50879999999998,,75.6490004638672,75.6490004638672,,70.63040000000001,70.63040000000001,,10mM 2DG,1h,yes,non-MN,2.6849874731726526,2.7822127582457408,2.6849874731726526,2.7822127582457408,,
vLH92_MN_60x-1xzoom_0003_XY5_488.tif,1,8485,4290,4195,0.5055981143193872,673.5689697265625,0.15447322912294933,749.942626953125,670.0,6363263.0,933.8624267578125,968.0,3917553.0,570.0955810546875,572.0,2445710.0,False,vLH92_MN_60x-1xzoom_0003_XY5_Dapi-ex_Green-em.tif,320.4605712890625,307.0,2719108.0,362.1852111816406,362.0,1519367.0,279.659912109375,277.0,1199741.0,607.635426953125,791.5552267578125,427.78838105468753,527.6928,825.6928,429.69280000000003,180.0333712890625,221.75801118164063,139.232712109375,166.5728,221.5728,136.5728,10mM 2DG,1h,yes,non-MN,3.375126636813919,3.167940984362393,3.5694549321578037,3.726507946823798,3.072470359685561,3.146254598280185
vLH92_MN_60x-1xzoom_0003_XY5_488.tif,2,8205,3687,4518,0.4493601462522852,545.4166259765625,0.6879155189732195,605.4270629882812,533.0,4967529.0,781.1117553710938,787.0,3529063.0,390.1453857421875,380.0,1438466.0,False,vLH92_MN_60x-1xzoom_0003_XY5_Dapi-ex_Green-em.tif,303.3037109375,298.0,2488607.0,337.83575439453125,342.0,1526342.0,260.9886169433594,253.0,962265.0,463.1198629882813,638.8045553710938,247.8381857421875,390.69280000000003,644.6928,237.6928,162.8765109375,197.40855439453125,120.56141694335938,157.5728,201.5728,112.5728,10mM 2DG,1h,yes,non-MN,2.8433803027988027,2.4794431526253264,3.235951741454981,3.198312470730178,2.055700671290415,2.1114585406066118
vLH92_MN_60x-1xzoom_0003_XY5_488.tif,3,5202,2664,2539,0.5121107266435986,808.7182312011719,0.16486494882217473,846.9644165039062,811.0,4405909.0,1076.5115966796875,1049.0,2733263.0,628.0172729492188,642.0,1673038.0,False,vLH92_MN_60x-1xzoom_0003_XY5_Dapi-ex_Green-em.tif,354.1924133300781,327.0,1842509.0,413.8798828125,407.0,1050841.0,297.27777099609375,295.0,791948.0,704.6572165039063,934.2043966796875,485.7100729492188,668.6928,906.6928,499.69280000000003,213.76521333007813,273.45268281250003,156.85057099609375,186.5728,266.57280000000003,154.5728,10mM 2DG,1h,yes,non-MN,3.2964073317946,3.5840851399560925,3.4163292423071567,3.401295255930087,3.0966420451304257,3.232734349122226
vLH92_MN_60x-1xzoom_0003_XY5_488.tif,4,5266,2620,2650,0.49753133308013675,570.27685546875,0.19514696861358635,606.7835083007812,571.0,3195322.0,702.0203857421875,673.0,1860354.0,510.298095703125,519.0,1336981.0,False,vLH92_MN_60x-1xzoom_0003_XY5_Dapi-ex_Green-em.tif,308.916259765625,301.0,1626753.0,332.03924560546875,323.0,879904.0,285.52252197265625,285.0,748069.0,464.4763083007813,559.7131857421875,367.99089570312503,428.69280000000003,530.6928,376.69280000000003,168.489059765625,191.61204560546875,145.09532197265625,160.5728,182.5728,144.5728,10mM 2DG,1h,yes,non-MN,2.75671494010879,2.6697722154686225,2.9210751546102847,2.906746240403828,2.5362009656829203,2.605557891940946
vLH92_MN_60x-1xzoom_0003_XY5_488.tif,5,5568,2942,2626,0.5283764367816092,765.4793701171875,0.20705178018127857,831.2993774414062,757.0,4628675.0,1027.6553955078125,1026.5,2698623.0,656.0339965820312,660.0,1930052.0,False,vLH92_MN_60x-1xzoom_0003_XY5_Dapi-ex_Green-em.tif,377.5274658203125,358.0,2102073.0,429.56817626953125,423.0,1128046.0,331.07647705078125,326.0,974027.0,688.9921774414063,885.3481955078125,513.7267965820313,614.6928,884.1928,517.6928,237.1002658203125,289.1409762695313,190.64927705078125,217.5728,282.57280000000003,185.5728,10mM 2DG,1h,yes,non-MN,2.9059106073021534,2.82522815351919,3.061994902730456,3.1290796566406955,2.6946170713524147,2.7897019390772786
vLH92_MN_60x-1xzoom_0003_XY5_488.tif,6,8449,3778,4671,0.44715350929104036,666.6390380859375,0.5400632381167003,713.8709716796875,664.0,6031496.0,833.6112060546875,833.0,3893798.0,565.8279418945312,568.0,2137698.0,False,vLH92_MN_60x-1xzoom_0003_XY5_Dapi-ex_Green-em.tif,321.8882751464844,314.0,2719634.0,347.7724304199219,347.0,1624445.0,289.88592529296875,286.0,1095189.0,571.5637716796875,691.3040060546875,423.5207418945313,521.6928,690.6928,425.69280000000003,181.46107514648438,207.34523041992188,149.45872529296875,173.5728,206.5728,145.5728,10mM 2DG,1h,yes,non-MN,3.1497871993665467,3.005613782804679,3.334072380901348,3.343580568206463,2.8336970027299953,2.924260576151589
vLH92_MN_60x-1xzoom_0003_XY5_488.tif,7,8195,2847,5348,0.34740695546064676,705.5416870117188,0.4635682402209629,738.6517333984375,703.0,6053251.0,826.3883666992188,849.0,4419525.0,573.8412475585938,564.0,1633726.0,False,vLH92_MN_60x-1xzoom_0003_XY5_Dapi-ex_Green-em.tif,332.82440185546875,324.0,2727496.0,362.6258544921875,360.0,1939323.0,276.8433532714844,274.0,788173.0,596.3445333984375,684.0811666992188,431.5340475585938,560.6928,706.6928,421.69280000000003,192.39720185546875,222.1986544921875,136.41615327148438,183.5728,219.5728,133.5728,10mM 2DG,1h,yes,non-MN,3.099548889730835,3.054334846992583,3.0786917601396686,3.2184897218599025,3.1633647277810986,3.157025981337518
vLH92_MN_60x-1xzoom_0003_XY5_488.tif,8,9751,4446,5306,0.45595323556558304,820.8071899414062,0.20548957517579133,875.6900024414062,823.0,8538853.0,1049.896728515625,1082.0,5570752.0,667.691650390625,678.0,2968557.0,False,vLH92_MN_60x-1xzoom_0003_XY5_Dapi-ex_Green-em.tif,358.6318359375,350.0,3497019.0,393.7806396484375,389.0,2089400.0,316.66082763671875,316.0,1407874.0,733.3828024414063,907.589528515625,525.384450390625,680.6928,939.6928,535.6928,218.2046359375,253.3534396484375,176.23362763671875,209.5728,248.5728,175.5728,10mM 2DG,1h,yes,non-MN,3.360986347931984,3.2480016490689634,3.5823059271467934,3.7803524762162235,2.981181613497921,3.051114979085599
vLH92_MN_60x-1xzoom_0003_XY5_488.tif,9,6392,2896,3496,0.4530663329161452,794.03662109375,0.2619764863184665,840.707275390625,788.0,5373801.0,1009.2611694335938,1046.5,3528377.0,637.2320556640625,633.0,1845424.0,False,vLH92_MN_60x-1xzoom_0003_XY5_Dapi-ex_Green-em.tif,372.21026611328125,358.5,2379168.0,419.6764831542969,423.0,1467189.0,314.9098815917969,308.0,911979.0,698.400075390625,866.9539694335938,494.92485566406253,645.6928,904.1928,490.69280000000003,231.78306611328125,279.2492831542969,174.48268159179688,218.0728,282.57280000000003,167.5728,10mM 2DG,1h,yes,non-MN,3.0131626399716804,2.9609047987644495,3.1045879854759213,3.19985787733285,2.8365271048615686,2.9282365634518253
vLH92_MN_60x-1xzoom_0003_XY5_488.tif,10,7882,3430,4452,0.4351687388987567,658.958251953125,0.46133394221338575,702.3382568359375,653.0,5535830.0,899.1947631835938,836.0,4003215.0,446.8265380859375,431.0,1532615.0,False,vLH92_MN_60x-1xzoom_0003_XY5_Dapi-ex_Green-em.tif,337.7618713378906,324.0,2662239.0,369.2091064453125,361.0,1643719.0,296.9446105957031,292.0,1018520.0,560.0310568359375,756.8875631835938,304.51933808593753,510.69280000000003,693.6928,288.69280000000003,197.33467133789063,228.7819064453125,156.51741059570313,183.5728,220.5728,151.5728,10mM 2DG,1h,yes,non-MN,2.837975977759185,2.7819633409742623,3.308336637908551,3.1449607567206836,1.9455940200322832,1.9046477996052065
vLH92_MN_60x-1xzoom_0004_XY01_488.tif,1,531,269,262,0.5065913370998116,196.7580108642578,0.7219625549283298,199.1073455810547,197.0,105726.0,211.27099609375,209.0,55353.0,187.26022338867188,187.0,50373.0,False,vLH92_MN_60x-1xzoom_0004_XY01_Dapi-ex_Green-em.tif,243.01318359375,231.0,129040.0,274.82061767578125,265.5,72003.0,212.03346252441406,212.0,57037.0,55.52494558105468,67.68859609375,43.67782338867187,53.41759999999999,65.4176,43.41759999999999,101.47078359375001,133.27821767578126,70.49106252441408,89.45760000000001,123.95760000000001,70.45760000000001,2mM 2DG,1h,yes,MN,0.5472013087368597,0.5971275777575072,0.5078744094433525,0.5277417439511574,0.6196221453399765,0.616223090198928
vLH92_MN_60x-1xzoom_0004_XY01_488.tif,2,2650,1443,1208,0.5445283018867925,318.1422576904297,0.29969859245391356,322.63055419921875,320.0,854971.0,341.4329528808594,339.0,412451.0,306.8641662597656,309.0,442805.0,False,vLH92_MN_60x-1xzoom_0004_XY01_Dapi-ex_Green-em.tif,275.434326171875,268.0,729901.0,271.8377380371094,264.0,328380.0,278.4358825683594,270.0,401783.0,179.04815419921874,197.85055288085937,163.28176625976562,176.4176,195.4176,165.4176,133.891926171875,130.2953380371094,136.8934825683594,126.45760000000001,122.45760000000001,128.4576,2mM 2DG,1h,yes,MN,1.3372587826496527,1.3950731312313374,1.518477605273257,1.5957980558168703,1.1927650841830906,1.2877213960092666
vLH92_MN_60x-1xzoom_0004_XY01_488.tif,3,1632,1020,612,0.625,222.55372619628906,0.640728639762685,225.2322235107422,223.0,367579.0,236.62091064453125,234.0,144812.0,218.39901733398438,218.5,222767.0,False,vLH92_MN_60x-1xzoom_0004_XY01_Dapi-ex_Green-em.tif,202.28492736816406,201.0,330129.0,209.9264678955078,208.0,128475.0,197.6999969482422,197.0,201654.0,81.64982351074218,93.03851064453124,74.81661733398437,79.4176,90.4176,74.9176,60.742527368164076,68.38406789550783,56.1575969482422,59.45760000000001,66.45760000000001,55.45760000000001,2mM 2DG,1h,yes,MN,1.3441953611159072,1.335701407389467,1.3605290458399737,1.3605306240369797,1.3322617312656613,1.350898704595943
vLH92_MN_60x-1xzoom_0004_XY01_488.tif,4,3055,1307,1748,0.427823240589198,304.7639465332031,0.7880365936430589,293.7793884277344,300.0,897496.0,327.85296630859375,327.0,573087.0,248.20887756347656,241.0,324409.0,False,vLH92_MN_60x-1xzoom_0004_XY01_Dapi-ex_Green-em.tif,282.8235778808594,263.0,864026.0,320.3706970214844,290.0,560008.0,232.6074981689453,224.0,304018.0,150.19698842773437,184.27056630859374,104.62647756347656,156.4176,183.4176,97.4176,141.2811778808594,178.8282970214844,91.06509816894533,121.45760000000001,148.4576,82.45760000000001,2mM 2DG,1h,yes,MN,1.063106853160536,1.2878370723610542,1.0304329313523324,1.2354881124307544,1.1489196153873569,1.1814265755976403
vLH92_MN_60x-1xzoom_0004_XY01_488.tif,5,2262,1184,1078,0.5234305923961097,247.95684814453125,0.3490828022396805,265.7121887207031,251.0,601041.0,298.41558837890625,291.0,321692.0,235.93666076660156,235.0,279349.0,False,vLH92_MN_60x-1xzoom_0004_XY01_Dapi-ex_Green-em.tif,238.50839233398438,213.0,539506.0,279.65863037109375,246.0,301472.0,201.042236328125,200.0,238034.0,122.12978872070312,154.83318837890624,92.35426076660156,107.4176,147.4176,91.4176,96.96599233398439,138.11623037109376,59.49983632812501,71.45760000000001,104.45760000000001,58.45760000000001,2mM 2DG,1h,yes,MN,1.2595115646323292,1.5032354850988554,1.121035434886233,1.4112673467512176,1.5521767195676563,1.5638274578497915
vLH92_MN_60x-1xzoom_0004_XY01_488.tif,6,3089,1522,1567,0.492716089349304,346.7501525878906,0.596246472143543,385.752685546875,349.0,1191590.0,474.23931884765625,489.0,743133.0,294.6498107910156,290.0,448457.0,False,vLH92_MN_60x-1xzoom_0004_XY01_Dapi-ex_Green-em.tif,312.884765625,261.0,966501.0,391.0274353027344,349.0,612740.0,232.43167114257812,231.0,353761.0,242.170285546875,330.65691884765624,151.06741079101562,205.4176,345.4176,146.4176,171.342365625,249.4850353027344,90.88927114257814,119.45760000000001,207.4576,89.45760000000001,2mM 2DG,1h,yes,MN,1.4133707367907422,1.719585861426983,1.3253577251494257,1.6650033549023993,1.6621038863215873,1.6367262256085562
vLH92_MN_60x-1xzoom_0004_XY01_488.tif,7,793,460,333,0.5800756620428752,200.52340698242188,0.35212809177182935,200.442626953125,199.0,158951.0,208.76275634765625,208.0,69518.0,194.41957092285156,193.0,89433.0,False,vLH92_MN_60x-1xzoom_0004_XY01_Dapi-ex_Green-em.tif,265.0063171386719,257.0,210150.0,295.00299072265625,288.0,98236.0,243.2913055419922,242.5,111914.0,56.86022695312499,65.18035634765624,50.837170922851556,55.41759999999999,64.4176,49.41759999999999,123.46391713867189,153.46059072265626,101.7489055419922,115.45760000000001,146.4576,100.95760000000001,2mM 2DG,1h,yes,MN,0.4605412518157906,0.4799822618866145,0.42473677470363924,0.4398378779933577,0.4996335896887937,0.48948865662416685
vLH92_MN_60x-1xzoom_0004_XY01_488.tif,8,3084,1382,1702,0.4481193255512322,553.7842712402344,0.5757210125058991,585.8787231445312,560.0,1806850.0,699.1380615234375,726.0,1189933.0,446.39434814453125,445.0,616917.0,False,vLH92_MN_60x-1xzoom_0004_XY01_Dapi-ex_Green-em.tif,318.5927429199219,287.5,982540.0,383.7003479003906,353.0,653058.0,238.4095458984375,237.0,329482.0,442.29632314453124,555.5556615234375,302.81194814453124,416.4176,582.4176,301.4176,177.0503429199219,242.15794790039064,96.86714589843751,145.9576,211.4576,95.45760000000001,2mM 2DG,1h,yes,MN,2.4981387544929947,2.853003886060061,2.2941871879091082,2.7542996799358357,3.1260541986239696,3.1576071470474845
vLH92_MN_60x-1xzoom_0004_XY02_488.tif,1,613,315,298,0.5138662316476346,268.6128845214844,0.37879375318455727,273.8172912597656,269.0,167850.0,295.3825378417969,289.0,88024.0,253.41587829589844,253.0,79826.0,False,vLH92_MN_60x-1xzoom_0004_XY02_Dapi-ex_Green-em.tif,375.2496032714844,371.0,230028.0,385.2348937988281,380.0,114800.0,365.80316162109375,365.0,115228.0,127.78689125976564,149.3521378417969,107.38547829589845,122.96960000000001,142.9696,106.96960000000001,232.8400032714844,242.82529379882814,223.39356162109377,228.59040000000002,237.59040000000002,222.59040000000002,2mM 2DG,1h,yes,MN,0.5488184567269998,0.5379473503699194,0.6150600520451945,0.6017482187832505,0.48070086495169007,0.4805669966000331
vLH92_MN_60x-1xzoom_0004_XY02_488.tif,2,4050,1829,2221,0.4516049382716049,427.1240539550781,0.799227720989121,428.0145568847656,439.0,1733459.0,506.0900573730469,514.0,1124026.0,333.20556640625,323.0,609433.0,False,vLH92_MN_60x-1xzoom_0004_XY02_Dapi-ex_Green-em.tif,251.2563018798828,246.0,1017588.0,281.572265625,275.0,625372.0,214.44287109375,212.0,392216.0,281.98415688476564,360.0596573730469,187.17516640625,292.9696,367.9696,176.9696,108.84670187988283,139.16266562500002,72.03327109375002,103.59040000000002,132.59040000000002,69.59040000000002,2mM 2DG,1h,yes,MN,2.5906541219406694,2.828153960212529,2.5873294087603593,2.775235612834715,2.598454347056444,2.5430174276911752
vLH92_MN_60x-1xzoom_0004_XY02_488.tif,3,1421,785,636,0.5524278676988037,237.70542907714844,0.45956500691145513,251.20266723632812,242.0,356959.0,277.460693359375,268.0,176465.0,229.9286651611328,229.0,180494.0,False,vLH92_MN_60x-1xzoom_0004_XY02_Dapi-ex_Green-em.tif,297.9169616699219,294.0,423340.0,305.0675964355469,296.0,194023.0,292.1235656738281,292.0,229317.0,105.17226723632814,131.430293359375,83.89826516113283,95.96960000000001,121.96960000000001,82.96960000000001,155.5073616699219,162.6579964355469,149.71396567382814,151.59040000000002,153.59040000000002,149.59040000000002,2mM 2DG,1h,yes,MN,0.6763169672929412,0.6330849446930676,0.8080161826624624,0.7941225493259996,0.5603903736269761,0.5546452178749439
vLH92_MN_60x-1xzoom_0004_XY02_488.tif,4,3260,1161,2099,0.35613496932515337,733.9882507324219,0.3097597669539392,678.787109375,741.0,2212846.0,800.88134765625,839.0,1681050.0,458.0499572753906,420.0,531796.0,False,vLH92_MN_60x-1xzoom_0004_XY02_Dapi-ex_Green-em.tif,326.2705383300781,337.0,1063642.0,361.1072082519531,356.0,757964.0,263.2885437011719,247.0,305678.0,532.756709375,654.85094765625,312.01955727539064,594.9696,692.9696,273.9696,183.86093833007814,218.69760825195314,120.87894370117189,194.59040000000002,213.59040000000002,104.59040000000002,2mM 2DG,1h,yes,MN,2.8976068229270284,3.057548573824813,2.9943214875117485,3.244385515453878,2.5812564845598143,2.619452645749514
vLH92_MN_60x-1xzoom_0004_XY02_488.tif,5,5470,2548,2923,0.46581352833638023,319.21473693847656,0.44153412479842075,306.7186584472656,312.0,1677751.0,339.9688720703125,337.0,993729.0,268.571044921875,262.0,684319.0,False,vLH92_MN_60x-1xzoom_0004_XY02_Dapi-ex_Green-em.tif,267.6720275878906,252.0,1464166.0,311.17926025390625,291.0,909577.0,217.75157165527344,207.0,554831.0,160.68825844726564,193.9384720703125,122.54064492187501,165.9696,190.9696,115.96960000000001,125.26242758789064,168.76966025390627,75.34197165527345,109.59040000000002,148.59040000000002,64.59040000000002,2mM 2DG,1h,yes,MN,1.2828129036100502,1.5144538207726224,1.149131139913068,1.2852081964918325,1.62645922624057,1.7954618643018154
vLH92_MN_60x-1xzoom_0004_XY02_488.tif,6,2301,1231,1070,0.5349847892220774,224.07733154296875,0.6058713980717279,232.1725311279297,227.0,534229.0,248.4691619873047,242.0,265862.0,218.00730895996094,218.0,268367.0,False,vLH92_MN_60x-1xzoom_0004_XY02_Dapi-ex_Green-em.tif,220.81573486328125,215.0,508097.0,235.03831481933594,227.0,251491.0,208.4532928466797,208.0,256606.0,86.1421311279297,102.4387619873047,71.97690895996095,80.96960000000001,95.96960000000001,71.96960000000001,78.40613486328127,92.62871481933595,66.0436928466797,72.59040000000002,84.59040000000002,65.59040000000002,2mM 2DG,1h,yes,MN,1.098665701072217,1.115431241596685,1.105907192894799,1.1345211749796666,1.089837740101166,1.0972581353368784
vLH92_MN_60x-1xzoom_0004_XY02_488.tif,7,4916,2236,2680,0.4548413344182262,378.9895782470703,0.7613640291486076,436.1952819824219,383.0,2144336.0,530.3261108398438,560.0,1421274.0,323.37298583984375,324.0,723062.0,False,vLH92_MN_60x-1xzoom_0004_XY02_Dapi-ex_Green-em.tif,310.9855651855469,266.0,1528805.0,373.8959045410156,365.0,1002041.0,235.58319091796875,235.0,526764.0,290.1648819824219,384.29571083984376,177.34258583984376,236.9696,413.9696,177.9696,168.5759651855469,231.48630454101564,93.17359091796877,123.59040000000002,222.59040000000002,92.59040000000002,2mM 2DG,1h,yes,MN,1.7212707734643278,1.9173786960799544,1.6601228811432893,1.8597819133260014,1.903356778381317,1.9221171957351948
vLH92_MN_60x-1xzoom_0004_XY02_488.tif,8,561,356,205,0.6345811051693404,208.56410217285156,0.36115790448214474,211.1568603515625,207.0,118459.0,228.52195739746094,223.0,46847.0,201.1573028564453,200.0,71612.0,False,vLH92_MN_60x-1xzoom_0004_XY02_Dapi-ex_Green-em.tif,266.9429626464844,254.0,149755.0,309.8536682128906,287.0,63520.0,242.23313903808594,238.0,86235.0,65.12646035156251,82.49155739746095,55.12690285644533,60.969600000000014,76.96960000000001,53.969600000000014,124.53336264648439,167.44406821289064,99.82353903808595,111.59040000000002,144.59040000000002,95.59040000000002,2mM 2DG,1h,yes,MN,0.522963958954826,0.5463695801789402,0.4926514165469276,0.5323285639987164,0.5522435227968887,0.5645922603106589
vLH92_MN_60x-1xzoom_0004_XY02_488.tif,9,500,396,104,0.792,198.0448226928711,0.7196731892790865,200.63800048828125,198.0,100319.0,213.58653259277344,207.5,22213.0,197.2373809814453,196.0,78106.0,False,vLH92_MN_60x-1xzoom_0004_XY02_Dapi-ex_Green-em.tif,253.88400268554688,251.0,126942.0,269.19232177734375,261.0,27996.0,249.86363220214844,249.5,98946.0,54.607600488281264,67.55613259277345,51.20698098144533,51.969600000000014,61.469600000000014,49.969600000000014,111.47440268554689,126.78272177734377,107.45403220214845,108.59040000000002,118.59040000000002,107.09040000000002,2mM 2DG,1h,yes,MN,0.48986672431267814,0.47858374220925615,0.532849678928772,0.5183353795922774,0.4765477844992539,0.4666113862680502
vLH92_MN_60x-1xzoom_0004_XY02_488.tif,10,144,36,110,0.25,205.22002410888672,1.0529332270693823,206.96527099609375,204.0,29803.0,213.5272674560547,210.0,23488.0,185.77777099609375,187.0,6688.0,False,vLH92_MN_60x-1xzoom_0004_XY02_Dapi-ex_Green-em.tif,305.6875,300.0,44019.0,318.8636474609375,312.5,35075.0,261.6666564941406,256.5,9420.0,60.934870996093764,67.4968674560547,39.747370996093764,57.969600000000014,63.969600000000014,40.969600000000014,163.27790000000002,176.45404746093752,119.25705649414064,157.59040000000002,170.09040000000002,114.09040000000002,2mM 2DG,1h,yes,MN,0.37319729734455037,0.3678498182630415,0.3825181027428504,0.37609177237516056,0.33329156499889495,0.35909769796582364
vLH92_MN_60x-1xzoom_0004_XY02_488.tif,11,776,393,383,0.5064432989690721,192.74851989746094,0.5465919475016721,193.28736877441406,191.0,149991.0,204.94256591796875,203.0,78493.0,181.9287567138672,182.0,71498.0,False,vLH92_MN_60x-1xzoom_0004_XY02_Dapi-ex_Green-em.tif,251.523193359375,246.0,195182.0,282.4386291503906,273.0,108174.0,221.3944091796875,222.0,87008.0,47.25696877441408,58.912165917968764,35.8983567138672,44.969600000000014,56.969600000000014,35.969600000000014,109.11359335937502,140.02902915039064,78.98480917968752,103.59040000000002,130.59040000000002,79.59040000000002,2mM 2DG,1h,yes,MN,0.4330988222408658,0.43410972445323126,0.4207139496389518,0.4362464622208065,0.4544969733635713,0.45193390157606955
vLH92_MN_60x-1xzoom_0004_XY02_488.tif,12,1391,731,660,0.5255212077641984,194.64894104003906,0.6365920678292729,198.1725311279297,194.0,275658.0,215.30455017089844,211.0,142101.0,182.7045135498047,182.0,133557.0,False,vLH92_MN_60x-1xzoom_0004_XY02_Dapi-ex_Green-em.tif,269.8971862792969,258.0,375427.0,311.1408996582031,292.0,205353.0,232.6593780517578,231.0,170074.0,52.1421311279297,69.27415017089845,36.6741135498047,47.969600000000014,64.96960000000001,35.969600000000014,127.48758627929689,168.73129965820314,90.24977805175783,115.59040000000002,149.59040000000002,88.59040000000002,2mM 2DG,1h,yes,MN,0.4089977122454724,0.4149964010852113,0.41055897934305147,0.4343166406400411,0.40636236832374556,0.4060214199281187
vLH92_MN_60x-1xzoom_0004_XY03_488.tif,1,364,166,201,0.45604395604395603,238.61576080322266,0.5102199067915458,243.81593322753906,238.0,88749.0,256.2686462402344,252.0,51510.0,228.40963745117188,229.0,37916.0,False,vLH92_MN_60x-1xzoom_0004_XY03_Dapi-ex_Green-em.tif,334.55767822265625,331.0,121779.0,349.84576416015625,347.0,70319.0,315.8072204589844,315.5,52424.0,100.29593322753905,112.74864624023436,84.88963745117186,94.47999999999999,108.47999999999999,85.47999999999999,193.90167822265624,209.18976416015624,175.15122045898437,190.344,206.344,174.844,2mM 2DG,1h,yes,MN,0.5172514964639439,0.4963644769470012,0.5389778352343937,0.5257240336525414,0.4846648354988237,0.4888929560064972
vLH92_MN_60x-1xzoom_0004_XY03_488.tif,2,811,506,305,0.623921085080148,240.10488891601562,0.40949950634310334,252.54254150390625,243.0,204812.0,283.05902099609375,274.0,86333.0,234.14822387695312,232.0,118479.0,False,vLH92_MN_60x-1xzoom_0004_XY03_Dapi-ex_Green-em.tif,299.1812438964844,295.0,242636.0,293.29180908203125,292.0,89454.0,302.7312316894531,299.0,153182.0,109.02254150390624,139.53902099609374,90.62822387695311,99.47999999999999,130.48,88.47999999999999,158.52524389648437,152.63580908203124,162.07523168945312,154.344,151.344,158.344,2mM 2DG,1h,yes,MN,0.6877298455701921,0.6445342870471155,0.9141958354025634,0.8621418754625224,0.5591738042405072,0.558783408275653
vLH92_MN_60x-1xzoom_0004_XY03_488.tif,3,3957,1913,2044,0.4834470558503917,495.56549072265625,0.7978509822677569,526.740478515625,508.0,2084312.0,668.9540405273438,684.0,1367342.0,374.7882995605469,367.0,716970.0,False,vLH92_MN_60x-1xzoom_0004_XY03_Dapi-ex_Green-em.tif,278.3158874511719,256.0,1101296.0,334.65411376953125,321.0,684033.0,218.1197052001953,215.0,417263.0,383.220478515625,525.4340405273438,231.26829956054686,364.48,540.48,223.48,137.65988745117187,193.99811376953124,77.4637052001953,115.344,180.344,74.344,2mM 2DG,1h,yes,MN,2.7838209489423984,3.1599389651824112,2.7084492231277912,2.9969391828949123,2.985505262921038,3.006026041106209
vLH92_MN_60x-1xzoom_0004_XY03_488.tif,4,4478,1723,2755,0.38476998660116124,258.9933319091797,0.7700628692179846,262.45892333984375,258.0,1175291.0,285.1477355957031,282.0,785582.0,226.1804962158203,225.0,389709.0,False,vLH92_MN_60x-1xzoom_0004_XY03_Dapi-ex_Green-em.tif,243.9285430908203,230.0,1092312.0,266.0660705566406,254.0,733012.0,208.53163146972656,208.0,359300.0,118.93892333984374,141.62773559570311,82.6604962158203,114.47999999999999,138.48,81.47999999999999,103.2725430908203,125.41007055664062,67.87563146972656,89.344,113.344,67.344,2mM 2DG,1h,yes,MN,1.1516993750724822,1.281339541547278,1.129317087272811,1.221767363071711,1.2178228684721408,1.2099073414112615
vLH92_MN_60x-1xzoom_0004_XY03_488.tif,5,6416,4498,1918,0.7010598503740648,520.7347717285156,0.24127535075233353,490.30657958984375,517.0,3145807.0,566.8529663085938,565.0,1087224.0,457.6662902832031,487.5,2058583.0,False,vLH92_MN_60x-1xzoom_0004_XY03_Dapi-ex_Green-em.tif,263.6103515625,260.0,1691324.0,295.9342956542969,285.0,567602.0,249.82704162597656,246.0,1123722.0,346.78657958984377,423.33296630859377,314.14629028320314,373.48,421.48,343.98,122.9543515625,155.27829565429687,109.17104162597656,119.344,144.344,105.344,2mM 2DG,1h,yes,MN,2.820449826971481,3.1294409438262503,2.7262855025861388,2.919968963032755,2.8775606205121527,3.2653022478736333
vLH92_MN_60x-1xzoom_0004_XY03_488.tif,6,3050,1521,1529,0.49868852459016394,364.05430603027344,0.7935572386590348,400.8455810546875,368.0,1222579.0,470.00262451171875,473.0,718634.0,331.3247985839844,332.0,503945.0,False,vLH92_MN_60x-1xzoom_0004_XY03_Dapi-ex_Green-em.tif,227.56655883789062,212.0,694078.0,254.30673217773438,238.0,388835.0,200.68572998046875,201.0,305243.0,257.3255810546875,326.48262451171877,187.80479858398436,224.48,329.48,188.48,86.91055883789062,113.65073217773437,60.029729980468744,71.344,97.344,60.343999999999994,2mM 2DG,1h,yes,MN,2.960809187001806,3.1464453913433506,2.872683864465951,3.3846975673898756,3.128529790906747,3.123425692695214
vLH92_MN_60x-1xzoom_0004_XY04_488.tif,1,3401,1779,1622,0.5230814466333431,275.1689147949219,0.4812859170837299,316.1908264160156,276.0,1075365.0,387.33477783203125,356.0,628257.0,251.32546997070312,252.0,447108.0,False,vLH92_MN_60x-1xzoom_0004_XY04_Dapi-ex_Green-em.tif,246.86239624023438,229.0,839579.0,277.0271301269531,258.0,449338.0,219.35975646972656,215.0,390241.0,171.55402641601563,242.69797783203126,106.68866997070313,131.3632,211.3632,107.3632,104.33119624023436,134.4959301269531,76.82855646972655,86.46879999999999,115.46879999999999,72.46879999999999,2mM 2DG,1h,yes,MN,1.6443214742884105,1.519197675924727,1.8045005347220864,1.83047888260725,1.388659046493248,1.4815092839953197
vLH92_MN_60x-1xzoom_0004_XY04_488.tif,2,4076,2083,1994,0.5110402355250245,340.79742431640625,0.10329381806162813,331.8780517578125,336.0,1352735.0,362.657958984375,357.0,723140.0,302.386474609375,307.0,629871.0,False,vLH92_MN_60x-1xzoom_0004_XY04_Dapi-ex_Green-em.tif,243.99559020996094,239.0,994526.0,259.3375244140625,251.0,517119.0,229.32501220703125,225.0,477684.0,187.2412517578125,218.021158984375,157.749674609375,191.3632,212.3632,162.3632,101.46439020996092,116.80632441406249,86.79381220703124,96.46879999999999,108.46879999999999,82.46879999999999,2mM 2DG,1h,yes,MN,1.8453888242993721,1.9836796974773194,1.8665184447677656,1.957827504314605,1.8175221320281583,1.9687833459441635
vLH92_MN_60x-1xzoom_0004_XY04_488.tif,3,4497,2218,2280,0.49321770068934845,633.6276245117188,0.12567403440396052,630.9844360351562,633.0,2837537.0,845.9329223632812,846.0,1928727.0,409.89404296875,395.5,909145.0,False,vLH92_MN_60x-1xzoom_0004_XY04_Dapi-ex_Green-em.tif,377.00555419921875,368.0,1695394.0,451.4443054199219,441.0,1029293.0,300.426513671875,292.0,666346.0,486.34763603515626,701.2961223632813,265.25724296875,488.3632,701.3632,250.8632,234.47435419921874,308.91310541992186,157.895313671875,225.4688,298.4688,149.4688,2mM 2DG,1h,yes,MN,2.074203968686213,2.165990150300175,2.2702051484995187,2.349871075301673,1.67995640149261,1.6783649831938172
vLH92_MN_60x-1xzoom_0004_XY04_488.tif,4,2214,1068,1146,0.4823848238482385,265.4940490722656,0.49859032386109764,271.7908630371094,268.0,601745.0,283.993896484375,280.0,325457.0,258.6966247558594,258.0,276288.0,False,vLH92_MN_60x-1xzoom_0004_XY04_Dapi-ex_Green-em.tif,213.35321044921875,207.0,472364.0,225.08726501464844,217.0,257950.0,200.76217651367188,200.0,214414.0,127.15406303710938,139.357096484375,114.05982475585938,123.3632,135.3632,113.3632,70.82201044921874,82.55606501464842,58.23097651367186,64.46879999999999,74.46879999999999,57.46879999999999,2mM 2DG,1h,yes,MN,1.7954031837077291,1.9135333680788231,1.6880297826652473,1.8177169499172812,1.9587482742811233,1.9726042652708953
vLH92_MN_60x-1xzoom_0004_XY04_488.tif,5,3410,1685,1725,0.4941348973607038,252.87925720214844,0.5442900488876756,258.02288818359375,252.5,879858.0,295.1263732910156,292.0,509093.0,220.03857421875,219.0,370765.0,False,vLH92_MN_60x-1xzoom_0004_XY04_Dapi-ex_Green-em.tif,241.53489685058594,228.0,823634.0,277.7733459472656,265.0,479159.0,204.4362030029297,202.0,344475.0,113.38608818359376,150.48957329101563,75.40177421875,107.8632,147.3632,74.3632,99.00369685058592,135.2421459472656,61.905003002929675,85.46879999999999,122.46879999999999,59.46879999999999,2mM 2DG,1h,yes,MN,1.1452712554230515,1.2620184207570484,1.1127416844575608,1.2032713638085784,1.2180239166644027,1.2504573826947916
vLH92_MN_60x-1xzoom_0004_XY04_488.tif,6,2693,1354,1340,0.5027849981433345,533.7694702148438,0.12217051856335925,509.44635009765625,535.0,1371939.0,584.5873413085938,586.0,783347.0,435.0051574707031,442.0,588997.0,False,vLH92_MN_60x-1xzoom_0004_XY04_Dapi-ex_Green-em.tif,284.4712219238281,282.0,766081.0,307.0484924316406,298.0,411445.0,262.09527587890625,260.0,354877.0,364.80955009765626,439.95054130859376,290.36835747070313,390.3632,441.3632,297.3632,141.9400219238281,164.5172924316406,119.56407587890624,139.4688,155.4688,117.46879999999999,2mM 2DG,1h,yes,MN,2.5701669279255905,2.7989285058737154,2.674190261740417,2.8389181623579782,2.4285585393123132,2.5314228118445072
vLH92_MN_60x-1xzoom_0004_XY04_488.tif,7,1916,1038,878,0.5417536534446764,234.92131805419922,0.4098008986124811,241.7886199951172,237.0,463267.0,256.31207275390625,248.0,225042.0,229.5038604736328,229.0,238225.0,False,vLH92_MN_60x-1xzoom_0004_XY04_Dapi-ex_Green-em.tif,208.06524658203125,206.0,398653.0,214.97267150878906,212.0,188746.0,202.22254943847656,202.0,209907.0,97.1518199951172,111.67527275390626,84.86706047363282,92.3632,103.3632,84.3632,65.53404658203124,72.44147150878905,59.69134943847655,63.46879999999999,69.46879999999999,59.46879999999999,2mM 2DG,1h,yes,MN,1.4824633158202567,1.4552536049208433,1.541593101685643,1.4879082408217794,1.4217648163760261,1.418612785191563
vLH92_MN_60x-1xzoom_0004_XY04_488.tif,8,3102,1501,1601,0.48388136686009026,306.66285705566406,0.8224649194961873,358.8746032714844,309.0,1113229.0,442.20361328125,460.0,707968.0,269.9940185546875,268.0,405261.0,False,vLH92_MN_60x-1xzoom_0004_XY04_Dapi-ex_Green-em.tif,263.0064392089844,236.0,815846.0,307.7320556640625,310.0,492679.0,215.30113220214844,214.0,323167.0,214.23780327148438,297.56681328125,125.3572185546875,164.3632,315.3632,123.3632,120.47523920898436,165.2008556640625,72.76993220214842,93.46879999999999,167.4688,71.46879999999999,2mM 2DG,1h,yes,MN,1.7782724871776618,1.7584819747338152,1.8012425667234735,1.8831161386479154,1.7226513033770081,1.7261126533536317
vLH92_MN_60x-1xzoom_0004_XY04_488.tif,9,4431,2106,2325,0.4752877454299255,381.8443298339844,0.5187645943792467,404.4831848144531,383.0,1792265.0,476.3961181640625,482.0,1107621.0,325.0921325683594,322.5,684644.0,False,vLH92_MN_60x-1xzoom_0004_XY04_Dapi-ex_Green-em.tif,262.16925048828125,241.0,1161672.0,303.28302001953125,297.0,705133.0,216.7801513671875,216.0,456539.0,259.84638481445313,331.7593181640625,180.45533256835938,238.3632,337.3632,177.8632,119.63805048828124,160.75182001953124,74.24895136718749,98.46879999999999,154.4688,73.46879999999999,2mM 2DG,1h,yes,MN,2.1719376381839783,2.4206977235428893,2.0637982084666535,2.1840216276685003,2.4304091740763254,2.4209351452589405
vLH92_MN_60x-1xzoom_0004_XY04_488.tif,10,1911,972,939,0.5086342229199372,218.47447204589844,0.7333889708469237,226.20932006835938,219.0,432286.0,254.09478759765625,249.0,238595.0,199.27056884765625,198.0,193691.0,False,vLH92_MN_60x-1xzoom_0004_XY04_Dapi-ex_Green-em.tif,229.24070739746094,217.0,438079.0,242.1608123779297,225.0,227389.0,216.75926208496094,209.0,210690.0,81.57252006835938,109.45798759765626,54.633768847656256,74.3632,104.3632,53.363200000000006,86.70950739746092,99.62961237792967,74.22806208496092,74.46879999999999,82.46879999999999,66.46879999999999,2mM 2DG,1h,yes,MN,0.9407563543689101,0.998581956470361,1.0986491363877253,1.2654870690491438,0.7360258009312276,0.8028308018198014
vLH92_MN_60x-1xzoom_0004_XY04_488.tif,11,5331,2582,2749,0.48433689739260927,221.11915588378906,0.7374411305631188,221.35153198242188,218.0,1180025.0,248.1815185546875,240.0,682251.0,192.7862091064453,191.0,497774.0,False,vLH92_MN_60x-1xzoom_0004_XY04_Dapi-ex_Green-em.tif,202.87319946289062,195.0,1081517.0,224.2986602783203,216.0,616597.0,180.0619659423828,179.0,464920.0,76.71473198242188,103.5447185546875,48.14940910644532,73.3632,95.3632,46.363200000000006,60.34199946289061,81.7674602783203,37.5307659423828,52.46879999999999,73.46879999999999,36.46879999999999,2mM 2DG,1h,yes,MN,1.2713322837371381,1.39822523099442,1.2663315969731934,1.2980094951870729,1.282931693436906,1.271311367525118
vLH92_MN_60x-1xzoom_0004_XY05_488.tif,1,273,100,173,0.3663003663003663,297.12945556640625,0.6174648707837566,300.97802734375,293.0,82167.0,305.72833251953125,299.0,52891.0,292.760009765625,286.0,29276.0,False,vLH92_MN_60x-1xzoom_0004_XY05_Dapi-ex_Green-em.tif,290.3333435058594,291.0,79261.0,294.0809326171875,293.0,50876.0,283.8500061035156,283.0,28385.0,156.09002734375,160.84033251953124,147.872009765625,148.112,154.112,141.112,148.51734350585937,152.2649326171875,142.03400610351562,149.184,151.184,141.184,2mM 2DG,1h,yes,MN,1.0509885489406956,0.9928142428142428,1.0563189419582468,1.019367128796698,1.041102858549625,0.9994900271985494
vLH92_MN_60x-1xzoom_0004_XY05_488.tif,2,3640,1408,2232,0.3868131868131868,217.8027114868164,0.44141694574733487,219.35110473632812,218.0,798438.0,221.84901428222656,220.0,495167.0,215.39134216308594,215.0,303271.0,False,vLH92_MN_60x-1xzoom_0004_XY05_Dapi-ex_Green-em.tif,211.43077087402344,203.0,769608.0,222.86424255371094,213.0,497433.0,193.3061065673828,192.0,272175.0,74.46310473632812,76.96101428222656,70.50334216308593,73.112,75.112,70.112,69.61477087402343,81.04824255371093,51.49010656738281,61.184,71.184,50.184,2mM 2DG,1h,yes,MN,1.0696451888217566,1.194952928870293,0.9495704269123941,1.0551809395369747,1.3692599775613465,1.3970986768691216
vLH92_MN_60x-1xzoom_0004_XY05_488.tif,3,2859,1420,1439,0.49667715984610006,267.79217529296875,0.7651725772082789,291.9905700683594,268.0,834801.0,340.5524597167969,341.0,490055.0,242.77886962890625,242.5,344746.0,False,vLH92_MN_60x-1xzoom_0004_XY05_Dapi-ex_Green-em.tif,248.03952026367188,224.0,709145.0,289.1737365722656,266.0,416121.0,206.3549346923828,206.0,293024.0,147.10257006835937,195.66445971679687,97.89086962890624,123.112,196.112,97.612,106.22352026367187,147.35773657226562,64.53893469238281,82.184,124.184,64.184,2mM 2DG,1h,yes,MN,1.384839908366961,1.4980044777572277,1.327819388843837,1.5792050505701218,1.5167723188412001,1.5208151564252772
vLH92_MN_60x-1xzoom_0004_XY05_488.tif,4,3213,1545,1668,0.480859010270775,386.4620666503906,0.8400629443504648,435.8067321777344,394.0,1400247.0,503.4808044433594,514.0,839806.0,362.7449951171875,362.0,560441.0,False,vLH92_MN_60x-1xzoom_0004_XY05_Dapi-ex_Green-em.tif,321.865234375,292.0,1034153.0,367.27337646484375,359.0,612612.0,272.8420715332031,273.0,421541.0,290.91873217773434,358.59280444335934,217.8569951171875,249.112,369.11199999999997,217.112,180.049234375,225.45737646484375,131.02607153320312,150.184,217.184,131.184,2mM 2DG,1h,yes,MN,1.6157732255157464,1.6587119799712353,1.5905126284447642,1.6995358774127005,1.662699587707479,1.655018904744481
vLH92_MN_60x-1xzoom_0004_XY05_488.tif,5,687,358,330,0.5211062590975255,214.62139892578125,0.5526310593514622,217.35516357421875,216.0,149323.0,230.03030395507812,228.5,75910.0,205.6815643310547,206.0,73634.0,False,vLH92_MN_60x-1xzoom_0004_XY05_Dapi-ex_Green-em.tif,326.5909729003906,319.0,224368.0,358.7818298339844,344.0,118398.0,296.72625732421875,301.0,106228.0,72.46716357421874,85.14230395507812,60.79356433105468,71.112,83.612,61.111999999999995,184.77497290039062,216.96582983398437,154.91025732421875,177.184,202.184,159.184,2mM 2DG,1h,yes,MN,0.3921914447433565,0.4013454939497923,0.39242264102244306,0.4135440984449808,0.3924437631254918,0.38390793044527083
vLH92_MN_60x-1xzoom_0004_XY05_488.tif,6,1840,957,883,0.5201086956521739,228.97354125976562,0.7139940244568724,255.25216674804688,235.0,469664.0,294.93658447265625,302.0,260429.0,218.63636779785156,218.0,209235.0,False,vLH92_MN_60x-1xzoom_0004_XY05_Dapi-ex_Green-em.tif,207.44564819335938,195.0,381700.0,231.2434844970703,223.0,204188.0,185.48797607421875,185.0,177512.0,110.36416674804687,150.04858447265624,73.74836779785156,90.112,157.112,73.112,65.62964819335937,89.42748449707031,43.67197607421875,53.184,81.184,43.184,2mM 2DG,1h,yes,MN,1.6816205752450444,1.694344163658243,1.6778799640458624,1.9352581789515175,1.6886885922569477,1.6930344572063727
vLH92_MN_60x-1xzoom_0004_XY05_488.tif,7,3587,1698,1889,0.4733760802899359,398.0475769042969,0.29859455186568234,372.5979919433594,391.0,1336509.0,425.2752685546875,416.0,803345.0,313.99530029296875,295.0,533164.0,False,vLH92_MN_60x-1xzoom_0004_XY05_Dapi-ex_Green-em.tif,265.0390319824219,241.0,950695.0,307.9963073730469,256.0,581805.0,217.2497100830078,208.0,368890.0,227.70999194335937,280.38726855468747,169.10730029296874,246.112,271.11199999999997,150.112,123.22303198242187,166.18030737304687,75.43371008300781,99.184,114.184,66.184,2mM 2DG,1h,yes,MN,1.8479499187768962,2.481367962574609,1.6872472616461418,2.374343165417221,2.2418001196929307,2.2681010516136832
vLH92_MN_60x-1xzoom_0004_XY05_488.tif,8,1449,1027,422,0.7087646652864045,318.42034912109375,0.4147038136411355,318.29193115234375,318.0,461205.0,351.69195556640625,348.0,148414.0,304.56768798828125,307.0,312791.0,False,vLH92_MN_60x-1xzoom_0004_XY05_Dapi-ex_Green-em.tif,228.96066284179688,226.0,331764.0,231.39337158203125,228.5,97648.0,227.96104431152344,225.0,234116.0,173.40393115234374,206.80395556640624,159.67968798828124,173.112,203.112,162.112,87.14466284179687,89.57737158203125,86.14504431152343,84.184,86.684,83.184,2mM 2DG,1h,yes,MN,1.9898399454151616,2.0563527511166018,2.308662912452435,2.343131373725255,1.853614322964847,1.9488363146758991
vLH92_MN_60x-1xzoom_0004_XY06_488.tif,1,4494,2181,2313,0.48531375166889185,260.76220703125,0.5746996033507339,271.2503356933594,257.0,1218999.0,313.53912353515625,293.0,725216.0,226.40211486816406,224.0,493783.0,False,vLH92_MN_60x-1xzoom_0004_XY06_Dapi-ex_Green-em.tif,228.00445556640625,219.0,1024652.0,255.9861602783203,247.0,592096.0,198.32920837402344,197.0,432556.0,123.79433569335936,166.08312353515623,78.94611486816405,109.54399999999998,145.54399999999998,76.54399999999998,85.07165556640626,113.05336027832033,55.39640837402345,76.06720000000001,104.06720000000001,54.067200000000014,2mM 2DG,1h,yes,MN,1.455177225236042,1.4400950738294556,1.4690684392421829,1.39855785492451,1.4251125151496924,1.4157196969696964
vLH92_MN_60x-1xzoom_0004_XY06_488.tif,2,3359,1621,1738,0.48258410241143196,231.20823669433594,0.3561678622867643,246.2390594482422,231.0,827117.0,276.32623291015625,263.0,480255.0,213.98025512695312,213.0,346862.0,False,vLH92_MN_60x-1xzoom_0004_XY06_Dapi-ex_Green-em.tif,224.68353271484375,218.0,754712.0,228.44590759277344,220.0,397039.0,220.64959716796875,216.0,357673.0,98.78305944824217,128.87023291015623,66.52425512695311,83.54399999999998,115.54399999999998,65.54399999999998,81.75073271484376,85.51310759277345,77.71679716796876,75.06720000000001,77.06720000000001,73.06720000000001,2mM 2DG,1h,yes,MN,1.2083446370176176,1.112922821152247,1.5070231516302282,1.4992629808790245,0.8559829734513468,0.8970372479032995
vLH92_MN_60x-1xzoom_0004_XY06_488.tif,3,3296,1432,1865,0.4344660194174757,504.51075744628906,0.41102994545891225,476.8944091796875,508.0,1571844.0,603.0718383789062,628.0,1124729.0,312.4357604980469,296.0,447408.0,False,vLH92_MN_60x-1xzoom_0004_XY06_Dapi-ex_Green-em.tif,278.2618408203125,280.0,917151.0,299.8836364746094,301.0,559283.0,250.0733184814453,237.0,358105.0,329.4384091796875,455.61583837890623,164.97976049804686,360.544,480.544,148.54399999999998,135.3290408203125,156.9508364746094,107.14051848144533,137.0672,158.0672,94.06720000000001,2mM 2DG,1h,yes,MN,2.4343511723925535,2.630417780475562,2.9029207401045816,3.0401247064539634,1.53984470895218,1.5791264117567012
vLH92_MN_60x-1xzoom_0004_XY06_488.tif,4,2968,1354,1614,0.45619946091644203,272.7381134033203,0.6332046128704109,286.0805358886719,279.0,849087.0,321.09912109375,329.0,518254.0,244.3375244140625,241.0,330833.0,False,vLH92_MN_60x-1xzoom_0004_XY06_Dapi-ex_Green-em.tif,248.92620849609375,239.0,738813.0,278.2403869628906,279.0,449080.0,213.98301696777344,213.0,289733.0,138.62453588867186,173.64312109374998,96.88152441406248,131.54399999999998,181.54399999999998,93.54399999999998,105.99340849609376,135.30758696289064,71.05021696777345,96.06720000000001,136.0672,70.06720000000001,2mM 2DG,1h,yes,MN,1.307859968422288,1.3692914959528326,1.2833213938060488,1.3342230897674088,1.3635640895791417,1.3350611983924
vLH92_MN_60x-1xzoom_0004_XY06_488.tif,5,1021,435,586,0.42605288932419194,241.3927764892578,0.6714930469773353,243.62193298339844,241.0,248738.0,259.36859130859375,258.0,151990.0,222.40919494628906,221.0,96748.0,False,vLH92_MN_60x-1xzoom_0004_XY06_Dapi-ex_Green-em.tif,313.6150817871094,310.0,320201.0,335.20989990234375,330.0,196433.0,284.5241394042969,282.0,123768.0,96.16593298339842,111.91259130859373,74.95319494628905,93.54399999999998,110.54399999999998,73.54399999999998,170.6822817871094,192.27709990234376,141.5913394042969,167.0672,187.0672,139.0672,2mM 2DG,1h,yes,MN,0.5634207134829929,0.5599184040912877,0.5820380657157477,0.5909320287041233,0.5293628498863853,0.5288378568059181
vLH92_MN_60x-1xzoom_0004_XY06_488.tif,6,2401,1121,1280,0.46688879633486047,296.70684814453125,0.7473030734620683,313.09661865234375,296.0,751745.0,355.98046875,358.0,455655.0,264.1302490234375,262.0,296090.0,False,vLH92_MN_60x-1xzoom_0004_XY06_Dapi-ex_Green-em.tif,242.73094177246094,225.0,582797.0,273.625,252.0,350240.0,207.4549560546875,206.0,232557.0,165.64061865234373,208.52446874999998,116.67424902343748,148.54399999999998,210.54399999999998,114.54399999999998,99.79814177246095,130.6922,64.52215605468751,82.06720000000001,109.06720000000001,63.067200000000014,2mM 2DG,1h,yes,MN,1.6597565416598954,1.8100288544022454,1.5955387448524085,1.9304062082825997,1.8082819322489323,1.8162214273029398
vLH92_MN_60x-1xzoom_0004_XY06_488.tif,7,3988,1946,2042,0.4879638916750251,302.7996826171875,0.6100833639377229,319.45635986328125,302.0,1273992.0,364.4103698730469,360.0,744126.0,272.2846984863281,271.0,529866.0,False,vLH92_MN_60x-1xzoom_0004_XY06_Dapi-ex_Green-em.tif,280.8106689453125,265.0,1119873.0,315.83203125,309.0,644929.0,244.06166076660156,244.0,474944.0,172.00035986328123,216.95436987304686,124.82869848632811,154.54399999999998,212.54399999999998,123.54399999999998,137.8778689453125,172.89923125,101.12886076660158,122.06720000000001,166.0672,101.06720000000001,2mM 2DG,1h,yes,MN,1.2474834516879787,1.2660567294080636,1.2548023973533244,1.279867427162016,1.234352859708606,1.222394604777811
vLH92_MN_60x-1xzoom_0004_XY06_488.tif,8,1657,847,810,0.5111647555823778,341.2291259765625,0.41013487650966024,345.3258972167969,339.0,572205.0,380.60369873046875,377.0,308289.0,311.5891418457031,310.0,263916.0,False,vLH92_MN_60x-1xzoom_0004_XY06_Dapi-ex_Green-em.tif,277.04766845703125,264.0,459068.0,290.6641845703125,274.0,235438.0,264.0259704589844,256.0,223630.0,197.86989721679686,233.14769873046873,164.1331418457031,191.54399999999998,229.54399999999998,162.54399999999998,134.11486845703126,147.7313845703125,121.09317045898439,121.06720000000001,131.0672,113.06720000000001,2mM 2DG,1h,yes,MN,1.475376291184239,1.5821295941427567,1.5781866487516907,1.7513458744827077,1.3554285615248371,1.4375875585492517
vLH92_MN_60x-1xzoom_0004_XY06_488.tif,9,4466,2289,2178,0.512539184952978,493.7047424316406,0.1473676325136145,478.8916320800781,487.0,2138730.0,532.6565551757812,530.0,1160126.0,427.66448974609375,427.0,978924.0,False,vLH92_MN_60x-1xzoom_0004_XY06_Dapi-ex_Green-em.tif,283.2557067871094,276.0,1265020.0,308.3053283691406,299.0,671489.0,259.4084777832031,252.0,593786.0,331.4356320800781,385.20055517578123,280.20848974609373,339.544,382.544,279.544,140.3229067871094,165.37252836914064,116.47567778320314,133.0672,156.0672,109.06720000000001,2mM 2DG,1h,yes,MN,2.361949589477326,2.5516731395866143,2.3292898704187777,2.4511492485288384,2.405725341797516,2.563043701497792
vLH92_MN_60x-1xzoom_0004_XY06_488.tif,10,4016,2009,2007,0.5002490039840638,325.6297302246094,0.648948788258362,332.8732604980469,328.0,1336819.0,372.743408203125,372.0,748096.0,293.0428161621094,292.0,588723.0,False,vLH92_MN_60x-1xzoom_0004_XY06_Dapi-ex_Green-em.tif,283.9683837890625,280.0,1140417.0,311.5201721191406,305.0,625221.0,256.4440002441406,253.0,515196.0,185.41726049804686,225.28740820312498,145.58681616210936,180.54399999999998,224.54399999999998,144.54399999999998,141.0355837890625,168.58737211914064,113.51120024414064,137.0672,162.0672,110.06720000000001,2mM 2DG,1h,yes,MN,1.3146842485890868,1.3171933183139362,1.3363243365814756,1.3854993484184337,1.2825766607081968,1.3132340969880216
vLH92_MN_60x-1xzoom_0004_XY06_488.tif,11,3310,1665,1645,0.5030211480362538,204.94322204589844,0.5768441982924108,214.60997009277344,207.0,710359.0,232.88693237304688,229.0,383099.0,196.55255126953125,196.0,327260.0,False,vLH92_MN_60x-1xzoom_0004_XY06_Dapi-ex_Green-em.tif,212.70664978027344,198.0,704059.0,236.9404296875,219.0,389767.0,188.7639617919922,189.0,314292.0,67.15397009277342,85.43093237304686,49.09655126953123,59.54399999999998,81.54399999999998,48.54399999999998,69.77384978027345,94.00762968750001,45.8311617919922,55.067200000000014,76.06720000000001,46.067200000000014,2mM 2DG,1h,yes,MN,0.9624518398260902,1.0812970334427747,0.9087659443923456,1.071999495183206,1.0712482370043164,1.0537649347040838
vLH92_MN_60x-1xzoom_0004_XY06_488.tif,12,3841,2015,1826,0.5246029679770893,257.9584045410156,0.7468956082295383,268.74041748046875,260.0,1032232.0,300.1719665527344,298.0,548114.0,240.25706481933594,239.0,484118.0,False,vLH92_MN_60x-1xzoom_0004_XY06_Dapi-ex_Green-em.tif,244.4569091796875,231.0,938959.0,273.6407470703125,263.0,499668.0,218.0104217529297,213.0,439291.0,121.28441748046873,152.71596655273436,92.80106481933592,112.54399999999998,150.54399999999998,91.54399999999998,101.52410917968751,130.7079470703125,75.0776217529297,88.06720000000001,120.06720000000001,70.06720000000001,2mM 2DG,1h,yes,MN,1.1946366085892706,1.2779332146360958,1.1683755270869869,1.253831187868127,1.2360682537964731,1.3065171720862252
vLH92_MN_60x-1xzoom_0004_XY06_488.tif,13,2895,1452,1443,0.5015544041450777,304.1362609863281,0.5761091634554253,319.8988037109375,305.0,926107.0,364.4033203125,368.0,525834.0,275.67010498046875,275.0,400273.0,False,vLH92_MN_60x-1xzoom_0004_XY06_Dapi-ex_Green-em.tif,251.22555541992188,243.0,727298.0,277.665283203125,276.0,400671.0,224.94972229003906,224.0,326627.0,172.44280371093748,216.94732031249998,128.21410498046873,157.54399999999998,220.54399999999998,127.54399999999998,108.29275541992189,134.732483203125,82.01692229003908,100.06720000000001,133.0672,81.06720000000001,2mM 2DG,1h,yes,MN,1.5923761755092838,1.5743820152857275,1.610207985148069,1.6573881467408946,1.5632640362565797,1.5733120176840938
vLH92_MN_60x-1xzoom_0004_XY06_488.tif,14,2212,1106,1106,0.5,276.3358459472656,0.618334324940954,298.41455078125,278.5,660093.0,340.76129150390625,328.0,376882.0,256.06781005859375,256.0,283211.0,False,vLH92_MN_60x-1xzoom_0004_XY06_Dapi-ex_Green-em.tif,228.6075897216797,218.0,505680.0,252.43399047851562,243.5,279192.0,204.78118896484375,205.0,226488.0,150.95855078124998,193.30529150390623,108.61181005859373,131.04399999999998,180.54399999999998,108.54399999999998,85.6747897216797,109.50119047851564,61.848388964843764,75.06720000000001,100.56720000000001,62.067200000000014,2mM 2DG,1h,yes,MN,1.761994996096856,1.7456891958138836,1.7653259353544026,1.7952573005910473,1.7560976425809816,1.748814188492472
vLH92_MN_60x-1xzoom_0004_XY06_488.tif,15,4005,1355,2650,0.3383270911360799,380.4067077636719,0.7301470719135338,400.20623779296875,382.0,1602826.0,447.4871826171875,434.0,1185841.0,307.7380065917969,303.0,416985.0,False,vLH92_MN_60x-1xzoom_0004_XY06_Dapi-ex_Green-em.tif,262.7847595214844,258.0,1052453.0,282.96112060546875,275.0,749847.0,223.32545471191406,220.0,302606.0,252.75023779296873,300.0311826171875,160.28200659179686,234.54399999999998,286.544,155.54399999999998,119.85195952148439,140.02832060546876,80.39265471191408,115.06720000000001,132.0672,77.06720000000001,2mM 2DG,1h,yes,MN,2.108853612423928,2.0383219544752977,2.142646439805048,2.1696833127377575,1.9937394425668007,2.0182905308613774
vLH92_MN_60x-1xzoom_0004_XY06_488.tif,16,2764,1384,1381,0.5007235890014472,236.65074920654297,0.7618038370580733,253.29161071777344,237.0,700098.0,288.5141296386719,267.0,398438.0,218.12571716308594,218.0,301886.0,False,vLH92_MN_60x-1xzoom_0004_XY06_Dapi-ex_Green-em.tif,226.78509521484375,213.0,626834.0,254.0999298095703,233.0,350912.0,199.49349975585938,199.0,276099.0,105.83561071777342,141.05812963867186,70.66971716308592,89.54399999999998,119.54399999999998,70.54399999999998,83.85229521484376,111.16712980957033,56.56069975585939,70.06720000000001,90.06720000000001,56.067200000000014,2mM 2DG,1h,yes,MN,1.2621671290762486,1.2779731457800507,1.2688834359608359,1.3272756341931353,1.2494491310773592,1.2582044403858221
vLH92_MN_60x-1xzoom_0004_XY06_488.tif,17,6241,2763,3479,0.4427175132190354,283.4503173828125,0.27240010654511326,289.1631164550781,279.0,1804667.0,324.3052673339844,304.0,1128258.0,244.89830017089844,242.0,676654.0,False,vLH92_MN_60x-1xzoom_0004_XY06_Dapi-ex_Green-em.tif,258.9263000488281,250.0,1615959.0,283.307861328125,268.0,985628.0,228.21173095703125,224.0,630549.0,141.7071164550781,176.84926733398436,97.44230017089842,131.54399999999998,156.54399999999998,94.54399999999998,115.99350004882814,140.375061328125,85.27893095703126,107.06720000000001,125.06720000000001,81.06720000000001,2mM 2DG,1h,yes,MN,1.2216815286669138,1.2286115635787613,1.2598339452946086,1.251679097317282,1.1426304138356964,1.166242327353109
vLH92_MN_60x-1xzoom_0004_XY07_488.tif,1,3480,1753,1727,0.503735632183908,330.0615539550781,0.6894272748822707,337.8166809082031,330.0,1175602.0,387.2976379394531,385.0,668863.0,289.069580078125,286.0,506739.0,False,vLH92_MN_60x-1xzoom_0004_XY07_Dapi-ex_Green-em.tif,289.20458984375,268.0,1006432.0,330.0422668457031,322.0,569983.0,248.97262573242188,248.0,436449.0,191.02468090820312,240.50563793945312,142.277580078125,183.208,238.208,139.208,146.65418984375,187.49186684570313,106.42222573242188,125.4496,179.4496,105.4496,2mM 2DG,1h,yes,MN,1.3025518132944367,1.4604111930209422,1.2827523773998037,1.3274367844787618,1.3369160351509137,1.320137771978272
vLH92_MN_60x-1xzoom_0004_XY07_488.tif,2,2771,1415,1357,0.5106459761818838,381.7717590332031,0.470269555891368,412.728271484375,386.0,1143670.0,473.3360290527344,474.0,642317.0,354.5328674316406,356.0,501664.0,False,vLH92_MN_60x-1xzoom_0004_XY07_Dapi-ex_Green-em.tif,325.30889892578125,316.0,901431.0,356.3271789550781,356.0,483536.0,295.5201416015625,294.0,418161.0,265.93627148437497,326.54402905273434,207.74086743164062,239.208,327.20799999999997,209.208,182.75849892578125,213.77677895507813,152.9697416015625,173.4496,213.4496,151.4496,2mM 2DG,1h,yes,MN,1.4551239643983531,1.3791210818589377,1.527499996252411,1.5329520411375799,1.3580520255616269,1.3813704361054766
vLH92_MN_60x-1xzoom_0004_XY07_488.tif,3,2767,1457,1310,0.5265630646910011,266.4292907714844,0.5589030807922662,277.5171813964844,268.0,767890.0,302.24273681640625,292.0,395938.0,255.2862091064453,256.0,371952.0,False,vLH92_MN_60x-1xzoom_0004_XY07_Dapi-ex_Green-em.tif,250.97976684570312,237.0,694461.0,276.4091491699219,256.0,362096.0,228.11599731445312,227.0,332365.0,130.72518139648437,155.45073681640625,108.49420910644531,121.208,145.208,109.208,108.42936684570313,133.85874916992188,85.56559731445313,94.4496,113.4496,84.4496,2mM 2DG,1h,yes,MN,1.2056252397241107,1.2833087699683217,1.161304268718926,1.2799339971229515,1.2679653097930195,1.2931736799226994
vLH92_MN_60x-1xzoom_0004_XY07_488.tif,4,6401,3222,3179,0.5033588501796594,389.5158386230469,0.1793115998517278,397.3538513183594,391.0,2543462.0,442.29254150390625,445.0,1406048.0,353.014892578125,350.0,1137414.0,False,vLH92_MN_60x-1xzoom_0004_XY07_Dapi-ex_Green-em.tif,319.6314697265625,311.0,2045961.0,345.4803466796875,337.0,1098282.0,294.1275634765625,288.0,947679.0,250.56185131835937,295.5005415039062,206.222892578125,244.208,298.20799999999997,203.208,177.0810697265625,202.9299466796875,151.5771634765625,168.4496,194.4496,145.4496,2mM 2DG,1h,yes,MN,1.4149556003092894,1.4497392691938715,1.456170202273476,1.53360048053583,1.360514261173729,1.3971025014850504
vLH92_MN_60x-1xzoom_0004_XY07_488.tif,5,4197,1995,2202,0.4753395282344532,420.96954345703125,0.6939749841689921,429.10626220703125,424.0,1800959.0,518.0086059570312,527.0,1140655.0,330.9794616699219,321.0,660304.0,False,vLH92_MN_60x-1xzoom_0004_XY07_Dapi-ex_Green-em.tif,273.1334228515625,260.0,1146341.0,316.3978271484375,310.0,696708.0,225.37994384765625,223.0,449633.0,282.3142622070312,371.2166059570312,184.18746166992187,277.20799999999997,380.20799999999997,174.208,130.5830228515625,173.8474271484375,82.82954384765625,117.4496,167.4496,80.4496,2mM 2DG,1h,yes,MN,2.161952266397953,2.360229409040133,2.1353011203327874,2.2705817153340466,2.2236928167646024,2.165430281816193
vLH92_MN_60x-1xzoom_0004_XY07_488.tif,6,4112,2017,2095,0.4905155642023346,489.9551696777344,0.7841959134535039,465.17071533203125,479.0,1912782.0,544.8897094726562,535.0,1141544.0,382.3688659667969,375.0,771238.0,False,vLH92_MN_60x-1xzoom_0004_XY07_Dapi-ex_Green-em.tif,344.4282531738281,344.0,1416289.0,383.5159912109375,374.0,803466.0,303.8289489746094,297.0,612823.0,318.3787153320312,398.0977094726562,235.57686596679687,332.20799999999997,388.20799999999997,228.208,201.87785317382813,240.9655912109375,161.27854897460938,201.4496,231.4496,154.4496,2mM 2DG,1h,yes,MN,1.577085897866614,1.6490874144202816,1.6520935934133754,1.6772895697378607,1.460683193546617,1.4775564326485793
vLH92_MN_60x-1xzoom_0004_XY07_488.tif,7,3174,1610,1564,0.5072463768115942,480.4435729980469,0.7174816715615573,538.9127197265625,491.0,1710509.0,629.3618774414062,636.0,984322.0,451.0478210449219,453.0,726187.0,False,vLH92_MN_60x-1xzoom_0004_XY07_Dapi-ex_Green-em.tif,320.7054138183594,301.0,1017919.0,360.78515625,354.0,564268.0,281.77081298828125,282.0,453651.0,392.12071972656247,482.5698774414062,304.25582104492184,344.20799999999997,489.20799999999997,306.20799999999997,178.15501381835938,218.23475625,139.22041298828125,158.4496,211.4496,139.4496,2mM 2DG,1h,yes,MN,2.2010086122322385,2.172350072199614,2.2112420850535637,2.3135915130603224,2.1854253590709596,2.195832759649364
vLH92_MN_60x-1xzoom_0004_XY07_488.tif,8,2183,1051,1132,0.4814475492441594,441.7682189941406,0.6922591091377442,490.111328125,445.0,1069913.0,566.2482299804688,562.0,640993.0,408.1065673828125,407.0,428920.0,False,vLH92_MN_60x-1xzoom_0004_XY07_Dapi-ex_Green-em.tif,336.7095642089844,314.0,735037.0,377.1333923339844,372.0,426915.0,293.1703186035156,292.0,308122.0,343.31932812499997,419.4562299804687,261.31456738281247,298.20799999999997,415.20799999999997,260.20799999999997,194.15916420898438,234.58299233398438,150.61991860351563,171.4496,229.4496,149.4496,2mM 2DG,1h,yes,MN,1.7682365368830397,1.739333308447497,1.788093100045691,1.809582583713373,1.7349270256258995,1.7411087082200285
vLH92_MN_60x-1xzoom_0004_XY07_488.tif,9,3605,1790,1815,0.49653259361997226,564.6188354492188,0.5331179058624076,552.9639282226562,564.0,1993435.0,622.8330688476562,627.0,1130442.0,482.1189880371094,467.0,862993.0,False,vLH92_MN_60x-1xzoom_0004_XY07_Dapi-ex_Green-em.tif,384.30706787109375,382.0,1385427.0,413.40826416015625,410.0,750336.0,354.7994384765625,346.0,635091.0,406.1719282226562,476.0410688476562,335.32698803710934,417.20799999999997,480.20799999999997,320.20799999999997,241.75666787109375,270.8578641601563,212.2490384765625,239.4496,267.44960000000003,203.4496,2mM 2DG,1h,yes,MN,1.6800857316548958,1.7423624846314212,1.7575309113645547,1.7955083873746676,1.579875180796815,1.5738934851678252
vLH92_MN_60x-1xzoom_0004_XY07_488.tif,10,3219,1671,1548,0.5191053122087604,368.02587890625,0.19136350718494569,370.2886047363281,369.0,1191959.0,387.7874755859375,386.0,600295.0,354.0777893066406,356.0,591664.0,False,vLH92_MN_60x-1xzoom_0004_XY07_Dapi-ex_Green-em.tif,301.2857971191406,297.0,969839.0,315.2965087890625,310.0,488079.0,288.306396484375,287.0,481760.0,223.49660473632812,240.9954755859375,207.28578930664062,222.208,239.208,209.208,158.73539711914063,172.7461087890625,145.755996484375,154.4496,167.4496,144.4496,2mM 2DG,1h,yes,MN,1.407982143822529,1.4387088085692679,1.3950848286846982,1.4285373031646538,1.4221424456376421,1.448311383347548
vLH92_MN_60x-1xzoom_0004_XY07_488.tif,11,2841,1402,1439,0.4934882083773319,420.65985107421875,0.7473428206749206,469.44598388671875,423.0,1333696.0,551.2453002929688,540.0,793242.0,385.4878845214844,385.0,540454.0,False,vLH92_MN_60x-1xzoom_0004_XY07_Dapi-ex_Green-em.tif,307.51849365234375,293.0,873660.0,343.6712951660156,334.0,494543.0,270.41156005859375,268.0,379117.0,322.6539838867187,404.4533002929687,238.69588452148437,276.20799999999997,393.20799999999997,238.208,164.96809365234375,201.12089516601563,127.86116005859375,150.4496,191.4496,125.4496,2mM 2DG,1h,yes,MN,1.9558568977991864,1.8358839106252192,2.0109959234176635,2.0538460252724473,1.866836531219484,1.898834272887279
vLH92_MN_60x-1xzoom_0004_XY07_488.tif,12,1398,706,692,0.5050071530758226,378.06219482421875,0.745989592334347,407.09942626953125,383.0,569125.0,450.4566345214844,434.0,311716.0,364.60198974609375,364.0,257409.0,False,vLH92_MN_60x-1xzoom_0004_XY07_Dapi-ex_Green-em.tif,308.19097900390625,305.0,430851.0,306.2080993652344,304.0,211896.0,310.1345520019531,306.0,218955.0,260.3074262695312,303.66463452148434,217.80998974609375,236.208,287.20799999999997,217.208,165.64057900390625,163.65769936523438,167.58415200195313,162.4496,161.4496,163.4496,2mM 2DG,1h,yes,MN,1.5715196592218654,1.4540386679930266,1.8554863944640754,1.7789328682139811,1.2997051758423748,1.3288989388777948
vLH92_MN_60x-1xzoom_0004_XY07_488.tif,13,2302,1173,1129,0.5095569070373588,297.2447052001953,0.5354144382413816,310.8357849121094,301.0,715544.0,334.73870849609375,328.0,377920.0,287.8294982910156,287.0,337624.0,False,vLH92_MN_60x-1xzoom_0004_XY07_Dapi-ex_Green-em.tif,242.46958923339844,237.0,558165.0,255.8015899658203,251.0,288800.0,229.63768005371094,230.0,269365.0,164.04378491210937,187.94670849609375,141.03749829101562,154.208,181.208,140.208,99.91918923339844,113.25118996582032,87.08728005371094,94.4496,108.4496,87.4496,2mM 2DG,1h,yes,MN,1.6417645716572427,1.6327014619437243,1.6595561472936122,1.670895973797967,1.6194959608800616,1.603300644028103
vLH92_MN_60x-1xzoom_0004_XY07_488.tif,14,2808,1366,1442,0.48646723646723644,479.18260192871094,0.8012555694014032,509.3952941894531,491.0,1430382.0,626.9049682617188,642.0,903997.0,385.34771728515625,374.0,526385.0,False,vLH92_MN_60x-1xzoom_0004_XY07_Dapi-ex_Green-em.tif,294.5089111328125,275.0,826981.0,350.37725830078125,338.0,505244.0,235.53221130371094,233.0,321737.0,362.6032941894531,480.1129682617187,238.55571728515625,344.20799999999997,495.20799999999997,227.208,151.9585111328125,207.82685830078125,92.98181130371094,132.4496,195.4496,90.4496,2mM 2DG,1h,yes,MN,2.3861993085239956,2.598784745291794,2.310158427968277,2.533686433740463,2.5656170162780576,2.5119845748350462
vLH92_MN_60x-1xzoom_0004_XY08_488.tif,1,4539,2023,2516,0.44569288389513106,458.1013488769531,0.6873976973115253,522.3976440429688,465.0,2371163.0,651.3457641601562,697.0,1638786.0,362.02520751953125,348.0,732377.0,False,vLH92_MN_60x-1xzoom_0004_XY08_Dapi-ex_Green-em.tif,370.2152404785156,329.0,1680407.0,457.9268798828125,433.0,1152144.0,261.1285095214844,256.0,528263.0,378.24724404296876,507.19536416015626,217.87480751953123,320.8496,552.8496,203.84959999999998,229.0376404785156,316.7492798828125,119.95090952148436,187.8224,291.8224,114.82239999999999,2mM 2DG,1h,yes,MN,1.6514632409446666,1.7082605695593285,1.6012518303050378,1.8944728026361237,1.8163664484803907,1.7753469706259406
vLH92_MN_60x-1xzoom_0004_XY08_488.tif,2,2625,1085,1540,0.41333333333333333,475.56219482421875,0.5983485883931511,502.51275634765625,475.0,1319096.0,544.1934814453125,516.0,838058.0,443.3529968261719,444.0,481038.0,False,vLH92_MN_60x-1xzoom_0004_XY08_Dapi-ex_Green-em.tif,258.6476135253906,254.0,678950.0,270.1181945800781,265.0,415982.0,242.3668212890625,243.0,262968.0,358.36235634765626,400.0430814453125,299.2025968261719,330.8496,371.8496,299.8496,117.47001352539061,128.9405945800781,101.18922128906249,112.82239999999999,123.82239999999999,101.82239999999999,2mM 2DG,1h,yes,MN,3.0506709379938726,2.9324814930368444,3.102537899318179,3.0030882942020187,2.9568623319222302,2.9448294284951055
vLH92_MN_60x-1xzoom_0004_XY08_488.tif,3,2610,1241,1372,0.4754789272030651,957.6255187988281,0.14554656017944012,849.4291381835938,952.0,2217010.0,1016.4088745117188,1017.0,1394513.0,663.4722290039062,701.0,823369.0,False,vLH92_MN_60x-1xzoom_0004_XY08_Dapi-ex_Green-em.tif,393.2632141113281,403.0,1026417.0,439.8702697753906,429.0,603502.0,341.4085388183594,341.0,423688.0,705.2787381835938,872.2584745117188,519.3218290039063,807.8496,872.8496,556.8496,252.0856141113281,298.69266977539064,200.23093881835936,261.8224,287.8224,199.8224,2mM 2DG,1h,yes,MN,2.7977746396592185,3.0854869560434857,2.9202540362561797,3.0325978798036566,2.5936143138948773,2.7867226096773936
vLH92_MN_60x-1xzoom_0004_XY08_488.tif,4,4916,0,4916,0.0,581.131103515625,,543.6907958984375,576.0,2672784.0,543.6907958984375,576.0,2672784.0,,,,True,vLH92_MN_60x-1xzoom_0004_XY08_Dapi-ex_Green-em.tif,303.4462890625,294.0,1491742.0,303.4462890625,294.0,1491742.0,,,,399.5403958984375,399.5403958984375,,431.8496,431.8496,,162.2686890625,162.2686890625,,152.8224,152.8224,,2mM 2DG,1h,yes,MN,2.462214973244463,2.8258265803965914,2.462214973244463,2.8258265803965914,,
vLH92_MN_60x-1xzoom_0004_XY09_488.tif,1,3459,1667,1792,0.48193119398670137,246.7365264892578,0.7676206023105027,252.9595184326172,247.0,874987.0,281.4983215332031,280.5,504445.0,222.28074645996094,222.0,370542.0,False,vLH92_MN_60x-1xzoom_0004_XY09_Dapi-ex_Green-em.tif,216.19630432128906,201.0,747823.0,245.8627166748047,230.0,440586.0,184.3053436279297,184.0,307237.0,107.25551843261718,135.79432153320312,76.57674645996093,101.29599999999999,134.796,76.29599999999999,71.66030432128906,101.32671667480469,39.769343627929686,56.464,85.464,39.464,2mM 2DG,1h,yes,MN,1.4967215036059145,1.7939926324737885,1.3401630486954181,1.5772254984554899,1.9255220095254906,1.9333063044800323
vLH92_MN_60x-1xzoom_0004_XY09_488.tif,2,4364,2034,2330,0.46608615948670945,268.51222229003906,0.6545086919397951,297.760986328125,270.0,1299429.0,352.6278991699219,365.0,821623.0,234.90953063964844,233.0,477806.0,False,vLH92_MN_60x-1xzoom_0004_XY09_Dapi-ex_Green-em.tif,225.95347595214844,205.0,986061.0,261.5167236328125,249.0,609334.0,185.21484375,185.0,376727.0,152.056986328125,206.92389916992187,89.20553063964843,124.29599999999999,219.296,87.29599999999999,81.41747595214844,116.9807236328125,40.67884375,60.464,104.464,40.464,2mM 2DG,1h,yes,MN,1.867620981243555,2.0557025668166182,1.7688717657400501,2.099249502220861,2.1929219814574603,2.1573744563068407
vLH92_MN_60x-1xzoom_0004_XY09_488.tif,3,2461,1236,1225,0.502234863876473,232.9315948486328,0.6442728915595005,252.57090759277344,237.0,621577.0,282.5975646972656,276.0,346182.0,222.81149291992188,222.0,275395.0,False,vLH92_MN_60x-1xzoom_0004_XY09_Dapi-ex_Green-em.tif,208.70175170898438,192.0,513615.0,233.56898498535156,209.0,286122.0,184.0558319091797,184.0,227493.0,106.86690759277343,136.89356469726562,77.10749291992187,91.29599999999999,130.296,76.29599999999999,64.16575170898437,89.03298498535156,39.519831909179686,47.464,64.464,39.464,2mM 2DG,1h,yes,MN,1.6654820483901558,1.923478847126243,1.5375600932596887,2.0212211466865226,1.9511088280213889,1.9333063044800323
vLH92_MN_60x-1xzoom_0004_XY09_488.tif,4,3579,1528,2051,0.42693489801620566,230.92079162597656,0.6642182204693118,227.91339111328125,228.0,815702.0,242.0009765625,241.0,496344.0,209.00392150878906,208.0,319358.0,False,vLH92_MN_60x-1xzoom_0004_XY09_Dapi-ex_Green-em.tif,212.6328582763672,208.0,761013.0,223.54119873046875,218.0,458483.0,197.9908447265625,193.0,302530.0,82.20939111328124,96.29697656249999,63.299921508789055,82.29599999999999,95.29599999999999,62.29599999999999,68.09685827636719,79.00519873046875,53.4548447265625,63.464,73.464,48.464,2mM 2DG,1h,yes,MN,1.2072420548337068,1.296735156939367,1.2188688606559075,1.2971795709463139,1.184175575340029,1.2854077253218883
vLH92_MN_60x-1xzoom_0004_XY09_488.tif,5,1599,898,701,0.5616010006253909,280.8973693847656,0.5838539536485533,316.81988525390625,281.0,506595.0,388.06561279296875,354.0,272034.0,261.20379638671875,260.0,234561.0,False,vLH92_MN_60x-1xzoom_0004_XY09_Dapi-ex_Green-em.tif,286.89556884765625,280.0,458746.0,282.32952880859375,276.0,197913.0,290.45989990234375,283.0,260833.0,171.11588525390624,242.36161279296874,115.49979638671874,135.296,208.296,114.29599999999999,142.35956884765625,137.79352880859375,145.92389990234375,135.464,131.464,138.464,2mM 2DG,1h,yes,MN,1.2019977767495424,0.9987598181066556,1.7588751437640329,1.5844337613339012,0.791507055828513,0.8254564363300207
vLH92_MN_60x-1xzoom_0004_XY10_488.tif,1,4537,1913,2624,0.4216442583204761,310.0224609375,0.3034728751416747,305.8426208496094,315.0,1387608.0,356.4413146972656,368.0,935302.0,236.43804931640625,227.0,452306.0,False,vLH92_MN_60x-1xzoom_0004_XY10_Dapi-ex_Green-em.tif,269.92572021484375,264.0,1224653.0,310.21380615234375,313.0,814001.0,214.66387939453125,209.0,410652.0,158.5930208496094,209.19171469726564,89.18844931640626,167.7504,220.7504,79.75040000000001,126.89692021484376,167.18500615234376,71.63507939453126,120.97120000000001,169.9712,65.97120000000001,2mM 2DG,1h,yes,MN,1.249778328592233,1.3866969989551232,1.2512588270424452,1.2987517885382935,1.2450387445681403,1.2088668994955374
vLH92_MN_60x-1xzoom_0004_XY10_488.tif,2,4639,2006,2633,0.43242078034059067,309.2761535644531,0.7151056687368682,315.5865478515625,314.0,1464006.0,367.52410888671875,379.0,967691.0,247.41525268554688,242.0,496315.0,False,vLH92_MN_60x-1xzoom_0004_XY10_Dapi-ex_Green-em.tif,261.19378662109375,261.0,1211678.0,293.0729064941406,293.0,771661.0,219.35044860839844,211.0,440017.0,168.3369478515625,220.27450888671876,100.16565268554689,166.7504,231.7504,94.75040000000001,118.16498662109376,150.04410649414064,76.32164860839845,117.97120000000001,149.9712,67.97120000000001,2mM 2DG,1h,yes,MN,1.424592450480695,1.4134839689686973,1.4680650512275915,1.5452993641445825,1.3124146885176775,1.3939786262417024
vLH92_MN_60x-1xzoom_0004_XY10_488.tif,3,6519,3234,3296,0.49608835710998617,577.947265625,0.13303039538613184,584.2382202148438,587.0,3808649.0,749.9381103515625,752.0,2471796.0,414.42578125,408.0,1340253.0,False,vLH92_MN_60x-1xzoom_0004_XY10_Dapi-ex_Green-em.tif,327.521240234375,331.0,2135111.0,395.31494140625,397.0,1302958.0,258.0395812988281,253.0,834500.0,436.98862021484376,602.6885103515625,267.17618125,439.7504,604.7504,260.7504,184.492440234375,252.28614140625,115.01078129882814,187.9712,253.9712,109.97120000000001,2mM 2DG,1h,yes,MN,2.368599058366312,2.3394562571287514,2.3889085107575068,2.381177078345891,2.323053354066053,2.3710789734039457
vLH92_MN_60x-1xzoom_0004_XY10_488.tif,4,3330,1321,2009,0.3966966966966967,262.51145935058594,0.6369391079024659,256.3360290527344,259.0,853599.0,276.8675842285156,277.0,556227.0,225.1112823486328,223.0,297372.0,False,vLH92_MN_60x-1xzoom_0004_XY10_Dapi-ex_Green-em.tif,218.85494995117188,214.0,728787.0,235.08810424804688,228.0,472292.0,194.16729736328125,191.0,256495.0,109.08642905273439,129.61798422851564,77.86168234863283,111.75040000000001,129.7504,75.75040000000001,75.82614995117189,92.05930424804689,51.13849736328126,70.97120000000001,84.97120000000001,47.97120000000001,2mM 2DG,1h,yes,MN,1.4386386375014477,1.574588001893726,1.4079835306952757,1.5269926751652325,1.5225649239459174,1.5790807818024146
vLH92_MN_60x-1xzoom_0004_XY10_488.tif,5,4119,1924,2195,0.4671036659383345,292.9689636230469,0.6942954201355163,304.1905822753906,297.0,1252961.0,339.1311950683594,340.0,744393.0,264.3284912109375,263.0,508568.0,False,vLH92_MN_60x-1xzoom_0004_XY10_Dapi-ex_Green-em.tif,244.02500915527344,219.0,1005139.0,285.4724426269531,257.0,626612.0,196.73960876464844,196.0,378527.0,156.94098227539064,191.8815950683594,117.07889121093751,149.7504,192.7504,115.75040000000001,100.99620915527345,142.44364262695314,53.71080876464845,75.97120000000001,113.97120000000001,52.97120000000001,2mM 2DG,1h,yes,MN,1.5539294354514501,1.9711469609536245,1.3470702625239634,1.6912202380952381,2.1798013082237717,2.1851572175068714
vLH92_MN_60x-1xzoom_0004_XY10_488.tif,6,3076,1513,1563,0.49187256176853056,238.61534881591797,0.59689539033158,258.00616455078125,243.0,793627.0,288.2117614746094,282.0,450475.0,226.80238342285156,227.0,343152.0,False,vLH92_MN_60x-1xzoom_0004_XY10_Dapi-ex_Green-em.tif,212.04226684570312,199.0,652242.0,235.5860595703125,219.0,368221.0,187.72042846679688,187.0,284021.0,110.75656455078126,140.9621614746094,79.55278342285158,95.75040000000001,134.7504,79.75040000000001,69.01346684570314,92.55725957031251,44.691628466796885,55.97120000000001,75.97120000000001,43.97120000000001,2mM 2DG,1h,yes,MN,1.604854380064767,1.7107083643016407,1.5229725051174983,1.7737037193041574,1.7800376972603353,1.813696237537297
vLH92_MN_60x-1xzoom_0004_XY10_488.tif,7,5122,3912,1210,0.7637641546270988,299.896240234375,0.43513138710093346,297.34771728515625,297.0,1523015.0,338.72149658203125,338.0,409853.0,284.5506286621094,285.0,1113162.0,False,vLH92_MN_60x-1xzoom_0004_XY10_Dapi-ex_Green-em.tif,254.65286254882812,245.0,1304332.0,278.1983337402344,261.0,336620.0,247.37014770507812,239.0,967712.0,150.09811728515626,191.47189658203126,137.3010286621094,149.7504,190.7504,137.7504,111.62406254882814,135.16953374023439,104.34134770507814,101.97120000000001,117.97120000000001,95.97120000000001,2mM 2DG,1h,yes,MN,1.3446752775146333,1.4685558275277726,1.4165314570811307,1.616923452503662,1.3158832206211493,1.4353305991797538
vLH92_MN_60x-1xzoom_0004_XY10_488.tif,8,4069,1832,2237,0.45023347259768987,535.1602172851562,0.49313110859630943,572.4505004882812,542.0,2329301.0,679.3602905273438,717.0,1519729.0,441.9061279296875,435.0,809572.0,False,vLH92_MN_60x-1xzoom_0004_XY10_Dapi-ex_Green-em.tif,287.6161193847656,261.0,1170310.0,333.6888732910156,320.0,746462.0,231.3580780029297,230.0,423848.0,425.20090048828126,532.1106905273438,294.6565279296875,394.7504,569.7504,287.7504,144.58731938476564,190.66007329101564,88.3292780029297,117.97120000000001,176.9712,86.97120000000001,2mM 2DG,1h,yes,MN,2.940789706162035,3.3461590625508597,2.790886845591169,3.2194526567034636,3.3358874270421905,3.308571113196092
vLH92_MN_60x-1xzoom_0004_XY11_488.tif,1,1703,1056,676,0.6200822078684675,201.57608032226562,0.502036869398324,206.60011291503906,200.0,351840.0,223.4792938232422,217.0,151072.0,195.23484802246094,192.0,206168.0,False,vLH92_MN_60x-1xzoom_0004_XY11_Dapi-ex_Green-em.tif,274.23077392578125,248.0,467015.0,329.0221862792969,317.5,222419.0,237.98106384277344,235.0,251308.0,59.476912915039065,76.35609382324219,48.11164802246094,52.8768,69.8768,44.8768,132.44357392578127,187.2349862792969,96.19386384277345,106.21280000000002,175.71280000000002,93.21280000000002,2mM 2DG,1h,yes,MN,0.44907360283382824,0.49783830197490314,0.4078089001450959,0.39767620799395376,0.500152983781775,0.48144460846579007
vLH92_MN_60x-1xzoom_0004_XY11_488.tif,2,978,642,337,0.656441717791411,193.6206817626953,0.6255021224320173,194.89161682128906,193.0,190604.0,209.69436645507812,208.0,70667.0,187.10592651367188,185.0,120122.0,False,vLH92_MN_60x-1xzoom_0004_XY11_Dapi-ex_Green-em.tif,241.64212036132812,233.0,236326.0,270.6172180175781,262.0,91198.0,226.4376983642578,222.0,145373.0,47.768416821289065,62.57116645507813,39.98272651367188,45.8768,60.8768,37.8768,99.85492036132814,128.83001801757814,84.65049836425783,91.21280000000002,120.21280000000002,80.21280000000002,2mM 2DG,1h,yes,MN,0.4783781975734151,0.502964496211058,0.485687787814643,0.5064086353533067,0.472327124899171,0.4722039375261803
vLH92_MN_60x-1xzoom_0004_XY11_488.tif,3,4746,2351,2395,0.4953645174884113,507.26478576660156,0.252786103052009,514.3992919921875,515.5,2441339.0,641.31689453125,655.0,1535954.0,385.1063232421875,365.0,905385.0,False,vLH92_MN_60x-1xzoom_0004_XY11_Dapi-ex_Green-em.tif,296.06048583984375,287.0,1405103.0,351.57952880859375,348.0,842033.0,239.50233459472656,236.0,563070.0,367.2760919921875,494.19369453125,237.9831232421875,368.3768,507.8768,217.8768,154.27328583984377,209.79232880859377,97.71513459472658,145.21280000000002,206.21280000000002,94.21280000000002,2mM 2DG,1h,yes,MN,2.3806849643007477,2.5368066726900107,2.3556328171662217,2.462877183181645,2.4354786413509255,2.312602958409048
vLH92_MN_60x-1xzoom_0004_XY11_488.tif,4,3686,1816,1870,0.49267498643516006,253.61040496826172,0.8407418964460105,252.46826171875,252.0,930598.0,290.8245849609375,291.0,543842.0,212.9713592529297,211.0,386756.0,False,vLH92_MN_60x-1xzoom_0004_XY11_Dapi-ex_Green-em.tif,212.54421997070312,207.0,783438.0,239.31016540527344,232.0,447510.0,184.9823760986328,184.0,335928.0,105.34506171875,143.7013849609375,65.84815925292969,104.8768,143.8768,63.8768,70.75701997070314,97.52296540527345,43.19517609863283,65.21280000000002,90.21280000000002,42.212800000000016,2mM 2DG,1h,yes,MN,1.4888284125358586,1.6082241523136558,1.47351328339701,1.594860152882961,1.5244331705598453,1.513209263540916
vLH92_MN_60x-1xzoom_0004_XY11_488.tif,5,3724,1891,1833,0.5077873254564984,338.39666748046875,0.37101535429100363,386.5123596191406,341.0,1439372.0,489.309326171875,509.0,896904.0,286.8683166503906,280.0,542468.0,False,vLH92_MN_60x-1xzoom_0004_XY11_Dapi-ex_Green-em.tif,300.1629943847656,240.0,1117807.0,387.6399230957031,322.0,710544.0,215.36911010742188,209.0,407263.0,239.38915961914063,342.186126171875,139.74511665039063,193.8768,361.8768,132.8768,158.37579438476564,245.85272309570314,73.58191010742189,98.21280000000002,180.21280000000002,67.21280000000002,2mM 2DG,1h,yes,MN,1.5115261808099114,1.9740481892380624,1.3918337851343308,2.0080527021388046,1.899177616432862,1.9769567701390207
vLH92_MN_60x-1xzoom_0004_XY11_488.tif,6,1262,686,576,0.5435816164817749,217.86573028564453,0.8025691041884406,218.40333557128906,218.0,275625.0,222.62152099609375,222.5,128230.0,214.86151123046875,214.0,147395.0,False,vLH92_MN_60x-1xzoom_0004_XY11_Dapi-ex_Green-em.tif,297.9294738769531,295.0,375987.0,320.859375,318.5,184815.0,278.6763916015625,280.0,191172.0,71.28013557128907,75.49832099609375,67.73831123046875,70.8768,75.3768,66.8768,156.14227387695314,179.07217500000002,136.88919160156252,153.21280000000002,176.71280000000002,138.21280000000002,2mM 2DG,1h,yes,MN,0.45650760554096254,0.4626036466927045,0.421608331925905,0.4265497462549402,0.4948404650356307,0.48386835372700643
vLH92_MN_60x-1xzoom_0004_XY11_488.tif,7,2949,934,2015,0.31671753136656494,301.895263671875,0.3606114875145282,303.45098876953125,302.0,894877.0,319.1419372558594,312.0,643071.0,269.5995788574219,273.0,251806.0,False,vLH92_MN_60x-1xzoom_0004_XY11_Dapi-ex_Green-em.tif,257.50286865234375,251.0,759376.0,267.620849609375,259.0,539256.0,235.6745147705078,229.5,220120.0,156.32778876953125,172.01873725585938,122.47637885742188,154.8768,164.8768,125.8768,115.71566865234377,125.83364960937502,93.88731477050783,109.21280000000002,117.21280000000002,87.71280000000002,2mM 2DG,1h,yes,MN,1.350964744793573,1.4181194878256027,1.367032886591596,1.4066450080537278,1.304504012675145,1.43510183234374
vLH92_MN_60x-1xzoom_0004_XY11_488.tif,8,4915,2404,2511,0.4891149542217701,420.0715637207031,0.7749616311411288,492.0264587402344,421.0,2418310.0,645.8662109375,681.0,1621770.0,331.3394470214844,326.0,796540.0,False,vLH92_MN_60x-1xzoom_0004_XY11_Dapi-ex_Green-em.tif,311.8618469238281,277.0,1532801.0,386.0955810546875,384.0,969486.0,234.32403564453125,230.0,563315.0,344.9032587402344,498.7430109375,184.21624702148438,273.8768,533.8768,178.8768,170.07464692382814,244.30838105468752,92.53683564453127,135.21280000000002,242.21280000000002,88.21280000000002,2mM 2DG,1h,yes,MN,2.0279522255583884,2.0255242107256115,2.0414486346494116,2.2041642720781063,1.9907342382997422,2.0277873505885764
vLH92_MN_60x-1xzoom_0004_XY11_488.tif,9,5049,2495,2554,0.4941572588631412,364.52972412109375,0.501738999403392,395.5933837890625,368.0,1997351.0,480.4259948730469,499.0,1227008.0,308.75469970703125,300.0,770343.0,False,vLH92_MN_60x-1xzoom_0004_XY11_Dapi-ex_Green-em.tif,279.9358215332031,256.0,1413396.0,334.18792724609375,330.0,853516.0,224.4008026123047,222.0,559880.0,248.4701837890625,333.3027948730469,161.63149970703125,220.8768,351.8768,152.8768,138.14862153320314,192.40072724609377,82.6136026123047,114.21280000000002,188.21280000000002,80.21280000000002,2mM 2DG,1h,yes,MN,1.7985715748118722,1.9339058319207652,1.7323364606971037,1.8695689134851614,1.9564756238212688,1.9058903317176308
vLH92_MN_60x-1xzoom_0004_XY11_488.tif,10,2862,1254,1608,0.4381551362683438,370.92633056640625,0.7801302299964382,410.67926025390625,368.0,1175364.0,488.04229736328125,509.0,784772.0,311.47686767578125,306.0,390592.0,False,vLH92_MN_60x-1xzoom_0004_XY11_Dapi-ex_Green-em.tif,254.23304748535156,236.0,727615.0,287.27301025390625,280.0,461935.0,211.86602783203125,210.0,265680.0,263.55606025390625,340.91909736328125,164.35366767578125,220.8768,361.8768,158.8768,112.44584748535158,145.48581025390627,70.07882783203127,94.21280000000002,138.21280000000002,68.21280000000002,2mM 2DG,1h,yes,MN,2.3438487605177234,2.34444576533125,2.3433151093450206,2.618258222103886,2.3452685034874303,2.3291347078554168
vLH92_MN_60x-1xzoom_0004_XY11_488.tif,11,2471,1259,1215,0.50951031970862,349.469482421875,0.23150131766827994,345.8636169433594,349.0,854629.0,390.89959716796875,387.0,474943.0,302.3057861328125,301.0,380603.0,False,vLH92_MN_60x-1xzoom_0004_XY11_Dapi-ex_Green-em.tif,333.5414733886719,312.0,824181.0,381.6378479003906,376.0,463690.0,286.9324951171875,270.0,361248.0,198.74041694335938,243.77639716796875,155.1825861328125,201.8768,239.8768,153.8768,191.7542733886719,239.85064790039064,145.14529511718752,170.21280000000002,234.21280000000002,128.21280000000002,2mM 2DG,1h,yes,MN,1.0364327919854337,1.1860259627948073,1.0163674741008348,1.024183136019893,1.0691534025096787,1.2001672219934358
vLH92_MN_60x-1xzoom_0004_XY11_488.tif,12,758,0,758,0.0,704.8663940429688,,693.3654174804688,703.0,525571.0,693.3654174804688,703.0,525571.0,,,,True,vLH92_MN_60x-1xzoom_0004_XY11_Dapi-ex_Green-em.tif,322.03826904296875,323.0,244105.0,322.03826904296875,323.0,244105.0,,,,546.2422174804688,546.2422174804688,,555.8768,555.8768,,180.25106904296877,180.25106904296877,,181.21280000000002,181.21280000000002,,2mM 2DG,1h,yes,MN,3.0304520266132458,3.06753606809232,3.0304520266132458,3.06753606809232,,
vLH92_MN_60x-1xzoom_0004_XY11_488.tif,13,1397,752,645,0.5382963493199714,217.0514373779297,0.5818696695173564,224.64352416992188,218.0,313827.0,249.69302368164062,244.0,161052.0,203.1582489013672,202.0,152775.0,False,vLH92_MN_60x-1xzoom_0004_XY11_Dapi-ex_Green-em.tif,307.39227294921875,297.0,429427.0,371.65582275390625,362.0,239718.0,252.27261352539062,249.0,189709.0,77.52032416992188,102.56982368164063,56.03504890136719,70.8768,96.8768,54.8768,165.60507294921877,229.86862275390627,110.48541352539064,155.21280000000002,220.21280000000002,107.21280000000002,2mM 2DG,1h,yes,MN,0.46810355980877927,0.4566427511133102,0.4462106330686562,0.4399235648427339,0.5071714637560711,0.5118493314231136
vLH92_MN_60x-1xzoom_0004_XY11_488.tif,14,4101,1956,2145,0.4769568397951719,257.97772216796875,0.7208943244687227,273.2840881347656,261.0,1120738.0,307.24102783203125,309.0,659032.0,236.04600524902344,236.0,461706.0,False,vLH92_MN_60x-1xzoom_0004_XY11_Dapi-ex_Green-em.tif,258.4842834472656,243.0,1060044.0,292.48345947265625,289.0,627377.0,221.19989013671875,221.0,432667.0,126.16088813476563,160.11782783203125,88.92280524902344,113.8768,161.8768,88.8768,116.69708344726564,150.69625947265627,79.41269013671877,101.21280000000002,147.21280000000002,79.21280000000002,2mM 2DG,1h,yes,MN,1.0810971826196205,1.125122514148408,1.0625202536038032,1.0996109033997044,1.1197556095371135,1.122000484770138
vLH92_MN_60x-1xzoom_0004_XY12_488.tif,1,4009,1665,2344,0.41531554003492144,280.8497009277344,0.7740554370176367,324.23223876953125,283.0,1299847.0,385.1134948730469,412.0,902706.0,238.5231170654297,236.0,397141.0,False,vLH92_MN_60x-1xzoom_0004_XY12_Dapi-ex_Green-em.tif,225.8353729248047,204.0,905374.0,254.40785217285156,239.0,596332.0,185.61080932617188,185.0,309042.0,179.91863876953124,240.79989487304687,94.20951706542968,138.6864,267.6864,91.68639999999999,84.4897729248047,113.06225217285157,44.265209326171885,62.65440000000001,97.65440000000001,43.65440000000001,2mM 2DG,1h,yes,MN,2.1294723910508977,2.213514134681682,2.1297992057057886,2.7411606645476287,2.128297109615793,2.100278551532033
vLH92_MN_60x-1xzoom_0004_XY12_488.tif,2,1661,803,858,0.48344370860927155,220.37277221679688,0.490448412041391,221.42384338378906,219.0,367785.0,240.9254150390625,239.0,206714.0,200.5865478515625,200.0,161071.0,False,vLH92_MN_60x-1xzoom_0004_XY12_Dapi-ex_Green-em.tif,302.744140625,304.0,502858.0,345.706298828125,341.0,296616.0,256.83935546875,260.0,206242.0,77.11024338378905,96.61181503906249,56.27294785156249,74.68639999999999,94.68639999999999,55.68639999999999,161.398540625,204.360698828125,115.49375546875001,162.6544,199.6544,118.65440000000001,2mM 2DG,1h,yes,MN,0.4777629530303509,0.4591723310282414,0.47275144190183377,0.47425150660341064,0.4872380123338242,0.4693159292870723
vLH92_MN_60x-1xzoom_0004_XY12_488.tif,3,1215,586,629,0.4823045267489712,256.4002380371094,0.4030958981537876,265.6543273925781,258.0,322770.0,284.394287109375,279.0,178884.0,245.53924560546875,244.0,143886.0,False,vLH92_MN_60x-1xzoom_0004_XY12_Dapi-ex_Green-em.tif,290.8880615234375,289.0,353429.0,289.0858459472656,283.0,181835.0,292.8225402832031,294.5,171594.0,121.34072739257812,140.080687109375,101.22564560546874,113.68639999999999,134.6864,99.68639999999999,149.5424615234375,147.74024594726563,151.47694028320313,147.6544,141.6544,153.1544,2mM 2DG,1h,yes,MN,0.8114132010162252,0.769949286983659,0.9481552315770163,0.9508098583595002,0.6682577916890586,0.6508882539450384
vLH92_MN_60x-1xzoom_0004_XY12_488.tif,4,4445,2305,2140,0.5185601799775028,500.3187255859375,0.2072022670607881,572.3455810546875,507.0,2544076.0,720.6350708007812,757.0,1542159.0,434.671142578125,450.0,1001917.0,False,vLH92_MN_60x-1xzoom_0004_XY12_Dapi-ex_Green-em.tif,283.3941650390625,258.0,1259687.0,336.25982666015625,338.0,719596.0,234.31280517578125,236.0,540091.0,428.0319810546875,576.3214708007813,290.357542578125,362.6864,612.6864,305.6864,142.0485650390625,194.91422666015626,92.96720517578126,116.65440000000001,196.6544,94.65440000000001,2mM 2DG,1h,yes,MN,3.0132791622145656,3.1090674676651715,2.9567953077413365,3.1155489020332117,3.1232254646046473,3.229500160584188
vLH92_MN_60x-1xzoom_0004_XY12_488.tif,5,996,484,512,0.4859437751004016,230.8753662109375,0.9004988170065011,234.6536102294922,227.0,233715.0,262.322265625,262.0,134309.0,205.38429260253906,205.0,99406.0,False,vLH92_MN_60x-1xzoom_0004_XY12_Dapi-ex_Green-em.tif,266.6616516113281,255.0,265595.0,301.203125,293.0,154216.0,230.1219024658203,231.0,111379.0,90.34001022949218,118.00866562499999,61.070692602539054,82.68639999999999,117.68639999999999,60.68639999999999,125.31605161132813,159.857525,88.77630246582032,113.65440000000001,151.6544,89.65440000000001,2mM 2DG,1h,yes,MN,0.7208973556690463,0.7275248472562433,0.7382115144407496,0.7760170492910194,0.6879166050653194,0.6768926009208693
vLH92_MN_60x-1xzoom_0004_XY12_488.tif,6,2429,1192,1237,0.4907369287772746,351.6772155761719,0.47815023322114847,385.6199951171875,355.0,936671.0,434.5432434082031,393.0,537530.0,334.8498229980469,337.0,399141.0,False,vLH92_MN_60x-1xzoom_0004_XY12_Dapi-ex_Green-em.tif,289.2482604980469,255.0,702584.0,333.54730224609375,277.0,412598.0,243.27684020996094,242.0,289986.0,241.3063951171875,290.2296434082031,190.53622299804687,210.6864,248.6864,192.6864,147.90266049804688,192.20170224609376,101.93124020996095,113.65440000000001,135.6544,100.65440000000001,2mM 2DG,1h,yes,MN,1.6315216663757988,1.853746093420052,1.5100263942334655,1.83323504434799,1.869262285100964,1.9143365814112445
vLH92_MN_60x-1xzoom_0004_XY12_488.tif,7,6015,2948,3068,0.49010806317539485,387.3828430175781,0.1922954089887796,424.4836120605469,382.0,2553269.0,524.6417846679688,474.5,1609601.0,320.2004699707031,322.0,943951.0,False,vLH92_MN_60x-1xzoom_0004_XY12_Dapi-ex_Green-em.tif,277.6724853515625,239.0,1670200.0,337.2884521484375,339.0,1034801.0,215.60516357421875,213.0,635604.0,280.17001206054687,380.32818466796874,175.88686997070312,237.6864,330.1864,177.6864,136.3268853515625,195.9428521484375,74.25956357421876,97.65440000000001,197.6544,71.65440000000001,2mM 2DG,1h,yes,MN,2.0551339622997973,2.4339548448405806,1.9410158650740124,1.6705239043502194,2.3685416598888693,2.4797695605573415
vLH92_MN_60x-1xzoom_0004_XY12_488.tif,8,4608,1993,2615,0.4325086805555556,345.0145568847656,0.6915125555232594,381.0177917480469,347.0,1755730.0,444.4485778808594,460.0,1162233.0,297.790771484375,291.0,593497.0,False,vLH92_MN_60x-1xzoom_0004_XY12_Dapi-ex_Green-em.tif,234.59786987304688,224.0,1081027.0,262.887939453125,256.0,687452.0,197.47866821289062,195.0,393575.0,236.70419174804687,300.13497788085937,153.477171484375,202.6864,315.6864,146.6864,93.25226987304688,121.54233945312501,56.133068212890635,82.65440000000001,114.65440000000001,53.65440000000001,2mM 2DG,1h,yes,MN,2.538320966023611,2.4522154900404574,2.469386217439165,2.7533736167124854,2.734166799902982,2.733911850659032
vLH92_MN_60x-1xzoom_0004_XY12_488.tif,9,4367,2199,2170,0.5035493473780628,622.5554809570312,0.1276099521224097,642.8472900390625,626.0,2807314.0,775.668212890625,783.0,1683200.0,511.4797668457031,535.0,1124744.0,False,vLH92_MN_60x-1xzoom_0004_XY12_Dapi-ex_Green-em.tif,306.2193603515625,295.0,1337260.0,355.41290283203125,334.0,771246.0,257.64300537109375,251.0,566557.0,498.5336900390625,631.354612890625,367.1661668457031,481.6864,638.6864,390.6864,164.8737603515625,214.06730283203126,116.29740537109376,153.6544,192.6544,109.65440000000001,2mM 2DG,1h,yes,MN,3.0237297249485455,3.134868900597705,2.9493276391958836,3.3151923859512165,3.1571311988785253,3.562888493302594
vLH92_MN_60x-1xzoom_0004_XY12_488.tif,10,4518,2000,2518,0.4426737494466578,253.74441528320312,0.6324981390660246,267.651611328125,257.0,1209250.0,301.3514709472656,299.0,758803.0,225.22349548339844,224.0,450447.0,False,vLH92_MN_60x-1xzoom_0004_XY12_Dapi-ex_Green-em.tif,219.9734344482422,207.0,993840.0,243.66004943847656,237.0,613536.0,190.15199279785156,189.0,380304.0,123.33801132812499,157.03787094726562,80.90989548339843,112.68639999999999,154.6864,79.68639999999999,78.6278344482422,102.31444943847657,48.80639279785157,65.65440000000001,95.65440000000001,47.65440000000001,2mM 2DG,1h,yes,MN,1.5686303990645176,1.7163571672271771,1.5348552605142558,1.617138364779874,1.6577724934213953,1.6721729787805528
vLH92_MN_60x-1xzoom_0004_XY13_488.tif,1,4266,2031,2235,0.4760900140646976,232.80030822753906,0.8009332122955122,241.77989196777344,237.0,1031433.0,270.7100524902344,270.0,605037.0,209.94386291503906,209.0,426396.0,False,vLH92_MN_60x-1xzoom_0004_XY13_Dapi-ex_Green-em.tif,228.4364776611328,214.0,974510.0,260.75079345703125,245.0,582778.0,192.8764190673828,192.0,391732.0,95.80709196777343,124.73725249023437,63.971062915039056,91.0272,124.0272,63.02719999999999,86.7836776611328,119.09799345703124,51.2236190673828,72.34719999999999,103.34719999999999,50.34719999999999,2mM 2DG,1h,yes,MN,1.1039759382158782,1.2581993498020658,1.0473497400712943,1.2001021798365124,1.2488587116597025,1.2518511456446437
vLH92_MN_60x-1xzoom_0004_XY13_488.tif,2,4892,2063,2829,0.42170891251022075,432.2136688232422,0.7791405206592886,485.71710205078125,439.0,2376128.0,560.21630859375,597.0,1584852.0,383.5559997558594,383.0,791276.0,False,vLH92_MN_60x-1xzoom_0004_XY13_Dapi-ex_Green-em.tif,239.71299743652344,226.0,1172676.0,262.0109558105469,262.0,741229.0,209.13572692871094,209.0,431447.0,339.74430205078124,414.24350859375,237.58319975585937,293.0272,451.0272,237.0272,98.06019743652342,120.35815581054686,67.48292692871092,84.34719999999999,120.34719999999999,67.34719999999999,2mM 2DG,1h,yes,MN,3.464650397738648,3.474059601267144,3.441756861461068,3.747716606618185,3.520641598827547,3.5194811365580163
vLH92_MN_60x-1xzoom_0004_XY13_488.tif,3,5105,1813,3292,0.3551420176297747,383.62420654296875,0.7445767254798983,381.3813781738281,390.0,1946952.0,434.5719909667969,455.0,1430611.0,284.7992248535156,275.0,516341.0,False,vLH92_MN_60x-1xzoom_0004_XY13_Dapi-ex_Green-em.tif,236.8252716064453,229.0,1208993.0,258.3617858886719,254.0,850527.0,197.7198028564453,195.0,358466.0,235.40857817382812,288.59919096679687,138.82642485351562,244.0272,309.0272,129.0272,95.1724716064453,116.70898588867186,56.0670028564453,87.34719999999999,112.34719999999999,53.34719999999999,2mM 2DG,1h,yes,MN,2.473494427540807,2.7937609906213368,2.47281037333398,2.7506444308358375,2.4760807209361384,2.4186311558994666
vLH92_MN_60x-1xzoom_0004_XY13_488.tif,4,2180,1049,1131,0.48119266055045873,311.98854064941406,0.5292278510688354,312.6422119140625,311.0,681560.0,336.2679138183594,337.0,380319.0,287.169677734375,286.0,301241.0,False,vLH92_MN_60x-1xzoom_0004_XY13_Dapi-ex_Green-em.tif,260.1156005859375,253.0,567052.0,267.10699462890625,262.0,302098.0,252.57769775390625,243.0,264954.0,166.6694119140625,190.29511381835937,141.196877734375,165.0272,191.0272,140.0272,118.46280058593749,125.45419462890624,110.92489775390624,111.34719999999999,120.34719999999999,101.34719999999999,2mM 2DG,1h,yes,MN,1.4069345911939173,1.4820956431773769,1.5168493519188633,1.5873007431830573,1.2729051871440893,1.38165829939061
vLH92_MN_60x-1xzoom_0004_XY13_488.tif,5,4683,1970,2713,0.420670510356609,322.9646301269531,0.7225777479971854,348.1236267089844,322.0,1630263.0,399.9211120605469,394.0,1084986.0,276.79034423828125,276.0,545277.0,False,vLH92_MN_60x-1xzoom_0004_XY13_Dapi-ex_Green-em.tif,250.64466857910156,233.0,1173769.0,279.3800354003906,262.0,757958.0,211.0715789794922,209.5,415811.0,202.15082670898437,253.94831206054687,130.81754423828124,176.0272,248.0272,130.0272,108.99186857910155,137.7272354003906,69.41877897949217,91.34719999999999,120.34719999999999,67.84719999999999,2mM 2DG,1h,yes,MN,1.8547331038945543,1.9270125411616341,1.843849630193235,2.0609303747822967,1.8844691042020143,1.916471129243359
vLH92_MN_60x-1xzoom_0004_XY13_488.tif,6,4274,2023,2251,0.4733270940570894,418.1507110595703,0.7904249525420032,452.005859375,417.0,1931873.0,552.1097412109375,572.0,1242799.0,340.619873046875,335.0,689074.0,False,vLH92_MN_60x-1xzoom_0004_XY13_Dapi-ex_Green-em.tif,358.64154052734375,324.0,1532834.0,428.2967529296875,435.0,964096.0,281.13592529296875,278.0,568738.0,306.033059375,406.1369412109375,194.647073046875,271.0272,426.0272,189.0272,216.98874052734374,286.6439529296875,139.48312529296874,182.3472,293.3472,136.3472,2mM 2DG,1h,yes,MN,1.410363775702156,1.4863249888125512,1.416869035819364,1.4522968005148849,1.3954883261902868,1.386366570050577
vLH92_MN_60x-1xzoom_0004_XY13_488.tif,7,4676,2271,2405,0.4856715141146279,441.5362091064453,0.21145744621629664,441.77587890625,448.0,2065744.0,553.079833984375,559.0,1330157.0,323.9044494628906,313.0,735587.0,False,vLH92_MN_60x-1xzoom_0004_XY13_Dapi-ex_Green-em.tif,241.83447265625,236.0,1130818.0,278.8232727050781,274.0,670570.0,202.66314697265625,200.0,460248.0,295.80307890625,407.107033984375,177.93164946289062,302.0272,413.0272,167.0272,100.18167265624999,137.1704727050781,61.01034697265624,94.34719999999999,132.3472,58.34719999999999,2mM 2DG,1h,yes,MN,2.952666601217861,3.2012311971102485,2.967891164592478,3.1207853282880182,2.9164175962257097,2.862642937450298
vLH92_MN_60x-1xzoom_0004_XY13_488.tif,8,4257,1918,2339,0.4505520319473808,605.0748901367188,0.7531723388411541,696.0582275390625,596.0,2963120.0,898.6156616210938,964.0,2101862.0,449.03961181640625,443.0,861258.0,False,vLH92_MN_60x-1xzoom_0004_XY13_Dapi-ex_Green-em.tif,302.7571105957031,267.0,1288837.0,366.07440185546875,359.0,856248.0,225.54171752929688,225.0,432589.0,550.0854275390625,752.6428616210937,303.06681181640624,450.0272,818.0272,297.0272,161.1043105957031,224.42160185546874,83.88891752929686,125.34719999999999,217.3472,83.34719999999999,2mM 2DG,1h,yes,MN,3.4144674683442893,3.59024533455873,3.353700603678109,3.7636886971628805,3.6127157286368012,3.563733394763112
vLH92_MN_60x-1xzoom_0004_XY13_488.tif,9,4589,2041,2548,0.4447592067988669,653.1322631835938,0.5677409993383458,683.6434936523438,648.0,3137240.0,790.1177368164062,809.5,2013220.0,550.72021484375,549.0,1124020.0,False,vLH92_MN_60x-1xzoom_0004_XY13_Dapi-ex_Green-em.tif,316.9646911621094,304.0,1454551.0,354.0934143066406,352.0,902230.0,270.6129455566406,268.0,552321.0,537.6706936523437,644.1449368164062,404.74741484375,502.0272,663.5272,403.0272,175.31189116210936,212.4406143066406,128.9601455566406,162.3472,210.3472,126.34719999999999,2mM 2DG,1h,yes,MN,3.066937958904136,3.0923058728453587,3.0321176528261957,3.154437995846867,3.1385465106037804,3.1898387934200363
vLH92_MN_60x-1xzoom_0004_XY13_488.tif,10,4054,1931,2123,0.47631968426245685,442.3013000488281,0.17371451470833585,414.80810546875,435.0,1681632.0,460.2298583984375,460.0,977068.0,364.8700256347656,361.0,704564.0,False,vLH92_MN_60x-1xzoom_0004_XY13_Dapi-ex_Green-em.tif,247.08140563964844,240.0,1001668.0,266.38482666015625,254.0,565535.0,225.85862731933594,222.0,436133.0,268.83530546875,314.2570583984375,218.89722563476562,289.0272,314.0272,215.0272,105.42860563964842,124.73202666015624,84.20582731933592,98.34719999999999,112.34719999999999,80.34719999999999,2mM 2DG,1h,yes,MN,2.5499275442152807,2.9388452340280153,2.5194576470296557,2.7951493228135638,2.599549610796365,2.676225182707052
vLH92_MN_60x-1xzoom_0004_XY13_488.tif,11,4171,2150,2021,0.5154639175257731,513.0323486328125,0.17172776475230517,529.2617797851562,514.0,2207551.0,685.870361328125,681.0,1386144.0,382.0497741699219,370.0,821407.0,False,vLH92_MN_60x-1xzoom_0004_XY13_Dapi-ex_Green-em.tif,323.0910949707031,298.0,1347613.0,401.6828308105469,390.0,811801.0,249.2148895263672,246.0,535812.0,383.28897978515624,539.897561328125,236.07697416992187,368.0272,535.0272,224.0272,181.4382949707031,260.03003081054686,107.56208952636717,156.3472,248.3472,104.34719999999999,2mM 2DG,1h,yes,MN,2.112503205825683,2.3539097598166134,2.0762892641484343,2.1543516496260073,2.1947972116332983,2.1469402149746233
vLH92_MN_60x-1xzoom_0004_XY13_488.tif,12,1997,1053,944,0.5272909364046069,251.16220092773438,0.5814754787174359,260.2954406738281,254.0,519810.0,277.66949462890625,272.0,262120.0,244.7198486328125,243.0,257690.0,False,vLH92_MN_60x-1xzoom_0004_XY13_Dapi-ex_Green-em.tif,231.55984497070312,219.0,462425.0,240.32733154296875,224.0,226869.0,223.6999053955078,216.0,235556.0,114.32264067382812,131.69669462890624,98.7470486328125,108.0272,126.0272,97.0272,89.90704497070311,98.67453154296874,82.0471053955078,77.34719999999999,82.34719999999999,74.34719999999999,2mM 2DG,1h,yes,MN,1.2715648780479996,1.3966530139423277,1.3346574092582106,1.53043697903511,1.2035409190464754,1.3050552004648461
vLH92_MN_60x-1xzoom_0004_XY14_488.tif,1,3056,1432,1624,0.468586387434555,562.8457641601562,0.42619935931270053,660.3861083984375,564.0,2018140.0,855.3516235351562,917.0,1389091.0,439.280029296875,429.0,629049.0,False,vLH92_MN_60x-1xzoom_0004_XY14_Dapi-ex_Green-em.tif,364.1341552734375,297.0,1112794.0,458.7758483886719,431.0,745052.0,256.8030700683594,255.0,367742.0,515.1477083984375,710.1132235351563,294.041629296875,418.7616,771.7616,283.7616,222.0349552734375,316.6766483886719,114.70387006835938,154.9008,288.9008,112.9008,2mM 2DG,1h,yes,MN,2.320119855740866,2.7034179294103065,2.2423921282114923,2.6713723188028555,2.5634848163504578,2.513371030143276
vLH92_MN_60x-1xzoom_0004_XY14_488.tif,2,1635,815,820,0.4984709480122324,241.44058227539062,0.7550121803916169,250.0929718017578,243.0,408902.0,273.20245361328125,267.0,224026.0,226.8417205810547,226.0,184876.0,False,vLH92_MN_60x-1xzoom_0004_XY14_Dapi-ex_Green-em.tif,197.32110595703125,194.0,322620.0,207.34024047851562,202.0,170019.0,187.24049377441406,187.0,152601.0,104.8545718017578,127.96405361328124,81.60332058105467,97.76159999999999,121.76159999999999,80.76159999999999,55.221905957031254,65.24104047851563,45.141293774414066,51.900800000000004,59.900800000000004,44.900800000000004,2mM 2DG,1h,yes,MN,1.8987858166892364,1.8836241445218567,1.9614042430151122,2.03272076499813,1.8077310984672568,1.798667284324555
vLH92_MN_60x-1xzoom_0004_XY14_488.tif,3,1768,875,893,0.49490950226244346,266.6216278076172,0.8025030760970334,288.580322265625,268.0,510210.0,327.406494140625,312.0,292374.0,248.95542907714844,248.0,217836.0,False,vLH92_MN_60x-1xzoom_0004_XY14_Dapi-ex_Green-em.tif,234.70645141601562,221.0,414961.0,258.17803955078125,242.0,230553.0,210.7519989013672,210.0,184408.0,143.341922265625,182.168094140625,103.71702907714842,122.76159999999999,166.7616,102.76159999999999,92.60725141601563,116.07883955078125,68.65279890136719,78.9008,99.9008,67.9008,2mM 2DG,1h,yes,MN,1.5478477125046737,1.555898039056638,1.569347995255686,1.6692719177424002,1.510747278143134,1.5134077949007962
vLH92_MN_60x-1xzoom_0004_XY14_488.tif,4,3283,1077,2206,0.3280536095035029,659.6804809570312,0.594728481081366,628.9287109375,663.0,2064773.0,697.3821411132812,740.0,1538425.0,488.716796875,471.0,526348.0,False,vLH92_MN_60x-1xzoom_0004_XY14_Dapi-ex_Green-em.tif,558.5068359375,575.0,1833578.0,619.8871459960938,653.0,1367471.0,432.78271484375,415.0,466107.0,483.6903109375,552.1437411132813,343.478396875,517.7616,594.7616,325.7616,416.4076359375,477.78794599609375,290.68351484375,432.9008,510.9008,272.9008,2mM 2DG,1h,yes,MN,1.1615788693416242,1.1960282817680172,1.1556250963221149,1.164143019545086,1.1816232408625877,1.1936996886780837
vLH92_MN_60x-1xzoom_0004_XY14_488.tif,5,2284,1118,1166,0.489492119089317,350.9880065917969,0.8669997724998703,378.5753173828125,354.0,864666.0,428.4888610839844,429.0,499618.0,326.5187683105469,326.0,365048.0,False,vLH92_MN_60x-1xzoom_0004_XY14_Dapi-ex_Green-em.tif,335.8520202636719,309.0,767086.0,381.5900573730469,363.0,444934.0,288.1502685546875,288.0,322152.0,233.3369173828125,283.25046108398436,181.28036831054686,208.7616,283.7616,180.7616,193.75282026367188,239.49085737304688,146.0510685546875,166.9008,220.9008,145.9008,2mM 2DG,1h,yes,MN,1.2043020435277891,1.250812458658077,1.1827193079140161,1.284565741726603,1.2412122013518037,1.238934947580822
vLH92_MN_60x-1xzoom_0004_XY14_488.tif,6,2363,1306,1057,0.5526872619551417,347.2281799316406,0.4674205943899955,367.0198974609375,350.0,867268.0,406.0,390.0,429142.0,335.4716796875,335.0,438126.0,False,vLH92_MN_60x-1xzoom_0004_XY14_Dapi-ex_Green-em.tif,272.096923828125,265.0,642965.0,293.9697265625,289.0,310726.0,254.3943328857422,254.0,332239.0,221.7814974609375,260.7616,190.2332796875,204.7616,244.7616,189.7616,129.997723828125,151.8705265625,112.29513288574219,122.9008,146.9008,111.9008,2mM 2DG,1h,yes,MN,1.7060413900335927,1.6660721492455703,1.7169993803418304,1.666169278860292,1.6940474159379475,1.6958019960536475
vLH92_MN_60x-1xzoom_0004_XY14_488.tif,7,3995,1926,2069,0.4821026282853567,387.70672607421875,0.7064389556561316,419.0708312988281,386.0,1674188.0,524.024169921875,517.0,1084206.0,306.32501220703125,302.0,589982.0,False,vLH92_MN_60x-1xzoom_0004_XY14_Dapi-ex_Green-em.tif,290.22027587890625,271.0,1159430.0,347.87628173828125,342.0,719756.0,228.2834930419922,226.0,439674.0,273.8324312988281,378.785769921875,161.08661220703124,240.7616,371.7616,156.7616,148.12107587890625,205.77708173828125,86.18429304199219,128.9008,199.9008,83.9008,2mM 2DG,1h,yes,MN,1.8487067399017203,1.867805320060077,1.840757808022741,1.8597304262914405,1.8690947795852297,1.8684160341736906
vLH92_MN_60x-1xzoom_0004_XY14_488.tif,8,2567,1236,1331,0.481495909622127,238.22950744628906,0.6155148157681073,246.5897979736328,239.0,632996.0,270.23065185546875,266.0,359677.0,221.1318817138672,220.0,273319.0,False,vLH92_MN_60x-1xzoom_0004_XY14_Dapi-ex_Green-em.tif,217.25711059570312,202.0,557699.0,243.01502990722656,222.0,323453.0,189.51942443847656,187.0,234246.0,101.3513979736328,124.99225185546874,75.89348171386717,93.76159999999999,120.76159999999999,74.76159999999999,75.15791059570313,100.91582990722657,47.420224438476566,59.900800000000004,79.9008,44.900800000000004,2mM 2DG,1h,yes,MN,1.3485127137026502,1.5652812650248407,1.2385792394550585,1.511394128719612,1.6004454346759172,1.6650393756904105
vLH92_MN_60x-1xzoom_0004_XY15_488.tif,1,551,402,149,0.7295825771324864,171.80702209472656,0.8234270115537831,174.32122802734375,174.0,96051.0,183.1208038330078,181.0,27285.0,171.05970764160156,171.0,68766.0,False,vLH92_MN_60x-1xzoom_0004_XY15_Dapi-ex_Green-em.tif,192.054443359375,190.0,105822.0,204.1140899658203,198.0,30413.0,187.58457946777344,187.0,75409.0,29.37402802734377,38.17360383300783,26.11250764160158,29.05280000000002,36.05280000000002,26.05280000000002,50.35044335937499,62.410089965820305,45.88057946777343,48.29599999999999,56.29599999999999,45.29599999999999,2mM 2DG,1h,yes,MN,0.5833916459818914,0.601557064767269,0.6116575677733216,0.6404149495523664,0.5691407550757513,0.5751677852348999
vLH92_MN_60x-1xzoom_0004_XY15_488.tif,2,369,187,183,0.5067750677506775,188.28921508789062,0.4149374812853958,192.19512939453125,190.0,70920.0,199.58470153808594,196.0,36524.0,184.91444396972656,184.0,34579.0,False,vLH92_MN_60x-1xzoom_0004_XY15_Dapi-ex_Green-em.tif,272.3956604003906,258.0,100514.0,298.8415222167969,276.0,54688.0,246.34759521484375,246.0,46067.0,47.24792939453127,54.63750153808596,39.96724396972658,45.05280000000002,51.05280000000002,39.05280000000002,130.69166040039062,157.13752221679687,104.64359521484374,116.29599999999999,134.296,104.29599999999999,2mM 2DG,1h,yes,MN,0.36152214494621304,0.38739767489853494,0.3477049960270126,0.38015130755942117,0.38193683892138686,0.374441972846514
vLH92_MN_60x-1xzoom_0004_XY15_488.tif,3,767,389,379,0.5071707953063885,183.8294219970703,0.4972057084005896,187.60494995117188,185.0,143893.0,199.0343017578125,198.0,75434.0,176.45758056640625,177.0,68642.0,False,vLH92_MN_60x-1xzoom_0004_XY15_Dapi-ex_Green-em.tif,225.23207092285156,210.0,172753.0,259.6596374511719,259.0,98411.0,191.6092529296875,189.0,74536.0,42.657749951171894,54.08710175781252,31.51038056640627,40.05280000000002,53.05280000000002,32.05280000000002,83.52807092285155,117.95563745117187,49.90525292968749,68.29599999999999,117.29599999999999,47.29599999999999,2mM 2DG,1h,yes,MN,0.510699570573964,0.5864589434227484,0.45853765811067787,0.45229845860046397,0.6314040850730057,0.6777063599458734
vLH92_MN_60x-1xzoom_0004_XY15_488.tif,4,2299,1205,1094,0.5241409308394954,278.6904602050781,0.7158755654313946,305.7685852050781,283.0,702962.0,344.1042175292969,315.0,376450.0,270.9643249511719,270.0,326512.0,False,vLH92_MN_60x-1xzoom_0004_XY15_Dapi-ex_Green-em.tif,235.48455810546875,224.0,541379.0,255.93235778808594,239.0,279990.0,216.9203338623047,217.0,261389.0,160.82138520507814,199.1570175292969,126.0171249511719,138.05280000000002,170.05280000000002,125.05280000000002,93.78055810546874,114.22835778808593,75.21633386230468,82.29599999999999,97.29599999999999,75.29599999999999,2mM 2DG,1h,yes,MN,1.7148691418983992,1.677515310586177,1.7434989120544728,1.747788192731459,1.6753957349458968,1.6608159796005104
vLH92_MN_60x-1xzoom_0004_XY15_488.tif,5,1806,910,896,0.5038759689922481,237.97535705566406,0.831153832807816,256.90087890625,243.0,463963.0,285.1730041503906,274.5,255515.0,229.06373596191406,229.0,208448.0,False,vLH92_MN_60x-1xzoom_0004_XY15_Dapi-ex_Green-em.tif,260.0110778808594,242.0,469580.0,292.0133972167969,270.0,261644.0,228.5010986328125,228.0,207936.0,111.95367890625002,140.22580415039064,84.11653596191408,98.05280000000002,129.55280000000002,84.05280000000002,118.30707788085937,150.30939721679687,86.79709863281249,100.29599999999999,128.296,86.29599999999999,2mM 2DG,1h,yes,MN,0.9462973890623221,0.9776342027598312,0.9329144201685389,1.009796096526782,0.9691169092847413,0.9740057476592198
vLH92_MN_60x-1xzoom_0004_XY15_488.tif,6,2557,1294,1263,0.5060617911615174,201.82029724121094,0.7445648916068891,229.75401306152344,207.0,587481.0,267.1346130371094,271.0,337391.0,193.26893615722656,193.0,250090.0,False,vLH92_MN_60x-1xzoom_0004_XY15_Dapi-ex_Green-em.tif,236.47047424316406,204.0,604655.0,285.60333251953125,279.0,360717.0,188.51467895507812,188.0,243938.0,84.80681306152346,122.1874130371094,48.32173615722658,62.05280000000002,126.05280000000002,48.05280000000002,94.76647424316405,143.89933251953124,46.81067895507812,62.29599999999999,137.296,46.29599999999999,2mM 2DG,1h,yes,MN,0.8949031156726923,0.9960960575317842,0.8491173023372091,0.9181097774152198,1.0322801812722808,1.0379471228615869
vLH92_MN_60x-1xzoom_0004_XY15_488.tif,7,3327,1662,1665,0.4995491433724076,346.30126953125,0.6426999843888357,400.29547119140625,350.0,1331783.0,482.58740234375,502.0,803508.0,317.85498046875,317.0,528275.0,False,vLH92_MN_60x-1xzoom_0004_XY15_Dapi-ex_Green-em.tif,276.2173156738281,248.0,918975.0,323.58740234375,318.0,538773.0,228.76173400878906,229.0,380202.0,255.34827119140627,337.64020234375005,172.90778046875002,205.05280000000002,357.05280000000005,172.05280000000002,134.51331567382812,181.88340234375,87.05773400878905,106.29599999999999,176.296,87.29599999999999,2mM 2DG,1h,yes,MN,1.8983122221935436,1.9290735305185522,1.8563552143456605,2.0253028996687394,1.9861277396824253,1.970912756598241
vLH92_MN_60x-1xzoom_0004_XY15_488.tif,8,215,133,82,0.6186046511627907,225.77171325683594,0.7801796979803725,227.70233154296875,223.0,48956.0,247.0853729248047,244.0,20261.0,215.7518768310547,213.0,28695.0,False,vLH92_MN_60x-1xzoom_0004_XY15_Dapi-ex_Green-em.tif,333.8790588378906,342.0,71784.0,375.80487060546875,373.0,30816.0,308.03009033203125,309.0,40968.0,82.75513154296877,102.1381729248047,70.8046768310547,78.05280000000002,99.05280000000002,68.05280000000002,192.17505883789062,234.10087060546874,166.32609033203124,200.296,231.296,167.296,2mM 2DG,1h,yes,MN,0.43062368261209644,0.38968726285098065,0.436299842288663,0.42825124515772006,0.4256979568852348,0.40678079571537884
vLH92_MN_60x-1xzoom_0004_XY15_488.tif,9,773,407,366,0.5265200517464425,198.8377685546875,0.24469215131097918,200.5511016845703,199.0,155026.0,207.78688049316406,205.0,76050.0,194.04421997070312,194.0,78976.0,False,vLH92_MN_60x-1xzoom_0004_XY15_Dapi-ex_Green-em.tif,272.88873291015625,266.0,210943.0,290.0928955078125,277.0,106174.0,257.4176940917969,256.0,104769.0,55.60390168457033,62.83968049316408,49.097019970703144,54.05280000000002,60.05280000000002,49.05280000000002,131.18473291015624,148.3888955078125,115.71369409179687,124.29599999999999,135.296,114.29599999999999,2mM 2DG,1h,yes,MN,0.4238595486766853,0.4348715968333657,0.4234796699450846,0.4438623462630087,0.4242974036569429,0.42917337439630454
vLH92_MN_60x-1xzoom_0004_XY15_488.tif,10,1962,1098,864,0.5596330275229358,261.87872314453125,0.7419766538466255,278.56829833984375,265.0,546551.0,312.4560241699219,302.0,269962.0,251.90255737304688,253.0,276589.0,False,vLH92_MN_60x-1xzoom_0004_XY15_Dapi-ex_Green-em.tif,236.4087677001953,224.0,463834.0,260.2882080078125,251.0,224889.0,217.61839294433594,215.0,238945.0,133.62109833984377,167.5088241699219,106.9553573730469,120.05280000000002,157.05280000000002,108.05280000000002,94.7047677001953,118.58420800781249,75.91439294433593,82.29599999999999,109.29599999999999,73.29599999999999,2mM 2DG,1h,yes,MN,1.4109226133455604,1.4587926509186355,1.412572778315357,1.4369492021665937,1.4088943245778398,1.4741977734119192
vLH92_MN_60x-1xzoom_0004_XY15_488.tif,11,1036,673,363,0.6496138996138996,251.54391479492188,0.5112982226182251,254.0347442626953,251.0,263180.0,269.33056640625,265.0,97767.0,245.7845458984375,246.0,165413.0,False,vLH92_MN_60x-1xzoom_0004_XY15_Dapi-ex_Green-em.tif,255.833984375,243.0,265044.0,276.5867919921875,261.0,100401.0,244.64041137695312,236.0,164643.0,109.08754426269533,124.38336640625002,100.83734589843752,106.05280000000002,120.05280000000002,101.05280000000002,114.12998437499999,134.8827919921875,102.93641137695312,101.29599999999999,119.29599999999999,94.29599999999999,2mM 2DG,1h,yes,MN,0.9558184456090296,1.0469594060969833,0.9221588949126616,1.006343884120172,0.9796081342798243,1.071655213370663
vLH92_MN_60x-1xzoom_0004_XY15_488.tif,12,853,456,397,0.5345838218053928,229.19374084472656,0.3993865439358608,231.19578552246094,229.0,197210.0,245.4987335205078,244.0,97463.0,218.74342346191406,218.0,99747.0,False,vLH92_MN_60x-1xzoom_0004_XY15_Dapi-ex_Green-em.tif,324.8569641113281,312.0,277103.0,359.6876525878906,343.0,142796.0,294.53289794921875,286.0,134307.0,86.24858552246096,100.55153352050783,73.79622346191408,84.05280000000002,99.05280000000002,73.05280000000002,183.15296411132812,217.98365258789062,152.82889794921874,170.296,201.296,144.296,2mM 2DG,1h,yes,MN,0.4709101266307403,0.4935688448348759,0.46128015714373644,0.492075351720849,0.4828682562798741,0.5062704440871544
vLH92_MN_60x-1xzoom_0004_XY15_488.tif,13,1859,980,879,0.5271651425497579,199.5211639404297,0.6464341450930036,205.5987091064453,202.0,382208.0,216.95790100097656,212.0,190706.0,195.4102020263672,195.0,191502.0,False,vLH92_MN_60x-1xzoom_0004_XY15_Dapi-ex_Green-em.tif,201.60194396972656,195.0,374778.0,214.9488067626953,205.0,188940.0,189.630615234375,189.0,185838.0,60.65150910644533,72.01070100097658,50.46300202636721,57.05280000000002,67.05280000000002,50.05280000000002,59.897943969726555,73.2448067626953,47.92661523437499,53.29599999999999,63.29599999999999,47.29599999999999,2mM 2DG,1h,yes,MN,1.0125808180845013,1.0704893425397783,0.9831509452169478,1.059352881698686,1.0529223017229268,1.058288227334236
vLH92_MN_60x-1xzoom_0004_XY15_488.tif,14,895,556,339,0.6212290502793296,212.73974609375,0.6578947690273101,216.13185119628906,214.0,193438.0,229.85545349121094,228.0,77921.0,207.76438903808594,207.0,115517.0,False,vLH92_MN_60x-1xzoom_0004_XY15_Dapi-ex_Green-em.tif,277.532958984375,272.0,248392.0,302.6991271972656,294.0,102615.0,262.1888427734375,261.5,145777.0,71.18465119628908,84.90825349121096,62.81718903808596,69.05280000000002,83.05280000000002,62.05280000000002,135.828958984375,160.99512719726562,120.48484277343749,130.296,152.296,119.79599999999999,2mM 2DG,1h,yes,MN,0.5240756590387898,0.5299686866826305,0.5273964185709408,0.545338025949467,0.5213700544574629,0.5179872449831382
vLH92_MN_60x-1xzoom_0004_XY15_488.tif,15,125,87,38,0.696,222.70758056640625,0.6287653026370552,222.83200073242188,222.0,27854.0,229.5263214111328,229.5,8722.0,219.90805053710938,218.0,19132.0,False,vLH92_MN_60x-1xzoom_0004_XY15_Dapi-ex_Green-em.tif,272.8080139160156,270.0,34101.0,280.2105407714844,275.0,10648.0,269.57470703125,268.0,23453.0,77.8848007324219,84.57912141113283,74.9608505371094,77.05280000000002,84.55280000000002,73.05280000000002,131.10401391601562,138.50654077148437,127.87070703124999,128.296,133.296,126.29599999999999,2mM 2DG,1h,yes,MN,0.5940687733810682,0.6005861445407497,0.6106507385140466,0.6343236106109712,0.5862237902445468,0.5784252866282386
vLH92_MN_60x-1xzoom_0004_XY15_488.tif,16,213,140,78,0.6572769953051644,213.0926513671875,0.46056344200575344,213.5962371826172,214.0,45496.0,220.9871826171875,223.5,17237.0,208.64285278320312,208.0,29210.0,False,vLH92_MN_60x-1xzoom_0004_XY15_Dapi-ex_Green-em.tif,296.6431884765625,289.0,63185.0,320.6794738769531,311.5,25013.0,282.44287109375,279.5,39542.0,68.6490371826172,76.03998261718752,63.695652783203144,69.05280000000002,78.55280000000002,63.05280000000002,154.9391884765625,178.97547387695312,140.73887109375,147.296,169.796,137.796,2mM 2DG,1h,yes,MN,0.44307084513355177,0.4688029545948296,0.42486258574996444,0.46263045065843733,0.4525803872675214,0.45758077157537247
vLH92_MN_60x-1xzoom_0004_XY15_488.tif,17,1348,339,1009,0.25148367952522255,234.6419906616211,0.5980752854200195,236.1097869873047,235.0,318276.0,239.04757690429688,238.0,241199.0,227.36578369140625,229.0,77077.0,False,vLH92_MN_60x-1xzoom_0004_XY15_Dapi-ex_Green-em.tif,249.48590087890625,238.0,336307.0,257.0178527832031,245.0,259331.0,227.06784057617188,226.0,76976.0,91.1625869873047,94.1003769042969,82.41858369140627,90.05280000000002,93.05280000000002,84.05280000000002,107.78190087890624,115.31385278320312,85.36384057617187,96.29599999999999,103.29599999999999,84.29599999999999,2mM 2DG,1h,yes,MN,0.8458060791646878,0.9351665697432918,0.8160370556797819,0.900836431226766,0.9654976057205686,0.9971149283477274
vLH92_MN_60x-1xzoom_0004_XY15_488.tif,18,585,333,252,0.5692307692307692,203.06727600097656,0.6863382628046273,201.75897216796875,201.0,118029.0,211.90475463867188,211.0,53400.0,194.08108520507812,192.0,64629.0,False,vLH92_MN_60x-1xzoom_0004_XY15_Dapi-ex_Green-em.tif,218.5008544921875,210.0,127823.0,208.6587371826172,204.0,52582.0,225.94894409179688,216.0,75241.0,56.81177216796877,66.9575546386719,49.133885205078144,56.05280000000002,66.05280000000002,47.05280000000002,76.79685449218749,66.95473718261718,84.24494409179687,68.29599999999999,62.29599999999999,74.29599999999999,2mM 2DG,1h,yes,MN,0.7397669155023557,0.8207332786693221,1.0000420800106649,1.0603056376011306,0.5832265156653172,0.6333153871002479
vLH92_MN_60x-1xzoom_0004_XY15_488.tif,19,847,588,259,0.6942148760330579,180.09771728515625,0.7812046079396647,183.75088500976562,181.0,155637.0,196.3474884033203,189.0,50854.0,178.20237731933594,178.0,104783.0,False,vLH92_MN_60x-1xzoom_0004_XY15_Dapi-ex_Green-em.tif,210.992919921875,197.0,178711.0,256.43243408203125,234.0,66416.0,190.97789001464844,191.0,112295.0,38.803685009765644,51.40028840332033,33.25517731933596,36.05280000000002,44.05280000000002,33.05280000000002,69.28891992187499,114.72843408203124,49.27389001464843,55.29599999999999,92.29599999999999,49.29599999999999,2mM 2DG,1h,yes,MN,0.5600272749743794,0.6519965277777782,0.4480169960880747,0.47729912455577733,0.6749046464456057,0.6704965920155799
vLH92_MN_60x-1xzoom_0004_XY15_488.tif,20,1137,581,556,0.5109938434476693,200.89976501464844,0.5080146288637414,206.8513641357422,202.0,235190.0,224.5107879638672,219.5,124828.0,189.95181274414062,190.0,110362.0,False,vLH92_MN_60x-1xzoom_0004_XY15_Dapi-ex_Green-em.tif,282.67547607421875,267.0,321402.0,327.4190673828125,330.5,182045.0,239.85714721679688,238.0,139357.0,61.90416413574221,79.5635879638672,45.004612744140644,57.05280000000002,74.55280000000002,45.05280000000002,140.97147607421874,185.7150673828125,98.15314721679687,125.29599999999999,188.796,96.29599999999999,2mM 2DG,1h,yes,MN,0.439125458991086,0.45534414506448745,0.42841751660280547,0.3948854848619675,0.4585142098881068,0.46785743956135273
vLH92_MN_60x-1xzoom_0004_XY15_488.tif,21,531,322,209,0.6064030131826742,188.61521911621094,0.7765808206673755,198.03955078125,191.0,105159.0,217.5454559326172,209.0,45467.0,185.37887573242188,185.0,59692.0,False,vLH92_MN_60x-1xzoom_0004_XY15_Dapi-ex_Green-em.tif,232.52731323242188,213.0,123472.0,271.22967529296875,246.0,56687.0,207.40682983398438,207.0,66785.0,53.09235078125002,72.5982559326172,40.431675732421894,46.05280000000002,64.05280000000002,40.05280000000002,90.82331323242187,129.52567529296874,65.70282983398437,71.29599999999999,104.29599999999999,65.29599999999999,2mM 2DG,1h,yes,MN,0.5845674297895713,0.6459380610412929,0.5604931668444131,0.6141443583646546,0.6153719076420795,0.6134035775545214
vLH92_MN_60x-1xzoom_0004_XY15_488.tif,22,524,244,280,0.46564885496183206,201.6077651977539,0.4923988395073244,207.6526641845703,202.0,108810.0,218.4250030517578,212.0,61159.0,195.29098510742188,195.0,47651.0,False,vLH92_MN_60x-1xzoom_0004_XY15_Dapi-ex_Green-em.tif,242.76144409179688,220.0,127207.0,274.2178649902344,251.0,76781.0,206.6639404296875,202.0,50426.0,62.70546418457033,73.47780305175783,50.343785107421894,57.05280000000002,67.05280000000002,50.05280000000002,101.05744409179687,132.51386499023437,64.95994042968749,78.29599999999999,109.29599999999999,60.29599999999999,2mM 2DG,1h,yes,MN,0.6204932723967469,0.7286809032389908,0.5544914342146219,0.6134972917581616,0.7749974026209877,0.8301180841183499
vLH92_MN_60x-1xzoom_0004_XY15_488.tif,23,1136,720,416,0.6338028169014085,196.1402359008789,0.5562315627050021,198.30810546875,197.0,225278.0,210.5576934814453,211.0,87592.0,191.23056030273438,190.0,137686.0,False,vLH92_MN_60x-1xzoom_0004_XY15_Dapi-ex_Green-em.tif,236.5748291015625,232.0,268749.0,258.9278869628906,258.0,107714.0,223.65972900390625,222.0,161035.0,53.36090546875002,65.61049348144533,46.283360302734394,52.05280000000002,66.05280000000002,45.05280000000002,94.87082910156249,117.22388696289062,81.95572900390624,90.29599999999999,116.29599999999999,80.29599999999999,2mM 2DG,1h,yes,MN,0.5624585130548962,0.5764685035881991,0.5597024222735042,0.567971383366582,0.56473611869804,0.561083989239813
vLH92_MN_60x-1xzoom_0004_XY15_488.tif,24,465,273,192,0.5870967741935483,253.49488830566406,0.4506024179769251,262.8473205566406,255.0,122224.0,296.3125,294.0,56892.0,239.3113555908203,239.0,65332.0,False,vLH92_MN_60x-1xzoom_0004_XY15_Dapi-ex_Green-em.tif,396.595703125,378.0,184417.0,455.640625,458.5,87483.0,355.0696105957031,352.0,96934.0,117.90012055664064,151.36530000000002,94.36415559082033,110.05280000000002,149.05280000000002,94.05280000000002,254.891703125,313.936625,213.36561059570312,236.296,316.796,210.296,2mM 2DG,1h,yes,MN,0.4625498559237996,0.4657412736567696,0.48215240894559536,0.47050089016275465,0.44226506477478567,0.4472400806482293
vLH92_MN_60x-1xzoom_0004_XY15_488.tif,25,1396,763,633,0.5465616045845272,190.9270477294922,0.21304740371541567,191.69412231445312,191.0,267605.0,200.22117614746094,199.0,126740.0,184.6199188232422,184.0,140865.0,False,vLH92_MN_60x-1xzoom_0004_XY15_Dapi-ex_Green-em.tif,268.2163391113281,267.0,374430.0,289.90203857421875,286.0,183508.0,250.22543334960938,248.0,190922.0,46.746922314453144,55.27397614746096,39.67271882324221,46.05280000000002,54.05280000000002,39.05280000000002,126.51233911132812,148.19803857421874,108.52143334960937,125.29599999999999,144.296,106.29599999999999,2mM 2DG,1h,yes,MN,0.3695048454784862,0.36755203677691245,0.37297373621972274,0.37459666241614475,0.36557496154177926,0.36739670354481846
vLH92_MN_60x-1xzoom_0004_XY16_488.tif,1,1551,763,799,0.49194068343004516,198.20989990234375,0.22931462250183396,198.15280151367188,198.0,307335.0,207.0938720703125,206.0,165468.0,188.5059051513672,188.0,143830.0,False,vLH92_MN_60x-1xzoom_0004_XY16_Dapi-ex_Green-em.tif,260.2237243652344,258.0,403607.0,277.7984924316406,276.0,221961.0,241.32371520996094,240.0,184130.0,53.30800151367188,62.24907207031251,43.661105151367195,53.15520000000001,61.15520000000001,43.15520000000001,117.25412436523436,134.8288924316406,98.35411520996092,115.03039999999999,133.0304,97.03039999999999,2mM 2DG,1h,yes,MN,0.454636472723322,0.46209697610370837,0.46168941202178393,0.459708457615703,0.443917420823337,0.4447595805026055
vLH92_MN_60x-1xzoom_0004_XY16_488.tif,2,1590,952,638,0.5987421383647799,198.4080352783203,0.7061368770117609,204.037109375,199.0,324419.0,225.578369140625,224.0,143919.0,189.60084533691406,189.0,180500.0,False,vLH92_MN_60x-1xzoom_0004_XY16_Dapi-ex_Green-em.tif,252.32264709472656,242.0,401193.0,285.01409912109375,283.0,181839.0,230.4138641357422,225.0,219354.0,59.19230937500001,80.73356914062501,44.75604533691407,54.15520000000001,79.15520000000001,44.15520000000001,109.35304709472655,142.04449912109374,87.44426413574217,99.03039999999999,140.0304,82.03039999999999,2mM 2DG,1h,yes,MN,0.5412954732182722,0.546854299285876,0.568368149700744,0.5652715410368035,0.5118236831113132,0.5382784918761827
vLH92_MN_60x-1xzoom_0004_XY16_488.tif,3,933,452,481,0.4844587352625938,185.8182830810547,0.8033951477781194,189.3140411376953,187.0,176630.0,201.65696716308594,201.0,96997.0,176.17919921875,176.0,79633.0,False,vLH92_MN_60x-1xzoom_0004_XY16_Dapi-ex_Green-em.tif,238.09217834472656,229.0,222140.0,268.69854736328125,268.0,129244.0,205.52212524414062,204.0,92896.0,44.46924113769532,56.812167163085945,31.334399218750008,42.15520000000001,56.15520000000001,31.155200000000008,95.12257834472655,125.72894736328124,62.55252524414061,86.03039999999999,125.03039999999999,61.030399999999986,2mM 2DG,1h,yes,MN,0.4674940683014048,0.49000353363462235,0.45186226684084824,0.44913237100737113,0.5009294044717267,0.5104865771812083
vLH92_MN_60x-1xzoom_0004_XY16_488.tif,4,1649,954,696,0.5785324439053973,221.03109741210938,0.42442252242104844,226.848388671875,221.0,374073.0,244.16810607910156,236.0,169941.0,214.1708526611328,212.0,204319.0,False,vLH92_MN_60x-1xzoom_0004_XY16_Dapi-ex_Green-em.tif,280.677978515625,276.0,462838.0,300.8735656738281,296.0,209408.0,265.87841796875,261.0,253648.0,82.00358867187501,99.32330607910157,69.32605266113282,76.15520000000001,91.15520000000001,67.15520000000001,137.708378515625,157.9039656738281,122.90881796874999,133.0304,153.0304,118.03039999999999,2mM 2DG,1h,yes,MN,0.5954872866546064,0.5724646396613107,0.6290108399447498,0.5956672661118315,0.5640445804202529,0.568965283520178
vLH92_MN_60x-1xzoom_0004_XY16_488.tif,5,909,420,489,0.46204620462046203,202.14622497558594,0.4221712632822111,203.89878845214844,202.0,185344.0,213.48875427246094,212.0,104396.0,192.73333740234375,193.0,80948.0,False,vLH92_MN_60x-1xzoom_0004_XY16_Dapi-ex_Green-em.tif,265.6666564941406,259.0,241491.0,291.2617492675781,287.0,142427.0,235.86666870117188,232.0,99064.0,59.053988452148445,68.64395427246095,47.88853740234376,57.15520000000001,67.15520000000001,48.15520000000001,122.69705649414061,148.2921492675781,92.89706870117186,116.03039999999999,144.0304,89.03039999999999,2mM 2DG,1h,yes,MN,0.4812991455501507,0.4925881493125941,0.4628967521982563,0.4662571234961509,0.5155010601721997,0.5408849112213358
vLH92_MN_60x-1xzoom_0004_XY16_488.tif,6,489,263,230,0.5378323108384458,207.25450134277344,0.3998767622165215,215.14723205566406,209.0,105207.0,233.04347229003906,231.0,53600.0,199.1634979248047,198.0,52380.0,False,vLH92_MN_60x-1xzoom_0004_XY16_Dapi-ex_Green-em.tif,279.9079895019531,272.0,136875.0,298.0130310058594,293.0,68543.0,263.52471923828125,261.0,69307.0,70.30243205566407,88.19867229003907,54.318697924804695,64.15520000000001,86.15520000000001,53.15520000000001,136.9383895019531,155.04343100585936,120.55511923828124,129.0304,150.0304,118.03039999999999,2mM 2DG,1h,yes,MN,0.5133873146263442,0.4972099598234216,0.5688642963964458,0.5742516183386834,0.4505714752555797,0.4503517737803143
vLH92_MN_60x-1xzoom_0004_XY16_488.tif,7,439,236,203,0.5375854214123007,229.89939880371094,0.4229166244753293,230.44190979003906,230.0,101164.0,236.694580078125,237.0,48049.0,225.0635528564453,223.0,53115.0,False,vLH92_MN_60x-1xzoom_0004_XY16_Dapi-ex_Green-em.tif,370.7357482910156,369.0,162753.0,379.3152770996094,379.0,77001.0,363.3559265136719,360.0,85752.0,85.59710979003907,91.84978007812501,80.21875285644532,85.15520000000001,92.15520000000001,78.15520000000001,227.7661482910156,236.34567709960936,220.38632651367186,226.0304,236.0304,217.0304,2mM 2DG,1h,yes,MN,0.3758113768542641,0.37674224352122554,0.3886247516996655,0.3904378419051106,0.3639915149249011,0.3601117631447024
vLH92_MN_60x-1xzoom_0004_XY16_488.tif,8,878,445,433,0.5068337129840547,208.19499969482422,0.2538916651458079,210.5022735595703,208.0,184821.0,219.7875213623047,218.0,95168.0,201.46742248535156,201.0,89653.0,False,vLH92_MN_60x-1xzoom_0004_XY16_Dapi-ex_Green-em.tif,258.95556640625,255.0,227363.0,279.2817687988281,275.0,120929.0,239.17752075195312,238.0,106434.0,65.65747355957032,74.9427213623047,56.62262248535157,63.15520000000001,73.15520000000001,56.15520000000001,115.98596640624999,136.3121687988281,96.20792075195311,112.03039999999999,132.0304,95.03039999999999,2mM 2DG,1h,yes,MN,0.5660811871808684,0.5637327011239808,0.5497874622837707,0.5540784546589271,0.5885442907693448,0.5909182745731894
vLH92_MN_60x-1xzoom_0004_XY16_488.tif,9,1102,710,392,0.6442831215970962,192.64545440673828,0.3811658856016493,194.11251831054688,194.0,213912.0,200.68112182617188,200.0,78667.0,190.4859161376953,191.0,135245.0,False,vLH92_MN_60x-1xzoom_0004_XY16_Dapi-ex_Green-em.tif,243.4510040283203,239.0,268283.0,263.0178527832031,259.0,103103.0,232.64788818359375,231.0,165180.0,49.26771831054688,55.83632182617188,45.64111613769532,49.15520000000001,55.15520000000001,46.15520000000001,100.4814040283203,120.04825278320311,89.67828818359374,96.03039999999999,116.03039999999999,88.03039999999999,2mM 2DG,1h,yes,MN,0.4903167783828037,0.5118712407737551,0.465115655843884,0.47535128724885906,0.5089427671083174,0.5243097838928372
vLH92_MN_60x-1xzoom_0004_XY16_488.tif,10,743,400,343,0.5383580080753702,195.28125,0.2638506714665322,196.9300079345703,197.0,146319.0,204.69387817382812,203.0,70210.0,190.2725067138672,190.0,76109.0,False,vLH92_MN_60x-1xzoom_0004_XY16_Dapi-ex_Green-em.tif,240.2611083984375,237.0,178514.0,254.8833770751953,253.0,87425.0,227.72250366210938,228.0,91089.0,52.08520793457032,59.84907817382813,45.427706713867195,52.15520000000001,58.15520000000001,45.15520000000001,97.29150839843749,111.9137770751953,84.75290366210936,94.03039999999999,110.03039999999999,85.03039999999999,2mM 2DG,1h,yes,MN,0.5353520445100511,0.5546631727611497,0.5347784672982246,0.5285375677994446,0.5360017739920413,0.531047719403884
vLH92_MN_60x-1xzoom_0004_XY16_488.tif,11,984,505,479,0.5132113821138211,211.6767349243164,0.5435267975958133,221.45223999023438,212.0,217909.0,242.1148223876953,232.0,115973.0,201.8534698486328,201.0,101936.0,False,vLH92_MN_60x-1xzoom_0004_XY16_Dapi-ex_Green-em.tif,320.2784423828125,279.0,315154.0,392.7494812011719,339.0,188127.0,251.5386199951172,252.0,127027.0,76.60743999023438,97.27002238769532,57.00866984863282,67.15520000000001,87.15520000000001,56.15520000000001,177.3088423828125,249.77988120117186,108.56901999511717,136.0304,196.0304,109.03039999999999,2mM 2DG,1h,yes,MN,0.43205651202007034,0.49367788376715804,0.38942296681354566,0.44460042932116656,0.5250915026330416,0.515041676449871
vLH92_MN_60x-1xzoom_0004_XY16_488.tif,12,1971,0,1971,0.0,674.221435546875,,630.8741455078125,675.0,1243453.0,630.8741455078125,675.0,1243453.0,,,,True,vLH92_MN_60x-1xzoom_0004_XY16_Dapi-ex_Green-em.tif,321.2684020996094,327.0,633220.0,321.2684020996094,327.0,633220.0,,,,486.02934550781254,486.02934550781254,,530.1552,530.1552,,178.29880209960936,178.29880209960936,,184.0304,184.0304,,2mM 2DG,1h,yes,MN,2.7259260285791758,2.880802302228328,2.7259260285791758,2.880802302228328,,
vLH92_MN_60x-1xzoom_0004_XY16_488.tif,13,3266,1494,1772,0.45744029393753827,501.95709228515625,0.7736193567284487,592.7327270507812,503.0,1935865.0,732.154052734375,791.0,1297377.0,427.3681335449219,424.0,638488.0,False,vLH92_MN_60x-1xzoom_0004_XY16_Dapi-ex_Green-em.tif,334.5615539550781,286.0,1092678.0,402.81378173828125,392.0,713786.0,253.60910034179688,253.0,378892.0,447.8879270507813,587.309252734375,282.5233335449219,358.15520000000004,646.1552,279.15520000000004,191.5919539550781,259.84418173828124,110.63950034179686,143.0304,249.0304,110.03039999999999,2mM 2DG,1h,yes,MN,2.3377178310723634,2.504049488780008,2.26023630317773,2.594684022512914,2.553548530788073,2.537073390626591
vLH92_MN_60x-1xzoom_0004_XY16_488.tif,14,904,454,452,0.5022123893805309,198.87161254882812,0.5522550988984056,202.40264892578125,200.0,182972.0,214.50885009765625,212.0,96958.0,190.2709197998047,190.0,86383.0,False,vLH92_MN_60x-1xzoom_0004_XY16_Dapi-ex_Green-em.tif,260.7090759277344,248.0,235681.0,295.7544250488281,290.0,133681.0,225.54185485839844,224.0,102396.0,57.55784892578126,69.66405009765626,45.426119799804695,55.15520000000001,67.15520000000001,45.15520000000001,117.73947592773436,152.7848250488281,82.57225485839842,105.03039999999999,147.0304,81.03039999999999,2mM 2DG,1h,yes,MN,0.4888576959617934,0.5251355797940407,0.45596184094456044,0.4567436394106254,0.5501378141811082,0.557262459521365
vLH92_MN_60x-1xzoom_0004_XY16_488.tif,15,3796,1796,2000,0.4731296101159115,557.0692749023438,0.6826793392974074,606.2605590820312,562.0,2301365.0,775.9429931640625,814.0,1551886.0,417.3045654296875,407.5,749479.0,False,vLH92_MN_60x-1xzoom_0004_XY16_Dapi-ex_Green-em.tif,296.1578063964844,278.0,1124215.0,352.447509765625,353.0,704895.0,233.47438049316406,232.0,419320.0,461.4157590820313,631.0981931640625,272.45976542968754,417.15520000000004,669.1552,262.65520000000004,153.18820639648436,209.477909765625,90.50478049316405,135.0304,210.0304,89.03039999999999,2mM 2DG,1h,yes,MN,3.0120840888220015,3.08934284427803,3.0127195457992144,3.1859921230450454,3.0104461216859897,2.950174322478615
vLH92_MN_60x-1xzoom_0004_XY16_488.tif,16,1032,604,428,0.5852713178294574,229.68212890625,0.7417846739163636,235.96026611328125,232.0,243511.0,251.63084411621094,246.0,107698.0,224.85595703125,225.0,135813.0,False,vLH92_MN_60x-1xzoom_0004_XY16_Dapi-ex_Green-em.tif,258.594970703125,257.5,266870.0,252.71495056152344,251.0,108162.0,262.7615966796875,263.0,158708.0,91.11546611328126,106.78604411621095,80.01115703125001,87.15520000000001,101.15520000000001,80.15520000000001,115.62537070312499,109.74535056152342,119.79199667968749,114.53039999999999,108.03039999999999,120.03039999999999,2mM 2DG,1h,yes,MN,0.7880231264055848,0.7609787445080085,0.973034789809583,0.9363586546009274,0.6679173838732507,0.6677908263239981
vLH92_MN_60x-1xzoom_0004_XY16_488.tif,17,581,280,301,0.4819277108433735,231.85313415527344,0.7143228724376984,236.48020935058594,230.0,137395.0,256.4783935546875,256.0,77200.0,214.98214721679688,214.5,60195.0,False,vLH92_MN_60x-1xzoom_0004_XY16_Dapi-ex_Green-em.tif,298.6006774902344,301.0,173487.0,341.8936767578125,342.0,102910.0,252.0607147216797,250.0,70577.0,91.63540935058595,111.63359355468751,70.13734721679688,85.15520000000001,111.15520000000001,69.65520000000001,155.63107749023436,198.9240767578125,109.09111472167967,158.0304,199.0304,107.03039999999999,2mM 2DG,1h,yes,MN,0.588798913612456,0.5388532839251183,0.5611869381231311,0.5584835281444444,0.6429244709409729,0.650798277872455
vLH92_MN_60x-1xzoom_0004_XY16_488.tif,18,891,446,446,0.500561167227834,210.88742065429688,0.6189956844222252,213.83837890625,211.0,190530.0,227.71524047851562,222.0,101561.0,199.96412658691406,200.0,89184.0,False,vLH92_MN_60x-1xzoom_0004_XY16_Dapi-ex_Green-em.tif,272.5185241699219,266.0,242814.0,289.69281005859375,281.0,129203.0,255.39910888671875,254.0,113908.0,68.99357890625001,82.87044047851563,55.11932658691407,66.15520000000001,77.15520000000001,55.15520000000001,129.54892416992186,146.72321005859374,112.42950888671874,123.03039999999999,138.0304,111.03039999999999,2mM 2DG,1h,yes,MN,0.5325677488124495,0.5377142559887639,0.5648079839953163,0.5589725161993301,0.49025675850324113,0.4967576447531488
vLH92_MN_60x-1xzoom_0004_XY16_488.tif,19,1921,1028,893,0.5351379489849037,633.79248046875,0.13198873621203458,613.3768920898438,631.0,1178297.0,668.227294921875,665.0,596727.0,565.7295532226562,582.0,581570.0,False,vLH92_MN_60x-1xzoom_0004_XY16_Dapi-ex_Green-em.tif,314.53253173828125,309.0,604217.0,319.284423828125,314.0,285121.0,310.4046630859375,300.0,319096.0,468.5320920898438,523.382494921875,420.8847532226563,486.15520000000004,520.1552,437.15520000000004,171.56293173828124,176.314823828125,167.4350630859375,166.0304,171.0304,157.0304,2mM 2DG,1h,yes,MN,2.7309634274878687,2.928109551021982,2.9684542885178966,3.0413025988362308,2.51371932178049,2.783888979458755
vLH92_MN_60x-1xzoom_0004_XY16_488.tif,20,2442,1219,1223,0.4991809991809992,345.72021484375,0.6688319994005627,370.38861083984375,349.0,904489.0,418.46771240234375,401.0,511786.0,322.1517639160156,323.0,392703.0,False,vLH92_MN_60x-1xzoom_0004_XY16_Dapi-ex_Green-em.tif,224.34356689453125,217.0,547847.0,241.1978759765625,233.0,294985.0,207.4339599609375,207.0,252862.0,225.54381083984376,273.6229124023438,177.30696391601563,204.1552,256.15520000000004,178.1552,81.37396689453124,98.22827597656249,64.46435996093749,74.03039999999999,90.03039999999999,64.03039999999999,2mM 2DG,1h,yes,MN,2.7716949221877187,2.7577211523914507,2.7855819485993107,2.8452078409070722,2.7504649704651642,2.7823533821434827
vLH92_MN_60x-1xzoom_0004_XY16_488.tif,21,1059,538,521,0.5080264400377715,175.49388122558594,0.7162552643807379,175.57223510742188,175.0,185931.0,182.91554260253906,182.0,95299.0,168.46096801757812,168.0,90632.0,False,vLH92_MN_60x-1xzoom_0004_XY16_Dapi-ex_Green-em.tif,217.86590576171875,214.0,230720.0,232.00767517089844,228.0,120876.0,204.17100524902344,204.0,109844.0,30.727435107421883,38.07074260253907,23.616168017578133,30.155200000000008,37.15520000000001,23.155200000000008,74.89630576171874,89.03807517089842,61.20140524902342,71.03039999999999,85.03039999999999,61.030399999999986,2mM 2DG,1h,yes,MN,0.4102663648749335,0.4245393521647071,0.4275782302061969,0.4369637212102967,0.38587623799626675,0.3794043624161076
vLH92_MN_60x-1xzoom_0004_XY16_488.tif,22,606,412,194,0.6798679867986799,186.22254943847656,0.7795047691807229,187.24588012695312,185.0,113471.0,197.5154571533203,194.5,38318.0,182.41018676757812,182.0,75153.0,False,vLH92_MN_60x-1xzoom_0004_XY16_Dapi-ex_Green-em.tif,226.4141845703125,223.0,137207.0,244.29380798339844,237.0,47393.0,217.99514770507812,219.0,89814.0,42.40108012695313,52.67065715332032,37.56538676757813,40.15520000000001,49.65520000000001,37.15520000000001,83.44458457031249,101.32420798339842,75.02554770507811,80.03039999999999,94.03039999999999,76.03039999999999,2mM 2DG,1h,yes,MN,0.5081345942974277,0.5017493352526042,0.5198230334250449,0.528076026476544,0.5007012666571379,0.48868873503230303
vLH92_MN_60x-1xzoom_0004_XY17_488.tif,1,4163,2024,2139,0.4861878453038674,702.49267578125,0.23232004725913274,690.5568237304688,721.0,2874788.0,846.2075805664062,859.0,1810038.0,526.062255859375,511.0,1064750.0,False,vLH92_MN_60x-1xzoom_0004_XY17_Dapi-ex_Green-em.tif,332.761474609375,324.0,1385286.0,397.5446472167969,390.0,850348.0,264.29742431640625,259.0,534938.0,546.4960237304688,702.1467805664063,382.001455859375,576.9392,714.9392,366.9392,191.127874609375,255.91104721679687,122.66382431640625,182.3664,248.3664,117.3664,2mM 2DG,1h,yes,MN,2.859321409016823,3.1636266329762504,2.743714224933704,2.8785665049700766,3.1142144637038065,3.126441639174415
vLH92_MN_60x-1xzoom_0004_XY17_488.tif,2,1168,654,514,0.559931506849315,213.5692901611328,0.5087771237151062,215.63784790039062,212.0,251865.0,230.96109008789062,227.0,118714.0,203.5948028564453,202.0,133151.0,False,vLH92_MN_60x-1xzoom_0004_XY17_Dapi-ex_Green-em.tif,301.1695251464844,291.0,351766.0,338.7879333496094,324.0,174137.0,271.6039733886719,270.0,177629.0,71.57704790039062,86.90029008789062,59.53400285644531,67.9392,82.9392,57.9392,159.53592514648437,197.15433334960937,129.97037338867187,149.3664,182.3664,128.3664,2mM 2DG,1h,yes,MN,0.44865786708961797,0.45484928337296743,0.44077291435330657,0.45479430421393413,0.4580582582340589,0.4513579877600369
vLH92_MN_60x-1xzoom_0004_XY17_488.tif,3,1554,848,706,0.5456885456885456,202.97128295898438,0.38820313581777366,207.09524536132812,203.0,321826.0,223.0665740966797,220.5,157485.0,193.79835510253906,194.0,164341.0,False,vLH92_MN_60x-1xzoom_0004_XY17_Dapi-ex_Green-em.tif,279.79022216796875,268.0,434794.0,325.9348449707031,317.0,230110.0,241.3726348876953,240.0,204684.0,63.034445361328125,79.00577409667969,49.73755510253906,58.9392,76.4392,49.9392,138.15662216796875,184.30124497070312,99.73903488769531,126.3664,175.3664,98.3664,2mM 2DG,1h,yes,MN,0.45625352134544656,0.4664151230073817,0.42867737604940537,0.43588281449582134,0.4986769238196742,0.5076855511638121
vLH92_MN_60x-1xzoom_0004_XY17_488.tif,4,2987,1517,1470,0.5078674255105456,254.9495849609375,0.6501255447130421,283.98492431640625,261.0,848263.0,329.729248046875,335.0,484702.0,239.6578826904297,240.0,363561.0,False,vLH92_MN_60x-1xzoom_0004_XY17_Dapi-ex_Green-em.tif,248.69937133789062,235.0,742865.0,283.09320068359375,286.0,416147.0,215.37112426757812,215.0,326718.0,139.92412431640625,185.668448046875,95.59708269042969,116.9392,190.9392,95.9392,107.06577133789062,141.45960068359375,73.73752426757812,93.3664,144.3664,73.3664,2mM 2DG,1h,yes,MN,1.3068987648238894,1.252476265551633,1.3125192433008792,1.3226013809307429,1.2964509405486382,1.307672176909321
vLH92_MN_60x-1xzoom_0004_XY17_488.tif,5,2029,1164,865,0.5736816165598817,335.5596618652344,0.10098408623926872,335.0177307128906,335.0,679751.0,349.2231140136719,348.0,302078.0,324.4613342285156,325.0,377673.0,False,vLH92_MN_60x-1xzoom_0004_XY17_Dapi-ex_Green-em.tif,323.05322265625,312.0,655475.0,340.9537658691406,327.0,294925.0,309.7508544921875,301.0,360550.0,190.95693071289062,205.16231401367187,180.40053422851562,190.9392,203.9392,180.9392,181.41962265625,199.32016586914062,168.1172544921875,170.3664,185.3664,159.3664,2mM 2DG,1h,yes,MN,1.052570432663239,1.1207562054489617,1.0293103716779304,1.1001950731092582,1.073063765961625,1.1353660495562428
vLH92_MN_60x-1xzoom_0004_XY17_488.tif,6,3494,1749,1745,0.5005724098454494,244.76380920410156,0.827700568537397,267.692626953125,247.0,935318.0,315.4573059082031,319.0,550473.0,220.03717041015625,219.0,384845.0,False,vLH92_MN_60x-1xzoom_0004_XY17_Dapi-ex_Green-em.tif,262.6662902832031,242.0,917756.0,311.3833923339844,303.0,543364.0,214.06060791015625,213.0,374392.0,123.631826953125,171.39650590820312,75.97637041015625,102.9392,174.9392,74.9392,121.03269028320312,169.74979233398437,72.42700791015625,100.3664,161.3664,71.3664,2mM 2DG,1h,yes,MN,1.0214746665866898,1.0256340767428143,1.0097008282106104,1.0841116861998532,1.0490060628267688,1.0500627746390458
vLH92_MN_60x-1xzoom_0004_XY17_488.tif,7,1219,608,611,0.49876948318293685,233.8463592529297,0.45773653740136677,239.6685791015625,234.0,292156.0,262.690673828125,260.0,160504.0,216.53289794921875,214.0,131652.0,False,vLH92_MN_60x-1xzoom_0004_XY17_Dapi-ex_Green-em.tif,322.29449462890625,305.0,392877.0,372.1374816894531,358.0,227376.0,272.2055969238281,270.0,165501.0,95.6077791015625,118.629873828125,72.47209794921875,89.9392,115.9392,69.9392,180.66089462890625,230.50388168945312,130.57199692382812,163.3664,216.3664,128.3664,2mM 2DG,1h,yes,MN,0.5292112568021402,0.5505367076706104,0.5146545600822001,0.5358466009509795,0.5550355333195742,0.5448403943711126
vLH92_MN_60x-1xzoom_0004_XY17_488.tif,8,3349,1621,1728,0.4840250821140639,277.9345703125,0.5994634215804634,277.26812744140625,276.0,928571.0,330.7997741699219,324.0,571622.0,220.2029571533203,217.0,356949.0,False,vLH92_MN_60x-1xzoom_0004_XY17_Dapi-ex_Green-em.tif,241.86741638183594,210.0,810014.0,292.6429443359375,248.0,505687.0,187.7402801513672,186.0,304327.0,133.20732744140625,186.73897416992187,76.14215715332031,131.9392,179.9392,72.9392,100.23381638183594,151.0093443359375,46.106680151367186,68.3664,106.3664,44.3664,2mM 2DG,1h,yes,MN,1.328965934350532,1.9298836855531372,1.2366054232677135,1.6916921132989364,1.6514343887555412,1.6440188971834542
vLH92_MN_60x-1xzoom_0004_XY17_488.tif,9,941,518,423,0.5504782146652497,226.11570739746094,0.25749746998780326,228.75025939941406,227.0,215254.0,239.36878967285156,237.0,101253.0,220.0791473388672,219.0,114001.0,False,vLH92_MN_60x-1xzoom_0004_XY17_Dapi-ex_Green-em.tif,353.8586730957031,348.0,332981.0,372.3309631347656,367.0,157496.0,338.7741394042969,332.0,175485.0,84.68945939941406,95.30798967285156,76.01834733886719,82.9392,92.9392,74.9392,212.22507309570312,230.69736313476562,197.14053940429687,206.3664,225.3664,190.3664,2mM 2DG,1h,yes,MN,0.3990549192141084,0.40190263531272535,0.4131299481614614,0.4123915543754526,0.3856048460076918,0.39365770430075897
vLH92_MN_60x-1xzoom_0004_XY17_488.tif,10,1630,847,783,0.5196319018404908,198.87954711914062,0.43915790572653846,208.83987426757812,199.0,340409.0,231.54150390625,227.0,181297.0,187.85360717773438,187.0,159112.0,False,vLH92_MN_60x-1xzoom_0004_XY17_Dapi-ex_Green-em.tif,211.66073608398438,202.0,345007.0,233.9272003173828,227.0,183165.0,191.0767364501953,190.0,161842.0,64.77907426757812,87.48070390625,43.792807177734375,54.9392,82.9392,42.9392,70.02713608398437,92.29360031738281,49.44313645019531,60.3664,85.3664,48.3664,2mM 2DG,1h,yes,MN,0.9250567407167389,0.9100956823663495,0.9478523278474127,0.9715672676837726,0.8857206545108119,0.8877898706540077
vLH92_MN_60x-1xzoom_0004_XY18_488.tif,1,846,433,413,0.5118203309692672,205.62364196777344,0.7915279293768098,209.3262481689453,207.0,177090.0,220.7142791748047,219.0,91155.0,198.46420288085938,197.0,85935.0,False,vLH92_MN_60x-1xzoom_0004_XY18_Dapi-ex_Green-em.tif,263.2198486328125,254.0,222684.0,292.67071533203125,288.0,120873.0,235.12933349609375,236.0,101811.0,63.08464816894531,74.47267917480468,52.22260288085937,60.758399999999995,72.7584,50.758399999999995,120.06464863281249,149.51551533203124,91.97413349609374,110.84479999999999,144.8448,92.84479999999999,2mM 2DG,1h,yes,MN,0.5254223361105551,0.5481393804671035,0.49809331833838205,0.5023197242841994,0.5677966282017468,0.5467015923347349
vLH92_MN_60x-1xzoom_0004_XY18_488.tif,2,3641,1800,1841,0.4943696786597089,297.9884338378906,0.7300232466063046,331.9530334472656,303.0,1208641.0,388.3047180175781,378.0,714869.0,274.3177795410156,274.0,493772.0,False,vLH92_MN_60x-1xzoom_0004_XY18_Dapi-ex_Green-em.tif,260.8689880371094,241.0,949824.0,297.46551513671875,293.0,547634.0,223.4388885498047,223.0,402190.0,185.71143344726562,242.06311801757812,128.07617954101562,156.7584,231.7584,127.7584,117.71378803710937,154.31031513671874,80.28368854980468,97.84479999999999,149.8448,79.84479999999999,2mM 2DG,1h,yes,MN,1.5776523425507294,1.6021127336353083,1.5686774912170356,1.546656273691179,1.595295157142194,1.600084163276757
vLH92_MN_60x-1xzoom_0004_XY18_488.tif,3,2665,1303,1362,0.48893058161350844,610.1477661132812,0.4153448369510902,733.7320556640625,619.0,1955396.0,897.8685913085938,841.0,1222897.0,562.1634521484375,566.0,732499.0,False,vLH92_MN_60x-1xzoom_0004_XY18_Dapi-ex_Green-em.tif,325.08856201171875,291.0,866361.0,379.37591552734375,374.0,516710.0,268.3430480957031,268.0,349651.0,587.4904556640624,751.6269913085937,415.9218521484375,472.7584,694.7583999999999,419.7584,181.93336201171874,236.22071552734374,125.18784809570312,147.8448,230.8448,124.84479999999999,2mM 2DG,1h,yes,MN,3.229151867298648,3.197666742421783,3.1818843221715203,3.0096341784610265,3.3223819921441193,3.362241759368432
vLH92_MN_60x-1xzoom_0004_XY18_488.tif,4,4660,1938,2722,0.41587982832618026,684.0923156738281,0.7722749258528051,747.5068969726562,679.0,3483382.0,871.0128784179688,931.0,2370897.0,574.0376586914062,571.0,1112485.0,False,vLH92_MN_60x-1xzoom_0004_XY18_Dapi-ex_Green-em.tif,372.315673828125,342.0,1734991.0,423.6572265625,425.0,1153195.0,300.204345703125,299.0,581796.0,601.2652969726562,724.7712784179687,427.79605869140624,532.7583999999999,784.7583999999999,424.7584,229.160473828125,280.50202656249996,157.049145703125,198.8448,281.84479999999996,155.8448,2mM 2DG,1h,yes,MN,2.6237740170829693,2.679267448784177,2.5838361572638373,2.7843635930128925,2.7239629784429567,2.7255218011765554
vLH92_MN_60x-1xzoom_0004_XY18_488.tif,5,2607,1317,1290,0.5051783659378596,210.56056213378906,0.702953153307626,227.62486267089844,215.0,593418.0,255.26046752929688,250.0,329286.0,200.55580139160156,200.0,264132.0,False,vLH92_MN_60x-1xzoom_0004_XY18_Dapi-ex_Green-em.tif,214.37782287597656,201.0,558883.0,239.2379913330078,232.0,308617.0,190.02732849121094,190.0,250266.0,81.38326267089843,109.01886752929687,54.31420139160156,68.7584,103.7584,53.758399999999995,71.22262287597655,96.0827913330078,46.87212849121093,57.84479999999999,88.84479999999999,46.84479999999999,2mM 2DG,1h,yes,MN,1.1426602866425615,1.1886703731363926,1.1346346834518437,1.1678612591845556,1.1587739481851373,1.1475852175695063
vLH92_MN_60x-1xzoom_0004_XY18_488.tif,6,1080,601,479,0.5564814814814815,227.78145599365234,0.4443707308038971,242.2120361328125,227.0,261589.0,278.7515563964844,253.0,133522.0,213.08984375,213.0,128067.0,False,vLH92_MN_60x-1xzoom_0004_XY18_Dapi-ex_Green-em.tif,299.1870422363281,284.0,323122.0,329.8392333984375,300.0,157993.0,274.757080078125,274.0,165129.0,95.9704361328125,132.50995639648437,66.84824375,80.7584,106.7584,66.7584,156.03184223632812,186.6840333984375,131.601880078125,140.8448,156.8448,130.8448,2mM 2DG,1h,yes,MN,0.6150695573244227,0.5733857409006226,0.7098087286001046,0.6806626678091974,0.5079581211933734,0.5102105700799726
vLH92_MN_60x-1xzoom_0004_XY18_488.tif,7,3213,1649,1564,0.5132275132275133,289.7808532714844,0.8360034703799655,318.20947265625,294.0,1022407.0,381.06201171875,387.0,595981.0,258.5967102050781,258.0,426426.0,False,vLH92_MN_60x-1xzoom_0004_XY18_Dapi-ex_Green-em.tif,259.77996826171875,246.0,834673.0,297.4130554199219,291.0,465154.0,224.0867156982422,222.0,369519.0,171.96787265625,234.82041171875,112.35511020507812,147.7584,240.7584,111.7584,116.62476826171874,154.25785541992187,80.93151569824218,102.84479999999999,147.8448,78.84479999999999,2mM 2DG,1h,yes,MN,1.4745398873619648,1.4367124054886586,1.5222590193512036,1.6284536216356613,1.3882738910265888,1.4174479483745284
vLH92_MN_60x-1xzoom_0004_XY19_488.tif,1,4837,0,4837,0.0,508.4779968261719,,507.9142150878906,518.0,2456781.0,507.9142150878906,518.0,2456781.0,,,,True,vLH92_MN_60x-1xzoom_0004_XY19_Dapi-ex_Green-em.tif,274.6334533691406,263.0,1328402.0,274.6334533691406,263.0,1328402.0,,,,364.4294150878906,364.4294150878906,,374.5152,374.5152,,133.71025336914062,133.71025336914062,,122.07679999999999,122.07679999999999,,2mM 2DG,1h,yes,MN,2.7255158516661546,3.06786547484862,2.7255158516661546,3.06786547484862,,
vLH92_MN_60x-1xzoom_0004_XY19_488.tif,2,6075,0,6075,0.0,540.63427734375,,558.0361938476562,546.0,3390070.0,558.0361938476562,546.0,3390070.0,,,,True,vLH92_MN_60x-1xzoom_0004_XY19_Dapi-ex_Green-em.tif,363.291015625,330.0,2206993.0,363.291015625,330.0,2206993.0,,,,414.55139384765624,414.55139384765624,,402.5152,402.5152,,222.367815625,222.367815625,,189.0768,189.0768,,2mM 2DG,1h,yes,MN,1.8642598645963844,2.1288449984344986,1.8642598645963844,2.1288449984344986,,
vLH92_MN_60x-1xzoom_0004_XY19_488.tif,3,5973,3259,2714,0.5456219655114682,570.2741088867188,0.1394852242922635,596.424560546875,577.0,3562444.0,761.979736328125,774.5,2068013.0,458.5550842285156,443.0,1494431.0,False,vLH92_MN_60x-1xzoom_0004_XY19_Dapi-ex_Green-em.tif,338.2919921875,331.0,2020618.0,405.67095947265625,406.0,1100991.0,282.18072509765625,275.0,919627.0,452.939760546875,618.494936328125,315.0702842285156,433.5152,631.0152,299.5152,197.3687921875,264.74775947265624,141.25752509765624,190.0768,265.0768,134.0768,2mM 2DG,1h,yes,MN,2.2948904714205427,2.280737049445277,2.336166838805692,2.380499538247029,2.2304672548290547,2.2339077304947614
vLH92_MN_60x-1xzoom_0004_XY19_488.tif,4,4966,2546,2421,0.5126862666129682,516.0130004882812,0.30815012179597623,549.1359252929688,518.0,2727009.0,641.5130004882812,660.0,1553103.0,461.2431335449219,455.0,1174325.0,False,vLH92_MN_60x-1xzoom_0004_XY19_Dapi-ex_Green-em.tif,362.9780578613281,334.0,1802549.0,421.3581237792969,410.0,1020108.0,307.4253845214844,296.0,782705.0,405.65112529296874,498.02820048828124,317.75833354492187,374.5152,516.5152,311.5152,222.05485786132812,280.43492377929687,166.50218452148437,193.0768,269.0768,155.0768,2mM 2DG,1h,yes,MN,1.8268059037298583,1.9397213958383401,1.7759136193758482,1.9195828105581754,1.9084334206072857,2.0087801656985445
vLH92_MN_60x-1xzoom_0004_XY19_488.tif,5,3797,1808,1989,0.4761653937318936,373.7202453613281,0.6658794560831279,400.5330505371094,376.0,1520824.0,477.3056945800781,492.0,949361.0,316.0746765136719,312.0,571463.0,False,vLH92_MN_60x-1xzoom_0004_XY19_Dapi-ex_Green-em.tif,301.86358642578125,287.0,1146176.0,356.49774169921875,350.0,709074.0,241.75994873046875,239.0,437102.0,257.04825053710937,333.8208945800781,172.58987651367187,232.5152,348.5152,168.5152,160.94038642578124,215.57454169921874,100.83674873046874,146.0768,209.0768,98.07679999999999,2mM 2DG,1h,yes,MN,1.5971643677868819,1.5917325680737804,1.548517241177036,1.6669243072402102,1.7115771649381062,1.718196352246403
vLH92_MN_60x-1xzoom_0004_XY20_488.tif,1,7051,0,7051,0.0,711.6875610351562,,853.4193725585938,721.0,6017460.0,853.4193725585938,721.0,6017460.0,,,,True,vLH92_MN_60x-1xzoom_0004_XY20_Dapi-ex_Green-em.tif,363.9797058105469,325.0,2566421.0,363.9797058105469,325.0,2566421.0,,,,709.2321725585938,709.2321725585938,,576.8128,576.8128,,222.17170581054688,222.17170581054688,,183.192,183.192,,2mM 2DG,1h,yes,MN,3.1922704557320154,3.1486789816149177,3.1922704557320154,3.1486789816149177,,
vLH92_MN_60x-1xzoom_0004_XY20_488.tif,2,6883,1759,5124,0.2555571698387331,761.4724731445312,0.5620725199721318,744.9645385742188,767.0,5127591.0,826.5722045898438,841.0,4235356.0,507.2398986816406,474.0,892235.0,False,vLH92_MN_60x-1xzoom_0004_XY20_Dapi-ex_Green-em.tif,387.912109375,396.0,2669999.0,427.69769287109375,416.0,2191523.0,272.01593017578125,263.0,478476.0,600.7773385742188,682.3850045898438,363.05269868164066,622.8128,696.8128,329.81280000000004,246.104109375,285.88969287109376,130.20793017578126,254.192,274.192,121.19200000000001,2mM 2DG,1h,yes,MN,2.441151186381805,2.4501668030465162,2.386882149324382,2.5413316216373927,2.788253359004463,2.7214073536207013
vLH92_MN_60x-1xzoom_0004_XY20_488.tif,3,4472,2238,2235,0.5004472271914132,858.2897644042969,0.5686952042399304,797.0279541015625,865.0,3564309.0,988.4791870117188,991.0,2209251.0,605.6917114257812,578.0,1355538.0,False,vLH92_MN_60x-1xzoom_0004_XY20_Dapi-ex_Green-em.tif,460.31060791015625,457.0,2058509.0,575.4832153320312,556.0,1286205.0,345.239501953125,331.0,772646.0,652.8407541015625,844.2919870117188,461.5045114257813,720.8128,846.8128,433.81280000000004,318.50260791015626,433.67521533203126,203.431501953125,315.192,414.192,189.192,2mM 2DG,1h,yes,MN,2.0497187083809276,2.286900682758446,1.9468301557544863,2.0444933750531153,2.268599046828656,2.2929764472070704
vLH92_MN_60x-1xzoom_0004_XY20_488.tif,4,3641,1767,1874,0.48530623455094757,443.0824279785156,0.6814680178830486,454.63580322265625,441.0,1655329.0,556.71826171875,561.0,1043290.0,346.371826171875,341.0,612039.0,False,vLH92_MN_60x-1xzoom_0004_XY20_Dapi-ex_Green-em.tif,291.37188720703125,272.0,1060885.0,347.5987243652344,333.0,651400.0,231.740234375,229.0,409485.0,310.4486032226563,412.53106171875004,202.184626171875,296.81280000000004,416.81280000000004,196.8128,149.56388720703126,205.79072436523438,89.93223437500001,130.192,191.192,87.19200000000001,2mM 2DG,1h,yes,MN,2.075692261146724,2.2798082831510387,2.0046144596225624,2.1800744801037704,2.2481886231004142,2.2572346086796955
vLH92_MN_60x-1xzoom_0004_XY21_488.tif,1,1800,912,888,0.5066666666666667,218.8696517944336,0.8281281507505321,228.76055908203125,220.0,411769.0,249.25563049316406,245.0,221339.0,208.80482482910156,208.0,190430.0,False,vLH92_MN_60x-1xzoom_0004_XY21_Dapi-ex_Green-em.tif,205.2383270263672,198.5,369429.0,220.65765380859375,211.0,195944.0,190.2247772216797,189.0,173485.0,82.42775908203123,102.92283049316404,62.47202482910154,73.66719999999998,98.66719999999998,61.66719999999998,60.94552702636719,76.36485380859375,45.93197722167969,54.2072,66.7072,44.7072,2mM 2DG,1h,yes,MN,1.352482505342354,1.3589929013120023,1.3477774834891596,1.4791087019092388,1.3600987505413773,1.3793572399971366
vLH92_MN_60x-1xzoom_0004_XY21_488.tif,2,1157,632,525,0.5462402765773552,321.76690673828125,0.44997193603166946,326.6197204589844,321.0,377899.0,355.30096435546875,345.0,186533.0,302.7943115234375,304.0,191366.0,False,vLH92_MN_60x-1xzoom_0004_XY21_Dapi-ex_Green-em.tif,270.1918640136719,266.0,312612.0,276.47808837890625,273.0,145151.0,264.9699401855469,258.0,167461.0,180.28692045898435,208.96816435546873,156.46151152343748,174.66719999999998,198.66719999999998,157.66719999999998,125.89906401367188,132.18528837890625,120.67714018554688,121.7072,128.7072,113.7072,2mM 2DG,1h,yes,MN,1.4319957171358024,1.4351427031432815,1.580873082914235,1.5435593346759153,1.2965298256394742,1.3866070046575765
vLH92_MN_60x-1xzoom_0004_XY21_488.tif,3,5310,0,5310,0.0,1088.013916015625,,1012.166259765625,1101.0,5374603.0,1012.166259765625,1101.0,5374603.0,,,,True,vLH92_MN_60x-1xzoom_0004_XY21_Dapi-ex_Green-em.tif,382.42938232421875,386.0,2030700.0,382.42938232421875,386.0,2030700.0,,,,865.833459765625,865.833459765625,,954.6672,954.6672,,238.13658232421875,238.13658232421875,,241.7072,241.7072,,2mM 2DG,1h,yes,MN,3.635869177742746,3.9496845770419746,3.635869177742746,3.9496845770419746,,
vLH92_MN_60x-1xzoom_0004_XY21_488.tif,4,2396,1264,1132,0.5275459098497496,391.8938446044922,0.5584379934041301,430.0267028808594,395.5,1030344.0,514.895751953125,509.5,582862.0,354.02056884765625,357.0,447482.0,False,vLH92_MN_60x-1xzoom_0004_XY21_Dapi-ex_Green-em.tif,301.4833068847656,272.0,722354.0,358.63958740234375,328.5,405980.0,250.29588317871094,251.0,316374.0,283.69390288085935,368.562951953125,207.68776884765623,249.16719999999998,363.1672,210.66719999999998,157.19050688476563,214.34678740234375,106.00308317871094,127.7072,184.2072,106.7072,2mM 2DG,1h,yes,MN,1.8047775816947507,1.95108184973126,1.7194703798443538,1.971514685636609,1.9592615857928846,1.9742547831823904
vLH92_MN_60x-1xzoom_0004_XY21_488.tif,5,2234,1118,1116,0.5004476275738585,284.27264404296875,0.3752999221093432,286.93194580078125,285.0,641006.0,302.63800048828125,302.0,337744.0,271.2540283203125,271.0,303262.0,False,vLH92_MN_60x-1xzoom_0004_XY21_Dapi-ex_Green-em.tif,241.5519256591797,236.0,539627.0,255.5009002685547,250.0,285139.0,227.62791442871094,223.0,254488.0,140.59914580078123,156.30520048828123,124.92122832031248,138.66719999999998,155.66719999999998,124.66719999999998,97.25912565917969,111.20810026855469,83.33511442871094,91.7072,105.7072,78.7072,2mM 2DG,1h,yes,MN,1.445613918980475,1.5120644834865744,1.4055199226569133,1.4726262733285904,1.4990227010149053,1.5839364124247843
vLH92_MN_60x-1xzoom_0004_XY21_488.tif,6,1764,1069,695,0.6060090702947846,299.2228240966797,0.21616937654264995,299.8457946777344,297.0,528928.0,314.2345275878906,313.0,218393.0,290.4911193847656,288.0,310535.0,False,vLH92_MN_60x-1xzoom_0004_XY21_Dapi-ex_Green-em.tif,302.42742919921875,296.0,533482.0,308.661865234375,304.0,214520.0,298.3741760253906,291.0,318962.0,153.51299467773435,167.9017275878906,144.1583193847656,150.66719999999998,166.66719999999998,141.66719999999998,158.13462919921875,164.369065234375,154.08137602539063,151.7072,159.7072,146.7072,2mM 2DG,1h,yes,MN,0.9707740515477983,0.99314468924349,1.0214922579773655,1.0435797509442277,0.9355985979837704,0.9656458578720062
vLH92_MN_60x-1xzoom_0004_XY21_488.tif,7,4655,2157,2498,0.46337271750805586,398.6758728027344,0.8137448611712006,427.4433898925781,407.0,1989749.0,520.9755859375,541.0,1301397.0,319.1247253417969,311.0,688352.0,False,vLH92_MN_60x-1xzoom_0004_XY21_Dapi-ex_Green-em.tif,322.7117004394531,306.0,1502223.0,383.3979187011719,389.0,957728.0,252.43162536621094,249.0,544495.0,281.1105898925781,374.6427859375,172.79192534179685,260.6672,394.6672,164.66719999999998,178.41890043945313,239.10511870117188,108.13882536621094,161.7072,244.7072,104.7072,2mM 2DG,1h,yes,MN,1.5755650841933848,1.6119702771428852,1.5668538924326416,1.6128140079245725,1.5978712988294343,1.5726444790807126
vLH92_MN_60x-1xzoom_0004_XY21_488.tif,8,1810,933,878,0.5154696132596686,231.96763610839844,0.6618583632496962,240.71380615234375,236.0,435692.0,257.5216369628906,254.5,226104.0,224.8649444580078,225.0,209799.0,False,vLH92_MN_60x-1xzoom_0004_XY21_Dapi-ex_Green-em.tif,221.62596130371094,216.0,401143.0,236.04669189453125,232.0,207249.0,208.04930114746094,208.0,194110.0,94.38100615234373,111.1888369628906,78.53214445800779,89.66719999999998,108.16719999999998,78.66719999999998,77.33316130371094,91.75389189453125,63.75650114746094,71.7072,87.7072,63.7072,2mM 2DG,1h,yes,MN,1.220446759982832,1.250462993953187,1.211816029457359,1.2332761734498419,1.2317511633264286,1.2348243212698091
vLH92_MN_60x-1xzoom_0004_XY21_488.tif,9,2204,1084,1120,0.49183303085299457,259.66346740722656,0.7914039728572057,268.52947998046875,261.0,591839.0,299.48748779296875,300.0,335426.0,236.54336547851562,236.0,256413.0,False,vLH92_MN_60x-1xzoom_0004_XY21_Dapi-ex_Green-em.tif,235.57260131835938,229.0,519202.0,258.6017761230469,256.0,289634.0,211.77859497070312,212.0,229568.0,122.19667998046873,153.15468779296873,90.2105654785156,114.66719999999998,153.66719999999998,89.66719999999998,91.27980131835938,114.30897612304688,67.48579497070313,84.7072,111.7072,67.7072,2mM 2DG,1h,yes,MN,1.3387044911971226,1.353688942616448,1.3398308075833585,1.3756248478164341,1.3367341307556315,1.324337736607037
vLH92_MN_60x-1xzoom_0004_XY22_488.tif,1,2858,1436,1422,0.5024492652204339,286.94422912597656,0.5958597918532432,299.0888671875,288.0,854796.0,349.635009765625,353.0,497181.0,249.0355224609375,247.0,357615.0,False,vLH92_MN_60x-1xzoom_0004_XY22_Dapi-ex_Green-em.tif,265.68438720703125,251.0,759326.0,312.6420593261719,303.0,444577.0,219.18453979492188,217.5,314749.0,155.4392671875,205.985409765625,105.38592246093751,144.3504,209.3504,103.35040000000001,124.26518720703126,171.22285932617189,77.76533979492189,109.58080000000001,161.5808,76.08080000000001,2mM 2DG,1h,yes,MN,1.2508673642323602,1.3172964606938442,1.2030251718506348,1.29563908583198,1.3551785761993065,1.3584294592065278
vLH92_MN_60x-1xzoom_0004_XY22_488.tif,2,3966,1787,2179,0.45057992939989916,664.0494689941406,0.3631688547146313,663.8184814453125,672.0,2632704.0,760.7338256835938,782.0,1657639.0,545.6435546875,539.0,975065.0,False,vLH92_MN_60x-1xzoom_0004_XY22_Dapi-ex_Green-em.tif,360.9800720214844,337.0,1431647.0,415.0894775390625,379.0,904480.0,295.0011291503906,288.0,527167.0,520.1688814453125,617.0842256835938,401.99395468750004,528.3504,638.3504,395.35040000000004,219.56087202148439,273.6702775390625,153.58192915039064,195.5808,237.5808,146.5808,2mM 2DG,1h,yes,MN,2.3691328817204425,2.7014430864379326,2.2548456165303294,2.6868770540380367,2.61745608296051,2.69714996779933
vLH92_MN_60x-1xzoom_0004_XY22_488.tif,3,1630,0,1630,0.0,872.4473266601562,,849.57177734375,884.0,1384802.0,849.57177734375,884.0,1384802.0,,,,True,vLH92_MN_60x-1xzoom_0004_XY22_Dapi-ex_Green-em.tif,354.6736145019531,356.0,578118.0,354.6736145019531,356.0,578118.0,,,,705.92217734375,705.92217734375,,740.3504,740.3504,,213.25441450195314,213.25441450195314,,214.5808,214.5808,,2mM 2DG,1h,yes,MN,3.3102347681402144,3.4502173540223544,3.3102347681402144,3.4502173540223544,,
vLH92_MN_60x-1xzoom_0004_XY22_488.tif,4,4165,1733,2432,0.41608643457382954,408.98388671875,0.761630908659239,419.9332580566406,418.0,1749022.0,490.8038635253906,506.0,1193635.0,320.4772033691406,311.0,555387.0,False,vLH92_MN_60x-1xzoom_0004_XY22_Dapi-ex_Green-em.tif,298.3462219238281,290.0,1242612.0,340.8523864746094,335.0,828953.0,238.69532775878906,235.0,413659.0,276.28365805664066,347.15426352539066,176.82760336914063,274.35040000000004,362.35040000000004,167.3504,156.92702192382814,199.43318647460939,97.27612775878907,148.5808,193.5808,93.58080000000001,2mM 2DG,1h,yes,MN,1.7605868936373994,1.8464727609489249,1.7407045921596815,1.871830264158429,1.8177903196107017,1.7882984543838052
vLH92_MN_60x-1xzoom_0004_XY22_488.tif,5,1491,748,744,0.5016767270288397,385.57275390625,0.46106917210613585,389.64520263671875,386.0,580961.0,445.4852294921875,439.0,331441.0,333.9679260253906,329.0,249808.0,False,vLH92_MN_60x-1xzoom_0004_XY22_Dapi-ex_Green-em.tif,287.1958312988281,283.0,428209.0,319.4637145996094,318.0,237681.0,255.02540588378906,253.0,190759.0,245.99560263671876,301.83562949218754,190.31832602539063,242.3504,295.35040000000004,185.3504,145.77663129882814,178.04451459960939,113.60620588378907,141.5808,176.5808,111.58080000000001,2mM 2DG,1h,yes,MN,1.687483106482625,1.7117462254769007,1.6952818241604493,1.6726076674247712,1.6752458595446142,1.6611316642289713
vLH92_MN_60x-1xzoom_0004_XY22_488.tif,6,5545,1464,4081,0.26402164111812443,474.1391906738281,0.7560140485449431,543.1879272460938,479.0,3011977.0,582.4457397460938,539.0,2376961.0,433.75408935546875,435.0,635016.0,False,vLH92_MN_60x-1xzoom_0004_XY22_Dapi-ex_Green-em.tif,360.8982849121094,345.0,2001181.0,391.91351318359375,379.0,1599399.0,274.4412536621094,271.0,401782.0,399.5383272460938,438.7961397460938,290.1044893554688,335.35040000000004,395.35040000000004,291.35040000000004,219.47908491210939,250.49431318359376,133.02205366210939,203.5808,237.5808,129.5808,2mM 2DG,1h,yes,MN,1.8203936261447842,1.6472594665115767,1.751720963918605,1.6640671300037715,2.1808751358805964,2.248407171432805
vLH92_MN_60x-1xzoom_0004_XY22_488.tif,7,2560,809,1751,0.316015625,377.13075256347656,0.7463408293112391,393.02734375,380.0,1006150.0,407.36663818359375,404.0,713299.0,361.9913330078125,362.0,292851.0,False,vLH92_MN_60x-1xzoom_0004_XY22_Dapi-ex_Green-em.tif,288.4652404785156,279.0,738471.0,299.32952880859375,293.0,524126.0,264.9505615234375,265.0,214345.0,249.37774375,263.7170381835938,218.3417330078125,236.3504,260.35040000000004,218.3504,147.04604047851564,157.91032880859376,123.53136152343751,137.5808,151.5808,123.58080000000001,2mM 2DG,1h,yes,MN,1.6959160745741786,1.7179024980229798,1.6700429932183247,1.7175684519411432,1.767500417020715,1.766863460990704
vLH92_MN_60x-1xzoom_0004_XY22_488.tif,8,3971,1969,2002,0.49584487534626037,272.24554443359375,0.686682835573421,291.2409973144531,274.0,1156518.0,345.2192687988281,350.5,691129.0,236.35804748535156,234.0,465389.0,False,vLH92_MN_60x-1xzoom_0004_XY22_Dapi-ex_Green-em.tif,250.11080932617188,230.0,993190.0,294.3306579589844,286.0,589250.0,205.1498260498047,204.0,403940.0,147.59139731445313,201.56966879882813,92.70844748535157,130.3504,206.8504,90.35040000000001,108.69160932617189,152.91145795898439,63.7306260498047,88.58080000000001,144.5808,62.58080000000001,2mM 2DG,1h,yes,MN,1.3578913609747663,1.4715423658400013,1.3182116728812787,1.4306906587873354,1.454692245026764,1.4437399330145986
vLH92_MN_60x-1xzoom_0004_XY23_488.tif,1,6402,3036,3366,0.4742268041237113,362.9088439941406,0.3244359432394344,364.4017639160156,361.0,2332900.0,408.6363525390625,402.0,1375470.0,315.3590393066406,311.0,957430.0,False,vLH92_MN_60x-1xzoom_0004_XY23_Dapi-ex_Green-em.tif,251.7405548095703,246.0,1611643.0,277.9806823730469,275.0,935683.0,222.64822387695312,221.0,675960.0,221.7505639160156,265.9851525390625,172.7078393066406,218.34879999999998,259.3488,168.34879999999998,111.22375480957032,137.46388237304689,82.13142387695314,105.48320000000001,134.4832,80.48320000000001,2mM 2DG,1h,yes,MN,1.9937338412615335,2.06998650021994,1.9349457322705101,1.9284847475372386,2.1028229044876463,2.091725975110333
vLH92_MN_60x-1xzoom_0004_XY23_488.tif,2,3951,1968,1983,0.49810174639331817,329.4977722167969,0.23375901264487328,359.572509765625,330.0,1420671.0,420.1724548339844,430.0,833202.0,298.51068115234375,298.0,587469.0,False,vLH92_MN_60x-1xzoom_0004_XY23_Dapi-ex_Green-em.tif,247.69602966308594,231.0,978647.0,279.9051818847656,276.0,555052.0,215.24136352539062,214.0,423595.0,216.92130976562498,277.52125483398436,155.85948115234373,187.34879999999998,287.3488,155.34879999999998,107.17922966308595,139.38838188476564,74.72456352539064,90.48320000000001,135.4832,73.48320000000001,2mM 2DG,1h,yes,MN,2.0239118199254587,2.0705368510397504,1.9909927289593987,2.120918313119265,2.0857864375398365,2.1140723321793273
vLH92_MN_60x-1xzoom_0004_XY23_488.tif,3,2475,1175,1300,0.47474747474747475,244.7882537841797,0.6440853391525765,250.22828674316406,242.0,619315.0,271.36846923828125,259.0,352779.0,226.83914184570312,226.0,266536.0,False,vLH92_MN_60x-1xzoom_0004_XY23_Dapi-ex_Green-em.tif,231.92686462402344,221.0,574019.0,255.81768798828125,251.0,332563.0,205.4944610595703,204.0,241456.0,107.57708674316405,128.71726923828123,84.18794184570311,99.34879999999998,116.34879999999998,83.34879999999998,91.41006462402345,115.30088798828126,64.97766105957032,80.48320000000001,110.48320000000001,63.48320000000001,2mM 2DG,1h,yes,MN,1.1768626046337107,1.2344041986402128,1.1163597391493079,1.0530904246075419,1.295644387207492,1.3129268845930886
vLH92_MN_60x-1xzoom_0004_XY23_488.tif,4,1715,875,840,0.5102040816326531,223.37310791015625,0.6068231658299202,228.8763885498047,225.0,392523.0,243.61904907226562,239.0,204640.0,214.7234344482422,215.0,187883.0,False,vLH92_MN_60x-1xzoom_0004_XY23_Dapi-ex_Green-em.tif,213.51486206054688,209.0,366178.0,219.82261657714844,214.0,184651.0,207.4594268798828,205.0,181527.0,86.22518854980467,100.96784907226561,72.07223444824217,82.34879999999998,96.34879999999998,72.34879999999998,72.99806206054689,79.30581657714845,66.94262687988282,68.48320000000001,73.48320000000001,64.48320000000001,2mM 2DG,1h,yes,MN,1.1811983238443617,1.2024671744311008,1.2731455702753456,1.311167722690356,1.0766269237919743,1.1219790581112596
vLH92_MN_60x-1xzoom_0004_XY23_488.tif,5,3340,1635,1705,0.48952095808383234,323.5481872558594,0.49387169992360824,324.35748291015625,319.0,1083354.0,372.27801513671875,354.0,634734.0,274.38531494140625,267.0,448620.0,False,vLH92_MN_60x-1xzoom_0004_XY23_Dapi-ex_Green-em.tif,249.52694702148438,244.0,833420.0,271.2785949707031,263.0,462530.0,226.8440399169922,218.0,370890.0,181.70628291015623,229.62681513671873,131.73411494140623,176.34879999999998,211.34879999999998,124.34879999999998,109.01014702148439,130.76179497070314,86.3272399169922,103.48320000000001,122.48320000000001,77.48320000000001,2mM 2DG,1h,yes,MN,1.6668749458189838,1.704129752462235,1.756069616420959,1.7255329710523564,1.5259854834705122,1.604848534908212
vLH92_MN_60x-1xzoom_0004_XY23_488.tif,6,4497,2046,2451,0.4549699799866578,289.50970458984375,0.675901402954685,309.7120361328125,293.0,1392775.0,344.5503845214844,345.0,844493.0,267.9775085449219,267.0,548282.0,False,vLH92_MN_60x-1xzoom_0004_XY23_Dapi-ex_Green-em.tif,283.61419677734375,262.0,1275413.0,317.6111755371094,304.0,778465.0,242.88758850097656,243.0,496948.0,167.06083613281248,201.89918452148436,125.32630854492186,150.34879999999998,202.34879999999998,124.34879999999998,143.09739677734376,177.09437553710939,102.37078850097657,121.48320000000001,163.4832,102.48320000000001,2mM 2DG,1h,yes,MN,1.1674624409328374,1.2376098094222079,1.1400654815216151,1.2377345195102614,1.2242389687535356,1.2133578967089238
vLH92_MN_60x-1xzoom_0004_XY23_488.tif,7,2315,1093,1222,0.47213822894168467,237.5943145751953,0.45458349406384524,245.68077087402344,239.0,568751.0,262.3363342285156,259.0,320575.0,227.05946350097656,227.0,248176.0,False,vLH92_MN_60x-1xzoom_0004_XY23_Dapi-ex_Green-em.tif,222.65830993652344,218.0,515454.0,235.09329223632812,231.0,287284.0,208.75572204589844,208.0,228170.0,103.02957087402342,119.68513422851561,84.40826350097655,96.34879999999998,116.34879999999998,84.34879999999998,82.14150993652345,94.57649223632814,68.23892204589845,77.48320000000001,90.48320000000001,67.48320000000001,2mM 2DG,1h,yes,MN,1.2542936081116802,1.2434798769281594,1.2654850206269639,1.2858608006790206,1.2369518886040194,1.2499229437845267
vLH92_MN_60x-1xzoom_0004_XY23_488.tif,8,2536,1311,1225,0.5169558359621451,515.5955505371094,0.11767776885643669,489.9317932128906,513.0,1242467.0,548.4898071289062,548.0,671900.0,435.215087890625,446.0,570567.0,False,vLH92_MN_60x-1xzoom_0004_XY23_Dapi-ex_Green-em.tif,335.6218566894531,325.0,851137.0,345.6498107910156,335.0,423421.0,326.251708984375,311.0,427716.0,347.2805932128906,405.83860712890623,292.563887890625,370.3488,405.3488,303.3488,195.10505668945314,205.13301079101564,185.734908984375,184.4832,194.4832,170.4832,2mM 2DG,1h,yes,MN,1.779967157722897,2.0074933652495184,1.9784168601823158,2.0842355535079635,1.5751690917469747,1.7793471732112018
vLH92_MN_60x-1xzoom_0004_XY23_488.tif,9,3858,2012,1847,0.5215137376879212,379.73687744140625,0.11623114187240462,372.542236328125,379.0,1437268.0,427.9680480957031,421.0,790457.0,321.61083984375,327.0,647081.0,False,vLH92_MN_60x-1xzoom_0004_XY23_Dapi-ex_Green-em.tif,282.7159118652344,274.0,1090718.0,303.9539794921875,294.0,561403.0,263.2092590332031,259.0,529577.0,229.89103632812498,285.3168480957031,178.95963984374998,236.34879999999998,278.3488,184.34879999999998,142.19911186523439,163.4371794921875,122.69245903320314,133.4832,153.4832,118.48320000000001,2mM 2DG,1h,yes,MN,1.6166840517681882,1.7706258165821613,1.745727924222662,1.8135457170556775,1.4586034158409016,1.5559066601847347
vLH92_MN_60x-1xzoom_0004_XY23_488.tif,10,2549,1410,1139,0.5531581012161632,305.2878723144531,0.32945994255440464,320.0470886230469,307.0,815800.0,355.2730407714844,337.0,404656.0,291.59149169921875,293.0,411144.0,False,vLH92_MN_60x-1xzoom_0004_XY23_Dapi-ex_Green-em.tif,242.34719848632812,237.0,617743.0,255.84109497070312,250.0,291403.0,231.44680786132812,229.0,326340.0,177.39588862304686,212.62184077148436,148.94029169921873,164.34879999999998,194.34879999999998,150.34879999999998,101.83039848632814,115.32429497070314,90.93000786132814,96.48320000000001,109.48320000000001,88.48320000000001,2mM 2DG,1h,yes,MN,1.7420720262315799,1.7033929222911341,1.8436864567478917,1.775147237201689,1.6379663347919047,1.699179053198799
vLH92_MN_60x-1xzoom_0004_XY23_488.tif,11,4443,2186,2257,0.49200990321854604,266.2060852050781,0.11012435818017441,277.6734313964844,268.0,1233703.0,312.9915771484375,314.0,706422.0,241.20814514160156,243.5,527281.0,False,vLH92_MN_60x-1xzoom_0004_XY23_Dapi-ex_Green-em.tif,232.0042724609375,228.0,1030795.0,256.0381164550781,253.0,577878.0,207.18984985351562,209.0,452917.0,135.02223139648436,170.34037714843748,98.55694514160155,125.34879999999998,171.34879999999998,100.84879999999998,91.48747246093751,115.52131645507814,66.67304985351564,87.48320000000001,112.48320000000001,68.48320000000001,2mM 2DG,1h,yes,MN,1.4758548658575623,1.4328328181868057,1.4745363226074073,1.5233279280817043,1.4782126415116241,1.472606420260735
vLH92_MN_60x-1xzoom_0004_XY23_488.tif,12,5329,2695,2636,0.5057234002627135,321.2104797363281,0.20778433029930166,336.5177307128906,325.0,1793303.0,382.7458190917969,388.0,1008918.0,291.2363586425781,289.0,784882.0,False,vLH92_MN_60x-1xzoom_0004_XY23_Dapi-ex_Green-em.tif,234.72715759277344,224.0,1250861.0,260.48974609375,247.0,686651.0,209.52467346191406,207.0,564669.0,193.8665307128906,240.09461909179686,148.5851586425781,182.34879999999998,245.34879999999998,146.34879999999998,94.21035759277345,119.97294609375001,69.00787346191407,83.48320000000001,106.48320000000001,66.48320000000001,2mM 2DG,1h,yes,MN,2.057804849344521,2.1842574314353063,2.0012396703518527,2.3041080658733017,2.1531624029044063,2.2012899499422405
vLH92_MN_60x-1xzoom_0004_XY23_488.tif,13,1559,807,752,0.517639512508018,246.87042236328125,0.7068090810443854,279.755615234375,249.0,436139.0,332.4840393066406,306.0,250028.0,230.62081909179688,231.0,186111.0,False,vLH92_MN_60x-1xzoom_0004_XY23_Dapi-ex_Green-em.tif,300.64593505859375,297.0,468707.0,314.6343078613281,309.0,236605.0,287.61090087890625,289.0,232102.0,137.10441523437498,189.8328393066406,87.96961909179686,106.34879999999998,163.34879999999998,88.34879999999998,160.12913505859376,174.11750786132814,147.09410087890626,156.4832,168.4832,148.4832,2mM 2DG,1h,yes,MN,0.856211551909066,0.6796180037218051,1.0902570432941676,0.9695257450000948,0.5980499460288823,0.5950087282601666
vLH92_MN_60x-1xzoom_0005_XY01_488.tif,1,8491,2722,5770,0.32057472618066185,218.7732696533203,0.7353146826086423,229.1792449951172,220.0,1945961.0,243.46047973632812,243.0,1404767.0,198.89346313476562,199.0,541388.0,False,vLH92_MN_60x-1xzoom_0005_XY01_Dapi-ex_Green-em.tif,187.01083374023438,185.0,1587909.0,191.3842315673828,191.0,1104287.0,177.73768615722656,176.0,483802.0,100.74564499511717,115.02687973632811,70.45986313476561,91.56639999999999,114.56639999999999,70.56639999999999,48.90203374023437,53.27543156738281,39.62888615722656,46.8912,52.8912,37.8912,2mM 2DG,1h,yes,non-MN,2.0601524576722916,1.952741665813628,2.1590980373540853,2.166076776476994,1.7779925192754085,1.8623427075415926
vLH92_MN_60x-1xzoom_0005_XY01_488.tif,2,7992,4914,3081,0.6148648648648649,280.4633331298828,0.12969399285989772,274.8464660644531,279.0,2196573.0,300.1473693847656,299.0,924754.0,258.9552307128906,263.0,1272506.0,False,vLH92_MN_60x-1xzoom_0005_XY01_Dapi-ex_Green-em.tif,206.1771697998047,202.0,1647768.0,211.58682250976562,209.0,651899.0,202.76455688476562,198.0,996385.0,146.4128660644531,171.7137693847656,130.5216307128906,150.5664,170.5664,134.5664,68.06836979980469,73.47802250976562,64.65575688476562,63.8912,70.8912,59.8912,2mM 2DG,1h,yes,non-MN,2.150967718120278,2.356606230592006,2.3369405370421332,2.406030649784458,2.0187163061986286,2.246847617012182
vLH92_MN_60x-1xzoom_0005_XY01_488.tif,3,6729,3385,3344,0.5030465150839649,233.16468811035156,0.7001021083225517,250.37123107910156,236.0,1684748.0,284.901611328125,277.0,952711.0,216.2590789794922,217.0,732037.0,False,vLH92_MN_60x-1xzoom_0005_XY01_Dapi-ex_Green-em.tif,188.1897735595703,185.0,1266329.0,198.67404174804688,195.0,664366.0,177.83248901367188,178.0,601963.0,121.93763107910155,156.468011328125,87.82547897949217,107.56639999999999,148.5664,88.56639999999999,50.08097355957031,60.56524174804687,39.72368901367187,46.8912,56.8912,39.8912,2mM 2DG,1h,yes,non-MN,2.4348095177115354,2.2939570751015115,2.5834621775148916,2.611412661360632,2.210909438679396,2.220198941119846
vLH92_MN_60x-1xzoom_0005_XY01_488.tif,4,2617,1005,1612,0.3840275124188002,580.2269897460938,0.2644194353935133,571.0515747070312,581.0,1494442.0,601.5105590820312,617.0,969635.0,522.196044921875,541.0,524807.0,False,vLH92_MN_60x-1xzoom_0005_XY01_Dapi-ex_Green-em.tif,253.70004272460938,253.0,663933.0,261.64764404296875,264.0,421776.0,240.95223999023438,243.0,242157.0,442.61797470703124,473.07695908203124,393.762444921875,452.5664,488.5664,412.5664,115.59124272460937,123.53884404296875,102.84343999023437,114.8912,125.8912,104.8912,2mM 2DG,1h,yes,non-MN,3.82916529205891,3.9390867185650422,3.829378223075227,3.880862204824483,3.828756068051255,3.933279436215812
vLH92_MN_60x-1xzoom_0005_XY01_488.tif,5,24435,8455,15986,0.34602005320237367,398.9501037597656,0.17913122297638548,405.0278625488281,399.0,9896856.0,449.3887634277344,448.0,7183929.0,321.0924987792969,318.0,2714837.0,False,vLH92_MN_60x-1xzoom_0005_XY01_Dapi-ex_Green-em.tif,234.2248077392578,234.0,5723283.0,248.311767578125,248.0,3969512.0,207.57623291015625,206.0,1755057.0,276.5942625488281,320.95516342773436,192.65889877929686,270.5664,319.5664,189.5664,96.11600773925781,110.202967578125,69.46743291015625,95.8912,109.8912,67.8912,2mM 2DG,1h,yes,non-MN,2.8777127666306037,2.821597810852299,2.9124003688939055,2.9080253923881076,2.7733700628964777,2.7922087104072397
vLH92_MN_60x-1xzoom_0005_XY01_488.tif,6,10272,6429,3846,0.625876168224299,688.1672973632812,0.08236075536710949,655.791748046875,690.0,6736293.0,749.2446899414062,748.0,2881595.0,599.74072265625,638.0,3855733.0,False,vLH92_MN_60x-1xzoom_0005_XY01_Dapi-ex_Green-em.tif,277.517333984375,282.0,2850658.0,295.27587890625,295.0,1135631.0,266.8614196777344,272.0,1715652.0,527.3581480468749,620.8110899414062,471.30712265625,561.5663999999999,619.5663999999999,509.5664,139.408533984375,157.16707890625,128.75261967773437,143.8912,156.8912,133.8912,2mM 2DG,1h,yes,non-MN,3.782825433814415,3.902715384957523,3.9500071787407807,3.9490194478721556,3.6605633643488087,3.805824430582443
vLH92_MN_60x-1xzoom_0005_XY01_488.tif,7,8143,4216,3928,0.5177453027139874,267.0226135253906,0.330573158688141,280.9205322265625,268.0,2287536.0,325.8714294433594,327.0,1280023.0,239.02584838867188,240.0,1007733.0,False,vLH92_MN_60x-1xzoom_0005_XY01_Dapi-ex_Green-em.tif,210.5782928466797,208.0,1714739.0,227.3136444091797,227.0,892888.0,194.98031616210938,194.5,822037.0,152.4869322265625,197.43782944335936,110.59224838867186,139.5664,198.5664,111.56639999999999,72.46949284667969,89.20484440917969,56.87151616210937,69.8912,88.8912,56.3912,2mM 2DG,1h,yes,non-MN,2.104153433903173,1.9969094821665674,2.213308377488094,2.2338139208380583,1.9445982075356365,1.9784363517711983
vLH92_MN_60x-1xzoom_0005_XY01_488.tif,8,9258,5752,3509,0.6213004968675739,448.06036376953125,0.20791973987087178,499.05120849609375,453.0,4620216.0,640.4126586914062,655.0,2247208.0,412.69140625,417.0,2373801.0,False,vLH92_MN_60x-1xzoom_0005_XY01_Dapi-ex_Green-em.tif,256.9505310058594,246.0,2378848.0,291.72186279296875,293.0,1023652.0,235.7154083251953,232.0,1355835.0,370.61760849609374,511.97905869140624,284.25780625,324.5664,526.5663999999999,288.5664,118.84173100585937,153.61306279296875,97.60660832519531,107.8912,154.8912,93.8912,2mM 2DG,1h,yes,non-MN,3.1185813717053716,3.008275002965951,3.332913551638662,3.3995888727054857,2.912280337648247,3.07341263078968
vLH92_MN_60x-1xzoom_0005_XY01_488.tif,9,9692,4562,5130,0.4706974824597606,289.42515563964844,0.27234303832805085,279.692626953125,285.0,2710781.0,310.6526184082031,312.0,1593648.0,244.87789916992188,242.0,1117133.0,False,vLH92_MN_60x-1xzoom_0005_XY01_Dapi-ex_Green-em.tif,201.1371307373047,201.0,1949421.0,210.2231903076172,210.0,1078445.0,190.91976928710938,190.0,870976.0,151.259026953125,182.2190184082031,116.44429916992186,156.5664,183.5664,113.56639999999999,63.028330737304685,72.11439030761719,52.81096928710937,62.8912,71.8912,51.8912,2mM 2DG,1h,yes,non-MN,2.3998577335572535,2.4894802452489375,2.5268052275130444,2.5533917920413067,2.2049263768833107,2.1885483473112974
vLH92_MN_60x-1xzoom_0005_XY01_488.tif,10,24502,7911,16591,0.32287160231817813,667.9441833496094,0.2644121543784494,624.0906982421875,666.0,15291471.0,666.4935302734375,721.0,11057794.0,535.163330078125,512.0,4233677.0,False,vLH92_MN_60x-1xzoom_0005_XY01_Dapi-ex_Green-em.tif,287.6225280761719,296.0,7047327.0,297.2240295410156,306.0,4931244.0,267.48614501953125,261.0,2116083.0,495.6570982421875,538.0599302734374,406.729730078125,537.5663999999999,592.5663999999999,383.5664,149.51372807617187,159.11522954101562,129.37734501953125,157.8912,167.8912,122.8912,2mM 2DG,1h,yes,non-MN,3.315127678373908,3.4046634644616036,3.3815740443295534,3.529466702245263,3.143747694132413,3.1211868709883213
vLH92_MN_60x-1xzoom_0005_XY01_488.tif,11,15566,9709,5857,0.6237312090453553,345.07505798339844,0.2712848792667745,343.79827880859375,343.0,5351564.0,388.5161437988281,383.0,2275539.0,316.822021484375,322.0,3076025.0,False,vLH92_MN_60x-1xzoom_0005_XY01_Dapi-ex_Green-em.tif,222.926513671875,223.0,3470074.0,235.17193603515625,234.0,1377402.0,215.53939819335938,215.0,2092672.0,215.36467880859374,260.0825437988281,188.388421484375,214.5664,254.5664,193.5664,84.817713671875,97.06313603515625,77.43059819335937,84.8912,95.8912,76.8912,2mM 2DG,1h,yes,non-MN,2.5391474196268895,2.527545846919351,2.679519273976747,2.654742040979777,2.4329971081190953,2.5174064132176373
vLH92_MN_60x-1xzoom_0005_XY01_488.tif,12,10867,5344,5523,0.49176405631729087,298.2856140136719,0.4412844562938229,317.8206481933594,301.0,3453757.0,356.1877746582031,354.0,1967225.0,278.1684265136719,279.0,1486532.0,False,vLH92_MN_60x-1xzoom_0005_XY01_Dapi-ex_Green-em.tif,220.8560791015625,218.0,2400043.0,231.675537109375,232.0,1279544.0,209.67420959472656,209.0,1120499.0,189.38704819335936,227.7541746582031,149.73482651367186,172.5664,225.5664,150.5664,82.7472791015625,93.566737109375,71.56540959472656,79.8912,93.8912,70.8912,2mM 2DG,1h,yes,non-MN,2.2887404909218727,2.160017623968597,2.4341361224552425,2.4024232302920825,2.092279319878376,2.123908186065407
vLH92_MN_60x-1xzoom_0005_XY01_488.tif,13,6845,3592,3253,0.5247626004382762,300.3155517578125,0.3568687305875312,330.2528991699219,304.0,2260581.0,387.9049987792969,365.0,1261855.0,278.041748046875,279.5,998726.0,False,vLH92_MN_60x-1xzoom_0005_XY01_Dapi-ex_Green-em.tif,218.7646484375,212.0,1497444.0,235.84475708007812,233.0,767203.0,203.29649353027344,203.0,730241.0,201.81929916992186,259.47139877929686,149.608148046875,175.5664,236.5664,151.0664,80.6558484375,97.73595708007812,65.18769353027344,73.8912,94.8912,64.8912,2mM 2DG,1h,yes,non-MN,2.5022277129266217,2.3760122991641763,2.6548202578781095,2.4930278044750196,2.295036684760082,2.3279951672954113
vLH92_MN_60x-1xzoom_0005_XY01_488.tif,14,6883,3516,3367,0.5108237687055063,291.36688232421875,0.3127077086541137,303.36669921875,292.0,2088073.0,343.33441162109375,340.0,1156007.0,265.09271240234375,266.0,932066.0,False,vLH92_MN_60x-1xzoom_0005_XY01_Dapi-ex_Green-em.tif,215.00450134277344,213.0,1479876.0,228.55419921875,228.0,769542.0,202.0290069580078,202.0,710334.0,174.93309921875,214.90081162109374,136.65911240234374,163.5664,211.5664,137.5664,76.89570134277344,90.44539921875,63.92020695800781,74.8912,89.8912,63.8912,2mM 2DG,1h,yes,non-MN,2.274939901243127,2.184053667186532,2.3760281172659496,2.3535829981132745,2.1379641729276866,2.1531353300611036
vLH92_MN_60x-1xzoom_0005_XY01_488.tif,15,3569,0,3569,0.0,408.0802917480469,,396.54608154296875,411.0,1415273.0,396.54608154296875,411.0,1415273.0,,,,True,vLH92_MN_60x-1xzoom_0005_XY01_Dapi-ex_Green-em.tif,247.52647399902344,248.0,883422.0,247.52647399902344,248.0,883422.0,,,,268.11248154296874,268.11248154296874,,282.5664,282.5664,,109.41767399902344,109.41767399902344,,109.8912,109.8912,,2mM 2DG,1h,yes,non-MN,2.450358079676979,2.571328732418974,2.450358079676979,2.571328732418974,,
vLH92_MN_60x-1xzoom_0005_XY01_488.tif,16,9008,3773,5235,0.41884991119005327,354.000732421875,0.8151146775334588,364.7044982910156,353.0,3285258.0,409.4609375,418.0,2143528.0,302.6053466796875,300.0,1141730.0,False,vLH92_MN_60x-1xzoom_0005_XY01_Dapi-ex_Green-em.tif,236.60025024414062,234.0,2131295.0,252.97325134277344,254.0,1324315.0,213.8828582763672,213.0,806980.0,236.2708982910156,281.0273375,174.1717466796875,224.5664,289.5664,171.5664,98.49145024414062,114.86445134277344,75.77405827636719,95.8912,115.8912,74.8912,2mM 2DG,1h,yes,non-MN,2.3988975459834054,2.3418874724687977,2.446599746177088,2.4986055886900815,2.298566958687088,2.290875296430021
vLH92_MN_60x-1xzoom_0005_XY01_488.tif,17,21832,11239,10594,0.5147947966288018,597.8835144042969,0.08969001929161903,600.9346923828125,599.0,13119606.0,705.2117919921875,701.0,7471014.0,502.6163330078125,506.0,5648905.0,False,vLH92_MN_60x-1xzoom_0005_XY01_Dapi-ex_Green-em.tif,286.5575866699219,286.0,6256125.0,312.4743347167969,311.0,3310353.0,262.1214599609375,263.0,2945983.0,472.5010923828125,576.7781919921874,374.1827330078125,470.5664,572.5663999999999,377.5664,148.44878666992187,174.36553471679687,124.0126599609375,147.8912,172.8912,124.8912,2mM 2DG,1h,yes,non-MN,3.182923235562887,3.1818417863943225,3.30786811125826,3.3117151133198215,3.017294630448823,3.023162560692827
vLH92_MN_60x-1xzoom_0005_XY01_488.tif,18,6460,0,6460,0.0,365.521484375,,357.62091064453125,364.0,2310231.0,357.62091064453125,364.0,2310231.0,,,,True,vLH92_MN_60x-1xzoom_0005_XY01_Dapi-ex_Green-em.tif,234.10635375976562,236.0,1512327.0,234.10635375976562,236.0,1512327.0,,,,229.18731064453124,229.18731064453124,,235.5664,235.5664,,95.99755375976562,95.99755375976562,,97.8912,97.8912,,2mM 2DG,1h,yes,non-MN,2.38742865488087,2.4064103821385374,2.38742865488087,2.4064103821385374,,
vLH92_MN_60x-1xzoom_0005_XY01_488.tif,19,6155,1546,4609,0.2511779041429732,303.6717224121094,0.43929414058639016,291.28350830078125,300.0,1792850.0,307.432861328125,314.0,1416958.0,243.138427734375,237.0,375892.0,False,vLH92_MN_60x-1xzoom_0005_XY01_Dapi-ex_Green-em.tif,204.44760131835938,203.0,1258375.0,207.86114501953125,207.0,958032.0,194.27102661132812,192.0,300343.0,162.84990830078124,178.999261328125,114.70482773437499,171.5664,185.5664,108.56639999999999,66.33880131835937,69.75234501953125,56.16222661132812,64.8912,68.8912,53.8912,2mM 2DG,1h,yes,non-MN,2.454821387550641,2.6439085731193135,2.566211376520799,2.693615439998142,2.0423839056131476,2.014547829701324
vLH92_MN_60x-1xzoom_0005_XY01_488.tif,20,14109,4725,9384,0.33489262173081014,364.1958312988281,0.2913704212025313,352.1338806152344,359.0,4968257.0,374.4850769042969,382.0,3514168.0,307.74371337890625,303.0,1454089.0,False,vLH92_MN_60x-1xzoom_0005_XY01_Dapi-ex_Green-em.tif,229.91685485839844,230.0,3243897.0,236.05743408203125,237.0,2215163.0,217.7214813232422,217.0,1028734.0,223.70028061523436,246.05147690429686,179.31011337890624,230.5664,253.5664,174.5664,91.80805485839844,97.94863408203125,79.61268132324219,91.8912,98.8912,78.8912,2mM 2DG,1h,yes,non-MN,2.436608432236822,2.5091238334029806,2.5120460250444188,2.564094681832155,2.2522807974633348,2.2127486969395824
vLH92_MN_60x-1xzoom_0005_XY01_488.tif,21,19008,5546,13462,0.29177188552188554,357.1884765625,0.23689813042111738,344.41766357421875,354.0,6546691.0,367.6622314453125,377.0,4949469.0,287.99530029296875,278.0,1597222.0,False,vLH92_MN_60x-1xzoom_0005_XY01_Dapi-ex_Green-em.tif,225.87725830078125,224.0,4293475.0,231.3708953857422,230.0,3114715.0,212.54237365722656,210.0,1178760.0,215.98406357421874,239.2286314453125,159.56170029296874,225.5664,248.5664,149.5664,87.76845830078125,93.26209538574219,74.43357365722656,85.8912,91.8912,71.8912,2mM 2DG,1h,yes,non-MN,2.460839209845118,2.6261875488990722,2.5651217727398983,2.705007661234155,2.1436791551587326,2.0804549096412357
vLH92_MN_60x-1xzoom_0005_XY01_488.tif,22,62128,31359,30783,0.5047482616533608,564.6354370117188,0.06530085249356461,555.5289306640625,565.0,34513900.0,651.3300170898438,648.0,20049892.0,461.35107421875,476.0,14467508.0,False,vLH92_MN_60x-1xzoom_0005_XY01_Dapi-ex_Green-em.tif,239.54173278808594,242.0,14882249.0,261.2066650390625,261.0,8040725.0,218.2437286376953,214.0,6843905.0,427.0953306640625,522.8964170898437,332.91747421875,436.5664,519.5663999999999,347.5664,101.43293278808594,123.0978650390625,80.13492863769531,103.8912,122.8912,75.8912,2mM 2DG,1h,yes,non-MN,4.210617981009695,4.202149941477238,4.2478106092572245,4.227856835965471,4.154461479886391,4.579798448304942
vLH92_MN_60x-1xzoom_0005_XY01_488.tif,23,2774,1377,1399,0.496395097332372,362.8876190185547,0.4676900393069613,359.3987121582031,362.0,996972.0,406.61187744140625,409.0,568850.0,311.35076904296875,307.0,428730.0,False,vLH92_MN_60x-1xzoom_0005_XY01_Dapi-ex_Green-em.tif,229.96502685546875,230.0,637923.0,242.4903564453125,243.0,339244.0,217.1909942626953,217.0,299072.0,230.9651121582031,278.17827744140624,182.91716904296874,233.5664,280.5664,178.5664,91.85622685546875,104.3815564453125,79.08219426269531,91.8912,104.8912,78.8912,2mM 2DG,1h,yes,non-MN,2.514419762980417,2.54177113804151,2.6650136950884535,2.674832588434492,2.3130006792092073,2.2634514369156506
vLH92_MN_60x-1xzoom_0005_XY01_488.tif,24,2761,1332,1429,0.482433900760594,371.1695251464844,0.6550485935868328,371.19232177734375,368.0,1024862.0,417.424072265625,418.0,596499.0,321.5938415527344,322.5,428363.0,False,vLH92_MN_60x-1xzoom_0005_XY01_Dapi-ex_Green-em.tif,232.94204711914062,232.0,643153.0,246.13226318359375,247.0,351723.0,218.79129028320312,219.0,291430.0,242.75872177734374,288.990472265625,193.16024155273436,239.5664,289.5664,194.0664,94.83324711914062,108.02346318359375,80.68249028320312,93.8912,108.8912,80.8912,2mM 2DG,1h,yes,non-MN,2.5598482510291123,2.5515319859582153,2.675256502140323,2.659226824573519,2.394078825216274,2.3991039816444806
vLH92_MN_60x-1xzoom_0005_XY01_488.tif,25,59100,24423,34702,0.413248730964467,589.809814453125,0.07024826232620995,589.0905151367188,589.0,34815248.0,648.28271484375,651.0,22496706.0,504.70489501953125,521.0,12326408.0,False,vLH92_MN_60x-1xzoom_0005_XY01_Dapi-ex_Green-em.tif,254.88352966308594,254.0,15063617.0,272.7989196777344,270.0,9466668.0,229.3587646484375,230.0,5601629.0,460.65691513671874,519.8491148437499,376.27129501953124,460.5664,522.5663999999999,392.5664,116.77472966308594,134.69011967773437,91.2499646484375,115.8912,131.8912,91.8912,2mM 2DG,1h,yes,non-MN,3.944833924820796,3.974127457477358,3.8595935328260476,3.9621020962732914,4.123522638821913,4.272078283883549
vLH92_MN_60x-1xzoom_0005_XY01_488.tif,26,13283,4293,8990,0.32319506135662124,277.93231201171875,0.42209231190382035,291.0672302246094,275.0,3866246.0,320.036376953125,299.0,2877127.0,230.4027557373047,227.0,989119.0,False,vLH92_MN_60x-1xzoom_0005_XY01_Dapi-ex_Green-em.tif,204.57057189941406,202.0,2717311.0,212.55606079101562,210.0,1910879.0,187.84812927246094,187.0,806432.0,162.63363022460936,191.602776953125,101.96915573730467,146.5664,170.5664,98.56639999999999,66.46177189941406,74.44726079101562,49.739329272460935,63.8912,71.8912,48.8912,2mM 2DG,1h,yes,non-MN,2.447025193230564,2.293999799659421,2.5736712797396546,2.372562984064809,2.05007098464759,2.0160356055895536
vLH92_MN_60x-1xzoom_0005_XY01_488.tif,27,16718,7594,9126,0.4542409379112334,310.04249572753906,0.13187648804978516,307.1712646484375,308.0,5135289.0,332.0881042480469,330.0,3030636.0,277.2162170410156,278.0,2105180.0,False,vLH92_MN_60x-1xzoom_0005_XY01_Dapi-ex_Green-em.tif,214.730224609375,213.0,3589860.0,222.3871307373047,220.0,2029505.0,205.52593994140625,205.0,1560764.0,178.7376646484375,203.65450424804686,148.7826170410156,179.5664,201.5664,149.5664,76.621424609375,84.27833073730469,67.41713994140625,74.8912,81.8912,66.8912,2mM 2DG,1h,yes,non-MN,2.3327374237644762,2.39769692567351,2.4164515655019008,2.4613926771130474,2.20689600849763,2.235965268974095
vLH92_MN_60x-1xzoom_0005_XY01_488.tif,28,31910,10811,21106,0.33879661548104045,350.03358459472656,0.2440917217153711,351.0732727050781,351.0,11202748.0,369.0460510253906,378.0,7789086.0,315.9229431152344,323.0,3415443.0,False,vLH92_MN_60x-1xzoom_0005_XY01_Dapi-ex_Green-em.tif,217.3527374267578,218.0,6935726.0,224.7625732421875,224.0,4743839.0,202.8730926513672,202.0,2193261.0,222.6396727050781,240.6124510253906,187.48934311523436,222.5664,249.5664,194.5664,79.24393742675781,86.6537732421875,64.76429265136719,79.8912,85.8912,63.8912,2mM 2DG,1h,yes,non-MN,2.809548338140764,2.785868781542898,2.7767106038522527,2.905610819269029,2.8949492913403483,3.0452769708504457
vLH92_MN_60x-1xzoom_0005_XY02_488.tif,1,29499,14635,14866,0.4961185124919489,801.42626953125,0.1315985677663213,792.5258178710938,801.0,23378720.0,946.5923461914062,938.0,14072042.0,635.986328125,616.0,9307660.0,False,vLH92_MN_60x-1xzoom_0005_XY02_Dapi-ex_Green-em.tif,251.974365234375,250.0,7432992.0,273.4357604980469,273.0,4064896.0,230.1685028076172,228.0,3368516.0,657.6346178710937,811.7011461914062,501.095128125,666.1088,803.1088,481.1088,114.179165234375,135.64056049804688,92.3733028076172,112.2048,135.2048,90.2048,2mM 2DG,1h,yes,non-MN,5.759672673391599,5.936544604152407,5.984206665108068,5.939942960604949,5.424674802075813,5.333516619958139
vLH92_MN_60x-1xzoom_0005_XY02_488.tif,2,37551,20710,16856,0.5515166040851109,779.8531494140625,0.1460756891806105,810.5451049804688,782.0,30436780.0,958.7227783203125,948.0,16160231.0,689.79248046875,697.0,14285602.0,False,vLH92_MN_60x-1xzoom_0005_XY02_Dapi-ex_Green-em.tif,269.8171691894531,270.0,10131905.0,284.98492431640625,285.0,4803706.0,257.4505920410156,258.0,5331802.0,675.6539049804687,823.8315783203125,554.90128046875,647.1088,813.1088,562.1088,132.02196918945313,147.18972431640626,119.65539204101563,132.2048,147.2048,120.2048,2mM 2DG,1h,yes,non-MN,5.117738427389287,4.894745122718691,5.59707263632999,5.523656837277045,4.6374949845849,4.676259184325417
vLH92_MN_60x-1xzoom_0005_XY02_488.tif,3,25122,12347,12780,0.4914815699386991,1725.6634521484375,0.1264988282097695,1604.2889404296875,1721.0,40302948.0,1940.5238037109375,1940.0,24799894.0,1255.858642578125,1328.0,15506086.0,False,vLH92_MN_60x-1xzoom_0005_XY02_Dapi-ex_Green-em.tif,370.50604248046875,385.0,9307853.0,419.0870056152344,420.0,5355932.0,320.1608581542969,325.0,3953026.0,1469.3977404296875,1805.6326037109375,1120.967442578125,1586.1088,1805.1088,1193.1088,232.71084248046876,281.29180561523435,182.36565815429688,247.2048,282.2048,187.2048,2mM 2DG,1h,yes,non-MN,6.314264194858101,6.416173148741448,6.4190728903805185,6.396449670593839,6.146812146120686,6.373281026982214
vLH92_MN_60x-1xzoom_0005_XY02_488.tif,4,26590,13307,13283,0.5004512974802557,1059.0614624023438,0.21964593277526342,1037.4765625,1045.0,27586502.0,1290.4603271484375,1244.0,17141184.0,784.9490356445312,764.0,10445317.0,False,vLH92_MN_60x-1xzoom_0005_XY02_Dapi-ex_Green-em.tif,296.931396484375,292.0,7895406.0,330.9266052246094,326.0,4395698.0,262.9975280761719,261.0,3499708.0,902.5853625,1155.5691271484375,650.0578356445312,910.1088,1109.1088,629.1088,159.136196484375,193.13140522460938,125.20232807617188,154.2048,188.2048,123.2048,2mM 2DG,1h,yes,non-MN,5.671779157978188,5.901948577476187,5.983331016540397,5.8930951814193895,5.192058691185378,5.106203654403075
vLH92_MN_60x-1xzoom_0005_XY02_488.tif,5,61627,23579,38048,0.3826082723481591,838.25830078125,0.13386600924170627,836.6690673828125,836.0,51561404.0,966.9925537109375,976.0,36792132.0,626.3739624023438,630.0,14769272.0,False,vLH92_MN_60x-1xzoom_0005_XY02_Dapi-ex_Green-em.tif,267.9500732421875,269.0,16512960.0,296.39453125,295.0,11277219.0,222.051025390625,220.0,5235741.0,701.7778673828125,832.1013537109375,491.4827624023437,701.1088,841.1088,495.1088,130.1548732421875,158.59933125,84.255825390625,131.2048,157.2048,82.2048,2mM 2DG,1h,yes,non-MN,5.391867779525777,5.343621574820433,5.2465628143115985,5.350401514457573,5.8332199598513474,6.022869710771147
vLH92_MN_60x-1xzoom_0005_XY02_488.tif,6,34265,19069,15211,0.5565153947176419,921.7642822265625,0.09062574081944506,927.3134765625,922.0,31774396.0,1054.7861328125,1036.0,16044352.0,825.4860229492188,829.0,15741193.0,False,vLH92_MN_60x-1xzoom_0005_XY02_Dapi-ex_Green-em.tif,285.68017578125,285.0,9788831.0,301.6571044921875,301.0,4588506.0,272.90252685546875,272.0,5203978.0,792.4222765625,919.8949328125,690.5948229492187,787.1088,901.1088,694.1088,147.88497578125,163.8619044921875,135.10732685546876,147.2048,163.2048,134.2048,2mM 2DG,1h,yes,non-MN,5.358369045782197,5.347032161994717,5.613842556409187,5.521337607717419,5.111453531221023,5.172011731324066
vLH92_MN_60x-1xzoom_0005_XY02_488.tif,7,26223,8390,17852,0.31994813713152576,915.4888305664062,0.39173330190773403,894.9412231445312,915.0,23468044.0,982.3739624023438,1004.0,17537340.0,708.1405029296875,723.5,5941299.0,False,vLH92_MN_60x-1xzoom_0005_XY02_Dapi-ex_Green-em.tif,260.7498779296875,260.0,6837644.0,268.543701171875,269.0,4794042.0,244.08653259277344,239.0,2047886.0,760.0500231445312,847.4827624023437,573.2493029296875,780.1088,869.1088,588.6088,122.9546779296875,130.748501171875,106.29133259277344,122.2048,131.2048,101.2048,2mM 2DG,1h,yes,non-MN,6.181546208263594,6.383618319411348,6.481778030390483,6.624062534297525,5.393189538096559,5.816016631622215
vLH92_MN_60x-1xzoom_0005_XY02_488.tif,8,17224,7374,9855,0.42812354853692525,1451.2734985351562,0.32122301964913896,1464.87646484375,1453.0,25231032.0,1658.659912109375,1705.0,16346093.0,1205.2955322265625,1200.0,8887849.0,False,vLH92_MN_60x-1xzoom_0005_XY02_Dapi-ex_Green-em.tif,366.18084716796875,362.0,6307099.0,392.4462585449219,398.0,3867558.0,330.9808654785156,332.0,2440653.0,1329.98526484375,1523.768712109375,1070.4043322265625,1318.1088,1570.1088,1065.1088,228.38564716796876,254.65105854492188,193.18566547851563,224.2048,260.2048,194.2048,2mM 2DG,1h,yes,non-MN,5.823418771432679,5.879039164192738,5.983751729979844,6.034126964606341,5.540806195817894,5.484461764075862
vLH92_MN_60x-1xzoom_0005_XY02_488.tif,9,36576,19502,17075,0.5331911636045494,371.96531677246094,0.10495369867160687,374.8994140625,370.0,13712321.0,428.835205078125,419.0,7322361.0,327.6755676269531,326.0,6390329.0,False,vLH92_MN_60x-1xzoom_0005_XY02_Dapi-ex_Green-em.tif,217.19692993164062,213.0,7944195.0,229.6615447998047,222.0,3921471.0,206.28294372558594,205.0,4022930.0,240.0082140625,293.944005078125,192.78436762695313,235.1088,284.1088,191.1088,79.40172993164063,91.8663447998047,68.48774372558594,75.2048,84.2048,67.2048,2mM 2DG,1h,yes,non-MN,3.0227076194577926,3.1262472608131393,3.199691962477535,3.3740214334574747,2.814873978027282,2.843677832535771
vLH92_MN_60x-1xzoom_0005_XY02_488.tif,10,34020,18801,15224,0.5526455026455026,500.9671173095703,0.1794010459995091,549.9420776367188,503.0,18709030.0,654.0451049804688,568.0,9957183.0,465.6116027832031,470.0,8753964.0,False,vLH92_MN_60x-1xzoom_0005_XY02_Dapi-ex_Green-em.tif,235.65182495117188,229.0,8016875.0,254.9574432373047,245.0,3881472.0,220.0157928466797,219.0,4136517.0,415.0508776367187,519.1539049804687,330.7204027832031,368.1088,433.1088,335.1088,97.85662495117188,117.1622432373047,82.2205928466797,91.2048,107.2048,81.2048,2mM 2DG,1h,yes,non-MN,4.241418277442321,4.036068277108222,4.431068325731485,4.04001313374028,4.022354878903777,4.126711721474592
vLH92_MN_60x-1xzoom_0005_XY02_488.tif,11,20575,9074,11509,0.4410206561360875,444.080322265625,0.13320165484162416,430.9042663574219,442.0,8865855.0,476.5318298339844,481.0,5484405.0,372.9594421386719,366.0,3384234.0,False,vLH92_MN_60x-1xzoom_0005_XY02_Dapi-ex_Green-em.tif,220.2839813232422,219.0,4532343.0,227.1894989013672,227.0,2614724.0,211.51686096191406,208.0,1919304.0,296.01306635742185,341.64062983398435,238.06824213867188,307.1088,346.1088,231.1088,82.4887813232422,89.3942989013672,73.72166096191407,81.2048,89.2048,70.2048,2mM 2DG,1h,yes,non-MN,3.588525149831698,3.781904517959529,3.821727269329916,3.8799347120334327,3.2292848401999814,3.29192305939195
vLH92_MN_60x-1xzoom_0005_XY02_488.tif,12,26692,16059,10653,0.6016409411059493,483.5148010253906,0.24509232288898664,476.5965576171875,484.0,12721315.0,535.1439208984375,537.0,5700888.0,437.611572265625,441.0,7027604.0,False,vLH92_MN_60x-1xzoom_0005_XY02_Dapi-ex_Green-em.tif,221.44027709960938,220.0,5910684.0,233.5950469970703,233.0,2488488.0,213.34927368164062,212.0,3426176.0,341.7053576171875,400.2527208984375,302.720372265625,349.1088,402.1088,306.1088,83.64507709960938,95.79984699707032,75.55407368164063,82.2048,95.2048,74.2048,2mM 2DG,1h,yes,non-MN,4.085181931391671,4.246817704075673,4.178010022403039,4.223618977194427,4.00667174534078,4.1251886670404065
vLH92_MN_60x-1xzoom_0005_XY02_488.tif,13,28180,16579,11606,0.5883250532292406,316.1255340576172,0.1822001482896112,316.2738037109375,315.0,8912596.0,353.2984619140625,348.0,4100382.0,290.3405456542969,293.0,4813556.0,False,vLH92_MN_60x-1xzoom_0005_XY02_Dapi-ex_Green-em.tif,200.5158233642578,197.0,5650536.0,212.2969970703125,206.0,2463919.0,192.26678466796875,191.0,3187591.0,181.3826037109375,218.4072619140625,155.44934565429688,180.1088,213.1088,158.1088,62.72062336425782,74.5017970703125,54.471584667968756,59.204800000000006,68.2048,53.204800000000006,2mM 2DG,1h,yes,non-MN,2.89191328117923,3.0421317190498067,2.931570384912144,3.124542554189734,2.853769476357949,2.971701801341232
vLH92_MN_60x-1xzoom_0005_XY02_488.tif,14,5894,0,5894,0.0,382.3776092529297,,378.9010925292969,384.0,2233243.0,378.9010925292969,384.0,2233243.0,,,,True,vLH92_MN_60x-1xzoom_0005_XY02_Dapi-ex_Green-em.tif,206.89768981933594,208.0,1219455.0,206.89768981933594,208.0,1219455.0,,,,244.00989252929688,244.00989252929688,,249.1088,249.1088,,69.10248981933594,69.10248981933594,,70.2048,70.2048,,2mM 2DG,1h,yes,non-MN,3.531130255469017,3.5483157846756916,3.531130255469017,3.5483157846756916,,
vLH92_MN_60x-1xzoom_0005_XY03_488.tif,1,69240,0,69240,0.0,1126.3590087890625,,1122.578125,1126.0,77727312.0,1122.578125,1126.0,77727312.0,,,,True,vLH92_MN_60x-1xzoom_0005_XY03_Dapi-ex_Green-em.tif,288.0107116699219,286.0,19941862.0,288.0107116699219,286.0,19941862.0,,,,985.533325,985.533325,,988.9552,988.9552,,149.15951166992187,149.15951166992187,,147.1488,147.1488,,2mM 2DG,1h,yes,non-MN,6.6072442445434305,6.720783315935978,6.6072442445434305,6.720783315935978,,
vLH92_MN_60x-1xzoom_0005_XY03_488.tif,2,13571,7488,6091,0.5517647925723971,706.3653564453125,0.5666444399536247,739.862548828125,702.0,10040675.0,918.345947265625,928.0,5593645.0,594.5929565429688,586.0,4452312.0,False,vLH92_MN_60x-1xzoom_0005_XY03_Dapi-ex_Green-em.tif,244.89779663085938,241.0,3323508.0,271.6920166015625,272.0,1654876.0,223.07691955566406,223.0,1670400.0,602.817748828125,781.301147265625,457.54815654296874,564.9552,790.9552,448.9552,106.04659663085937,132.8408166015625,84.22571955566406,102.1488,133.1488,84.1488,2mM 2DG,1h,yes,non-MN,5.684461057496174,5.530708143414313,5.881484074349142,5.940385493523036,5.432404246075679,5.335253740992147
vLH92_MN_60x-1xzoom_0005_XY03_488.tif,3,42610,13158,29457,0.30880075099741844,890.2817687988281,0.10691418921995131,874.2058715820312,891.0,37249912.0,962.1441040039062,993.0,28341878.0,677.3656616210938,651.0,8912777.0,False,vLH92_MN_60x-1xzoom_0005_XY03_Dapi-ex_Green-em.tif,275.2210693359375,274.0,11727170.0,285.36688232421875,290.0,8406052.0,252.53070068359375,250.0,3322799.0,737.1610715820312,825.0993040039062,540.3208616210937,753.9552,855.9552,513.9552,136.3698693359375,146.51568232421874,113.67950068359374,135.1488,151.1488,111.1488,2mM 2DG,1h,yes,non-MN,5.405600776562213,5.578704361414974,5.631474330359236,5.662996993690985,4.7530193075441,4.624028329590603
vLH92_MN_60x-1xzoom_0005_XY03_488.tif,4,81404,41438,39969,0.5090413247506265,889.8772277832031,0.04385025114094135,895.0822143554688,893.0,72863272.0,1160.819091796875,1164.0,46396780.0,638.7281494140625,672.5,26467616.0,False,vLH92_MN_60x-1xzoom_0005_XY03_Dapi-ex_Green-em.tif,279.1009826660156,283.0,22719936.0,320.0126037597656,317.0,12790584.0,239.63296508789062,236.0,9929911.0,758.0374143554687,1023.774291796875,501.6833494140625,755.9552,1026.9551999999999,535.4552,140.24978266601562,181.16140375976562,100.78176508789062,144.1488,178.1488,97.1488,2mM 2DG,1h,yes,non-MN,5.404909725675826,5.244269810085134,5.651172217424859,5.764592295878501,4.9779178701280955,5.51170163707632
vLH92_MN_60x-1xzoom_0005_XY03_488.tif,5,15904,7714,8197,0.4850352112676056,586.4432067871094,0.3528085514707384,576.7821044921875,583.0,9173143.0,727.42431640625,717.0,5962697.0,416.53759765625,429.0,3213171.0,False,vLH92_MN_60x-1xzoom_0005_XY03_Dapi-ex_Green-em.tif,217.86085510253906,215.0,3464859.0,245.5994873046875,246.0,2013179.0,188.34832763671875,189.0,1452919.0,439.7373044921875,590.37951640625,279.49279765625,445.9552,579.9552,291.9552,79.00965510253906,106.7482873046875,49.497127636718744,76.1488,107.1488,50.148799999999994,2mM 2DG,1h,yes,non-MN,5.565614783680483,5.856365431891245,5.53057600560047,5.412614980289094,5.646646805599931,5.821778387518744
vLH92_MN_60x-1xzoom_0005_XY03_488.tif,6,17867,8605,9262,0.48161414898975763,378.6582336425781,0.32142098575059624,375.8290710449219,376.0,6714938.0,411.1404724121094,407.0,3807983.0,337.8216247558594,335.0,2906955.0,False,vLH92_MN_60x-1xzoom_0005_XY03_Dapi-ex_Green-em.tif,202.41310119628906,200.0,3616515.0,198.50204467773438,195.0,1838526.0,206.62277221679688,206.0,1777989.0,238.78427104492187,274.09567241210937,200.77682475585937,238.9552,269.9552,197.9552,63.56190119628906,59.65084467773437,67.77157221679687,61.148799999999994,56.148799999999994,67.1488,2mM 2DG,1h,yes,non-MN,3.756720087832471,3.9077659741483073,4.595000689309936,4.807853418060582,2.9625522647399607,2.9480080060998857
vLH92_MN_60x-1xzoom_0005_XY03_488.tif,7,22259,10354,11907,0.46516015993530707,397.17626953125,0.3057684821941523,388.6383056640625,393.0,8650700.0,435.9828796386719,431.0,5191248.0,334.1781921386719,330.0,3460081.0,False,vLH92_MN_60x-1xzoom_0005_XY03_Dapi-ex_Green-em.tif,214.25814819335938,211.0,4769172.0,215.80120849609375,210.0,2569545.0,212.47923278808594,212.0,2200010.0,251.5935056640625,298.93807963867187,197.13339213867187,255.9552,293.9552,192.9552,75.40694819335937,76.95000849609374,73.62803278808593,72.1488,71.1488,73.1488,2mM 2DG,1h,yes,non-MN,3.3364764347566953,3.5476016233118224,3.884834914005851,4.131555275703877,2.6774230503489815,2.6378450500896804
vLH92_MN_60x-1xzoom_0005_XY03_488.tif,8,23678,10302,13380,0.43508742292423347,383.56993103027344,0.21479933103061413,378.2189025878906,379.0,8955467.0,418.21575927734375,408.0,5595727.0,326.2631530761719,324.0,3361163.0,False,vLH92_MN_60x-1xzoom_0005_XY03_Dapi-ex_Green-em.tif,202.7051239013672,201.0,4799652.0,199.86016845703125,198.0,2674129.0,206.394287109375,206.0,2126274.0,241.17410258789062,281.17095927734374,189.21835307617187,241.9552,270.9552,186.9552,63.85392390136718,61.008968457031244,67.543087109375,62.148799999999994,59.148799999999994,67.1488,2mM 2DG,1h,yes,non-MN,3.7769660477001135,3.8931596426640582,4.608682401758244,4.58090781216187,2.8014466198408083,2.784192718261533
vLH92_MN_60x-1xzoom_0005_XY03_488.tif,9,9512,4923,4663,0.5175567703952901,279.3881072998047,0.4262652126697692,319.1377258300781,284.0,3035638.0,375.8756103515625,370.0,1752708.0,264.62420654296875,264.0,1302745.0,False,vLH92_MN_60x-1xzoom_0005_XY03_Dapi-ex_Green-em.tif,180.742431640625,179.0,1719222.0,186.7040557861328,186.0,870601.0,174.99147033691406,175.0,861483.0,182.09292583007812,238.8308103515625,127.57940654296874,146.9552,232.9552,126.95519999999999,41.891231640624994,47.85285578613281,36.14027033691406,40.148799999999994,47.148799999999994,36.148799999999994,2mM 2DG,1h,yes,non-MN,4.346802867774584,3.6602638185948275,4.9909416361473005,4.940851092710737,3.5301176597082002,3.512016996414819
vLH92_MN_60x-1xzoom_0005_XY04_488.tif,1,92058,0,92058,0.0,474.8099060058594,,470.81805419921875,474.0,43342568.0,470.81805419921875,474.0,43342568.0,,,,True,vLH92_MN_60x-1xzoom_0005_XY04_Dapi-ex_Green-em.tif,230.21685791015625,226.0,21193304.0,230.21685791015625,226.0,21193304.0,,,,324.85165419921873,324.85165419921873,,328.0336,328.0336,,85.10485791015626,85.10485791015626,,80.888,80.888,,2mM 2DG,1h,yes,non-MN,3.8170753371347974,4.055405004450598,3.8170753371347974,4.055405004450598,,
vLH92_MN_60x-1xzoom_0005_XY05_488.tif,1,16694,7872,8823,0.47154666347190605,617.7819519042969,0.1007410016186266,628.5776977539062,618.0,10493476.0,737.1845092773438,749.0,6504179.0,506.8426208496094,517.0,3989865.0,False,vLH92_MN_60x-1xzoom_0005_XY05_Dapi-ex_Green-em.tif,264.05218505859375,261.0,4408087.0,281.5596618652344,278.0,2484201.0,244.42568969726562,243.0,1924119.0,485.33449775390625,593.9413092773437,363.5994208496094,474.7568,605.7568,373.7568,121.58178505859374,139.08926186523436,101.95528969726561,118.52959999999999,135.5296,100.52959999999999,2mM 2DG,1h,yes,non-MN,3.9918355987289518,4.005385996409336,4.270216847169857,4.469553514509008,3.5662634271281064,3.7178781174897746
vLH92_MN_60x-1xzoom_0005_XY05_488.tif,2,15682,8278,7404,0.5278663435786252,634.5732116699219,0.09377220026746183,642.6093139648438,635.0,10077399.0,779.9808349609375,778.0,5774978.0,519.7415771484375,524.0,4302421.0,False,vLH92_MN_60x-1xzoom_0005_XY05_Dapi-ex_Green-em.tif,257.5019836425781,255.0,4038146.0,280.3284606933594,279.0,2075552.0,237.0855255126953,237.0,1962594.0,499.36611396484375,636.7376349609375,376.4983771484375,491.7568,634.7568,380.7568,115.03158364257811,137.85806069335936,94.6151255126953,112.52959999999999,136.5296,94.52959999999999,2mM 2DG,1h,yes,non-MN,4.3411217871819945,4.370021754276209,4.618791471158489,4.649224783490174,3.9792620377375028,4.027910834278364
vLH92_MN_60x-1xzoom_0005_XY05_488.tif,3,3570,1821,1756,0.5100840336134453,675.1505737304688,0.14249680247017246,650.9097900390625,670.0,2323748.0,764.49658203125,766.0,1342456.0,540.15869140625,552.0,983629.0,False,vLH92_MN_60x-1xzoom_0005_XY05_Dapi-ex_Green-em.tif,250.1296844482422,251.0,892963.0,264.3029479980469,263.0,464116.0,236.2449188232422,237.0,430202.0,507.6665900390625,621.25338203125,396.91549140625,526.7568,622.7568,408.7568,107.65928444824218,121.83254799804686,93.77451882324218,108.52959999999999,120.52959999999999,94.52959999999999,2mM 2DG,1h,yes,non-MN,4.715492887035917,4.853577272928308,5.099239835657131,5.166837025925583,4.232658257137053,4.324114351483557
vLH92_MN_60x-1xzoom_0005_XY05_488.tif,4,15201,8026,7183,0.5279915795013486,731.2872924804688,0.10538411735110607,707.062255859375,730.0,10748053.0,819.9745483398438,824.0,5889877.0,605.8104858398438,604.0,4862235.0,False,vLH92_MN_60x-1xzoom_0005_XY05_Dapi-ex_Green-em.tif,284.2682800292969,272.0,4321162.0,316.6668395996094,291.0,2274618.0,255.1949920654297,250.0,2048195.0,563.819055859375,676.7313483398437,462.56728583984375,586.7568,680.7568,460.7568,141.79788002929686,174.19643959960936,112.72459206542968,129.5296,148.5296,107.52959999999999,2mM 2DG,1h,yes,non-MN,3.9762163986011942,4.529905133652849,3.884874741959774,4.583307300363026,4.103517053061075,4.2849299169716994
vLH92_MN_60x-1xzoom_0005_XY05_488.tif,5,13056,6430,6635,0.4924938725490196,635.853271484375,0.2571995915228197,629.9757080078125,633.0,8224963.0,734.7930908203125,734.0,4875352.0,521.6357421875,523.0,3354118.0,False,vLH92_MN_60x-1xzoom_0005_XY05_Dapi-ex_Green-em.tif,252.32713317871094,245.0,3294383.0,280.4720458984375,273.0,1860932.0,223.22752380371094,223.0,1435353.0,486.7325080078125,591.5498908203125,378.3925421875,489.7568,590.7568,379.7568,109.85673317871093,138.0016458984375,80.75712380371093,102.52959999999999,130.5296,80.52959999999999,2mM 2DG,1h,yes,non-MN,4.4306115239747195,4.776735693887424,4.2865422870076815,4.525845478726665,4.6855623920835106,4.715741789354474
vLH92_MN_60x-1xzoom_0005_XY05_488.tif,6,7290,4175,3115,0.5727023319615913,730.7383728027344,0.1556367572201728,703.6993408203125,725.0,5129968.0,850.4738159179688,845.0,2649226.0,594.189697265625,597.0,2480742.0,False,vLH92_MN_60x-1xzoom_0005_XY05_Dapi-ex_Green-em.tif,296.26544189453125,296.0,2159775.0,321.0549011230469,317.0,1000086.0,277.7698059082031,278.0,1159689.0,560.4561408203125,707.2306159179687,450.946497265625,581.7568,701.7568,453.7568,153.79504189453124,178.58450112304686,135.2994059082031,153.5296,174.5296,135.5296,2mM 2DG,1h,yes,non-MN,3.6441756113611206,3.789215890616533,3.9602015374821264,4.020846893592835,3.3329525302689036,3.3480272944065357
vLH92_MN_60x-1xzoom_0005_XY05_488.tif,7,6067,2691,3376,0.4435470578539641,661.590576171875,0.28424298216335947,670.1138916015625,660.0,4065581.0,769.1240844726562,786.0,2596563.0,545.900390625,554.0,1469018.0,False,vLH92_MN_60x-1xzoom_0005_XY05_Dapi-ex_Green-em.tif,291.176513671875,271.0,1766568.0,325.85455322265625,297.0,1100085.0,247.67112731933594,248.0,666483.0,526.8706916015625,625.8808844726562,402.657190625,516.7568,642.7568,410.7568,148.706113671875,183.38415322265624,105.20072731933593,128.5296,154.5296,105.52959999999999,2mM 2DG,1h,yes,non-MN,3.543033158435707,4.020527567190749,3.412949665900203,4.159441297977864,3.827513372628475,3.8923373157862824
vLH92_MN_60x-1xzoom_0005_XY05_488.tif,8,9105,4973,4133,0.5461834157056562,619.05322265625,0.191126037444643,606.7742919921875,621.0,5524680.0,689.299560546875,679.0,2848875.0,538.1226806640625,549.0,2676084.0,False,vLH92_MN_60x-1xzoom_0005_XY05_Dapi-ex_Green-em.tif,314.66534423828125,309.0,2865028.0,343.2613220214844,332.0,1418699.0,290.8890075683594,290.0,1446591.0,463.5310919921875,546.056360546875,394.8794806640625,477.7568,535.7568,405.7568,172.19494423828124,200.79092202148436,148.41860756835936,166.5296,189.5296,147.5296,2mM 2DG,1h,yes,non-MN,2.6918972217370034,2.86890018351092,2.7195271332458333,2.826771121766732,2.6605793379525338,2.7503416263583715
vLH92_MN_60x-1xzoom_0005_XY05_488.tif,9,7439,3249,4192,0.4367522516467267,535.6058349609375,0.30991381665511447,549.706298828125,536.0,4089265.0,596.3663940429688,607.0,2499968.0,489.41552734375,494.0,1590111.0,False,vLH92_MN_60x-1xzoom_0005_XY05_Dapi-ex_Green-em.tif,233.81973266601562,231.0,1739385.0,242.77099609375,241.0,1017696.0,222.25331115722656,221.0,722101.0,406.463098828125,453.12319404296875,346.17232734375,392.7568,463.7568,350.7568,91.34933266601561,100.30059609374999,79.78291115722655,88.52959999999999,98.52959999999999,78.52959999999999,2mM 2DG,1h,yes,non-MN,4.449546449498476,4.436446115197629,4.517652054823672,4.706776440785307,4.3389282532139655,4.466555286159615
vLH92_MN_60x-1xzoom_0005_XY05_488.tif,10,4104,2054,2050,0.5004873294346979,688.0072021484375,0.14543891972758427,637.2723999023438,698.0,2615366.0,819.1390380859375,823.0,1679235.0,455.7599792480469,436.0,936131.0,False,vLH92_MN_60x-1xzoom_0005_XY05_Dapi-ex_Green-em.tif,261.3016662597656,256.0,1072382.0,286.5219421386719,275.0,587370.0,236.13047790527344,235.0,485012.0,494.02919990234375,675.8958380859375,312.5167792480469,554.7568,679.7568,292.7568,118.83126625976561,144.05154213867186,93.66007790527343,113.52959999999999,132.5296,92.52959999999999,2mM 2DG,1h,yes,non-MN,4.157400787284333,4.88645075821636,4.692041668219583,5.129094179715325,3.33671278347774,3.1639259220833122
vLH92_MN_60x-1xzoom_0005_XY05_488.tif,11,8251,3448,4803,0.4178887407586959,538.3095703125,0.1634397727536189,567.9969482421875,535.0,4686543.0,640.1122436523438,641.0,3074459.0,467.5417785644531,469.0,1612084.0,False,vLH92_MN_60x-1xzoom_0005_XY05_Dapi-ex_Green-em.tif,255.34007263183594,251.0,2106811.0,267.38726806640625,263.0,1284261.0,238.55857849121094,235.0,822550.0,424.7537482421875,496.86904365234375,324.2985785644531,391.7568,497.7568,325.7568,112.86967263183593,124.91686806640624,96.08817849121093,108.52959999999999,120.52959999999999,92.52959999999999,2mM 2DG,1h,yes,non-MN,3.763223001697462,3.60967699134614,3.9775976723032027,4.129747381556066,3.3750101589668113,3.520568553198112
vLH92_MN_60x-1xzoom_0005_XY05_488.tif,12,9133,2417,6716,0.26464469506186356,615.4149169921875,0.26971527521806293,604.1163940429688,614.0,5517395.0,630.33251953125,655.0,4233313.0,531.27099609375,540.0,1284082.0,False,vLH92_MN_60x-1xzoom_0005_XY05_Dapi-ex_Green-em.tif,254.69024658203125,254.0,2326086.0,260.0360412597656,261.0,1746402.0,239.83616638183594,239.0,579684.0,460.87319404296875,487.08931953125,388.02779609375,470.7568,511.7568,396.7568,112.21984658203124,117.56564125976561,97.36576638183593,111.52959999999999,118.52959999999999,96.52959999999999,2mM 2DG,1h,yes,non-MN,4.106877776793933,4.220913551200758,4.143126463751499,4.317544309607052,3.985258993104773,4.110208682103728
vLH92_MN_60x-1xzoom_0005_XY05_488.tif,13,7446,2058,5388,0.2763900080580177,532.3902587890625,0.7826267606900966,538.89697265625,532.0,4012627.0,562.2349853515625,577.0,3029322.0,477.7964172363281,472.0,983305.0,False,vLH92_MN_60x-1xzoom_0005_XY05_Dapi-ex_Green-em.tif,225.1044921875,223.0,1676128.0,231.00445556640625,230.0,1244652.0,209.6579132080078,209.0,431476.0,395.65377265625,418.9917853515625,334.5532172363281,388.7568,433.7568,328.7568,82.63409218749999,88.53405556640624,67.1875132080078,80.52959999999999,87.52959999999999,66.52959999999999,2mM 2DG,1h,yes,non-MN,4.788021047759514,4.827501937175897,4.732549329984005,4.955544181625417,4.97939574278594,4.941511748154206
vLH92_MN_60x-1xzoom_0005_XY05_488.tif,14,5767,2935,2832,0.5089301196462632,687.6710205078125,0.0916434126021027,631.7367553710938,688.0,3643226.0,786.888427734375,790.0,2228468.0,482.02996826171875,469.0,1414758.0,False,vLH92_MN_60x-1xzoom_0005_XY05_Dapi-ex_Green-em.tif,317.9237060546875,313.0,1833466.0,348.90289306640625,334.0,988093.0,288.03167724609375,283.0,845373.0,488.49355537109375,643.645227734375,338.78676826171875,544.7568,646.7568,325.7568,175.4533060546875,206.43249306640624,145.56127724609374,170.5296,191.5296,140.5296,2mM 2DG,1h,yes,non-MN,2.7841798274170677,3.194499957778591,3.117945330085821,3.3767981554809285,2.3274511921803733,2.318065375550774
vLH92_MN_60x-1xzoom_0005_XY05_488.tif,15,7210,5049,2163,0.7002773925104022,522.8568115234375,0.24042216913910122,510.68780517578125,521.0,3682059.0,591.7484741210938,586.0,1279952.0,475.912841796875,484.0,2402884.0,False,vLH92_MN_60x-1xzoom_0005_XY05_Dapi-ex_Green-em.tif,267.7830810546875,263.0,1930716.0,297.66204833984375,297.0,643843.0,254.9805908203125,249.0,1287397.0,367.44460517578125,448.50527412109375,332.669641796875,377.7568,442.7568,340.7568,125.31268105468749,155.19164833984374,112.51019082031249,120.52959999999999,154.5296,106.52959999999999,2mM 2DG,1h,yes,non-MN,2.9322220391679705,3.134141322961331,2.890009088239995,2.865190876052226,2.956795641100407,3.1987053363572193
vLH92_MN_60x-1xzoom_0005_XY05_488.tif,16,5043,2563,2480,0.5082292286337498,606.7313232421875,0.2462339404080965,608.4757080078125,605.0,3068543.0,688.5020141601562,697.0,1707485.0,531.0409545898438,544.0,1361058.0,False,vLH92_MN_60x-1xzoom_0005_XY05_Dapi-ex_Green-em.tif,257.376953125,253.0,1297952.0,277.1213684082031,274.0,687261.0,238.27194213867188,237.0,610691.0,465.2325080078125,545.2588141601562,387.79775458984375,461.7568,553.7568,400.7568,114.90655312499999,134.6509684082031,95.80154213867186,110.52959999999999,131.5296,94.52959999999999,2mM 2DG,1h,yes,non-MN,4.048790041606363,4.177675482404713,4.049423636576968,4.2101306473980005,4.047928101496634,4.239484775139216
vLH92_MN_60x-1xzoom_0005_XY05_488.tif,17,18178,9700,8479,0.5336120585322918,522.94482421875,0.10371868816298577,533.6295776367188,524.0,9700318.0,652.717529296875,656.0,5534392.0,429.5117492675781,439.0,4166264.0,False,vLH92_MN_60x-1xzoom_0005_XY05_Dapi-ex_Green-em.tif,219.3577423095703,215.0,3987485.0,242.01898193359375,234.0,2052079.0,199.54515075683594,199.0,1935588.0,390.38637763671875,509.474329296875,286.2685492675781,380.7568,512.7568,295.7568,76.8873423095703,99.54858193359374,57.074750756835925,72.52959999999999,91.52959999999999,56.52959999999999,2mM 2DG,1h,yes,non-MN,5.077381606778814,5.249674615605215,5.1178461752145505,5.602087193651016,5.015677606499076,5.2318926721575965
vLH92_MN_60x-1xzoom_0005_XY05_488.tif,18,5775,1499,4281,0.25956709956709956,629.7471313476562,0.3809297833374493,601.215087890625,627.0,3472017.0,633.03271484375,680.0,2710013.0,509.92193603515625,515.0,764373.0,False,vLH92_MN_60x-1xzoom_0005_XY05_Dapi-ex_Green-em.tif,221.6112518310547,222.0,1279805.0,225.80775451660156,228.0,966683.0,209.56771850585938,208.0,314142.0,457.971887890625,489.78951484375,366.67873603515625,483.7568,536.7568,371.7568,79.14085183105468,83.33735451660155,67.09731850585936,79.52959999999999,85.52959999999999,65.52959999999999,2mM 2DG,1h,yes,non-MN,5.78679502803782,6.082726431416731,5.877190578999955,6.275684675246933,5.464879136759177,5.67311260865319
vLH92_MN_60x-1xzoom_0005_XY05_488.tif,19,3399,1488,1912,0.43777581641659313,695.3297729492188,0.3384869092422604,695.09033203125,701.0,2362612.0,772.3226928710938,790.0,1476681.0,595.7439575195312,607.0,886467.0,False,vLH92_MN_60x-1xzoom_0005_XY05_Dapi-ex_Green-em.tif,281.4130554199219,279.0,956523.0,295.7181091308594,294.0,565413.0,263.0147705078125,263.0,391366.0,551.84713203125,629.0794928710937,452.50075751953125,557.7568,646.7568,463.7568,138.94265541992186,153.24770913085936,120.54437050781249,136.5296,151.5296,120.52959999999999,2mM 2DG,1h,yes,non-MN,3.971761806073307,4.0852445184048,4.104984645048874,4.268187865605136,3.753810780323455,3.847658998287558
vLH92_MN_60x-1xzoom_0005_XY05_488.tif,20,4921,2641,2282,0.5366795366795367,687.4898681640625,0.1973984595632677,676.73828125,685.0,3330229.0,758.8816528320312,754.0,1731768.0,605.6160278320312,608.0,1599432.0,False,vLH92_MN_60x-1xzoom_0005_XY05_Dapi-ex_Green-em.tif,281.2769775390625,280.0,1384164.0,292.7007141113281,292.0,667943.0,271.3952941894531,268.0,716755.0,533.49508125,615.6384528320312,462.37282783203125,541.7568,610.7568,464.7568,138.8065775390625,150.2303141113281,128.9248941894531,137.5296,149.5296,125.52959999999999,2mM 2DG,1h,yes,non-MN,3.8434423692916537,3.9392014519056264,4.09796422562102,4.084521058038008,3.586373529634871,3.702368206383196
vLH92_MN_60x-1xzoom_0005_XY05_488.tif,21,4145,2677,1472,0.6458383594692401,710.1109619140625,0.2260262111746094,701.509765625,713.0,2907758.0,804.625,808.0,1184408.0,644.6865844726562,632.0,1725826.0,False,vLH92_MN_60x-1xzoom_0005_XY05_Dapi-ex_Green-em.tif,270.13726806640625,270.0,1119719.0,289.4707946777344,290.0,426101.0,259.5382995605469,257.0,694784.0,558.266565625,661.3818,501.44338447265625,569.7568,664.7568,488.7568,127.66686806640624,147.00039467773436,117.06789956054686,127.52959999999999,147.5296,114.52959999999999,2mM 2DG,1h,yes,non-MN,4.372838263210282,4.467643590193963,4.499183838587184,4.505921523545106,4.283355098664878,4.267515122728098
vLH92_MN_60x-1xzoom_0005_XY05_488.tif,22,8704,3915,4792,0.44979319852941174,743.5847473144531,0.26492693022536185,739.1360473632812,744.0,6433440.0,824.45849609375,837.0,3950805.0,634.6423950195312,634.0,2484625.0,False,vLH92_MN_60x-1xzoom_0005_XY05_Dapi-ex_Green-em.tif,278.5710144042969,275.0,2424682.0,294.6337585449219,290.0,1411885.0,258.8960266113281,258.0,1013578.0,595.8928473632812,681.21529609375,491.39919501953125,600.7568,693.7568,490.7568,136.10061440429686,152.16335854492186,116.42562661132811,132.5296,147.5296,115.52959999999999,2mM 2DG,1h,yes,non-MN,4.3783259169803435,4.533000929603651,4.476868167264071,4.7024922456239295,4.220713337107507,4.247887987147883
vLH92_MN_60x-1xzoom_0005_XY06_488.tif,1,37689,20553,17176,0.5453315290933695,666.6260375976562,0.07706865893118266,661.527099609375,666.0,24932294.0,757.6405029296875,733.0,13013233.0,580.6974487304688,608.0,11935075.0,False,vLH92_MN_60x-1xzoom_0005_XY06_Dapi-ex_Green-em.tif,258.6349182128906,259.0,9747692.0,271.22100830078125,268.0,4658492.0,248.01454162597656,250.0,5097443.0,513.275899609375,609.3893029296875,432.4462487304687,517.7488,584.7488,459.74879999999996,107.54531821289063,120.13140830078126,96.92494162597657,107.91040000000001,116.91040000000001,98.91040000000001,2mM 2DG,1h,yes,non-MN,4.772647551177663,4.797950892592372,5.072689245462915,5.001683340404274,4.461661172820041,4.648134068813794
vLH92_MN_60x-1xzoom_0005_XY06_488.tif,2,75906,39253,36716,0.5171264458672569,1037.5570678710938,0.07471577258230264,1015.6432495117188,1036.0,77093416.0,1122.5535888671875,1128.0,41215676.0,915.1786499023438,945.0,35923508.0,False,vLH92_MN_60x-1xzoom_0005_XY06_Dapi-ex_Green-em.tif,303.9869689941406,304.0,23074436.0,318.1517028808594,319.0,11681258.0,290.6565856933594,287.0,11409143.0,867.3920495117187,974.3023888671875,766.9274499023437,887.7488,979.7488,796.7488,152.89736899414063,167.06210288085938,139.56698569335938,152.9104,167.9104,135.9104,2mM 2DG,1h,yes,non-MN,5.673034501626768,5.805679666000481,5.8319772830946155,5.834950068608019,5.495049177226977,5.862309286117912
vLH92_MN_60x-1xzoom_0005_XY06_488.tif,3,25910,18099,7824,0.698533384793516,934.1258850097656,0.18676078717229505,908.0493774414062,931.0,23527560.0,1008.5903930664062,1005.0,7891211.0,864.3776245117188,885.0,15644371.0,False,vLH92_MN_60x-1xzoom_0005_XY06_Dapi-ex_Green-em.tif,269.8009948730469,271.0,6990544.0,284.6363830566406,285.0,2226995.0,263.3520202636719,264.0,4766408.0,759.7981774414062,860.3391930664062,716.1264245117187,782.7488,856.7488,736.7488,118.71139487304688,133.54678305664063,112.26242026367188,119.91040000000001,133.9104,112.91040000000001,2mM 2DG,1h,yes,non-MN,6.400381178689329,6.5277807429547385,6.442230755206691,6.3979257772361215,6.379039600515874,6.525074749535914
vLH92_MN_60x-1xzoom_0005_XY06_488.tif,4,101834,51435,50473,0.5050867097433077,921.4391479492188,0.09102023130733262,905.7987060546875,921.0,92241104.0,1192.1317138671875,1198.0,60170464.0,623.9655151367188,624.0,32093666.0,False,vLH92_MN_60x-1xzoom_0005_XY06_Dapi-ex_Green-em.tif,263.7279968261719,262.0,26856476.0,304.3720703125,298.0,15362571.0,223.72479248046875,223.0,11507285.0,757.5475060546875,1043.8805138671876,475.7143151367187,772.7488,1049.7488,475.74879999999996,112.63839682617188,153.2824703125,72.63519248046876,110.91040000000001,146.9104,71.91040000000001,2mM 2DG,1h,yes,non-MN,6.725481961748491,6.96732497583635,6.810175434536041,7.145503653927836,6.549364005122392,6.615855286578852
vLH92_MN_60x-1xzoom_0005_XY07_488.tif,2,206975,88301,118764,0.4266264041550912,902.1723022460938,0.07056521936147878,902.6529541015625,902.0,186826592.0,1024.86865234375,1028.0,121717504.0,737.8616333007812,744.0,65153920.0,False,vLH92_MN_60x-1xzoom_0005_XY07_Dapi-ex_Green-em.tif,286.8506774902344,287.0,59370920.0,306.45550537109375,306.0,36395880.0,260.4100036621094,254.0,22994464.0,759.1313541015625,881.34705234375,594.3400333007812,758.4784,884.4784,600.4784,141.11467749023439,160.71950537109376,114.67400366210939,141.264,160.264,108.26400000000001,2mM 2DG,1h,yes,non-MN,5.379535053354722,5.369226412957299,5.4837591137974275,5.518883841661259,5.182866336925177,5.546427251902755
vLH92_MN_60x-1xzoom_0005_XY07_488.tif,3,69474,20255,49244,0.2915479172064369,816.1232604980469,0.08736323163437384,765.7105102539062,811.0,53196972.0,837.4934692382812,874.0,41241528.0,590.8909301757812,604.0,11968496.0,False,vLH92_MN_60x-1xzoom_0005_XY07_Dapi-ex_Green-em.tif,266.1138916015625,266.0,18487996.0,276.7304992675781,277.0,13627317.0,240.26260375976562,239.0,4866519.0,622.1889102539062,693.9718692382812,447.3693301757812,667.4784,730.4784,460.47839999999997,120.37789160156251,130.99449926757814,94.52660375976564,120.26400000000001,131.264,93.26400000000001,2mM 2DG,1h,yes,non-MN,5.168631066519113,5.550109758531231,5.297717637904229,5.564956118966357,4.732734620538644,4.937364899639731
vLH92_MN_60x-1xzoom_0005_XY07_488.tif,4,20784,9750,11037,0.4691108545034642,725.6328125,0.22980191982987636,762.5161743164062,728.0,15848136.0,902.3106079101562,902.0,9958802.0,604.2044067382812,604.0,5890993.0,False,vLH92_MN_60x-1xzoom_0005_XY07_Dapi-ex_Green-em.tif,240.57159423828125,238.0,5000040.0,259.2435302734375,258.0,2861271.0,219.42410278320312,218.0,2139385.0,618.9945743164062,758.7890079101562,460.6828067382812,584.4784,758.4784,460.47839999999997,94.83559423828126,113.50753027343751,73.68810278320314,92.26400000000001,112.26400000000001,72.26400000000001,2mM 2DG,1h,yes,non-MN,6.527027950720041,6.334847827971906,6.6849221904683125,6.75620323523124,6.251793564201951,6.372168714712719
vLH92_MN_60x-1xzoom_0005_XY08_488.tif,1,6597,2145,4452,0.32514779445202363,359.5339050292969,0.6711228294831318,364.5625305175781,359.0,2405019.0,392.9750671386719,396.0,1749525.0,305.59161376953125,304.0,655494.0,False,vLH92_MN_60x-1xzoom_0005_XY08_Dapi-ex_Green-em.tif,245.25572204589844,240.0,1617952.0,257.7666320800781,252.0,1147577.0,219.28904724121094,218.0,470375.0,242.9337305175781,271.34626713867186,183.96281376953124,237.3712,274.3712,182.3712,115.20452204589844,127.71543208007813,89.23784724121094,109.9488,121.9488,87.9488,2mM 2DG,1h,yes,non-MN,2.108716968773077,2.158924881399342,2.124616130715798,2.2498884777873993,2.0614887007782428,2.073606461941493
vLH92_MN_60x-1xzoom_0005_XY08_488.tif,2,8193,4094,4099,0.49969486146710607,313.8766174316406,0.21063767519988835,330.60626220703125,314.0,2708657.0,389.4959716796875,383.0,1596544.0,271.64459228515625,274.0,1112113.0,False,vLH92_MN_60x-1xzoom_0005_XY08_Dapi-ex_Green-em.tif,217.24288940429688,210.0,1779871.0,235.63990783691406,226.0,965888.0,198.82339477539062,197.0,813983.0,208.97746220703124,267.8671716796875,150.01579228515624,192.3712,261.3712,152.3712,87.19168940429688,105.58870783691407,68.77219477539063,79.9488,95.9488,66.9488,2mM 2DG,1h,yes,non-MN,2.396758953001003,2.4061799551713094,2.5368922223522135,2.724069503735325,2.181343677849841,2.2759362378414547
vLH92_MN_60x-1xzoom_0005_XY08_488.tif,3,5535,2887,2648,0.5215898825654923,367.22900390625,0.29610266558365217,390.17108154296875,368.0,2159597.0,455.3538513183594,434.0,1205777.0,330.3844909667969,335.0,953820.0,False,vLH92_MN_60x-1xzoom_0005_XY08_Dapi-ex_Green-em.tif,252.70423889160156,243.0,1398718.0,269.8534851074219,264.0,714572.0,236.97471618652344,230.0,684146.0,268.54228154296874,333.72505131835936,208.75569096679686,246.3712,312.3712,213.3712,122.65303889160157,139.80228510742188,106.92351618652344,112.9488,133.9488,99.9488,2mM 2DG,1h,yes,non-MN,2.1894466208888743,2.1812644313175524,2.3871215771754395,2.3320193984567235,1.9523833335468654,2.134805020170327
vLH92_MN_60x-1xzoom_0005_XY08_488.tif,4,6873,3208,3665,0.466753964789757,370.2302551269531,0.5358210822562058,392.68048095703125,366.0,2698893.0,492.80328369140625,494.0,1806124.0,278.2945861816406,274.0,892769.0,False,vLH92_MN_60x-1xzoom_0005_XY08_Dapi-ex_Green-em.tif,275.64019775390625,274.0,1894475.0,297.0531921386719,290.0,1088700.0,251.17674255371094,246.0,805775.0,271.05168095703124,371.17448369140624,156.6657861816406,244.3712,372.3712,152.3712,145.58899775390626,167.00199213867188,121.12554255371094,143.9488,159.9488,115.9488,2mM 2DG,1h,yes,non-MN,1.8617593715096423,1.6976258225146716,2.2225751857091476,2.328064980793854,1.2934165897516618,1.3141248551084614
vLH92_MN_60x-1xzoom_0005_XY08_488.tif,5,8687,3425,5262,0.3942672959594797,403.14605712890625,0.3607575527155221,422.6034240722656,404.0,3671156.0,464.91314697265625,467.0,2446373.0,357.60089111328125,362.0,1224783.0,False,vLH92_MN_60x-1xzoom_0005_XY08_Dapi-ex_Green-em.tif,257.12823486328125,243.0,2233673.0,280.873046875,266.0,1477954.0,220.64788818359375,221.0,755719.0,300.9746240722656,343.28434697265624,235.97209111328124,282.3712,345.3712,240.3712,127.07703486328126,150.821846875,90.59668818359376,112.9488,135.9488,90.9488,2mM 2DG,1h,yes,non-MN,2.3684422948338075,2.499992917144759,2.2760916543951866,2.5404505225496656,2.6046436778691615,2.6429287687138254
vLH92_MN_60x-1xzoom_0005_XY08_488.tif,6,8044,4109,3935,0.5108155146693187,355.9361114501953,0.3328211188221643,373.486572265625,353.0,3004326.0,455.4010314941406,444.0,1792003.0,295.0408935546875,301.0,1212323.0,False,vLH92_MN_60x-1xzoom_0005_XY08_Dapi-ex_Green-em.tif,225.40663146972656,221.0,1813171.0,240.0548858642578,236.0,944616.0,211.37867736816406,209.0,868555.0,251.857772265625,333.7722314941406,173.4120935546875,231.3712,322.3712,179.3712,95.35543146972657,110.00368586425782,81.32747736816407,90.9488,105.9488,78.9488,2mM 2DG,1h,yes,non-MN,2.6412525053235667,2.5439719930334426,3.034191344333756,3.042707420942946,2.1322694268465074,2.271994001175445
vLH92_MN_60x-1xzoom_0005_XY08_488.tif,7,5755,3652,2103,0.6345786272806255,483.5032958984375,0.39294390372832805,480.6886291503906,484.0,2766363.0,541.6866455078125,547.0,1139167.0,445.56298828125,436.0,1627196.0,False,vLH92_MN_60x-1xzoom_0005_XY08_Dapi-ex_Green-em.tif,276.4349365234375,267.0,1590883.0,290.4132080078125,287.0,610739.0,268.3855285644531,254.0,980144.0,359.0598291503906,420.0578455078125,323.93418828125,362.3712,425.3712,314.3712,146.3837365234375,160.3620080078125,138.33432856445313,136.9488,156.9488,123.9488,2mM 2DG,1h,yes,non-MN,2.4528669487330754,2.646034138305702,2.619434931791002,2.7102545543514824,2.341676080281993,2.5362988588836677
vLH92_MN_60x-1xzoom_0005_XY08_488.tif,8,12350,5845,6506,0.47327935222672063,401.0643768310547,0.11281940437394544,428.2896423339844,402.5,5289377.0,506.01751708984375,502.0,3292150.0,341.7320861816406,355.0,1997424.0,False,vLH92_MN_60x-1xzoom_0005_XY08_Dapi-ex_Green-em.tif,261.050048828125,238.0,3223968.0,300.89208984375,273.0,1957604.0,216.69700622558594,215.0,1266594.0,306.66084233398436,384.38871708984374,220.1032861816406,280.8712,380.3712,233.3712,130.998848828125,170.84088984375,86.64580622558594,107.9488,142.9488,84.9488,2mM 2DG,1h,yes,non-MN,2.340943031769187,2.6018927491551547,2.2499807712392697,2.660891172223901,2.540264737206006,2.7471983123952306
vLH92_MN_60x-1xzoom_0005_XY08_488.tif,9,9983,5161,4822,0.5169788640689171,360.5177307128906,0.22584037498952397,409.05328369140625,361.0,4083579.0,506.57861328125,459.5,2442722.0,317.9339294433594,322.0,1640857.0,False,vLH92_MN_60x-1xzoom_0005_XY08_Dapi-ex_Green-em.tif,241.546630859375,232.0,2411360.0,266.3985900878906,257.0,1284574.0,218.3270721435547,216.0,1126786.0,287.42448369140624,384.94981328125,196.30512944335936,239.3712,337.8712,200.3712,111.495430859375,136.34739008789063,88.2758721435547,101.9488,126.9488,85.9488,2mM 2DG,1h,yes,non-MN,2.5779036995150406,2.347955051947644,2.8233016637363444,2.661476122657323,2.2237687906852615,2.33128560259131
vLH92_MN_60x-1xzoom_0005_XY08_488.tif,10,7068,2723,4345,0.3852574985851726,388.9578399658203,0.3703890670558145,405.2470397949219,390.0,2864286.0,448.9739990234375,446.0,1950792.0,335.473388671875,333.0,913494.0,False,vLH92_MN_60x-1xzoom_0005_XY08_Dapi-ex_Green-em.tif,250.6509552001953,246.0,1771601.0,250.64971923828125,249.0,1089073.0,250.6529541015625,243.0,682528.0,283.61823979492186,327.3451990234375,213.844588671875,268.3712,324.3712,211.3712,120.59975520019532,120.59851923828126,120.6017541015625,115.9488,118.9488,112.9488,2mM 2DG,1h,yes,non-MN,2.3517314717937547,2.3145664293205273,2.714338460297854,2.726981692963695,1.7731465870039484,1.8713895145411017
vLH92_MN_60x-1xzoom_0005_XY08_488.tif,11,8281,3153,5128,0.38075111701485326,357.8005676269531,0.48989085380513686,363.54522705078125,357.0,3010518.0,420.9112854003906,424.5,2158433.0,270.24578857421875,254.0,852085.0,False,vLH92_MN_60x-1xzoom_0005_XY08_Dapi-ex_Green-em.tif,266.3747253417969,252.0,2205849.0,271.76678466796875,256.0,1393620.0,257.6051330566406,248.0,812229.0,241.91642705078124,299.2824854003906,148.61698857421874,235.3712,302.8712,132.3712,136.32352534179688,141.71558466796876,127.55393305664063,121.9488,125.9488,117.9488,2mM 2DG,1h,yes,non-MN,1.774575785391676,1.9300821328295152,2.111853019564445,2.404716837318021,1.1651305844738242,1.1222767845031063
vLH92_MN_60x-1xzoom_0005_XY08_488.tif,12,9483,5049,4435,0.5324264473267953,314.0779724121094,0.18229588165431826,329.5570983886719,316.0,3125190.0,394.7916564941406,375.0,1750901.0,272.2267761230469,280.0,1374473.0,False,vLH92_MN_60x-1xzoom_0005_XY08_Dapi-ex_Green-em.tif,229.67404174804688,219.0,2177999.0,243.96978759765625,231.0,1082006.0,217.10972595214844,209.0,1096187.0,207.92829838867186,273.1628564941406,150.59797612304686,194.3712,253.3712,158.3712,99.62284174804688,113.91858759765626,87.05852595214844,88.9488,100.9488,78.9488,2mM 2DG,1h,yes,non-MN,2.087154860674794,2.1852031730613564,2.3978778376265666,2.5098980869510084,1.7298475304512135,2.0059988245546476
vLH92_MN_60x-1xzoom_0005_XY08_488.tif,13,3560,1806,1754,0.5073033707865169,253.5390853881836,0.7523532189476512,318.5550537109375,250.0,1134056.0,422.5530090332031,402.5,741158.0,217.55149841308594,215.0,392898.0,False,vLH92_MN_60x-1xzoom_0005_XY08_Dapi-ex_Green-em.tif,245.00477600097656,236.0,872217.0,263.7616882324219,264.0,462638.0,226.78793334960938,212.0,409579.0,196.9262537109375,300.9242090332031,95.92269841308594,128.3712,280.8712,93.3712,114.95357600097657,133.71048823242188,96.73673334960938,105.9488,133.9488,81.9488,2mM 2DG,1h,yes,non-MN,1.713093759773637,1.2116342988311333,2.2505654792773058,2.096854917699897,0.9915850483230451,1.139384591354602
vLH92_MN_60x-1xzoom_0005_XY08_488.tif,14,9482,4757,4725,0.5016874077198903,317.5311584472656,0.22591375803451613,317.7714538574219,317.0,3013109.0,358.48486328125,348.0,1693841.0,277.3319396972656,286.0,1319268.0,False,vLH92_MN_60x-1xzoom_0005_XY08_Dapi-ex_Green-em.tif,274.3661804199219,270.0,2601540.0,299.76104736328125,287.0,1416371.0,249.14210510253906,251.0,1185169.0,196.14265385742186,236.85606328125,155.7031396972656,195.3712,226.3712,164.3712,144.31498041992188,169.70984736328126,119.09090510253907,139.9488,156.9488,120.9488,2mM 2DG,1h,yes,non-MN,1.3591288533365968,1.3960191155622625,1.3956530334638473,1.4423251404279611,1.3074309878088748,1.359014723585517
vLH92_MN_60x-1xzoom_0005_XY08_488.tif,15,2822,1402,1421,0.4968107725017718,333.1003112792969,0.4066857374845746,357.6456298828125,334.0,1009276.0,403.2596740722656,405.0,573032.0,311.34521484375,310.0,436506.0,False,vLH92_MN_60x-1xzoom_0005_XY08_Dapi-ex_Green-em.tif,241.9000701904297,234.0,682642.0,254.0189971923828,250.0,360961.0,229.63409423828125,221.0,321947.0,236.0168298828125,281.6308740722656,189.71641484375,212.3712,283.3712,188.3712,111.8488701904297,123.96779719238282,99.58289423828126,103.9488,119.9488,90.9488,2mM 2DG,1h,yes,non-MN,2.110140491191186,2.0430365718507573,2.2718067147326093,2.362434638779212,1.9051104739916263,2.0711785092271695
vLH92_MN_60x-1xzoom_0005_XY08_488.tif,16,6936,3155,3786,0.45487312572087657,369.3987731933594,0.1773807086037651,367.1359558105469,369.0,2546455.0,419.3325500488281,421.5,1587593.0,304.37750244140625,298.0,960311.0,False,vLH92_MN_60x-1xzoom_0005_XY08_Dapi-ex_Green-em.tif,269.9648132324219,262.0,1872476.0,300.5950927734375,286.0,1138053.0,233.16766357421875,228.0,735644.0,245.50715581054686,297.7037500488281,182.74870244140624,247.3712,299.8712,176.3712,139.91361323242188,170.5438927734375,103.11646357421876,131.9488,155.9488,97.9488,2mM 2DG,1h,yes,non-MN,1.7547052794835265,1.8747514187321141,1.7456136670007802,1.92288238190996,1.7722553325335062,1.8006468685680679
vLH92_MN_60x-1xzoom_0005_XY09_488.tif,1,12339,6573,5771,0.5327011913445174,422.0110778808594,0.10653446146935558,412.3441162109375,419.0,5087914.0,445.8974304199219,446.0,2573274.0,382.819580078125,386.0,2516273.0,False,vLH92_MN_60x-1xzoom_0005_XY09_Dapi-ex_Green-em.tif,251.3849639892578,251.0,3101839.0,260.9712219238281,260.0,1506065.0,242.94781494140625,242.0,1596896.0,275.48011621093747,309.03343041992184,245.955580078125,282.13599999999997,309.13599999999997,249.136,108.02976398925782,117.61602192382813,99.59261494140625,107.6448,116.6448,98.6448,2mM 2DG,1h,yes,non-MN,2.550039045149913,2.6209905169594814,2.6274773229455226,2.650233872405799,2.4696166500179664,2.5255867516584756
vLH92_MN_60x-1xzoom_0005_XY09_488.tif,2,15746,5847,9899,0.3713324018798425,444.7948760986328,0.09655802355253834,434.7326354980469,443.0,6845300.0,454.28619384765625,464.0,4496979.0,401.62835693359375,409.0,2348321.0,False,vLH92_MN_60x-1xzoom_0005_XY09_Dapi-ex_Green-em.tif,262.4739074707031,262.0,4132914.0,270.2745666503906,270.0,2675448.0,249.26731872558594,249.0,1457466.0,297.86863549804684,317.4221938476562,264.7643569335937,306.13599999999997,327.13599999999997,272.13599999999997,119.11870747070313,126.91936665039063,105.91211872558594,118.6448,126.6448,105.6448,2mM 2DG,1h,yes,non-MN,2.5006033210300465,2.5802732188852775,2.500975242982583,2.5830985559612394,2.4998494989944215,2.5759526261585988
vLH92_MN_60x-1xzoom_0005_XY09_488.tif,3,20523,9486,11037,0.46221312673585735,367.38916015625,0.3163024954105838,355.6562805175781,366.0,7299134.0,389.8896484375,392.0,4303212.0,315.82562255859375,311.0,2995922.0,False,vLH92_MN_60x-1xzoom_0005_XY09_Dapi-ex_Green-em.tif,241.92428588867188,240.0,4965012.0,246.44586181640625,246.0,2720023.0,236.66339111328125,234.0,2244989.0,218.79228051757812,253.0256484375,178.96162255859375,229.136,255.136,174.136,98.56908588867188,103.09066181640625,93.30819111328125,96.6448,102.6448,90.6448,2mM 2DG,1h,yes,non-MN,2.2196845851314015,2.370908729698856,2.4543993023161725,2.485620313936994,1.91796261853715,1.9210809665860589
vLH92_MN_60x-1xzoom_0005_XY09_488.tif,4,22206,8095,14116,0.3645411150139602,398.73902893066406,0.10645221923480405,390.9073791503906,396.0,8680489.0,401.1792297363281,411.0,5663046.0,372.968994140625,378.0,3019184.0,False,vLH92_MN_60x-1xzoom_0005_XY09_Dapi-ex_Green-em.tif,244.9342041015625,244.0,5439009.0,247.31149291992188,247.0,3491049.0,240.77813720703125,240.0,1949099.0,254.04337915039062,264.3152297363281,236.104994140625,259.13599999999997,274.13599999999997,241.136,101.5790041015625,103.95629291992188,97.42293720703125,100.6448,103.6448,96.6448,2mM 2DG,1h,yes,non-MN,2.500943786536719,2.574757960669602,2.542561131339414,2.644956621075056,2.4235051919948143,2.495074747942983
vLH92_MN_60x-1xzoom_0005_XY09_488.tif,5,23859,8081,15780,0.3386981851712142,319.5797119140625,0.11739335390906187,324.2760925292969,320.0,7736903.0,340.4598083496094,341.0,5372456.0,292.6510314941406,295.0,2364913.0,False,vLH92_MN_60x-1xzoom_0005_XY09_Dapi-ex_Green-em.tif,234.57424926757812,234.0,5596707.0,244.4506378173828,243.0,3857431.0,215.2737274169922,215.0,1739627.0,187.41209252929687,203.59580834960937,155.78703149414062,183.136,204.136,158.136,91.21904926757813,101.09543781738282,71.91852741699219,90.6448,99.6448,71.6448,2mM 2DG,1h,yes,non-MN,2.0545280183698265,2.0203696185550633,2.0138970931347226,2.048636757763576,2.1661599185821596,2.2072222966635398
vLH92_MN_60x-1xzoom_0005_XY09_488.tif,6,38076,0,38076,0.0,376.0871124267578,,369.9305725097656,374.0,14085477.0,369.9305725097656,374.0,14085477.0,,,,True,vLH92_MN_60x-1xzoom_0005_XY09_Dapi-ex_Green-em.tif,222.1616973876953,221.0,8459029.0,222.1616973876953,221.0,8459029.0,,,,233.06657250976562,233.06657250976562,,237.136,237.136,,78.80649738769532,78.80649738769532,,77.6448,77.6448,,2mM 2DG,1h,yes,non-MN,2.9574537663204934,3.0541130893504778,2.9574537663204934,3.0541130893504778,,
vLH92_MN_60x-1xzoom_0005_XY09_488.tif,7,22621,8168,14453,0.3610804120065426,397.3789978027344,0.1515600530278853,391.0605163574219,394.0,8846180.0,418.0588073730469,426.0,6042204.0,343.2879638671875,346.0,2803976.0,False,vLH92_MN_60x-1xzoom_0005_XY09_Dapi-ex_Green-em.tif,253.3341522216797,253.0,5730672.0,263.64996337890625,263.0,3810533.0,235.08067321777344,235.0,1920139.0,254.19651635742187,281.19480737304684,206.4239638671875,257.13599999999997,289.13599999999997,209.136,109.97895222167969,120.29476337890625,91.72547321777344,109.6448,119.6448,91.6448,2mM 2DG,1h,yes,non-MN,2.3113196772874254,2.345172776091524,2.337548198065241,2.416619861456578,2.2504540628217677,2.282028003771081
vLH92_MN_60x-1xzoom_0005_XY09_488.tif,8,3484,1676,1815,0.48105625717566014,367.70957946777344,0.36250830892111563,362.3829040527344,366.0,1262542.0,389.6677551269531,391.0,707247.0,332.5143127441406,336.0,557294.0,False,vLH92_MN_60x-1xzoom_0005_XY09_Dapi-ex_Green-em.tif,222.1756591796875,222.0,774060.0,229.1680450439453,229.0,415940.0,214.54653930664062,214.0,359580.0,225.51890405273437,252.80375512695312,195.65031274414062,229.136,254.136,199.136,78.8204591796875,85.81284504394532,71.19133930664063,78.6448,85.6448,70.6448,2mM 2DG,1h,yes,non-MN,2.861172167731445,2.913555632413077,2.9459896708644338,2.967325511881632,2.7482319429533564,2.8188345072814984
vLH92_MN_60x-1xzoom_0005_XY09_488.tif,9,33707,13040,20672,0.38686326282374583,377.0981750488281,0.06721458180856152,376.99749755859375,375.0,12707455.0,403.89019775390625,412.0,8349218.0,334.336181640625,336.0,4359744.0,False,vLH92_MN_60x-1xzoom_0005_XY09_Dapi-ex_Green-em.tif,220.13095092773438,218.0,7419954.0,229.47242736816406,226.0,4743654.0,205.3125762939453,204.0,2677276.0,240.13349755859375,267.0261977539062,197.472181640625,238.136,275.13599999999997,199.136,76.77575092773438,86.11722736816407,61.957376293945316,74.6448,82.6448,60.644800000000004,2mM 2DG,1h,yes,non-MN,3.1277258073922427,3.190255717745911,3.1007291562271178,3.3291386753915546,3.1872263393426272,3.283645094055879
vLH92_MN_60x-1xzoom_0005_XY09_488.tif,10,12383,4990,7393,0.4029718161996285,404.2951965332031,0.3205305635077494,394.7429504394531,403.0,4888102.0,441.16259765625,452.0,3261515.0,325.9693298339844,311.0,1626587.0,False,vLH92_MN_60x-1xzoom_0005_XY09_Dapi-ex_Green-em.tif,244.93887329101562,238.0,3033078.0,266.4582824707031,258.0,1969926.0,213.0565185546875,210.0,1063152.0,257.8789504394531,304.29859765624997,189.10532983398437,266.13599999999997,315.13599999999997,174.136,101.58367329101563,123.10308247070313,69.7013185546875,94.6448,114.6448,66.6448,2mM 2DG,1h,yes,non-MN,2.5385865866524115,2.8119452944060312,2.4719007156353614,2.7488032601565875,2.713081097391475,2.612897030225914
vLH92_MN_60x-1xzoom_0005_XY09_488.tif,11,37215,17626,19613,0.47362622598414617,355.1062316894531,0.19622418196193853,359.7994689941406,358.0,13389937.0,398.7088623046875,401.0,7819877.0,316.4158020019531,319.0,5577145.0,False,vLH92_MN_60x-1xzoom_0005_XY09_Dapi-ex_Green-em.tif,233.6645965576172,234.0,8695828.0,248.3673553466797,248.0,4871229.0,217.27169799804688,218.0,3829631.0,222.93546899414062,261.84486230468747,179.55180200195312,221.136,264.13599999999997,182.136,90.30939655761719,105.01215534667969,73.91649799804688,90.6448,104.6448,74.6448,2mM 2DG,1h,yes,non-MN,2.4685744506321474,2.4395883713130813,2.4934719360844597,2.5241196886992947,2.429116731243105,2.4400360105459455
vLH92_MN_60x-1xzoom_0005_XY09_488.tif,12,26652,7030,19627,0.26377007354044724,318.6405334472656,0.11847022861327301,315.938720703125,316.0,8420399.0,321.10943603515625,323.0,6302415.0,301.4732666015625,302.0,2119357.0,False,vLH92_MN_60x-1xzoom_0005_XY09_Dapi-ex_Green-em.tif,224.9489288330078,226.0,5995339.0,226.93983459472656,228.0,4454148.0,219.38192749023438,219.0,1542255.0,179.074720703125,184.24543603515625,164.6092666015625,179.136,186.136,165.136,81.59372883300782,83.58463459472657,76.02672749023438,82.6448,84.6448,75.6448,2mM 2DG,1h,yes,non-MN,2.194711815041873,2.1675410915145297,2.204297918253751,2.199024629983177,2.1651499681175483,2.1830449680612545
vLH92_MN_60x-1xzoom_0005_XY09_488.tif,13,32240,16367,15882,0.5076612903225807,291.36595153808594,0.15202146409659892,298.7689514160156,293.0,9632311.0,327.8187255859375,325.0,5206417.0,270.5508728027344,271.0,4428106.0,False,vLH92_MN_60x-1xzoom_0005_XY09_Dapi-ex_Green-em.tif,221.42617797851562,220.0,7138780.0,228.0738525390625,227.0,3622269.0,214.95765686035156,211.0,3518212.0,161.90495141601562,190.9547255859375,133.68687280273437,156.136,188.136,134.136,78.07097797851563,84.7186525390625,71.60245686035157,76.6448,83.6448,67.6448,2mM 2DG,1h,yes,non-MN,2.0738173852589665,2.037137548796526,2.25398681238339,2.249225295535407,1.8670710289099146,1.982946213160509
vLH92_MN_60x-1xzoom_0005_XY09_488.tif,14,87989,35524,52514,0.40373228471740785,625.1023559570312,0.24256601211771797,614.8551025390625,626.0,54100484.0,699.3639526367188,725.0,36726400.0,489.5904846191406,491.0,17392212.0,False,vLH92_MN_60x-1xzoom_0005_XY09_Dapi-ex_Green-em.tif,268.57080078125,270.0,23631276.0,287.62530517578125,292.0,15104356.0,240.32723999023438,240.0,8537385.0,477.99110253906247,562.4999526367187,352.7264846191406,489.13599999999997,588.136,354.13599999999997,125.21560078125,144.27010517578125,96.97203999023438,126.6448,148.6448,96.6448,2mM 2DG,1h,yes,non-MN,3.8173446404183022,3.8622667492072313,3.8989363177586847,3.956653714088888,3.637403984227434,3.664304753075178
vLH92_MN_60x-1xzoom_0005_XY10_488.tif,1,7035,0,7035,0.0,358.0243225097656,,357.12139892578125,357.0,2512349.0,357.12139892578125,357.0,2512349.0,,,,True,vLH92_MN_60x-1xzoom_0005_XY10_Dapi-ex_Green-em.tif,210.636962890625,209.0,1481831.0,210.636962890625,209.0,1481831.0,,,,221.83019892578125,221.83019892578125,,221.7088,221.7088,,68.42096289062499,68.42096289062499,,66.78399999999999,66.78399999999999,,2mM 2DG,1h,yes,non-MN,3.242137928991004,3.3197891710589365,3.242137928991004,3.3197891710589365,,
vLH92_MN_60x-1xzoom_0005_XY10_488.tif,2,6013,2845,3194,0.47314152669216697,346.525146484375,0.21446263641629296,334.2346496582031,342.0,2009753.0,376.3052673339844,376.0,1201919.0,286.9244384765625,289.0,816300.0,False,vLH92_MN_60x-1xzoom_0005_XY10_Dapi-ex_Green-em.tif,215.32363891601562,214.0,1294741.0,223.49749755859375,222.0,713851.0,206.282958984375,206.0,586875.0,198.94344965820312,241.01406733398437,151.6332384765625,206.7088,240.7088,153.7088,73.10763891601562,81.28149755859374,64.06695898437499,71.78399999999999,79.78399999999999,63.78399999999999,2mM 2DG,1h,yes,non-MN,2.7212402507861704,2.8795943385712697,2.9651774951641796,3.0170059159731277,2.366793131441492,2.409833187006146
vLH92_MN_60x-1xzoom_0005_XY10_488.tif,3,14864,8715,6169,0.586315931108719,337.9795837402344,0.17609037530062488,340.2591552734375,337.0,5057612.0,390.8461608886719,389.0,2411130.0,304.35101318359375,300.0,2652419.0,False,vLH92_MN_60x-1xzoom_0005_XY10_Dapi-ex_Green-em.tif,211.9510955810547,211.0,3150441.0,221.2830352783203,220.0,1365095.0,205.3165740966797,203.0,1789334.0,204.9679552734375,255.55496088867187,169.05981318359375,201.7088,253.7088,164.7088,69.73509558105468,79.0670352783203,63.10057409667968,68.78399999999999,77.78399999999999,60.78399999999999,2mM 2DG,1h,yes,non-MN,2.9392367439318785,2.9324959292858805,3.232130305494627,3.261709348966369,2.679211966036448,2.7097394051066073
vLH92_MN_60x-1xzoom_0005_XY10_488.tif,4,9603,5008,4595,0.5215036967614287,332.8774108886719,0.24076634242423214,341.9164733886719,331.0,3283424.0,397.39215087890625,398.0,1826017.0,291.0157775878906,288.0,1457407.0,False,vLH92_MN_60x-1xzoom_0005_XY10_Dapi-ex_Green-em.tif,237.92242431640625,236.0,2284769.0,255.80087280273438,254.0,1175405.0,221.51837158203125,218.0,1109364.0,206.62527338867187,262.10095087890625,155.72457758789062,195.7088,262.7088,152.7088,95.70642431640624,113.58487280273437,79.30237158203124,93.78399999999999,111.78399999999999,75.78399999999999,2mM 2DG,1h,yes,non-MN,2.158948836136297,2.086803719184509,2.307533955988166,2.3501467115150647,1.9636812176141216,2.0150533094056793
vLH92_MN_60x-1xzoom_0005_XY10_488.tif,5,5825,0,5825,0.0,365.91583251953125,,366.0463562011719,363.0,2132220.0,366.0463562011719,363.0,2132220.0,,,,True,vLH92_MN_60x-1xzoom_0005_XY10_Dapi-ex_Green-em.tif,239.74969482421875,239.0,1396542.0,239.74969482421875,239.0,1396542.0,,,,230.75515620117187,230.75515620117187,,227.7088,227.7088,,97.53369482421874,97.53369482421874,,96.78399999999999,96.78399999999999,,2mM 2DG,1h,yes,non-MN,2.3659019236075602,2.352752521077864,2.3659019236075602,2.352752521077864,,
vLH92_MN_60x-1xzoom_0005_XY10_488.tif,6,15546,8740,6814,0.5622024958188602,416.8926544189453,0.09977338537290677,423.497802734375,414.0,6583697.0,514.9853515625,516.0,3509110.0,352.1191101074219,343.0,3077521.0,False,vLH92_MN_60x-1xzoom_0005_XY10_Dapi-ex_Green-em.tif,248.75131225585938,236.0,3867088.0,280.5447692871094,268.0,1911632.0,223.934326171875,219.0,1957186.0,288.206602734375,379.6941515625,216.82791010742187,278.7088,380.7088,207.7088,106.53531225585937,138.32876928710937,81.71832617187499,93.78399999999999,125.78399999999999,76.78399999999999,2mM 2DG,1h,yes,non-MN,2.7052682967897703,2.971816088032074,2.7448675609512785,3.026687019016727,2.653357212082099,2.7051052302563035
vLH92_MN_60x-1xzoom_0005_XY10_488.tif,7,12000,0,12000,0.0,550.6819458007812,,523.6412353515625,545.0,6283695.0,523.6412353515625,545.0,6283695.0,,,,True,vLH92_MN_60x-1xzoom_0005_XY10_Dapi-ex_Green-em.tif,281.5115966796875,272.0,3378139.0,281.5115966796875,272.0,3378139.0,,,,388.3500353515625,388.3500353515625,,409.7088,409.7088,,139.2955966796875,139.2955966796875,,129.784,129.784,,2mM 2DG,1h,yes,non-MN,2.7879562930088864,3.156851383837761,2.7879562930088864,3.156851383837761,,
vLH92_MN_60x-1xzoom_0005_XY10_488.tif,8,8394,4666,3728,0.5558732427924709,375.06101989746094,0.11627564176467746,383.86846923828125,377.0,3222192.0,456.8637390136719,457.0,1703188.0,325.54736328125,329.0,1519004.0,False,vLH92_MN_60x-1xzoom_0005_XY10_Dapi-ex_Green-em.tif,223.78948974609375,221.0,1878489.0,238.3605194091797,236.0,888608.0,212.1476593017578,208.0,989881.0,248.57726923828125,321.57253901367187,190.25616328125,241.7088,321.7088,193.7088,81.57348974609374,96.14451940917968,69.9316593017578,78.78399999999999,93.78399999999999,65.78399999999999,2mM 2DG,1h,yes,non-MN,3.0472800662568775,3.0679935012185218,3.344678833383079,3.4303164718928603,2.720601301054324,2.94461875228019
vLH92_MN_60x-1xzoom_0005_XY10_488.tif,9,26412,13728,12697,0.5197637437528396,439.5224304199219,0.07873576639848844,459.4667663574219,439.0,12135436.0,560.9929809570312,566.0,7122928.0,365.413330078125,369.0,5016394.0,False,vLH92_MN_60x-1xzoom_0005_XY10_Dapi-ex_Green-em.tif,224.8792266845703,223.0,5939510.0,243.44200134277344,242.0,3090983.0,207.6693572998047,208.0,2850885.0,324.17556635742187,425.70178095703125,230.122130078125,303.7088,430.7088,233.7088,82.6632266845703,101.22600134277343,65.45335729980468,80.78399999999999,99.78399999999999,65.78399999999999,2mM 2DG,1h,yes,non-MN,3.921641815343407,3.7595167359873245,4.2054588278708325,4.316411448729255,3.515818585501522,3.552669342089262
vLH92_MN_60x-1xzoom_0005_XY10_488.tif,10,11935,0,11935,0.0,394.3940734863281,,397.80963134765625,394.0,4747858.0,397.80963134765625,394.0,4747858.0,,,,True,vLH92_MN_60x-1xzoom_0005_XY10_Dapi-ex_Green-em.tif,237.02027893066406,233.0,2828837.0,237.02027893066406,233.0,2828837.0,,,,262.51843134765625,262.51843134765625,,258.7088,258.7088,,94.80427893066405,94.80427893066405,,90.78399999999999,90.78399999999999,,2mM 2DG,1h,yes,non-MN,2.769056780017824,2.849718011984491,2.769056780017824,2.849718011984491,,
vLH92_MN_60x-1xzoom_0005_XY10_488.tif,11,7133,2842,4291,0.39842983316977426,478.25048828125,0.23825919697610384,505.61810302734375,478.0,3606574.0,564.9890747070312,554.0,2424368.0,415.9767761230469,419.0,1182206.0,False,vLH92_MN_60x-1xzoom_0005_XY10_Dapi-ex_Green-em.tif,266.4351501464844,253.0,1900482.0,282.1435546875,272.0,1210678.0,242.71780395507812,240.0,689804.0,370.32690302734375,429.69787470703125,280.68557612304687,342.7088,418.7088,283.7088,124.21915014648437,139.9275546875,100.50180395507812,110.78399999999999,129.784,97.78399999999999,2mM 2DG,1h,yes,non-MN,2.981238420892744,3.0934864240323514,3.0708596006460263,3.2261973740985024,2.7928411737614836,2.901382639286591
vLH92_MN_60x-1xzoom_0005_XY10_488.tif,12,12932,0,12932,0.0,457.88182067871094,,443.7257995605469,456.0,5738262.0,443.7257995605469,456.0,5738262.0,,,,True,vLH92_MN_60x-1xzoom_0005_XY10_Dapi-ex_Green-em.tif,230.7541046142578,228.0,2984112.0,230.7541046142578,228.0,2984112.0,,,,308.43459956054687,308.43459956054687,,320.7088,320.7088,,88.5381046142578,88.5381046142578,,85.78399999999999,85.78399999999999,,2mM 2DG,1h,yes,non-MN,3.4836368014013015,3.7385619695980608,3.4836368014013015,3.7385619695980608,,
vLH92_MN_60x-1xzoom_0005_XY10_488.tif,13,9950,4766,5184,0.47899497487437187,458.44219970703125,0.15087923980372178,489.7745666503906,457.0,4873257.0,578.2551879882812,562.0,2997675.0,393.5337829589844,386.0,1875582.0,False,vLH92_MN_60x-1xzoom_0005_XY10_Dapi-ex_Green-em.tif,248.93959045410156,242.0,2476949.0,272.5513000488281,267.0,1412906.0,223.2570343017578,220.0,1064043.0,354.4833666503906,442.96398798828125,258.24258295898437,321.7088,426.7088,250.7088,106.72359045410155,130.33530004882812,81.0410343017578,99.78399999999999,124.78399999999999,77.78399999999999,2mM 2DG,1h,yes,non-MN,3.321509004167572,3.2240519522167883,3.398649389860856,3.4195794332606746,3.186565734062738,3.2231410058623884
vLH92_MN_60x-1xzoom_0005_XY10_488.tif,14,53737,27214,26532,0.5064294620094162,486.81646728515625,0.06668660112942155,484.4132080078125,484.0,26030912.0,584.5452270507812,579.0,15509154.0,386.7274475097656,389.0,10524401.0,False,vLH92_MN_60x-1xzoom_0005_XY10_Dapi-ex_Green-em.tif,225.56532287597656,221.0,12121204.0,245.31150817871094,242.0,6508605.0,206.30259704589844,204.0,5614319.0,349.1220080078125,449.25402705078125,251.43624750976562,348.7088,443.7088,253.7088,83.34932287597655,103.09550817871093,64.08659704589843,78.78399999999999,99.78399999999999,61.78399999999999,2mM 2DG,1h,yes,non-MN,4.188660398924951,4.426137286758733,4.357648892636736,4.446692856570192,3.9233827211903374,4.106383529716432
vLH92_MN_60x-1xzoom_0005_XY10_488.tif,15,13788,5780,8009,0.419205105889179,530.0815734863281,0.45531571315589975,545.893310546875,525.0,7526777.0,620.23583984375,627.0,4967469.0,442.8655700683594,423.0,2559763.0,False,vLH92_MN_60x-1xzoom_0005_XY10_Dapi-ex_Green-em.tif,253.04446411132812,248.0,3488977.0,270.530517578125,272.0,2166679.0,228.81158447265625,223.0,1322531.0,410.602110546875,484.94463984375,307.57437006835937,389.7088,491.7088,287.7088,110.82846411132812,128.314517578125,86.59558447265624,105.78399999999999,129.784,80.78399999999999,2mM 2DG,1h,yes,non-MN,3.704843460921932,3.68400514255464,3.779343514645479,3.788670406213401,3.551848191122034,3.561457714398891
vLH92_MN_60x-1xzoom_0005_XY10_488.tif,16,11590,0,11590,0.0,524.7276000976562,,518.6771240234375,524.0,6011468.0,518.6771240234375,524.0,6011468.0,,,,True,vLH92_MN_60x-1xzoom_0005_XY10_Dapi-ex_Green-em.tif,230.6927490234375,230.0,2673729.0,230.6927490234375,230.0,2673729.0,,,,383.3859240234375,383.3859240234375,,388.7088,388.7088,,88.47674902343749,88.47674902343749,,87.78399999999999,87.78399999999999,,2mM 2DG,1h,yes,non-MN,4.3331827655860025,4.428014216713752,4.3331827655860025,4.428014216713752,,
vLH92_MN_60x-1xzoom_0006_XY01_488.tif,1,2422,1223,1199,0.5049545829892651,337.21543884277344,0.22853959014962158,312.74774169921875,334.0,757475.0,369.641357421875,369.0,443200.0,256.9705505371094,241.0,314275.0,False,vLH92_MN_60x-1xzoom_0006_XY01_Dapi-ex_Green-em.tif,223.6998291015625,217.0,541801.0,253.27105712890625,241.0,303672.0,194.7089080810547,190.0,238129.0,185.56854169921877,242.46215742187502,129.7913505371094,206.82080000000002,241.82080000000002,113.8208,92.3830291015625,121.95425712890625,63.39210808105469,85.6832,109.6832,58.6832,0mM 2DG,1h,yes,MN,2.008686481747763,2.4137847325963553,1.9881401693553946,2.204720504142841,2.0474370464404656,1.9395806636311586
vLH92_MN_60x-1xzoom_0006_XY01_488.tif,2,3806,1899,1907,0.49894902785076195,301.17320251464844,0.7436418506727209,306.6928405761719,303.0,1167273.0,350.3036193847656,351.0,668029.0,262.89837646484375,261.0,499244.0,False,vLH92_MN_60x-1xzoom_0006_XY01_Dapi-ex_Green-em.tif,223.72727966308594,214.0,851506.0,252.26744079589844,244.0,481074.0,195.06687927246094,193.0,370432.0,179.5136405761719,223.12441938476564,135.71917646484377,175.82080000000002,223.82080000000002,133.82080000000002,92.41047966308594,120.95064079589844,63.75007927246094,82.6832,112.6832,61.6832,0mM 2DG,1h,yes,MN,1.942567999112767,2.1264392282833757,1.8447559923331305,1.9862836696153465,2.128925610975238,2.1694853704087986
vLH92_MN_60x-1xzoom_0006_XY01_488.tif,3,2998,1493,1505,0.49799866577718477,243.97049713134766,0.7799585667263549,255.23849487304688,243.5,765205.0,300.0139465332031,300.0,451521.0,210.1031494140625,208.0,313684.0,False,vLH92_MN_60x-1xzoom_0006_XY01_Dapi-ex_Green-em.tif,223.46664428710938,209.0,669953.0,255.70298767089844,243.0,384833.0,190.97119140625,189.0,285120.0,128.0592948730469,172.83474653320314,82.9239494140625,116.3208,172.82080000000002,80.8208,92.14984428710937,124.38618767089844,59.65439140625,77.6832,111.6832,57.6832,0mM 2DG,1h,yes,MN,1.3896854179596352,1.497373949579832,1.389501115594041,1.5474198447035903,1.390072842237974,1.4011150560301788
vLH92_MN_60x-1xzoom_0006_XY01_488.tif,4,2689,1313,1376,0.4882856080327259,278.42303466796875,0.753022668040785,297.28857421875,283.0,799409.0,333.9636535644531,337.0,459534.0,258.853759765625,259.0,339875.0,False,vLH92_MN_60x-1xzoom_0006_XY01_Dapi-ex_Green-em.tif,231.35403442382812,212.0,622111.0,268.5726623535156,261.0,369556.0,192.34957885742188,192.0,252555.0,170.10937421875002,206.78445356445314,131.67455976562502,155.82080000000002,209.82080000000002,131.82080000000002,100.03723442382812,137.25586235351562,61.032778857421874,80.6832,129.6832,60.6832,0mM 2DG,1h,yes,MN,1.7004605854860702,1.9312669799908782,1.5065619057629756,1.6179489710309432,2.1574400220777883,2.1722783241490236
vLH92_MN_60x-1xzoom_0006_XY02_488.tif,1,1743,915,829,0.5249569707401033,229.65017700195312,0.5004295382006448,266.8565673828125,230.0,465131.0,324.3691101074219,271.0,268902.0,214.69070434570312,214.0,196442.0,False,vLH92_MN_60x-1xzoom_0006_XY02_Dapi-ex_Green-em.tif,246.6431427001953,245.0,429899.0,249.09288024902344,247.0,206498.0,244.3956298828125,244.0,223622.0,123.9765673828125,181.48911010742188,71.81070434570313,87.12,128.12,71.12,106.6591427001953,109.10888024902343,104.41162988281249,105.01599999999999,107.01599999999999,104.01599999999999,0mM 2DG,1h,yes,MN,1.1623623089798705,0.8295878723242174,1.6633761586884792,1.19720415638783,0.687765380411173,0.6837409629287803
vLH92_MN_60x-1xzoom_0006_XY02_488.tif,2,2996,1445,1551,0.4823097463284379,341.5713806152344,0.6975958062548017,360.4619445800781,343.0,1079944.0,421.5035400390625,425.0,653752.0,294.94256591796875,291.0,426192.0,False,vLH92_MN_60x-1xzoom_0006_XY02_Dapi-ex_Green-em.tif,254.5937957763672,241.0,762763.0,290.16119384765625,276.0,450040.0,216.41729736328125,214.0,312723.0,217.58194458007813,278.6235400390625,152.06256591796875,200.12,282.12,148.12,114.60979577636718,150.17719384765624,76.43329736328124,101.01599999999999,136.016,74.01599999999999,0mM 2DG,1h,yes,MN,1.8984585314560352,1.9810723053773662,1.8552986169238563,2.07416774497118,1.989480647357496,2.0011889321227847
vLH92_MN_60x-1xzoom_0006_XY02_488.tif,3,1105,583,523,0.5276018099547511,216.19940185546875,0.3520012881033715,219.0787353515625,216.0,242082.0,231.5927276611328,228.0,121123.0,207.8199005126953,208.0,121159.0,False,vLH92_MN_60x-1xzoom_0006_XY02_Dapi-ex_Green-em.tif,281.4995422363281,272.0,311057.0,304.3881530761719,293.0,159195.0,260.9279479980469,261.0,152121.0,76.1987353515625,88.71272766113282,64.93990051269532,73.12,85.12,65.12,141.51554223632812,164.40415307617187,120.94394799804687,132.016,153.016,121.01599999999999,0mM 2DG,1h,yes,MN,0.5384478209772333,0.5538722579081324,0.5396015003345467,0.5562816960317876,0.5369421255683173,0.5381106630528195
vLH92_MN_60x-1xzoom_0006_XY02_488.tif,4,3817,1876,1941,0.4914854597851716,615.5513305664062,0.7698243947203494,663.662841796875,627.0,2533201.0,868.1035766601562,874.0,1684989.0,452.1385803222656,439.0,848212.0,False,vLH92_MN_60x-1xzoom_0006_XY02_Dapi-ex_Green-em.tif,305.3096618652344,281.0,1165367.0,367.9603271484375,358.0,714211.0,240.48826599121094,238.0,451156.0,520.782841796875,725.2235766601563,309.25858032226563,484.12,731.12,296.12,165.32566186523437,227.9763271484375,100.50426599121093,141.016,218.016,98.01599999999999,0mM 2DG,1h,yes,MN,3.150042382539454,3.4330856073069724,3.181135452664594,3.353515338323793,3.0770691897726032,3.0211394058112964
vLH92_MN_60x-1xzoom_0006_XY02_488.tif,5,2726,1336,1390,0.4900953778429934,667.0782470703125,0.5078282835753543,806.8056030273438,682.0,2199352.0,1047.8013916015625,1105.0,1456444.0,556.06884765625,546.0,742908.0,False,vLH92_MN_60x-1xzoom_0006_XY02_Dapi-ex_Green-em.tif,348.68597412109375,307.0,950518.0,420.3798522949219,424.0,584328.0,274.09429931640625,273.0,366190.0,663.9256030273438,904.9213916015625,413.18884765625,539.12,962.12,403.12,208.70197412109374,280.39585229492184,134.11029931640624,167.016,284.01599999999996,133.016,0mM 2DG,1h,yes,MN,3.181213813732872,3.227954207980074,3.227299491754826,3.3875556306686954,3.0809628325518394,3.0306128586034764
vLH92_MN_60x-1xzoom_0006_XY02_488.tif,6,1751,963,788,0.549971444888635,280.6297912597656,0.27721025211921174,303.7732849121094,280.0,531907.0,360.5799560546875,333.0,284137.0,257.28973388671875,257.0,247770.0,False,vLH92_MN_60x-1xzoom_0006_XY02_Dapi-ex_Green-em.tif,270.456298828125,264.0,473569.0,261.3489990234375,258.0,205943.0,277.90863037109375,280.0,267626.0,160.89328491210938,217.6999560546875,114.40973388671875,137.12,190.12,114.12,130.472298828125,121.36499902343749,137.92463037109374,124.01599999999999,118.01599999999999,140.016,0mM 2DG,1h,yes,MN,1.2331604973409631,1.1056637853180236,1.79376226924079,1.610968004338395,0.8295090846275471,0.815049708604731
vLH92_MN_60x-1xzoom_0006_XY02_488.tif,7,1285,684,601,0.532295719844358,199.0087890625,0.2943134280632491,201.57276916503906,199.0,259021.0,213.802001953125,210.0,128495.0,190.82748413085938,191.0,130526.0,False,vLH92_MN_60x-1xzoom_0006_XY02_Dapi-ex_Green-em.tif,287.2529296875,286.0,369120.0,308.7803649902344,309.0,185577.0,268.33770751953125,269.0,183543.0,58.69276916503907,70.922001953125,47.94748413085938,56.120000000000005,67.12,48.120000000000005,147.2689296875,168.79636499023437,128.35370751953124,146.016,169.016,129.016,0mM 2DG,1h,yes,MN,0.3985414254696036,0.38434144203374976,0.42016308797424734,0.39712216594878597,0.3735574535200967,0.3729769951013828
vLH92_MN_60x-1xzoom_0006_XY02_488.tif,8,808,443,365,0.5482673267326733,212.39903259277344,0.3378338828414236,215.15965270996094,212.0,173849.0,230.43287658691406,228.0,84108.0,202.57562255859375,202.0,89741.0,False,vLH92_MN_60x-1xzoom_0006_XY02_Dapi-ex_Green-em.tif,322.6398620605469,320.0,260693.0,357.4383544921875,353.0,130465.0,293.9683837890625,298.0,130228.0,72.27965270996094,87.55287658691407,59.695622558593755,69.12,85.12,59.120000000000005,182.65586206054687,217.4543544921875,153.9843837890625,180.016,213.016,158.016,0mM 2DG,1h,yes,MN,0.39571493569695365,0.38396586970047114,0.40262645828074045,0.39959439666503926,0.3876732243210362,0.3741393276630215
vLH92_MN_60x-1xzoom_0006_XY02_488.tif,9,2895,1381,1515,0.4770293609671848,448.1869812011719,0.7685571242808669,458.18377685546875,448.0,1326442.0,571.0620727539062,522.0,865159.0,334.26068115234375,319.0,461614.0,False,vLH92_MN_60x-1xzoom_0006_XY02_Dapi-ex_Green-em.tif,277.8258972167969,271.0,804306.0,317.1696472167969,306.0,480512.0,234.65750122070312,229.0,324062.0,315.30377685546875,428.18207275390625,191.38068115234375,305.12,379.12,176.12,137.84189721679687,177.18564721679687,94.67350122070312,131.016,166.016,89.01599999999999,0mM 2DG,1h,yes,MN,2.2874306232129187,2.3288758624900776,2.4165731224832268,2.2836353122590594,2.021480970754389,1.978520715377011
vLH92_MN_60x-1xzoom_0006_XY02_488.tif,10,3053,1482,1572,0.4854241729446446,370.94219970703125,0.5476373681924254,385.26202392578125,375.0,1176205.0,440.2970886230469,444.0,692147.0,326.7739562988281,328.0,484279.0,False,vLH92_MN_60x-1xzoom_0006_XY02_Dapi-ex_Green-em.tif,245.35670471191406,233.0,749074.0,269.3473205566406,258.0,423414.0,219.9048614501953,217.0,325899.0,242.38202392578125,297.4170886230469,183.89395629882813,232.12,301.12,185.12,105.37270471191405,129.36332055664062,79.9208614501953,93.01599999999999,118.01599999999999,77.01599999999999,0mM 2DG,1h,yes,MN,2.300235384376312,2.4954846478025288,2.2990835991476066,2.5515184381778746,2.3009506274331923,2.4036563830892286
vLH92_MN_60x-1xzoom_0006_XY02_488.tif,11,3677,1667,2010,0.45335871634484637,327.6575927734375,0.7908445901721741,336.10089111328125,327.0,1235843.0,401.9363098144531,405.0,807892.0,256.7192687988281,252.0,427951.0,False,vLH92_MN_60x-1xzoom_0006_XY02_Dapi-ex_Green-em.tif,249.3179168701172,226.0,916742.0,292.9268798828125,276.0,588783.0,196.73605346679688,196.0,327959.0,193.22089111328125,259.05630981445313,113.83926879882813,184.12,262.12,109.12,109.33391687011718,152.9428798828125,56.752053466796866,86.01599999999999,136.016,56.01599999999999,0mM 2DG,1h,yes,MN,1.767254815747773,2.1405319940476195,1.693810852868382,1.9271262204446538,2.005905722256032,1.948014852899172
vLH92_MN_60x-1xzoom_0006_XY02_488.tif,12,3527,1730,1797,0.4905018429259994,400.20098876953125,0.7235489671662901,444.822509765625,406.0,1568889.0,537.3989868164062,552.0,965706.0,348.66070556640625,346.0,603183.0,False,vLH92_MN_60x-1xzoom_0006_XY02_Dapi-ex_Green-em.tif,273.4332275390625,244.0,964399.0,324.03729248046875,293.0,582295.0,220.86936950683594,213.0,382104.0,301.942509765625,394.51898681640625,205.78070556640625,263.12,409.12,203.12,133.4492275390625,184.05329248046874,80.88536950683593,104.01599999999999,153.016,73.01599999999999,0mM 2DG,1h,yes,MN,2.262602154645235,2.5296108291032153,2.1435040987287506,2.6737073247242122,2.544102930122795,2.781856031554728
vLH92_MN_60x-1xzoom_0006_XY02_488.tif,13,2303,1166,1137,0.5062961354754668,256.42816162109375,0.7253842489440568,285.3703918457031,259.0,657208.0,337.378173828125,343.0,383599.0,234.6560821533203,234.0,273609.0,False,vLH92_MN_60x-1xzoom_0006_XY02_Dapi-ex_Green-em.tif,218.29136657714844,208.0,502725.0,243.07652282714844,242.0,276378.0,194.1226348876953,194.0,226347.0,142.49039184570313,194.498173828125,91.77608215332032,116.12,200.12,91.12,78.30736657714843,103.09252282714843,54.138634887695304,68.01599999999999,102.01599999999999,54.01599999999999,0mM 2DG,1h,yes,MN,1.8196294687719012,1.707245354034345,1.8866370566392403,1.9616530740276037,1.6952049556421176,1.686907582938389
vLH92_MN_60x-1xzoom_0006_XY02_488.tif,14,2554,1284,1270,0.5027407987470635,343.7328186035156,0.22008550209692113,352.317138671875,344.0,899818.0,393.1448669433594,379.0,499294.0,311.9345703125,316.0,400524.0,False,vLH92_MN_60x-1xzoom_0006_XY02_Dapi-ex_Green-em.tif,201.98394775390625,192.0,515867.0,220.0267791748047,204.0,279434.0,184.13784790039062,184.0,236433.0,209.437138671875,250.26486694335938,169.0545703125,201.12,236.12,173.12,61.99994775390624,80.04277917480468,44.153847900390616,52.01599999999999,64.01599999999999,44.01599999999999,0mM 2DG,1h,yes,MN,3.3780212122627096,3.86650261458013,3.1266388988919074,3.688452886778306,3.828761893954987,3.9331152308251554
vLH92_MN_60x-1xzoom_0006_XY02_488.tif,15,1385,821,564,0.5927797833935018,181.16464233398438,0.24515392305424835,183.86859130859375,181.0,254658.0,194.4716339111328,190.0,109682.0,176.58465576171875,176.0,144976.0,False,vLH92_MN_60x-1xzoom_0006_XY02_Dapi-ex_Green-em.tif,240.4714813232422,227.0,333053.0,271.4840393066406,248.0,153117.0,219.1668701171875,215.0,179936.0,40.988591308593755,51.59163391113282,33.704655761718755,38.120000000000005,47.120000000000005,33.120000000000005,100.48748132324218,131.50003930664062,79.18287011718749,87.01599999999999,108.01599999999999,75.01599999999999,0mM 2DG,1h,yes,MN,0.40789748900904466,0.4380803530385218,0.39233169954290265,0.43623166938231384,0.4256558989568982,0.44150581209342016
vLH92_MN_60x-1xzoom_0006_XY03_488.tif,1,819,416,403,0.5079365079365079,226.96917724609375,0.6291418836237878,227.1672821044922,226.0,186050.0,241.92803955078125,240.0,97497.0,212.86778259277344,213.0,88553.0,False,vLH92_MN_60x-1xzoom_0006_XY03_Dapi-ex_Green-em.tif,297.4334411621094,293.0,243598.0,334.5210876464844,329.0,134812.0,261.50482177734375,259.5,108786.0,82.36248210449219,97.12323955078125,68.06298259277344,81.1952,95.1952,68.1952,157.11184116210939,194.19948764648439,121.18322177734376,152.6784,188.6784,119.17840000000001,0mM 2DG,1h,yes,MN,0.5242283553886296,0.5318054158283031,0.5001209875876801,0.5045368203249551,0.5616535160108971,0.5722110718049579
vLH92_MN_60x-1xzoom_0006_XY03_488.tif,2,2327,1137,1191,0.48861194671250535,276.06805419921875,0.6126769156942345,284.2122802734375,280.0,661362.0,328.4836120605469,331.0,391224.0,237.79859924316406,233.0,270377.0,False,vLH92_MN_60x-1xzoom_0006_XY03_Dapi-ex_Green-em.tif,205.29823303222656,192.0,477729.0,231.71536254882812,217.0,275973.0,177.6077423095703,177.0,201940.0,139.4074802734375,183.67881206054687,92.99379924316406,135.1952,186.1952,88.1952,64.97663303222657,91.39376254882814,37.28614230957032,51.67840000000001,76.67840000000001,36.67840000000001,0mM 2DG,1h,yes,MN,2.14550175605891,2.6160871853617755,2.009752164021198,2.42826141390535,2.494057939034769,2.404554179026347
vLH92_MN_60x-1xzoom_0006_XY03_488.tif,3,3895,1637,2258,0.4202824133504493,742.8140258789062,0.41764062947680736,714.4046020507812,747.0,2782606.0,886.026123046875,921.5,2000647.0,477.6780700683594,424.0,781959.0,False,vLH92_MN_60x-1xzoom_0006_XY03_Dapi-ex_Green-em.tif,338.4536437988281,340.0,1318277.0,404.4632568359375,383.0,913278.0,247.40318298339844,230.0,404999.0,569.5998020507812,741.221323046875,332.8732700683594,602.1952,776.6952,279.1952,198.13204379882814,264.1416568359375,107.08158298339845,199.6784,242.6784,89.67840000000001,0mM 2DG,1h,yes,MN,2.8748494747730966,3.015825447319289,2.8061508053129955,3.200512282922584,3.1085949683800145,3.113293725133365
vLH92_MN_60x-1xzoom_0006_XY03_488.tif,4,3916,1786,2130,0.4560776302349336,346.9473876953125,0.8244228455221829,381.05157470703125,348.0,1492198.0,462.1014099121094,414.0,984276.0,284.39080810546875,281.0,507922.0,False,vLH92_MN_60x-1xzoom_0006_XY03_Dapi-ex_Green-em.tif,256.3273620605469,244.0,1003778.0,284.7286376953125,270.0,606472.0,222.4557647705078,221.0,397306.0,236.24677470703125,317.2966099121094,139.58600810546875,203.1952,269.1952,136.1952,116.00576206054689,144.4070376953125,82.13416477050782,103.67840000000001,129.6784,80.67840000000001,0mM 2DG,1h,yes,MN,2.036508967405662,1.9598604916742541,2.19723785610491,2.0758676849806905,1.6994877648721198,1.688124702522608
vLH92_MN_60x-1xzoom_0006_XY03_488.tif,5,5003,2550,2455,0.509694183489906,1086.1573486328125,0.3299581168141156,1269.93359375,1088.0,6353478.0,1629.0643310546875,1792.0,3999353.0,923.4642944335938,923.0,2354834.0,False,vLH92_MN_60x-1xzoom_0006_XY03_Dapi-ex_Green-em.tif,384.76153564453125,352.0,1924962.0,451.51934814453125,465.0,1108480.0,320.3525390625,316.0,816899.0,1125.12879375,1484.2595310546876,778.6594944335937,943.1952,1647.1952,778.1952,244.43993564453126,311.19774814453126,180.0309390625,211.6784,324.6784,175.6784,0mM 2DG,1h,yes,MN,4.602884511417077,4.455793316653943,4.769506013151949,5.073313161577734,4.325142658747518,4.429657829306278
vLH92_MN_60x-1xzoom_0006_XY03_488.tif,6,3228,1601,1627,0.4959727385377943,300.1127624511719,0.7455905589693514,324.1985778808594,300.0,1046513.0,379.3392639160156,373.0,617185.0,268.1623840332031,266.0,429328.0,False,vLH92_MN_60x-1xzoom_0006_XY03_Dapi-ex_Green-em.tif,223.68772888183594,214.0,722064.0,248.2698211669922,239.0,403935.0,198.70643615722656,197.0,318129.0,179.39377788085937,234.53446391601562,123.35758403320312,155.1952,228.1952,121.1952,83.36612888183595,107.9482211669922,58.38483615722657,73.67840000000001,98.67840000000001,56.67840000000001,0mM 2DG,1h,yes,MN,2.1518784701534366,2.106386675063519,2.1726570515061923,2.3125141875020265,2.1128360059281346,2.1382960704607044
vLH92_MN_60x-1xzoom_0006_XY03_488.tif,7,4645,2146,2499,0.4620021528525296,408.1809997558594,0.7522523873674356,464.33154296875,414.0,2156820.0,558.9319458007812,580.0,1396771.0,354.1700744628906,355.0,760049.0,False,vLH92_MN_60x-1xzoom_0006_XY03_Dapi-ex_Green-em.tif,240.60775756835938,222.0,1117623.0,273.551025390625,266.0,683604.0,202.24557495117188,202.0,434019.0,319.52674296875,414.12714580078125,209.36527446289062,269.1952,435.1952,210.1952,100.28615756835939,133.229425390625,61.923974951171886,81.67840000000001,125.67840000000001,61.67840000000001,0mM 2DG,1h,yes,MN,3.186150020265227,3.2957942369096354,3.1083759806557136,3.462768462997619,3.3810050893531742,3.4079223844976516
vLH92_MN_60x-1xzoom_0006_XY03_488.tif,8,4025,1813,2212,0.4504347826086956,366.7043151855469,0.7157697776343238,410.29241943359375,369.0,1651427.0,496.4240417480469,476.0,1098090.0,305.2051696777344,300.0,553337.0,False,vLH92_MN_60x-1xzoom_0006_XY03_Dapi-ex_Green-em.tif,233.71627807617188,216.0,940708.0,264.92449951171875,251.0,586013.0,195.6398162841797,192.0,354695.0,265.48761943359375,351.6192417480469,160.40036967773437,224.1952,331.1952,155.1952,93.39467807617189,124.60289951171876,55.3182162841797,75.67840000000001,110.67840000000001,51.67840000000001,0mM 2DG,1h,yes,MN,2.842641838939306,2.9624727795513643,2.821918616067016,2.9924104432301153,2.899594029817025,3.0030960710857917
vLH92_MN_60x-1xzoom_0006_XY04_488.tif,1,1448,735,713,0.5075966850828729,244.81565856933594,0.6646612540810716,251.54833984375,244.0,364242.0,284.4319763183594,273.0,202800.0,219.64898681640625,219.0,161442.0,False,vLH92_MN_60x-1xzoom_0006_XY04_Dapi-ex_Green-em.tif,273.8694763183594,262.0,396563.0,268.2342224121094,262.0,191251.0,279.3360595703125,262.0,205312.0,103.50353984374999,136.38717631835937,71.60418681640624,95.95519999999999,124.95519999999999,70.95519999999999,129.55267631835937,123.91742241210937,135.0192595703125,117.6832,117.6832,117.6832,0mM 2DG,1h,yes,MN,0.7989301555562085,0.8153687187296061,1.1006295455757593,1.0617930171851206,0.5303257257096549,0.6029339786817489
vLH92_MN_60x-1xzoom_0006_XY04_488.tif,2,2483,1330,1153,0.5356423681031011,560.4766845703125,0.371139668065487,578.6580810546875,561.0,1436808.0,662.4683227539062,615.0,763826.0,506.0014953613281,526.0,672982.0,False,vLH92_MN_60x-1xzoom_0006_XY04_Dapi-ex_Green-em.tif,250.7760772705078,243.0,622677.0,265.8707580566406,257.0,306549.0,237.6902313232422,234.0,316128.0,430.6132810546875,514.4235227539062,357.9566953613281,412.9552,466.9552,377.9552,106.45927727050781,121.55395805664062,93.37343132324219,98.6832,112.6832,89.6832,0mM 2DG,1h,yes,MN,4.044863839912423,4.184655544206106,4.232059004727759,4.143964672639755,3.8336033097267874,4.214336687361736
vLH92_MN_60x-1xzoom_0006_XY04_488.tif,3,2512,1265,1247,0.5035828025477707,779.3063659667969,0.20100502410545282,766.81689453125,784.0,1926244.0,900.7225341796875,908.0,1123201.0,634.8165893554688,647.0,803043.0,False,vLH92_MN_60x-1xzoom_0006_XY04_Dapi-ex_Green-em.tif,302.3121032714844,299.0,759408.0,328.36407470703125,322.0,409470.0,276.6308288574219,270.0,349938.0,618.77209453125,752.6777341796875,486.77178935546874,635.9552,759.9552,498.9552,157.99530327148437,184.04727470703125,132.31402885742187,154.6832,177.6832,125.6832,0mM 2DG,1h,yes,MN,3.916395498592827,4.111339822294858,4.089589130715515,4.277023376436264,3.67891291315754,3.9699434769324777
vLH92_MN_60x-1xzoom_0006_XY04_488.tif,4,3467,1630,1837,0.4701471012402654,781.3536987304688,0.6116729308963972,754.2221069335938,799.0,2614888.0,1003.4420166015625,1025.0,1843323.0,473.3527526855469,438.0,771565.0,False,vLH92_MN_60x-1xzoom_0006_XY04_Dapi-ex_Green-em.tif,303.4286193847656,306.0,1051987.0,365.0201416015625,360.0,670542.0,234.0153350830078,224.0,381445.0,606.1773069335937,855.3972166015625,325.30795268554687,650.9552,876.9552,289.9552,159.11181938476562,220.7033416015625,89.69853508300781,161.6832,215.6832,79.6832,0mM 2DG,1h,yes,MN,3.8097566181914515,4.0261152673870875,3.875778275010525,4.065941158143054,3.626680774490955,3.6388498453877354
vLH92_MN_60x-1xzoom_0006_XY04_488.tif,5,4670,2096,2574,0.4488222698072805,585.2115173339844,0.6331223749479409,581.0691528320312,585.0,2713593.0,701.1410522460938,708.0,1804737.0,433.614501953125,412.0,908856.0,False,vLH92_MN_60x-1xzoom_0006_XY04_Dapi-ex_Green-em.tif,383.4184265136719,374.0,1790564.0,444.79058837890625,441.0,1144891.0,308.05010986328125,292.0,645673.0,433.02435283203124,553.0962522460937,285.569701953125,436.9552,559.9552,263.9552,239.10162651367187,300.47378837890625,163.73330986328125,229.6832,296.6832,147.6832,0mM 2DG,1h,yes,MN,1.81104729041762,1.902425601872492,1.8407470922176519,1.8873842536415948,1.7441148791994627,1.7873068839245085
vLH92_MN_60x-1xzoom_0006_XY04_488.tif,6,4162,2025,2137,0.4865449303219606,441.01283264160156,0.6326797507852621,452.7344970703125,440.0,1884281.0,520.865234375,525.0,1113089.0,380.8355407714844,377.0,771192.0,False,vLH92_MN_60x-1xzoom_0006_XY04_Dapi-ex_Green-em.tif,271.2734375,268.0,1129040.0,296.9709777832031,292.0,634627.0,244.15457153320312,237.0,494413.0,304.6896970703125,372.820434375,232.79074077148437,291.9552,376.9552,228.9552,126.9566375,152.65417778320312,99.83777153320312,123.6832,147.6832,92.6832,0mM 2DG,1h,yes,MN,2.399950905050652,2.3605081369175442,2.442255035459778,2.552458234924487,2.331690072770354,2.470298824382412
vLH92_MN_60x-1xzoom_0006_XY04_488.tif,7,2886,1422,1465,0.49272349272349275,394.28981018066406,0.6231607914794285,413.2162170410156,397.5,1192542.0,466.494873046875,459.0,683415.0,358.2327575683594,364.0,509407.0,False,vLH92_MN_60x-1xzoom_0006_XY04_Dapi-ex_Green-em.tif,250.5270233154297,245.0,723021.0,263.10784912109375,259.0,385453.0,237.5597686767578,234.0,337810.0,265.1714170410156,318.450073046875,210.18795756835937,249.4552,310.9552,215.9552,106.21022331542969,118.79104912109375,93.24296867675781,100.6832,114.6832,89.6832,0mM 2DG,1h,yes,MN,2.496665657631593,2.477624866909276,2.6807581497344293,2.7114276546172413,2.25419632762885,2.4079783058588453
vLH92_MN_60x-1xzoom_0006_XY05_488.tif,1,3613,1683,1930,0.46581787987821754,350.98681640625,0.553462619219744,347.3863830566406,349.0,1255107.0,387.9891052246094,391.0,748819.0,300.82470703125,298.0,506288.0,False,vLH92_MN_60x-1xzoom_0006_XY05_Dapi-ex_Green-em.tif,214.1848907470703,204.0,773850.0,228.54403686523438,220.0,441090.0,197.71835327148438,187.0,332760.0,199.93838305664065,240.5411052246094,153.37670703125002,201.55200000000002,243.55200000000002,150.55200000000002,70.53689074707032,84.89603686523438,54.07035327148438,60.352000000000004,76.352,43.352000000000004,0mM 2DG,1h,yes,MN,2.8345222044670986,3.339607635206787,2.833360827036591,3.1898575020955575,2.8366137402719325,3.4727809558959217
vLH92_MN_60x-1xzoom_0006_XY05_488.tif,2,3906,1906,2000,0.4879672299027138,375.6083526611328,0.3836382340501522,405.0583801269531,376.5,1582158.0,484.0245056152344,498.0,968049.0,322.1977844238281,318.0,614109.0,False,vLH92_MN_60x-1xzoom_0006_XY05_Dapi-ex_Green-em.tif,233.48873901367188,221.0,912007.0,261.7650146484375,249.0,523530.0,203.8179473876953,202.0,388477.0,257.61038012695315,336.5765056152344,174.74978442382815,229.05200000000002,350.552,170.55200000000002,89.84073901367188,118.1170146484375,60.169947387695316,77.352,105.352,58.352000000000004,0mM 2DG,1h,yes,MN,2.8674116325751755,2.961164546488779,2.849517545097274,3.327435644316197,2.9042701882030277,2.9228132711817936
vLH92_MN_60x-1xzoom_0006_XY05_488.tif,3,2576,1305,1271,0.5065993788819876,380.94569396972656,0.5249164529339625,409.8354187011719,383.0,1055736.0,472.1825256347656,465.0,600144.0,349.1126403808594,352.0,455592.0,False,vLH92_MN_60x-1xzoom_0006_XY05_Dapi-ex_Green-em.tif,248.77252197265625,227.0,640838.0,282.8363342285156,249.0,359485.0,215.59617614746094,215.0,281353.0,262.3874187011719,324.73452563476565,201.6646403808594,235.55200000000002,317.552,204.55200000000002,105.12452197265625,139.18833422851563,71.94817614746094,83.352,105.352,71.352,0mM 2DG,1h,yes,MN,2.4959677701975282,2.8259909780209234,2.3330584954169025,3.014200015187182,2.8029152534393487,2.8668012108980827
vLH92_MN_60x-1xzoom_0006_XY05_488.tif,4,4757,2294,2464,0.48223670380491906,410.76751708984375,0.6481462303228055,460.4048767089844,413.0,2190146.0,542.896484375,568.0,1337697.0,371.717529296875,369.0,852720.0,False,vLH92_MN_60x-1xzoom_0006_XY05_Dapi-ex_Green-em.tif,220.61782836914062,214.0,1049479.0,237.1724853515625,235.0,584393.0,202.81561279296875,201.0,465259.0,312.9568767089844,395.448484375,224.26952929687502,265.552,420.552,221.55200000000002,76.96982836914063,93.5244853515625,59.167612792968754,70.352,91.352,57.352000000000004,0mM 2DG,1h,yes,MN,4.0659682285904335,3.7746190584489425,4.228288270055616,4.603643051055259,3.7904103057462937,3.8630213418886874
vLH92_MN_60x-1xzoom_0006_XY05_488.tif,5,3441,1828,1613,0.5312409183376925,513.2182006835938,0.35603623279399765,531.58154296875,517.0,1829172.0,578.3967895507812,557.0,932954.0,490.2724304199219,494.0,896218.0,False,vLH92_MN_60x-1xzoom_0006_XY05_Dapi-ex_Green-em.tif,278.39349365234375,270.0,957952.0,278.36517333984375,272.0,449003.0,278.4184875488281,267.0,508949.0,384.13354296875,430.94878955078127,342.8244304199219,369.552,409.552,346.552,134.74549365234375,134.71717333984375,134.77048754882813,126.352,128.352,123.352,0mM 2DG,1h,yes,MN,2.8508080868355514,2.924781562618716,3.198915022241819,3.1908501620543506,2.543764860208839,2.809455866139179
vLH92_MN_60x-1xzoom_0006_XY05_488.tif,6,3062,1574,1489,0.5140431090790333,625.1862182617188,0.11939455169012103,592.1119995117188,619.5,1813047.0,667.7904663085938,668.0,994340.0,520.3526000976562,527.0,819035.0,False,vLH92_MN_60x-1xzoom_0006_XY05_Dapi-ex_Green-em.tif,296.35205078125,284.0,907430.0,308.99261474609375,293.0,460090.0,284.38372802734375,275.0,447620.0,444.66399951171877,520.3424663085938,372.90460009765627,472.052,520.552,379.552,152.70405078125,165.34461474609375,140.73572802734375,140.352,149.352,131.352,0mM 2DG,1h,yes,MN,2.9119332279449752,3.363343593251254,3.147017924397727,3.485403610263003,2.6496796891916747,2.889579146111213
vLH92_MN_60x-1xzoom_0006_XY05_488.tif,7,1895,1019,878,0.5377308707124011,326.0269470214844,0.44580604677688324,336.07861328125,329.0,636869.0,364.5045471191406,355.0,320035.0,311.48870849609375,312.0,317407.0,False,vLH92_MN_60x-1xzoom_0006_XY05_Dapi-ex_Green-em.tif,260.8965759277344,252.0,494399.0,260.4851989746094,254.0,228706.0,261.19036865234375,251.0,266153.0,188.63061328125002,217.05654711914065,164.04070849609377,181.55200000000002,207.55200000000002,164.55200000000002,117.24857592773438,116.83719897460938,117.54236865234375,108.352,110.352,107.352,0mM 2DG,1h,yes,MN,1.6088094186961523,1.6755759007678679,1.8577691781733878,1.880817746846455,1.3955879090822019,1.5328265891646176
vLH92_MN_60x-1xzoom_0006_XY05_488.tif,8,1631,904,728,0.5542611894543225,349.2511291503906,0.4532825084328852,355.3758544921875,351.0,579618.0,377.4656677246094,369.0,274795.0,337.5940246582031,338.0,305185.0,False,vLH92_MN_60x-1xzoom_0006_XY05_Dapi-ex_Green-em.tif,223.25628662109375,221.0,364131.0,231.3282928466797,229.0,168407.0,216.7433624267578,216.0,195936.0,207.92785449218752,230.0176677246094,190.14602465820315,203.55200000000002,221.55200000000002,190.55200000000002,79.60828662109375,87.68029284667969,73.09536242675782,77.352,85.352,72.352,0mM 2DG,1h,yes,MN,2.611887070021339,2.631502740717758,2.623367922901729,2.595744680851064,2.601341840923644,2.6336797877045557
vLH92_MN_60x-1xzoom_0006_XY05_488.tif,9,4134,1939,2195,0.46903725205611996,615.4678955078125,0.7418073221219885,690.5660400390625,620.0,2854800.0,839.9959106445312,893.0,1843791.0,521.4074096679688,507.0,1011009.0,False,vLH92_MN_60x-1xzoom_0006_XY05_Dapi-ex_Green-em.tif,276.974853515625,257.0,1145014.0,317.46923828125,324.0,696845.0,231.13409423828125,229.0,448169.0,543.1180400390625,692.5479106445313,373.95940966796877,472.552,745.552,359.552,133.326853515625,173.82123828125,87.48609423828125,113.352,180.352,85.352,0mM 2DG,1h,yes,MN,4.073583270870581,4.168889829910368,3.9842536935789163,4.133871540099361,4.274501141283497,4.212578498453463
vLH92_MN_60x-1xzoom_0006_XY06_488.tif,1,3079,1569,1511,0.509581032802858,392.0310974121094,0.42559504802487996,375.2692565917969,388.0,1155454.0,455.359375,439.0,688048.0,298.0777587890625,282.0,467684.0,False,vLH92_MN_60x-1xzoom_0006_XY06_Dapi-ex_Green-em.tif,225.42221069335938,220.0,694075.0,252.61680603027344,247.0,381704.0,199.22242736816406,193.0,312580.0,231.47885659179687,311.568975,154.2873587890625,244.2096,295.2096,138.2096,84.26221069335938,111.45680603027344,58.062427368164066,78.84,105.84,51.84,0mM 2DG,1h,yes,MN,2.7471253683834274,3.0975342465753424,2.7954235016870386,2.7892063492063492,2.65726676927839,2.66608024691358
vLH92_MN_60x-1xzoom_0006_XY06_488.tif,2,3332,844,2488,0.2533013205282113,948.6985168457031,0.23278594940850922,917.89794921875,947.0,3058436.0,927.5402221679688,969.0,2307720.0,889.4739379882812,900.5,750716.0,False,vLH92_MN_60x-1xzoom_0006_XY06_Dapi-ex_Green-em.tif,327.526123046875,320.0,1091317.0,321.5100402832031,318.0,799917.0,345.2606506347656,329.0,291400.0,774.10754921875,783.7498221679688,745.6835379882813,803.2096,825.2096,756.7096,186.366123046875,180.35004028320313,204.10065063476563,178.84,176.84,187.84,0mM 2DG,1h,yes,MN,4.153692401617678,4.491218966674122,4.34571470534328,4.666419362135263,3.653508872554592,4.028479557069847
vLH92_MN_60x-1xzoom_0006_XY06_488.tif,3,2713,1357,1356,0.5001842978252856,224.2268829345703,0.7142962876975022,230.65609741210938,224.0,625770.0,260.8067932128906,257.0,353654.0,200.5276336669922,199.0,272116.0,False,vLH92_MN_60x-1xzoom_0006_XY06_Dapi-ex_Green-em.tif,210.17877197265625,194.0,570215.0,240.51622009277344,220.0,326140.0,179.86366271972656,179.0,244075.0,86.86569741210937,117.01639321289062,56.73723366699218,80.2096,113.2096,55.209599999999995,69.01877197265625,99.35622009277344,38.703662719726566,52.84,78.84,37.84,0mM 2DG,1h,yes,MN,1.2585807444751942,1.5179712339137015,1.177746024392102,1.435941146626078,1.4659396470524282,1.459027484143763
vLH92_MN_60x-1xzoom_0006_XY06_488.tif,4,1928,967,961,0.5015560165975104,463.0105743408203,0.5293655136404974,494.65093994140625,462.5,953687.0,555.8782348632812,524.0,534199.0,433.80352783203125,435.0,419488.0,False,vLH92_MN_60x-1xzoom_0006_XY06_Dapi-ex_Green-em.tif,227.2178497314453,223.0,438076.0,238.3975067138672,235.0,229100.0,216.1075439453125,215.0,208976.0,350.8605399414063,412.0878348632813,290.0131278320313,318.7096,380.2096,291.2096,86.05784973144532,97.23750671386719,74.9475439453125,81.84,93.84,73.84,0mM 2DG,1h,yes,MN,4.077031218375919,3.8943010752688174,4.237951473559459,4.0516794543904515,3.86954812079829,3.943791982665222
vLH92_MN_60x-1xzoom_0006_XY06_488.tif,5,1871,835,1036,0.4462854088722608,565.5492553710938,0.5281359461201306,536.1801147460938,561.0,1003193.0,602.0781860351562,608.0,623753.0,454.4191589355469,462.0,379440.0,False,vLH92_MN_60x-1xzoom_0006_XY06_Dapi-ex_Green-em.tif,266.32122802734375,258.0,498287.0,284.8716125488281,274.0,295127.0,243.30538940429688,237.0,203160.0,392.3897147460938,458.2877860351563,310.6287589355469,417.2096,464.2096,318.2096,125.16122802734375,143.71161254882813,102.14538940429688,116.84,132.84,95.84,0mM 2DG,1h,yes,MN,3.1350740235655814,3.57077713111948,3.1889405310196923,3.4945016561276723,3.0410453251694185,3.3202170283806347
vLH92_MN_60x-1xzoom_0006_XY06_488.tif,6,2443,1256,1187,0.5141219811706917,377.7841796875,0.5188728035869419,374.08514404296875,374.0,913890.0,407.7834777832031,400.0,484039.0,342.2380676269531,345.5,429851.0,False,vLH92_MN_60x-1xzoom_0006_XY06_Dapi-ex_Green-em.tif,257.8317565917969,250.0,629883.0,261.44482421875,254.0,310335.0,254.4171905517578,245.0,319548.0,230.29474404296874,263.99307778320315,198.44766762695312,230.2096,256.2096,201.7096,116.67175659179688,120.28482421875,113.25719055175782,108.84,112.84,103.84,0mM 2DG,1h,yes,MN,1.973868833129068,2.115119441381845,2.1947330388337707,2.27055654023396,1.7521860348130727,1.9425038520801232
vLH92_MN_60x-1xzoom_0006_XY06_488.tif,7,723,367,357,0.5076071922544951,245.87440490722656,0.3246032474949384,258.8284912109375,246.0,187133.0,292.3053283691406,277.0,104353.0,226.20162963867188,225.0,83016.0,False,vLH92_MN_60x-1xzoom_0006_XY06_Dapi-ex_Green-em.tif,251.74964904785156,237.0,182015.0,273.29412841796875,263.0,97566.0,230.74386596679688,226.0,84683.0,115.0380912109375,148.51492836914062,82.41122963867187,102.2096,133.2096,81.2096,110.58964904785157,132.13412841796875,89.58386596679688,95.84,121.84,84.84,0mM 2DG,1h,yes,MN,1.0402247606479076,1.0664607679465776,1.1239709993723639,1.0933158240315166,0.9199338379660523,0.9572088637435171
vLH92_MN_60x-1xzoom_0006_XY06_488.tif,8,2546,1338,1208,0.5255302435192458,369.55821228027344,0.5080267145489712,375.581298828125,370.0,956230.0,424.4925537109375,408.0,512787.0,331.4222717285156,334.0,443443.0,False,vLH92_MN_60x-1xzoom_0006_XY06_Dapi-ex_Green-em.tif,242.62136840820312,235.0,617714.0,262.798828125,251.0,317461.0,224.40432739257812,220.0,300253.0,231.790898828125,280.7021537109375,187.63187172851562,226.2096,264.2096,190.2096,101.46136840820313,121.638828125,83.24432739257813,93.84,109.84,78.84,0mM 2DG,1h,yes,MN,2.2845236809302167,2.4105882352941177,2.307669006992396,2.405404224326293,2.253989882621653,2.4126027397260272
vLH92_MN_60x-1xzoom_0006_XY06_488.tif,9,2619,1309,1310,0.49980908743795344,281.3106689453125,0.7008981093754204,311.6097717285156,283.0,816106.0,369.3007507324219,366.0,483784.0,253.8747100830078,253.0,332322.0,False,vLH92_MN_60x-1xzoom_0006_XY06_Dapi-ex_Green-em.tif,215.61856079101562,204.0,564705.0,239.09083557128906,232.0,313209.0,192.1283416748047,191.0,251496.0,167.81937172851562,225.51035073242187,110.08431008300781,139.2096,222.2096,109.2096,74.45856079101563,97.93083557128907,50.96834167480469,62.84,90.84,49.84,0mM 2DG,1h,yes,MN,2.253862684769555,2.215302355187778,2.302751216375162,2.446164685160722,2.1598566181607994,2.1912038523274475
vLH92_MN_60x-1xzoom_0006_XY06_488.tif,10,1504,891,613,0.5924202127659575,240.23226165771484,0.7435717060010031,257.0205993652344,242.0,386559.0,292.9624938964844,277.0,179586.0,232.2929229736328,230.0,206973.0,False,vLH92_MN_60x-1xzoom_0006_XY06_Dapi-ex_Green-em.tif,253.488037109375,247.0,381246.0,270.6329650878906,250.0,165898.0,241.69247436523438,245.0,215348.0,113.23019936523437,149.17209389648437,88.50252297363281,98.2096,133.2096,86.2096,112.328037109375,129.47296508789063,100.53247436523438,105.84,108.84,103.84,0mM 2DG,1h,yes,MN,1.0080314966688229,0.9279062736205592,1.1521485878941702,1.2239029768467475,0.8803376573832574,0.8302157164869028
vLH92_MN_60x-1xzoom_0006_XY07_488.tif,1,3758,1874,1884,0.4986695050558808,363.3418273925781,0.6542444882213561,383.0071716308594,368.0,1439341.0,454.722412109375,461.0,856697.0,310.9092712402344,308.0,582644.0,False,vLH92_MN_60x-1xzoom_0006_XY07_Dapi-ex_Green-em.tif,243.12799072265625,228.0,913675.0,277.04510498046875,268.0,521953.0,209.02987670898438,208.0,391722.0,237.89357163085936,309.608812109375,165.79567124023436,222.88639999999998,315.8864,162.88639999999998,100.20959072265626,134.12670498046876,66.11147670898438,85.08160000000001,125.08160000000001,65.08160000000001,0mM 2DG,1h,yes,MN,2.3739601161455925,2.6196780502482317,2.3083308589028526,2.525442591076545,2.5078198142517536,2.5028026354607134
vLH92_MN_60x-1xzoom_0006_XY07_488.tif,2,4417,2133,2284,0.4829069504188363,372.785400390625,0.7024684489965788,388.3846435546875,372.0,1715495.0,484.6523742675781,469.0,1106946.0,285.3019104003906,274.0,608549.0,False,vLH92_MN_60x-1xzoom_0006_XY07_Dapi-ex_Green-em.tif,242.9087677001953,240.0,1072928.0,279.02496337890625,274.0,637293.0,204.23582458496094,201.0,435635.0,243.27104355468748,339.5387742675781,140.1883104003906,226.88639999999998,323.8864,128.88639999999998,99.99036770019532,136.10656337890626,61.317424584960946,97.08160000000001,131.0816,58.08160000000001,0mM 2DG,1h,yes,MN,2.4329447840825598,2.3370690223482096,2.494653937608711,2.470876156531504,2.2862719911881944,2.2190573262444553
vLH92_MN_60x-1xzoom_0006_XY07_488.tif,3,3513,1893,1620,0.5388556789069172,853.9454956054688,0.11644910582261758,821.8875732421875,853.0,2887291.0,895.5833129882812,895.0,1450845.0,758.8198852539062,800.0,1436446.0,False,vLH92_MN_60x-1xzoom_0006_XY07_Dapi-ex_Green-em.tif,337.4560241699219,320.0,1185483.0,354.3160400390625,331.0,573992.0,323.0274658203125,309.0,611491.0,676.7739732421875,750.4697129882812,613.7062852539062,707.8864,749.8864,654.8864,194.53762416992188,211.3976400390625,180.1090658203125,177.0816,188.0816,166.0816,0mM 2DG,1h,yes,MN,3.4788847459710355,3.997515269796523,3.5500382731311846,3.987026907469949,3.407414737613353,3.943160470515698
vLH92_MN_60x-1xzoom_0006_XY07_488.tif,4,2888,1389,1499,0.4809556786703601,614.7469177246094,0.5045565021764349,667.8784790039062,632.5,1928833.0,825.6204223632812,848.0,1237605.0,497.64434814453125,477.0,691228.0,False,vLH92_MN_60x-1xzoom_0006_XY07_Dapi-ex_Green-em.tif,316.1669006347656,288.0,913090.0,379.7364807128906,363.0,569225.0,247.56298828125,245.0,343865.0,522.7648790039062,680.5068223632812,352.53074814453123,487.3864,702.8864,331.8864,173.24850063476563,236.81808071289063,104.64458828125001,145.0816,220.0816,102.08160000000001,0mM 2DG,1h,yes,MN,3.0174280128748396,3.359394988751158,2.8735425112591053,3.1937535895776836,3.3688387898000545,3.2511872854657446
vLH92_MN_60x-1xzoom_0006_XY07_488.tif,5,4446,2101,2345,0.4725596041385515,458.56707763671875,0.6510351341463426,525.936767578125,462.0,2338315.0,636.1253662109375,675.0,1491714.0,402.9514465332031,402.0,846601.0,False,vLH92_MN_60x-1xzoom_0006_XY07_Dapi-ex_Green-em.tif,261.14508056640625,241.0,1161051.0,303.1181335449219,289.0,710812.0,214.29747009277344,213.0,450239.0,380.823167578125,491.0117662109375,257.8378465332031,316.8864,529.8864,256.8864,118.22668056640626,160.19973354492188,71.37907009277345,98.08160000000001,146.0816,70.08160000000001,0mM 2DG,1h,yes,MN,3.221127124213066,3.2308445212965524,3.0649973963486774,3.6273315735862695,3.6122331966230967,3.665532750393826
vLH92_MN_60x-1xzoom_0006_XY07_488.tif,6,3854,1800,2054,0.467047223663726,374.60401916503906,0.7380379029035739,390.715087890625,377.0,1505816.0,453.76727294921875,453.0,932038.0,318.76556396484375,316.0,573778.0,False,vLH92_MN_60x-1xzoom_0006_XY07_Dapi-ex_Green-em.tif,242.95303344726562,229.0,936341.0,280.1100158691406,269.0,575346.0,200.5527801513672,200.0,360995.0,245.60148789062498,308.65367294921873,173.65196396484373,231.88639999999998,307.8864,170.88639999999998,100.03463344726563,137.19161586914063,57.634380151367196,86.08160000000001,126.08160000000001,57.08160000000001,0mM 2DG,1h,yes,MN,2.4551645707793446,2.6937975130573775,2.2497998219047592,2.441961396428979,3.0129926531486153,2.993721269200582
vLH92_MN_60x-1xzoom_0006_XY07_488.tif,7,1261,783,487,0.6209357652656622,230.4307861328125,0.39642520904808726,229.93893432617188,230.0,289953.0,250.19302368164062,248.0,121844.0,216.8275909423828,216.0,169776.0,False,vLH92_MN_60x-1xzoom_0006_XY07_Dapi-ex_Green-em.tif,321.1839904785156,316.0,405013.0,379.37371826171875,366.0,184755.0,283.76373291015625,285.0,222187.0,84.82533432617186,105.0794236816406,71.7139909423828,84.88639999999998,102.88639999999998,70.88639999999998,178.26559047851563,236.45531826171876,140.84533291015626,173.0816,223.0816,142.0816,0mM 2DG,1h,yes,MN,0.47583683479507455,0.49044150273628145,0.444394418590891,0.4612052271455825,0.5091683867730881,0.49891330052589483
vLH92_MN_60x-1xzoom_0006_XY08_488.tif,1,923,483,440,0.52329360780065,204.33538818359375,0.6186065347192817,213.13758850097656,207.0,196726.0,230.7318115234375,226.0,101522.0,197.10972595214844,197.0,95204.0,False,vLH92_MN_60x-1xzoom_0006_XY08_Dapi-ex_Green-em.tif,309.34344482421875,284.0,285524.0,361.12274169921875,342.5,158894.0,262.1739196777344,262.0,126630.0,68.57278850097657,86.16701152343751,52.544925952148446,62.43520000000001,81.43520000000001,52.43520000000001,168.57224482421873,220.35154169921873,121.40271967773435,143.22879999999998,201.72879999999998,121.22879999999998,0mM 2DG,1h,yes,MN,0.4067857586667478,0.4359123304810207,0.39104337940624,0.4036865336035312,0.43281506453586766,0.4325308837503961
vLH92_MN_60x-1xzoom_0006_XY08_488.tif,2,2209,1157,1052,0.523766410140335,259.0208435058594,0.3677971276371624,263.4241638183594,257.0,581904.0,296.93536376953125,288.0,312376.0,232.95419311523438,232.0,269528.0,False,vLH92_MN_60x-1xzoom_0006_XY08_Dapi-ex_Green-em.tif,308.2068786621094,297.0,680829.0,314.1996154785156,298.0,330538.0,302.75799560546875,296.0,350291.0,118.85936381835938,152.37056376953126,88.38939311523438,112.43520000000001,143.4352,87.43520000000001,167.43567866210935,173.4284154785156,161.98679560546873,156.22879999999998,157.22879999999998,155.22879999999998,0mM 2DG,1h,yes,MN,0.7098807420742232,0.7196829265794784,0.8785789995781113,0.9122705255016894,0.5456580135736097,0.5632666103197346
vLH92_MN_60x-1xzoom_0006_XY08_488.tif,3,2728,1422,1306,0.5212609970674487,299.2273712158203,0.7340480555927751,338.0843200683594,306.0,922294.0,396.1891174316406,413.0,517423.0,284.71942138671875,284.0,404871.0,False,vLH92_MN_60x-1xzoom_0006_XY08_Dapi-ex_Green-em.tif,241.00439453125,218.0,657460.0,280.50152587890625,262.0,366335.0,204.729248046875,204.0,291125.0,193.51952006835938,251.62431743164063,140.15462138671876,161.4352,268.4352,139.4352,100.23319453124998,139.73032587890623,63.95804804687498,77.22879999999998,121.22879999999998,63.22879999999998,0mM 2DG,1h,yes,MN,1.9306929303547766,2.0903497140962966,1.8007853044707312,2.214285714285715,2.1913523890535114,2.205248241307759
vLH92_MN_60x-1xzoom_0006_XY08_488.tif,4,2814,1349,1465,0.47938877043354655,444.12872314453125,0.6914789673363372,426.7476806640625,445.0,1200868.0,503.9801940917969,507.0,738331.0,342.8739929199219,335.0,462537.0,False,vLH92_MN_60x-1xzoom_0006_XY08_Dapi-ex_Green-em.tif,286.2590637207031,281.0,805533.0,333.1508483886719,323.0,488066.0,235.33506774902344,229.0,317467.0,282.1828806640625,359.4153940917969,198.30919291992188,300.4352,362.4352,190.4352,145.4878637207031,192.37964838867185,94.56386774902342,140.22879999999998,182.22879999999998,88.22879999999998,0mM 2DG,1h,yes,MN,1.9395630222860132,2.1424643154615888,1.8682609990307104,1.9889018640302742,2.0970926596006314,2.15842446004026
vLH92_MN_60x-1xzoom_0006_XY08_488.tif,5,2937,1470,1467,0.5005107252298263,448.4978942871094,0.39143282868348245,479.6060485839844,450.0,1408603.0,552.1043090820312,541.0,809937.0,407.2557678222656,407.0,598666.0,False,vLH92_MN_60x-1xzoom_0006_XY08_Dapi-ex_Green-em.tif,262.5897216796875,250.0,771226.0,291.12884521484375,283.0,427086.0,234.1088409423828,233.0,344140.0,335.0412485839844,407.53950908203126,262.69096782226563,305.4352,396.4352,262.4352,121.81852167968748,150.35764521484373,93.33764094238279,109.22879999999998,142.22879999999998,92.22879999999998,0mM 2DG,1h,yes,MN,2.750330934609023,2.796288158434406,2.7104674890306,2.7873060870934725,2.8144161901887412,2.8454799368526977
vLH92_MN_60x-1xzoom_0006_XY08_488.tif,6,2655,1331,1324,0.5013182674199623,405.6852722167969,0.5374593728883654,377.6557312011719,400.0,1002676.0,445.8217468261719,446.0,590268.0,309.8482360839844,295.0,412408.0,False,vLH92_MN_60x-1xzoom_0006_XY08_Dapi-ex_Green-em.tif,249.3875732421875,245.0,662124.0,279.9237060546875,271.0,370619.0,219.01202392578125,207.0,291505.0,233.09093120117188,301.2569468261719,165.28343608398438,255.4352,301.4352,150.4352,108.61637324218748,139.15250605468748,78.24082392578123,104.22879999999998,130.22879999999998,66.22879999999998,0mM 2DG,1h,yes,MN,2.146001788159849,2.4507161168506215,2.1649408650087603,2.3146585087169664,2.1124961086909213,2.2714468629961595
vLH92_MN_60x-1xzoom_0006_XY08_488.tif,7,4214,1800,2414,0.42714760322733747,288.1598815917969,0.4165183826153708,281.0735778808594,285.0,1184444.0,313.1466369628906,310.0,755936.0,238.05999755859375,232.0,428508.0,False,vLH92_MN_60x-1xzoom_0006_XY08_Dapi-ex_Green-em.tif,260.110595703125,245.0,1096106.0,285.5062255859375,273.5,689212.0,226.05221557617188,220.0,406894.0,136.50877788085938,168.58183696289063,93.49519755859376,140.4352,165.4352,87.43520000000001,119.33939570312498,144.73502558593748,85.28101557617185,104.22879999999998,132.72879999999998,79.22879999999998,0mM 2DG,1h,yes,MN,1.1438701953916868,1.3473742382143903,1.1647618555385126,1.246415246728668,1.0963189981606762,1.103578496708268
vLH92_MN_60x-1xzoom_0006_XY08_488.tif,8,3244,1637,1607,0.5046239210850801,243.55270385742188,0.7450260916939394,255.99630737304688,244.0,830452.0,293.47479248046875,297.0,471614.0,219.2046356201172,218.0,358838.0,False,vLH92_MN_60x-1xzoom_0006_XY08_Dapi-ex_Green-em.tif,201.44174194335938,191.0,653477.0,224.42813110351562,217.0,360656.0,178.87660217285156,179.0,292821.0,111.43150737304688,148.90999248046876,74.6398356201172,99.43520000000001,152.4352,73.43520000000001,60.67054194335935,83.6569311035156,38.10540217285154,50.22879999999998,76.22879999999998,38.22879999999998,0mM 2DG,1h,yes,MN,1.836665765687025,1.979645143821872,1.7800078309854586,1.9997061478076534,1.958773070588266,1.9209391872096444
vLH92_MN_60x-1xzoom_0006_XY08_488.tif,9,1246,682,564,0.5473515248796148,207.69509887695312,0.611686718659372,208.2519989013672,207.0,259482.0,217.88121032714844,217.0,122885.0,200.28884887695312,200.0,136597.0,False,vLH92_MN_60x-1xzoom_0006_XY08_Dapi-ex_Green-em.tif,294.4261779785156,295.0,366855.0,311.4964599609375,311.0,175684.0,280.30938720703125,284.0,191171.0,63.687198901367196,73.31641032714845,55.724048876953134,62.43520000000001,72.43520000000001,55.43520000000001,153.6549779785156,170.72525996093748,139.53818720703123,154.22879999999998,170.22879999999998,143.22879999999998,0mM 2DG,1h,yes,MN,0.4144818458811799,0.40482192690340596,0.4294409060728535,0.4255167163253223,0.39934622910268996,0.3870394780937913
vLH92_MN_60x-1xzoom_0006_XY09_488.tif,1,3450,1531,1919,0.443768115942029,411.4479522705078,0.737275341007785,396.3229064941406,412.0,1367314.0,457.41741943359375,461.0,877784.0,319.7452697753906,314.0,489530.0,False,vLH92_MN_60x-1xzoom_0006_XY09_Dapi-ex_Green-em.tif,247.56927490234375,237.0,854114.0,283.6331481933594,267.0,544292.0,202.3657684326172,200.0,309822.0,252.90690649414063,314.00141943359375,176.32926977539063,268.584,317.584,170.584,106.77087490234373,142.83474819335936,61.56736843261717,96.20159999999998,126.20159999999998,59.201599999999985,0mM 2DG,1h,yes,MN,2.368688153257692,2.7918870372218345,2.1983545559132525,2.516481566002333,2.8640053045043725,2.8814086105780934
vLH92_MN_60x-1xzoom_0006_XY09_488.tif,2,3221,1535,1686,0.47656007451102145,524.2803955078125,0.6661468791951234,553.7221069335938,544.0,1783539.0,718.9650268554688,737.0,1212175.0,372.2240905761719,356.0,571364.0,False,vLH92_MN_60x-1xzoom_0006_XY09_Dapi-ex_Green-em.tif,278.1651611328125,261.0,895970.0,334.50653076171875,330.0,563978.0,216.28143310546875,213.0,331992.0,410.30610693359375,575.5490268554688,228.80809057617188,400.584,593.5840000000001,212.584,137.36676113281248,193.70813076171873,75.48303310546873,120.20159999999998,189.20159999999998,72.20159999999998,0mM 2DG,1h,yes,MN,2.986938787447212,3.332601229933712,2.971217700528298,3.1373096210602878,3.03125194050522,2.9443114834020307
vLH92_MN_60x-1xzoom_0006_XY10_488.tif,1,4015,1669,2346,0.4156911581569116,426.5944519042969,0.6518077045830363,448.642333984375,433.0,1801299.0,504.4271240234375,531.0,1183386.0,370.2294921875,366.0,617913.0,False,vLH92_MN_60x-1xzoom_0006_XY10_Dapi-ex_Green-em.tif,282.4512939453125,246.0,1134042.0,323.0443420410156,304.0,757862.0,225.3924560546875,224.0,376180.0,303.72233398437504,359.50712402343754,225.3094921875,288.08000000000004,386.08000000000004,221.08,141.0128939453125,181.60594204101562,83.9540560546875,104.5616,162.5616,82.5616,0mM 2DG,1h,yes,MN,2.153862143288573,2.7551223393674165,1.9796000063821866,2.3749766242458246,2.6837237267099265,2.6777581829809503
vLH92_MN_60x-1xzoom_0006_XY10_488.tif,2,4932,1774,3158,0.3596918085969181,879.2796325683594,0.4186695444138211,900.304931640625,891.0,4440304.0,1042.8609619140625,1159.0,3293355.0,646.53271484375,653.0,1146949.0,False,vLH92_MN_60x-1xzoom_0006_XY10_Dapi-ex_Green-em.tif,345.15631103515625,337.0,1702311.0,392.11968994140625,389.0,1238314.0,261.5541076660156,259.0,463997.0,755.384931640625,897.9409619140625,501.61271484375004,746.08,1014.08,508.08000000000004,203.71791103515625,250.68128994140625,120.11570766601562,195.5616,247.5616,117.5616,0mM 2DG,1h,yes,MN,3.7079946863889934,3.8150638980249703,3.5820023190559835,4.096273412354743,4.176079253834938,4.321819369590071
vLH92_MN_60x-1xzoom_0006_XY11_488.tif,1,822,486,336,0.5912408759124088,245.37332153320312,0.5223898890325499,248.86375427246094,246.0,204566.0,264.4910583496094,261.0,88869.0,238.05967712402344,237.0,115697.0,False,vLH92_MN_60x-1xzoom_0006_XY11_Dapi-ex_Green-em.tif,323.9732360839844,322.0,266306.0,341.05950927734375,341.0,114596.0,312.1604919433594,309.5,151710.0,100.51495427246095,116.14225834960939,89.71087712402345,97.65120000000002,112.65120000000002,88.65120000000002,179.45163608398437,196.53790927734374,167.63889194335937,177.4784,196.4784,164.9784,0mM 2DG,1h,yes,MN,0.560122807826725,0.5502145613212651,0.5909407440867587,0.5733515745242226,0.5351435820414174,0.5373503440450388
vLH92_MN_60x-1xzoom_0006_XY11_488.tif,2,2501,0,2501,0.0,710.3212280273438,,695.1447143554688,713.0,1738557.0,695.1447143554688,713.0,1738557.0,,,,True,vLH92_MN_60x-1xzoom_0006_XY11_Dapi-ex_Green-em.tif,279.1303405761719,278.0,698105.0,279.1303405761719,278.0,698105.0,,,,546.7959143554688,546.7959143554688,,564.6512,564.6512,,134.60874057617187,134.60874057617187,,133.4784,133.4784,,0mM 2DG,1h,yes,MN,4.062112995151678,4.230281453778289,4.062112995151678,4.230281453778289,,
vLH92_MN_60x-1xzoom_0006_XY11_488.tif,3,5556,1892,3664,0.34053275737940963,441.7732238769531,0.8214767432925553,434.99676513671875,440.0,2416842.0,477.53411865234375,490.0,1749685.0,352.6199645996094,348.0,667157.0,False,vLH92_MN_60x-1xzoom_0006_XY11_Dapi-ex_Green-em.tif,231.49009704589844,222.0,1286159.0,248.4664306640625,242.0,910381.0,198.61416625976562,197.0,375778.0,286.64796513671877,329.18531865234377,204.2711645996094,291.6512,341.6512,199.65120000000002,86.96849704589843,103.9448306640625,54.09256625976562,77.4784,97.4784,52.47839999999999,0mM 2DG,1h,yes,MN,3.295997687363019,3.764290434495292,3.1669234203308494,3.504891340030202,3.7763260041804956,3.804445257477363
vLH92_MN_60x-1xzoom_0006_XY11_488.tif,4,3840,1712,2128,0.44583333333333336,397.17767333984375,0.39581377137966567,477.5562438964844,405.0,1833816.0,572.1860961914062,571.0,1217612.0,359.9322509765625,363.0,616204.0,False,vLH92_MN_60x-1xzoom_0006_XY11_Dapi-ex_Green-em.tif,270.7114562988281,240.0,1039532.0,309.9647521972656,302.0,659605.0,221.91998291015625,222.0,379927.0,329.2074438964844,423.83729619140627,211.58345097656252,256.6512,422.6512,214.65120000000002,126.18985629882812,165.44315219726562,77.39838291015624,95.4784,157.4784,77.4784,0mM 2DG,1h,yes,MN,2.608826521815618,2.688055099373262,2.5618303964980385,2.683867755831911,2.7336934315819983,2.7704650586486044
vLH92_MN_60x-1xzoom_0006_XY11_488.tif,5,4107,2067,2040,0.5032870708546384,293.4356384277344,0.7016149594242916,323.61895751953125,295.0,1329103.0,387.4710693359375,398.0,790441.0,260.6008605957031,258.0,538662.0,False,vLH92_MN_60x-1xzoom_0006_XY11_Dapi-ex_Green-em.tif,261.02777099609375,234.0,1072041.0,306.29803466796875,300.0,624848.0,216.34881591796875,216.0,447193.0,175.27015751953127,239.12226933593752,112.25206059570314,146.65120000000002,249.65120000000002,109.65120000000002,116.50617099609374,161.77643466796874,71.82721591796874,89.4784,155.4784,71.4784,0mM 2DG,1h,yes,MN,1.5043851842440843,1.6389564408840573,1.478103222058973,1.6056969971391526,1.562806787943753,1.534046649057618
vLH92_MN_60x-1xzoom_0006_XY11_488.tif,6,3192,1470,1722,0.4605263157894737,400.38702392578125,0.6994695171183002,458.1243591308594,403.0,1462333.0,573.0110473632812,595.0,986725.0,323.5428466796875,317.0,475608.0,False,vLH92_MN_60x-1xzoom_0006_XY11_Dapi-ex_Green-em.tif,260.00909423828125,232.0,829949.0,306.5667724609375,291.5,527908.0,205.47006225585938,203.0,302041.0,309.7755591308594,424.66224736328127,175.19404667968752,254.65120000000002,446.6512,168.65120000000002,115.48749423828124,162.0451724609375,60.94846225585937,87.4784,146.9784,58.47839999999999,0mM 2DG,1h,yes,MN,2.682329902246476,2.911018034166149,2.620641151563155,3.0388900682004976,2.874462130713478,2.8839913540726156
vLH92_MN_60x-1xzoom_0006_XY11_488.tif,7,2755,1350,1405,0.4900181488203267,228.7110137939453,0.8233854021393341,247.5832977294922,230.0,682092.0,285.2099609375,279.0,400720.0,208.4237060546875,207.0,281372.0,False,vLH92_MN_60x-1xzoom_0006_XY11_Dapi-ex_Green-em.tif,246.28094482421875,216.0,678504.0,289.19573974609375,246.0,406320.0,201.61778259277344,201.0,272184.0,99.2344977294922,136.86116093750002,60.07490605468752,81.65120000000002,130.65120000000002,58.65120000000002,101.75934482421874,144.67413974609374,57.09618259277343,71.4784,101.4784,56.47839999999999,0mM 2DG,1h,yes,MN,0.9751880566930927,1.1423199176254648,0.945996023737859,1.2874779263370335,1.0521702735042586,1.0384713447973035
vLH92_MN_60x-1xzoom_0006_XY12_488.tif,1,1098,574,524,0.5227686703096539,193.0304412841797,0.32194894534424506,196.0191192626953,193.0,215229.0,208.49237060546875,206.0,109250.0,184.6324005126953,184.0,105979.0,False,vLH92_MN_60x-1xzoom_0006_XY12_Dapi-ex_Green-em.tif,231.3169403076172,223.0,253986.0,250.17938232421875,240.0,131094.0,214.09756469726562,213.0,122892.0,50.5247192626953,62.99797060546874,39.1380005126953,47.50559999999999,60.50559999999999,38.50559999999999,90.2401403076172,109.10258232421876,73.02076469726563,81.92320000000001,98.92320000000001,71.92320000000001,0mM 2DG,1h,yes,MN,0.559891851790821,0.5798796921995233,0.5774196106399981,0.6116421628091285,0.5359845336454122,0.5353710624666308
vLH92_MN_60x-1xzoom_0006_XY12_488.tif,2,1541,1139,402,0.7391304347826086,338.2428894042969,0.330038398856453,341.17974853515625,338.0,525758.0,364.4651794433594,358.0,146515.0,332.96136474609375,332.0,379243.0,False,vLH92_MN_60x-1xzoom_0006_XY12_Dapi-ex_Green-em.tif,261.60284423828125,248.0,403130.0,279.3955078125,253.0,112317.0,255.32308959960938,246.0,290813.0,195.68534853515624,218.97077944335936,187.46696474609374,192.5056,212.5056,186.5056,120.52604423828126,138.3187078125,114.24628959960938,106.92320000000001,111.92320000000001,104.92320000000001,0mM 2DG,1h,yes,MN,1.6235938860507546,1.8004100139165304,1.5830886718533292,1.8986733760292769,1.6409019969322023,1.7775439559601687
vLH92_MN_60x-1xzoom_0006_XY12_488.tif,3,721,401,320,0.5561719833564494,240.78414916992188,0.4329664428076023,248.05686950683594,241.0,178849.0,266.59375,260.0,85310.0,233.26434326171875,232.0,93539.0,False,vLH92_MN_60x-1xzoom_0006_XY12_Dapi-ex_Green-em.tif,298.6255187988281,293.0,215309.0,280.1468811035156,259.0,89647.0,313.37158203125,311.0,125662.0,102.56246950683592,121.09934999999999,87.76994326171874,95.50559999999999,114.50559999999999,86.50559999999999,157.54871879882813,139.07008110351563,172.29478203125,151.9232,117.92320000000001,169.9232,0mM 2DG,1h,yes,MN,0.6509889149768116,0.6286439464150306,0.8707793152853683,0.9710184255515453,0.5094173034549557,0.509086457882149
vLH92_MN_60x-1xzoom_0006_XY12_488.tif,4,1738,887,851,0.5103567318757192,219.81885528564453,0.7006996028310641,243.4108123779297,223.0,423048.0,279.018798828125,256.0,237445.0,209.24803161621094,209.0,185603.0,False,vLH92_MN_60x-1xzoom_0006_XY12_Dapi-ex_Green-em.tif,223.95223999023438,206.0,389229.0,252.90481567382812,234.0,215222.0,196.17474365234375,195.0,174007.0,97.91641237792967,133.524398828125,63.753631616210924,77.50559999999999,110.50559999999999,63.50559999999999,82.87543999023438,111.82801567382813,55.09794365234376,64.92320000000001,92.92320000000001,53.92320000000001,0mM 2DG,1h,yes,MN,1.1814888993586958,1.1938043719348397,1.1940156321612583,1.1892143189214317,1.1570963885418792,1.1777045872648504
vLH92_MN_60x-1xzoom_0006_XY12_488.tif,5,3343,1600,1743,0.4786120251271313,502.0162658691406,0.2225652675918113,487.5889892578125,506.0,1630010.0,560.9351806640625,565.0,977710.0,407.6875,402.0,652300.0,False,vLH92_MN_60x-1xzoom_0006_XY12_Dapi-ex_Green-em.tif,262.9228210449219,266.0,878951.0,287.8083801269531,286.0,501650.0,235.81312561035156,231.0,377301.0,342.09458925781246,415.44078066406246,262.19309999999996,360.50559999999996,419.50559999999996,256.50559999999996,121.84602104492188,146.73158012695313,94.73632561035157,124.92320000000001,144.9232,89.92320000000001,0mM 2DG,1h,yes,MN,2.807597542571291,2.88581784648488,2.831297668195356,2.89467524868344,2.7676089220347686,2.852496352442973
vLH92_MN_60x-1xzoom_0006_XY12_488.tif,6,1301,699,604,0.5372790161414297,230.163818359375,0.5184765515033835,233.3228302001953,229.0,303553.0,250.00497436523438,246.0,151003.0,218.9012908935547,218.0,153012.0,False,vLH92_MN_60x-1xzoom_0006_XY12_Dapi-ex_Green-em.tif,289.22674560546875,282.0,376284.0,309.8211975097656,318.0,187132.0,271.39483642578125,270.0,189705.0,87.8284302001953,104.51057436523436,73.40689089355467,83.50559999999999,100.50559999999999,72.50559999999999,148.14994560546876,168.74439750976563,130.31803642578126,140.9232,176.9232,128.9232,0mM 2DG,1h,yes,MN,0.5928347110844516,0.59256105453183,0.6193424842989889,0.568074735252358,0.5632903388270539,0.5623937351849783
vLH92_MN_60x-1xzoom_0006_XY12_488.tif,7,3260,1617,1644,0.49601226993865033,277.2458038330078,0.8310491672867681,297.6840515136719,278.0,970450.0,356.51397705078125,361.0,586109.0,237.83859252929688,236.0,384585.0,False,vLH92_MN_60x-1xzoom_0006_XY12_Dapi-ex_Green-em.tif,233.1343536376953,216.0,760018.0,269.7749328613281,260.0,443510.0,195.85467529296875,195.0,316697.0,152.18965151367186,211.01957705078124,92.34419252929686,132.5056,215.5056,90.50559999999999,92.05755363769532,128.69813286132813,54.77787529296876,74.92320000000001,118.92320000000001,53.92320000000001,0mM 2DG,1h,yes,MN,1.653201127988197,1.7685523309201951,1.639647540793418,1.8121409447441708,1.6857936171385253,1.6784167111744106
vLH92_MN_60x-1xzoom_0006_XY12_488.tif,8,3426,1582,1844,0.46176298890834794,362.3682403564453,0.8130610900727687,378.9754943847656,366.0,1298370.0,448.9251708984375,458.0,827818.0,297.44122314453125,294.0,470552.0,False,vLH92_MN_60x-1xzoom_0006_XY12_Dapi-ex_Green-em.tif,236.31407165527344,227.0,809612.0,261.5173645019531,256.0,482238.0,206.93678283691406,206.0,327374.0,233.4810943847656,303.43077089843746,151.94682314453124,220.5056,312.50559999999996,148.5056,95.23727165527345,120.44056450195313,65.85998283691407,85.92320000000001,114.92320000000001,64.92320000000001,0mM 2DG,1h,yes,MN,2.451572691308166,2.566310379501694,2.5193403248580495,2.7192559900872926,2.307119082019652,2.2874041944944175
vLH92_MN_60x-1xzoom_0006_XY12_488.tif,9,727,376,352,0.517193947730399,209.2882080078125,0.2663272517411966,210.89132690429688,210.0,153318.0,220.62783813476562,220.0,77661.0,201.6914825439453,202.0,75836.0,False,vLH92_MN_60x-1xzoom_0006_XY12_Dapi-ex_Green-em.tif,267.27923583984375,265.0,194312.0,289.3778381347656,287.0,101861.0,246.47872924804688,244.5,92676.0,65.39692690429686,75.13343813476561,56.1970825439453,64.50559999999999,74.50559999999999,56.50559999999999,126.20243583984376,148.30103813476563,105.40192924804688,123.92320000000001,145.9232,103.42320000000001,0mM 2DG,1h,yes,MN,0.5181906868048755,0.5205288436709187,0.5066278637003848,0.5105809083134141,0.5331693921056634,0.5463532360244121
vLH92_MN_60x-1xzoom_0006_XY12_488.tif,10,754,407,347,0.5397877984084881,186.57192993164062,0.677092340655023,187.1021270751953,186.0,141075.0,194.10374450683594,193.0,67354.0,181.13267517089844,182.0,73721.0,False,vLH92_MN_60x-1xzoom_0006_XY12_Dapi-ex_Green-em.tif,200.25729370117188,198.0,150994.0,202.22190856933594,199.0,70171.0,198.58230590820312,197.0,80823.0,41.6077270751953,48.609344506835924,35.638275170898424,40.50559999999999,47.50559999999999,36.50559999999999,59.18049370117188,61.145108569335946,57.50550590820313,56.92320000000001,57.92320000000001,55.92320000000001,0mM 2DG,1h,yes,MN,0.703064886300051,0.7115833263063212,0.7949833706111585,0.8201480581183357,0.619736747082763,0.6527809567406726
vLH92_MN_60x-1xzoom_0006_XY12_488.tif,11,659,456,203,0.6919575113808801,232.32986450195312,0.6521143232638562,233.58724975585938,233.0,153934.0,239.0689697265625,239.0,48531.0,231.1469268798828,230.0,105403.0,False,vLH92_MN_60x-1xzoom_0006_XY12_Dapi-ex_Green-em.tif,220.0728302001953,210.0,145028.0,229.98521423339844,224.0,46687.0,215.66009521484375,204.0,98341.0,88.09284975585936,93.57456972656249,85.6525268798828,87.50559999999999,93.50559999999999,84.50559999999999,78.99603020019532,88.90841423339845,74.58329521484376,68.92320000000001,82.92320000000001,62.92320000000001,0mM 2DG,1h,yes,MN,1.1151554012601705,1.2696102328388696,1.0524827209370156,1.127616879232832,1.1484143551602695,1.3429959061204766
vLH92_MN_60x-1xzoom_0006_XY12_488.tif,12,3476,1731,1745,0.4979861910241657,252.09593200683594,0.7367878130607909,278.58258056640625,255.0,968353.0,327.2120361328125,334.0,570985.0,229.55979919433594,229.0,397368.0,False,vLH92_MN_60x-1xzoom_0006_XY12_Dapi-ex_Green-em.tif,203.54861450195312,190.0,707535.0,228.39369201660156,219.0,398547.0,178.50259399414062,178.0,308988.0,133.08818056640624,181.7176361328125,84.06539919433592,109.50559999999999,188.5056,83.50559999999999,62.47181450195313,87.31689201660157,37.42579399414063,48.92320000000001,77.92320000000001,36.92320000000001,0mM 2DG,1h,yes,MN,2.130371618423943,2.2383163815940077,2.0811280834212753,2.4191203646667483,2.246188797156773,2.261602461325128
vLH92_MN_60x-1xzoom_0006_XY12_488.tif,13,1023,532,491,0.520039100684262,190.43997192382812,0.6799831281982354,192.9540557861328,190.0,197392.0,203.5743408203125,202.0,99955.0,183.15225219726562,183.0,97437.0,False,vLH92_MN_60x-1xzoom_0006_XY12_Dapi-ex_Green-em.tif,254.78201293945312,246.0,260642.0,295.8900146484375,289.0,145282.0,216.84210205078125,214.0,115360.0,47.4596557861328,58.07994082031249,37.65785219726561,44.50559999999999,56.50559999999999,37.50559999999999,113.70521293945313,154.8132146484375,75.76530205078126,104.92320000000001,147.9232,72.92320000000001,0mM 2DG,1h,yes,MN,0.4173920839619251,0.4241731094743582,0.37516139014492506,0.3819928178946912,0.4970329580686638,0.5143164315334486
vLH92_MN_60x-1xzoom_0006_XY13_488.tif,1,4164,1934,2230,0.4644572526416907,360.33058166503906,0.5677650775824541,356.0864562988281,363.0,1482744.0,416.33587646484375,415.0,928429.0,286.6158142089844,281.0,554315.0,False,vLH92_MN_60x-1xzoom_0006_XY13_Dapi-ex_Green-em.tif,231.2915496826172,218.0,963098.0,265.92108154296875,251.0,593004.0,191.3619384765625,190.0,370094.0,211.69765629882812,271.94707646484375,142.22701420898437,218.6112,270.6112,136.6112,90.5443496826172,125.17388154296876,50.61473847656251,77.25280000000001,110.25280000000001,49.25280000000001,0mM 2DG,1h,yes,MN,2.3380548542331634,2.8298158772238673,2.1725544747247594,2.4544610204910895,2.8099920791815123,2.7736737809830094
vLH92_MN_60x-1xzoom_0006_XY13_488.tif,2,3987,1983,2004,0.49736644093303234,711.9411010742188,0.24232551674291525,809.7083129882812,730.0,3228307.0,1038.0489501953125,1052.5,2080250.0,578.9495849609375,574.0,1148057.0,False,vLH92_MN_60x-1xzoom_0006_XY13_Dapi-ex_Green-em.tif,297.3747253417969,283.0,1185633.0,346.0379333496094,342.0,693460.0,248.1961669921875,244.0,492173.0,665.3195129882813,893.6601501953126,434.5607849609375,585.6112,908.1112,429.6112,156.62752534179688,205.29073334960938,107.44896699218751,142.2528,201.2528,103.25280000000001,0mM 2DG,1h,yes,MN,4.247781553953578,4.116693660862914,4.35314412693637,4.512291009118879,4.044345861347685,4.1607704585250955
vLH92_MN_60x-1xzoom_0006_XY13_488.tif,3,2503,1316,1187,0.525769077107471,540.5262451171875,0.3613659373157455,514.029541015625,537.0,1286616.0,591.519775390625,576.0,702134.0,444.13525390625,473.0,584482.0,False,vLH92_MN_60x-1xzoom_0006_XY13_Dapi-ex_Green-em.tif,271.207763671875,261.0,678833.0,289.2291564941406,273.0,343315.0,254.952880859375,249.0,335518.0,369.640741015625,447.130975390625,299.74645390625,392.6112,431.6112,328.6112,130.460563671875,148.48195649414063,114.20568085937501,120.25280000000001,132.2528,108.25280000000001,0mM 2DG,1h,yes,MN,2.83335232204974,3.264881981958008,3.0113488934816774,3.2635316605773186,2.6246194729606933,3.035590765319696
vLH92_MN_60x-1xzoom_0006_XY13_488.tif,4,4541,1856,2685,0.4087205461352125,318.2862854003906,0.808149711279843,333.34661865234375,316.0,1513727.0,380.5966491699219,390.0,1021902.0,264.9919128417969,263.0,491825.0,False,vLH92_MN_60x-1xzoom_0006_XY13_Dapi-ex_Green-em.tif,212.166259765625,202.0,963447.0,234.49087524414062,226.0,629608.0,179.87014770507812,179.0,333839.0,188.95781865234375,236.20784916992187,120.60311284179687,171.6112,245.6112,118.6112,71.41905976562501,93.74367524414063,39.12294770507813,61.25280000000001,85.25280000000001,38.25280000000001,0mM 2DG,1h,yes,MN,2.64576177945277,2.801687433064284,2.519720381719148,2.8809751703169866,3.082669377342001,3.100719424460431
vLH92_MN_60x-1xzoom_0006_XY13_488.tif,5,1518,712,806,0.46903820816864294,225.53875732421875,0.7210130150499786,250.2648162841797,224.0,379902.0,290.1141357421875,256.0,233832.0,205.1544952392578,204.0,146070.0,False,vLH92_MN_60x-1xzoom_0006_XY13_Dapi-ex_Green-em.tif,295.3504638671875,278.0,448342.0,325.2332458496094,319.5,262138.0,261.5224609375,256.0,186204.0,105.87601628417968,145.7253357421875,60.76569523925781,79.6112,111.6112,59.6112,154.6032638671875,184.48604584960938,120.77526093750001,137.2528,178.7528,115.25280000000001,0mM 2DG,1h,yes,MN,0.6848239399081048,0.5800333399391487,0.7898989599515883,0.6243885410466297,0.5031303163211831,0.5172212735829411
vLH92_MN_60x-1xzoom_0006_XY14_488.tif,1,997,503,494,0.5045135406218656,206.1436309814453,0.7284030671899241,207.95286560058594,206.0,207329.0,223.23077392578125,220.0,110276.0,192.94830322265625,193.0,97053.0,False,vLH92_MN_60x-1xzoom_0006_XY14_Dapi-ex_Green-em.tif,281.53961181640625,273.0,280695.0,326.40484619140625,314.0,161244.0,237.47714233398438,237.0,119451.0,64.66486560058596,79.94277392578127,49.66030322265627,62.71200000000002,76.71200000000002,49.71200000000002,141.37481181640624,186.24004619140624,97.31234233398436,132.8352,173.8352,96.83519999999999,0mM 2DG,1h,yes,MN,0.457400188688221,0.47210377972103795,0.4292458875553592,0.4412915220852855,0.5103186505594308,0.5133670400845975
vLH92_MN_60x-1xzoom_0006_XY14_488.tif,2,1519,783,736,0.5154707044107966,254.08065795898438,0.6661001883859421,267.1507568359375,253.0,405802.0,304.96331787109375,292.5,224453.0,231.60792541503906,229.0,181349.0,False,vLH92_MN_60x-1xzoom_0006_XY14_Dapi-ex_Green-em.tif,344.5306091308594,327.0,523342.0,377.98504638671875,386.0,278197.0,313.08428955078125,308.0,245145.0,123.86275683593752,161.67531787109377,88.31992541503908,109.71200000000002,149.21200000000002,85.71200000000002,204.36580913085936,237.82024638671874,172.91948955078124,186.8352,245.8352,167.8352,0mM 2DG,1h,yes,MN,0.6060835585106401,0.5872126879731444,0.6798215052228734,0.606959459019701,0.5107574955517213,0.5106914401746476
vLH92_MN_60x-1xzoom_0006_XY14_488.tif,3,1603,870,733,0.5427323767935122,245.99884033203125,0.3739061003125334,267.2314453125,245.0,428372.0,320.45428466796875,279.0,234893.0,222.3896484375,221.0,193479.0,False,vLH92_MN_60x-1xzoom_0006_XY14_Dapi-ex_Green-em.tif,273.8708801269531,273.0,439015.0,292.7366943359375,284.0,214576.0,257.9758605957031,259.0,224439.0,123.94344531250002,177.16628466796877,79.10164843750002,101.71200000000002,135.71200000000002,77.71200000000002,133.7060801269531,152.5718943359375,117.81106059570311,132.8352,143.8352,118.83519999999999,0mM 2DG,1h,yes,MN,0.9269843614801696,0.7657006576570068,1.1611986954679778,0.9435242555368925,0.671428030929594,0.6539476518741923
vLH92_MN_60x-1xzoom_0006_XY14_488.tif,4,2521,1357,1164,0.5382784609282031,299.8771057128906,0.5434639294654648,325.25347900390625,304.0,819964.0,368.16839599609375,347.0,428548.0,288.442138671875,287.0,391416.0,False,vLH92_MN_60x-1xzoom_0006_XY14_Dapi-ex_Green-em.tif,216.1527099609375,210.0,544921.0,230.81356811523438,223.0,268667.0,203.57701110839844,203.0,276254.0,181.96547900390627,224.88039599609377,145.15413867187502,160.71200000000002,203.71200000000002,143.71200000000002,75.98790996093749,90.64876811523436,63.412211108398424,69.83519999999999,82.83519999999999,62.835199999999986,0mM 2DG,1h,yes,MN,2.394663560261729,2.301303640570945,2.480788218878184,2.459244379201113,2.289056573405789,2.2871256875127326
vLH92_MN_60x-1xzoom_0006_XY14_488.tif,5,1977,1142,835,0.5776428932726353,227.40550231933594,0.6476820647862945,238.61204528808594,230.0,471736.0,260.6910095214844,247.0,217677.0,222.46847534179688,222.0,254059.0,False,vLH92_MN_60x-1xzoom_0006_XY14_Dapi-ex_Green-em.tif,226.43399047851562,213.0,447660.0,252.21078491210938,228.0,210596.0,207.58668518066406,208.0,237064.0,95.32404528808596,117.40300952148439,79.18047534179689,86.71200000000002,103.71200000000002,78.71200000000002,86.26919047851561,112.04598491210936,67.42188518066405,72.83519999999999,87.83519999999999,67.83519999999999,0mM 2DG,1h,yes,MN,1.1049604703526847,1.1905232634770007,1.0478109466713794,1.1807566898009003,1.1744031649311564,1.1603415335990759
vLH92_MN_60x-1xzoom_0006_XY14_488.tif,6,5025,1993,3032,0.3966169154228856,271.48858642578125,0.579074609516191,273.3381042480469,272.0,1373524.0,300.6141052246094,308.0,911462.0,231.8424530029297,225.0,462062.0,False,vLH92_MN_60x-1xzoom_0006_XY14_Dapi-ex_Green-em.tif,269.1080627441406,260.0,1352268.0,295.4139099121094,298.5,895695.0,229.0883026123047,224.0,456573.0,130.0501042480469,157.3261052246094,88.5544530029297,128.71200000000002,164.71200000000002,81.71200000000002,128.9432627441406,155.24910991210936,88.92350261230467,119.83519999999999,158.3352,83.83519999999999,0mM 2DG,1h,yes,MN,1.008583942118035,1.0740750630866394,1.0133784684090998,1.0402740515059192,0.9958498079975102,0.9746741225642693
vLH92_MN_60x-1xzoom_0006_XY15_488.tif,1,1483,761,722,0.5131490222521915,207.9167022705078,0.5741862210025809,219.60755920410156,209.0,325678.0,239.67173767089844,226.0,173043.0,200.5716094970703,200.0,152635.0,False,vLH92_MN_60x-1xzoom_0006_XY15_Dapi-ex_Green-em.tif,191.10519409179688,190.0,283409.0,198.84349060058594,197.0,143565.0,183.7634735107422,184.0,139844.0,73.69875920410155,93.76293767089842,54.6628094970703,63.091199999999986,80.09119999999999,54.091199999999986,48.519594091796876,56.25789060058594,41.17787351074219,47.4144,54.4144,41.4144,0mM 2DG,1h,yes,MN,1.5189483874219316,1.3306337315245997,1.6666628746638763,1.4718750918874413,1.3274801449572247,1.306096430227167
vLH92_MN_60x-1xzoom_0006_XY15_488.tif,2,1634,784,850,0.47980416156670747,292.5866241455078,0.29454649173377406,291.775390625,291.0,476761.0,303.7411804199219,303.0,258180.0,278.80230712890625,280.0,218581.0,False,vLH92_MN_60x-1xzoom_0006_XY15_Dapi-ex_Green-em.tif,244.9277801513672,241.0,400212.0,247.50234985351562,242.0,210377.0,242.136474609375,239.0,189835.0,145.866590625,157.83238041992186,132.89350712890624,145.0912,157.0912,134.0912,102.34218015136719,104.91674985351563,99.550874609375,98.4144,99.4144,96.4144,0mM 2DG,1h,yes,MN,1.4252832059006255,1.4742883155310604,1.504358271108158,1.5801654488685741,1.3349305834867198,1.3907798005277219
vLH92_MN_60x-1xzoom_0006_XY15_488.tif,3,1540,778,762,0.5051948051948052,338.3777618408203,0.4887126291523225,360.1954650878906,342.0,554701.0,398.23358154296875,383.5,303454.0,322.9395751953125,324.0,251247.0,False,vLH92_MN_60x-1xzoom_0006_XY15_Dapi-ex_Green-em.tif,239.47727966308594,239.0,368795.0,245.96981811523438,246.0,187429.0,233.11825561523438,233.0,181366.0,214.2866650878906,252.32478154296874,177.0307751953125,196.0912,237.5912,178.0912,96.89167966308594,103.38421811523438,90.53265561523438,96.4144,103.4144,90.4144,0mM 2DG,1h,yes,MN,2.211610592705311,2.0338372691216247,2.440650866670209,2.2974672772844014,1.9554355717532121,1.969721637261321
vLH92_MN_60x-1xzoom_0006_XY15_488.tif,4,2276,1243,1033,0.5461335676625659,351.2911376953125,0.28441336976034165,349.06591796875,350.0,794474.0,366.2245788574219,365.0,378310.0,334.8061218261719,336.0,416164.0,False,vLH92_MN_60x-1xzoom_0006_XY15_Dapi-ex_Green-em.tif,269.765380859375,264.0,613986.0,280.92254638671875,273.0,290193.0,260.4931640625,258.0,323793.0,203.15711796875,220.31577885742186,188.89732182617186,204.0912,219.0912,190.0912,127.179780859375,138.33694638671875,117.9075640625,121.4144,130.4144,115.4144,0mM 2DG,1h,yes,MN,1.5974010695409557,1.6809472352538084,1.592602588187342,1.6799617220184273,1.6020797590733185,1.6470319128289017
vLH92_MN_60x-1xzoom_0006_XY15_488.tif,5,2547,1414,1133,0.5551629367883785,384.2175598144531,0.2319037964268308,391.5158996582031,384.0,997191.0,419.7705078125,409.0,475600.0,368.8762512207031,370.0,521591.0,False,vLH92_MN_60x-1xzoom_0006_XY15_Dapi-ex_Green-em.tif,326.97174072265625,306.0,832797.0,349.7458190917969,313.0,396262.0,308.7234802246094,300.0,436535.0,245.6070996582031,273.86170781249996,222.9674512207031,238.0912,263.09119999999996,224.0912,184.38614072265625,207.16021909179688,166.13788022460938,163.4144,170.4144,157.4144,0mM 2DG,1h,yes,MN,1.3320258165586976,1.4569780876103942,1.3219801997368341,1.5438319766404713,1.3420626946682073,1.4235749715400878
vLH92_MN_60x-1xzoom_0006_XY15_488.tif,6,4854,2138,2716,0.4404614750721055,631.4524536132812,0.5165310202882186,734.3343505859375,634.0,3564459.0,904.2080078125,969.5,2455829.0,518.5360107421875,503.0,1108630.0,False,vLH92_MN_60x-1xzoom_0006_XY15_Dapi-ex_Green-em.tif,298.87103271484375,281.0,1450720.0,341.8873291015625,345.0,928566.0,244.22544860839844,241.0,522154.0,588.4255505859375,758.2992078125,372.62721074218746,488.09119999999996,823.5912,357.09119999999996,156.28543271484375,199.3017291015625,101.63984860839844,138.4144,202.4144,98.4144,0mM 2DG,1h,yes,MN,3.765069721242482,3.526303621588505,3.8047798743686614,4.0688369997391485,3.6661527525277866,3.6284446178608003
vLH92_MN_60x-1xzoom_0006_XY15_488.tif,7,2115,1044,1071,0.49361702127659574,405.6130065917969,0.5882597688113149,409.1640625,401.0,865382.0,453.9197082519531,445.0,486148.0,363.2509460449219,363.0,379234.0,False,vLH92_MN_60x-1xzoom_0006_XY15_Dapi-ex_Green-em.tif,265.7768249511719,261.0,562118.0,277.8945007324219,271.0,297625.0,253.3457794189453,250.0,264493.0,263.25526249999996,308.0109082519531,217.34214604492186,255.0912,299.09119999999996,217.0912,123.19122495117188,135.30890073242188,110.76017941894531,118.4144,128.4144,107.4144,0mM 2DG,1h,yes,MN,2.1369644031410835,2.1542244862111364,2.2763536366395845,2.3291095079679534,1.962276940910642,2.021062352906128
vLH92_MN_60x-1xzoom_0006_XY15_488.tif,8,1899,915,984,0.48183254344391785,548.4635620117188,0.6078250138306066,543.3643798828125,544.0,1031849.0,587.4014282226562,579.0,578003.0,496.0065612792969,503.0,453846.0,False,vLH92_MN_60x-1xzoom_0006_XY15_Dapi-ex_Green-em.tif,353.4212646484375,338.0,671147.0,382.7154541015625,363.0,376592.0,321.91802978515625,318.0,294555.0,397.45557988281246,441.4926282226562,350.09776127929683,398.09119999999996,433.09119999999996,357.09119999999996,210.8356646484375,240.1298541015625,179.33242978515625,195.4144,220.4144,175.4144,0mM 2DG,1h,yes,MN,1.8851439605607447,2.037164098449244,1.8385578497704316,1.964895215557604,1.9522278357501808,2.0357006038272796
vLH92_MN_60x-1xzoom_0006_XY15_488.tif,9,2033,1188,845,0.5843580914904083,338.2244873046875,0.2734278214628296,339.8843994140625,337.0,690985.0,356.759765625,352.0,301462.0,327.8813171386719,327.0,389523.0,False,vLH92_MN_60x-1xzoom_0006_XY15_Dapi-ex_Green-em.tif,271.8809509277344,257.0,552734.0,284.9017639160156,265.0,240742.0,262.6195373535156,253.0,311992.0,193.9755994140625,210.850965625,181.97251713867186,191.0912,206.0912,181.0912,129.29535092773438,142.31616391601563,120.03393735351563,114.4144,122.4144,110.4144,0mM 2DG,1h,yes,MN,1.5002519272520412,1.6701673915171515,1.4815672360971484,1.6835535688611796,1.5160088984062818,1.6401049138518162
vLH92_MN_60x-1xzoom_0006_XY15_488.tif,10,3361,1610,1751,0.479024099970247,431.740966796875,0.7444628176650252,479.5653076171875,433.0,1611819.0,579.4197387695312,589.0,1014564.0,370.9658508300781,369.0,597255.0,False,vLH92_MN_60x-1xzoom_0006_XY15_Dapi-ex_Green-em.tif,258.86700439453125,242.0,870052.0,296.0748291015625,295.0,518427.0,218.40061950683594,219.0,351625.0,333.65650761718746,433.5109387695312,225.0570508300781,287.09119999999996,443.09119999999996,223.0912,116.28140439453125,153.4892291015625,75.81501950683594,99.4144,152.4144,76.4144,0mM 2DG,1h,yes,MN,2.869388354522483,2.8878230920269092,2.824373679554288,2.9071478810401112,2.968502181942796,2.9194916141460245
vLH92_MN_60x-1xzoom_0006_XY15_488.tif,11,2015,1033,982,0.5126550868486353,251.893310546875,0.6696304942194939,258.69378662109375,252.0,521268.0,278.4216003417969,272.0,273410.0,239.9399871826172,240.0,247858.0,False,vLH92_MN_60x-1xzoom_0006_XY15_Dapi-ex_Green-em.tif,207.3409423828125,202.0,417792.0,219.4572296142578,212.0,215507.0,195.82284545898438,195.0,202285.0,112.78498662109374,132.51280034179686,94.03118718261717,106.09119999999999,126.09119999999999,94.09119999999999,64.7553423828125,76.87162961425781,53.237245458984376,59.4144,69.4144,52.4144,0mM 2DG,1h,yes,MN,1.7417093705465352,1.785614261862444,1.723819320687576,1.8164991702009956,1.766266950363946,1.7951402667969105
vLH92_MN_60x-1xzoom_0006_XY15_488.tif,12,1122,0,1122,0.0,1044.2410278320312,,983.4447631835938,1047.0,1103425.0,983.4447631835938,1047.0,1103425.0,,,,True,vLH92_MN_60x-1xzoom_0006_XY15_Dapi-ex_Green-em.tif,352.3778991699219,348.0,395368.0,352.3778991699219,348.0,395368.0,,,,837.5359631835937,837.5359631835937,,901.0912,901.0912,,209.79229916992188,209.79229916992188,,205.4144,205.4144,,0mM 2DG,1h,yes,MN,3.9922149978690546,4.3866992771684945,3.9922149978690546,4.3866992771684945,,
vLH92_MN_60x-1xzoom_0006_XY15_488.tif,13,3492,1742,1750,0.4988545246277205,434.3974914550781,0.7376556883578028,452.1984558105469,434.0,1579077.0,532.2302856445312,530.0,931403.0,371.799072265625,369.0,647674.0,False,vLH92_MN_60x-1xzoom_0006_XY15_Dapi-ex_Green-em.tif,257.69989013671875,246.0,899888.0,288.21429443359375,277.0,504375.0,227.04534912109375,226.0,395513.0,306.28965581054683,386.3214856445312,225.890272265625,288.09119999999996,384.09119999999996,223.0912,115.11429013671875,145.62869443359375,84.45974912109375,103.4144,134.4144,83.4144,0mM 2DG,1h,yes,MN,2.6607439914434017,2.785793854627595,2.6527841037584294,2.857515266221476,2.6745316510679653,2.6744926535466296
vLH92_MN_60x-1xzoom_0006_XY15_488.tif,14,4864,2378,2486,0.4888980263157895,367.9297637939453,0.42605835439771544,367.2193603515625,367.0,1786155.0,431.8700866699219,428.0,1073629.0,299.6324768066406,294.0,712526.0,False,vLH92_MN_60x-1xzoom_0006_XY15_Dapi-ex_Green-em.tif,246.33470153808594,239.0,1198172.0,277.0144958496094,271.0,688658.0,214.26156616210938,212.0,509514.0,221.3105603515625,285.96128666992183,153.7236768066406,221.0912,282.09119999999996,148.0912,103.74910153808594,134.42889584960938,71.67596616210938,96.4144,128.4144,69.4144,0mM 2DG,1h,yes,MN,2.133132307370586,2.293134635490134,2.1272307926253995,2.1967256008671923,2.144703239283362,2.133436289876452
vLH92_MN_60x-1xzoom_0006_XY15_488.tif,15,3186,1609,1577,0.5050219711236661,410.34234619140625,0.6060632885338018,452.7193908691406,414.5,1442364.0,533.9993896484375,520.0,842117.0,373.0559387207031,376.0,600247.0,False,vLH92_MN_60x-1xzoom_0006_XY15_Dapi-ex_Green-em.tif,231.93597412109375,225.0,738948.0,251.1020965576172,246.0,395988.0,213.15103149414062,213.0,342960.0,306.8105908691406,388.09058964843746,227.1471387207031,268.59119999999996,374.09119999999996,230.0912,89.35037412109375,108.51649655761719,70.56543149414063,82.4144,103.4144,70.4144,0mM 2DG,1h,yes,MN,3.4337918994421877,3.259032402104486,3.5763280419063244,3.6173995110932324,3.218957695165007,3.2676725215296867
vLH92_MN_60x-1xzoom_0006_XY15_488.tif,16,1308,705,603,0.5389908256880734,253.54224395751953,0.7369941057285619,258.09710693359375,255.0,337591.0,270.99005126953125,268.0,163407.0,247.0695037841797,247.0,174184.0,False,vLH92_MN_60x-1xzoom_0006_XY15_Dapi-ex_Green-em.tif,201.44496154785156,200.0,263490.0,206.04312133789062,204.0,124244.0,197.51205444335938,198.0,139246.0,112.18830693359374,125.08125126953124,101.16070378417967,109.09119999999999,122.09119999999999,101.09119999999999,58.85936154785156,63.457521337890626,54.926454443359376,57.4144,61.4144,55.4144,0mM 2DG,1h,yes,MN,1.9060401605339659,1.9000668821759,1.9711020637492966,1.9879897874114212,1.8417482943214085,1.8242767222960095
vLH92_MN_60x-1xzoom_0006_XY16_488.tif,1,1521,813,708,0.534516765285996,308.88323974609375,0.5970499439464836,320.2386474609375,314.0,487083.0,342.9562072753906,336.0,242813.0,300.4551086425781,300.0,244270.0,False,vLH92_MN_60x-1xzoom_0006_XY16_Dapi-ex_Green-em.tif,210.00985717773438,208.0,319425.0,217.51271057128906,216.0,153999.0,203.47601318359375,204.0,165426.0,174.0930474609375,196.81060727539062,154.30950864257812,167.8544,189.8544,153.8544,67.94425717773439,75.44711057128907,61.41041318359376,65.93440000000001,73.93440000000001,61.93440000000001,0mM 2DG,1h,yes,MN,2.562292306846921,2.5457788347205703,2.608590385836269,2.5678763877166784,2.5127580265785125,2.484150972642021
vLH92_MN_60x-1xzoom_0006_XY16_488.tif,2,3592,1932,1660,0.5378619153674833,498.30320739746094,0.30805173873875746,498.59185791015625,496.0,1790942.0,558.1078491210938,543.5,926459.0,447.4549560546875,456.0,864483.0,False,vLH92_MN_60x-1xzoom_0006_XY16_Dapi-ex_Green-em.tif,313.6987609863281,299.0,1126806.0,351.2765197753906,326.0,583119.0,281.4114990234375,277.0,543687.0,352.44625791015625,411.96224912109375,301.3093560546875,349.8544,397.3544,309.8544,171.63316098632814,209.21091977539064,139.3458990234375,156.9344,183.9344,134.9344,0mM 2DG,1h,yes,MN,2.053485794264613,2.2293034541821295,1.9691240283412426,2.16030497829661,2.1623123333109953,2.2963336258211395
vLH92_MN_60x-1xzoom_0006_XY16_488.tif,3,1578,844,734,0.5348542458808618,472.77587890625,0.3110607412329254,477.7984924316406,472.0,753966.0,559.7398071289062,547.0,410849.0,406.5367431640625,410.0,343117.0,False,vLH92_MN_60x-1xzoom_0006_XY16_Dapi-ex_Green-em.tif,352.7921447753906,346.0,556706.0,400.0994567871094,400.0,293673.0,311.6504821777344,311.0,263033.0,331.6528924316406,413.59420712890625,260.3911431640625,325.8544,400.8544,263.8544,210.72654477539064,258.03385678710936,169.58488217773439,203.9344,257.9344,168.9344,0mM 2DG,1h,yes,MN,1.5738543655482182,1.597839305188335,1.6028679812748055,1.5540943743835642,1.5354620047508605,1.56187490528868
vLH92_MN_60x-1xzoom_0006_XY16_488.tif,4,4490,1919,2571,0.42739420935412026,303.23614501953125,0.7313837308571969,292.5122375488281,298.0,1313380.0,322.8455810546875,322.0,830036.0,251.8728485107422,248.0,483344.0,False,vLH92_MN_60x-1xzoom_0006_XY16_Dapi-ex_Green-em.tif,226.77593994140625,220.0,1018224.0,244.69583129882812,237.0,629113.0,202.76759338378906,201.0,389111.0,146.36663754882812,176.6999810546875,105.72724851074219,151.8544,175.8544,101.8544,84.71033994140626,102.63023129882814,60.70199338378907,77.93440000000001,94.93440000000001,58.93440000000001,0mM 2DG,1h,yes,MN,1.7278485442281217,1.9484900121127509,1.7217147308203047,1.8523780631678293,1.74174261201408,1.7282673616767115
vLH92_MN_60x-1xzoom_0006_XY16_488.tif,5,2550,0,2550,0.0,970.5892333984375,,898.4125366210938,971.5,2290952.0,898.4125366210938,971.5,2290952.0,,,,True,vLH92_MN_60x-1xzoom_0006_XY16_Dapi-ex_Green-em.tif,370.088623046875,389.0,943726.0,370.088623046875,389.0,943726.0,,,,752.2669366210937,752.2669366210937,,825.3543999999999,825.3543999999999,,228.023023046875,228.023023046875,,246.9344,246.9344,,0mM 2DG,1h,yes,MN,3.2990832529505107,3.342403488537846,3.2990832529505107,3.342403488537846,,
vLH92_MN_60x-1xzoom_0006_XY16_488.tif,6,1772,937,836,0.5287810383747178,369.4907531738281,0.48733959928932125,392.70654296875,375.0,695876.0,437.5167541503906,435.0,365764.0,352.6147155761719,353.0,330400.0,False,vLH92_MN_60x-1xzoom_0006_XY16_Dapi-ex_Green-em.tif,335.6495361328125,305.0,594771.0,370.0538330078125,340.0,309365.0,304.8644714355469,289.0,285658.0,246.56094296875,291.3711541503906,206.46911557617187,228.8544,288.8544,206.8544,193.5839361328125,227.9882330078125,162.79887143554689,162.9344,197.9344,146.9344,0mM 2DG,1h,yes,MN,1.273664271396938,1.4045800027495727,1.2780096161384178,1.4593441059260037,1.2682466024214076,1.4078010322974062
vLH92_MN_60x-1xzoom_0006_XY16_488.tif,7,4093,1791,2302,0.4375763498656242,540.9888305664062,0.7145053426495579,520.6066284179688,535.0,2130843.0,592.5829467773438,583.0,1364126.0,428.0943603515625,417.0,766717.0,False,vLH92_MN_60x-1xzoom_0006_XY16_Dapi-ex_Green-em.tif,304.3906555175781,300.0,1245871.0,336.15118408203125,326.0,773820.0,263.5683898925781,256.0,472051.0,374.46102841796875,446.43734677734375,281.9487603515625,388.8544,436.8544,270.8544,162.32505551757814,194.08558408203126,121.50278989257814,157.9344,183.9344,113.93440000000001,0mM 2DG,1h,yes,MN,2.3068590811442444,2.462126047270259,2.300208688290083,2.375055454553362,2.3205126450251576,2.3772837703099325
vLH92_MN_60x-1xzoom_0006_XY16_488.tif,8,3660,1447,2213,0.3953551912568306,480.0540008544922,0.7413758862795145,514.7276000976562,482.0,1883903.0,564.9443969726562,567.0,1250222.0,437.92742919921875,438.0,633681.0,False,vLH92_MN_60x-1xzoom_0006_XY16_Dapi-ex_Green-em.tif,405.3562927246094,379.0,1483604.0,439.3533630371094,436.0,972289.0,353.36212158203125,353.0,511315.0,368.58200009765625,418.79879697265625,291.78182919921875,335.8544,420.8544,291.8544,263.29069272460936,297.28776303710936,211.29652158203126,236.9344,293.9344,210.9344,0mM 2DG,1h,yes,MN,1.3999051629340238,1.4174995272953188,1.408732040277013,1.4317970268195896,1.3809116544587356,1.3836263786276681
vLH92_MN_60x-1xzoom_0006_XY16_488.tif,9,3435,1756,1680,0.5112081513828238,477.9740295410156,0.46593712845641216,542.2241821289062,476.0,1862540.0,687.298828125,712.5,1154662.0,403.3217468261719,400.0,708233.0,False,vLH92_MN_60x-1xzoom_0006_XY16_Dapi-ex_Green-em.tif,260.73565673828125,242.0,895627.0,306.2386779785156,301.0,514481.0,217.17825317382812,216.0,381365.0,396.07858212890625,541.1532281249999,257.1761468261719,329.8544,566.3543999999999,253.8544,118.67005673828126,164.17307797851564,75.11265317382814,99.93440000000001,158.9344,73.93440000000001,0mM 2DG,1h,yes,MN,3.337645510715737,3.300709265278022,3.296236111232668,3.563447560754625,3.4238724896457393,3.433508623861152
vLH92_MN_60x-1xzoom_0006_XY16_488.tif,10,3268,1565,1703,0.4788861689106487,665.7379150390625,0.31536069634395775,641.7166748046875,668.0,2097130.0,729.6529541015625,733.0,1242599.0,546.0261840820312,539.0,854531.0,False,vLH92_MN_60x-1xzoom_0006_XY16_Dapi-ex_Green-em.tif,300.0076599121094,293.0,980425.0,335.4356994628906,329.0,571247.0,261.4555969238281,258.0,409178.0,495.5710748046875,583.5073541015624,399.88058408203125,521.8543999999999,586.8543999999999,392.8544,157.94205991210939,193.37009946289064,119.38999692382814,150.9344,186.9344,115.93440000000001,0mM 2DG,1h,yes,MN,3.1376764053885315,3.457491466491402,3.0175676369941695,3.139360117773935,3.3493642213355495,3.388592169364744
vLH92_MN_60x-1xzoom_0006_XY16_488.tif,11,1243,560,683,0.4505229283990346,477.9246826171875,0.3807310210096472,482.8736877441406,477.0,600212.0,556.2181396484375,548.0,379897.0,393.4196472167969,393.0,220315.0,False,vLH92_MN_60x-1xzoom_0006_XY16_Dapi-ex_Green-em.tif,239.36846923828125,238.0,297535.0,253.45095825195312,251.0,173107.0,222.19285583496094,220.0,124428.0,336.7280877441406,410.0725396484375,247.27404721679687,330.8544,401.8544,246.8544,97.30286923828126,111.38535825195314,80.12725583496095,95.93440000000001,108.93440000000001,77.93440000000001,0mM 2DG,1h,yes,MN,3.4606182775508927,3.448756650377758,3.6815659264735263,3.688957758063568,3.086016669859631,3.1674639183723743
vLH92_MN_60x-1xzoom_0006_XY17_488.tif,1,5148,2415,2733,0.46911421911421913,634.0560607910156,0.6205886638829761,647.66357421875,640.0,3334172.0,758.56640625,773.0,2073162.0,522.1573486328125,519.0,1261010.0,False,vLH92_MN_60x-1xzoom_0006_XY17_Dapi-ex_Green-em.tif,273.9269714355469,268.0,1410176.0,306.05889892578125,302.0,836459.0,237.56398010253906,237.0,573717.0,502.92597421875,613.8288062500001,377.4197486328125,495.2624,628.2624000000001,374.2624,133.08537143554688,165.21729892578125,96.72238010253906,127.1584,161.1584,96.1584,0mM 2DG,1h,yes,MN,3.778972615801855,3.8948461131942524,3.7152816941145104,3.8984154719828448,3.902093271822876,3.8921446280304166
vLH92_MN_60x-1xzoom_0006_XY17_488.tif,2,3988,1971,2017,0.49423269809428283,593.7412109375,0.5899784151429734,621.9553833007812,608.0,2480358.0,804.3579711914062,825.0,1622390.0,435.2957763671875,418.0,857968.0,False,vLH92_MN_60x-1xzoom_0006_XY17_Dapi-ex_Green-em.tif,362.69256591796875,344.0,1446418.0,450.60882568359375,440.0,908878.0,272.7245178222656,267.0,537540.0,477.21778330078126,659.6203711914063,290.5581763671875,463.2624,680.2624000000001,273.2624,221.85096591796875,309.7672256835938,131.88291782226563,203.1584,299.15840000000003,126.1584,0mM 2DG,1h,yes,MN,2.151073723416812,2.280301479042954,2.1294065882397897,2.2739204381357836,2.2031524716397572,2.1660262019810017
vLH92_MN_60x-1xzoom_0006_XY17_488.tif,3,3397,2378,1019,0.7000294377391816,410.4849548339844,0.3619823753920823,412.4085998535156,410.0,1400952.0,450.9175720214844,451.0,459485.0,395.9070739746094,397.0,941467.0,False,vLH92_MN_60x-1xzoom_0006_XY17_Dapi-ex_Green-em.tif,268.9961853027344,259.0,913780.0,260.4445495605469,255.0,265393.0,272.66064453125,261.0,648387.0,267.67099985351564,306.1799720214844,251.1694739746094,265.2624,306.2624,252.2624,128.15458530273438,119.60294956054688,131.81904453125,118.1584,114.1584,120.1584,0mM 2DG,1h,yes,MN,2.0886572198818114,2.2449728500047397,2.559970077213574,2.682784622068985,1.9054111252874792,2.0994154382881263
vLH92_MN_60x-1xzoom_0006_XY17_488.tif,4,2580,1391,1189,0.5391472868217054,289.5150604248047,0.43743049411930884,297.5825500488281,290.0,767763.0,320.6551818847656,310.0,381259.0,277.86053466796875,279.0,386504.0,False,vLH92_MN_60x-1xzoom_0006_XY17_Dapi-ex_Green-em.tif,203.34225463867188,202.0,524623.0,211.1421356201172,209.0,251048.0,196.675048828125,196.0,273575.0,152.84495004882814,175.91758188476564,133.12293466796876,145.2624,165.2624,134.2624,62.500654638671875,70.30053562011719,55.833448828125,61.1584,68.1584,55.1584,0mM 2DG,1h,yes,MN,2.445493586146477,2.3751831310171623,2.5023647449198823,2.4246813305476658,2.3842864351397672,2.4341242675639614
vLH92_MN_60x-1xzoom_0006_XY17_488.tif,5,2440,1065,1375,0.4364754098360656,419.2354431152344,0.6634888474034585,425.4889221191406,419.0,1038193.0,492.40582275390625,489.0,677058.0,339.0939025878906,329.0,361135.0,False,vLH92_MN_60x-1xzoom_0006_XY17_Dapi-ex_Green-em.tif,251.08279418945312,243.0,612642.0,282.0116271972656,277.0,387766.0,211.1511688232422,210.0,224876.0,280.75132211914064,347.66822275390626,194.35630258789064,274.2624,344.2624,184.2624,110.24119418945313,141.17002719726563,70.30956882324219,102.1584,136.1584,69.1584,0mM 2DG,1h,yes,MN,2.546700661067407,2.6846779119485036,2.4627623133350247,2.528396338382355,2.76429376315052,2.6643531371460303
vLH92_MN_60x-1xzoom_0006_XY17_488.tif,6,4434,2085,2349,0.4702300405953992,361.8684844970703,0.5495514821078805,368.7823486328125,364.5,1635181.0,430.8199157714844,438.0,1011996.0,298.8896789550781,292.0,623185.0,False,vLH92_MN_60x-1xzoom_0006_XY17_Dapi-ex_Green-em.tif,260.73455810546875,255.0,1156097.0,295.45635986328125,290.0,694027.0,221.61630249023438,219.0,462070.0,224.0447486328125,286.0823157714844,154.15207895507814,219.7624,293.2624,147.2624,119.89295810546875,154.61475986328125,80.77470249023438,114.1584,149.1584,78.1584,0mM 2DG,1h,yes,MN,1.8687064876297603,1.925065522992614,1.8502911107869253,1.9661138762550416,1.908420262813287,1.88415320682102
vLH92_MN_60x-1xzoom_0006_XY17_488.tif,7,2761,1372,1389,0.49692140528793916,232.7952117919922,0.7290451092100557,229.7178497314453,227.0,634251.0,255.4391632080078,249.0,354805.0,203.67784118652344,202.0,279446.0,False,vLH92_MN_60x-1xzoom_0006_XY17_Dapi-ex_Green-em.tif,204.95726013183594,199.0,565887.0,227.7494659423828,219.0,316344.0,181.88265991210938,180.0,249543.0,84.98024973144533,110.70156320800783,58.94024118652345,82.26240000000001,104.26240000000001,57.262400000000014,64.11566013183594,86.90786594238281,41.041059912109375,58.1584,78.1584,39.1584,0mM 2DG,1h,yes,MN,1.3254211148525523,1.41445431786294,1.2737807102684984,1.3339884132735575,1.4361286310038215,1.4623273678189102
vLH92_MN_60x-1xzoom_0006_XY18_488.tif,1,614,342,272,0.5570032573289903,172.09583282470703,0.3271821737698323,173.97068786621094,172.0,106818.0,180.37132263183594,179.0,49061.0,168.88011169433594,168.0,57757.0,False,vLH92_MN_60x-1xzoom_0006_XY18_Dapi-ex_Green-em.tif,227.4837188720703,226.0,139675.0,245.67279052734375,245.0,66823.0,213.01754760742188,211.0,72852.0,30.487487866210927,36.88812263183593,25.396911694335927,28.51679999999999,35.51679999999999,24.51679999999999,86.85651887207032,105.04559052734376,72.39034760742189,85.37280000000001,104.37280000000001,70.37280000000001,0mM 2DG,1h,yes,MN,0.3510097832854146,0.33402676262228703,0.35116298025126347,0.34028789109806373,0.3508328462803525,0.3483846031421229
vLH92_MN_60x-1xzoom_0006_XY18_488.tif,2,435,229,206,0.5264367816091954,192.21400451660156,0.50164145833249,194.46896362304688,193.0,84594.0,205.9077606201172,203.0,42417.0,184.17904663085938,184.0,42177.0,False,vLH92_MN_60x-1xzoom_0006_XY18_Dapi-ex_Green-em.tif,260.6321716308594,259.0,113375.0,258.5631103515625,261.5,53264.0,262.4934387207031,257.0,60111.0,50.985763623046864,62.42456062011718,40.695846630859364,49.51679999999999,59.51679999999999,40.51679999999999,120.00497163085939,117.93591035156251,121.86623872070314,118.37280000000001,120.87280000000001,116.37280000000001,0mM 2DG,1h,yes,MN,0.4248637613105008,0.41831231499128163,0.5293091852518195,0.49239200217087703,0.333938645010021,0.34816383209822216
vLH92_MN_60x-1xzoom_0006_XY18_488.tif,3,643,353,290,0.5489891135303266,197.6243133544922,0.24669278996890528,199.634521484375,198.0,128365.0,210.6999969482422,208.0,61103.0,190.54391479492188,190.0,67262.0,False,vLH92_MN_60x-1xzoom_0006_XY18_Dapi-ex_Green-em.tif,276.84759521484375,280.0,178013.0,293.6620788574219,293.0,85162.0,263.03399658203125,265.0,92851.0,56.15132148437499,67.21679694824218,47.060714794921864,54.51679999999999,64.51679999999999,46.51679999999999,136.22039521484376,153.0348788574219,122.40679658203126,139.3728,152.3728,124.37280000000001,0mM 2DG,1h,yes,MN,0.41220935672528614,0.3911581025852963,0.43922534163513205,0.42341415265716703,0.38446161576807536,0.3740110377831808
vLH92_MN_60x-1xzoom_0006_XY18_488.tif,4,950,605,345,0.6368421052631579,189.19204711914062,0.5471021207061884,190.435791015625,190.0,180914.0,198.73623657226562,198.0,68564.0,185.70248413085938,186.0,112350.0,False,vLH92_MN_60x-1xzoom_0006_XY18_Dapi-ex_Green-em.tif,238.2568359375,235.0,226344.0,263.68115234375,257.0,90970.0,223.75868225097656,225.0,135374.0,46.95259101562499,55.253036572265614,42.219284130859364,46.51679999999999,54.51679999999999,42.51679999999999,97.62963593750001,123.05395234375001,83.13148225097657,94.37280000000001,116.37280000000001,84.37280000000001,0mM 2DG,1h,yes,MN,0.48092559769128745,0.4929047352627026,0.4490147250038487,0.46846685823491385,0.5078615584333984,0.5039159539567252
vLH92_MN_60x-1xzoom_0006_XY18_488.tif,5,880,470,410,0.5340909090909091,205.5695343017578,0.3718763308457515,228.9977264404297,207.0,201518.0,267.4780578613281,247.0,109666.0,195.42979431152344,194.0,91852.0,False,vLH92_MN_60x-1xzoom_0006_XY18_Dapi-ex_Green-em.tif,266.59771728515625,251.0,234606.0,287.6438903808594,260.0,117934.0,248.23829650878906,244.0,116672.0,85.51452644042968,123.99485786132811,51.94659431152343,63.51679999999999,103.51679999999999,50.51679999999999,125.97051728515626,147.0166903808594,107.61109650878907,110.37280000000001,119.37280000000001,103.37280000000001,0mM 2DG,1h,yes,MN,0.678845560718407,0.5754751170578257,0.8434066740321032,0.8671724211880761,0.4827252578666989,0.48868561168895475
vLH92_MN_60x-1xzoom_0006_XY18_488.tif,6,660,422,238,0.6393939393939394,185.5711441040039,0.49602857274392087,186.2318115234375,186.0,122913.0,191.68907165527344,191.0,45622.0,183.15402221679688,182.0,77291.0,False,vLH92_MN_60x-1xzoom_0006_XY18_Dapi-ex_Green-em.tif,224.39242553710938,224.0,148099.0,239.46218872070312,237.5,56992.0,215.89337158203125,217.0,91107.0,42.74861152343749,48.20587165527343,39.670822216796864,42.51679999999999,47.51679999999999,38.51679999999999,83.76522553710939,98.83498872070314,75.26617158203126,83.37280000000001,96.87280000000001,76.37280000000001,0mM 2DG,1h,yes,MN,0.510338404144798,0.5099600829047362,0.4877409536768193,0.49050713925890427,0.5270737355567546,0.504326147528963
vLH92_MN_60x-1xzoom_0006_XY18_488.tif,7,767,522,245,0.6805736636245111,191.60284423828125,0.6107012717002417,192.44198608398438,191.0,147603.0,199.9469451904297,197.0,48987.0,188.91954040527344,188.0,98616.0,False,vLH92_MN_60x-1xzoom_0006_XY18_Dapi-ex_Green-em.tif,235.0325927734375,233.0,180270.0,247.73876953125,243.0,60696.0,229.0689697265625,228.5,119574.0,48.958786083984364,56.46374519042968,45.43634040527343,47.51679999999999,53.51679999999999,44.51679999999999,94.40539277343751,107.11156953125001,88.44176972656251,92.37280000000001,102.37280000000001,87.87280000000001,0mM 2DG,1h,yes,MN,0.5186015824485792,0.5144025080976217,0.5271488919220465,0.5227638591500866,0.513743003399299,0.5066050017752932
vLH92_MN_60x-1xzoom_0006_XY18_488.tif,8,1280,693,587,0.54140625,212.0705795288086,0.4532657326021009,222.0,212.0,284160.0,247.49574279785156,229.0,145280.0,200.40403747558594,200.0,138880.0,False,vLH92_MN_60x-1xzoom_0006_XY18_Dapi-ex_Green-em.tif,272.3359375,266.5,348590.0,301.0340576171875,300.0,176707.0,248.0274200439453,247.0,171883.0,78.51679999999999,104.01254279785155,56.92083747558593,68.51679999999999,85.51679999999999,56.51679999999999,131.7087375,160.4068576171875,107.40022004394532,125.87280000000001,159.3728,106.37280000000001,0mM 2DG,1h,yes,MN,0.5961396448735983,0.5443336447588357,0.648429526910118,0.5365834069552645,0.5299880898967938,0.5313087556217377
vLH92_MN_60x-1xzoom_0006_XY18_488.tif,9,504,189,315,0.375,211.2186508178711,0.6632534120004409,214.45436096191406,213.0,108085.0,221.62222290039062,220.0,69811.0,202.5079345703125,203.0,38274.0,False,vLH92_MN_60x-1xzoom_0006_XY18_Dapi-ex_Green-em.tif,328.0853271484375,318.0,165355.0,358.5460205078125,350.0,112942.0,277.3174743652344,279.0,52413.0,70.97116096191405,78.13902290039061,59.02473457031249,69.51679999999999,76.51679999999999,59.51679999999999,187.4581271484375,217.9188205078125,136.6902743652344,177.3728,209.3728,138.3728,0mM 2DG,1h,yes,MN,0.378597407546465,0.39192480470511815,0.35856941001380505,0.36545721316235913,0.4318137105541194,0.43011921418082155
vLH92_MN_60x-1xzoom_0006_XY18_488.tif,10,833,459,374,0.5510204081632653,191.85829162597656,0.32276141685653764,191.9879913330078,191.0,159926.0,196.00802612304688,196.0,73307.0,188.71241760253906,188.0,86619.0,False,vLH92_MN_60x-1xzoom_0006_XY18_Dapi-ex_Green-em.tif,227.9879913330078,228.0,189914.0,234.62567138671875,235.0,87750.0,222.5795135498047,222.0,102164.0,48.5047913330078,52.524826123046864,45.22921760253905,47.51679999999999,52.51679999999999,44.51679999999999,87.36079133300782,93.99847138671876,81.9523135498047,87.37280000000001,94.37280000000001,81.37280000000001,0mM 2DG,1h,yes,MN,0.5552238091355415,0.5438397304424258,0.5587838328450542,0.5564823762779104,0.5518967756175913,0.5470722403554994
vLH92_MN_60x-1xzoom_0006_XY18_488.tif,11,606,367,239,0.6056105610561056,190.4692153930664,0.6708793304417766,193.5445556640625,192.0,117288.0,204.10877990722656,203.0,48782.0,186.66485595703125,186.0,68506.0,False,vLH92_MN_60x-1xzoom_0006_XY18_Dapi-ex_Green-em.tif,269.76239013671875,265.0,163476.0,298.907958984375,295.0,71439.0,250.78201293945312,247.0,92037.0,50.06135566406249,60.62557990722655,43.18165595703124,48.51679999999999,59.51679999999999,42.51679999999999,129.13519013671876,158.280758984375,110.15481293945314,124.37280000000001,154.3728,106.37280000000001,0mM 2DG,1h,yes,MN,0.38766625589090964,0.390091724235524,0.3830255824917501,0.38553942145248377,0.39200879929564353,0.3996961629288689
vLH92_MN_60x-1xzoom_0006_XY18_488.tif,12,851,453,398,0.5323149236192715,195.6492156982422,0.4765361350778112,195.4665069580078,195.0,166342.0,202.82662963867188,201.5,80725.0,189.0,189.0,85617.0,False,vLH92_MN_60x-1xzoom_0006_XY18_Dapi-ex_Green-em.tif,243.17861938476562,244.0,206945.0,262.09295654296875,262.0,104313.0,226.56069946289062,223.0,102632.0,51.9833069580078,59.343429638671864,45.51679999999999,51.51679999999999,58.01679999999999,45.51679999999999,102.55141938476564,121.46575654296876,85.93349946289064,103.37280000000001,121.37280000000001,82.37280000000001,0mM 2DG,1h,yes,MN,0.5068999265916557,0.4983593363051014,0.4885609848210924,0.47800495662949183,0.529674693623479,0.5525707515102071
vLH92_MN_60x-1xzoom_0006_XY18_488.tif,13,825,541,284,0.6557575757575758,210.08970642089844,0.4964775722152729,211.3515167236328,211.0,174365.0,217.91197204589844,217.0,61887.0,207.90757751464844,208.0,112478.0,False,vLH92_MN_60x-1xzoom_0006_XY18_Dapi-ex_Green-em.tif,199.64120483398438,199.0,164704.0,200.57041931152344,200.0,56962.0,199.15342712402344,199.0,107742.0,67.8683167236328,74.42877204589843,64.42437751464843,67.51679999999999,73.51679999999999,64.51679999999999,59.01400483398439,59.94321931152345,58.52622712402345,58.37280000000001,59.37280000000001,58.37280000000001,0mM 2DG,1h,yes,MN,1.1500374684713734,1.1566483019488525,1.241654567451473,1.2382235636520422,1.100777902155322,1.1052545020968667
vLH92_MN_60x-1xzoom_0006_XY18_488.tif,14,2250,1171,1079,0.5204444444444445,391.9795684814453,0.6318293403584454,430.78045654296875,397.0,969256.0,492.5597839355469,455.0,531472.0,373.8548278808594,375.0,437784.0,False,vLH92_MN_60x-1xzoom_0006_XY18_Dapi-ex_Green-em.tif,229.34710693359375,222.0,516031.0,244.54217529296875,237.0,263861.0,215.34585571289062,215.0,252170.0,287.29725654296874,349.07658393554686,230.37162788085936,253.5168,311.5168,231.5168,88.71990693359376,103.91497529296876,74.71865571289064,81.37280000000001,96.37280000000001,74.37280000000001,0mM 2DG,1h,yes,MN,3.23825020193054,3.1154980534035936,3.3592519552777738,3.232414125147344,3.083187534396649,3.1129230041090286
vLH92_MN_60x-1xzoom_0006_XY18_488.tif,15,2131,1232,899,0.5781323322383858,723.7339477539062,0.16289123376035958,711.885009765625,722.0,1517027.0,753.1423950195312,753.0,677075.0,681.7792358398438,694.0,839952.0,False,vLH92_MN_60x-1xzoom_0006_XY18_Dapi-ex_Green-em.tif,317.2552795410156,312.0,676071.0,313.69744873046875,312.0,282014.0,319.8514709472656,312.0,394057.0,568.401809765625,609.6591950195312,538.2960358398437,578.5168,609.5168,550.5168,176.62807954101564,173.07024873046876,179.22427094726564,171.3728,171.3728,171.3728,0mM 2DG,1h,yes,MN,3.218071618299138,3.375779586958957,3.5226111910718116,3.5566717705493516,3.003477335936438,3.2123930985547293
vLH92_MN_60x-1xzoom_0006_XY18_488.tif,16,813,524,289,0.6445264452644527,216.3428955078125,0.33468015768879716,215.54119873046875,216.0,175235.0,222.12457275390625,222.0,64194.0,211.91030883789062,212.0,111041.0,False,vLH92_MN_60x-1xzoom_0006_XY18_Dapi-ex_Green-em.tif,290.9471130371094,295.0,236540.0,321.2664489746094,321.0,92846.0,274.2251892089844,277.0,143694.0,72.05799873046874,78.64137275390624,68.42710883789061,72.51679999999999,78.51679999999999,68.51679999999999,150.3199130371094,180.6392489746094,133.5979892089844,154.3728,180.3728,136.3728,0mM 2DG,1h,yes,MN,0.47936429229226485,0.46975114787060923,0.4353504191382021,0.4353028838050969,0.5121866672023903,0.5024227705231541
vLH92_MN_60x-1xzoom_0006_XY18_488.tif,17,4206,2118,2088,0.5035663338088445,409.7615966796875,0.36893229121861143,412.2470397949219,411.0,1733911.0,486.2887878417969,490.0,1015371.0,339.2540283203125,335.0,718540.0,False,vLH92_MN_60x-1xzoom_0006_XY18_Dapi-ex_Green-em.tif,245.89419555664062,239.0,1034231.0,267.1068115234375,259.0,557719.0,224.9820556640625,217.0,476512.0,268.76383979492186,342.80558784179686,195.7708283203125,267.5168,346.5168,191.5168,105.26699555664064,126.47961152343751,84.35485566406251,98.37280000000001,118.37280000000001,76.37280000000001,0mM 2DG,1h,yes,MN,2.5531633953617408,2.7194183758111996,2.7103624348045434,2.9273346579619637,2.3208009400188714,2.5076571763769295
vLH92_MN_60x-1xzoom_0006_XY18_488.tif,18,625,329,296,0.5264,206.88058471679688,0.31008602462595863,207.80320739746094,207.0,129877.0,214.2128448486328,214.0,63407.0,202.03646850585938,202.0,66470.0,False,vLH92_MN_60x-1xzoom_0006_XY18_Dapi-ex_Green-em.tif,252.6959991455078,252.0,157935.0,255.229736328125,258.0,75548.0,250.41641235351562,251.0,82387.0,64.32000739746093,70.7296448486328,58.553268505859364,63.51679999999999,70.51679999999999,58.51679999999999,112.06879914550782,114.60253632812501,109.78921235351564,111.37280000000001,117.37280000000001,110.37280000000001,0mM 2DG,1h,yes,MN,0.5739332257317146,0.5703080105734971,0.6171734685358337,0.6007933695029852,0.5333244246012153,0.5301741008654305
vLH92_MN_60x-1xzoom_0006_XY18_488.tif,19,534,341,193,0.6385767790262172,177.49594116210938,0.8699432125044827,177.79776000976562,177.0,94944.0,180.83937072753906,179.0,34902.0,176.0762481689453,176.0,60042.0,False,vLH92_MN_60x-1xzoom_0006_XY18_Dapi-ex_Green-em.tif,192.19288635253906,191.0,102631.0,196.4456024169922,193.0,37914.0,189.78591918945312,190.0,64717.0,34.314560009765614,37.35617072753905,32.5930481689453,33.51679999999999,35.51679999999999,32.51679999999999,51.565686352539075,55.8184024169922,49.15871918945314,50.37280000000001,52.37280000000001,49.37280000000001,0mM 2DG,1h,yes,MN,0.6654533748502308,0.6653749642664292,0.6692447133916378,0.6781535453517853,0.6630166266809093,0.6585974463672302
vLH92_MN_60x-1xzoom_0006_XY18_488.tif,20,3008,1392,1616,0.4627659574468085,288.7084503173828,0.6962057192827336,282.1116943359375,286.0,848592.0,320.4046936035156,314.0,517774.0,237.6566162109375,233.0,330818.0,False,vLH92_MN_60x-1xzoom_0006_XY18_Dapi-ex_Green-em.tif,252.7832489013672,233.0,760372.0,287.1763610839844,275.0,464077.0,212.85560607910156,209.0,296295.0,138.6284943359375,176.92149360351561,94.17341621093749,142.5168,170.5168,89.51679999999999,112.1560489013672,146.5491610839844,72.22840607910157,92.37280000000001,134.3728,68.37280000000001,0mM 2DG,1h,yes,MN,1.2360322576792164,1.5428437808532378,1.207250128863757,1.268983008465999,1.3038279718896557,1.3092457819483767
vLH92_MN_60x-1xzoom_0006_XY18_488.tif,21,989,484,505,0.48938321536905965,223.877197265625,0.2679825743218953,225.94033813476562,224.0,223455.0,238.08712768554688,237.0,120234.0,213.2665252685547,212.0,103221.0,False,vLH92_MN_60x-1xzoom_0006_XY18_Dapi-ex_Green-em.tif,295.83416748046875,277.0,292580.0,371.8673400878906,391.0,187793.0,216.50205993652344,200.0,104787.0,82.45713813476561,94.60392768554686,69.78332526855468,80.51679999999999,93.51679999999999,68.51679999999999,155.20696748046876,231.24014008789064,75.87485993652345,136.3728,250.3728,59.37280000000001,0mM 2DG,1h,yes,MN,0.5312721424387215,0.5904168573205213,0.40911550931248114,0.3735102215576132,0.9197160340979222,1.1540099169990294
vLH92_MN_60x-1xzoom_0006_XY18_488.tif,22,961,520,441,0.5411030176899063,197.99021911621094,0.6460838652415953,200.0031280517578,199.0,192203.0,206.0340118408203,204.0,90861.0,194.88845825195312,194.0,101342.0,False,vLH92_MN_60x-1xzoom_0006_XY18_Dapi-ex_Green-em.tif,257.51300048828125,255.0,247470.0,269.1065673828125,269.0,118676.0,247.68077087402344,248.0,128794.0,56.5199280517578,62.5508118408203,51.405258251953114,55.51679999999999,60.51679999999999,50.51679999999999,116.88580048828126,128.4793673828125,107.05357087402345,114.37280000000001,128.3728,107.37280000000001,0mM 2DG,1h,yes,MN,0.48354828230332714,0.4854021235818305,0.4868549177584767,0.4714145052534492,0.4801825649743609,0.4704804196221015
vLH92_MN_60x-1xzoom_0006_XY18_488.tif,23,520,268,252,0.5153846153846153,263.8708801269531,0.4697808498354062,273.3519287109375,265.0,142143.0,296.48809814453125,287.0,74715.0,251.59701538085938,251.0,67428.0,False,vLH92_MN_60x-1xzoom_0006_XY18_Dapi-ex_Green-em.tif,378.4942321777344,381.0,196817.0,357.69842529296875,356.5,90140.0,398.0484924316406,395.0,106677.0,129.8687287109375,153.00489814453124,108.11381538085936,121.51679999999999,143.5168,107.51679999999999,237.8670321777344,217.07122529296876,257.4212924316406,240.3728,215.8728,254.3728,0mM 2DG,1h,yes,MN,0.545971955516305,0.505534736043346,0.7048603422126962,0.6648211354093706,0.4199878508867695,0.4226741223904442
vLH92_MN_60x-1xzoom_0006_XY18_488.tif,24,1093,584,509,0.5343092406221409,203.9148712158203,0.24756801819102434,208.86367797851562,205.0,228288.0,223.57760620117188,218.0,113801.0,196.0393829345703,196.0,114487.0,False,vLH92_MN_60x-1xzoom_0006_XY18_Dapi-ex_Green-em.tif,297.73101806640625,273.0,325420.0,340.72100830078125,304.0,173427.0,260.2619934082031,258.0,151993.0,65.38047797851561,80.09440620117186,52.5561829345703,61.51679999999999,74.51679999999999,52.51679999999999,157.10381806640626,200.09380830078126,119.63479340820314,132.3728,163.3728,117.37280000000001,0mM 2DG,1h,yes,MN,0.41616097420929593,0.4647238707649909,0.40028428106467867,0.45611509382222737,0.43930516731235997,0.44743586248261935
vLH92_MN_60x-1xzoom_0006_XY18_488.tif,25,466,200,268,0.4291845493562232,214.51892852783203,0.609408803457892,214.58798217773438,213.5,99998.0,221.2873077392578,221.0,59305.0,205.375,205.0,41075.0,False,vLH92_MN_60x-1xzoom_0006_XY18_Dapi-ex_Green-em.tif,241.06222534179688,252.0,112335.0,262.526123046875,264.0,70357.0,211.9149932861328,208.0,42383.0,71.10478217773436,77.8041077392578,61.89179999999999,70.01679999999999,77.51679999999999,61.51679999999999,100.43502534179689,121.89892304687501,71.28779328613282,111.37280000000001,123.37280000000001,67.37280000000001,0mM 2DG,1h,yes,MN,0.7079679816453783,0.628670555108608,0.638267392316001,0.6283135342636301,0.8681963229185748,0.9130806497577654
vLH92_MN_60x-1xzoom_0006_XY18_488.tif,26,434,176,258,0.4055299539170507,200.32113647460938,0.5075445939243832,199.33641052246094,199.0,86512.0,204.1085205078125,203.5,52660.0,192.34091186523438,192.0,33852.0,False,vLH92_MN_60x-1xzoom_0006_XY18_Dapi-ex_Green-em.tif,269.02996826171875,266.5,116759.0,270.9806213378906,269.0,69913.0,266.1704406738281,263.0,46846.0,55.85321052246093,60.62532050781249,48.857711865234364,55.51679999999999,60.01679999999999,48.51679999999999,128.40276826171876,130.35342133789064,125.54324067382814,125.87280000000001,128.3728,122.37280000000001,0mM 2DG,1h,yes,MN,0.43498447329902834,0.44105477911033986,0.4650842293633773,0.46751959916742475,0.38917038944510596,0.3964671887870506
vLH92_MN_60x-1xzoom_0006_XY18_488.tif,27,464,229,235,0.49353448275862066,216.95614624023438,0.48216315367053203,221.83189392089844,218.0,102930.0,247.79574584960938,246.0,58232.0,195.18777465820312,194.0,44698.0,False,vLH92_MN_60x-1xzoom_0006_XY18_Dapi-ex_Green-em.tif,281.4439697265625,286.0,130590.0,314.1787109375,315.0,73832.0,247.85153198242188,247.0,56758.0,78.34869392089843,104.31254584960936,51.704574658203114,74.51679999999999,102.51679999999999,50.51679999999999,140.8167697265625,173.5515109375,107.22433198242189,145.3728,174.3728,106.37280000000001,0mM 2DG,1h,yes,MN,0.55638752453302,0.5125910761848157,0.6010466015889355,0.5879173816099758,0.48220934280737177,0.47490335875336537
vLH92_MN_60x-1xzoom_0006_XY18_488.tif,28,713,363,350,0.5091164095371669,198.1640167236328,0.29102872940260077,199.16268920898438,198.0,142003.0,205.7085723876953,205.0,71998.0,192.8512420654297,192.0,70005.0,False,vLH92_MN_60x-1xzoom_0006_XY18_Dapi-ex_Green-em.tif,235.90744018554688,236.0,168202.0,246.37428283691406,250.0,86231.0,225.8154296875,227.0,81971.0,55.679489208984364,62.2253723876953,49.36804206542968,54.51679999999999,61.51679999999999,48.51679999999999,95.28024018554689,105.74708283691407,85.18822968750001,95.37280000000001,109.37280000000001,86.37280000000001,0mM 2DG,1h,yes,MN,0.5843760374717277,0.5716179036370955,0.588435829323641,0.5624506275783374,0.5795171732823746,0.5617138728859083
vLH92_MN_60x-1xzoom_0006_XY18_488.tif,29,906,539,369,0.5949227373068433,206.17516326904297,0.5083260887818531,211.5088348388672,205.0,191627.0,233.77235412597656,231.0,86262.0,196.2207794189453,196.0,105763.0,False,vLH92_MN_60x-1xzoom_0006_XY18_Dapi-ex_Green-em.tif,240.5088348388672,234.0,217901.0,257.6314392089844,255.0,95066.0,228.6827392578125,221.0,123260.0,68.02563483886718,90.28915412597655,52.7375794189453,61.51679999999999,87.51679999999999,52.51679999999999,99.8816348388672,117.00423920898439,88.05553925781251,93.37280000000001,114.37280000000001,80.37280000000001,0mM 2DG,1h,yes,MN,0.6810624891013116,0.658829980465403,0.7716742122882291,0.7651889260383586,0.5989126846925339,0.6534150857006348
vLH92_MN_60x-1xzoom_0006_XY18_488.tif,30,319,174,145,0.5454545454545454,197.81204223632812,0.7582895119411189,199.71786499023438,199.0,63710.0,206.42758178710938,205.0,29932.0,194.12643432617188,193.5,33778.0,False,vLH92_MN_60x-1xzoom_0006_XY18_Dapi-ex_Green-em.tif,177.65830993652344,174.0,56673.0,186.24827575683594,181.0,27006.0,170.5,169.0,29667.0,56.234664990234364,62.944381787109364,50.643234326171864,55.51679999999999,61.51679999999999,50.01679999999999,37.03110993652345,45.62107575683595,29.872800000000012,33.37280000000001,40.37280000000001,28.372800000000012,0mM 2DG,1h,yes,MN,1.5185789755324244,1.6635343752996443,1.3797215594522156,1.5237189394840083,1.6952958653414425,1.762843286527941
vLH92_MN_60x-1xzoom_0006_XY18_488.tif,31,835,437,398,0.5233532934131736,197.33192443847656,0.461752764660212,201.6622772216797,198.0,168388.0,213.40200805664062,214.0,84934.0,190.97024536132812,190.0,83454.0,False,vLH92_MN_60x-1xzoom_0006_XY18_Dapi-ex_Green-em.tif,293.94012451171875,276.0,245440.0,333.7839050292969,327.5,132846.0,257.65216064453125,253.0,112594.0,58.17907722167968,69.91880805664061,47.487045361328114,54.51679999999999,70.51679999999999,46.51679999999999,153.31292451171876,193.1567050292969,117.02496064453126,135.3728,186.8728,112.37280000000001,0mM 2DG,1h,yes,MN,0.3794792735640018,0.4027160552193645,0.36197970992534656,0.37735186715241587,0.40578561274267133,0.41395070693263836
vLH92_MN_60x-1xzoom_0006_XY18_488.tif,32,866,470,396,0.5427251732101617,179.06234741210938,0.6721353770482729,186.3013916015625,181.0,161337.0,200.43434143066406,194.0,79372.0,174.39361572265625,174.0,81965.0,False,vLH92_MN_60x-1xzoom_0006_XY18_Dapi-ex_Green-em.tif,215.9237823486328,211.0,186990.0,223.61363220214844,215.0,88551.0,209.44468688964844,209.0,98439.0,42.81819160156249,56.95114143066405,30.91041572265624,37.51679999999999,50.51679999999999,30.51679999999999,75.29658234863282,82.98643220214845,68.81748688964845,70.37280000000001,74.37280000000001,68.37280000000001,0mM 2DG,1h,yes,MN,0.5686604924949817,0.5331150671850485,0.6862705133766389,0.6792375707247809,0.44916513403377123,0.44632953455175134
vLH92_MN_60x-1xzoom_0006_XY19_488.tif,1,4137,2001,2137,0.48368382886149386,710.0734252929688,0.2652276823457699,880.41162109375,715.0,3642263.0,1205.254150390625,1311.0,2575628.0,533.2288818359375,528.0,1066991.0,False,vLH92_MN_60x-1xzoom_0006_XY19_Dapi-ex_Green-em.tif,365.121337890625,314.0,1510507.0,457.8797302246094,476.0,978489.0,265.9850158691406,265.0,532236.0,737.93322109375,1062.775750390625,390.75048183593753,572.5216,1168.5216,385.52160000000003,225.761337890625,318.51973022460936,126.62501586914061,174.64,336.64,125.63999999999999,0mM 2DG,1h,yes,MN,3.268643019165921,3.278295923041686,3.3366088488182237,3.4711311787072248,3.0858869327981355,3.068462273161414
vLH92_MN_60x-1xzoom_0006_XY19_488.tif,2,4260,1591,2669,0.37347417840375585,584.1311340332031,0.5472554899039808,670.4164428710938,585.0,2855974.0,767.049072265625,780.0,2047254.0,508.3092346191406,503.0,808720.0,False,vLH92_MN_60x-1xzoom_0006_XY19_Dapi-ex_Green-em.tif,284.2591552734375,260.0,1210944.0,312.1524963378906,306.0,833135.0,237.46636962890625,236.0,377809.0,527.9380428710938,624.570672265625,365.83083461914066,442.52160000000003,637.5216,360.52160000000003,144.8991552734375,172.7924963378906,98.10636962890624,120.63999999999999,166.64,96.63999999999999,0mM 2DG,1h,yes,MN,3.6434859946203835,3.6681167108753323,3.614570571654313,3.8257417186749887,3.7289203137667792,3.730562913907286
vLH92_MN_60x-1xzoom_0006_XY19_488.tif,3,3737,1850,1887,0.49504950495049505,330.7427978515625,0.7878210261868706,344.8985900878906,335.0,1288886.0,412.09539794921875,409.0,777624.0,276.35784912109375,272.0,511262.0,False,vLH92_MN_60x-1xzoom_0006_XY19_Dapi-ex_Green-em.tif,224.6141357421875,217.0,839383.0,251.29835510253906,243.0,474200.0,197.39620971679688,196.0,365183.0,202.42019008789063,269.6169979492188,133.87944912109376,192.5216,266.52160000000003,129.5216,85.25413574218749,111.93835510253905,58.03620971679686,77.63999999999999,103.63999999999999,56.639999999999986,0mM 2DG,1h,yes,MN,2.374315196860582,2.4796702730551266,2.4086203312728793,2.571609417213432,2.3068261999602346,2.2867514124293793
vLH92_MN_60x-1xzoom_0006_XY19_488.tif,4,4092,1847,2245,0.4513685239491691,596.4935913085938,0.4973042522890332,690.255126953125,601.5,2824524.0,883.2378540039062,956.0,1982869.0,455.6875915527344,444.0,841655.0,False,vLH92_MN_60x-1xzoom_0006_XY19_Dapi-ex_Green-em.tif,286.8450622558594,267.0,1173770.0,345.6409912109375,332.0,775964.0,215.37953186035156,214.0,397806.0,547.776726953125,740.7594540039063,313.2091915527344,459.02160000000003,813.5216,301.52160000000003,147.48506225585936,206.2809912109375,76.01953186035155,127.63999999999999,192.64,74.63999999999999,0mM 2DG,1h,yes,MN,3.7141166608644984,3.5962206204951435,3.5910214007379153,4.223014950166114,4.120114711152156,4.039678456591641
vLH92_MN_60x-1xzoom_0006_XY20_488.tif,1,961,516,445,0.5369406867845994,187.80638122558594,0.4432247328765012,187.59521484375,186.0,180279.0,198.47190856933594,197.0,88320.0,178.21511840820312,178.0,91959.0,False,vLH92_MN_60x-1xzoom_0006_XY20_Dapi-ex_Green-em.tif,227.5556640625,226.0,218681.0,255.25167846679688,251.0,113587.0,203.67054748535156,202.0,105094.0,42.95361484374999,53.83030856933593,33.573518408203114,41.35839999999999,52.35839999999999,33.35839999999999,84.35406406250002,112.05007846679689,60.46894748535158,82.79840000000002,107.79840000000002,58.798400000000015,0mM 2DG,1h,yes,MN,0.5092062287825824,0.49950723685481824,0.4804129484415054,0.4857066524178465,0.555219162965193,0.5673351655827367
vLH92_MN_60x-1xzoom_0006_XY20_488.tif,2,1542,724,818,0.4695201037613489,199.47911834716797,0.34654128029460046,201.61219787597656,200.0,310886.0,210.18338012695312,209.0,171930.0,191.9281768798828,192.0,138956.0,False,vLH92_MN_60x-1xzoom_0006_XY20_Dapi-ex_Green-em.tif,281.6361999511719,274.0,434283.0,310.9731140136719,299.0,254376.0,248.49032592773438,249.0,179907.0,56.97059787597655,65.54178012695311,47.2865768798828,55.35839999999999,64.35839999999999,47.35839999999999,138.4345999511719,167.7715140136719,105.28872592773439,130.79840000000002,155.79840000000002,105.79840000000002,0mM 2DG,1h,yes,MN,0.4115343844390853,0.423234534979021,0.3906609564339512,0.4130876825435947,0.44911339237154657,0.44762869759845125
vLH92_MN_60x-1xzoom_0006_XY20_488.tif,3,4244,2204,2041,0.5193213949104618,283.3788757324219,0.5438722522257076,323.93731689453125,285.0,1374790.0,398.8123474121094,414.0,813976.0,254.54356384277344,252.0,561014.0,False,vLH92_MN_60x-1xzoom_0006_XY20_Dapi-ex_Green-em.tif,255.02096557617188,207.0,1082309.0,323.9015197753906,281.0,661083.0,191.1964569091797,191.0,421397.0,179.29571689453124,254.17074741210936,109.90196384277343,140.3584,269.35839999999996,107.35839999999999,111.81936557617189,180.69991977539064,47.9948569091797,63.798400000000015,137.79840000000002,47.798400000000015,0mM 2DG,1h,yes,MN,1.6034406560140437,2.200030094798615,1.4065902615122503,1.9547280665087543,2.289869601043713,2.2460668139519306
vLH92_MN_60x-1xzoom_0006_XY20_488.tif,4,4182,2047,2136,0.48947871831659495,278.6331787109375,0.5452246246453203,314.13702392578125,282.0,1313721.0,371.3801574707031,376.0,793268.0,254.37469482421875,255.0,520705.0,False,vLH92_MN_60x-1xzoom_0006_XY20_Dapi-ex_Green-em.tif,262.953857421875,233.0,1099673.0,310.9578552246094,281.0,664206.0,212.8446502685547,207.0,435693.0,169.49542392578124,226.7385574707031,109.73309482421874,137.3584,231.3584,110.35839999999999,119.75225742187502,167.7562552246094,69.6430502685547,89.79840000000002,137.79840000000002,63.798400000000015,0mM 2DG,1h,yes,MN,1.4153839566352902,1.5296308174755895,1.351595248517691,1.678962890715712,1.5756503254965202,1.7297988664292516
vLH92_MN_60x-1xzoom_0006_XY20_488.tif,5,2404,1230,1174,0.5116472545757071,306.850830078125,0.34369468454983665,313.39227294921875,309.0,753395.0,346.90203857421875,343.0,407263.0,281.40814208984375,281.0,346132.0,False,vLH92_MN_60x-1xzoom_0006_XY20_Dapi-ex_Green-em.tif,271.7645568847656,266.0,653322.0,302.5860290527344,298.0,355236.0,242.34634399414062,237.0,298086.0,168.75067294921874,202.26043857421874,136.76654208984374,164.3584,198.3584,136.3584,128.56295688476564,159.3844290527344,99.14474399414064,122.79840000000002,154.79840000000002,93.79840000000002,0mM 2DG,1h,yes,MN,1.3125917218944676,1.3384408917380028,1.2690100267404307,1.281398257346329,1.3794633641691234,1.4537390829694319
vLH92_MN_60x-1xzoom_0006_XY20_488.tif,6,747,421,326,0.5635876840696118,217.6415252685547,0.5163129102763961,219.78982543945312,219.0,164183.0,229.2239227294922,228.0,74727.0,212.48455810546875,212.0,89456.0,False,vLH92_MN_60x-1xzoom_0006_XY20_Dapi-ex_Green-em.tif,298.8072204589844,291.0,223209.0,322.9754638671875,317.5,105290.0,280.0926513671875,277.0,117919.0,75.14822543945311,84.58232272949218,67.84295810546874,74.35839999999999,83.35839999999999,67.35839999999999,155.6056204589844,179.77386386718752,136.89105136718752,147.79840000000002,174.29840000000002,133.79840000000002,0mM 2DG,1h,yes,MN,0.4829403026561062,0.503106934851798,0.4704928787200096,0.4782510912320479,0.49559819599523175,0.5034320290825599
vLH92_MN_60x-1xzoom_0006_XY20_488.tif,7,1913,1073,840,0.5608991113434396,174.9527587890625,0.4069042735295927,176.49295043945312,175.0,337631.0,183.88809204101562,182.0,154466.0,170.70362854003906,170.0,183165.0,False,vLH92_MN_60x-1xzoom_0006_XY20_Dapi-ex_Green-em.tif,208.9482421875,201.0,399718.0,229.32261657714844,215.0,192631.0,192.99813842773438,191.0,207087.0,31.851350439453114,39.246492041015614,26.06202854003905,30.35839999999999,37.35839999999999,25.35839999999999,65.74664218750002,86.12101657714845,49.79653842773439,57.798400000000015,71.79840000000002,47.798400000000015,0mM 2DG,1h,yes,MN,0.48445592626034983,0.5252463736020371,0.4557132927693444,0.5203235726701428,0.5233702856245867,0.5305282185177742
vLH92_MN_60x-1xzoom_0006_XY21_488.tif,1,3530,1742,1788,0.4934844192634561,319.779541015625,0.6926019035389905,345.1900939941406,319.0,1218521.0,418.9932861328125,427.0,749160.0,269.43798828125,266.0,469361.0,False,vLH92_MN_60x-1xzoom_0006_XY21_Dapi-ex_Green-em.tif,263.4118957519531,234.0,929844.0,317.24383544921875,296.0,567232.0,208.15843200683594,206.0,362612.0,203.92129399414063,277.7244861328125,128.16918828125,177.7312,285.7312,124.7312,122.36229575195313,176.19423544921875,67.10883200683594,92.9504,154.9504,64.9504,0mM 2DG,1h,yes,MN,1.6665370058724618,1.9121079629565876,1.5762404792911398,1.8440171822725206,1.9098706451662613,1.9204069566931072
vLH92_MN_60x-1xzoom_0006_XY21_488.tif,2,1738,1015,724,0.5840046029919448,280.7021179199219,0.1511060371946251,283.5005798339844,281.0,492724.0,297.04833984375,293.0,215063.0,273.8206787109375,274.0,277928.0,False,vLH92_MN_60x-1xzoom_0006_XY21_Dapi-ex_Green-em.tif,273.88262939453125,252.0,476008.0,304.70855712890625,279.0,220609.0,251.88177490234375,244.0,255660.0,142.23177983398438,155.77953984375,132.5518787109375,139.7312,151.7312,132.7312,132.83302939453125,163.65895712890625,110.83217490234375,110.9504,137.9504,102.9504,0mM 2DG,1h,yes,MN,1.0707561250563489,1.2594023996308261,0.9518546529723392,1.0998967744928612,1.195969300681245,1.2892732811140122
vLH92_MN_60x-1xzoom_0006_XY21_488.tif,3,824,484,340,0.587378640776699,212.3052978515625,0.4510291195098834,215.41990661621094,212.0,177506.0,230.9588165283203,227.5,78526.0,204.50413513183594,204.0,98980.0,False,vLH92_MN_60x-1xzoom_0006_XY21_Dapi-ex_Green-em.tif,328.0072937011719,320.0,270278.0,366.6029357910156,356.0,124645.0,300.8946228027344,298.5,145633.0,74.15110661621094,89.69001652832031,63.23533513183594,70.7312,86.2312,62.7312,186.95769370117188,225.55333579101563,159.84502280273438,178.9504,214.9504,157.4504,0mM 2DG,1h,yes,MN,0.39661971191585227,0.3952558921354744,0.39764438071278085,0.40116789733817665,0.395604029597312,0.3984188036359387
vLH92_MN_60x-1xzoom_0006_XY21_488.tif,4,3702,1546,2156,0.4176121015667207,542.6092834472656,0.4541717381423638,571.9913330078125,551.0,2117512.0,699.7861938476562,725.0,1508739.0,393.77294921875,373.0,608773.0,False,vLH92_MN_60x-1xzoom_0006_XY21_Dapi-ex_Green-em.tif,303.4483947753906,281.5,1123366.0,353.0584411621094,355.0,761194.0,234.26390075683594,229.0,362172.0,430.7225330078125,558.5173938476562,252.50414921875,409.7312,583.7312,231.7312,162.39879477539063,212.00884116210938,93.21430075683594,140.4504,213.9504,87.9504,0mM 2DG,1h,yes,MN,2.6522520293548557,2.9172661665612916,2.634406144508824,2.728348252679125,2.7088563360835214,2.634794156706507
vLH92_MN_60x-1xzoom_0006_XY21_488.tif,5,862,334,528,0.3874709976798144,200.08435821533203,0.6141443526474342,205.2981414794922,200.0,176967.0,218.1420440673828,214.0,115179.0,184.9940185546875,184.0,61788.0,False,vLH92_MN_60x-1xzoom_0006_XY21_Dapi-ex_Green-em.tif,293.9153137207031,282.0,253355.0,322.9640197753906,314.0,170525.0,247.9940185546875,246.0,82830.0,64.02934147949219,76.87324406738281,43.7252185546875,58.7312,72.7312,42.7312,152.86571372070313,181.91441977539063,106.9444185546875,140.9504,172.9504,104.9504,0mM 2DG,1h,yes,MN,0.41886005645764685,0.4166799100960338,0.42257916751348273,0.4205321294428923,0.4088592854645145,0.4071561423300912
vLH92_MN_60x-1xzoom_0006_XY22_488.tif,1,815,402,413,0.49325153374233127,203.15789794921875,0.6047450528937485,200.2061309814453,200.0,163168.0,214.9564208984375,214.0,88777.0,185.05224609375,185.0,74391.0,False,vLH92_MN_60x-1xzoom_0006_XY22_Dapi-ex_Green-em.tif,284.0895690917969,285.0,231533.0,341.7893371582031,341.0,141159.0,224.81094360351562,220.0,90374.0,62.83653098144532,77.58682089843751,47.68264609375001,62.63040000000001,76.63040000000001,47.63040000000001,146.34876909179687,204.04853715820312,87.07014360351562,147.2592,203.2592,82.25919999999999,0mM 2DG,1h,yes,MN,0.4293615270657403,0.4253072134033053,0.38023708466129713,0.37700827318025465,0.5476348621966064,0.5790282424336732
vLH92_MN_60x-1xzoom_0006_XY22_488.tif,2,1785,793,992,0.44425770308123247,810.718017578125,0.3202143371153073,796.30810546875,819.0,1421410.0,908.9122924804688,926.5,901641.0,655.4464111328125,707.0,519769.0,False,vLH92_MN_60x-1xzoom_0006_XY22_Dapi-ex_Green-em.tif,347.69525146484375,344.0,620636.0,340.8195495605469,333.0,338093.0,356.2963562011719,359.0,282543.0,658.93850546875,771.5426924804688,518.0768111328125,681.6304,789.1304,569.6304,209.95445146484374,203.07874956054687,218.55555620117187,206.2592,195.2592,221.2592,0mM 2DG,1h,yes,MN,3.1384831370393083,3.304727255802408,3.7992290879772104,4.041450543687571,2.3704582035697275,2.5744936255757955
vLH92_MN_60x-1xzoom_0006_XY22_488.tif,3,3298,1541,1758,0.46725288053365677,286.34532165527344,0.6291615820648825,312.9760437011719,286.0,1032195.0,368.8122863769531,368.0,648372.0,249.21868896484375,248.0,384046.0,False,vLH92_MN_60x-1xzoom_0006_XY22_Dapi-ex_Green-em.tif,282.12432861328125,237.0,930446.0,346.6399230957031,292.0,609393.0,208.4853973388672,208.0,321276.0,175.60644370117188,231.44268637695313,111.84908896484376,148.6304,230.6304,110.63040000000001,144.38352861328124,208.89912309570312,70.74459733886718,99.25919999999999,154.2592,70.25919999999999,0mM 2DG,1h,yes,MN,1.216249840877061,1.4973967148637106,1.1079160263919448,1.4950835995519232,1.5810265825542231,1.5746037529604666
vLH92_MN_60x-1xzoom_0006_XY22_488.tif,4,1518,756,762,0.4980237154150198,228.1302032470703,0.2353942263006255,237.611328125,229.5,360694.0,261.2362060546875,249.0,199062.0,213.79893493652344,213.0,161632.0,False,vLH92_MN_60x-1xzoom_0006_XY22_Dapi-ex_Green-em.tif,334.0184326171875,323.0,507040.0,371.81365966796875,361.0,283322.0,295.92327880859375,294.0,223718.0,100.24172812500001,123.86660605468751,76.42933493652345,92.13040000000001,111.63040000000001,75.63040000000001,196.2776326171875,234.07285966796874,158.18247880859374,185.2592,223.2592,156.2592,0mM 2DG,1h,yes,MN,0.5107139656636663,0.4973053969789355,0.5291797016979743,0.500003583278987,0.48317193858749413,0.4840060617230858
vLH92_MN_60x-1xzoom_0006_XY22_488.tif,5,3437,1734,1703,0.5045097468722723,345.71588134765625,0.4657052693119176,370.8740234375,351.0,1274694.0,412.2454528808594,410.0,702054.0,330.2422180175781,331.0,572640.0,False,vLH92_MN_60x-1xzoom_0006_XY22_Dapi-ex_Green-em.tif,344.2548828125,331.0,1183204.0,376.2994689941406,374.0,640838.0,312.7831726074219,313.0,542366.0,233.5044234375,274.8758528808594,192.87261801757813,213.6304,272.6304,193.6304,206.5140828125,238.55866899414062,175.04237260742187,193.2592,236.2592,175.2592,0mM 2DG,1h,yes,MN,1.1306949156077908,1.1054086946442914,1.1522358589601738,1.1539461743711992,1.101862452756769,1.1048230278353435
vLH92_MN_60x-1xzoom_0006_XY22_488.tif,6,3467,2152,1316,0.620709547158927,282.1173400878906,0.10896056348355515,278.8955993652344,280.0,966931.0,297.14056396484375,294.0,391037.0,267.7281494140625,271.0,576151.0,False,vLH92_MN_60x-1xzoom_0006_XY22_Dapi-ex_Green-em.tif,253.4130401611328,239.0,878583.0,279.51214599609375,255.0,367838.0,237.4544677734375,230.0,511002.0,141.52599936523438,159.77096396484376,130.3585494140625,142.6304,156.6304,133.6304,115.6722401611328,141.77134599609374,99.71366777343749,101.25919999999999,117.25919999999999,92.25919999999999,0mM 2DG,1h,yes,MN,1.2235087620684701,1.408567320302748,1.1269623127458066,1.3357621406252134,1.3073287977958468,1.4484235718497454
vLH92_MN_60x-1xzoom_0006_XY22_488.tif,7,1454,476,978,0.32737276478679506,224.73556518554688,0.6054391892020003,235.90646362304688,226.5,343008.0,250.5869140625,241.5,245074.0,205.7436981201172,204.0,97934.0,False,vLH92_MN_60x-1xzoom_0006_XY22_Dapi-ex_Green-em.tif,322.4381103515625,317.0,468825.0,347.6022644042969,341.0,339955.0,270.73529052734375,270.0,128870.0,98.53686362304688,113.21731406250001,68.3740981201172,89.13040000000001,104.13040000000001,66.63040000000001,184.6973103515625,209.86146440429687,132.99449052734374,179.2592,203.2592,132.2592,0mM 2DG,1h,yes,MN,0.5335045942763686,0.49721520569097716,0.5394859622459678,0.512303502129301,0.5141122602071959,0.5037865040768431
vLH92_MN_60x-1xzoom_0006_XY22_488.tif,8,1304,626,678,0.48006134969325154,188.05736541748047,0.591769007933355,192.25537109375,189.0,250701.0,206.4041290283203,203.0,139942.0,176.93130493164062,176.5,110759.0,False,vLH92_MN_60x-1xzoom_0006_XY22_Dapi-ex_Green-em.tif,282.4693298339844,261.0,368340.0,332.66815185546875,311.0,225549.0,228.1006317138672,227.0,142791.0,54.88577109375001,69.03452902832032,39.561704931640634,51.63040000000001,65.63040000000001,39.13040000000001,144.72852983398437,194.92735185546874,90.35983171386718,123.25919999999999,173.2592,89.25919999999999,0mM 2DG,1h,yes,MN,0.37923256151851015,0.41887664369069416,0.3541551679186963,0.37879893246650115,0.43782402181664587,0.4383906644917276
vLH92_MN_60x-1xzoom_0006_XY22_488.tif,9,806,411,395,0.5099255583126551,221.7392807006836,0.6483181688891295,231.08187866210938,222.0,186252.0,257.8810119628906,253.0,101863.0,205.32603454589844,204.0,84389.0,False,vLH92_MN_60x-1xzoom_0006_XY22_Dapi-ex_Green-em.tif,351.87469482421875,321.5,283611.0,422.4886169433594,406.0,166883.0,284.0097351074219,274.0,116728.0,93.71227866210938,120.51141196289063,67.95643454589845,84.63040000000001,115.63040000000001,66.63040000000001,214.13389482421874,284.74781694335934,146.26893510742187,183.7592,268.25919999999996,136.2592,0mM 2DG,1h,yes,MN,0.43763402678047414,0.46055054658487854,0.4232215483037827,0.43103983013443725,0.4645992294672162,0.48899744017284713
vLH92_MN_60x-1xzoom_0006_XY22_488.tif,10,3961,1880,2081,0.4746276192880586,345.78289794921875,0.708141070505623,397.3191223144531,351.0,1573781.0,484.136474609375,511.0,1007488.0,301.2196960449219,300.0,566293.0,False,vLH92_MN_60x-1xzoom_0006_XY22_Dapi-ex_Green-em.tif,284.8308410644531,235.0,1128215.0,352.5213928222656,340.0,733597.0,209.9031982421875,209.0,394618.0,259.94952231445313,346.766874609375,163.85009604492188,213.6304,373.6304,162.6304,147.09004106445312,214.78059282226562,72.16239824218749,97.25919999999999,202.2592,71.25919999999999,0mM 2DG,1h,yes,MN,1.7672815945475624,2.196505831839045,1.6145167962001583,1.8472850678733033,2.270574427072354,2.2822372409457308
vLH92_MN_60x-1xzoom_0006_XY22_488.tif,11,1323,721,602,0.544973544973545,217.3223419189453,0.23394926790899762,221.07785034179688,217.0,292486.0,238.8853759765625,234.0,143809.0,206.2094268798828,205.0,148677.0,False,vLH92_MN_60x-1xzoom_0006_XY22_Dapi-ex_Green-em.tif,303.2479248046875,294.0,401197.0,340.0963439941406,322.0,204738.0,272.48126220703125,268.0,196459.0,83.70825034179688,101.51577597656251,68.83982687988282,79.63040000000001,96.63040000000001,67.63040000000001,165.5071248046875,202.35554399414062,134.74046220703124,156.2592,184.2592,130.2592,0mM 2DG,1h,yes,MN,0.5057682588624492,0.509604554483832,0.5016703470180287,0.5244264601170525,0.5109068631077511,0.5191986439345552
vLH92_MN_60x-1xzoom_0006_XY22_488.tif,12,2067,667,1400,0.32268988872762455,192.86764526367188,0.3415583437228689,194.3768768310547,193.0,401777.0,196.44786071777344,195.0,275027.0,190.0299835205078,190.0,126750.0,False,vLH92_MN_60x-1xzoom_0006_XY22_Dapi-ex_Green-em.tif,261.3541259765625,260.0,540219.0,262.28570556640625,259.0,367200.0,259.3988037109375,261.0,173019.0,57.007276831054696,59.078260717773446,52.66038352050782,55.63040000000001,57.63040000000001,52.63040000000001,123.61332597656249,124.54490556640624,121.65800371093749,122.25919999999999,121.25919999999999,123.25919999999999,0mM 2DG,1h,yes,MN,0.46117420092606737,0.4550201539025285,0.47435308934634374,0.47526620660535457,0.43285589039937095,0.42698962836039833
vLH92_MN_60x-1xzoom_0006_XY22_488.tif,13,740,406,334,0.5486486486486486,179.81991577148438,0.4045793669744851,180.94729614257812,180.0,133901.0,189.7724609375,187.5,63384.0,173.68719482421875,174.0,70517.0,False,vLH92_MN_60x-1xzoom_0006_XY22_Dapi-ex_Green-em.tif,234.6027069091797,232.5,173606.0,252.80838012695312,250.0,84438.0,219.6256103515625,219.0,89168.0,43.577696142578134,52.40286093750001,36.31759482421876,42.63040000000001,50.13040000000001,36.63040000000001,96.86190690917968,115.06758012695312,81.88481035156249,94.75919999999999,112.25919999999999,81.25919999999999,0mM 2DG,1h,yes,MN,0.44989508810143236,0.4498813835490381,0.45540942878684304,0.44655939112340026,0.4435205341295116,0.4507846496150591
vLH92_MN_60x-1xzoom_0006_XY23_488.tif,1,4055,1769,2286,0.43625154130702837,547.9522705078125,0.6770810808090938,601.513427734375,552.0,2439137.0,762.5533447265625,818.0,1743197.0,393.40869140625,387.0,695940.0,False,vLH92_MN_60x-1xzoom_0006_XY23_Dapi-ex_Green-em.tif,289.5992736816406,260.0,1174325.0,347.8315734863281,333.0,795143.0,214.3482208251953,212.0,379182.0,463.769427734375,624.8093447265625,255.66469140625,414.256,680.256,249.256,152.19127368164064,210.42357348632814,76.94022082519533,122.59200000000001,195.592,74.59200000000001,0mM 2DG,1h,yes,MN,3.047280021484708,3.379143826677107,2.9692934796925603,3.477933657818315,3.322900411049099,3.341591591591591
vLH92_MN_60x-1xzoom_0006_XY23_488.tif,2,3520,1660,1860,0.4715909090909091,399.68861389160156,0.6822958052858202,438.4835205078125,405.0,1543462.0,523.4489135742188,539.0,973615.0,343.28131103515625,340.0,569847.0,False,vLH92_MN_60x-1xzoom_0006_XY23_Dapi-ex_Green-em.tif,229.7616424560547,221.0,808761.0,253.71665954589844,249.0,471913.0,202.9204864501953,202.0,336848.0,300.7395205078125,385.7049135742187,205.53731103515625,267.256,401.256,202.256,92.3536424560547,116.30865954589845,65.51248645019533,83.59200000000001,111.59200000000001,64.59200000000001,0mM 2DG,1h,yes,MN,3.256390462898261,3.1971480524452094,3.3162183717026625,3.595741630224388,3.137376127395382,3.1312856081248444
vLH92_MN_60x-1xzoom_0006_XY23_488.tif,3,4176,1832,2344,0.4386973180076628,374.2021942138672,0.8097813774705435,402.687255859375,376.0,1681622.0,477.5234680175781,494.0,1119315.0,306.9361267089844,306.0,562307.0,False,vLH92_MN_60x-1xzoom_0006_XY23_Dapi-ex_Green-em.tif,242.56393432617188,227.0,1012947.0,270.8101501464844,264.0,634779.0,206.423583984375,204.0,378168.0,264.943255859375,339.7794680175781,169.19212670898438,238.256,356.256,168.256,105.15593432617189,133.4021501464844,69.01558398437501,89.59200000000001,126.59200000000001,66.59200000000001,0mM 2DG,1h,yes,MN,2.5195273814749815,2.659344584337887,2.5470314207415528,2.8142062689585434,2.4515061228387074,2.526669870254685
vLH92_MN_60x-1xzoom_0006_XY24_488.tif,1,1528,806,724,0.5274869109947644,257.3099670410156,0.49464455124212164,294.2558898925781,257.0,449623.0,364.6961364746094,327.5,264040.0,230.76922607421875,227.0,186000.0,False,vLH92_MN_60x-1xzoom_0006_XY24_Dapi-ex_Green-em.tif,330.6322021484375,315.0,505206.0,343.8715515136719,327.0,248963.0,318.5669860839844,307.0,256765.0,156.49908989257813,226.93933647460938,93.01242607421875,119.2432,189.7432,89.2432,192.6770021484375,205.91635151367188,180.61178608398438,177.0448,189.0448,169.0448,0mM 2DG,1h,yes,MN,0.8122354414254999,0.673519922641049,1.10209478172277,1.0036943623945223,0.5149853622009365,0.5279263248558962
vLH92_MN_60x-1xzoom_0006_XY24_488.tif,2,2778,1349,1429,0.48560115190784736,558.9050598144531,0.5911701179365326,560.7901611328125,569.0,1557875.0,723.0252075195312,737.0,1033203.0,388.93402099609375,361.0,524672.0,False,vLH92_MN_60x-1xzoom_0006_XY24_Dapi-ex_Green-em.tif,292.873291015625,278.5,813602.0,357.3869934082031,346.0,510706.0,224.53372192382812,219.0,302896.0,423.0333611328125,585.2684075195313,251.17722099609375,431.2432,599.2432,223.2432,154.918091015625,219.43179340820313,86.57852192382813,140.5448,208.0448,81.04480000000001,0mM 2DG,1h,yes,MN,2.730690511091732,3.068368235608859,2.6671996725231697,2.8803565385916876,2.901149331436724,2.7545653761869975
vLH92_MN_60x-1xzoom_0006_XY24_488.tif,3,4163,1923,2240,0.461926495315878,569.8635864257812,0.5434756851871502,602.894775390625,573.0,2509851.0,708.3111572265625,732.0,1586617.0,480.10089111328125,483.0,923234.0,False,vLH92_MN_60x-1xzoom_0006_XY24_Dapi-ex_Green-em.tif,304.0160827636719,276.0,1265619.0,353.7638244628906,332.0,792431.0,246.06759643554688,245.0,473188.0,465.137975390625,570.5543572265625,342.34409111328125,435.2432,594.2432,345.2432,166.06088276367188,215.80862446289063,108.11239643554688,138.0448,194.0448,107.04480000000001,0mM 2DG,1h,yes,MN,2.801008688196498,3.152912677623496,2.643797756677107,3.062402084467092,3.1665572348807913,3.225221589465345
vLH92_MN_60x-1xzoom_0006_XY24_488.tif,4,4525,1687,2838,0.37281767955801104,253.90682983398438,0.5746770918739792,263.072265625,251.0,1190402.0,284.4971923828125,270.0,807403.0,227.02963256835938,226.0,382999.0,False,vLH92_MN_60x-1xzoom_0006_XY24_Dapi-ex_Green-em.tif,231.7569122314453,222.0,1048700.0,253.16807556152344,244.0,718491.0,195.73739624023438,192.0,330209.0,125.315465625,146.7403923828125,89.27283256835938,113.2432,132.2432,88.2432,93.80171223144532,115.21287556152345,57.782196240234384,84.04480000000001,106.04480000000001,54.04480000000001,0mM 2DG,1h,yes,MN,1.3359613875256136,1.347414712153518,1.2736457767209657,1.2470503032680527,1.5449885670181174,1.63277873171887
vLH92_MN_60x-1xzoom_0006_XY24_488.tif,5,2792,824,1968,0.29512893982808025,492.4311065673828,0.34933303905636814,477.4620361328125,494.0,1333074.0,503.11431884765625,522.0,990129.0,416.19537353515625,405.0,342945.0,False,vLH92_MN_60x-1xzoom_0006_XY24_Dapi-ex_Green-em.tif,323.641845703125,310.5,903608.0,346.60009765625,335.0,682109.0,268.8094787597656,262.0,221499.0,339.7052361328125,365.35751884765625,278.43857353515625,356.2432,384.2432,267.2432,185.686645703125,208.64489765625,130.85427875976563,172.5448,197.0448,124.04480000000001,0mM 2DG,1h,yes,MN,1.8294543199187934,2.0646417626031037,1.7510973091208581,1.9500296379300543,2.1278522656973218,2.154408729749252
vLH92_MN_60x-1xzoom_0006_XY24_488.tif,6,4161,0,4161,0.0,657.89404296875,,595.4063720703125,653.0,2477486.0,595.4063720703125,653.0,2477486.0,,,,True,vLH92_MN_60x-1xzoom_0006_XY24_Dapi-ex_Green-em.tif,289.9790954589844,292.0,1206603.0,289.9790954589844,292.0,1206603.0,,,,457.6495720703125,457.6495720703125,,515.2432,515.2432,,152.02389545898438,152.02389545898438,,154.0448,154.0448,,0mM 2DG,1h,yes,MN,3.010379195248191,3.3447620432497556,3.010379195248191,3.3447620432497556,,
vLH92_MN_60x-1xzoom_0006_XY25_488.tif,1,3583,1739,1844,0.485347474183645,361.9236145019531,0.7401929560443185,382.5604248046875,369.0,1370714.0,427.3562927246094,433.0,788045.0,335.059814453125,333.0,582669.0,False,vLH92_MN_60x-1xzoom_0006_XY25_Dapi-ex_Green-em.tif,256.49761962890625,236.0,919031.0,290.8703918457031,268.0,536365.0,220.04945373535156,218.0,382666.0,246.49162480468752,291.28749272460936,198.99101445312502,232.93120000000002,296.9312,196.93120000000002,119.57601962890624,153.9487918457031,83.12785373535155,99.07839999999999,131.0784,81.07839999999999,0mM 2DG,1h,yes,MN,2.0613800791300196,2.3509786189522646,1.8921063896139925,2.2652946633465163,2.3937946850719745,2.4288984489087113
vLH92_MN_60x-1xzoom_0006_XY25_488.tif,2,4507,2078,2429,0.46106057244286663,523.3368530273438,0.7889981411306144,543.9755859375,534.0,2451698.0,685.1054077148438,703.0,1664121.0,379.0072326660156,369.0,787577.0,False,vLH92_MN_60x-1xzoom_0006_XY25_Dapi-ex_Green-em.tif,275.0319519042969,261.0,1239569.0,329.15313720703125,324.0,799513.0,211.76901245117188,210.0,440056.0,407.9067859375,549.0366077148437,242.93843266601564,397.9312,566.9312,232.93120000000002,138.11035190429686,192.23153720703124,74.84741245117186,124.07839999999999,187.0784,73.07839999999999,0mM 2DG,1h,yes,MN,2.953484516643312,3.207094869050536,2.8561214028244355,3.0304471280489893,3.2457826491263297,3.1874151596094067
vLH92_MN_60x-1xzoom_0006_XY25_488.tif,3,4328,2227,2101,0.5145563770794824,875.9960327148438,0.13248306296853762,826.9558715820312,879.5,3579065.0,997.217041015625,997.0,2095153.0,666.3278198242188,652.0,1483912.0,False,vLH92_MN_60x-1xzoom_0006_XY25_Dapi-ex_Green-em.tif,339.96649169921875,326.0,1471375.0,397.2960510253906,375.0,834719.0,285.88055419921875,275.0,636656.0,690.8870715820312,861.148241015625,530.2590198242187,743.4312,860.9312,515.9312,203.04489169921874,260.3744510253906,148.95895419921874,189.0784,238.0784,138.0784,0mM 2DG,1h,yes,MN,3.4026321263254395,3.931867415844433,3.307345392853654,3.6161667753143503,3.559765995101219,3.736509113662963
vLH92_MN_60x-1xzoom_0006_XY25_488.tif,4,3596,1775,1822,0.49360400444938823,446.8258514404297,0.48910689841393856,518.4490966796875,461.0,1864343.0,629.396240234375,650.0,1146760.0,404.4360656738281,412.0,717874.0,False,vLH92_MN_60x-1xzoom_0006_XY25_Dapi-ex_Green-em.tif,254.99276733398438,233.0,916954.0,298.8139343261719,288.5,544439.0,209.97972106933594,210.0,372714.0,382.3802966796875,493.327440234375,268.3672656738281,324.9312,513.9312,275.9312,118.07116733398436,161.89233432617186,73.05812106933593,96.07839999999999,151.5784,73.07839999999999,0mM 2DG,1h,yes,MN,3.238557772517484,3.38193808389815,3.04725632802629,3.3905305769159724,3.673339277629844,3.775824320182161
vLH92_MN_60x-1xzoom_0006_XY25_488.tif,5,5073,1988,3093,0.39187857283658584,718.2308349609375,0.30889463203849277,692.420654296875,728.0,3512650.0,825.5964965820312,878.0,2553570.0,483.3677062988281,448.0,960935.0,False,vLH92_MN_60x-1xzoom_0006_XY25_Dapi-ex_Green-em.tif,284.8545227050781,278.0,1445067.0,320.7329406738281,324.0,992027.0,228.58248901367188,223.0,454422.0,556.351854296875,689.5276965820312,347.2989062988281,591.9312,741.9312,311.9312,147.9329227050781,183.8113406738281,91.66088901367186,141.0784,187.0784,86.07839999999999,0mM 2DG,1h,yes,MN,3.7608386566256695,4.195760655068388,3.7512794044932902,3.9658838219698267,3.788954155212547,3.62380341642038
vLH92_MN_60x-1xzoom_0006_XY25_488.tif,6,3690,1464,2226,0.3967479674796748,500.75352478027344,0.7389880675454485,587.2631225585938,506.0,2167001.0,692.9200439453125,728.0,1542440.0,426.6127014160156,425.0,624561.0,False,vLH92_MN_60x-1xzoom_0006_XY25_Dapi-ex_Green-em.tif,283.60784912109375,264.0,1046513.0,321.1154479980469,320.0,714803.0,226.57786560058594,225.0,331710.0,451.19432255859374,556.8512439453125,290.5439014160156,369.9312,591.9312,288.9312,146.68624912109374,184.19384799804686,89.65626560058593,127.07839999999999,183.0784,88.07839999999999,0mM 2DG,1h,yes,MN,3.075914240510164,2.9110470386784852,3.0231804699102502,3.233211564007551,3.2406424634099062,3.2803865646969066
vLH92_MN_60x-1xzoom_0006_XY26_488.tif,1,710,412,298,0.5802816901408451,201.68108367919922,0.3524770113779893,203.29718017578125,201.0,144341.0,218.74160766601562,217.0,65185.0,192.126220703125,189.0,79156.0,False,vLH92_MN_60x-1xzoom_0006_XY26_Dapi-ex_Green-em.tif,267.3760681152344,263.5,189837.0,286.013427734375,278.0,85232.0,253.8956298828125,250.5,104605.0,65.14838017578126,80.59280766601563,53.977420703125006,62.851200000000006,78.8512,50.851200000000006,127.54886811523437,146.186227734375,114.0684298828125,123.6728,138.1728,110.6728,0mM 2DG,1h,yes,MN,0.5107719193315207,0.5082055229605864,0.5513023279624898,0.5706709279974063,0.4732021012174743,0.4594733303937373
vLH92_MN_60x-1xzoom_0006_XY26_488.tif,2,977,260,717,0.2661207778915046,215.75721740722656,0.7458994002037999,217.54554748535156,215.0,212542.0,223.1882781982422,219.0,160026.0,201.984619140625,202.0,52516.0,False,vLH92_MN_60x-1xzoom_0006_XY26_Dapi-ex_Green-em.tif,340.3428955078125,331.0,332515.0,353.77685546875,341.0,253658.0,303.296142578125,301.0,78857.0,79.39674748535157,85.0394781982422,63.835819140625006,76.8512,80.8512,63.851200000000006,200.5156955078125,213.94965546875,163.468942578125,191.1728,201.1728,161.1728,0mM 2DG,1h,yes,MN,0.39596275635319583,0.40199861068101744,0.3974742469761222,0.4018992627233901,0.39050732288255074,0.396166102468903
vLH92_MN_60x-1xzoom_0006_XY26_488.tif,3,847,518,329,0.6115702479338843,272.2617492675781,0.6158272601460885,280.55255126953125,272.0,237628.0,314.1459045410156,308.0,103354.0,259.2162170410156,255.0,134274.0,False,vLH92_MN_60x-1xzoom_0006_XY26_Dapi-ex_Green-em.tif,350.89727783203125,350.0,297210.0,346.2370910644531,341.0,113912.0,353.8571472167969,351.5,183298.0,142.40375126953126,175.99710454101563,121.06741704101563,133.8512,169.8512,116.8512,211.07007783203125,206.40989106445312,214.02994721679687,210.1728,201.1728,211.6728,0mM 2DG,1h,yes,MN,0.6746752203448544,0.6368626197110188,0.8526582889676501,0.8443049955063509,0.565656435537888,0.5520369173554657
vLH92_MN_60x-1xzoom_0006_XY26_488.tif,4,1224,628,596,0.5130718954248366,261.7587585449219,0.6426911559372966,280.8398742675781,263.0,343748.0,321.5184631347656,313.0,191625.0,242.23406982421875,242.0,152123.0,False,vLH92_MN_60x-1xzoom_0006_XY26_Dapi-ex_Green-em.tif,239.91748046875,238.0,293659.0,249.98489379882812,249.0,148991.0,230.36305236816406,229.0,144668.0,142.69107426757813,183.36966313476563,104.08526982421876,124.8512,174.8512,103.8512,100.09028046875,110.15769379882812,90.53585236816406,98.1728,109.1728,89.1728,0mM 2DG,1h,yes,MN,1.425623682932219,1.2717494051305454,1.664610585163833,1.601600398634092,1.1496580316155416,1.1646062476450219
vLH92_MN_60x-1xzoom_0006_XY26_488.tif,5,1325,751,574,0.5667924528301886,329.24481201171875,0.27690993788521134,338.8551025390625,329.0,448983.0,369.7264709472656,358.0,212223.0,315.2596435546875,313.0,236760.0,False,vLH92_MN_60x-1xzoom_0006_XY26_Dapi-ex_Green-em.tif,312.2135925292969,304.0,413683.0,328.7508850097656,318.0,188703.0,299.57391357421875,296.0,224980.0,200.7063025390625,231.57767094726563,177.1108435546875,190.8512,219.8512,174.8512,172.38639252929687,188.92368500976562,159.74671357421875,164.1728,178.1728,156.1728,0mM 2DG,1h,yes,MN,1.1642815862333955,1.162501949165757,1.2257736288348133,1.2339212270335316,1.1086978854961003,1.1196008523891485
vLH92_MN_60x-1xzoom_0006_XY26_488.tif,6,2523,1295,1228,0.5132778438367024,398.4587707519531,0.7556309675252276,465.051513671875,399.0,1173325.0,581.70849609375,556.0,714338.0,354.43011474609375,354.0,458987.0,False,vLH92_MN_60x-1xzoom_0006_XY26_Dapi-ex_Green-em.tif,244.80023193359375,224.0,617631.0,282.633544921875,262.0,347074.0,208.92433166503906,208.0,270557.0,326.902713671875,443.55969609375,216.28131474609376,260.8512,417.8512,215.8512,104.97303193359375,142.806344921875,69.09713166503906,84.1728,122.1728,68.1728,0mM 2DG,1h,yes,MN,3.1141590144664453,3.098996350364964,3.106022329304822,3.4201655360276595,3.130105541783657,3.166236387532858
vLH92_MN_60x-1xzoom_0006_XY26_488.tif,7,3825,1776,2049,0.46431372549019606,645.1970825195312,0.7119380487865274,684.080810546875,649.0,2616609.0,801.2596435546875,819.0,1641781.0,548.8896484375,544.0,974828.0,False,vLH92_MN_60x-1xzoom_0006_XY26_Dapi-ex_Green-em.tif,331.6562194824219,321.0,1268585.0,375.5773620605469,373.0,769558.0,280.9836730957031,276.0,499027.0,545.9320105468751,663.1108435546876,410.7408484375,510.8512,680.8512000000001,405.8512,191.82901948242187,235.75016206054687,141.15647309570312,181.1728,233.1728,136.1728,0mM 2DG,1h,yes,MN,2.8459302561200923,2.8196903729478158,2.812769407065702,2.9199426348184696,2.909826516840078,2.9804131221506793
vLH92_MN_60x-1xzoom_0006_XY26_488.tif,8,3241,1603,1639,0.4946004319654428,583.9774780273438,0.6712110835955031,660.7655029296875,593.0,2141541.0,809.3111572265625,839.0,1326461.0,508.7192687988281,508.0,815477.0,False,vLH92_MN_60x-1xzoom_0006_XY26_Dapi-ex_Green-em.tif,310.4134521484375,283.0,1006050.0,368.0323486328125,349.0,603205.0,251.49594116210938,250.0,403148.0,522.6167029296876,671.1623572265626,370.57046879882813,454.8512,700.8512000000001,369.8512,170.5862521484375,228.2051486328125,111.66874116210937,143.1728,209.1728,110.1728,0mM 2DG,1h,yes,MN,3.0636507710769503,3.176938636389035,2.9410482684002837,3.350584779665425,3.318479862335615,3.3570100787127135
vLH92_MN_60x-1xzoom_0006_XY26_488.tif,9,2719,1358,1361,0.49944832659065835,248.7425079345703,0.7716588225784904,271.8664855957031,248.0,739205.0,330.7024230957031,326.0,450086.0,212.9005889892578,212.0,289119.0,False,vLH92_MN_60x-1xzoom_0006_XY26_Dapi-ex_Green-em.tif,234.6572265625,211.0,638033.0,278.63116455078125,269.0,379217.0,190.58615112304688,190.0,258816.0,133.71768559570313,192.55362309570313,74.75178898925782,109.8512,187.8512,73.8512,94.8300265625,138.80396455078125,50.75895112304687,71.1728,129.1728,50.172799999999995,0mM 2DG,1h,yes,MN,1.4100774875094366,1.54344356270935,1.3872343179740925,1.4542628169397893,1.4726819080254223,1.4719369857771545
vLH92_MN_60x-1xzoom_0006_XY26_488.tif,10,1072,731,342,0.6819029850746269,239.2922592163086,0.6480977936875039,256.1595153808594,238.0,274603.0,313.877197265625,293.5,107346.0,229.0889129638672,226.0,167464.0,False,vLH92_MN_60x-1xzoom_0006_XY26_Dapi-ex_Green-em.tif,350.89178466796875,311.0,376156.0,474.9853820800781,473.5,162445.0,292.68536376953125,292.0,213953.0,118.01071538085938,175.728397265625,90.9401129638672,99.8512,155.3512,87.8512,211.06458466796875,335.1581820800781,152.85816376953125,171.1728,333.6728,152.1728,0mM 2DG,1h,yes,MN,0.5591213493561942,0.583335670153202,0.5243148061461882,0.4655794538841644,0.5949313449884187,0.5773121083399925
vLH92_MN_60x-1xzoom_0006_XY26_488.tif,11,2021,1100,921,0.5442850074220683,188.2177276611328,0.5772025959050378,197.82533264160156,190.0,399805.0,215.9131317138672,206.0,198856.0,182.680908203125,182.0,200949.0,False,vLH92_MN_60x-1xzoom_0006_XY26_Dapi-ex_Green-em.tif,188.99851989746094,180.0,381966.0,208.36155700683594,192.0,191901.0,172.78636169433594,173.0,190065.0,59.67653264160157,77.7643317138672,44.532108203125006,51.851200000000006,67.8512,43.851200000000006,49.17131989746093,68.53435700683593,32.95916169433593,40.172799999999995,52.172799999999995,33.172799999999995,0mM 2DG,1h,yes,MN,1.2136451241505741,1.2907041580372793,1.134676607619017,1.3005090775269874,1.3511298805508727,1.321902281387161
vLH92_MN_60x-1xzoom_0006_XY27_488.tif,1,1459,783,676,0.5366689513365319,176.6908416748047,0.3195326436121433,180.80123901367188,177.0,263789.0,193.8505859375,192.0,131043.0,169.53512573242188,169.0,132746.0,False,vLH92_MN_60x-1xzoom_0006_XY27_Dapi-ex_Green-em.tif,236.35914611816406,234.0,344848.0,249.69970703125,245.0,168797.0,224.8416290283203,224.0,176051.0,43.65563901367187,56.7049859375,32.38952573242187,39.8544,54.8544,31.8544,99.22314611816407,112.56370703125,87.70562902832032,96.864,107.864,86.864,0mM 2DG,1h,yes,MN,0.4399743479377555,0.4114469772051536,0.503759048391659,0.5085515093080175,0.3692981407380732,0.366715785595874
vLH92_MN_60x-1xzoom_0006_XY27_488.tif,2,560,290,270,0.5178571428571429,196.51144409179688,0.3200310397005437,197.83570861816406,197.0,110788.0,204.5,203.0,55215.0,191.6310272216797,192.0,55573.0,False,vLH92_MN_60x-1xzoom_0006_XY27_Dapi-ex_Green-em.tif,239.9357147216797,238.0,134364.0,244.64443969726562,241.5,66054.0,235.55172729492188,235.0,68310.0,60.69010861816406,67.3544,54.485427221679686,59.8544,65.8544,54.8544,102.79971472167969,107.50843969726563,98.41572729492188,100.864,104.364,97.864,0mM 2DG,1h,yes,MN,0.5903723447334136,0.5934168781725888,0.626503372104219,0.6310068606032732,0.5536252052317157,0.5605166353306629
vLH92_MN_60x-1xzoom_0006_XY27_488.tif,3,2259,1119,1140,0.4953519256308101,282.8162536621094,0.7422549146527181,306.68438720703125,286.0,692800.0,346.0,325.0,394440.0,266.63092041015625,265.0,298360.0,False,vLH92_MN_60x-1xzoom_0006_XY27_Dapi-ex_Green-em.tif,213.14830017089844,202.0,481502.0,231.6149139404297,214.0,264041.0,194.33511352539062,194.0,217461.0,169.53878720703125,208.8544,129.48532041015625,148.8544,187.8544,127.8544,76.01230017089844,94.47891394042969,57.19911352539063,64.864,76.864,56.864000000000004,0mM 2DG,1h,yes,MN,2.2304125362060776,2.2948692649235323,2.2105927268775094,2.443984179850125,2.2637644611865855,2.248424310635903
vLH92_MN_60x-1xzoom_0006_XY27_488.tif,4,1771,869,902,0.4906832298136646,329.2864074707031,0.7826125246627926,397.7651062011719,335.0,704442.0,481.1341552734375,428.0,433983.0,311.23016357421875,312.0,270459.0,False,vLH92_MN_60x-1xzoom_0006_XY27_Dapi-ex_Green-em.tif,272.9107971191406,231.0,483325.0,325.43902587890625,271.5,293546.0,218.38780212402344,217.0,189779.0,260.6195062011719,343.9885552734375,174.08456357421875,197.8544,290.8544,174.8544,135.77479711914063,188.30302587890625,81.25180212402344,93.864,134.364,79.864,0mM 2DG,1h,yes,MN,1.9194984027299384,2.1078837466973495,1.8267818781342864,2.1646750617724986,2.1425317226625276,2.1894019833717318
vLH92_MN_60x-1xzoom_0006_XY27_488.tif,5,1553,885,668,0.5698647778493239,199.3167266845703,0.2164089667245496,202.9336700439453,200.0,315156.0,215.4850311279297,212.0,143944.0,193.4598846435547,193.0,171212.0,False,vLH92_MN_60x-1xzoom_0006_XY27_Dapi-ex_Green-em.tif,303.72955322265625,291.0,471692.0,336.68414306640625,320.0,224905.0,278.8553771972656,277.0,246787.0,65.78807004394531,78.33943112792969,56.314284643554686,62.8544,74.8544,55.8544,166.59355322265625,199.54814306640625,141.71937719726563,153.864,182.864,139.864,0mM 2DG,1h,yes,MN,0.39490165598435845,0.40850621327925957,0.39258411491135575,0.4093446495756409,0.3973647482599947,0.39934793799691126
vLH92_MN_60x-1xzoom_0006_XY27_488.tif,6,1187,665,522,0.5602358887952822,191.28224182128906,0.5612265949139245,196.64700317382812,193.0,233420.0,208.01341247558594,201.0,108583.0,187.7248077392578,188.0,124837.0,False,vLH92_MN_60x-1xzoom_0006_XY27_Dapi-ex_Green-em.tif,194.6748046875,185.0,231079.0,210.2394561767578,190.0,109745.0,182.45713806152344,182.0,121334.0,59.50140317382812,70.86781247558594,50.57920773925781,55.8544,63.8544,50.8544,57.538804687500004,73.10345617675782,45.32113806152344,47.864000000000004,52.864000000000004,44.864000000000004,0mM 2DG,1h,yes,MN,1.034109128560929,1.1669396623767339,0.9694180847514748,1.2078995157384986,1.11601804152836,1.1335235378031383
vLH92_MN_60x-1xzoom_0006_XY27_488.tif,7,2047,986,1062,0.48168050806057644,504.45721435546875,0.39879032952497906,512.1133422851562,508.0,1048296.0,596.427490234375,589.0,633406.0,421.1227111816406,422.0,415227.0,False,vLH92_MN_60x-1xzoom_0006_XY27_Dapi-ex_Green-em.tif,332.4069519042969,306.0,680437.0,377.9265441894531,355.0,401358.0,283.33062744140625,267.0,279364.0,374.96774228515625,459.281890234375,283.9771111816406,370.8544,451.8544,284.8544,195.27095190429688,240.79054418945313,146.19462744140625,168.864,217.864,129.864,0mM 2DG,1h,yes,MN,1.9202433266619683,2.1961720674625735,1.907391719971419,2.074020489846877,1.9424592828861416,2.193482412369864
vLH92_MN_60x-1xzoom_0006_XY27_488.tif,8,1063,549,514,0.5164628410159925,244.96734619140625,0.4571008122407345,252.9661407470703,246.0,268903.0,277.7295837402344,271.0,142753.0,229.7814178466797,230.0,126150.0,False,vLH92_MN_60x-1xzoom_0006_XY27_Dapi-ex_Green-em.tif,219.544677734375,211.0,233376.0,236.26458740234375,227.0,121440.0,203.89071655273438,203.0,111936.0,115.82054074707031,140.58398374023437,92.63581784667969,108.8544,133.8544,92.8544,82.408677734375,99.12858740234375,66.75471655273438,73.864,89.864,65.864,0mM 2DG,1h,yes,MN,1.4054410764894274,1.4737138524856492,1.418198195134479,1.4895219442713432,1.3877044594069987,1.409789870035224
vLH92_MN_60x-1xzoom_0006_XY27_488.tif,9,3223,1612,1611,0.5001551349674217,307.3360595703125,0.6928007283951768,348.806396484375,308.0,1124203.0,417.2873840332031,416.0,672250.0,280.36785888671875,280.0,451953.0,False,vLH92_MN_60x-1xzoom_0006_XY27_Dapi-ex_Green-em.tif,283.8638000488281,260.0,914893.0,326.39788818359375,315.0,525827.0,241.3560791015625,241.0,389066.0,211.660796484375,280.1417840332031,143.22225888671875,170.8544,278.8544,142.8544,146.72780004882813,189.26188818359375,104.2200791015625,122.864,177.864,103.864,0mM 2DG,1h,yes,MN,1.4425405166160634,1.3905977340799582,1.480180646625755,1.5677956191247244,1.3742290364906422,1.3753985981668335
vLH92_MN_60x-1xzoom_0006_XY27_488.tif,10,3467,1638,1829,0.4724545716758004,352.15460205078125,0.6123762402055698,337.841064453125,353.0,1171295.0,412.07598876953125,416.0,753687.0,254.94993591308594,246.0,417608.0,False,vLH92_MN_60x-1xzoom_0006_XY27_Dapi-ex_Green-em.tif,235.85116577148438,231.0,817696.0,272.23565673828125,259.0,497919.0,195.22406005859375,191.0,319777.0,200.695464453125,274.93038876953125,117.80433591308594,215.8544,278.8544,108.8544,98.71516577148438,135.09965673828125,58.088060058593754,93.864,121.864,53.864000000000004,0mM 2DG,1h,yes,MN,2.0330763047869937,2.2996505582544957,2.0350191511006863,2.288242631129784,2.028030128640138,2.0209119263329867
vLH92_MN_60x-1xzoom_0006_XY27_488.tif,11,1808,1029,779,0.5691371681415929,205.1022720336914,0.6562841390521355,254.3760986328125,206.5,459912.0,333.3876647949219,246.0,259709.0,194.5607452392578,194.0,200203.0,False,vLH92_MN_60x-1xzoom_0006_XY27_Dapi-ex_Green-em.tif,270.3268737792969,265.0,488751.0,291.12322998046875,283.0,226785.0,254.5830841064453,253.0,261966.0,117.2304986328125,196.24206479492187,57.41514523925781,69.3544,108.8544,56.8544,133.19087377929688,153.98722998046875,117.44708410644532,127.864,145.864,115.864,0mM 2DG,1h,yes,MN,0.8801691535342623,0.5424075580304073,1.2744047985005809,0.7462732408270718,0.4888596909500196,0.49069944072360694
vLH92_MN_60x-1xzoom_0006_XY27_488.tif,12,1679,966,713,0.5753424657534246,340.6099548339844,0.42555555368472225,342.6736145019531,340.0,575349.0,388.5511779785156,387.0,277037.0,308.81158447265625,311.0,298312.0,False,vLH92_MN_60x-1xzoom_0006_XY27_Dapi-ex_Green-em.tif,327.930908203125,326.0,550596.0,352.2664794921875,351.0,251166.0,309.96893310546875,304.0,299430.0,205.52801450195312,251.40557797851562,171.66598447265625,202.8544,249.8544,173.8544,190.794908203125,215.1304794921875,172.83293310546875,188.864,213.864,166.864,0mM 2DG,1h,yes,MN,1.0772195989797742,1.0740765842087427,1.1686190565463108,1.168286387610818,0.9932481118508798,1.0418927989260716
vLH92_MN_60x-1xzoom_0006_XY27_488.tif,13,2402,1236,1166,0.514571190674438,262.0636901855469,0.8322661892094156,302.98583984375,268.0,727772.0,355.98284912109375,350.0,415076.0,252.99029541015625,253.0,312696.0,False,vLH92_MN_60x-1xzoom_0006_XY27_Dapi-ex_Green-em.tif,289.3538818359375,264.0,695028.0,332.38250732421875,331.0,387558.0,248.7621307373047,248.0,307470.0,165.84023984375,218.83724912109375,115.84469541015625,130.8544,212.8544,115.8544,152.2178818359375,195.24650732421875,111.62613073730469,126.864,193.864,110.864,0mM 2DG,1h,yes,MN,1.0894924948600642,1.031454155631227,1.1208254227959178,1.0979573309123922,1.0377919098779775,1.0450137104921344
vLH92_MN_60x-1xzoom_0006_XY27_488.tif,14,2462,1273,1189,0.5170593013809911,237.07781219482422,0.7427939935595481,262.12713623046875,239.0,645357.0,308.8654479980469,307.0,367241.0,218.472900390625,216.0,278116.0,False,vLH92_MN_60x-1xzoom_0006_XY27_Dapi-ex_Green-em.tif,223.90576171875,205.0,551256.0,253.73675537109375,239.0,301693.0,196.04319763183594,190.0,249563.0,124.98153623046875,171.71984799804687,81.327300390625,101.8544,169.8544,78.8544,86.76976171875,116.60075537109375,58.90719763183594,67.864,101.864,52.864000000000004,0mM 2DG,1h,yes,MN,1.4403812313738507,1.500860544618649,1.4727164283930323,1.667462499018299,1.380600396218344,1.4916464891041161
vLH92_MN_60x-1xzoom_0006_XY27_488.tif,15,1804,911,893,0.5049889135254989,222.42627716064453,0.38730742739212765,249.19456481933594,222.0,449547.0,293.10302734375,270.0,261741.0,206.15367126464844,205.0,187806.0,False,vLH92_MN_60x-1xzoom_0006_XY27_Dapi-ex_Green-em.tif,231.6369171142578,226.0,417873.0,229.2105255126953,228.0,204685.0,234.01536560058594,224.0,213188.0,112.04896481933594,155.95742734375,69.00807126464844,84.8544,132.8544,67.8544,94.50091711425782,92.07452551269532,96.87936560058594,88.864,90.864,86.864,0mM 2DG,1h,yes,MN,1.1856918243858032,0.9548793662225422,1.6938173341142708,1.4621236133122029,0.7123092811027972,0.7811567507828329
vLH92_MN_60x-1xzoom_0006_XY27_488.tif,16,846,454,392,0.5366430260047281,201.0637664794922,0.3549378060102712,204.29905700683594,202.0,172837.0,216.551025390625,214.0,84888.0,193.7202606201172,193.0,87949.0,False,vLH92_MN_60x-1xzoom_0006_XY27_Dapi-ex_Green-em.tif,302.1879577636719,294.5,255651.0,327.5025634765625,319.0,128381.0,280.33038330078125,279.5,127270.0,67.15345700683594,79.405425390625,56.574660620117186,64.8544,76.8544,55.8544,165.05195776367188,190.3665634765625,143.19438330078125,157.364,181.864,142.364,0mM 2DG,1h,yes,MN,0.4068625293314545,0.4121298390991586,0.41711855244159624,0.4225927066379272,0.3950899421891537,0.3923351409064089
vLH92_MN_60x-1xzoom_0006_XY28_488.tif,1,6678,3451,3228,0.5167714884696016,767.1754150390625,0.13734582352199315,743.2565307617188,764.0,4963467.0,842.9606323242188,840.0,2721077.0,649.8530883789062,687.0,2242643.0,False,vLH92_MN_60x-1xzoom_0006_XY28_Dapi-ex_Green-em.tif,287.49114990234375,272.0,1919866.0,330.0920104980469,307.0,1065537.0,247.61402893066406,245.0,854516.0,604.4549307617187,704.1590323242187,511.05148837890624,625.1984,701.1984,548.1984,148.02874990234375,190.62961049804687,108.15162893066406,132.5376,167.5376,105.5376,0mM 2DG,1h,yes,MN,4.083361719669217,4.7171398908687046,3.6938596815285067,4.185319593929959,4.72532400512008,5.194342111247556
vLH92_MN_60x-1xzoom_0006_XY28_488.tif,2,4471,2145,2326,0.4797584433012749,581.2576904296875,0.23238595821878763,603.3884887695312,579.0,2697750.0,762.7854614257812,782.0,1774239.0,430.541259765625,412.0,923511.0,False,vLH92_MN_60x-1xzoom_0006_XY28_Dapi-ex_Green-em.tif,284.6611633300781,269.0,1272720.0,327.06622314453125,316.5,760756.0,238.6778564453125,236.0,511964.0,464.58688876953124,623.9838614257812,291.739659765625,440.1984,643.1984,273.1984,145.19876333007812,187.60382314453125,99.2154564453125,129.5376,177.0376,96.5376,0mM 2DG,1h,yes,MN,3.199661471726126,3.3982287768184682,3.326072203470288,3.6331174846473293,2.9404658328254705,2.829968841156192
vLH92_MN_60x-1xzoom_0006_XY28_488.tif,3,4803,2394,2409,0.49843847595252966,294.9655456542969,0.6671573879627696,325.89630126953125,297.0,1565280.0,389.6849365234375,396.0,938751.0,261.7080078125,261.0,626529.0,False,vLH92_MN_60x-1xzoom_0006_XY28_Dapi-ex_Green-em.tif,261.06829833984375,233.0,1253911.0,306.2748107910156,281.0,737816.0,215.5785369873047,214.0,516095.0,187.09470126953124,250.8833365234375,122.90640781249999,158.1984,257.1984,122.19839999999999,121.60589833984375,166.81241079101562,76.11613698730469,93.5376,141.5376,74.5376,0mM 2DG,1h,yes,MN,1.5385331124866195,1.691281367065223,1.5039848374216402,1.8171736697527723,1.6147220901791088,1.6394195681105912
vLH92_MN_60x-1xzoom_0006_XY28_488.tif,4,2618,1395,1223,0.5328495034377387,403.3220520019531,0.6946951197382765,432.84759521484375,408.0,1133195.0,492.8977966308594,489.0,602814.0,380.2014465332031,380.0,530381.0,False,vLH92_MN_60x-1xzoom_0006_XY28_Dapi-ex_Green-em.tif,280.8392028808594,268.0,735237.0,310.3041687011719,304.0,379502.0,255.00717163085938,252.0,355735.0,294.04599521484374,354.09619663085937,241.39984653320312,269.1984,350.1984,241.1984,141.37680288085937,170.84176870117187,115.54477163085937,128.5376,164.5376,112.5376,0mM 2DG,1h,yes,MN,2.0798744152012074,2.094316371240789,2.0726558810698528,2.128379166828737,2.089232105667434,2.1432694494995452
vLH92_MN_60x-1xzoom_0006_XY28_488.tif,5,1948,984,964,0.5051334702258727,301.1982727050781,0.7906986738161124,339.2181701660156,305.0,660797.0,395.6587219238281,389.0,381415.0,283.9248046875,284.0,279382.0,False,vLH92_MN_60x-1xzoom_0006_XY28_Dapi-ex_Green-em.tif,227.50924682617188,220.0,443188.0,246.15353393554688,243.0,237292.0,209.243896484375,209.0,205896.0,200.41657016601562,256.8571219238281,145.1232046875,166.1984,250.1984,145.1984,88.04684682617187,106.69113393554687,69.781496484375,80.5376,103.5376,69.5376,0mM 2DG,1h,yes,MN,2.2762492626418727,2.0636125238397964,2.4074832879646584,2.4164979678879943,2.079680316400136,2.0880559582154117
vLH92_MN_60x-1xzoom_0006_XY28_488.tif,6,1997,1027,970,0.514271407110666,323.16461181640625,0.7731832630118479,349.69354248046875,326.0,698338.0,407.98968505859375,392.0,395750.0,294.6329040527344,293.0,302588.0,False,vLH92_MN_60x-1xzoom_0006_XY28_Dapi-ex_Green-em.tif,239.5803680419922,229.0,478442.0,257.8216552734375,249.0,250087.0,222.3515167236328,217.0,228355.0,210.89194248046874,269.18808505859374,155.83130405273437,187.1984,253.1984,154.1984,100.11796804199219,118.3592552734375,82.88911672363281,89.5376,109.5376,77.5376,0mM 2DG,1h,yes,MN,2.106434505262981,2.0907238969996964,2.2743306760143636,2.311520427688757,1.8799971602098728,1.9886919378469283
vLH92_MN_60x-1xzoom_0006_XY28_488.tif,7,3786,1797,1989,0.4746434231378764,419.4412841796875,0.6354636077343319,426.9648742675781,421.0,1616489.0,519.0880126953125,518.0,1032466.0,324.9989013671875,316.0,584023.0,False,vLH92_MN_60x-1xzoom_0006_XY28_Dapi-ex_Green-em.tif,260.11041259765625,250.0,984778.0,301.33636474609375,290.0,599358.0,214.4796905517578,212.0,385420.0,288.1632742675781,380.2864126953125,186.1973013671875,282.1984,379.1984,177.1984,120.64801259765625,161.87396474609375,75.01729055175781,110.5376,150.5376,72.5376,0mM 2DG,1h,yes,MN,2.3884626697379687,2.552962973684972,2.3492747168564634,2.5189613757626,2.4820584694234133,2.442848950061761
vLH92_MN_60x-1xzoom_0006_XY28_488.tif,8,3130,1444,1687,0.46134185303514375,677.23681640625,0.44853129875426123,762.3472900390625,669.5,2386147.0,953.9691772460938,1000.0,1609346.0,538.2645263671875,549.0,777254.0,False,vLH92_MN_60x-1xzoom_0006_XY28_Dapi-ex_Green-em.tif,338.8383483886719,328.0,1060564.0,394.732666015625,404.0,665914.0,273.5533142089844,266.0,395011.0,623.5456900390625,815.1675772460937,399.4629263671875,530.6984,861.1984,410.1984,199.37594838867187,255.270266015625,134.09091420898437,188.5376,264.5376,126.5376,0mM 2DG,1h,yes,MN,3.1274870167563855,2.8148146576597983,3.1933510704932537,3.255485798616151,2.979045438862573,3.24171155451028
vLH92_MN_60x-1xzoom_0006_XY28_488.tif,9,2944,1477,1468,0.5016983695652174,502.9787292480469,0.4096675533813699,572.2119750976562,500.0,1684592.0,723.9693603515625,733.0,1062787.0,421.15167236328125,425.0,622041.0,False,vLH92_MN_60x-1xzoom_0006_XY28_Dapi-ex_Green-em.tif,278.8763732910156,245.0,821012.0,337.3487854003906,307.0,495228.0,220.71090698242188,219.0,325990.0,433.41037509765624,585.1677603515625,282.35007236328124,361.1984,594.1984,286.1984,139.41397329101562,197.88638540039062,81.24850698242187,105.5376,167.5376,79.5376,0mM 2DG,1h,yes,MN,3.1088015416714825,3.4224617577053107,2.957089539876993,3.546656989237043,3.4751416715185637,3.5982780471123093
vLH92_MN_60x-1xzoom_0006_XY28_488.tif,10,1622,824,799,0.5080147965474723,463.75660705566406,0.3200907761552947,485.40936279296875,464.0,787334.0,539.218994140625,529.0,430836.0,433.1298522949219,432.0,356899.0,False,vLH92_MN_60x-1xzoom_0006_XY28_Dapi-ex_Green-em.tif,269.77557373046875,260.0,437576.0,289.49810791015625,282.0,231309.0,250.6177215576172,251.0,206509.0,346.60776279296874,400.417394140625,294.32825229492187,325.1984,390.1984,293.1984,130.31317373046875,150.03570791015625,111.15532155761719,120.5376,142.5376,111.5376,0mM 2DG,1h,yes,MN,2.6598060109399957,2.697900074333652,2.6688139758063545,2.7375120669914463,2.6479006868092885,2.628695614752335
vLH92_MN_60x-1xzoom_0006_XY29_488.tif,1,5016,1985,3031,0.39573365231259966,325.3278503417969,0.20084378016741788,319.3048095703125,324.0,1601633.0,342.66082763671875,350.0,1038605.0,283.64129638671875,287.0,563028.0,False,vLH92_MN_60x-1xzoom_0006_XY29_Dapi-ex_Green-em.tif,227.51953125,220.0,1141238.0,241.713623046875,236.0,732634.0,205.84584045410156,204.0,408604.0,178.2840095703125,201.64002763671874,142.62049638671874,182.9792,208.9792,145.9792,88.16753125,102.361623046875,66.49384045410156,80.648,96.648,64.648,0mM 2DG,1h,yes,MN,2.0221050430093843,2.268862216049995,1.9698791562183482,2.1622713351543745,2.1448677864405323,2.2580621210246257
vLH92_MN_60x-1xzoom_0006_XY29_488.tif,2,9090,4479,4611,0.49273927392739275,325.093017578125,0.27986429741357793,324.077880859375,324.0,2945868.0,363.3274841308594,356.0,1675303.0,283.67156982421875,284.0,1270565.0,False,vLH92_MN_60x-1xzoom_0006_XY29_Dapi-ex_Green-em.tif,228.02255249023438,225.0,2072725.0,243.0782928466797,240.0,1120834.0,212.52310180664062,207.0,951891.0,183.057080859375,222.30668413085937,142.65076982421874,182.9792,214.9792,142.9792,88.67055249023437,103.72629284667968,73.17110180664062,85.648,100.648,67.648,0mM 2DG,1h,yes,MN,2.064463068272139,2.1364094900056045,2.143204755803393,2.135951037278436,1.9495506600567891,2.1135761589403974
vLH92_MN_60x-1xzoom_0006_XY29_488.tif,3,4758,2177,2581,0.45754518705338376,315.6727294921875,0.45266701691582867,335.45166015625,315.0,1596079.0,399.62689208984375,394.0,1031437.0,259.36700439453125,255.0,564642.0,False,vLH92_MN_60x-1xzoom_0006_XY29_Dapi-ex_Green-em.tif,243.7469482421875,229.0,1159748.0,278.5389404296875,254.0,718909.0,202.49839782714844,197.0,440839.0,194.43086015625,258.60609208984374,118.34620439453124,173.9792,252.9792,113.97919999999999,104.3949482421875,139.1869404296875,63.146397827148434,89.648,114.648,57.647999999999996,0mM 2DG,1h,yes,MN,1.862454682243692,1.9406924861681243,1.8579766987584783,2.2065731630730583,1.8741560637945185,1.977157923952262
vLH92_MN_60x-1xzoom_0006_XY29_488.tif,4,3257,1606,1651,0.4930918022720295,242.3306121826172,0.7257911931792246,260.7104797363281,244.0,849134.0,296.96728515625,293.0,490293.0,223.43772888183594,223.0,358841.0,False,vLH92_MN_60x-1xzoom_0006_XY29_Dapi-ex_Green-em.tif,215.3352813720703,205.0,701347.0,240.27134704589844,239.0,396688.0,189.70050048828125,189.0,304659.0,119.68967973632812,155.94648515625,82.41692888183593,102.97919999999999,151.9792,81.97919999999999,75.98328137207031,100.91934704589843,50.348500488281246,65.648,99.648,49.647999999999996,0mM 2DG,1h,yes,MN,1.575210724978288,1.5686570801852302,1.5452585626156008,1.5251605651894669,1.6369291653684641,1.651208507895585
vLH92_MN_60x-1xzoom_0006_XY29_488.tif,5,5268,2617,2651,0.49677296886864086,358.8547668457031,0.4507542445807719,373.3616027832031,355.0,1966869.0,435.1742858886719,406.0,1153647.0,310.7458801269531,308.0,813222.0,False,vLH92_MN_60x-1xzoom_0006_XY29_Dapi-ex_Green-em.tif,260.2230529785156,253.0,1370855.0,285.4764099121094,275.0,756798.0,234.64157104492188,229.0,614057.0,232.34080278320312,294.15348588867187,169.72508012695312,213.9792,264.9792,166.9792,120.87105297851562,146.12440991210937,95.28957104492187,113.648,135.648,89.648,0mM 2DG,1h,yes,MN,1.9222203915481801,1.8828241588061383,2.0130345509391536,1.9534324133050247,1.7811506365889767,1.8626093164376227
vLH92_MN_60x-1xzoom_0006_XY29_488.tif,6,5006,2662,2348,0.5317618857371155,404.7382049560547,0.22658420537409094,408.14703369140625,405.0,2043184.0,509.95782470703125,513.0,1197381.0,318.0882873535156,300.0,846751.0,False,vLH92_MN_60x-1xzoom_0006_XY29_Dapi-ex_Green-em.tif,241.06932067871094,238.0,1206793.0,270.5792236328125,268.0,635320.0,215.00112915039062,211.0,572333.0,267.12623369140624,368.93702470703124,177.06748735351562,263.9792,371.9792,158.9792,101.71732067871093,131.2272236328125,75.64912915039062,98.648,128.648,71.648,0mM 2DG,1h,yes,MN,2.626162701779804,2.6759711296731816,2.8114366401544517,2.891449536720353,2.340641450101892,2.2188923626619026
vLH92_MN_60x-1xzoom_0006_XY29_488.tif,7,2767,1451,1316,0.5243946512468377,495.2648010253906,0.5728527012396051,543.5865478515625,497.0,1504104.0,642.338134765625,608.0,845317.0,454.0227355957031,454.0,658787.0,False,vLH92_MN_60x-1xzoom_0006_XY29_Dapi-ex_Green-em.tif,292.4419860839844,251.0,809187.0,351.196044921875,276.0,462174.0,239.1543731689453,238.0,347013.0,402.5657478515625,501.317334765625,313.0019355957031,355.9792,466.9792,312.9792,153.08998608398437,211.844044921875,99.80237316894531,111.648,136.648,98.648,0mM 2DG,1h,yes,MN,2.629602093181438,3.1884064201777016,2.3664452543403027,3.417387740764592,3.136217362946409,3.172686724515449
vLH92_MN_60x-1xzoom_0006_XY29_488.tif,8,2941,1452,1489,0.4937096225773546,448.96044921875,0.5550593135953147,432.1900634765625,441.0,1271071.0,506.5164489746094,488.0,754203.0,355.9696960449219,348.0,516868.0,False,vLH92_MN_60x-1xzoom_0006_XY29_Dapi-ex_Green-em.tif,253.4158477783203,249.0,745296.0,281.82470703125,273.0,419637.0,224.28305053710938,219.0,325659.0,291.1692634765625,365.49564897460937,214.94889604492187,299.9792,346.9792,206.9792,114.06384777832031,142.47270703125,84.93105053710937,109.648,133.648,79.648,0mM 2DG,1h,yes,MN,2.5526866675797337,2.7358383189843862,2.5653730920859212,2.5962169280498024,2.530863502636213,2.59867416633186
vLH92_MN_60x-1xzoom_0006_XY29_488.tif,9,2029,1014,1015,0.49975357318876296,771.0418701171875,0.18679801441836197,699.0665283203125,764.0,1418406.0,873.8167724609375,870.0,886924.0,524.1439819335938,499.0,531482.0,False,vLH92_MN_60x-1xzoom_0006_XY29_Dapi-ex_Green-em.tif,312.34796142578125,303.0,633754.0,357.3586120605469,341.0,362719.0,267.29290771484375,264.0,271035.0,558.0457283203125,732.7959724609375,383.12318193359374,622.9792,728.9792,357.9792,172.99596142578125,218.00661206054687,127.94090771484375,163.648,201.648,124.648,0mM 2DG,1h,yes,MN,3.225773155171171,3.8068244035979664,3.361347463431148,3.6151075140839484,2.994532310084147,2.871920929337013
vLH92_MN_60x-1xzoom_0006_XY29_488.tif,10,5277,2627,2650,0.4978207314762175,366.08984375,0.2571387781260321,409.90960693359375,371.0,2163093.0,499.47509765625,509.0,1323609.0,319.5599670410156,322.0,839484.0,False,vLH92_MN_60x-1xzoom_0006_XY29_Dapi-ex_Green-em.tif,235.8004608154297,224.0,1244319.0,260.8026428222656,254.0,691127.0,210.57936096191406,207.0,553192.0,268.88880693359374,358.45429765625,178.53916704101562,229.9792,367.9792,180.9792,96.44846081542968,121.45064282226562,71.22736096191406,84.648,114.648,67.648,0mM 2DG,1h,yes,MN,2.7879014829293918,2.7168887628768545,2.951440102139454,3.209643430325867,2.5066093230167854,2.6753074739829708
vLH92_MN_60x-1xzoom_0006_XY29_488.tif,11,5484,2973,2513,0.5421225382932167,677.8392333984375,0.06731028991405417,778.4405517578125,684.0,4268968.0,1075.276123046875,1118.0,2702169.0,527.1964111328125,535.0,1567355.0,False,vLH92_MN_60x-1xzoom_0006_XY29_Dapi-ex_Green-em.tif,326.0948181152344,299.0,1788304.0,398.66851806640625,400.0,1001854.0,264.70098876953125,260.0,786956.0,637.4197517578125,934.255323046875,386.1756111328125,542.9792,976.9792,393.9792,186.74281811523437,259.3165180664063,125.34898876953125,159.648,260.648,120.648,0mM 2DG,1h,yes,MN,3.4133561771809426,3.4011024253357385,3.6027605569176626,3.7482704643810805,3.0808035623074828,3.265526158742789
vLH92_MN_60x-1xzoom_0006_XY29_488.tif,12,3316,1527,1789,0.46049457177322073,241.39595794677734,0.4520226911367112,247.1993408203125,241.0,819713.0,278.33148193359375,281.0,497935.0,210.72560119628906,209.0,321778.0,False,vLH92_MN_60x-1xzoom_0006_XY29_Dapi-ex_Green-em.tif,212.56634521484375,206.0,704870.0,232.85801696777344,228.0,416583.0,188.79306030273438,187.0,288287.0,106.17854082031249,137.31068193359374,69.70480119628905,99.97919999999999,139.9792,67.97919999999999,73.21434521484375,93.50601696777343,49.44106030273437,66.648,88.648,47.647999999999996,0mM 2DG,1h,yes,MN,1.4502423057767846,1.5001080302484695,1.468468943350645,1.5790452125259453,1.4098565194491588,1.4266957689724646
vLH92_MN_60x-1xzoom_0006_XY29_488.tif,13,4226,1972,2254,0.46663511594888785,343.886474609375,0.3215598545508076,388.57666015625,342.0,1642125.0,470.2662048339844,491.0,1059980.0,295.20538330078125,293.0,582145.0,False,vLH92_MN_60x-1xzoom_0006_XY29_Dapi-ex_Green-em.tif,247.8809814453125,233.0,1047545.0,276.669921875,267.0,623614.0,214.97515869140625,208.0,423931.0,247.55586015625,329.24540483398437,154.18458330078124,200.9792,349.9792,151.9792,108.5289814453125,137.317921875,75.62315869140625,93.648,127.648,68.648,0mM 2DG,1h,yes,MN,2.2810115497213324,2.1461131043909107,2.397687063264002,2.7417523188769115,2.0388540490613316,2.213891154877054
vLH92_MN_60x-1xzoom_0006_XY29_488.tif,14,5210,1989,3221,0.3817658349328215,297.174560546875,0.49358498676271684,289.4543151855469,293.0,1508057.0,320.20770263671875,318.0,1031389.0,239.65208435058594,235.0,476668.0,False,vLH92_MN_60x-1xzoom_0006_XY29_Dapi-ex_Green-em.tif,245.0372314453125,236.0,1276644.0,265.0835266113281,254.0,853834.0,212.57415771484375,207.0,422810.0,148.43351518554687,179.18690263671874,98.63128435058593,151.9792,176.9792,93.97919999999999,105.6852314453125,125.73152661132812,73.22215771484375,96.648,114.648,67.648,0mM 2DG,1h,yes,MN,1.40448682522264,1.5725022763016305,1.4251549111515713,1.5436745516712023,1.3470141747897604,1.3892384105960265
vLH92_MN_60x-1xzoom_0006_XY29_488.tif,15,2499,1815,684,0.7262905162064826,218.68675231933594,0.2508987851294921,218.8455352783203,218.0,546895.0,228.5628662109375,227.0,156337.0,215.1834716796875,215.0,390558.0,False,vLH92_MN_60x-1xzoom_0006_XY29_Dapi-ex_Green-em.tif,205.00160217285156,196.0,512299.0,214.5219268798828,202.0,146733.0,201.4137725830078,194.0,365566.0,77.8247352783203,87.54206621093749,74.16267167968749,76.97919999999999,85.97919999999999,73.97919999999999,65.64960217285156,75.16992687988281,62.06177258300781,56.647999999999996,62.647999999999996,54.647999999999996,0mM 2DG,1h,yes,MN,1.1854563120338846,1.358904109589041,1.1645889499244113,1.3724173157961945,1.1949815255517346,1.3537403015663885
vLH92_MN_60x-1xzoom_0006_XY30_488.tif,1,829,370,459,0.44632086851628466,890.682861328125,0.7231671436439612,874.9674072265625,886.0,725348.0,930.516357421875,932.0,427107.0,806.0567626953125,811.0,298241.0,False,vLH92_MN_60x-1xzoom_0006_XY30_Dapi-ex_Green-em.tif,499.16766357421875,494.0,413810.0,491.5381164550781,491.0,225616.0,508.6324462890625,501.5,188194.0,737.6714072265625,793.220357421875,668.7607626953125,748.704,794.704,673.704,362.28446357421876,354.65491645507814,371.7492462890625,357.1168,354.1168,364.6168,0mM 2DG,1h,yes,MN,2.036166276491293,2.0965241624028885,2.236597663301665,2.244186099049805,1.7989566068287373,1.847704219882353
vLH92_MN_60x-1xzoom_0006_XY30_488.tif,2,5582,2686,2897,0.4811895378000717,537.3031005859375,0.12665581122493863,555.1392211914062,541.0,3098787.0,672.2940673828125,691.0,1947636.0,428.7151794433594,417.0,1151529.0,False,vLH92_MN_60x-1xzoom_0006_XY30_Dapi-ex_Green-em.tif,278.1019287109375,276.0,1552365.0,307.62237548828125,300.0,891182.0,246.30416870117188,238.0,661573.0,417.84322119140626,534.9980673828125,291.4191794433594,403.704,553.704,279.704,141.2187287109375,170.73917548828126,109.42096870117189,139.1168,163.1168,101.11680000000001,0mM 2DG,1h,yes,MN,2.9588371528729387,2.9019068868749134,3.1334230463092063,3.3945246596303993,2.663284587063232,2.7661476629007247
vLH92_MN_60x-1xzoom_0006_XY30_488.tif,3,3262,1411,1851,0.4325567136725935,442.3841094970703,0.7487896221548946,500.946044921875,447.0,1634086.0,597.0119018554688,639.0,1105069.0,374.9234619140625,371.0,529017.0,False,vLH92_MN_60x-1xzoom_0006_XY30_Dapi-ex_Green-em.tif,320.1925048828125,290.0,1044468.0,362.03564453125,373.0,670128.0,265.30120849609375,264.0,374340.0,363.650044921875,459.71590185546876,237.6274619140625,309.704,501.704,233.704,183.3093048828125,225.15244453125,128.41800849609376,153.1168,236.1168,127.11680000000001,0mM 2DG,1h,yes,MN,1.9838057056315401,2.022665050471274,2.041798403799531,2.1248128045103103,1.850421640211705,1.8384981371463094
vLH92_MN_60x-1xzoom_0006_XY31_488.tif,1,3740,1829,2023,0.4890374331550802,363.5581970214844,0.5206427776211285,351.2229919433594,360.0,1313574.0,418.6579284667969,411.0,846945.0,269.5855712890625,251.0,493072.0,False,vLH92_MN_60x-1xzoom_0006_XY31_Dapi-ex_Green-em.tif,249.06202697753906,249.0,931492.0,266.83441162109375,265.0,539806.0,226.5232391357422,209.0,414311.0,211.67259194335938,279.1075284667969,130.0351712890625,220.4496,271.44960000000003,111.4496,109.96922697753905,127.74161162109374,87.43043913574218,109.90719999999999,125.90719999999999,69.90719999999999,0mM 2DG,1h,yes,MN,1.924834772063943,2.0057794211844175,2.1849382117918137,2.1559497788847666,1.4872986179009504,1.5942506637370688
vLH92_MN_60x-1xzoom_0006_XY31_488.tif,2,4306,0,4306,0.0,751.6907043457031,,812.54736328125,752.0,3498829.0,812.54736328125,752.0,3498829.0,,,,True,vLH92_MN_60x-1xzoom_0006_XY31_Dapi-ex_Green-em.tif,320.3497314453125,296.0,1379426.0,320.3497314453125,296.0,1379426.0,,,,672.99696328125,672.99696328125,,612.4496,612.4496,,181.2569314453125,181.2569314453125,,156.9072,156.9072,,0mM 2DG,1h,yes,MN,3.7129447018377983,3.9032600161114344,3.7129447018377983,3.9032600161114344,,
vLH92_MN_60x-1xzoom_0006_XY31_488.tif,3,4495,2052,2443,0.45650723025583984,355.02569580078125,0.8481174081223826,402.1370544433594,359.0,1807606.0,476.4662170410156,502.0,1164007.0,313.6447448730469,313.0,643599.0,False,vLH92_MN_60x-1xzoom_0006_XY31_Dapi-ex_Green-em.tif,243.6511688232422,227.0,1095212.0,276.9926452636719,272.0,676693.0,203.95663452148438,203.0,418519.0,262.5866544433594,336.91581704101566,174.09434487304688,219.4496,362.44960000000003,173.4496,104.55836882324218,137.89984526367186,64.86383452148436,87.90719999999999,132.9072,63.90719999999999,0mM 2DG,1h,yes,MN,2.511388207358771,2.4963779986167234,2.44319213264391,2.7270877725209774,2.683997117305529,2.714085423864604
vLH92_MN_60x-1xzoom_0006_XY31_488.tif,4,2356,1132,1224,0.48047538200339557,431.2780456542969,0.5971865520377538,507.5950622558594,438.0,1195894.0,627.6642456054688,657.0,768261.0,377.7676696777344,372.0,427633.0,False,vLH92_MN_60x-1xzoom_0006_XY31_Dapi-ex_Green-em.tif,278.1799621582031,242.0,655392.0,331.6217346191406,304.0,405905.0,220.39488220214844,219.0,249487.0,368.0446622558594,488.1138456054688,238.21726967773438,298.44960000000003,517.4496,232.4496,139.0871621582031,192.5289346191406,81.30208220214843,102.90719999999999,164.9072,79.90719999999999,0mM 2DG,1h,yes,MN,2.646144018937069,2.900181911469752,2.535275264318333,3.1378229695246787,2.930026676136462,2.9089944335429103
vLH92_MN_60x-1xzoom_0006_XY31_488.tif,5,4238,1820,2418,0.4294478527607362,528.6575012207031,0.5787286367372063,552.0675048828125,532.0,2339662.0,658.0219116210938,691.0,1591097.0,411.2994384765625,401.0,748565.0,False,vLH92_MN_60x-1xzoom_0006_XY31_Dapi-ex_Green-em.tif,267.3211364746094,253.0,1132907.0,300.2642822265625,299.0,726039.0,223.55384826660156,222.0,406868.0,412.51710488281253,518.4715116210938,271.74903847656253,392.44960000000003,551.4496,261.44960000000003,128.22833647460936,161.1714822265625,84.46104826660155,113.90719999999999,159.9072,82.90719999999999,0mM 2DG,1h,yes,MN,3.217051053021307,3.4453449825823133,3.216893612061384,3.44856016489564,3.217448090613153,3.1535210452168214
vLH92_MN_60x-1xzoom_0006_XY32_488.tif,1,1980,1206,774,0.6090909090909091,205.70796966552734,0.3504084190047799,214.92222595214844,207.0,425546.0,237.66537475585938,224.0,183953.0,200.32586669921875,199.0,241593.0,False,vLH92_MN_60x-1xzoom_0006_XY32_Dapi-ex_Green-em.tif,279.34393310546875,275.0,553101.0,292.2183532714844,287.0,226177.0,271.0812683105469,269.0,326924.0,73.02142595214843,95.76457475585937,58.425066699218746,65.0992,82.0992,57.099199999999996,138.30233310546876,151.1767532714844,130.0396683105469,133.9584,145.9584,127.95840000000001,0mM 2DG,1h,yes,MN,0.5279840499614898,0.485965792365391,0.6334609831439137,0.562483556958695,0.4492864943310546,0.44623252557081045
vLH92_MN_60x-1xzoom_0006_XY32_488.tif,2,4727,1803,2924,0.3814258514914322,254.1422119140625,0.3589171403020108,266.656005859375,255.0,1260483.0,282.6138916015625,269.0,826363.0,240.7764892578125,240.0,434120.0,False,vLH92_MN_60x-1xzoom_0006_XY32_Dapi-ex_Green-em.tif,245.99005126953125,235.0,1162795.0,259.2657470703125,247.0,758093.0,224.46034240722656,222.0,404702.0,124.755205859375,140.7130916015625,98.8756892578125,113.0992,127.0992,98.0992,104.94845126953126,118.22414707031251,83.41874240722657,93.95840000000001,105.95840000000001,80.95840000000001,0mM 2DG,1h,yes,MN,1.1887284123800506,1.2037156869423062,1.190222937433204,1.1995198115486831,1.185293453300093,1.2117235518488505
vLH92_MN_60x-1xzoom_0006_XY32_488.tif,3,4758,2377,2381,0.49957965531736026,347.9658660888672,0.61847757759577,361.58575439453125,347.0,1720425.0,419.44476318359375,416.0,998698.0,303.6293640136719,299.0,721727.0,False,vLH92_MN_60x-1xzoom_0006_XY32_Dapi-ex_Green-em.tif,270.69757080078125,263.0,1287979.0,299.7370910644531,293.0,713674.0,241.6091766357422,234.0,574305.0,219.68495439453125,277.54396318359375,161.72856401367187,205.0992,274.0992,157.0992,129.65597080078126,158.69549106445314,100.5675766357422,121.95840000000001,151.9584,92.95840000000001,0mM 2DG,1h,yes,MN,1.694368204084339,1.6817144206549117,1.7489089407768434,1.8037778760502874,1.6081581104360902,1.6899946642799357
vLH92_MN_60x-1xzoom_0006_XY32_488.tif,4,3314,1500,1814,0.45262522631261315,473.46409606933594,0.6554628657647243,544.0962524414062,476.0,1803135.0,642.450927734375,685.5,1165406.0,425.1526794433594,427.0,637729.0,False,vLH92_MN_60x-1xzoom_0006_XY32_Dapi-ex_Green-em.tif,284.02716064453125,261.0,941266.0,328.1648254394531,324.0,595291.0,230.64999389648438,230.0,345975.0,402.19545244140625,500.550127734375,283.25187944335937,334.0992,543.5992,285.0992,142.98556064453126,187.12322543945314,89.60839389648439,119.95840000000001,182.9584,88.95840000000001,0mM 2DG,1h,yes,MN,2.812839636592976,2.785125510176861,2.674975949986157,2.97116284357537,3.1609971692001526,3.2048597996366834
vLH92_MN_60x-1xzoom_0006_XY32_488.tif,5,2921,1432,1489,0.4902430674426566,268.2101135253906,0.7336905799255458,285.3358459472656,266.0,833466.0,334.3841552734375,337.0,497898.0,234.33518981933594,234.0,335568.0,False,vLH92_MN_60x-1xzoom_0006_XY32_Dapi-ex_Green-em.tif,264.4197082519531,237.0,772370.0,310.390869140625,292.0,462172.0,216.61871337890625,215.0,310198.0,143.43504594726562,192.4833552734375,92.43438981933593,124.0992,195.0992,92.0992,123.37810825195314,169.349269140625,75.57711337890626,95.95840000000001,150.9584,73.95840000000001,0mM 2DG,1h,yes,MN,1.162564801644987,1.2932604128455663,1.1366057630493953,1.292403735068734,1.2230473709139382,1.245283835237106
vLH92_MN_60x-1xzoom_0006_XY32_488.tif,6,6529,2967,3564,0.4544340634094042,414.3581848144531,0.5986394085681217,422.39361572265625,416.0,2757808.0,494.97613525390625,502.0,1764095.0,335.0869445800781,334.0,994203.0,False,vLH92_MN_60x-1xzoom_0006_XY32_Dapi-ex_Green-em.tif,269.6108093261719,255.0,1760289.0,307.84906005859375,301.0,1097174.0,223.62217712402344,221.0,663487.0,280.49281572265625,353.07533525390625,193.18614458007812,274.0992,360.0992,192.0992,128.5692093261719,166.80746005859376,82.58057712402345,113.95840000000001,159.9584,79.95840000000001,0mM 2DG,1h,yes,MN,2.181648445943724,2.405256655060092,2.116663937751243,2.251205313381479,2.339365396901283,2.4024892944331047
vLH92_MN_60x-1xzoom_0006_XY32_488.tif,7,1893,1049,851,0.5541468568409932,320.54119873046875,0.4002457293582213,326.55889892578125,319.0,618176.0,382.11517333984375,350.0,325180.0,280.7607116699219,290.0,294518.0,False,vLH92_MN_60x-1xzoom_0006_XY32_Dapi-ex_Green-em.tif,265.5599670410156,268.0,502705.0,270.5417175292969,273.0,230231.0,261.32220458984375,263.0,274127.0,184.65809892578125,240.21437333984375,138.85991166992187,177.0992,208.0992,148.0992,124.51836704101564,129.5001175292969,120.28060458984376,126.95840000000001,131.9584,121.95840000000001,0mM 2DG,1h,yes,MN,1.482978803158862,1.3949388146038386,1.8549355623982342,1.5770060867667384,1.1544663592557873,1.2143419395465993
vLH92_MN_60x-1xzoom_0006_XY32_488.tif,8,3718,1749,1969,0.47041420118343197,317.0235137939453,0.5588771105351098,339.6226501464844,323.0,1262717.0,410.65972900390625,422.0,808589.0,259.65008544921875,255.0,454128.0,False,vLH92_MN_60x-1xzoom_0006_XY32_Dapi-ex_Green-em.tif,214.8558349609375,197.0,798834.0,246.28237915039062,231.0,484930.0,179.4762725830078,178.0,313904.0,197.72185014648437,268.75892900390625,117.74928544921875,181.0992,280.0992,113.0992,73.81423496093751,105.24077915039064,38.434672583007824,55.95840000000001,89.95840000000001,36.95840000000001,0mM 2DG,1h,yes,MN,2.678641189617677,3.2363184079601983,2.553752748445978,3.1136525327262374,3.063621400570389,3.060175765184639
vLH92_MN_60x-1xzoom_0006_XY33_488.tif,1,2405,1212,1193,0.503950103950104,307.76617431640625,0.5354642784856057,334.0340881347656,311.0,803352.0,372.65716552734375,347.0,444580.0,296.0165100097656,296.0,358772.0,False,vLH92_MN_60x-1xzoom_0006_XY33_Dapi-ex_Green-em.tif,230.1846160888672,221.0,553594.0,248.48951721191406,236.0,296448.0,212.1666717529297,212.0,257146.0,188.80208813476563,227.42516552734375,150.78451000976563,165.768,201.768,150.768,87.90941608886718,106.21431721191405,69.89147175292968,78.72479999999999,93.72479999999999,69.72479999999999,0mM 2DG,1h,yes,MN,2.1476890250744765,2.1056642887628807,2.141191239535017,2.1527706647546863,2.157409283679094,2.1623296158612146
vLH92_MN_60x-1xzoom_0006_XY33_488.tif,2,2670,1354,1316,0.5071161048689139,254.36721801757812,0.6937269868849086,283.04119873046875,256.0,755720.0,332.783447265625,322.5,437943.0,234.69497680664062,234.0,317777.0,False,vLH92_MN_60x-1xzoom_0006_XY33_Dapi-ex_Green-em.tif,222.22396850585938,212.0,593338.0,243.89437866210938,237.0,320965.0,201.1617431640625,201.0,272373.0,137.80919873046875,187.551447265625,89.46297680664063,110.768,177.268,88.768,79.94876850585936,101.61917866210936,58.88654316406249,69.72479999999999,94.72479999999999,58.72479999999999,0mM 2DG,1h,yes,MN,1.7237188427782832,1.5886456468860437,1.8456304187346981,1.8714000979680085,1.519243141126315,1.511593057788192
vLH92_MN_60x-1xzoom_0006_XY33_488.tif,3,1626,725,901,0.44587945879458796,504.1363983154297,0.3696379120609759,504.76446533203125,505.0,820747.0,599.4361572265625,609.0,540092.0,387.1103515625,378.0,280655.0,False,vLH92_MN_60x-1xzoom_0006_XY33_Dapi-ex_Green-em.tif,264.3247375488281,265.0,429792.0,269.27191162109375,269.0,242614.0,258.1765441894531,258.0,187178.0,359.5324653320313,454.20415722656253,241.8783515625,359.76800000000003,463.76800000000003,232.768,122.04953754882811,126.99671162109374,115.90134418945311,122.72479999999999,126.72479999999999,115.72479999999999,0mM 2DG,1h,yes,MN,2.9457912955073167,2.9315020273001062,3.576503292319269,3.659646730553136,2.0869331003368177,2.011392545072448
vLH92_MN_60x-1xzoom_0006_XY33_488.tif,4,3019,1446,1573,0.4789665452136469,433.731689453125,0.34921948284265186,463.46539306640625,440.0,1399202.0,512.7266235351562,492.0,806519.0,409.8775939941406,414.0,592683.0,False,vLH92_MN_60x-1xzoom_0006_XY33_Dapi-ex_Green-em.tif,238.92779541015625,232.0,721323.0,255.4170379638672,252.0,401771.0,220.9903106689453,221.0,319552.0,318.2333930664063,367.4946235351563,264.64559399414065,294.76800000000003,346.76800000000003,268.76800000000003,96.65259541015624,113.14183796386718,78.7151106689453,89.72479999999999,109.72479999999999,78.72479999999999,0mM 2DG,1h,yes,MN,3.2925488624071275,3.2852455508399023,3.2480877997802975,3.1603429671323173,3.3620684992385925,3.4140194703574993
vLH92_MN_60x-1xzoom_0006_XY33_488.tif,5,3057,1489,1568,0.4870788354596009,370.7945251464844,0.6151286660357934,377.8184509277344,367.0,1154991.0,435.56121826171875,429.0,682960.0,317.0120849609375,313.0,472031.0,False,vLH92_MN_60x-1xzoom_0006_XY33_Dapi-ex_Green-em.tif,273.1841735839844,265.0,835124.0,302.51531982421875,300.0,474344.0,242.29684448242188,241.0,360780.0,232.58645092773438,290.3292182617188,171.7800849609375,221.768,283.76800000000003,167.768,130.90897358398436,160.24011982421874,100.02164448242186,122.72479999999999,157.7248,98.72479999999999,0mM 2DG,1h,yes,MN,1.776703648039216,1.8070349269259354,1.8118384994981658,1.7991336809430098,1.7174291209651797,1.6993501126363388
vLH92_MN_60x-1xzoom_0006_XY33_488.tif,6,4438,2165,2273,0.4878323569175304,1168.6583862304688,0.6959113937009807,1330.6510009765625,1178.0,5905429.0,1651.6005859375,1718.0,3754088.0,993.6909790039062,980.0,2151341.0,False,vLH92_MN_60x-1xzoom_0006_XY33_Dapi-ex_Green-em.tif,439.6768798828125,409.0,1951286.0,510.58514404296875,518.0,1160560.0,365.2314147949219,355.0,790726.0,1185.4190009765625,1506.3685859375,848.4589790039063,1032.768,1572.768,834.768,297.40167988281246,368.3099440429687,222.95621479492186,266.72479999999996,375.72479999999996,212.7248,0mM 2DG,1h,yes,MN,3.9859189815056277,3.872035896174635,4.0899481816916685,4.185957381572896,3.805495979487857,3.9241686911916243
vLH92_MN_60x-1xzoom_0006_XY33_488.tif,7,2354,1183,1171,0.5025488530161427,558.6427612304688,0.5735484428203542,593.2994995117188,557.0,1396627.0,714.7950439453125,712.0,837025.0,473.0363464355469,466.0,559602.0,False,vLH92_MN_60x-1xzoom_0006_XY33_Dapi-ex_Green-em.tif,270.66058349609375,264.0,637135.0,298.08880615234375,298.0,349062.0,243.51055908203125,242.0,288073.0,448.0674995117188,569.5630439453125,327.8043464355469,411.76800000000003,566.768,320.76800000000003,128.38538349609374,155.81360615234374,101.23535908203124,121.72479999999999,155.7248,99.72479999999999,0mM 2DG,1h,yes,MN,3.4900195591607335,3.3827782013196988,3.6554127589373246,3.639548742396844,3.238042018203603,3.2165318957771794
vLH92_MN_60x-1xzoom_0006_XY33_488.tif,8,2068,1032,1036,0.4990328820116054,693.312744140625,0.522922677745251,652.1063842773438,696.0,1348556.0,784.9691162109375,787.0,813228.0,518.7286987304688,514.0,535328.0,False,vLH92_MN_60x-1xzoom_0006_XY33_Dapi-ex_Green-em.tif,290.9356994628906,293.0,601655.0,321.5598449707031,316.0,333136.0,260.1928405761719,256.0,268519.0,506.8743842773438,639.7371162109375,373.4966987304688,550.768,641.768,368.76800000000003,148.6604994628906,179.2846449707031,117.91764057617186,150.7248,173.7248,113.72479999999999,0mM 2DG,1h,yes,MN,3.4096103948841656,3.6541299109370193,3.5682761137490435,3.694164563723775,3.1674370086229735,3.2426348518528947
vLH92_MN_60x-1xzoom_0006_XY33_488.tif,9,2204,1164,1040,0.5281306715063521,491.8460693359375,0.3295041133594467,623.9727783203125,488.0,1375236.0,857.71826171875,688.5,892027.0,415.1280212402344,413.0,483209.0,False,vLH92_MN_60x-1xzoom_0006_XY33_Dapi-ex_Green-em.tif,307.4714050292969,291.0,677667.0,339.7798156738281,318.0,353371.0,278.60479736328125,278.0,324296.0,478.74077832031253,712.48626171875,269.8960212402344,342.76800000000003,543.268,267.76800000000003,165.19620502929686,197.5046156738281,136.32959736328124,148.7248,175.7248,135.7248,0mM 2DG,1h,yes,MN,2.898013173095652,2.3047131345949032,3.6074410680882307,3.091584113340861,1.9797316683994528,1.9728745225633049
vLH92_MN_60x-1xzoom_0006_XY34_488.tif,1,1601,764,837,0.4772017489069332,220.12255859375,0.6207106369452223,222.76014709472656,220.0,356639.0,235.16845703125,234.0,196836.0,209.16622924804688,208.0,159803.0,False,vLH92_MN_60x-1xzoom_0006_XY34_Dapi-ex_Green-em.tif,325.636474609375,314.0,521344.0,371.538818359375,366.0,310978.0,275.3481750488281,275.0,210366.0,80.48014709472656,92.88845703125,66.88622924804687,77.72,91.72,65.72,185.310074609375,231.212418359375,135.02177504882812,173.6736,225.6736,134.6736,0mM 2DG,1h,yes,MN,0.43429990120275414,0.44750612643487553,0.40174510387618045,0.40642769025707925,0.4953736478716763,0.4879946775017524
vLH92_MN_60x-1xzoom_0006_XY34_488.tif,2,2360,1280,1080,0.5423728813559322,226.32305908203125,0.6645202066421406,236.05381774902344,229.0,557087.0,254.0416717529297,248.0,274365.0,220.87655639648438,220.0,282722.0,False,vLH92_MN_60x-1xzoom_0006_XY34_Dapi-ex_Green-em.tif,186.5966033935547,185.0,440368.0,193.375,191.0,208845.0,180.87734985351562,181.0,231523.0,93.77381774902344,111.76167175292969,78.59655639648437,86.72,105.72,77.72,46.27020339355468,53.04859999999999,40.55094985351562,44.67359999999999,50.67359999999999,40.67359999999999,0mM 2DG,1h,yes,MN,2.026656700672422,1.9411912180795818,2.106778911280028,2.0862934545799,1.9382173951634414,1.9108217615357384
vLH92_MN_60x-1xzoom_0006_XY34_488.tif,3,5201,2797,2404,0.5377811959238608,312.341552734375,0.14326721641618542,305.35955810546875,309.0,1588175.0,328.4059753417969,326.0,789488.0,285.5513000488281,288.0,798687.0,False,vLH92_MN_60x-1xzoom_0006_XY34_Dapi-ex_Green-em.tif,244.6020050048828,234.0,1272175.0,265.21795654296875,250.0,637584.0,226.8827362060547,224.0,634591.0,163.07955810546875,186.12597534179687,143.27130004882812,166.72,183.72,145.72,104.2756050048828,124.89155654296874,86.55633620605468,93.6736,109.6736,83.6736,0mM 2DG,1h,yes,MN,1.5639281891275758,1.7797970826358762,1.4903007096221155,1.6751524523677532,1.6552375750720163,1.741528988832798
vLH92_MN_60x-1xzoom_0006_XY34_488.tif,4,2375,1221,1154,0.5141052631578947,233.64598083496094,0.6338899783672297,242.91326904296875,235.0,576919.0,263.3076171875,256.0,303857.0,223.63800048828125,224.0,273062.0,False,vLH92_MN_60x-1xzoom_0006_XY34_Dapi-ex_Green-em.tif,220.7928466796875,212.0,524383.0,236.67764282226562,223.0,273126.0,205.77969360351562,206.0,251257.0,100.63326904296875,121.0276171875,81.35800048828125,92.72,113.72,81.72,80.4664466796875,96.35124282226562,65.45329360351562,71.6736,82.6736,65.6736,0mM 2DG,1h,yes,MN,1.2506239954096552,1.2936422894901332,1.2561085217214445,1.3755297942753189,1.2429932247735103,1.2443356234468645
vLH92_MN_60x-1xzoom_0006_XY34_488.tif,5,3245,1704,1541,0.5251155624036979,236.54490661621094,0.472259785903705,246.723876953125,236.0,800619.0,276.478271484375,267.0,426053.0,219.81573486328125,219.0,374566.0,False,vLH92_MN_60x-1xzoom_0006_XY34_Dapi-ex_Green-em.tif,235.31031799316406,229.0,763582.0,255.89877319335938,252.0,394340.0,216.69131469726562,213.0,369242.0,104.443876953125,134.198271484375,77.53573486328125,93.72,124.72,76.72,94.98391799316406,115.57237319335937,76.36491469726562,88.6736,111.6736,72.6736,0mM 2DG,1h,yes,MN,1.0995953752996561,1.0569098356218762,1.1611622031837436,1.1168261791506677,1.0153319121831947,1.055679091169283
vLH92_MN_60x-1xzoom_0006_XY34_488.tif,6,4723,1816,2907,0.3845013762439128,542.4005737304688,0.6650701619485978,636.6726684570312,550.0,3007005.0,744.5194091796875,793.0,2164318.0,464.0346984863281,453.0,842687.0,False,vLH92_MN_60x-1xzoom_0006_XY34_Dapi-ex_Green-em.tif,286.32501220703125,265.0,1352313.0,310.9466857910156,305.0,903922.0,246.91134643554688,243.0,448391.0,494.3926684570313,602.2394091796875,321.75469848632815,407.72,650.72,310.72,145.99861220703124,170.62028579101562,106.58494643554687,124.6736,164.6736,102.6736,0mM 2DG,1h,yes,MN,3.386283341898927,3.2702994058084474,3.5297057813942527,3.9515745086036866,3.018763054695504,3.02628913372084
vLH92_MN_60x-1xzoom_0006_XY34_488.tif,7,1222,667,555,0.5458265139116203,219.72447967529297,0.4976321988638807,227.74549865722656,219.0,278305.0,249.5819854736328,240.0,138518.0,209.57571411132812,209.0,139787.0,False,vLH92_MN_60x-1xzoom_0006_XY34_Dapi-ex_Green-em.tif,257.7291259765625,248.0,314945.0,273.5189208984375,265.0,151803.0,244.5906982421875,240.0,163142.0,85.46549865722656,107.30198547363281,67.29571411132812,76.72,97.72,66.72,117.4027259765625,133.1925208984375,104.2642982421875,107.6736,124.6736,99.6736,0mM 2DG,1h,yes,MN,0.7279686050414905,0.7125237755587257,0.8056156963607075,0.7838066759923512,0.6454339140614758,0.6693848722229357
vLH92_MN_60x-1xzoom_0006_XY34_488.tif,8,2410,1055,1355,0.43775933609958506,325.90428161621094,0.3581053614865156,325.2004089355469,326.0,783733.0,352.6287841796875,351.0,477812.0,289.9725036621094,287.0,305921.0,False,vLH92_MN_60x-1xzoom_0006_XY34_Dapi-ex_Green-em.tif,257.9389953613281,256.0,621633.0,267.5668029785156,262.0,362553.0,245.57345581054688,244.0,259080.0,182.92040893554687,210.3487841796875,147.69250366210937,183.72,208.72,144.72,117.61259536132812,127.24040297851562,105.24705581054687,115.6736,121.6736,103.6736,0mM 2DG,1h,yes,MN,1.5552790785168953,1.5882621445169858,1.653160311156863,1.715409094495437,1.4032934463075881,1.3959195012037782
vLH92_MN_60x-1xzoom_0006_XY34_488.tif,9,2765,1408,1357,0.5092224231464738,226.17941284179688,0.6990318692646696,237.26943969726562,228.0,656050.0,260.1341247558594,251.0,353002.0,215.2329559326172,215.0,303048.0,False,vLH92_MN_60x-1xzoom_0006_XY34_Dapi-ex_Green-em.tif,228.1453857421875,222.0,630822.0,244.5269012451172,240.0,331823.0,212.35723876953125,212.0,298999.0,94.98943969726562,117.85412475585937,72.95295593261719,85.72,108.72,72.72,87.8189857421875,104.20050124511718,72.03083876953124,81.6736,99.6736,71.6736,0mM 2DG,1h,yes,MN,1.0816503845322083,1.0495435489558438,1.1310322248702427,1.090760241428021,1.012801699644736,1.0145995178140905
vLH92_MN_60x-1xzoom_0006_XY34_488.tif,10,2785,1547,1238,0.555475763016158,311.81427001953125,0.2705061517850801,326.94720458984375,316.0,910548.0,367.0702819824219,369.0,454433.0,294.8384094238281,296.0,456115.0,False,vLH92_MN_60x-1xzoom_0006_XY34_Dapi-ex_Green-em.tif,258.93212890625,247.0,721126.0,292.0403747558594,288.5,361546.0,232.43698120117188,232.0,359580.0,184.66720458984375,224.79028198242187,152.55840942382812,173.72,226.72,153.72,118.60572890625,151.71397475585937,92.11058120117187,106.6736,148.1736,91.6736,0mM 2DG,1h,yes,MN,1.5569838513939829,1.6285191462554935,1.4816715621890344,1.530097129313184,1.6562528151965152,1.6768186260821
vLH92_MN_60x-1xzoom_0006_XY34_488.tif,11,1431,770,661,0.5380852550663872,219.85443115234375,0.6092442015983588,221.82598876953125,221.0,317433.0,231.75189208984375,230.0,153188.0,213.30519104003906,212.0,164245.0,False,vLH92_MN_60x-1xzoom_0006_XY34_Dapi-ex_Green-em.tif,211.50872802734375,210.0,302669.0,215.8154296875,215.0,142654.0,207.8116912841797,207.0,160015.0,79.54598876953125,89.47189208984375,71.02519104003906,78.72,87.72,69.72,71.18232802734374,75.4890296875,67.48529128417968,69.6736,74.6736,66.6736,0mM 2DG,1h,yes,MN,1.1174963080580158,1.1298397097322372,1.1852303899020593,1.1747123481391015,1.052454389519531,1.0456912481101965
vLH92_MN_60x-1xzoom_0006_XY34_488.tif,12,2306,1180,1126,0.5117085862966175,327.8513641357422,0.5181589800200017,337.7471923828125,329.0,778845.0,371.9200744628906,365.0,418782.0,305.13812255859375,306.0,360063.0,False,vLH92_MN_60x-1xzoom_0006_XY34_Dapi-ex_Green-em.tif,242.54466247558594,232.0,559308.0,261.786865234375,245.0,294772.0,224.18304443359375,223.0,264536.0,195.4671923828125,229.64007446289062,162.85812255859375,186.72,222.72,163.72,102.21826247558593,121.460465234375,83.85664443359374,91.6736,104.6736,82.6736,0mM 2DG,1h,yes,MN,1.9122531302026229,2.0367913990505446,1.890656964138643,2.127757142202045,1.942101590859165,1.9803177797991138
vLH92_MN_60x-1xzoom_0006_XY34_488.tif,13,2972,1518,1454,0.5107671601615074,344.08453369140625,0.33413208871140654,366.06695556640625,347.0,1087951.0,427.51788330078125,415.0,621611.0,307.20684814453125,310.0,466340.0,False,vLH92_MN_60x-1xzoom_0006_XY34_Dapi-ex_Green-em.tif,237.19515991210938,230.0,704944.0,260.4697265625,252.0,378723.0,214.90184020996094,214.0,326221.0,223.78695556640625,285.2378833007813,164.92684814453125,204.72,272.72,167.72,96.86875991210937,120.1433265625,74.57544020996093,89.6736,111.6736,73.6736,0mM 2DG,1h,yes,MN,2.310207705450672,2.282946151375656,2.3741467084515686,2.442117026763712,2.2115437425537614,2.276527820006081
vLH92_MN_60x-1xzoom_0006_XY34_488.tif,14,1211,601,610,0.4962840627580512,325.7380065917969,0.7539828021691567,340.97686767578125,326.0,412923.0,375.0622863769531,372.0,228788.0,306.38104248046875,307.0,184135.0,False,vLH92_MN_60x-1xzoom_0006_XY34_Dapi-ex_Green-em.tif,231.69363403320312,227.0,280581.0,246.0557403564453,242.0,150094.0,217.11647033691406,217.0,130487.0,198.69686767578125,232.78228637695312,164.10104248046875,183.72,229.72,164.72,91.36723403320312,105.7293403564453,76.79007033691406,86.6736,101.6736,76.6736,0mM 2DG,1h,yes,MN,2.1747059520656413,2.1196765797197763,2.2016810621552563,2.259386900827747,2.137008623126408,2.148327455604015
vLH92_MN_60x-1xzoom_0006_XY34_488.tif,15,3387,1723,1665,0.5087097726601713,466.29119873046875,0.13488755626957022,469.6690368652344,467.0,1590769.0,546.1975708007812,528.0,909419.0,395.61114501953125,405.0,681638.0,False,vLH92_MN_60x-1xzoom_0006_XY34_Dapi-ex_Green-em.tif,242.348388671875,240.0,820834.0,258.0282287597656,253.0,429617.0,227.16134643554688,226.0,391399.0,327.3890368652344,403.9175708007813,253.33114501953125,324.72,385.72,262.72,102.021988671875,117.70182875976562,86.83494643554687,99.6736,112.6736,85.6736,0mM 2DG,1h,yes,MN,3.209004657987888,3.2578335687684605,3.4317017420790803,3.4233396288039084,2.91738701316026,3.0665222425578014
vLH92_MN_60x-1xzoom_0006_XY34_488.tif,16,2445,1223,1222,0.5002044989775051,352.46429443359375,0.7102934608868406,372.6699523925781,355.0,911178.0,414.3764343261719,417.0,506368.0,330.99755859375,330.0,404810.0,False,vLH92_MN_60x-1xzoom_0006_XY34_Dapi-ex_Green-em.tif,243.5631866455078,228.0,595512.0,271.5613708496094,254.0,331848.0,215.58790588378906,215.0,263664.0,230.38995239257812,272.0964343261719,188.71755859375,212.72,274.72,187.72,103.2367866455078,131.23497084960937,75.26150588378906,87.6736,113.6736,74.6736,0mM 2DG,1h,yes,MN,2.2316652801649672,2.4262719906562524,2.0733531052327874,2.41674408129944,2.5074911321220164,2.5138737117267684
vLH92_MN_60x-1xzoom_0006_XY35_488.tif,1,6502,3117,3385,0.4793909566287296,296.6387481689453,0.13239659210350474,309.820068359375,301.5,2014450.0,360.38848876953125,369.0,1219915.0,254.90374755859375,252.0,794535.0,False,vLH92_MN_60x-1xzoom_0006_XY35_Dapi-ex_Green-em.tif,211.34727478027344,203.0,1374180.0,232.6153564453125,224.0,787403.0,188.2505645751953,187.0,586777.0,163.49526835937502,214.06368876953127,108.57894755859377,155.17520000000002,222.67520000000002,105.67520000000002,68.53447478027343,89.80255644531249,45.4377645751953,60.18719999999999,81.18719999999999,44.18719999999999,0mM 2DG,1h,yes,MN,2.385591614782967,2.578209320254141,2.38371486562179,2.7427377714713654,2.389619044284312,2.3915341999493074
vLH92_MN_60x-1xzoom_0006_XY35_488.tif,2,7619,3806,3814,0.4995406221288883,265.07855224609375,0.27464669061574676,269.661376953125,265.0,2054550.0,306.010498046875,304.0,1167124.0,233.2251739501953,230.0,887655.0,False,vLH92_MN_60x-1xzoom_0006_XY35_Dapi-ex_Green-em.tif,229.2967529296875,219.0,1747012.0,253.3127899169922,241.0,966135.0,205.22386169433594,199.5,781082.0,123.33657695312502,159.68569804687502,86.90037395019533,118.67520000000002,157.67520000000002,83.67520000000002,86.48395292968749,110.49998991699218,62.41106169433593,76.18719999999999,98.18719999999999,56.68719999999999,0mM 2DG,1h,yes,MN,1.4261209481647903,1.5576789801961488,1.4451195712038638,1.605863086023433,1.3923873683770696,1.4760863122539132
vLH92_MN_60x-1xzoom_0006_XY35_488.tif,3,9325,4265,5060,0.457372654155496,371.9307556152344,0.22711340895287477,383.87420654296875,369.0,3579627.0,471.7045593261719,453.0,2386825.0,279.6722106933594,269.0,1192802.0,False,vLH92_MN_60x-1xzoom_0006_XY35_Dapi-ex_Green-em.tif,244.77748107910156,234.0,2282550.0,278.30316162109375,262.0,1408214.0,205.00257873535156,200.0,874336.0,237.54940654296877,325.3797593261719,133.3474106933594,222.67520000000002,306.6752,122.67520000000002,101.96468107910155,135.49036162109374,62.18977873535155,91.18719999999999,119.18719999999999,57.18719999999999,0mM 2DG,1h,yes,MN,2.3297224492732354,2.441956765861876,2.4014974602851407,2.5730548246791605,2.144201401018308,2.1451513625426677
vLH92_MN_60x-1xzoom_0006_XY35_488.tif,4,5456,2887,2569,0.529142228739003,278.4220733642578,0.25440450643990953,279.8938903808594,278.0,1527101.0,327.7240295410156,333.0,841923.0,237.33218383789062,229.0,685178.0,False,vLH92_MN_60x-1xzoom_0006_XY35_Dapi-ex_Green-em.tif,213.55938720703125,207.0,1165180.0,232.6095733642578,225.0,597574.0,196.6075439453125,194.0,567606.0,133.5690903808594,181.39922954101564,91.00738383789064,131.67520000000002,186.67520000000002,82.67520000000002,70.74658720703124,89.7967733642578,53.79474394531249,64.18719999999999,82.18719999999999,51.18719999999999,0mM 2DG,1h,yes,MN,1.8879934093497086,2.0514245830944495,2.0201085489472472,2.271341522767536,1.6917523379311623,1.6151537884471125
vLH92_MN_60x-1xzoom_0006_XY35_488.tif,5,3988,1955,2033,0.4902206619859579,547.0878295898438,0.2613559288909887,597.5133056640625,557.0,2382883.0,726.033447265625,752.0,1476026.0,463.865478515625,496.0,906857.0,False,vLH92_MN_60x-1xzoom_0006_XY35_Dapi-ex_Green-em.tif,289.2908630371094,275.0,1153692.0,331.1328125,324.0,673193.0,245.779541015625,242.0,480499.0,451.1885056640625,579.708647265625,317.540678515625,410.6752,605.6752,349.6752,146.47806303710937,188.3200125,102.96674101562499,132.1872,181.1872,99.18719999999999,0mM 2DG,1h,yes,MN,3.0802462587845425,3.1067697931418476,3.0783167416454216,3.3428145034527827,3.0839150135618927,3.525406504065041
vLH92_MN_60x-1xzoom_0006_XY35_488.tif,6,11578,5686,5892,0.49110381758507515,473.4129943847656,0.11016334705448476,476.7466735839844,472.0,5519773.0,599.3472290039062,555.0,3531354.0,349.7043762207031,336.0,1988419.0,False,vLH92_MN_60x-1xzoom_0006_XY35_Dapi-ex_Green-em.tif,265.5554504394531,266.0,3074601.0,297.2418518066406,294.0,1751349.0,232.7210693359375,223.0,1323252.0,330.4218735839844,453.02242900390627,203.37957622070314,325.6752,408.6752,189.67520000000002,122.74265043945312,154.42905180664062,89.90826933593749,123.18719999999999,151.1872,80.18719999999999,0mM 2DG,1h,yes,MN,2.6919890714513772,2.643742206982544,2.933531118038153,2.703107141345299,2.2620786466346727,2.365404952411358
vLH92_MN_60x-1xzoom_0006_XY36_488.tif,1,2294,1149,1145,0.500871839581517,406.0937042236328,0.6316107628734968,430.7188415527344,413.0,988069.0,473.4017333984375,470.0,542045.0,388.18450927734375,388.0,446024.0,False,vLH92_MN_60x-1xzoom_0006_XY36_Dapi-ex_Green-em.tif,205.99826049804688,205.0,472560.0,212.82357788085938,212.0,243683.0,199.19668579101562,199.0,228877.0,278.80044155273436,321.4833333984375,236.26610927734376,261.0816,318.0816,236.0816,62.615860498046885,69.44117788085939,55.814285791015635,61.61760000000001,68.61760000000001,55.61760000000001,0mM 2DG,1h,yes,MN,4.452553064593446,4.2371270546077735,4.629577769403742,4.635568717063843,4.2330759218525245,4.244728287448577
vLH92_MN_60x-1xzoom_0006_XY36_488.tif,2,4412,2121,2292,0.4807343608340888,577.9523010253906,0.4770128560364234,600.4231567382812,578.5,2649067.0,743.9306030273438,764.0,1705089.0,445.2508239746094,434.0,944377.0,False,vLH92_MN_60x-1xzoom_0006_XY36_Dapi-ex_Green-em.tif,241.09405517578125,234.0,1063707.0,270.4986877441406,267.0,619983.0,209.3206024169922,208.0,443969.0,448.50475673828123,592.0122030273437,293.33242397460936,426.5816,612.0816,282.0816,97.71165517578126,127.11628774414064,65.9382024169922,90.61760000000001,123.61760000000001,64.61760000000001,0mM 2DG,1h,yes,MN,4.59008452913248,4.707491701391341,4.657248992504757,4.951411449502336,4.448596006903244,4.365398900609121
vLH92_MN_60x-1xzoom_0006_XY36_488.tif,3,3076,1591,1485,0.5172301690507152,483.73060607910156,0.18676426038393773,519.6011352539062,483.0,1598293.0,600.3838500976562,518.0,891570.0,444.20050048828125,452.0,706723.0,False,vLH92_MN_60x-1xzoom_0006_XY36_Dapi-ex_Green-em.tif,320.312744140625,322.0,985282.0,336.7508544921875,339.0,500075.0,304.9698181152344,305.0,485207.0,367.68273525390623,448.46545009765623,292.28210048828123,331.0816,366.0816,300.0816,176.930344140625,193.3684544921875,161.58741811523439,178.6176,195.6176,161.6176,0mM 2DG,1h,yes,MN,2.0781214044419105,1.8535776989501593,2.319227566230433,1.871414433057148,1.808817195654697,1.856738375028462
vLH92_MN_60x-1xzoom_0006_XY36_488.tif,4,2237,992,1245,0.44345105051408135,360.9204406738281,0.5873733961918779,371.0004577636719,362.0,829928.0,394.88836669921875,387.0,491636.0,341.0201721191406,341.0,338292.0,False,vLH92_MN_60x-1xzoom_0006_XY36_Dapi-ex_Green-em.tif,232.85829162597656,231.0,520904.0,232.04818725585938,231.0,288900.0,233.875,230.0,232004.0,219.08205776367188,242.96996669921876,189.10177211914063,210.0816,235.0816,189.0816,89.47589162597657,88.66578725585939,90.49260000000001,87.61760000000001,87.61760000000001,86.61760000000001,0mM 2DG,1h,yes,MN,2.4485037676905157,2.3977100491225505,2.740289960975476,2.6830408502401344,2.0896932138002513,2.1829466528742425
vLH92_MN_60x-1xzoom_0006_XY36_488.tif,5,3685,1867,1818,0.5066485753052917,394.00726318359375,0.48138848560499176,492.4705505371094,395.0,1814754.0,621.8833618164062,471.0,1130584.0,366.4541931152344,366.0,684170.0,False,vLH92_MN_60x-1xzoom_0006_XY36_Dapi-ex_Green-em.tif,250.37095642089844,234.0,922617.0,279.1149597167969,265.5,507431.0,222.38136291503906,220.0,415186.0,340.55215053710936,469.96496181640623,214.53579311523438,243.0816,319.0816,214.0816,106.98855642089845,135.73255971679689,78.99896291503907,90.61760000000001,122.11760000000001,76.61760000000001,0mM 2DG,1h,yes,MN,3.1830708061650985,2.682498764037008,3.4624335000900164,2.6129042824293958,2.715678601324943,2.7941569561040804
vLH92_MN_60x-1xzoom_0006_XY36_488.tif,6,4362,2186,2176,0.5011462631820266,591.1072998046875,0.2115760650108289,633.1173706054688,595.0,2761658.0,739.4972534179688,744.0,1609146.0,527.2241821289062,538.0,1152512.0,False,vLH92_MN_60x-1xzoom_0006_XY36_Dapi-ex_Green-em.tif,266.0859680175781,250.0,1160667.0,300.80560302734375,297.5,654553.0,231.52516174316406,231.0,506114.0,481.19897060546873,587.5788534179687,375.30578212890623,443.0816,592.0816,386.0816,122.70356801757814,157.42320302734376,88.14276174316407,106.61760000000001,154.1176,87.61760000000001,0mM 2DG,1h,yes,MN,3.9216379635882603,4.155801668767633,3.73247934306043,3.8417520127487057,4.257930823888816,4.406438888990339
vLH92_MN_60x-1xzoom_0006_XY36_488.tif,7,4923,2583,2340,0.5246800731261426,1124.2982177734375,0.11659128280803764,1213.782470703125,1126.0,5975451.0,1573.572265625,1540.0,3682159.0,887.8405151367188,933.0,2293292.0,False,vLH92_MN_60x-1xzoom_0006_XY36_Dapi-ex_Green-em.tif,375.7162170410156,350.0,1849651.0,451.6247863769531,433.0,1056802.0,306.9488830566406,309.0,792849.0,1061.864070703125,1421.653865625,735.9221151367187,974.0816,1388.0816,781.0816,232.33381704101564,308.24238637695316,163.56648305664064,206.6176,289.61760000000004,165.6176,0mM 2DG,1h,yes,MN,4.570424074406982,4.714417358443811,4.612129702001603,4.792808171879057,4.499223198935444,4.716175092502246
vLH92_MN_60x-1xzoom_0006_XY36_488.tif,8,3263,1519,1744,0.4655225252834815,468.8078308105469,0.636038450393992,506.4269104003906,466.0,1652471.0,607.41455078125,606.0,1059331.0,390.4805908203125,383.0,593140.0,False,vLH92_MN_60x-1xzoom_0006_XY36_Dapi-ex_Green-em.tif,242.99815368652344,229.0,792903.0,271.6209716796875,262.0,473707.0,210.1356201171875,207.0,319196.0,354.5085104003906,455.49615078125,238.5621908203125,314.0816,454.0816,231.0816,99.61575368652345,128.2385716796875,66.75322011718751,85.61760000000001,118.61760000000001,63.61760000000001,0mM 2DG,1h,yes,MN,3.5587595062120223,3.668423314832464,3.5519434193245836,3.8281131973670006,3.573793000569989,3.632353311033424
vLH92_MN_60x-1xzoom_0006_XY36_488.tif,9,4878,2007,2871,0.4114391143911439,412.63658142089844,0.6283148041543882,420.36163330078125,415.0,2050524.0,483.8676452636719,488.0,1389184.0,329.5166931152344,322.0,661340.0,False,vLH92_MN_60x-1xzoom_0006_XY36_Dapi-ex_Green-em.tif,238.7689666748047,229.0,1164715.0,256.8558044433594,251.0,737433.0,212.89585876464844,212.0,427282.0,268.44323330078123,331.94924526367186,177.59829311523438,263.0816,336.0816,170.0816,95.3865666748047,113.47340444335939,69.51345876464845,85.61760000000001,107.61760000000001,68.61760000000001,0mM 2DG,1h,yes,MN,2.8142666484261616,3.0727513969090463,2.9253484276076813,3.1229241313688463,2.5548763688558283,2.478687683626358
vLH92_MN_60x-1xzoom_0006_XY36_488.tif,10,4354,2053,2301,0.4715204409738172,386.8880920410156,0.4823092410797981,428.3288879394531,392.0,1864944.0,496.5584411621094,513.0,1142581.0,351.8572692871094,353.0,722363.0,False,vLH92_MN_60x-1xzoom_0006_XY36_Dapi-ex_Green-em.tif,230.1802978515625,218.0,1002205.0,256.1651306152344,246.0,589436.0,201.05650329589844,201.0,412769.0,276.4104879394531,344.64004116210936,199.93886928710938,240.0816,361.0816,201.0816,86.79789785156251,112.78273061523439,57.67410329589845,74.61760000000001,102.61760000000001,57.61760000000001,0mM 2DG,1h,yes,MN,3.184529749927316,3.2174929239214336,3.0557873468933043,3.51871024073843,3.4667009604175023,3.489933631390408
vLH92_MN_60x-1xzoom_0006_XY36_488.tif,11,4685,2220,2466,0.47385272145144075,518.7872314453125,0.5905637165485658,570.1677856445312,530.0,2671236.0,641.5332641601562,655.0,1582021.0,490.8454895019531,493.0,1089677.0,False,vLH92_MN_60x-1xzoom_0006_XY36_Dapi-ex_Green-em.tif,373.1451416015625,347.0,1748185.0,419.64801025390625,425.0,1034852.0,321.4639587402344,325.5,713650.0,418.24938564453123,489.61486416015623,338.9270895019531,378.0816,503.0816,341.0816,229.7627416015625,276.2656102539063,178.08155874023439,203.6176,281.61760000000004,182.1176,0mM 2DG,1h,yes,MN,1.8203533903239555,1.8568218071522302,1.7722613527980118,1.78639971365426,1.90321272960297,1.8728645666316708
vLH92_MN_60x-1xzoom_0006_XY36_488.tif,12,3276,1749,1527,0.5338827838827839,396.54864501953125,0.33360189148173436,437.6059265136719,403.0,1433597.0,503.4367980957031,482.0,768748.0,380.13092041015625,382.0,664849.0,False,vLH92_MN_60x-1xzoom_0006_XY36_Dapi-ex_Green-em.tif,249.3174591064453,241.0,816764.0,265.8638000488281,260.0,405974.0,234.87135314941406,231.0,410790.0,285.68752651367186,351.5183980957031,228.21252041015626,251.0816,330.0816,230.0816,105.93505910644532,122.48140004882814,91.48895314941407,97.61760000000001,116.61760000000001,87.61760000000001,0mM 2DG,1h,yes,MN,2.6968175495763704,2.5720935568995755,2.869973709931203,2.830461268281974,2.4944270598162137,2.6259746900166174
vLH92_MN_60x-1xzoom_0006_XY36_488.tif,13,4569,2309,2260,0.5053622236813307,352.16412353515625,0.5397136186191915,363.7999572753906,352.0,1662202.0,408.5911560058594,402.0,923416.0,319.95928955078125,318.0,738786.0,False,vLH92_MN_60x-1xzoom_0006_XY36_Dapi-ex_Green-em.tif,231.18910217285156,226.0,1056303.0,248.65972900390625,243.0,561971.0,214.08921813964844,214.0,494332.0,211.88155727539063,256.67275600585936,168.04088955078126,200.0816,250.0816,166.0816,87.80670217285157,105.27732900390626,70.70681813964845,82.61760000000001,99.61760000000001,70.61760000000001,0mM 2DG,1h,yes,MN,2.4130453830083716,2.421779378728019,2.4380629565206355,2.5104158301344337,2.3765867843026767,2.3518442994381004
vLH92_MN_60x-1xzoom_0006_XY36_488.tif,14,2066,842,1227,0.4075508228460794,328.81471252441406,0.6564986512814524,325.4748229980469,328.0,672431.0,338.5346374511719,338.0,415382.0,306.298095703125,308.0,257903.0,False,vLH92_MN_60x-1xzoom_0006_XY36_Dapi-ex_Green-em.tif,252.3668975830078,243.0,521390.0,247.07254028320312,243.0,303158.0,260.0308837890625,245.0,218946.0,173.55642299804688,186.61623745117188,154.379695703125,176.0816,186.0816,156.0816,108.98449758300782,103.69014028320314,116.64848378906251,99.61760000000001,99.61760000000001,101.61760000000001,0mM 2DG,1h,yes,MN,1.5924872513713062,1.7675752075938387,1.7997491076921808,1.86795907550473,1.3234608002474555,1.535970146903686
vLH92_MN_60x-1xzoom_0006_XY36_488.tif,15,4340,2167,2174,0.49930875576036865,512.4428100585938,0.15432778417856097,518.5953979492188,516.0,2250704.0,592.5234375,594.0,1288146.0,444.3460998535156,457.0,962898.0,False,vLH92_MN_60x-1xzoom_0006_XY36_Dapi-ex_Green-em.tif,259.0495300292969,248.0,1124275.0,288.1329345703125,276.0,626401.0,229.83941650390625,228.0,498062.0,366.67699794921873,440.6050375,292.4276998535156,364.0816,442.0816,305.0816,115.66713002929689,144.7505345703125,86.45701650390626,104.61760000000001,132.6176,84.61760000000001,0mM 2DG,1h,yes,MN,3.170105438393297,3.4801180680879695,3.0438922993129003,3.3335062616123348,3.382347803319159,3.605415421850773
vLH92_MN_60x-1xzoom_0006_XY36_488.tif,16,4897,2314,2583,0.47253420461507045,355.99456787109375,0.6687596055150465,372.9997863769531,358.0,1826580.0,444.41192626953125,421.0,1147916.0,293.28607177734375,287.0,678664.0,False,vLH92_MN_60x-1xzoom_0006_XY36_Dapi-ex_Green-em.tif,230.13497924804688,221.0,1126971.0,253.67982482910156,249.0,655255.0,203.8530731201172,201.0,471716.0,221.08138637695313,292.49352626953123,141.36767177734376,206.0816,269.0816,135.0816,86.75257924804689,110.29742482910157,60.4706731201172,77.61760000000001,105.61760000000001,57.61760000000001,0mM 2DG,1h,yes,MN,2.5484128344452706,2.65508853662056,2.6518617884572575,2.5476965960218747,2.3377889559214116,2.344450306850684
vLH92_MN_60x-1xzoom_0006_XY36_488.tif,17,5829,2973,2857,0.5100360267627381,865.8541259765625,0.1475529576620536,983.2166748046875,885.0,5731170.0,1246.9482421875,1303.0,3562531.0,729.5415649414062,796.0,2168927.0,False,vLH92_MN_60x-1xzoom_0006_XY36_Dapi-ex_Green-em.tif,288.0223083496094,274.0,1678882.0,330.010498046875,329.0,942840.0,247.6360626220703,250.0,736222.0,831.2982748046875,1095.0298421875,577.6231649414062,733.0816,1151.0816,644.0816,144.63990834960939,186.628098046875,104.25366262207032,130.6176,185.6176,106.61760000000001,0mM 2DG,1h,yes,MN,5.747364501886678,5.612425890538487,5.867443614586178,6.201360215841601,5.5405551269248585,6.041043880184884
vLH92_MN_60x-1xzoom_0006_XY36_488.tif,18,639,326,321,0.5101721439749609,1865.92236328125,0.2623806918097478,1599.6964111328125,1891.0,1022206.0,2052.766357421875,2064.0,658938.0,1142.0521240234375,1134.5,372309.0,False,vLH92_MN_60x-1xzoom_0006_XY36_Dapi-ex_Green-em.tif,327.6541442871094,351.0,209371.0,371.7975158691406,371.0,119347.0,282.8404846191406,286.0,92206.0,1447.7780111328125,1900.847957421875,990.1337240234375,1739.0816,1912.0816,982.5816,184.27174428710939,228.41511586914064,139.45808461914064,207.6176,227.6176,142.6176,0mM 2DG,1h,yes,MN,7.856755341052529,8.376368862755372,8.321900896046099,8.400411918937726,7.099866076086503,6.889623721055465
vLH92_MN_60x-1xzoom_0006_XY36_488.tif,19,4700,2099,2602,0.44659574468085106,304.4783020019531,0.23307715611753418,298.730224609375,302.0,1404032.0,317.8454895019531,318.0,827034.0,274.9938049316406,279.0,577212.0,False,vLH92_MN_60x-1xzoom_0006_XY36_Dapi-ex_Green-em.tif,215.675537109375,209.0,1013675.0,225.41429138183594,215.0,586528.0,203.58694458007812,199.0,427329.0,146.811824609375,165.92708950195313,123.07540493164063,150.0816,166.0816,127.08160000000001,72.29313710937501,82.03189138183595,60.204544580078135,65.61760000000001,71.61760000000001,55.61760000000001,0mM 2DG,1h,yes,MN,2.0307850852738327,2.287215625076199,2.022714418830209,2.3190053841513816,2.0442876163266694,2.284917004689163
vLH92_MN_60x-1xzoom_0006_XY36_488.tif,20,4036,1508,2528,0.3736372646184341,435.1805877685547,0.3538378900915493,457.9856262207031,439.0,1848430.0,488.74920654296875,480.0,1235558.0,406.4137878417969,409.0,612872.0,False,vLH92_MN_60x-1xzoom_0006_XY36_Dapi-ex_Green-em.tif,250.69895935058594,238.0,1011821.0,270.2567138671875,264.0,683209.0,217.91246032714844,217.0,328612.0,306.0672262207031,336.83080654296873,254.49538784179688,287.0816,328.0816,257.0816,107.31655935058595,126.87431386718751,74.53006032714845,94.61760000000001,120.61760000000001,73.61760000000001,0mM 2DG,1h,yes,MN,2.8520037175328246,3.034124729437229,2.6548384481949943,2.7200143262674765,3.414667675360702,3.4921214492186645
vLH92_MN_60x-1xzoom_0006_XY36_488.tif,21,3758,2351,1408,0.6255987227248536,489.8849182128906,0.4511275936447752,515.3150634765625,491.0,1936554.0,601.772705078125,561.0,847296.0,463.4887390136719,470.0,1089662.0,False,vLH92_MN_60x-1xzoom_0006_XY36_Dapi-ex_Green-em.tif,254.76104736328125,244.0,957392.0,271.7883605957031,263.0,382678.0,244.5431671142578,236.0,574921.0,363.3966634765625,449.854305078125,311.57033901367186,339.0816,409.0816,318.0816,111.37864736328126,128.40596059570314,101.16076711425782,100.61760000000001,119.61760000000001,92.61760000000001,0mM 2DG,1h,yes,MN,3.2627139229953084,3.370002862322297,3.5033755675449423,3.419911451157689,3.0799523165118274,3.43435372974467
vLH92_MN_60x-1xzoom_0006_XY36_488.tif,22,3984,2159,1825,0.5419176706827309,920.25927734375,0.4824128768122297,1137.0130615234375,916.5,4529860.0,1631.379150390625,1700.0,2977267.0,719.1259765625,694.0,1552593.0,False,vLH92_MN_60x-1xzoom_0006_XY36_Dapi-ex_Green-em.tif,333.38427734375,277.0,1328203.0,442.8372497558594,434.0,808178.0,240.86383056640625,238.0,520025.0,985.0946615234375,1479.460750390625,567.2075765625,764.5816,1548.0816,542.0816,190.00187734375,299.4548497558594,97.48143056640626,133.6176,290.61760000000004,94.61760000000001,0mM 2DG,1h,yes,MN,5.184657516521331,5.722162349870076,4.940513575241159,5.3268680217578,5.818621795626061,5.729183576839826
vLH92_MN_60x-1xzoom_0006_XY36_488.tif,23,2854,1372,1482,0.48072880168185006,621.1351623535156,0.5293034202377712,697.90576171875,615.0,1991823.0,850.8508911132812,844.0,1260961.0,532.6982421875,527.0,730862.0,False,vLH92_MN_60x-1xzoom_0006_XY36_Dapi-ex_Green-em.tif,286.7477111816406,264.0,818378.0,329.863037109375,319.0,488857.0,240.1756591796875,238.0,329521.0,545.98736171875,698.9324911132812,380.7798421875,463.0816,692.0816,375.0816,143.36531118164064,186.480637109375,96.79325917968751,120.61760000000001,175.6176,94.61760000000001,0mM 2DG,1h,yes,MN,3.8083645005798945,3.839253972886212,3.748016426516936,3.9408441978480515,3.933950002454389,3.964184253246753
vLH92_MN_60x-1xzoom_0006_XY36_488.tif,24,2858,0,2858,0.0,694.1406860351562,,661.9632568359375,703.0,1891891.0,661.9632568359375,703.0,1891891.0,,,,True,vLH92_MN_60x-1xzoom_0006_XY36_Dapi-ex_Green-em.tif,267.72393798828125,271.0,765155.0,267.72393798828125,271.0,765155.0,,,,510.0448568359375,510.0448568359375,,551.0816,551.0816,,124.34153798828126,124.34153798828126,,127.61760000000001,127.61760000000001,,0mM 2DG,1h,yes,MN,4.101966769013323,4.318225699276589,4.101966769013323,4.318225699276589,,
vLH92_MN_60x-1xzoom_0006_XY36_488.tif,25,701,432,310,0.6162624821683309,588.5510864257812,0.5269666573691737,611.3209838867188,606.0,428536.0,705.938720703125,691.0,218841.0,522.4675903320312,490.0,225706.0,False,vLH92_MN_60x-1xzoom_0006_XY36_Dapi-ex_Green-em.tif,251.03565979003906,248.0,175976.0,268.1838684082031,270.0,83137.0,237.69676208496094,236.0,102685.0,459.40258388671873,554.020320703125,370.54919033203123,454.0816,539.0816,338.0816,107.65325979003907,124.80146840820314,94.31436208496095,104.61760000000001,126.61760000000001,92.61760000000001,0mM 2DG,1h,yes,MN,4.267428453004693,4.340393968127733,4.439213158061764,4.257556611403154,3.9288734201290616,3.6502954082161483
vLH92_MN_60x-1xzoom_0006_XY36_488.tif,26,3828,1812,2016,0.47335423197492166,513.8953857421875,0.6988228910040091,581.9791259765625,512.0,2227816.0,726.6909790039062,758.0,1465009.0,420.97515869140625,423.0,762807.0,False,vLH92_MN_60x-1xzoom_0006_XY36_Dapi-ex_Green-em.tif,302.9156188964844,279.0,1159561.0,353.4072570800781,351.5,712469.0,246.73951721191406,246.0,447092.0,430.0607259765625,574.7725790039062,269.05675869140623,360.0816,606.0816,271.0816,159.53321889648439,210.02485708007814,103.35711721191407,135.6176,208.1176,102.61760000000001,0mM 2DG,1h,yes,MN,2.6957440522504226,2.6551244086313277,2.7366883472500465,2.9122073289332566,2.603175920045802,2.641667706124485
vLH92_MN_60x-1xzoom_0006_XY36_488.tif,27,778,405,374,0.5205655526992288,323.36012268066406,0.16791520471077193,322.1388244628906,322.0,250624.0,331.8930358886719,332.5,124128.0,313.0938415527344,313.0,126803.0,False,vLH92_MN_60x-1xzoom_0006_XY36_Dapi-ex_Green-em.tif,189.29562377929688,189.0,147272.0,189.28074645996094,189.5,70791.0,189.2864227294922,188.0,76661.0,170.22042446289063,179.97463588867188,161.17544155273438,170.0816,180.5816,161.0816,45.913223779296885,45.89834645996095,45.9040227294922,45.61760000000001,46.11760000000001,44.61760000000001,0mM 2DG,1h,yes,MN,3.7074378675985313,3.7284206095892807,3.9211572914869888,3.9156764445678,3.5111398079973317,3.6102703865739074
vLH92_MN_60x-1xzoom_0007_XY1_488.tif,1,10202,5183,5019,0.5080376396784945,616.6224060058594,0.16908659006958557,673.7298583984375,614.0,6873392.0,843.0703125,847.0,4231370.0,509.7476501464844,519.0,2642022.0,False,vLH92_MN_60x-1xzoom_0007_XY1_Dapi-ex_Green-em.tif,265.8804016113281,258.0,2712512.0,295.79736328125,292.0,1484607.0,236.91009521484375,238.0,1227905.0,547.5810583984376,716.9215125000001,383.5988501464844,487.8512,720.8512000000001,392.8512,134.72360161132812,164.64056328125,105.75329521484375,126.8432,160.8432,106.8432,0mM 2DG,1h,yes,non-MN,4.064477581130778,3.8460965980044657,4.354464648394739,4.481701433445742,3.6272992663460917,3.676894739206613
vLH92_MN_60x-1xzoom_0007_XY1_488.tif,2,7045,3749,3296,0.5321504613200851,576.5471801757812,0.2800204557416184,665.0258178710938,575.0,4685107.0,835.3646850585938,839.0,2753362.0,515.2694091796875,516.0,1931745.0,False,vLH92_MN_60x-1xzoom_0007_XY1_Dapi-ex_Green-em.tif,271.8451232910156,255.0,1915149.0,307.5160827636719,300.5,1013573.0,240.48439025878906,239.0,901576.0,538.8770178710938,709.2158850585938,389.1206091796875,448.8512,712.8512000000001,389.8512,140.68832329101562,176.35928276367187,109.32759025878906,123.8432,169.3432,107.8432,0mM 2DG,1h,yes,non-MN,3.830289573900314,3.6243507919691997,4.021426453684153,4.209505902805664,3.559216920985829,3.614981751283345
vLH92_MN_60x-1xzoom_0007_XY1_488.tif,3,9111,4696,4415,0.5154209197673142,590.656982421875,0.15673541882957545,616.2061157226562,584.0,5614254.0,747.2894897460938,739.0,3299283.0,492.966552734375,492.0,2314971.0,False,vLH92_MN_60x-1xzoom_0007_XY1_Dapi-ex_Green-em.tif,272.9958190917969,262.0,2487265.0,303.0998840332031,293.0,1338186.0,244.69314575195312,239.0,1149079.0,490.05731572265626,621.1406897460938,366.817752734375,457.8512,612.8512000000001,365.8512,141.83901909179687,171.94308403320312,113.53634575195312,130.8432,161.8432,107.8432,0mM 2DG,1h,yes,non-MN,3.4550247094242508,3.499235726426746,3.6124784735520286,3.7866972477064227,3.2308398716281985,3.392436426218807
vLH92_MN_60x-1xzoom_0007_XY1_488.tif,4,4785,2487,2298,0.5197492163009404,666.4713745117188,0.2614023729044593,710.7295532226562,668.0,3400841.0,870.4887084960938,856.0,2000383.0,563.1113891601562,577.0,1400458.0,False,vLH92_MN_60x-1xzoom_0007_XY1_Dapi-ex_Green-em.tif,276.09027099609375,270.0,1321092.0,305.2232360839844,301.0,701403.0,249.17129516601562,251.0,619689.0,584.5807532226563,744.3399084960938,436.96258916015626,541.8512000000001,729.8512000000001,450.8512,144.93347099609375,174.06643608398437,118.01449516601562,138.8432,169.8432,119.8432,0mM 2DG,1h,yes,non-MN,4.033442028297328,3.902612443389378,4.276182848581798,4.297205893435828,3.702617958458949,3.762009025126165
vLH92_MN_60x-1xzoom_0007_XY1_488.tif,5,9203,3168,6035,0.34423557535586224,737.7347412109375,0.5342452618739733,775.348388671875,729.0,7135531.0,873.8323364257812,891.0,5273578.0,587.7376708984375,571.0,1861953.0,False,vLH92_MN_60x-1xzoom_0007_XY1_Dapi-ex_Green-em.tif,287.34716796875,276.0,2644456.0,305.1534423828125,306.0,1841601.0,253.42645263671875,252.0,802855.0,649.1995886718751,747.6835364257813,461.5888708984375,602.8512000000001,764.8512000000001,444.8512,156.19036796875,173.9966423828125,122.26965263671875,144.8432,174.8432,120.8432,0mM 2DG,1h,yes,non-MN,4.156463661073931,4.162095286489114,4.297114738460252,4.3744978357751405,3.7751711969762964,3.6812265812226093
vLH92_MN_60x-1xzoom_0007_XY1_488.tif,6,5387,2663,2724,0.4943382216447002,795.2818603515625,0.47062188648102554,832.4978637695312,785.0,4484666.0,1031.29150390625,1055.0,2809238.0,629.1505737304688,612.0,1675428.0,False,vLH92_MN_60x-1xzoom_0007_XY1_Dapi-ex_Green-em.tif,304.81158447265625,296.0,1642020.0,344.0616760253906,347.0,937224.0,264.66241455078125,263.0,704796.0,706.3490637695313,905.1427039062501,503.00177373046876,658.8512000000001,928.8512000000001,485.8512,173.65478447265625,212.90487602539062,133.50561455078125,164.8432,215.8432,131.8432,0mM 2DG,1h,yes,non-MN,4.06754738094045,3.9968357809118005,4.251394898998483,4.303360958325303,3.7676450943502684,3.685068323584379
vLH92_MN_60x-1xzoom_0007_XY1_488.tif,7,3038,1526,1512,0.5023041474654378,701.0910034179688,0.6131128944326154,774.9305419921875,699.0,2354239.0,914.5846557617188,906.0,1382852.0,636.5576782226562,637.0,971387.0,False,vLH92_MN_60x-1xzoom_0007_XY1_Dapi-ex_Green-em.tif,296.979248046875,283.0,902223.0,327.76190185546875,322.0,495576.0,266.4790344238281,266.0,406647.0,648.7817419921876,788.4358557617188,510.40887822265626,572.8512000000001,779.8512000000001,510.8512,165.822448046875,196.60510185546875,135.32223442382812,151.8432,190.8432,134.8432,0mM 2DG,1h,yes,non-MN,3.9125085272458935,3.772649680723273,4.01025125147223,4.086345230010815,3.771803505875168,3.7884832160613215
vLH92_MN_60x-1xzoom_0007_XY1_488.tif,8,7851,4199,3652,0.5348363265826009,500.29205322265625,0.25169076588632633,539.2205810546875,500.0,4233421.0,653.5265502929688,631.0,2386679.0,439.8052062988281,446.0,1846742.0,False,vLH92_MN_60x-1xzoom_0007_XY1_Dapi-ex_Green-em.tif,241.70449829101562,230.0,1897622.0,271.17742919921875,258.5,990340.0,216.0709686279297,216.0,907282.0,413.0717810546875,527.3777502929688,313.65640629882813,373.8512,504.8512,319.8512,110.54769829101562,140.02062919921875,84.91416862792968,98.8432,127.3432,84.8432,0mM 2DG,1h,yes,non-MN,3.736593230256866,3.782265244346602,3.7664289419998647,3.9644928036989806,3.6938053020713593,3.7699096686593623
vLH92_MN_60x-1xzoom_0007_XY1_488.tif,9,4560,2337,2223,0.5125,857.0287475585938,0.5451169368317131,850.2416381835938,852.0,3877102.0,1035.8892822265625,1040.0,2302782.0,673.6499633789062,650.0,1574320.0,False,vLH92_MN_60x-1xzoom_0007_XY1_Dapi-ex_Green-em.tif,331.6155700683594,321.0,1512167.0,384.4430847167969,374.0,854617.0,281.364990234375,276.0,657550.0,724.0928381835938,909.7404822265626,547.5011633789063,725.8512000000001,913.8512000000001,523.8512000000001,200.45877006835937,253.28628471679687,150.208190234375,189.8432,242.8432,144.8432,0mM 2DG,1h,yes,non-MN,3.6121783942736334,3.8234248053130164,3.5917479039331197,3.7631327539745816,3.644948804220472,3.6166778972019404
vLH92_MN_60x-1xzoom_0007_XY1_488.tif,10,3813,1925,1888,0.5048518227117755,661.796630859375,0.7492644401173023,764.4327392578125,663.0,2914782.0,924.109619140625,912.0,1744719.0,607.824951171875,608.0,1170063.0,False,vLH92_MN_60x-1xzoom_0007_XY1_Dapi-ex_Green-em.tif,297.943359375,284.0,1136058.0,327.8575134277344,323.0,618995.0,268.6041564941406,268.0,517063.0,638.2839392578126,797.9608191406251,481.676151171875,536.8512000000001,785.8512000000001,481.8512,166.786559375,196.70071342773437,137.44735649414062,152.8432,191.8432,136.8432,0mM 2DG,1h,yes,non-MN,3.8269506946462397,3.5124310404388295,4.056725597153398,4.096320328268086,3.504440998051562,3.5211921381552025
vLH92_MN_60x-1xzoom_0007_XY1_488.tif,11,5449,2806,2643,0.514956872820701,620.702392578125,0.11857459686115489,668.2604370117188,618.0,3641351.0,844.0438842773438,826.0,2230808.0,502.68817138671875,506.0,1410543.0,False,vLH92_MN_60x-1xzoom_0007_XY1_Dapi-ex_Green-em.tif,282.6681823730469,271.0,1540259.0,317.0242004394531,310.0,837895.0,250.3079071044922,248.0,702364.0,542.1116370117188,717.8950842773438,376.53937138671876,491.8512,699.8512000000001,379.8512,151.51138237304687,185.86740043945312,119.15110710449218,139.8432,178.8432,116.8432,0mM 2DG,1h,yes,non-MN,3.578025812456436,3.5171620786709688,3.8624045022419105,3.913211125723539,3.160183573086772,3.2509482794035085
vLH92_MN_60x-1xzoom_0007_XY1_488.tif,12,6947,2802,4145,0.40333957103785806,816.943603515625,0.7590464544930948,834.3392944335938,814.0,5796155.0,975.998779296875,1041.0,4045515.0,624.7822875976562,604.0,1750640.0,False,vLH92_MN_60x-1xzoom_0007_XY1_Dapi-ex_Green-em.tif,306.5641174316406,302.0,2129701.0,336.3138732910156,341.0,1394021.0,262.5553283691406,260.0,735680.0,708.1904944335938,849.8499792968751,498.63348759765626,687.8512000000001,914.8512000000001,477.8512,175.40731743164062,205.15707329101562,131.39852836914062,170.8432,209.8432,128.8432,0mM 2DG,1h,yes,non-MN,4.037405649907327,4.02621351040018,4.1424356745982704,4.3596895205563015,3.7948179008278906,3.708780905783154
vLH92_MN_60x-1xzoom_0007_XY1_488.tif,13,6577,3628,2949,0.5516192793066748,720.102783203125,0.3534253182334751,740.9253540039062,702.0,4873066.0,941.0369873046875,960.0,2775118.0,578.2656860351562,563.0,2097948.0,False,vLH92_MN_60x-1xzoom_0007_XY1_Dapi-ex_Green-em.tif,295.9624328613281,286.0,1946545.0,339.77008056640625,337.0,1001982.0,260.3536376953125,259.0,944563.0,614.7765540039063,814.8881873046876,452.11688603515626,575.8512000000001,833.8512000000001,436.8512,164.80563286132812,208.61328056640625,129.1968376953125,154.8432,205.8432,127.8432,0mM 2DG,1h,yes,non-MN,3.730312752848659,3.7189311509966214,3.9062143363652755,4.050904766346424,3.499442355558211,3.4170859302645744
vLH92_MN_60x-1xzoom_0007_XY1_488.tif,14,9992,5964,4028,0.5968775020016013,558.4964599609375,0.2566807861203944,644.7176513671875,560.0,6442019.0,852.4146118164062,860.0,3433526.0,504.442138671875,495.0,3008493.0,False,vLH92_MN_60x-1xzoom_0007_XY1_Dapi-ex_Green-em.tif,265.4620666503906,255.0,2652497.0,300.7447814941406,301.0,1211400.0,241.63262939453125,236.0,1441097.0,518.5688513671876,726.2658118164063,378.293338671875,433.8512,733.8512000000001,368.8512,134.30526665039062,169.58798149414062,110.47582939453125,123.8432,169.8432,104.8432,0mM 2DG,1h,yes,non-MN,3.861120746046926,3.503229890700499,4.282531140577903,4.320757027658453,3.424218136628909,3.5181223007309965
vLH92_MN_60x-1xzoom_0007_XY1_488.tif,15,5545,2749,2796,0.4957619477006312,942.0689697265625,0.19572606326669115,927.0706787109375,940.0,5140607.0,1074.966064453125,1085.0,3005605.0,776.6467895507812,757.0,2135002.0,False,vLH92_MN_60x-1xzoom_0007_XY1_Dapi-ex_Green-em.tif,339.6986389160156,339.0,1883629.0,369.6548767089844,368.0,1033555.0,309.2302551269531,303.0,850074.0,800.9218787109376,948.8172644531251,650.4979895507813,813.8512000000001,958.8512000000001,630.8512000000001,208.54183891601562,238.49807670898437,178.07345512695312,207.8432,236.8432,171.8432,0mM 2DG,1h,yes,non-MN,3.840581261170745,3.9156979877138154,3.9783015341078536,4.04846413154357,3.652975616646651,3.671086199512114
vLH92_MN_60x-1xzoom_0007_XY1_488.tif,16,5420,2787,2634,0.5142066420664206,616.2708740234375,0.4884732999983789,665.4053344726562,614.0,3606497.0,847.5235595703125,857.0,2232377.0,493.13958740234375,481.0,1374380.0,False,vLH92_MN_60x-1xzoom_0007_XY1_Dapi-ex_Green-em.tif,269.1311950683594,254.0,1458691.0,311.872802734375,306.0,821473.0,228.70864868164062,228.0,637411.0,539.2565344726563,721.3747595703126,366.99078740234376,487.8512,730.8512000000001,354.8512,137.97439506835937,180.716002734375,97.55184868164062,122.8432,174.8432,96.8432,0mM 2DG,1h,yes,non-MN,3.908381219613116,3.9713325605324514,3.991759161642279,4.180037885373867,3.762007510488234,3.6641829266277863
vLH92_MN_60x-1xzoom_0007_XY1_488.tif,17,9224,4794,4430,0.5197311361665221,632.6194152832031,0.18593556919022478,676.6950073242188,631.0,6241835.0,853.7979736328125,845.0,3782325.0,513.0392456054688,517.0,2459510.0,False,vLH92_MN_60x-1xzoom_0007_XY1_Dapi-ex_Green-em.tif,264.8317565917969,254.0,2442808.0,300.4613952636719,294.0,1331044.0,231.90737915039062,233.0,1111764.0,550.5462073242188,727.6491736328126,386.89044560546876,504.8512,718.8512000000001,390.8512,133.67495659179687,169.30459526367187,100.75057915039062,122.8432,162.8432,101.8432,0mM 2DG,1h,yes,non-MN,4.11854412644712,4.109720358961669,4.2978701936564985,4.41437652907828,3.840081604175759,3.837774146923899
vLH92_MN_60x-1xzoom_0007_XY1_488.tif,18,5097,3023,2074,0.5930939768491269,431.3984375,0.3636224002487568,473.1893310546875,433.0,2411846.0,590.9479370117188,529.0,1225626.0,392.3982849121094,402.0,1186220.0,False,vLH92_MN_60x-1xzoom_0007_XY1_Dapi-ex_Green-em.tif,226.99803161621094,216.0,1157009.0,255.95468139648438,240.0,530850.0,207.13165283203125,207.0,626159.0,347.0405310546875,464.79913701171876,266.2494849121094,306.8512,402.8512,275.8512,95.84123161621093,124.79788139648437,75.97485283203125,84.8432,108.8432,75.8432,0mM 2DG,1h,yes,non-MN,3.620994066983461,3.616685839289419,3.724415285024321,3.7012068737413086,3.504442259345289,3.6371250158221176
vLH92_MN_60x-1xzoom_0007_XY1_488.tif,19,3188,1523,1665,0.4777289836888331,319.4894561767578,0.25649026123555235,332.1239013671875,319.0,1058811.0,379.2048034667969,375.0,631376.0,280.6533203125,280.0,427435.0,False,vLH92_MN_60x-1xzoom_0007_XY1_Dapi-ex_Green-em.tif,214.3036346435547,205.0,683200.0,229.39219665527344,217.0,381938.0,197.8082733154297,195.0,301262.0,205.9751013671875,253.05600346679688,154.5045203125,192.8512,248.8512,153.8512,83.14683464355468,98.23539665527343,66.65147331542968,73.8432,85.8432,63.843199999999996,0mM 2DG,1h,yes,non-MN,2.477245252332094,2.611631131911943,2.57601650813116,2.8989040483113397,2.3180960994110915,2.4098290812490606
vLH92_MN_60x-1xzoom_0007_XY1_488.tif,20,3607,1848,1761,0.5123371222622678,779.3140258789062,0.4789002272554572,779.4186401367188,780.0,2811363.0,948.6871337890625,939.0,1670638.0,617.6818237304688,594.0,1141476.0,False,vLH92_MN_60x-1xzoom_0007_XY1_Dapi-ex_Green-em.tif,308.7881774902344,303.0,1113799.0,344.50994873046875,338.0,606682.0,274.7148132324219,268.0,507673.0,653.2698401367188,822.5383337890626,491.53302373046876,653.8512000000001,812.8512000000001,467.8512,177.63137749023437,213.35314873046875,143.55801323242187,171.8432,206.8432,136.8432,0mM 2DG,1h,yes,non-MN,3.6776714191310798,3.804929144708665,3.855290342249337,3.929794162921479,3.423933033502434,3.418885264302501
vLH92_MN_60x-1xzoom_0007_XY1_488.tif,21,6852,3327,3525,0.48555166374781084,701.34033203125,0.3538214676567418,753.5001220703125,698.0,5162983.0,891.2621459960938,893.0,3141699.0,607.53955078125,606.0,2021284.0,False,vLH92_MN_60x-1xzoom_0007_XY1_Dapi-ex_Green-em.tif,295.02044677734375,285.0,2021480.0,319.47064208984375,316.0,1126134.0,269.1151123046875,264.0,895346.0,627.3513220703126,765.1133459960938,481.39075078125,571.8512000000001,766.8512000000001,479.8512,163.86364677734375,188.31384208984375,137.9583123046875,153.8432,184.8432,132.8432,0mM 2DG,1h,yes,non-MN,3.8284960356262006,3.717104168400034,4.062969230010514,4.148657889497693,3.489392866144054,3.612162308646585
vLH92_MN_60x-1xzoom_0007_XY1_488.tif,22,7335,3840,3495,0.523517382413088,759.011474609375,0.43144099790802004,791.3228149414062,751.0,5804353.0,943.6746826171875,946.0,3298143.0,652.6588745117188,637.0,2506210.0,False,vLH92_MN_60x-1xzoom_0007_XY1_Dapi-ex_Green-em.tif,302.7874450683594,294.0,2220946.0,335.8457946777344,334.0,1173781.0,272.69921875,271.0,1047165.0,665.1740149414063,817.5258826171876,526.5100745117188,624.8512000000001,819.8512000000001,510.8512,171.63064506835937,204.68899467773437,141.54241875,162.8432,202.8432,139.8432,0mM 2DG,1h,yes,non-MN,3.8756133246278472,3.8371341265708367,3.9939904141124605,4.041797802440506,3.7198041347708624,3.653028534816137
vLH92_MN_60x-1xzoom_0007_XY3_488.tif,1,14294,7000,7294,0.48971596474045054,827.2384948730469,0.4232855065673386,903.8759765625,830.0,12920003.0,1100.20751953125,1102.5,8024914.0,699.2984008789062,700.0,4895089.0,False,vLH92_MN_60x-1xzoom_0007_XY3_Dapi-ex_Green-em.tif,290.0517578125,284.0,4146000.0,315.76885986328125,317.0,2303218.0,263.25457763671875,263.0,1842782.0,762.9175765625,959.24911953125,558.3400008789063,689.0416,961.5416,559.0416,145.2741578125,170.99125986328124,118.47697763671874,139.2224,172.2224,118.2224,0mM 2DG,1h,yes,non-MN,5.251571153812295,4.949215068839497,5.609930708143988,5.583139010953279,4.712645545288318,4.72872822747635
vLH92_MN_60x-1xzoom_0007_XY3_488.tif,2,31755,15774,15993,0.49674067076051015,876.3801879882812,0.16727502479648612,855.490966796875,875.0,27166116.0,1007.216796875,1010.0,16108418.0,701.4813842773438,691.0,11065167.0,False,vLH92_MN_60x-1xzoom_0007_XY3_Dapi-ex_Green-em.tif,279.1192932128906,279.0,8863433.0,304.65509033203125,304.0,4872349.0,253.19969177246094,252.0,3993972.0,714.532566796875,866.258396875,560.5229842773438,734.0416,869.0416,550.0416,134.34169321289062,159.87749033203124,108.42209177246093,134.2224,159.2224,107.2224,0mM 2DG,1h,yes,non-MN,5.318769993947886,5.468845736628164,5.4182636659855445,5.45803605522841,5.169822635904133,5.129913152475603
vLH92_MN_60x-1xzoom_0007_XY3_488.tif,3,15145,7066,8080,0.4665566193463189,774.5560302734375,0.42298332916158765,842.4691772460938,780.0,12759196.0,1011.0782470703125,1037.0,8169512.0,649.5956420898438,661.0,4590043.0,False,vLH92_MN_60x-1xzoom_0007_XY3_Dapi-ex_Green-em.tif,285.9526062011719,279.0,4330752.0,311.6621398925781,314.0,2518230.0,256.54345703125,257.0,1812736.0,701.5107772460938,870.1198470703125,508.63724208984377,639.0416,896.0416,520.0416,141.17500620117187,166.88453989257812,111.76585703125,134.2224,169.2224,112.2224,0mM 2DG,1h,yes,non-MN,4.969086215207622,4.761065217132163,5.21390326288103,5.29505313717333,4.55091792431411,4.634026718373516
vLH92_MN_60x-1xzoom_0007_XY3_488.tif,4,9020,5238,3782,0.5807095343680709,1158.4542236328125,0.3244919437782333,1128.3057861328125,1157.5,10177318.0,1435.343994140625,1426.0,5428471.0,906.6145629882812,950.0,4748847.0,False,vLH92_MN_60x-1xzoom_0007_XY3_Dapi-ex_Green-em.tif,348.99444580078125,352.0,3147930.0,376.91064453125,377.0,1425476.0,328.8381042480469,329.0,1722454.0,987.3473861328125,1294.385594140625,765.6561629882813,1016.5416,1285.0416,809.0416,204.21684580078124,232.13304453125,184.06050424804687,207.2224,232.2224,184.2224,0mM 2DG,1h,yes,non-MN,4.834798922984028,4.905558472443134,5.576050565116219,5.533667725421838,4.159806940202957,4.391657040620467
vLH92_MN_60x-1xzoom_0007_XY3_488.tif,5,5263,2926,2341,0.555956678700361,1217.29345703125,0.10308716777710211,1137.6063232421875,1211.0,5987222.0,1316.2763671875,1311.0,3081403.0,994.1271362304688,1049.0,2908816.0,False,vLH92_MN_60x-1xzoom_0007_XY3_Dapi-ex_Green-em.tif,314.0459899902344,317.0,1652824.0,335.2281188964844,333.0,784769.0,297.0201721191406,298.0,869081.0,996.6479232421875,1175.3179671875,853.1687362304688,1070.0416,1170.0416,908.0416,169.26838999023437,190.45051889648437,152.24257211914062,172.2224,188.2224,153.2224,0mM 2DG,1h,yes,non-MN,5.887974259693067,6.21313836063137,6.171251062993012,6.216271814619302,5.604008946740624,5.9262979825404125
vLH92_MN_60x-1xzoom_0007_XY3_488.tif,6,9177,4553,4624,0.4961316334314046,835.818115234375,0.3605156065627183,906.1612548828125,838.0,8315842.0,1048.80908203125,1041.0,4849693.0,761.2890625,758.0,3466149.0,False,vLH92_MN_60x-1xzoom_0007_XY3_Dapi-ex_Green-em.tif,292.48992919921875,284.0,2684180.0,313.8190002441406,313.0,1451099.0,270.8282470703125,270.0,1233081.0,765.2028548828125,907.85068203125,620.3306625,697.0416,900.0416,617.0416,147.71232919921874,169.04140024414062,126.0506470703125,139.2224,168.2224,125.2224,0mM 2DG,1h,yes,non-MN,5.180358735327963,5.00667708644586,5.370581885384722,5.3503076879178995,4.921281063745531,4.927565675150772
vLH92_MN_60x-1xzoom_0007_XY3_488.tif,7,39090,20560,18537,0.5259657201330263,1234.9090576171875,0.08000516796029465,1186.4755859375,1232.0,46379332.0,1395.017333984375,1395.0,25859436.0,998.3530883789062,1006.0,20526140.0,False,vLH92_MN_60x-1xzoom_0007_XY3_Dapi-ex_Green-em.tif,332.3068542480469,334.0,12989875.0,357.557861328125,357.0,6628050.0,309.5226135253906,308.0,6363785.0,1045.5171859375,1254.058933984375,857.3946883789063,1091.0416,1254.0416,865.0416,187.52925424804687,212.780261328125,164.74501352539062,189.2224,212.2224,163.2224,0mM 2DG,1h,yes,non-MN,5.575221797419317,5.76592200500575,5.893680767928521,5.909091594478245,5.204374141781013,5.299772580234086
vLH92_MN_60x-1xzoom_0007_XY3_488.tif,8,28019,14636,13384,0.5223598272600736,873.1527099609375,0.2228540947074944,838.2719116210938,866.0,23487540.0,1009.3890380859375,1011.0,13509663.0,681.7744140625,655.0,9978450.0,False,vLH92_MN_60x-1xzoom_0007_XY3_Dapi-ex_Green-em.tif,276.43548583984375,277.0,7745446.0,293.1697692871094,293.0,3923784.0,261.1297607421875,261.0,3821895.0,697.3135116210938,868.4306380859375,540.8160140625,725.0416,870.0416,514.0416,131.65788583984374,148.39216928710937,116.3521607421875,132.2224,148.2224,116.2224,0mM 2DG,1h,yes,non-MN,5.296405203326341,5.483500526385847,5.852267287808811,5.869838836775009,4.6480960096722,4.422913311031264
vLH92_MN_60x-1xzoom_0007_XY3_488.tif,9,68654,37562,31109,0.5471203425874676,859.9596252441406,0.06620538593400825,857.2523803710938,858.0,58853804.0,1025.889404296875,1021.0,31914392.0,717.329345703125,732.0,26944324.0,False,vLH92_MN_60x-1xzoom_0007_XY3_Dapi-ex_Green-em.tif,270.62451171875,271.0,18579456.0,299.31427001953125,298.0,9311368.0,246.82275390625,248.0,9271156.0,716.2939803710938,884.931004296875,576.370945703125,717.0416,880.0416,591.0416,125.84691171875,154.53667001953124,102.04515390625,126.2224,153.2224,103.2224,0mM 2DG,1h,yes,non-MN,5.6917883052379485,5.680779322846025,5.726349637176939,5.743557077816299,5.648195172821664,5.725904454847011
vLH92_MN_60x-1xzoom_0007_XY3_488.tif,10,132034,65321,66829,0.4947286305042641,1167.1231079101562,0.03940246400222316,1164.8436279296875,1166.0,153798960.0,1350.625,1363.0,90260920.0,974.1387329101562,986.0,63631716.0,False,vLH92_MN_60x-1xzoom_0007_XY3_Dapi-ex_Green-em.tif,308.5085754394531,308.0,40733620.0,334.4559326171875,336.0,22351356.0,281.8677062988281,282.0,18411880.0,1023.8852279296875,1209.6666,833.1803329101563,1025.0416,1222.0416,845.0416,163.73097543945312,189.6783326171875,137.09010629882812,163.2224,191.2224,137.2224,0mM 2DG,1h,yes,non-MN,6.253460746701012,6.280030191934441,6.3774632732636505,6.3906822631658216,6.0776109626320896,6.158189916515088
vLH92_MN_60x-1xzoom_0007_XY4_488.tif,1,123787,62974,60822,0.508728703337184,513.6962890625,0.15951528898469486,559.1394653320312,518.0,69214200.0,762.8449096679688,767.0,46397752.0,362.3518371582031,352.0,22818744.0,False,vLH92_MN_60x-1xzoom_0007_XY4_Dapi-ex_Green-em.tif,216.76644897460938,212.0,26832868.0,244.45848083496094,245.0,14868454.0,190.01312255859375,189.0,11965886.0,410.67386533203126,614.3793096679688,213.88623715820313,369.5344,618.5344,203.5344,67.13764897460939,94.82968083496095,40.384322558593766,62.371200000000016,95.37120000000002,39.371200000000016,0mM 2DG,1h,yes,non-MN,6.116893748950651,5.924760145708274,6.478765975572754,6.485546999513479,5.296269037269965,5.169626529036451
vLH92_MN_60x-1xzoom_0007_XY4_488.tif,2,52378,26962,25421,0.5147581045477109,944.1446228027344,0.0907480190023431,926.5299682617188,942.0,48529788.0,1123.87255859375,1127.0,28569964.0,740.3975830078125,759.0,19962600.0,False,vLH92_MN_60x-1xzoom_0007_XY4_Dapi-ex_Green-em.tif,256.8356628417969,257.0,13452538.0,282.6151123046875,282.0,7184359.0,232.5208740234375,233.0,6269228.0,778.0643682617188,975.40695859375,591.9319830078125,793.5344,978.5344,610.5344,107.20686284179689,132.98631230468752,82.89207402343752,107.37120000000002,132.37120000000002,83.37120000000002,0mM 2DG,1h,yes,non-MN,7.257598512232313,7.390570283278942,7.3346417513930025,7.392351206304694,7.140996168589596,7.323085190089622
vLH92_MN_60x-1xzoom_0007_XY4_488.tif,3,40208,20656,19558,0.5137286112216475,897.1633605957031,0.06830559644366606,866.2740478515625,895.0,34831148.0,1037.828369140625,1039.0,20297848.0,703.6693725585938,726.0,14534995.0,False,vLH92_MN_60x-1xzoom_0007_XY4_Dapi-ex_Green-em.tif,239.60609436035156,241.0,9634082.0,255.61827087402344,255.0,4999382.0,224.42568969726562,225.0,4635737.0,717.8084478515625,889.362769140625,555.2037725585938,746.5344,890.5344,577.5344,89.97729436035158,105.98947087402345,74.79688969726564,91.37120000000002,105.37120000000002,75.37120000000002,0mM 2DG,1h,yes,non-MN,7.977662064129195,8.170346892675152,8.391048297596468,8.451402280699089,7.422818980919342,7.662534230581441
vLH92_MN_60x-1xzoom_0007_XY4_488.tif,4,45211,25499,19720,0.5639999115259561,420.31964111328125,0.18805410213384927,465.8472595214844,423.0,21061420.0,596.6859741210938,564.0,11766647.0,364.6163330078125,361.0,9297352.0,False,vLH92_MN_60x-1xzoom_0007_XY4_Dapi-ex_Green-em.tif,193.83792114257812,191.0,8763606.0,203.58438110351562,201.0,4014684.0,186.29299926757812,185.0,4750285.0,317.3816595214844,448.22037412109376,216.1507330078125,274.5344,415.5344,212.5344,44.20912114257814,53.95558110351564,36.66419926757814,41.371200000000016,51.371200000000016,35.371200000000016,0mM 2DG,1h,yes,non-MN,7.179099048314075,6.635881966198705,8.307210578664096,8.08885912729311,5.89541670964441,6.008685031890349
vLH92_MN_60x-1xzoom_0007_XY4_488.tif,5,98201,46212,52017,0.47058583924807285,680.9000244140625,0.07953170539365435,695.6799926757812,683.0,68316472.0,888.0189208984375,889.0,46192080.0,479.0018310546875,464.0,22135632.0,False,vLH92_MN_60x-1xzoom_0007_XY4_Dapi-ex_Green-em.tif,238.8578338623047,238.0,23456078.0,265.87371826171875,266.0,13829953.0,208.42559814453125,204.0,9631764.0,547.2143926757813,739.5533208984375,330.5362310546875,534.5344,740.5344,315.5344,89.2290338623047,116.24491826171877,58.796798144531266,88.37120000000002,116.37120000000002,54.371200000000016,0mM 2DG,1h,yes,non-MN,6.13269435955369,6.048739860950173,6.36202710585056,6.3635538689985145,5.621670592371039,5.803337060796891
vLH92_MN_60x-1xzoom_0007_XY5_488.tif,1,14956,7235,7728,0.48375234019791385,1023.8764953613281,0.15364692003677063,993.2672729492188,1025.0,14855305.0,1131.0430908203125,1148.0,8740701.0,845.91015625,885.0,6120160.0,False,vLH92_MN_60x-1xzoom_0007_XY5_Dapi-ex_Green-em.tif,266.9465637207031,269.0,3992453.0,284.1966857910156,286.0,2196272.0,248.4883270263672,250.0,1797813.0,847.9296729492187,985.7054908203124,700.5725562499999,879.6623999999999,1002.6623999999999,739.6623999999999,119.79136372070312,137.04148579101562,101.33312702636718,121.84479999999999,138.8448,102.84479999999999,0mM 2DG,1h,yes,non-MN,7.07838734456843,7.219531732170761,7.192752509437072,7.221461660789601,6.913559038474248,7.192025265254053
vLH92_MN_60x-1xzoom_0007_XY5_488.tif,2,14899,0,14899,0.0,2170.715087890625,,2088.495361328125,2162.0,31116492.0,2088.495361328125,2162.0,31116492.0,,,,True,vLH92_MN_60x-1xzoom_0007_XY5_Dapi-ex_Green-em.tif,403.6058044433594,414.0,6013323.0,403.6058044433594,414.0,6013323.0,,,,1943.157761328125,1943.157761328125,,2016.6624,2016.6624,,256.45060444335934,256.45060444335934,,266.84479999999996,266.84479999999996,,0mM 2DG,1h,yes,non-MN,7.577122953349475,7.557435632997159,7.577122953349475,7.557435632997159,,
vLH92_MN_60x-1xzoom_0007_XY5_488.tif,3,3092,1701,1391,0.5501293661060802,1224.37646484375,0.1979191023599682,1185.73193359375,1224.0,3666283.0,1342.7052001953125,1336.0,1867703.0,1057.3662109375,1115.0,1798580.0,False,vLH92_MN_60x-1xzoom_0007_XY5_Dapi-ex_Green-em.tif,281.23834228515625,283.0,869589.0,299.4327697753906,299.0,416511.0,266.35980224609375,269.0,453078.0,1040.39433359375,1197.3676001953124,912.0286109374999,1078.6624,1190.6624,969.6623999999999,134.08314228515624,152.27756977539062,119.20460224609374,135.8448,151.8448,121.84479999999999,0mM 2DG,1h,yes,non-MN,7.75932243131005,7.940402577058525,7.863059556055625,7.841311655058322,7.650951337051977,7.958176302969023
vLH92_MN_60x-1xzoom_0007_XY5_488.tif,4,7380,3619,3761,0.49037940379403794,2323.844482421875,0.13169073091504052,2261.5712890625,2320.5,16690396.0,2589.194091796875,2633.0,9737959.0,1921.0933837890625,1923.0,6952437.0,False,vLH92_MN_60x-1xzoom_0007_XY5_Dapi-ex_Green-em.tif,428.32574462890625,433.0,3161044.0,472.22918701171875,473.0,1776054.0,382.69964599609375,379.0,1384990.0,2116.2336890625,2443.856491796875,1775.7557837890624,2175.1624,2487.6624,1777.6624,281.1705446289062,325.0739870117187,235.54444599609374,285.84479999999996,325.84479999999996,231.8448,0mM 2DG,1h,yes,non-MN,7.526512749959432,7.609592338219903,7.5178469808129424,7.634500842118703,7.5389414353608295,7.667467202197332
vLH92_MN_60x-1xzoom_0007_XY5_488.tif,5,10968,5813,5155,0.5299963530269876,1229.3654174804688,0.40250779249365365,1244.000244140625,1228.5,13644195.0,1474.19189453125,1415.0,7599459.0,1039.8651123046875,1019.0,6044736.0,False,vLH92_MN_60x-1xzoom_0007_XY5_Dapi-ex_Green-em.tif,297.9442138671875,293.0,3267852.0,326.8242492675781,320.0,1684779.0,272.3332214355469,272.0,1583073.0,1098.662644140625,1328.85429453125,894.5275123046874,1083.1624,1269.6624,873.6623999999999,150.7890138671875,179.66904926757812,125.17802143554687,145.8448,172.8448,124.84479999999999,0mM 2DG,1h,yes,non-MN,7.286092109524034,7.426815354404134,7.396122481575607,7.345678898063465,7.146042907901946,6.997987901778848
vLH92_MN_60x-1xzoom_0007_XY5_488.tif,6,13475,5787,7689,0.4294619666048238,1270.93310546875,0.29215434338950425,1205.079345703125,1267.0,16238445.0,1363.258056640625,1385.0,10482091.0,994.7511596679688,1037.0,5756625.0,False,vLH92_MN_60x-1xzoom_0007_XY5_Dapi-ex_Green-em.tif,290.03912353515625,294.0,3908277.0,314.20172119140625,313.0,2415897.0,257.9177551269531,257.0,1492570.0,1059.741745703125,1217.920456640625,849.4135596679687,1121.6624,1239.6624,891.6623999999999,142.88392353515624,167.04652119140624,110.76255512695312,146.8448,165.8448,109.84479999999999,0mM 2DG,1h,yes,non-MN,7.416801831049789,7.638420972346314,7.290905838410726,7.474834302914532,7.668779026399249,8.117474837224885
vLH92_MN_60x-1xzoom_0007_XY5_488.tif,7,11790,4982,6808,0.4225614927905004,1004.3890686035156,0.44734882003887944,1100.6383056640625,1002.0,12976526.0,1276.0267333984375,1319.0,8687190.0,860.9666748046875,869.0,4289336.0,False,vLH92_MN_60x-1xzoom_0007_XY5_Dapi-ex_Green-em.tif,273.65887451171875,264.0,3226438.0,295.5592041015625,300.0,2012167.0,243.73162841796875,243.0,1214271.0,955.3007056640624,1130.6891333984374,715.6290748046874,856.6623999999999,1173.6624,723.6623999999999,126.50367451171874,148.4040041015625,96.57642841796874,116.84479999999999,152.8448,95.84479999999999,0mM 2DG,1h,yes,non-MN,7.551564880240436,7.33162622555732,7.61899343783631,7.67878527761494,7.409976601200749,7.550356409528738
vLH92_MN_60x-1xzoom_0007_XY5_488.tif,8,2027,1068,959,0.5268870251603355,990.841064453125,0.7217686032042606,1065.353759765625,999.0,2159472.0,1228.7757568359375,1254.0,1178396.0,918.6104736328125,928.0,981076.0,False,vLH92_MN_60x-1xzoom_0007_XY5_Dapi-ex_Green-em.tif,256.7400207519531,253.0,520412.0,274.034423828125,274.0,262799.0,241.21067810058594,241.0,257613.0,920.0161597656249,1083.4381568359374,773.2728736328124,853.6623999999999,1108.6624,782.6623999999999,109.58482075195312,126.87922382812499,94.05547810058593,105.84479999999999,126.84479999999999,93.84479999999999,0mM 2DG,1h,yes,non-MN,8.39547077280069,8.065227578492284,8.539129765670701,8.740306264032897,8.221454924782263,8.3399655601589
vLH92_MN_60x-1xzoom_0007_XY5_488.tif,9,5595,2561,3034,0.4577301161751564,1001.455322265625,0.1763642277102539,974.8388061523438,1001.0,5454223.0,1114.5662841796875,1128.0,3381594.0,809.3045654296875,833.0,2072629.0,False,vLH92_MN_60x-1xzoom_0007_XY5_Dapi-ex_Green-em.tif,242.0296630859375,242.0,1354156.0,258.7152404785156,259.0,784942.0,222.26239013671875,221.0,569214.0,829.5012061523437,969.2286841796874,663.9669654296874,855.6623999999999,982.6623999999999,687.6623999999999,94.87446308593749,111.56004047851562,75.10719013671874,94.84479999999999,111.84479999999999,73.84479999999999,0mM 2DG,1h,yes,non-MN,8.743145195994202,9.0217112588144,8.687955651704364,8.785946239789423,8.840258359034047,9.312265724871622
vLH92_MN_60x-1xzoom_0007_XY5_488.tif,10,2202,0,2202,0.0,1213.9299926757812,,1134.6988525390625,1206.5,2498607.0,1134.6988525390625,1206.5,2498607.0,,,,True,vLH92_MN_60x-1xzoom_0007_XY5_Dapi-ex_Green-em.tif,280.08538818359375,279.0,616748.0,280.08538818359375,279.0,616748.0,,,,989.3612525390624,989.3612525390624,,1061.1624,1061.1624,,132.93018818359374,132.93018818359374,,131.8448,131.8448,,0mM 2DG,1h,yes,non-MN,7.442713096686712,8.048572260718663,7.442713096686712,8.048572260718663,,
vLH92_MN_60x-1xzoom_0007_XY5_488.tif,11,20101,8662,11440,0.43092383463509276,1345.4833984375,0.18695655390151278,1320.0341796875,1343.0,26534008.0,1493.606689453125,1499.0,17086860.0,1090.7572021484375,1053.0,9448139.0,False,vLH92_MN_60x-1xzoom_0007_XY5_Dapi-ex_Green-em.tif,301.1789855957031,301.0,6053999.0,318.43145751953125,318.0,3642856.0,278.3912353515625,274.0,2411425.0,1174.6965796875,1348.269089453125,945.4196021484374,1197.6624,1353.6624,907.6623999999999,154.02378559570312,171.27625751953124,131.2360353515625,153.8448,170.8448,126.84479999999999,0mM 2DG,1h,yes,non-MN,7.626721906257776,7.784874106892141,7.871897185162263,7.923345632995561,7.203963451164873,7.155692625949191
vLH92_MN_60x-1xzoom_0007_XY5_488.tif,12,13606,6260,7351,0.4600911362634132,1146.540771484375,0.3797398013309676,1146.54052734375,1141.0,15599830.0,1385.2601318359375,1413.0,10183047.0,865.8770141601562,833.0,5420390.0,False,vLH92_MN_60x-1xzoom_0007_XY5_Dapi-ex_Green-em.tif,297.83013916015625,296.0,4052277.0,320.3818664550781,320.0,2355127.0,271.31646728515625,269.0,1698441.0,1001.2029273437499,1239.9225318359374,720.5394141601562,995.6623999999999,1267.6624,687.6623999999999,150.67493916015624,173.22666645507812,124.16126728515624,148.8448,172.8448,121.84479999999999,0mM 2DG,1h,yes,non-MN,6.644787334405662,6.68926559745453,7.157804033350024,7.334107823897508,5.803254347471518,5.643756647801137
vLH92_MN_60x-1xzoom_0007_XY5_488.tif,13,21968,0,21968,0.0,2037.3422241210938,,1895.8419189453125,2030.0,41647856.0,1895.8419189453125,2030.0,41647856.0,,,,True,vLH92_MN_60x-1xzoom_0007_XY5_Dapi-ex_Green-em.tif,385.8733215332031,401.0,8476865.0,385.8733215332031,401.0,8476865.0,,,,1750.5043189453124,1750.5043189453124,,1884.6624,1884.6624,,238.71812153320312,238.71812153320312,,253.8448,253.8448,,0mM 2DG,1h,yes,non-MN,7.332934373404225,7.424467233522215,7.332934373404225,7.424467233522215,,
vLH92_MN_60x-1xzoom_0007_XY5_488.tif,14,26775,13933,12847,0.5203734827264239,1281.5416259765625,0.12928869702158796,1236.4813232421875,1281.0,33106788.0,1411.91845703125,1417.0,18138916.0,1074.4801025390625,1094.0,14970731.0,False,vLH92_MN_60x-1xzoom_0007_XY5_Dapi-ex_Green-em.tif,302.1282043457031,302.0,8089483.0,323.674560546875,323.0,4158247.0,282.2247314453125,282.0,3932237.0,1091.1437232421874,1266.58085703125,929.1425025390624,1135.6624,1271.6624,948.6623999999999,154.97300434570312,176.519360546875,135.0695314453125,154.8448,175.8448,134.8448,0mM 2DG,1h,yes,non-MN,7.040863199684373,7.3341978548843745,7.175308437030664,7.2317316178812225,6.878994045487286,7.035216782552979
vLH92_MN_60x-1xzoom_0007_XY5_488.tif,15,20681,6237,14453,0.301581161452541,1794.1776123046875,0.16596650445114486,1709.3681640625,1794.0,35351444.0,1867.7362060546875,1895.0,26994392.0,1341.2509765625,1312.0,8365382.0,False,vLH92_MN_60x-1xzoom_0007_XY5_Dapi-ex_Green-em.tif,362.6288757324219,369.0,7499528.0,381.3458251953125,382.0,5511591.0,319.1162414550781,311.0,1990328.0,1564.0305640625,1722.3986060546874,1195.9133765625,1648.6624,1749.6624,1166.6624,215.47367573242187,234.1906251953125,171.96104145507812,221.8448,234.8448,163.8448,0mM 2DG,1h,yes,non-MN,7.2585690978081905,7.431602633913439,7.35468639967217,7.4502922781343255,6.954559977324352,7.120533578117828
vLH92_MN_60x-1xzoom_0007_XY5_488.tif,16,14559,7468,7091,0.5129473178102891,1247.2952880859375,0.28279160063549674,1209.5853271484375,1239.0,17610352.0,1383.2899169921875,1361.0,9808909.0,1044.6495361328125,1031.0,7801443.0,False,vLH92_MN_60x-1xzoom_0007_XY5_Dapi-ex_Green-em.tif,308.0902404785156,307.0,4485486.0,326.9884338378906,323.0,2318675.0,290.1460876464844,289.0,2166811.0,1064.2477271484374,1237.9523169921874,899.3119361328124,1093.6624,1215.6624,885.6623999999999,160.93504047851562,179.83323383789062,142.99088764648437,159.8448,175.8448,141.8448,0mM 2DG,1h,yes,non-MN,6.612902472849047,6.842026765962984,6.883890650090465,6.913268973549402,6.289295429483428,6.243883455720619
vLH92_MN_60x-1xzoom_0007_XY5_488.tif,17,18542,4998,13545,0.2695502103332974,924.0885314941406,0.46920419380459266,925.7335815429688,919.0,17164952.0,1000.0164184570312,1046.0,13545222.0,724.3975830078125,706.0,3620539.0,False,vLH92_MN_60x-1xzoom_0007_XY5_Dapi-ex_Green-em.tif,273.51446533203125,270.0,5071505.0,282.04541015625,284.0,3820305.0,250.39715576171875,249.0,1251485.0,780.3959815429687,854.6788184570312,579.0599830078124,773.6623999999999,900.6623999999999,560.6623999999999,126.35926533203124,134.89021015625,103.24195576171874,122.84479999999999,136.8448,101.84479999999999,0mM 2DG,1h,yes,non-MN,6.176009171091179,6.2978848107530805,6.336107101227098,6.581634084744177,5.608766113887617,5.505066532606476
vLH92_MN_60x-1xzoom_0007_XY5_488.tif,18,17454,8030,9424,0.46006646041022115,1154.007568359375,0.29043247839450015,1118.252197265625,1149.0,19517974.0,1268.71728515625,1295.0,11956392.0,941.6666259765625,928.0,7561583.0,False,vLH92_MN_60x-1xzoom_0007_XY5_Dapi-ex_Green-em.tif,275.7113037109375,276.0,4812265.0,291.08807373046875,292.0,2743214.0,257.6651306152344,253.0,2069051.0,972.9145972656249,1123.37968515625,796.3290259765624,1003.6623999999999,1149.6624,782.6623999999999,128.5561037109375,143.93287373046874,110.50993061523437,128.8448,144.8448,105.84479999999999,0mM 2DG,1h,yes,non-MN,7.568015591490346,7.789700476852771,7.804886097528426,7.937201749734888,7.2059499227192925,7.394434114854957
vLH92_MN_60x-1xzoom_0007_XY5_488.tif,19,61228,25243,35997,0.4122786960214281,1956.6246948242188,0.13869137147106766,1927.6192626953125,1957.0,118024272.0,2129.244140625,2214.0,76646400.0,1639.7601318359375,1689.0,41392464.0,False,vLH92_MN_60x-1xzoom_0007_XY5_Dapi-ex_Green-em.tif,387.8004150390625,387.0,23744244.0,411.8993835449219,417.0,14827142.0,353.39068603515625,357.0,8920641.0,1782.2816626953124,1983.906540625,1494.4225318359374,1811.6624,2068.6624,1543.6624,240.6452150390625,264.74418354492184,206.23548603515624,239.8448,269.84479999999996,209.8448,0mM 2DG,1h,yes,non-MN,7.406262627769288,7.553477915718831,7.493673757287175,7.666119191475991,7.246194922929939,7.356209922761965
vLH92_MN_60x-1xzoom_0007_XY5_488.tif,20,8643,2831,5818,0.32754830498669446,1615.932373046875,0.23485355959609544,1563.2718505859375,1616.0,13511359.0,1673.8056640625,1729.0,9738201.0,1335.399169921875,1383.0,3780515.0,False,vLH92_MN_60x-1xzoom_0007_XY5_Dapi-ex_Green-em.tif,326.4453430175781,329.0,2821467.0,342.1129150390625,345.0,1990413.0,294.18756103515625,300.0,832845.0,1417.9342505859374,1528.4680640625,1190.061569921875,1470.6624,1583.6624,1237.6624,179.29014301757812,194.9577150390625,147.03236103515624,181.8448,197.8448,152.8448,0mM 2DG,1h,yes,non-MN,7.908601257833339,8.08745919597371,7.839997836229513,8.004569238109871,8.093875127512403,8.097510677497697
vLH92_MN_60x-1xzoom_0007_XY6_488.tif,1,6795,3827,2970,0.5632082413539368,616.3468017578125,0.2770173075234026,625.3975219726562,617.0,4249576.0,748.8346557617188,744.0,2224039.0,529.5225830078125,545.0,2026483.0,False,vLH92_MN_60x-1xzoom_0007_XY6_Dapi-ex_Green-em.tif,221.36526489257812,221.0,1504177.0,236.8851776123047,236.0,703549.0,209.31565856933594,209.0,801051.0,478.2151219726562,601.6522557617187,382.34018300781247,469.81759999999997,596.8176,397.81759999999997,71.41806489257814,86.9379776123047,59.36845856933596,71.05280000000002,86.05280000000002,59.05280000000002,0mM 2DG,1h,yes,non-MN,6.695996631831913,6.612232030264815,6.920476784550418,6.935481471840543,6.440123126344612,6.736642462338786
vLH92_MN_60x-1xzoom_0007_XY6_488.tif,2,25312,12574,12749,0.49676042983565105,1138.1688842773438,0.0873344406988226,1086.633544921875,1134.0,27504868.0,1245.805908203125,1255.0,15882779.0,925.0774536132812,959.0,11631924.0,False,vLH92_MN_60x-1xzoom_0007_XY6_Dapi-ex_Green-em.tif,285.9105224609375,286.0,7236967.0,306.0572509765625,302.0,3901924.0,265.440673828125,264.0,3337651.0,939.451144921875,1098.623508203125,777.8950536132812,986.8176,1107.8176,811.8176,135.96332246093752,156.11005097656252,115.49347382812502,136.05280000000002,152.05280000000002,114.05280000000002,0mM 2DG,1h,yes,non-MN,6.909592439474115,7.2531958180941505,7.037493750918486,7.285742847221491,6.7354026840592605,7.117910301193832
vLH92_MN_60x-1xzoom_0007_XY6_488.tif,3,33571,17490,16083,0.5209853742813738,872.2642211914062,0.08610943573619147,853.1738891601562,871.0,28641900.0,985.3125,979.0,15846781.0,731.653076171875,754.0,12796612.0,False,vLH92_MN_60x-1xzoom_0007_XY6_Dapi-ex_Green-em.tif,259.63006591796875,260.0,8716041.0,277.5955505371094,277.0,4464569.0,243.10548400878906,244.0,4251915.0,705.9914891601562,838.1301,584.470676171875,723.8176,831.8176,606.8176,109.68286591796877,127.6483505371094,93.15828400878908,110.05280000000002,127.05280000000002,94.05280000000002,0mM 2DG,1h,yes,non-MN,6.436661581109337,6.577003038541498,6.565929731746453,6.547022969977835,6.273952793255967,6.451882346937038
vLH92_MN_60x-1xzoom_0007_XY6_488.tif,4,26132,13648,12485,0.5222715444665544,983.1895751953125,0.11998945380302185,996.2009887695312,981.0,26032724.0,1156.1981201171875,1173.0,14435133.0,849.825927734375,849.0,11598424.0,False,vLH92_MN_60x-1xzoom_0007_XY6_Dapi-ex_Green-em.tif,292.9796142578125,293.0,7656143.0,308.8426818847656,309.0,3855901.0,278.4676818847656,279.0,3800527.0,849.0185887695312,1009.0157201171875,702.643527734375,833.8176,1025.8176,701.8176,143.03241425781252,158.89548188476564,128.52048188476564,143.05280000000002,159.05280000000002,129.05280000000002,0mM 2DG,1h,yes,non-MN,5.935847431332561,5.828740157480314,6.350185091159149,6.4495412844036695,5.4671715934303835,5.438220635274863
vLH92_MN_60x-1xzoom_0007_XY6_488.tif,5,28855,14918,13937,0.5169987870386414,1196.700927734375,0.059650115109149554,1115.3165283203125,1189.0,32182458.0,1312.9091796875,1312.0,18298016.0,930.7171630859375,907.0,13884439.0,False,vLH92_MN_60x-1xzoom_0007_XY6_Dapi-ex_Green-em.tif,320.5581359863281,325.0,9249705.0,344.0513000488281,343.0,4795043.0,298.60986328125,298.0,4454662.0,968.1341283203125,1165.7267796875,783.5347630859375,1041.8176,1164.8176,759.8176,170.61093598632814,194.10410004882814,148.66266328125002,175.05280000000002,193.05280000000002,148.05280000000002,0mM 2DG,1h,yes,non-MN,5.674513903363695,5.951447791751974,6.00567829012501,6.0336736892705,5.270555133292572,5.132071801411388
vLH92_MN_60x-1xzoom_0007_XY6_488.tif,6,30462,16135,14327,0.5296763180355853,1183.0291137695312,0.17284850175189598,1138.041748046875,1183.0,34667028.0,1354.9490966796875,1384.0,19412356.0,945.4400024414062,941.0,15254674.0,False,vLH92_MN_60x-1xzoom_0007_XY6_Dapi-ex_Green-em.tif,303.177978515625,306.0,9235408.0,328.2364196777344,330.0,4702643.0,280.927490234375,282.0,4532765.0,990.859348046875,1207.7666966796876,798.2576024414062,1035.8176,1236.8176,793.8176,153.23077851562502,178.2892196777344,130.98029023437502,156.05280000000002,180.05280000000002,132.05280000000002,0mM 2DG,1h,yes,non-MN,6.466451176751259,6.637609834620077,6.774199241338198,6.8691939253374565,6.094486437715253,6.011365150909332
vLH92_MN_60x-1xzoom_0007_XY6_488.tif,7,14723,10535,4192,0.715547103171908,937.020263671875,0.5293919254135043,917.178466796875,938.0,13503619.0,1021.707763671875,1043.0,4282999.0,875.42041015625,896.0,9222554.0,False,vLH92_MN_60x-1xzoom_0007_XY6_Dapi-ex_Green-em.tif,266.1427001953125,267.0,3918419.0,277.0274353027344,277.5,1161299.0,261.7903137207031,263.0,2757961.0,769.996066796875,874.525363671875,728.23801015625,790.8176,895.8176,748.8176,116.19550019531252,127.0802353027344,111.84311372070314,117.05280000000002,127.55280000000002,113.05280000000002,0mM 2DG,1h,yes,non-MN,6.6267287933060395,6.756075890538286,6.881678819594204,7.023111997541409,6.5112458508158175,6.623609499278212
vLH92_MN_60x-1xzoom_0007_XY6_488.tif,8,12204,6404,5802,0.5247459849229761,1305.0677490234375,0.101925109962183,1204.6558837890625,1298.0,14701621.0,1399.4022216796875,1400.0,8119332.0,1027.9278564453125,1107.0,6582850.0,False,vLH92_MN_60x-1xzoom_0007_XY6_Dapi-ex_Green-em.tif,322.0350036621094,328.0,3930115.0,341.2166442871094,341.0,1979739.0,304.621337890625,310.0,1950795.0,1057.4734837890626,1252.2198216796876,880.7454564453125,1150.8176,1252.8176,959.8176,172.0878036621094,191.2694442871094,154.67413789062502,178.05280000000002,191.05280000000002,160.05280000000002,0mM 2DG,1h,yes,non-MN,6.144964728967013,6.463350197244862,6.54688900439327,6.557441712448077,5.6941998737249495,5.996881029260344
vLH92_MN_60x-1xzoom_0007_XY6_488.tif,9,34216,13901,20315,0.4062719195697919,867.6588745117188,0.1204344934623,862.983154296875,869.0,29527832.0,920.4410400390625,945.0,18698760.0,779.0139770507812,793.0,10829073.0,False,vLH92_MN_60x-1xzoom_0007_XY6_Dapi-ex_Green-em.tif,288.21234130859375,289.0,9861473.0,289.95135498046875,292.0,5890362.0,285.6708984375,284.0,3971111.0,715.800754296875,773.2586400390625,631.8315770507812,721.8176,797.8176,645.8176,138.26514130859377,140.00415498046877,135.72369843750002,139.05280000000002,142.05280000000002,134.05280000000002,0mM 2DG,1h,yes,non-MN,5.177015316530725,5.190960555990242,5.5231120829730775,5.616345471542974,4.655278218355773,4.817636035950013
vLH92_MN_60x-1xzoom_0007_XY6_488.tif,10,14290,7678,6619,0.537298810356893,946.2348022460938,0.10517328236264603,910.7264404296875,948.0,13014281.0,1083.5914306640625,1083.0,7172292.0,761.489990234375,790.0,5846720.0,False,vLH92_MN_60x-1xzoom_0007_XY6_Dapi-ex_Green-em.tif,267.60418701171875,270.0,3824064.0,292.1936950683594,291.0,1934030.0,246.36871337890625,246.0,1891619.0,763.5440404296875,936.4090306640625,614.307590234375,800.8176,935.8176,642.8176,117.65698701171877,142.2464950683594,96.42151337890627,120.05280000000002,141.05280000000002,96.05280000000002,0mM 2DG,1h,yes,non-MN,6.489576690873765,6.670544960217503,6.583002486029989,6.634519839379295,6.371063559439676,6.692335881931602
vLH92_MN_60x-1xzoom_0007_XY6_488.tif,11,6444,0,6444,0.0,782.583984375,,763.0477905273438,782.0,4917080.0,763.0477905273438,782.0,4917080.0,,,,True,vLH92_MN_60x-1xzoom_0007_XY6_Dapi-ex_Green-em.tif,286.4635314941406,288.0,1845971.0,286.4635314941406,288.0,1845971.0,,,,615.8653905273437,615.8653905273437,,634.8176,634.8176,,136.51633149414064,136.51633149414064,,138.05280000000002,138.05280000000002,,0mM 2DG,1h,yes,non-MN,4.511294610592264,4.598368160587833,4.511294610592264,4.598368160587833,,
vLH92_MN_60x-1xzoom_0007_XY6_488.tif,12,16577,7409,9171,0.4469445617421729,997.5235595703125,0.12554610989709922,984.121337890625,1000.0,16313779.0,1131.65673828125,1157.0,10378424.0,801.3314819335938,842.0,5937065.0,False,vLH92_MN_60x-1xzoom_0007_XY6_Dapi-ex_Green-em.tif,278.3852844238281,278.0,4614793.0,294.5975341796875,295.0,2701754.0,258.2861328125,262.0,1913642.0,836.938937890625,984.47433828125,654.1490819335937,852.8176,1009.8176,694.8176,128.43808442382814,144.65033417968752,108.33893281250002,128.05280000000002,145.05280000000002,112.05280000000002,0mM 2DG,1h,yes,non-MN,6.516283247645151,6.659890295253207,6.805890521195177,6.961724282468176,6.037987129388806,6.20080533462796
vLH92_MN_60x-1xzoom_0007_XY6_488.tif,13,35595,12082,23513,0.3394296951819076,1205.782470703125,0.2182047595886483,1167.0865478515625,1200.0,41542444.0,1299.4671630859375,1352.0,30554372.0,909.4580078125,962.0,10988072.0,False,vLH92_MN_60x-1xzoom_0007_XY6_Dapi-ex_Green-em.tif,285.47216796875,287.0,10161382.0,296.45361328125,301.0,6970514.0,264.1009826660156,264.0,3190868.0,1019.9041478515625,1152.2847630859376,762.2756078125,1052.8176,1204.8176,814.8176,135.52496796875002,146.50641328125002,114.15378266601564,137.05280000000002,151.05280000000002,114.05280000000002,0mM 2DG,1h,yes,non-MN,7.52558117620612,7.681839407877839,7.865080697005963,7.9761354969917795,6.677620224313729,7.14421390794439
vLH92_MN_60x-1xzoom_0007_XY6_488.tif,14,30355,7972,22384,0.26262559710097183,455.260009765625,0.17049508967871024,451.38232421875,454.0,13701710.0,470.2158203125,487.0,10525311.0,398.4830627441406,397.0,3176707.0,False,vLH92_MN_60x-1xzoom_0007_XY6_Dapi-ex_Green-em.tif,226.07125854492188,225.0,6862393.0,223.65524291992188,222.0,5006299.0,232.8592529296875,231.0,1856354.0,304.19992421874997,323.03342031249997,251.30066274414062,306.81759999999997,339.81759999999997,249.8176,76.1240585449219,73.7080429199219,82.91205292968752,75.05280000000002,72.05280000000002,81.05280000000002,0mM 2DG,1h,yes,non-MN,3.9961075385810814,4.088023364884453,4.3826074810241655,4.716230319987563,3.0309304119782543,3.082158790319396
vLH92_MN_60x-1xzoom_0007_XY6_488.tif,15,17611,7433,10178,0.42206575435807164,1045.109375,0.22171417194346058,1001.5531005859375,1046.0,17638352.0,1146.609375,1165.0,11670190.0,802.927734375,841.0,5968162.0,False,vLH92_MN_60x-1xzoom_0007_XY6_Dapi-ex_Green-em.tif,278.0047607421875,281.0,4895942.0,294.733642578125,296.0,2999799.0,255.0979461669922,258.0,1896143.0,854.3707005859375,999.426975,655.745334375,898.8176,1017.8176,693.8176,128.05756074218752,144.78644257812502,105.1507461669922,131.05280000000002,146.05280000000002,108.05280000000002,0mM 2DG,1h,yes,non-MN,6.671770847689371,6.858438736142989,6.902766289466095,6.968833189093258,6.236240428894308,6.421097833651695
vLH92_MN_60x-1xzoom_0007_XY6_488.tif,16,18564,9817,8752,0.5288192199956906,1148.95263671875,0.10345323306314283,1131.9931640625,1151.0,21014320.0,1316.2738037109375,1321.0,11520028.0,967.5096435546875,999.0,9498042.0,False,vLH92_MN_60x-1xzoom_0007_XY6_Dapi-ex_Green-em.tif,288.1670837402344,288.0,5349534.0,310.8368225097656,311.0,2720444.0,267.9354248046875,269.0,2630322.0,984.8107640625,1169.0914037109376,820.3272435546875,1003.8176,1173.8176,851.8176,138.2198837402344,160.88962250976564,117.98822480468752,138.05280000000002,161.05280000000002,119.05280000000002,0mM 2DG,1h,yes,non-MN,7.12495725950196,7.271258532967096,7.2664189614838355,7.288402312781895,6.952619593290948,7.154956456295021
vLH92_MN_60x-1xzoom_0007_XY6_488.tif,17,23821,10194,13648,0.427941732085135,1097.761474609375,0.2163764014914473,1059.8804931640625,1091.0,25247412.0,1263.7662353515625,1284.0,17247882.0,785.7308349609375,784.0,8009740.0,False,vLH92_MN_60x-1xzoom_0007_XY6_Dapi-ex_Green-em.tif,280.1374816894531,278.0,6673155.0,298.48651123046875,299.0,4073744.0,255.4573211669922,254.0,2604132.0,912.6980931640625,1116.5838353515626,638.5484349609375,943.8176,1136.8176,636.8176,130.19028168945314,148.53931123046877,105.5101211669922,128.05280000000002,149.05280000000002,104.05280000000002,0mM 2DG,1h,yes,non-MN,7.010493266626069,7.370534654455036,7.517093125732267,7.6269456192704865,6.052011199478188,6.1201390063506205
vLH92_MN_60x-1xzoom_0007_XY7_488.tif,1,8973,3816,5175,0.42527582748244735,841.9613647460938,0.17961406309394448,833.858154296875,842.0,7482209.0,923.311279296875,924.0,4778136.0,711.2908935546875,732.0,2714286.0,False,vLH92_MN_60x-1xzoom_0007_XY7_Dapi-ex_Green-em.tif,247.40956115722656,248.0,2220006.0,257.7725524902344,258.0,1333973.0,233.1831817626953,234.0,889827.0,683.1029542968749,772.5560792968749,560.5356935546874,691.2447999999999,773.2447999999999,581.2447999999999,96.38876115722655,106.75175249023437,82.1623817626953,96.97919999999999,106.97919999999999,82.97919999999999,0mM 2DG,1h,yes,non-MN,7.086956467700806,7.12776347917904,7.236940483647313,7.227991983488379,6.8222911937198845,7.004704793490417
vLH92_MN_60x-1xzoom_0007_XY7_488.tif,2,10381,4496,5885,0.4330989307388498,719.6910400390625,0.6114874438566129,788.2515869140625,722.0,8182840.0,911.0098266601562,916.0,5361293.0,627.5682983398438,630.0,2821547.0,False,vLH92_MN_60x-1xzoom_0007_XY7_Dapi-ex_Green-em.tif,238.7469482421875,234.0,2478432.0,254.26626586914062,254.0,1496357.0,218.43304443359375,218.0,982075.0,637.4963869140624,760.2546266601562,476.81309833984375,571.2447999999999,765.2447999999999,479.2448,87.72614824218749,103.24546586914062,67.41224443359374,82.97919999999999,102.97919999999999,66.97919999999999,0mM 2DG,1h,yes,non-MN,7.26689133955947,6.884192665149821,7.363564300477346,7.431061806656102,7.073093357832662,7.155128756390044
vLH92_MN_60x-1xzoom_0007_XY7_488.tif,3,25858,12213,13659,0.4723103101554645,1174.9047241210938,0.21081197267090737,1233.6585693359375,1178.0,31899944.0,1453.010009765625,1498.0,19846664.0,987.7015991210938,1014.0,12062800.0,False,vLH92_MN_60x-1xzoom_0007_XY7_Dapi-ex_Green-em.tif,319.0771484375,310.0,8250697.0,349.1011047363281,355.0,4768372.0,285.42364501953125,285.0,3485879.0,1082.9033693359374,1302.254809765625,836.9463991210937,1027.2448,1347.2448,863.2447999999999,168.0563484375,198.08030473632812,134.40284501953124,158.9792,203.9792,133.9792,0mM 2DG,1h,yes,non-MN,6.443692127100264,6.4615043980596205,6.5743780609541345,6.604814608548322,6.22714793722908,6.443125500077624
vLH92_MN_60x-1xzoom_0007_XY7_488.tif,4,10110,3510,6600,0.34718100890207715,855.1825561523438,0.30719251386351754,852.8301391601562,854.0,8622113.0,919.6802978515625,934.0,6069890.0,727.1290893554688,725.0,2552223.0,False,vLH92_MN_60x-1xzoom_0007_XY7_Dapi-ex_Green-em.tif,250.09030151367188,249.0,2528413.0,256.4346923828125,257.0,1692469.0,238.1606903076172,237.0,835944.0,702.0749391601562,768.9250978515624,576.3738893554687,703.2447999999999,783.2447999999999,574.2447999999999,99.06950151367187,105.41389238281249,87.13989030761718,97.97919999999999,105.97919999999999,85.97919999999999,0mM 2DG,1h,yes,non-MN,7.086690943562161,7.177490732726946,7.2943430934055336,7.39055210833824,6.614351789069053,6.678880473416826
vLH92_MN_60x-1xzoom_0007_XY7_488.tif,5,47713,22987,24726,0.4817764550541781,1017.76123046875,0.13512220806412337,1003.690673828125,1016.0,47889092.0,1098.1534423828125,1137.0,27152942.0,902.0816040039062,913.0,20736150.0,False,vLH92_MN_60x-1xzoom_0007_XY7_Dapi-ex_Green-em.tif,282.58001708984375,281.0,13482741.0,297.9071350097656,299.0,7366052.0,266.0934143066406,267.0,6116689.0,852.9354738281249,947.3982423828124,751.3264040039062,865.2447999999999,986.2447999999999,762.2447999999999,131.55921708984374,146.88633500976562,115.07261430664062,129.9792,147.9792,115.97919999999999,0mM 2DG,1h,yes,non-MN,6.483281769954914,6.656794317860088,6.4498732460022605,6.664752884189129,6.529150385006492,6.572254335260116
vLH92_MN_60x-1xzoom_0007_XY7_488.tif,6,35826,16914,18914,0.47211522358063973,1223.6030883789062,0.10151309102899363,1191.0677490234375,1220.0,42671192.0,1412.6820068359375,1436.0,26719468.0,943.1841430664062,963.0,15953017.0,False,vLH92_MN_60x-1xzoom_0007_XY7_Dapi-ex_Green-em.tif,307.7763977050781,310.0,11026397.0,334.662841796875,336.0,6329813.0,277.7008361816406,279.0,4697032.0,1040.3125490234374,1261.9268068359374,792.4289430664062,1069.2448,1285.2448,812.2447999999999,156.75559770507812,183.642041796875,126.68003618164062,158.9792,184.9792,127.97919999999999,0mM 2DG,1h,yes,non-MN,6.6365256759806055,6.7256899015720295,6.871666174523068,6.948050375393557,6.25535772606016,6.346693837748634
vLH92_MN_60x-1xzoom_0007_XY7_488.tif,7,46159,11739,34420,0.2543166013128534,1387.2259521484375,0.24086868335478775,1367.638916015625,1386.0,63128844.0,1430.6405029296875,1471.0,49242648.0,1182.9111328125,1223.0,13886194.0,False,vLH92_MN_60x-1xzoom_0007_XY7_Dapi-ex_Green-em.tif,340.2137756347656,341.0,15703928.0,350.4838562011719,353.0,12063654.0,310.1008605957031,314.0,3640274.0,1216.883716015625,1279.8853029296874,1032.1559328125,1235.2448,1320.2448,1072.2448,189.19297563476562,199.46305620117187,159.08006059570312,189.9792,201.9792,162.9792,0mM 2DG,1h,yes,non-MN,6.43197091188418,6.50200021897134,6.416653425979984,6.536538415836878,6.488279731271232,6.579028489525044
vLH92_MN_60x-1xzoom_0007_XY7_488.tif,8,49650,24173,25483,0.48686807653575026,1451.9060668945312,0.034499214230925015,1394.645751953125,1442.0,69244160.0,1629.898193359375,1637.0,41534696.0,1146.459228515625,1152.0,27713360.0,False,vLH92_MN_60x-1xzoom_0007_XY7_Dapi-ex_Green-em.tif,337.750732421875,341.0,16769324.0,366.0706787109375,366.0,9328579.0,307.8732604980469,309.0,7442220.0,1243.890551953125,1479.142993359375,995.7040285156249,1291.2448,1486.2448,1001.2447999999999,186.729932421875,215.0498787109375,156.85246049804687,189.9792,214.9792,157.9792,0mM 2DG,1h,yes,non-MN,6.661441665082539,6.796769330537238,6.878139165786683,6.91343534630327,6.348029386048576,6.337826751876197
vLH92_MN_60x-1xzoom_0007_XY7_488.tif,9,49735,16656,33085,0.33489494319895446,799.6768188476562,0.10056164235714274,778.614501953125,796.0,38724392.0,866.0050659179688,896.0,28651778.0,604.9361572265625,596.0,10075817.0,False,vLH92_MN_60x-1xzoom_0007_XY7_Dapi-ex_Green-em.tif,246.4781494140625,248.0,12258591.0,259.28118896484375,260.0,8578318.0,221.0305633544922,220.0,3681485.0,627.8593019531249,715.2498659179687,454.1809572265625,645.2447999999999,745.2447999999999,445.2448,95.45734941406249,108.26038896484374,70.00976335449218,96.97919999999999,108.97919999999999,68.97919999999999,0mM 2DG,1h,yes,non-MN,6.577380430182263,6.65343496337359,6.6067549983608265,6.838413201785295,6.487394549912016,6.454768973835591
vLH92_MN_60x-1xzoom_0007_XY7_488.tif,10,53296,29058,24261,0.5452191534073851,1442.4649658203125,0.037014044006270556,1403.228271484375,1436.0,74786456.0,1745.9798583984375,1747.0,42359216.0,1116.532470703125,1143.0,32444202.0,False,vLH92_MN_60x-1xzoom_0007_XY7_Dapi-ex_Green-em.tif,342.1270751953125,339.0,18234004.0,391.9696350097656,385.0,9509575.0,300.4388122558594,299.0,8730151.0,1252.473071484375,1595.2246583984374,965.7772707031249,1285.2448,1596.2448,992.2447999999999,191.1062751953125,240.94883500976562,149.41801225585937,187.9792,233.9792,147.9792,0mM 2DG,1h,yes,non-MN,6.553804003580391,6.837164962932069,6.620595025220949,6.822165389060224,6.4635933521144295,6.705299123120006
vLH92_MN_60x-1xzoom_0007_XY7_488.tif,11,13453,6923,6538,0.5146064074927525,475.71978759765625,0.12079477428474097,488.4563293457031,476.0,6571203.0,578.5088500976562,566.0,3782291.0,403.23687744140625,405.0,2791609.0,False,vLH92_MN_60x-1xzoom_0007_XY7_Dapi-ex_Green-em.tif,204.0459442138672,201.0,2745030.0,214.38023376464844,211.0,1401618.0,194.24888610839844,193.0,1344785.0,337.7011293457031,427.75365009765625,252.48167744140625,325.2448,415.2448,254.2448,53.02514421386718,63.35943376464843,43.22808610839843,49.97919999999999,59.97919999999999,41.97919999999999,0mM 2DG,1h,yes,non-MN,6.36869798946039,6.507603162915774,6.75122274114013,6.92314669085283,5.840686002343131,6.056447002324962
vLH92_MN_60x-1xzoom_0007_XY7_488.tif,12,67157,34637,32524,0.515761573625981,420.7911376953125,0.06136558938862773,417.1286926269531,419.0,28013112.0,457.3551940917969,460.0,14875020.0,379.3417053222656,380.0,13139259.0,False,vLH92_MN_60x-1xzoom_0007_XY7_Dapi-ex_Green-em.tif,206.4709014892578,205.0,13865966.0,215.04940795898438,213.0,6994267.0,198.4134521484375,196.0,6872447.0,266.3734926269531,306.5999940917969,228.58650532226562,268.2448,309.2448,229.2448,55.450101489257804,64.02860795898437,47.39265214843749,53.97919999999999,61.97919999999999,44.97919999999999,0mM 2DG,1h,yes,non-MN,4.803841390237255,4.969410439576727,4.788484458200303,4.989493249348169,4.823247802345284,5.0966846898121805
vLH92_MN_60x-1xzoom_0007_XY7_488.tif,13,8307,4180,4130,0.5031900806548694,784.7865600585938,0.22918900082519997,837.2125854492188,787.0,6954725.0,1117.503662109375,1080.0,4615290.0,559.9583740234375,558.5,2340626.0,False,vLH92_MN_60x-1xzoom_0007_XY7_Dapi-ex_Green-em.tif,250.9385986328125,247.0,2084547.0,281.1881408691406,280.0,1161307.0,221.0181884765625,221.0,923856.0,686.4573854492187,966.7484621093749,409.2031740234375,636.2447999999999,929.2447999999999,407.7448,99.91779863281249,130.16734086914062,69.99738847656249,95.97919999999999,128.9792,69.97919999999999,0mM 2DG,1h,yes,non-MN,6.870221270305184,6.628986280360745,7.426966362332493,7.204609735523247,5.845977727589832,5.826657063813248
vLH92_MN_60x-1xzoom_0007_XY7_488.tif,14,17634,8405,9330,0.4766360440058977,1019.4908752441406,0.16336813929111946,1094.4119873046875,1019.0,19298862.0,1292.923095703125,1293.0,12062972.0,869.1641845703125,880.0,7305325.0,False,vLH92_MN_60x-1xzoom_0007_XY7_Dapi-ex_Green-em.tif,302.95819091796875,295.0,5342365.0,330.9966735839844,328.0,3088199.0,270.9105224609375,270.0,2277003.0,943.6567873046874,1142.167895703125,718.4089845703124,868.2447999999999,1142.2448,729.2447999999999,151.93739091796874,179.97587358398437,119.88972246093749,143.9792,176.9792,118.97919999999999,0mM 2DG,1h,yes,non-MN,6.210826588526648,6.030348828164068,6.346227819086768,6.45411890210827,5.992248291377809,6.129178881686883
vLH92_MN_60x-1xzoom_0007_XY8_488.tif,1,47697,19880,27826,0.41679770216156153,972.223388671875,0.15847985589177246,940.8959350585938,969.0,44877912.0,1039.0167236328125,1066.0,28911680.0,803.4324951171875,788.0,15972238.0,False,vLH92_MN_60x-1xzoom_0007_XY8_Dapi-ex_Green-em.tif,277.0849914550781,278.0,13216123.0,287.5586853027344,289.0,8001608.0,262.40765380859375,262.0,5216664.0,743.4959350585938,841.6167236328125,606.0324951171875,771.6,868.6,590.6,100.92979145507812,111.40348530273437,86.25245380859374,101.84479999999999,112.84479999999999,85.84479999999999,0mM 2DG,1h,yes,non-MN,7.366466573841176,7.576233641776508,7.554671394218537,7.697297527223231,7.026263814616317,6.879857603489088
vLH92_MN_60x-1xzoom_0007_XY8_488.tif,2,13683,7525,6162,0.5499524957977052,1159.887939453125,0.08743207408118729,1142.1053466796875,1158.0,15627427.0,1319.3753662109375,1305.0,8129991.0,996.7429809570312,1011.0,7500491.0,False,vLH92_MN_60x-1xzoom_0007_XY8_Dapi-ex_Green-em.tif,295.967041015625,295.0,4049717.0,313.302001953125,311.0,1930567.0,281.74298095703125,281.0,2120116.0,944.7053466796875,1121.9753662109374,799.3429809570313,960.6,1107.6,813.6,119.81184101562499,137.146801953125,105.58778095703124,118.84479999999999,134.8448,104.84479999999999,0mM 2DG,1h,yes,non-MN,7.884908024712565,8.082810522631197,8.180835063105693,8.21388737274259,7.570411781665555,7.760041508973264
vLH92_MN_60x-1xzoom_0007_XY8_488.tif,3,51351,26801,24796,0.5219177815427158,780.9691772460938,0.11478867419514609,765.5684204101562,778.0,39312704.0,865.2742919921875,876.0,21455342.0,671.3466186523438,660.0,17992760.0,False,vLH92_MN_60x-1xzoom_0007_XY8_Dapi-ex_Green-em.tif,243.47291564941406,244.0,12502578.0,256.1165466308594,256.0,6350666.0,231.57960510253906,231.0,6206565.0,568.1684204101563,667.8742919921875,473.9466186523438,580.6,678.6,462.6,67.31771564941405,79.96134663085937,55.424405102539055,67.84479999999999,79.84479999999999,54.84479999999999,0mM 2DG,1h,yes,non-MN,8.440102503910525,8.557767139117516,8.352464285968338,8.498988036791376,8.551226084890025,8.43471030981971
vLH92_MN_60x-1xzoom_0007_XY8_488.tif,4,68676,36053,32639,0.524972333857534,928.1560974121094,0.05698729123123483,906.7677612304688,926.0,62273184.0,1053.5703125,1064.0,34387480.0,773.7600708007812,776.0,27896372.0,False,vLH92_MN_60x-1xzoom_0007_XY8_Dapi-ex_Green-em.tif,264.416259765625,265.0,18159052.0,281.4867858886719,282.0,9187447.0,248.94638061523438,248.0,8975264.0,709.3677612304688,856.1703125,576.3600708007813,728.6,866.6,578.6,88.26105976562499,105.33158588867187,72.79118061523437,88.84479999999999,105.84479999999999,71.84479999999999,0mM 2DG,1h,yes,non-MN,8.037154359059102,8.200817605532345,8.128334015638123,8.187459374480373,7.917993167982162,8.053470814867605
vLH92_MN_60x-1xzoom_0007_XY8_488.tif,5,81199,46215,35005,0.569157255631227,874.020263671875,0.13162612010658106,855.2311401367188,873.0,69443912.0,975.5680541992188,998.0,34149760.0,763.9611206054688,773.0,35306464.0,False,vLH92_MN_60x-1xzoom_0007_XY8_Dapi-ex_Green-em.tif,260.1919860839844,261.0,21127330.0,276.40936279296875,278.0,9675710.0,247.89144897460938,248.0,11456303.0,657.8311401367188,778.1680541992188,566.5611206054688,675.6,800.6,575.6,84.03678608398437,100.25416279296874,71.73624897460937,84.84479999999999,101.84479999999999,71.84479999999999,0mM 2DG,1h,yes,non-MN,7.8278950301514145,7.962774383344649,7.7619525466108135,7.860980629349757,7.897835873827189,8.011714139367081
vLH92_MN_60x-1xzoom_0007_XY8_488.tif,6,51780,18341,33453,0.35421011973735034,1074.5795288085938,0.19510545402804055,1065.5736083984375,1072.0,55175404.0,1162.59423828125,1200.0,38892264.0,888.3336181640625,910.0,16292927.0,False,vLH92_MN_60x-1xzoom_0007_XY8_Dapi-ex_Green-em.tif,286.6072082519531,285.0,14840522.0,303.75018310546875,305.0,10161355.0,255.2933349609375,257.0,4682335.0,868.1736083984375,965.19423828125,690.9336181640625,874.6,1002.6,712.6,110.45200825195312,127.59498310546874,79.13813496093749,108.84479999999999,128.8448,80.84479999999999,0mM 2DG,1h,yes,non-MN,7.860188530189859,8.03529429058623,7.564515585094989,7.781454897675343,8.730729104307382,8.814419727675745
vLH92_MN_60x-1xzoom_0007_XY8_488.tif,7,59437,22584,36863,0.3799653414539765,1297.5330810546875,0.17374665910358802,1288.3221435546875,1293.0,76574000.0,1425.1214599609375,1484.0,52534252.0,1064.7635498046875,1091.0,24046620.0,False,vLH92_MN_60x-1xzoom_0007_XY8_Dapi-ex_Green-em.tif,308.2615966796875,308.0,18322144.0,321.0027160644531,324.0,11833123.0,287.4248962402344,290.0,6491204.0,1090.9221435546874,1227.7214599609374,867.3635498046875,1095.6,1286.6,893.6,132.1063966796875,144.84751606445312,111.26969624023437,131.8448,147.8448,113.84479999999999,0mM 2DG,1h,yes,non-MN,8.257905528979023,8.309770275354053,8.475957982010788,8.702368970704415,7.795146199842458,7.849282532008489
vLH92_MN_60x-1xzoom_0007_XY8_488.tif,8,30157,10090,20070,0.3345823523560036,1126.19775390625,0.19517896367797496,1111.3349609375,1125.0,33514528.0,1210.5797119140625,1228.0,24296336.0,913.7651977539062,880.0,9219891.0,False,vLH92_MN_60x-1xzoom_0007_XY8_Dapi-ex_Green-em.tif,282.5390319824219,283.0,8520530.0,293.1819152832031,295.0,5884161.0,261.34716796875,257.0,2636993.0,913.9349609375,1013.1797119140625,716.3651977539063,927.6,1030.6,682.6,106.38383198242187,117.02671528320312,85.19196796874999,106.84479999999999,118.84479999999999,80.84479999999999,0mM 2DG,1h,yes,non-MN,8.59091972818306,8.68175147503669,8.657678799769617,8.671813996068822,8.4088349504578,8.4433383470551
vLH92_MN_60x-1xzoom_0007_XY8_488.tif,9,27118,8764,18366,0.32318017552916883,756.714599609375,0.07708274331194036,746.236572265625,756.0,20236444.0,778.43798828125,803.0,14296792.0,678.654052734375,687.0,5947724.0,False,vLH92_MN_60x-1xzoom_0007_XY8_Dapi-ex_Green-em.tif,222.99642944335938,224.0,6047217.0,225.2914581298828,227.0,4137703.0,218.16168212890625,218.0,1911969.0,548.836572265625,581.03798828125,481.254052734375,558.6,605.6,489.6,46.84122944335937,49.136258129882805,42.00648212890624,47.84479999999999,50.84479999999999,41.84479999999999,0mM 2DG,1h,yes,non-MN,11.716954887558636,11.675249974918907,11.825035328196568,11.91075586884008,11.456661647065323,11.700378541658704
vLH92_MN_60x-1xzoom_0007_XY8_488.tif,10,16840,8237,8634,0.48913301662707837,830.01025390625,0.26891782769215283,818.101806640625,827.0,13776834.0,869.2335815429688,893.0,7504963.0,764.0482177734375,754.0,6293465.0,False,vLH92_MN_60x-1xzoom_0007_XY8_Dapi-ex_Green-em.tif,240.0761260986328,240.0,4042882.0,241.50277709960938,242.0,2085135.0,238.54339599609375,238.0,1964882.0,620.701806640625,671.8335815429688,566.6482177734375,629.6,695.6,556.6,63.920926098632805,65.34757709960937,62.38819599609374,63.84479999999999,65.84479999999999,61.84479999999999,0mM 2DG,1h,yes,non-MN,9.71046329464712,9.861413928777287,10.280925649605834,10.564235900177389,9.08261905519622,8.999948257573799
vLH92_MN_60x-1xzoom_0007_XY8_488.tif,11,39437,19816,19630,0.5024722975885589,848.567626953125,0.4419084063303649,850.8746337890625,848.0,33555944.0,957.9248046875,966.0,18804064.0,744.788330078125,740.0,14758725.0,False,vLH92_MN_60x-1xzoom_0007_XY8_Dapi-ex_Green-em.tif,261.87335205078125,259.0,10327499.0,275.6121826171875,271.0,5410267.0,248.256103515625,248.0,4919443.0,653.4746337890625,760.5248046875,547.388330078125,650.6,768.6,542.6,85.71815205078124,99.45698261718749,72.10090351562499,82.84479999999999,94.84479999999999,71.84479999999999,0mM 2DG,1h,yes,non-MN,7.623526851138022,7.853238827301172,7.646771344499559,8.10376530922096,7.5919760139968355,7.552390708861324
vLH92_MN_60x-1xzoom_0007_XY9_488.tif,1,77652,28776,48882,0.3705764178643177,574.8235168457031,0.0673840476852596,544.6966552734375,570.0,42296784.0,605.56884765625,621.0,29601416.0,441.22705078125,456.0,12696750.0,False,vLH92_MN_60x-1xzoom_0007_XY9_Dapi-ex_Green-em.tif,229.1425323486328,230.0,17793376.0,239.90493774414062,239.0,11727033.0,210.85250854492188,210.0,6067492.0,402.1174552734375,462.98964765625,298.64785078125,427.4208,478.4208,313.4208,82.59533234863281,93.35773774414062,64.30530854492187,83.4528,92.4528,63.452799999999996,0mM 2DG,1h,yes,non-MN,4.868525179802048,5.121707120671805,4.9593066289281245,5.174757281553398,4.6442176787414535,4.939432144838368
vLH92_MN_60x-1xzoom_0007_XY9_488.tif,2,115597,61166,54441,0.5291313788420114,609.3590087890625,0.07171529030931549,628.9141235351562,610.0,72700584.0,743.0046997070312,734.0,40449920.0,527.3385620117188,535.0,32255190.0,False,vLH92_MN_60x-1xzoom_0007_XY9_Dapi-ex_Green-em.tif,212.55734252929688,211.0,24570992.0,228.0432891845703,227.0,12414905.0,198.76795959472656,198.0,12157841.0,486.33492353515624,600.4254997070312,384.75936201171874,467.4208,591.4208,392.4208,66.01014252929687,81.49608918457031,52.22075959472656,64.4528,80.4528,51.452799999999996,0mM 2DG,1h,yes,non-MN,7.367578752300212,7.252141101705434,7.3675375802046466,7.351152476980292,7.367938823520544,7.626811368866223
