source,image_name,cell_id,treatment,treat_time,pyruvate,cell_type,bright_median_SN_ratio_488_405,bright_mean_SN_ratio_488_405,bright_median_SN_ratio_488_405_norm,bright_mean_SN_ratio_488_405_norm
20260930_MN_92,vLH92_MN_60x-1xzoom_0000_XY01_488.tif,1,50mM 2DG,1h,yes,MN,1.4071599137266986,1.403613353253603,0.6410289167975668,0.6520533104228277
20260930_MN_92,vLH92_MN_60x-1xzoom_0000_XY01_488.tif,2,50mM 2DG,1h,yes,MN,1.301014741902603,1.1563683562494762,0.5926746936179923,0.5371948143788002
20260930_MN_92,vLH92_MN_60x-1xzoom_0000_XY01_488.tif,3,50mM 2DG,1h,yes,MN,1.3388900393456202,1.0809266825984485,0.6099287104901632,0.5021481308074569
20260930_MN_92,vLH92_MN_60x-1xzoom_0000_XY01_488.tif,4,50mM 2DG,1h,yes,MN,1.6023775035144077,1.38185500785856,0.7299599038877462,0.6419453977905676
20260930_MN_92,vLH92_MN_60x-1xzoom_0000_XY01_488.tif,5,50mM 2DG,1h,yes,MN,2.252623226795228,2.182038401363496,1.026178057617722,1.01367328814642
20260930_MN_92,vLH92_MN_60x-1xzoom_0000_XY01_488.tif,6,50mM 2DG,1h,yes,MN,2.705761289374156,2.628560907578057,1.2326042061891591,1.2211068222322818
20260930_MN_92,vLH92_MN_60x-1xzoom_0000_XY02_488.tif,1,50mM 2DG,1h,yes,MN,2.020630013537815,1.872025211417572,0.9204940079599018,0.8696556166769912
20260930_MN_92,vLH92_MN_60x-1xzoom_0000_XY02_488.tif,2,50mM 2DG,1h,yes,MN,1.8719031442147929,1.7968787735013705,0.8527417766670574,0.8347460858605731
20260930_MN_92,vLH92_MN_60x-1xzoom_0000_XY02_488.tif,3,50mM 2DG,1h,yes,MN,1.0908119343863674,1.1082336667143144,0.4969172202167776,0.5148336822444963
20260930_MN_92,vLH92_MN_60x-1xzoom_0000_XY02_488.tif,4,50mM 2DG,1h,yes,MN,1.4688119285993178,1.5208189105015737,0.6691143702891438,0.706501546773913
20260930_MN_92,vLH92_MN_60x-1xzoom_0000_XY02_488.tif,5,50mM 2DG,1h,yes,MN,1.1882063423566325,1.2329714436412698,0.5412850502226607,0.5727810366148917
20260930_MN_92,vLH92_MN_60x-1xzoom_0000_XY02_488.tif,6,50mM 2DG,1h,yes,MN,1.9030155404295552,1.930466525515309,0.8669149672546905,0.8968047259630758
20260930_MN_92,vLH92_MN_60x-1xzoom_0000_XY02_488.tif,7,50mM 2DG,1h,yes,MN,2.036419092182832,2.0332158264868907,0.9276866915222425,0.9445372597743626
20260930_MN_92,vLH92_MN_60x-1xzoom_0000_XY02_488.tif,8,50mM 2DG,1h,yes,MN,1.959432604673473,1.8719948863900373,0.892615649336657,0.8696415290833197
20260930_MN_92,vLH92_MN_60x-1xzoom_0000_XY02_488.tif,9,50mM 2DG,1h,yes,MN,1.7035653053149866,1.033921765514746,0.7760558069536362,0.4803118382703902
20260930_MN_92,vLH92_MN_60x-1xzoom_0000_XY02_488.tif,10,50mM 2DG,1h,yes,MN,1.1720541670509392,1.25671532348891,0.533926958694377,0.5838113359641016
20260930_MN_92,vLH92_MN_60x-1xzoom_0000_XY02_488.tif,11,50mM 2DG,1h,yes,MN,1.2329172961002008,1.1698420325229606,0.56165303680872,0.5434540560690606
20260930_MN_92,vLH92_MN_60x-1xzoom_0000_XY03_488.tif,1,50mM 2DG,1h,yes,MN,1.8497911817626569,1.852173520965548,0.84266871588648,0.8604334470198516
20260930_MN_92,vLH92_MN_60x-1xzoom_0000_XY03_488.tif,2,50mM 2DG,1h,yes,MN,1.525672705598947,1.3375481642131588,0.6950171848397717,0.6213625043559889
20260930_MN_92,vLH92_MN_60x-1xzoom_0000_XY03_488.tif,3,50mM 2DG,1h,yes,MN,1.5135073752659638,1.4866302676819785,0.6894752926569679,0.6906190976096146
20260930_MN_92,vLH92_MN_60x-1xzoom_0000_XY03_488.tif,4,50mM 2DG,1h,yes,MN,2.15520965500574,2.0401995194844584,0.981801497571878,0.9477815578764611
20260930_MN_92,vLH92_MN_60x-1xzoom_0000_XY04_488.tif,1,50mM 2DG,1h,yes,MN,1.7796895592326842,1.7723670427171507,0.8107340603311427,0.823359078772763
20260930_MN_92,vLH92_MN_60x-1xzoom_0000_XY04_488.tif,2,50mM 2DG,1h,yes,MN,1.352880232076254,1.342016610844524,0.6163019151305345,0.6234383362876783
20260930_MN_92,vLH92_MN_60x-1xzoom_0000_XY04_488.tif,3,50mM 2DG,1h,yes,MN,1.3657982890839124,1.343702803041948,0.622186710461875,0.6242216625518456
20260930_MN_92,vLH92_MN_60x-1xzoom_0000_XY04_488.tif,4,50mM 2DG,1h,yes,MN,2.273599225787636,2.180514223742673,1.0357336324899762,1.0129652262994546
20260930_MN_92,vLH92_MN_60x-1xzoom_0000_XY04_488.tif,5,50mM 2DG,1h,yes,MN,1.4946060142940625,1.4406339778938373,0.6808648150334766,0.6692513662796133
20260930_MN_92,vLH92_MN_60x-1xzoom_0000_XY04_488.tif,6,50mM 2DG,1h,yes,MN,1.9223859542364796,1.8382531447106816,0.8757391209698774,0.8539666893488187
20260930_MN_92,vLH92_MN_60x-1xzoom_0000_XY04_488.tif,7,50mM 2DG,1h,yes,MN,1.8643134905250296,1.8441067375803069,0.8492843249331371,0.856685995630466
20260930_MN_92,vLH92_MN_60x-1xzoom_0000_XY04_488.tif,8,50mM 2DG,1h,yes,MN,1.7581874687095589,1.6774829212460267,0.8009388255021328,0.7792803405872126
20260930_MN_92,vLH92_MN_60x-1xzoom_0000_XY05_488.tif,1,50mM 2DG,1h,yes,MN,1.7062187016297916,1.7851607449798186,0.7772645563991839,0.8293024362462433
20260930_MN_92,vLH92_MN_60x-1xzoom_0000_XY05_488.tif,2,50mM 2DG,1h,yes,MN,2.675734387466454,2.603627398038767,1.2189255103871273,1.2095238764033136
20260930_MN_92,vLH92_MN_60x-1xzoom_0000_XY05_488.tif,3,50mM 2DG,1h,yes,MN,1.804620636327632,1.7851504201536312,0.8220913632139727,0.8292976398134655
20260930_MN_92,vLH92_MN_60x-1xzoom_0000_XY05_488.tif,4,50mM 2DG,1h,yes,MN,3.428599453513628,3.1744661447553666,1.5618917028398507,1.4747089386937013
20260930_MN_92,vLH92_MN_60x-1xzoom_0000_XY05_488.tif,5,50mM 2DG,1h,yes,MN,1.4860333387279496,1.476320776676466,0.6769595496271814,0.6858297888421138
20260930_MN_92,vLH92_MN_60x-1xzoom_0000_XY05_488.tif,6,50mM 2DG,1h,yes,MN,1.5588190367081964,1.631071364345375,0.710116930447578,0.7577196955215343
20260930_MN_92,vLH92_MN_60x-1xzoom_0000_XY05_488.tif,7,50mM 2DG,1h,yes,MN,1.699889899278229,1.6361924756344717,0.7743814829997265,0.760098725018054
20260930_MN_92,vLH92_MN_60x-1xzoom_0000_XY05_488.tif,8,50mM 2DG,1h,yes,MN,1.8152787209086985,1.807814040390881,0.8269466325742572,0.8398261009225089
20260930_MN_92,vLH92_MN_60x-1xzoom_0000_XY05_488.tif,9,50mM 2DG,1h,yes,MN,1.8739621781077656,1.8540058925496097,0.8536797654863709,0.8612846814103926
20260930_MN_92,vLH92_MN_60x-1xzoom_0000_XY06_488.tif,1,50mM 2DG,1h,yes,MN,2.13957645154854,2.1173980593724586,0.974679822643188,0.9836443995750641
20260930_MN_92,vLH92_MN_60x-1xzoom_0000_XY06_488.tif,2,50mM 2DG,1h,yes,MN,2.3448898299936647,2.4074289635165687,1.06820992629727,1.1183792328777817
20260930_MN_92,vLH92_MN_60x-1xzoom_0000_XY06_488.tif,3,50mM 2DG,1h,yes,MN,2.0140470909614923,2.105165999569899,0.9174951705944409,0.9779619549979583
20260930_MN_92,vLH92_MN_60x-1xzoom_0000_XY06_488.tif,4,50mM 2DG,1h,yes,MN,1.6535390430886194,1.580920182941778,0.7532664420963968,0.7344217952984928
20260930_MN_92,vLH92_MN_60x-1xzoom_0000_XY06_488.tif,5,50mM 2DG,1h,yes,MN,1.8055302533944844,1.819022673578168,0.8225057374704995,0.8450331092187353
20260930_MN_92,vLH92_MN_60x-1xzoom_0000_XY06_488.tif,6,50mM 2DG,1h,yes,MN,1.9594975943745367,1.8917174941460628,0.8926452552664945,0.8788037329393013
20260930_MN_92,vLH92_MN_60x-1xzoom_0000_XY06_488.tif,7,50mM 2DG,1h,yes,MN,1.561214683310015,1.5208589068945215,0.7112082625209358,0.706520127232959
20260930_MN_92,vLH92_MN_60x-1xzoom_0000_XY06_488.tif,8,50mM 2DG,1h,yes,MN,1.802491317769632,1.757584195024052,0.821121356354456,0.8164916570904189
20260930_MN_92,vLH92_MN_60x-1xzoom_0000_XY06_488.tif,9,50mM 2DG,1h,yes,MN,1.933153791340068,1.8382256914967463,0.8806443878748202,0.8539539358658266
20260930_MN_92,vLH92_MN_60x-1xzoom_0000_XY06_488.tif,10,50mM 2DG,1h,yes,MN,1.8313670218582556,1.7514793486770714,0.8342756262658803,0.8136556301596805
20260930_MN_92,vLH92_MN_60x-1xzoom_0000_XY06_488.tif,11,50mM 2DG,1h,yes,MN,1.5353571519909974,1.5591248764046377,0.699428915247895,0.7242967122431916
20260930_MN_92,vLH92_MN_60x-1xzoom_0000_XY06_488.tif,12,50mM 2DG,1h,yes,MN,1.824011261108473,1.8062566135280105,0.8309247239983708,0.8391025930281716
20260930_MN_92,vLH92_MN_60x-1xzoom_0000_XY06_488.tif,13,50mM 2DG,1h,yes,MN,1.7749764908070949,1.6800047439909995,0.808587031327419,0.7804518618365277
20260930_MN_92,vLH92_MN_60x-1xzoom_0000_XY06_488.tif,14,50mM 2DG,1h,yes,MN,1.316515038473102,1.268130464882111,0.5997358230771973,0.5891142783428756
20260930_MN_92,vLH92_MN_60x-1xzoom_0000_XY06_488.tif,15,50mM 2DG,1h,yes,MN,1.01012894957104,1.0129846067582704,0.4601622459912902,0.4705854106567157
20260930_MN_92,vLH92_MN_60x-1xzoom_0000_XY06_488.tif,16,50mM 2DG,1h,yes,MN,1.1408029773316792,1.1025973522361177,0.5196905410001593,0.5122153133713496
20260930_MN_92,vLH92_MN_60x-1xzoom_0000_XY06_488.tif,17,50mM 2DG,1h,yes,MN,2.2133821952463744,2.012011175895868,1.0083018832736408,0.9346865679280749
20260930_MN_92,vLH92_MN_60x-1xzoom_0000_XY06_488.tif,18,50mM 2DG,1h,yes,MN,1.0744008690447158,1.121982289943659,0.4894411918444286,0.5212206514690834
20260930_MN_92,vLH92_MN_60x-1xzoom_0000_XY06_488.tif,19,50mM 2DG,1h,yes,MN,2.081450763339632,1.9136128186697317,0.9482007802918537,0.8889752796870906
20260930_MN_92,vLH92_MN_60x-1xzoom_0000_XY07_488.tif,1,50mM 2DG,1h,yes,MN,2.0389035418236623,2.029526260673562,0.9288184776444621,0.9428232595498512
20260930_MN_92,vLH92_MN_60x-1xzoom_0000_XY07_488.tif,2,50mM 2DG,1h,yes,MN,1.741537146142393,1.774225457468488,0.793353803973703,0.8242224116043716
20260930_MN_92,vLH92_MN_60x-1xzoom_0000_XY07_488.tif,3,50mM 2DG,1h,yes,MN,1.5686601586864128,1.558745818181854,0.7146000341092376,0.7241206194691836
20260930_MN_92,vLH92_MN_60x-1xzoom_0000_XY07_488.tif,4,50mM 2DG,1h,yes,MN,1.5328166133752132,1.3704315356253929,0.698271577904021,0.6366385852920304
20260930_MN_92,vLH92_MN_60x-1xzoom_0000_XY07_488.tif,5,50mM 2DG,1h,yes,MN,0.8440839990263548,0.8512944387845414,0.3845207970350929,0.3954716985751778
20260930_MN_92,vLH92_MN_60x-1xzoom_0000_XY08_488.tif,1,50mM 2DG,1h,yes,MN,0.8442083921015514,0.9532846180151672,0.38457746405457843,0.4428515798250902
20260930_MN_92,vLH92_MN_60x-1xzoom_0000_XY08_488.tif,2,50mM 2DG,1h,yes,MN,1.3634239429342845,1.4381671885355818,0.6211050817674023,0.6681054109754423
20260930_MN_92,vLH92_MN_60x-1xzoom_0000_XY08_488.tif,3,50mM 2DG,1h,yes,MN,2.8222349037262484,2.7228445324718367,1.2856635309434319,1.2649065977104406
20260930_MN_92,vLH92_MN_60x-1xzoom_0000_XY08_488.tif,4,50mM 2DG,1h,yes,MN,1.048667333328084,1.1085423421921874,0.47771833052292006,0.514977078477317
20260930_MN_92,vLH92_MN_60x-1xzoom_0000_XY08_488.tif,5,50mM 2DG,1h,yes,MN,1.3128899017234013,1.4235119654115598,0.5980843991976261,0.661297277716484
20260930_MN_92,vLH92_MN_60x-1xzoom_0000_XY08_488.tif,6,50mM 2DG,1h,yes,MN,1.281439074364228,1.3063324857390817,0.5837570369712219,0.6068611557909194
20260930_MN_92,vLH92_MN_60x-1xzoom_0000_XY08_488.tif,7,50mM 2DG,1h,yes,MN,1.86904510425224,1.6949965229702797,0.8514398022123508,0.7874163432515181
20260930_MN_92,vLH92_MN_60x-1xzoom_0000_XY08_488.tif,8,50mM 2DG,1h,yes,MN,2.2682321918540427,2.2060616227190684,1.0332886907919459,1.024833356533922
20260930_MN_92,vLH92_MN_60x-1xzoom_0000_XY08_488.tif,9,50mM 2DG,1h,yes,MN,2.1122017940072526,2.0477488330162115,0.962209351518892,0.9512886169026444
20260930_MN_92,vLH92_MN_60x-1xzoom_0000_XY08_488.tif,10,50mM 2DG,1h,yes,MN,1.8873693795256472,2.011946365873293,0.8597873895867691,0.934656460213817
20260930_MN_92,vLH92_MN_60x-1xzoom_0000_XY08_488.tif,11,50mM 2DG,1h,yes,MN,3.0071914936437127,2.9789195493143086,1.3699201398283205,1.383867109208614
20260930_MN_92,vLH92_MN_60x-1xzoom_0000_XY08_488.tif,12,50mM 2DG,1h,yes,MN,1.598040350587068,1.4897775014215655,0.7279841224460799,0.6920811556427725
20260930_MN_92,vLH92_MN_60x-1xzoom_0000_XY08_488.tif,13,50mM 2DG,1h,yes,MN,2.116071367652577,2.135259993295087,0.9639721281430224,0.991942221135258
20260930_MN_92,vLH92_MN_60x-1xzoom_0000_XY08_488.tif,14,50mM 2DG,1h,yes,MN,2.002656840880442,1.748580337500122,0.9123063646881016,0.8123088847539739
20260930_MN_92,vLH92_MN_60x-1xzoom_0000_XY09_488.tif,1,50mM 2DG,1h,yes,MN,2.6019603507996165,2.488716963156193,1.1853178938319617,1.1561418468767168
20260930_MN_92,vLH92_MN_60x-1xzoom_0000_XY09_488.tif,2,50mM 2DG,1h,yes,MN,2.2415940413073323,2.113753269986206,1.0211537339729835,0.9819512003905514
20260930_MN_92,vLH92_MN_60x-1xzoom_0000_XY09_488.tif,3,50mM 2DG,1h,yes,MN,3.0147735429438827,2.9373321172140345,1.3733741273975952,1.3645475275659131
20260930_MN_92,vLH92_MN_60x-1xzoom_0000_XY09_488.tif,4,50mM 2DG,1h,yes,MN,2.03751723860239,1.996615201349892,0.9281869499526793,0.9275343161013033
20260930_MN_92,vLH92_MN_60x-1xzoom_0000_XY09_488.tif,5,50mM 2DG,1h,yes,MN,2.1294565866277524,2.0582036515341198,0.9700697381851041,0.956145438055471
20260930_MN_92,vLH92_MN_60x-1xzoom_0000_XY09_488.tif,6,50mM 2DG,1h,yes,MN,2.540634500080404,2.4140837606719927,1.1573810237756552,1.1214707413087384
20260930_MN_92,vLH92_MN_60x-1xzoom_0000_XY10_488.tif,1,50mM 2DG,1h,yes,MN,2.054476222711118,2.1044363825914907,0.9359125816361559,0.9776230089733934
20260930_MN_92,vLH92_MN_60x-1xzoom_0000_XY10_488.tif,2,50mM 2DG,1h,yes,MN,2.800574226731487,2.766261168807263,1.2757960523607876,1.2850759423410796
20260930_MN_92,vLH92_MN_60x-1xzoom_0000_XY10_488.tif,3,50mM 2DG,1h,yes,MN,2.5763166750799256,2.4095728854364213,1.1736359680544097,1.1193751990260714
20260930_MN_92,vLH92_MN_60x-1xzoom_0000_XY10_488.tif,4,50mM 2DG,1h,yes,MN,2.0467031535053426,1.9806503494690133,0.9323715753265215,0.9201177903927051
20260930_MN_92,vLH92_MN_60x-1xzoom_0000_XY10_488.tif,5,50mM 2DG,1h,yes,MN,2.476161701151184,2.4688144352252803,1.1280105676836747,1.146896060497546
20260930_MN_92,vLH92_MN_60x-1xzoom_0000_XY10_488.tif,6,50mM 2DG,1h,yes,MN,2.733757068747955,2.539001750332587,1.2453576281363221,1.1795018141114764
20260930_MN_92,vLH92_MN_60x-1xzoom_0000_XY10_488.tif,7,50mM 2DG,1h,yes,MN,1.87034265793725,2.1468487348706136,0.8520309002283437,0.9973258100633916
20260930_MN_92,vLH92_MN_60x-1xzoom_0000_XY10_488.tif,8,50mM 2DG,1h,yes,MN,2.850527455443895,2.874326458626697,1.2985521469451273,1.3352780366751258
20260930_MN_92,vLH92_MN_60x-1xzoom_0000_XY10_488.tif,9,50mM 2DG,1h,yes,MN,2.6158506878924075,2.7644198087916165,1.1916456094339243,1.284220532344374
20260930_MN_92,vLH92_MN_60x-1xzoom_0000_XY10_488.tif,10,50mM 2DG,1h,yes,MN,1.168785416808903,1.3670921036192158,0.5324378859838099,0.6350872409068319
20260930_MN_92,vLH92_MN_60x-1xzoom_0000_XY11_488.tif,1,50mM 2DG,1h,yes,MN,2.93742697597963,2.9239939851645005,1.338139051728196,1.3583512534013824
20260930_MN_92,vLH92_MN_60x-1xzoom_0000_XY11_488.tif,2,50mM 2DG,1h,yes,MN,1.758966524447681,1.7363899562763532,0.8012937228034713,0.806645802101013
20260930_MN_92,vLH92_MN_60x-1xzoom_0000_XY11_488.tif,3,50mM 2DG,1h,yes,MN,2.460583188481237,2.3491555299195976,1.1209138070349962,1.0913081130437257
20260930_MN_92,vLH92_MN_60x-1xzoom_0000_XY11_488.tif,4,50mM 2DG,1h,yes,MN,2.230822151915375,2.14086953286316,1.0162466210560852,0.9945481516337327
20260930_MN_92,vLH92_MN_60x-1xzoom_0000_XY11_488.tif,5,50mM 2DG,1h,yes,MN,2.64856658206868,2.5363150677819704,1.20654927034787,1.1782537066842251
20260930_MN_92,vLH92_MN_60x-1xzoom_0000_XY11_488.tif,6,50mM 2DG,1h,yes,MN,2.1763481631723605,2.1487858537486053,0.9914311031771702,0.9982257051621019
20260930_MN_92,vLH92_MN_60x-1xzoom_0000_XY11_488.tif,7,50mM 2DG,1h,yes,MN,2.2036870651657483,1.8844868864823925,1.003885285932308,0.8754447297974915
20260930_MN_92,vLH92_MN_60x-1xzoom_0000_XY11_488.tif,8,50mM 2DG,1h,yes,MN,1.7171405620055171,1.6966592236678468,0.7822399883012509,0.7881887564603108
20260930_MN_92,vLH92_MN_60x-1xzoom_0000_XY11_488.tif,9,50mM 2DG,1h,yes,MN,2.035422851609011,2.0645984983204824,0.9272328560983674,0.9591161856670044
20260930_MN_92,vLH92_MN_60x-1xzoom_0000_XY11_488.tif,10,50mM 2DG,1h,yes,MN,1.729586793510083,1.8187878833625948,0.7879098444574384,0.8449240366333509
20260930_MN_92,vLH92_MN_60x-1xzoom_0000_XY11_488.tif,11,50mM 2DG,1h,yes,MN,1.9037932930181416,1.8475805570133212,0.8672692709088343,0.8582997701473994
20260930_MN_92,vLH92_MN_60x-1xzoom_0000_XY11_488.tif,12,50mM 2DG,1h,yes,MN,1.4082910401745483,1.3994839861454054,0.6415441992146916,0.6501349990255971
20260930_MN_92,vLH92_MN_60x-1xzoom_0000_XY11_488.tif,13,50mM 2DG,1h,yes,MN,2.2004233752176194,2.159264349702214,1.0023985184286266,1.0030935257474254
20260930_MN_92,vLH92_MN_60x-1xzoom_0000_XY11_488.tif,14,50mM 2DG,1h,yes,MN,1.7641467766726149,1.871960280187681,0.803653576463382,0.8696254526554663
20260930_MN_92,vLH92_MN_60x-1xzoom_0000_XY11_488.tif,15,50mM 2DG,1h,yes,MN,2.326943987985235,2.333560384150604,1.0600347334485642,1.0840633355545208
20260930_MN_92,vLH92_MN_60x-1xzoom_0000_XY11_488.tif,16,50mM 2DG,1h,yes,MN,1.793378000701359,1.5597240282154343,0.8169698027806791,0.7245750502347547
20260930_MN_92,vLH92_MN_60x-1xzoom_0000_XY11_488.tif,17,50mM 2DG,1h,yes,MN,1.1188949368198962,1.1087530612912766,0.5097103764563639,0.5150749687444707
20260930_MN_92,vLH92_MN_60x-1xzoom_0000_XY11_488.tif,18,50mM 2DG,1h,yes,MN,2.4189000495473176,2.298903785633588,1.1019251354996,1.067963495994978
20260930_MN_92,vLH92_MN_60x-1xzoom_0000_XY11_488.tif,19,50mM 2DG,1h,yes,MN,2.479511269566814,2.313114226320019,1.1295364569534478,1.0745650040745895
20260930_MN_92,vLH92_MN_60x-1xzoom_0000_XY12_488.tif,1,50mM 2DG,1h,yes,MN,1.9444690265486724,1.857232509530525,0.8857990209043184,0.862783617195661
20260930_MN_92,vLH92_MN_60x-1xzoom_0000_XY12_488.tif,2,50mM 2DG,1h,yes,MN,2.1930478514902743,2.233690944408602,0.999038613175759,1.0376686509763957
20260930_MN_92,vLH92_MN_60x-1xzoom_0000_XY12_488.tif,3,50mM 2DG,1h,yes,MN,0.7736225023394067,0.7475317546070676,0.35242220151900266,0.3472683941826642
20260930_MN_92,vLH92_MN_60x-1xzoom_0000_XY12_488.tif,4,50mM 2DG,1h,yes,MN,1.7426261385733293,1.7847204209947565,0.7938498923227202,0.8290978822560346
20260930_MN_92,vLH92_MN_60x-1xzoom_0000_XY12_488.tif,5,50mM 2DG,1h,yes,MN,1.805282563518133,1.7402314750902272,0.822392902837001,0.8084303926036838
20260930_MN_92,vLH92_MN_60x-1xzoom_0000_XY12_488.tif,6,50mM 2DG,1h,yes,MN,1.978142260352707,1.9300484024397349,0.9011387959930678,0.8966104854801392
20260930_MN_92,vLH92_MN_60x-1xzoom_0000_XY12_488.tif,7,50mM 2DG,1h,yes,MN,2.0914159464552604,2.05861664068242,0.9527403997593972,0.9563372935552021
20260930_MN_92,vLH92_MN_60x-1xzoom_0000_XY12_488.tif,8,50mM 2DG,1h,yes,MN,1.4822770491302086,1.4575926198266964,0.6752483793269695,0.6771295605038017
20260930_MN_92,vLH92_MN_60x-1xzoom_0000_XY12_488.tif,9,50mM 2DG,1h,yes,MN,1.4567679907470994,1.497575631114718,0.6636277782109642,0.6957038030547111
20260930_MN_92,vLH92_MN_60x-1xzoom_0000_XY12_488.tif,10,50mM 2DG,1h,yes,MN,1.5379113256756007,1.4795997863592851,0.7005924640204136,0.6873530638335026
20260930_MN_92,vLH92_MN_60x-1xzoom_0000_XY12_488.tif,11,50mM 2DG,1h,yes,MN,1.3774787018927968,1.5305756225913032,0.6275076994252387,0.7110340602344066
20260930_MN_92,vLH92_MN_60x-1xzoom_0000_XY12_488.tif,12,50mM 2DG,1h,yes,MN,1.415762800722316,1.3762178836993444,0.6449479449608461,0.6393266527773767
20260930_MN_92,vLH92_MN_60x-1xzoom_0000_XY12_488.tif,13,50mM 2DG,1h,yes,MN,1.830001258178158,1.7973954309446385,0.8336534553214737,0.8349861008158715
20260930_MN_92,vLH92_MN_60x-1xzoom_0000_XY12_488.tif,14,50mM 2DG,1h,yes,MN,1.6355426307043333,1.7461072986024253,0.7450682120129453,0.8111600262052079
20260930_MN_92,vLH92_MN_60x-1xzoom_0000_XY12_488.tif,15,50mM 2DG,1h,yes,MN,1.903885444082616,1.7530590870164378,0.8673112501440766,0.8143895029255657
20260930_MN_92,vLH92_MN_60x-1xzoom_0000_XY12_488.tif,16,50mM 2DG,1h,yes,MN,1.9332004135282823,1.895604752950239,0.8806656265204911,0.8806095721085124
20260930_MN_92,vLH92_MN_60x-1xzoom_0000_XY12_488.tif,17,50mM 2DG,1h,yes,MN,1.3238758992805757,1.4119212926144444,0.6030890486659054,0.6559127916328572
20260930_MN_92,vLH92_MN_60x-1xzoom_0000_XY12_488.tif,18,50mM 2DG,1h,yes,MN,1.2282882238982828,1.226492374533488,0.5595442721186327,0.5697711632402942
20260930_MN_92,vLH92_MN_60x-1xzoom_0000_XY12_488.tif,19,50mM 2DG,1h,yes,MN,1.7670923502767992,1.7609290043621224,0.8049954266954833,0.8180454995332587
20260930_MN_92,vLH92_MN_60x-1xzoom_0000_XY12_488.tif,20,50mM 2DG,1h,yes,MN,1.4226751045800707,1.4552951733399433,0.6480968313178893,0.6760622740009096
20260930_MN_92,vLH92_MN_60x-1xzoom_0000_XY12_488.tif,21,50mM 2DG,1h,yes,MN,1.980097057176632,1.9242871847012888,0.9020292998216493,0.8939340923767873
20260930_MN_92,vLH92_MN_60x-1xzoom_0000_XY12_488.tif,22,50mM 2DG,1h,yes,MN,1.365771083331013,1.3370438742157973,0.6221743169349264,0.6211282347393381
20260930_MN_92,vLH92_MN_60x-1xzoom_0000_XY12_488.tif,23,50mM 2DG,1h,yes,MN,1.6007319853602926,1.3575594193993612,0.7292102913457648,0.6306588003477824
20260930_MN_92,vLH92_MN_60x-1xzoom_0000_XY12_488.tif,24,50mM 2DG,1h,yes,MN,1.825538151506824,1.7666729953917548,0.8316202959007365,0.820713889911014
20260930_MN_92,vLH92_MN_60x-1xzoom_0000_XY13_488.tif,1,50mM 2DG,1h,yes,MN,1.7725398082648238,1.788077291101891,0.8074770054125145,0.830657327569762
20260930_MN_92,vLH92_MN_60x-1xzoom_0000_XY13_488.tif,2,50mM 2DG,1h,yes,MN,1.1100713976633492,1.1567105443955543,0.505690830637394,0.5373537790345015
20260930_MN_92,vLH92_MN_60x-1xzoom_0000_XY13_488.tif,3,50mM 2DG,1h,yes,MN,2.0966126768577174,2.0405942395001344,0.9551077600205018,0.9479649263891039
20260930_MN_92,vLH92_MN_60x-1xzoom_0000_XY13_488.tif,4,50mM 2DG,1h,yes,MN,1.9918988342224857,1.9436067175552028,0.9074055760232319,0.9029090464294944
20260930_MN_92,vLH92_MN_60x-1xzoom_0000_XY13_488.tif,5,50mM 2DG,1h,yes,MN,1.697103106073505,1.698255007761549,0.7731119648646967,0.7889300833354126
20260930_MN_92,vLH92_MN_60x-1xzoom_0000_XY13_488.tif,6,50mM 2DG,1h,yes,MN,2.035852994429932,2.026854381781213,0.9274288068100622,0.9415820292119049
20260930_MN_92,vLH92_MN_60x-1xzoom_0000_XY13_488.tif,7,50mM 2DG,1h,yes,MN,1.48045810626703,1.4257913019650827,0.674419763501628,0.6623561511889025
20260930_MN_92,vLH92_MN_60x-1xzoom_0000_XY13_488.tif,8,50mM 2DG,1h,yes,MN,2.698833193581854,2.6590322222515117,1.2294481258475531,1.2352623740868616
20260930_MN_92,vLH92_MN_60x-1xzoom_0000_XY14_488.tif,1,50mM 2DG,1h,yes,MN,1.7944993325132903,1.802239684237262,0.8174806232707748,0.8372365149977116
20260930_MN_92,vLH92_MN_60x-1xzoom_0000_XY14_488.tif,2,50mM 2DG,1h,yes,MN,1.0869003160011492,1.0918791030889103,0.49513529019450947,0.5072361146324855
20260930_MN_92,vLH92_MN_60x-1xzoom_0000_XY14_488.tif,3,50mM 2DG,1h,yes,MN,1.778389956702023,1.7692101023389295,0.8101420289675638,0.8218925114879371
20260930_MN_92,vLH92_MN_60x-1xzoom_0000_XY14_488.tif,4,50mM 2DG,1h,yes,MN,2.4160085312891213,2.3496055048840905,1.1006079100734982,1.091517150428932
20260930_MN_92,vLH92_MN_60x-1xzoom_0000_XY14_488.tif,5,50mM 2DG,1h,yes,MN,1.0881006677275933,1.0416143291479856,0.4956821080504422,0.48388544461366495
20260930_MN_92,vLH92_MN_60x-1xzoom_0000_XY14_488.tif,6,50mM 2DG,1h,yes,MN,1.767207209342284,1.7303352532487002,0.8050477505156929,0.8038330694181437
20260930_MN_92,vLH92_MN_60x-1xzoom_0000_XY14_488.tif,7,50mM 2DG,1h,yes,MN,2.1116838243658287,2.086670959812537,0.9619733914727472,0.9693700219900293
20260930_MN_92,vLH92_MN_60x-1xzoom_0000_XY14_488.tif,8,50mM 2DG,1h,yes,MN,2.3529372762233125,2.1046329353373,1.0718759245176968,0.9777143182134206
20260930_MN_92,vLH92_MN_60x-1xzoom_0000_XY14_488.tif,9,50mM 2DG,1h,yes,MN,1.911333918917954,1.9345744318340945,0.8707043881299685,0.8987130676783082
20260930_MN_92,vLH92_MN_60x-1xzoom_0000_XY14_488.tif,10,50mM 2DG,1h,yes,MN,2.257713428442029,2.267486466997113,1.0284968889147907,1.0533684748133711
20260930_MN_92,vLH92_MN_60x-1xzoom_0000_XY14_488.tif,11,50mM 2DG,1h,yes,MN,1.676117608704511,1.5475032039834034,0.7635520630257668,0.718897825179778
20260930_MN_92,vLH92_MN_60x-1xzoom_0000_XY14_488.tif,12,50mM 2DG,1h,yes,MN,1.4454697819851212,1.4486808039934442,0.658480901545566,0.6729895464447443
20260930_MN_92,vLH92_MN_60x-1xzoom_0000_XY15_488.tif,1,50mM 2DG,1h,yes,MN,0.6321333592787182,0.7055428226528929,0.28796710211626003,0.32776229443063964
20260930_MN_92,vLH92_MN_60x-1xzoom_0000_XY15_488.tif,2,50mM 2DG,1h,yes,MN,0.4987559386785521,0.5077485585625567,0.22720728184384736,0.23587630290470396
20260930_MN_92,vLH92_MN_60x-1xzoom_0000_XY15_488.tif,3,50mM 2DG,1h,yes,MN,0.527396863491538,0.5420841395430345,0.2402545985204044,0.251827012686507
20260930_MN_92,vLH92_MN_60x-1xzoom_0000_XY15_488.tif,4,50mM 2DG,1h,yes,MN,1.9647612642905172,1.9128737557478956,0.8950431096906479,0.8886319455176935
20260930_MN_92,vLH92_MN_60x-1xzoom_0000_XY15_488.tif,5,50mM 2DG,1h,yes,MN,2.412331825392162,2.1636977574129426,1.0989329939708437,1.0051530802305269
20260930_MN_92,vLH92_MN_60x-1xzoom_0000_XY15_488.tif,6,50mM 2DG,1h,yes,MN,1.8582001389854064,1.7828413374552448,0.8464993997251209,0.82822494766927
20260930_MN_92,vLH92_MN_60x-1xzoom_0000_XY15_488.tif,7,50mM 2DG,1h,yes,MN,1.649435585600155,1.7377955370982614,0.7513971201499033,0.8072987694056255
20260930_MN_92,vLH92_MN_60x-1xzoom_0000_XY15_488.tif,8,50mM 2DG,1h,yes,MN,1.97920686383046,1.960124754683576,0.9016237740026783,0.910582556207865
20260930_MN_92,vLH92_MN_60x-1xzoom_0000_XY15_488.tif,9,50mM 2DG,1h,yes,MN,2.1132418505008395,2.086702746164096,0.962683147198394,0.9693847884466981
20260930_MN_92,vLH92_MN_60x-1xzoom_0000_XY15_488.tif,10,50mM 2DG,1h,yes,MN,2.097766246402075,2.1694200353153508,0.9556332663458716,1.0078113837019034
20260930_MN_92,vLH92_MN_60x-1xzoom_0000_XY15_488.tif,11,50mM 2DG,1h,yes,MN,1.7384334739482383,1.6255900453401777,0.7919399322414955,0.7551733303173721
20260930_MN_92,vLH92_MN_60x-1xzoom_0000_XY15_488.tif,12,50mM 2DG,1h,yes,MN,1.9165690063583087,1.903474773500469,0.8730892218638572,0.8842656166602245
20260930_MN_92,vLH92_MN_60x-1xzoom_0000_XY15_488.tif,13,50mM 2DG,1h,yes,MN,2.395663835493965,2.3859931197925035,1.0913399241246902,1.108421139482914
20260930_MN_92,vLH92_MN_60x-1xzoom_0000_XY16_488.tif,1,50mM 2DG,1h,yes,MN,2.449764843605594,1.853316924497477,1.1159855314143456,0.8609646189814286
20260930_MN_92,vLH92_MN_60x-1xzoom_0000_XY16_488.tif,2,50mM 2DG,1h,yes,MN,2.044046794912137,1.909181664620187,0.9311614764209045,0.886916772149882
20260930_MN_92,vLH92_MN_60x-1xzoom_0000_XY16_488.tif,3,50mM 2DG,1h,yes,MN,1.600021363210178,1.5382109533242485,0.7288865688301525,0.7145810788410973
20260930_MN_92,vLH92_MN_60x-1xzoom_0000_XY16_488.tif,4,50mM 2DG,1h,yes,MN,2.8417799703682523,2.792070621405333,1.2945672474123573,1.297065810468055
20260930_MN_92,vLH92_MN_60x-1xzoom_0000_XY16_488.tif,5,50mM 2DG,1h,yes,MN,3.0774719117759366,2.9937563921931227,1.4019362453667914,1.3907596145363303
20260930_MN_92,vLH92_MN_60x-1xzoom_0000_XY17_488.tif,1,50mM 2DG,1h,yes,MN,1.1984780008509066,1.1373161509946446,0.5459642839430564,0.528344048262568
20260930_MN_92,vLH92_MN_60x-1xzoom_0000_XY17_488.tif,2,50mM 2DG,1h,yes,MN,1.7930910755601748,1.7125791860235162,0.8168390945998524,0.7955844285887915
20260930_MN_92,vLH92_MN_60x-1xzoom_0000_XY17_488.tif,3,50mM 2DG,1h,yes,MN,1.2152398704122842,1.2529512445607474,0.5536001204841753,0.5820627204211447
20260930_MN_92,vLH92_MN_60x-1xzoom_0000_XY17_488.tif,4,50mM 2DG,1h,yes,MN,2.2162131108194645,2.1641145211525106,1.0095915012663514,1.0053466892293437
20260930_MN_92,vLH92_MN_60x-1xzoom_0000_XY17_488.tif,5,50mM 2DG,1h,yes,MN,1.9130918260270324,1.8950844155642133,0.871505199238195,0.8803678476234125
20260930_MN_92,vLH92_MN_60x-1xzoom_0000_XY17_488.tif,6,50mM 2DG,1h,yes,MN,1.2525435338274684,1.298374171483017,0.5705937306050651,0.6031640941008013
20260930_MN_92,vLH92_MN_60x-1xzoom_0000_XY17_488.tif,7,50mM 2DG,1h,yes,MN,3.899696249886197,3.829940399410672,1.7764989170872603,1.7792117112372914
20260930_MN_92,vLH92_MN_60x-1xzoom_0000_XY17_488.tif,8,50mM 2DG,1h,yes,MN,1.9125535225735584,1.8702237327827411,0.8712599761641701,0.8688187337100584
20260930_MN_92,vLH92_MN_60x-1xzoom_0000_XY17_488.tif,9,50mM 2DG,1h,yes,MN,2.166778978292308,2.0932012437147614,0.9870718799229701,0.9724036873698692
20260930_MN_92,vLH92_MN_60x-1xzoom_0000_XY17_488.tif,10,50mM 2DG,1h,yes,MN,1.8418881209343585,1.7964035223674917,0.8390684921501937,0.834525306345752
20260930_MN_92,vLH92_MN_60x-1xzoom_0000_XY17_488.tif,11,50mM 2DG,1h,yes,MN,2.042678648531952,1.91542466845813,0.9305382200421838,0.8898169806083418
20260930_MN_92,vLH92_MN_60x-1xzoom_0000_XY17_488.tif,12,50mM 2DG,1h,yes,MN,1.823857913707607,1.785711468578162,0.8308548668930682,0.8295582767486122
20260930_MN_92,vLH92_MN_60x-1xzoom_0000_XY17_488.tif,13,50mM 2DG,1h,yes,MN,1.659338991795567,1.617894819511399,0.7559085972635728,0.7515984872421938
20260930_MN_92,vLH92_MN_60x-1xzoom_0000_XY17_488.tif,14,50mM 2DG,1h,yes,MN,1.958569276981716,1.9199265873054563,0.8922223621134426,0.8919083621706855
20260930_MN_92,vLH92_MN_60x-1xzoom_0000_XY17_488.tif,15,50mM 2DG,1h,yes,MN,2.275981250887742,2.248177910553036,1.036818759315158,1.0443986198888209
20260930_MN_92,vLH92_MN_60x-1xzoom_0000_XY17_488.tif,16,50mM 2DG,1h,yes,MN,1.955907157828373,1.922307940250061,0.8910096389960437,0.8930146277011575
20260930_MN_92,vLH92_MN_60x-1xzoom_0000_XY17_488.tif,17,50mM 2DG,1h,yes,MN,1.831476084347677,1.7759092236952176,0.8343253094673239,0.8250046108756826
20260930_MN_92,vLH92_MN_60x-1xzoom_0000_XY17_488.tif,18,50mM 2DG,1h,yes,MN,2.809438267798525,2.7546785961680897,1.2798340487450108,1.2796952192131048
20260930_MN_92,vLH92_MN_60x-1xzoom_0000_XY17_488.tif,19,50mM 2DG,1h,yes,MN,1.6015473635739668,1.5844668266132445,0.7295817352790328,0.7360694005606608
20260930_MN_92,vLH92_MN_60x-1xzoom_0000_XY17_488.tif,20,50mM 2DG,1h,yes,MN,2.07843905045768,2.0575629975225262,0.9468288004425202,0.9558478200767543
20260930_MN_92,vLH92_MN_60x-1xzoom_0000_XY17_488.tif,21,50mM 2DG,1h,yes,MN,1.533315133670027,1.5067011036256428,0.6984986778387681,0.6999430720429465
20260930_MN_92,vLH92_MN_60x-1xzoom_0000_XY17_488.tif,22,50mM 2DG,1h,yes,MN,1.544981337410622,1.722935321138455,0.7038131938891633,0.8003954060344172
20260930_MN_92,vLH92_MN_60x-1xzoom_0000_XY17_488.tif,23,50mM 2DG,1h,yes,MN,1.9526590403003967,1.935056873956086,0.8895299654775766,0.8989371877908753
20260930_MN_92,vLH92_MN_60x-1xzoom_0000_XY17_488.tif,24,50mM 2DG,1h,yes,MN,1.449857732879696,1.4421738650287488,0.6604798239007806,0.6699667260342559
20260930_MN_92,vLH92_MN_60x-1xzoom_0000_XY17_488.tif,25,50mM 2DG,1h,yes,MN,2.3639827322286973,2.336976061064173,1.0769076601645111,1.0856500997682303
20260930_MN_92,vLH92_MN_60x-1xzoom_0000_XY18_488.tif,1,50mM 2DG,1h,yes,MN,2.0162899649524357,2.0391586768326144,0.9185169074069401,0.9472980309171379
20260930_MN_92,vLH92_MN_60x-1xzoom_0000_XY18_488.tif,2,50mM 2DG,1h,yes,MN,2.262530996333425,2.2564531522676727,1.030691522443571,1.048242911297185
20260930_MN_92,vLH92_MN_60x-1xzoom_0000_XY18_488.tif,3,50mM 2DG,1h,yes,MN,1.0417885700789982,1.0504442663629958,0.47458472352384745,0.48798742168486264
20260930_MN_92,vLH92_MN_60x-1xzoom_0000_XY18_488.tif,4,50mM 2DG,1h,yes,MN,2.374344386167659,2.3675390707033253,1.0816278911318167,1.0998482488279402
20260930_MN_92,vLH92_MN_60x-1xzoom_0000_XY18_488.tif,5,50mM 2DG,1h,yes,MN,2.1220809599310977,2.1154509104048125,0.9667097860247713,0.9827398449644251
20260930_MN_92,vLH92_MN_60x-1xzoom_0000_XY18_488.tif,6,50mM 2DG,1h,yes,MN,1.383555943085886,1.2702082806851782,0.63027617463628,0.5900795346719766
20260930_MN_92,vLH92_MN_60x-1xzoom_0000_XY18_488.tif,7,50mM 2DG,1h,yes,MN,1.6203019043765094,1.6059736193249914,0.7381253292646306,0.7460604535467023
20260930_MN_92,vLH92_MN_60x-1xzoom_0000_XY18_488.tif,8,50mM 2DG,1h,yes,MN,2.556769786249259,2.437349807426792,1.1647314214910416,1.1322790616853955
20260930_MN_92,vLH92_MN_60x-1xzoom_0000_XY18_488.tif,9,50mM 2DG,1h,yes,MN,2.898704209819716,2.736011962145724,1.3204989721574558,1.2710235715114633
20260930_MN_92,vLH92_MN_60x-1xzoom_0000_XY18_488.tif,10,50mM 2DG,1h,yes,MN,2.572898762306812,2.541670719160535,1.172078944647699,1.1807416925692045
20260930_MN_92,vLH92_MN_60x-1xzoom_0000_XY18_488.tif,11,50mM 2DG,1h,yes,MN,1.6529066355376962,1.6186016872619142,0.752978350086819,0.7519268650363251
20260930_MN_92,vLH92_MN_60x-1xzoom_0000_XY19_488.tif,1,50mM 2DG,1h,yes,MN,1.2349660954060755,1.2853143745405864,0.5625863632821144,0.5970971214476684
20260930_MN_92,vLH92_MN_60x-1xzoom_0000_XY19_488.tif,2,50mM 2DG,1h,yes,MN,0.9633554632312444,0.9660397091805656,0.43885467675856665,0.4487770003832974
20260930_MN_92,vLH92_MN_60x-1xzoom_0000_XY19_488.tif,3,50mM 2DG,1h,yes,MN,2.1073526368571023,2.043914478101833,0.9600003275657367,0.9495073544136113
20260930_MN_92,vLH92_MN_60x-1xzoom_0000_XY19_488.tif,4,50mM 2DG,1h,yes,MN,1.15598533041519,1.1541821902360956,0.5266068319324289,0.5361792235945901
20260930_MN_92,vLH92_MN_60x-1xzoom_0000_XY19_488.tif,5,50mM 2DG,1h,yes,MN,1.6452158634240162,1.5983095716959197,0.7494748340547905,0.7425000944092016
20260930_MN_92,vLH92_MN_60x-1xzoom_0000_XY19_488.tif,6,50mM 2DG,1h,yes,MN,1.6767429024373035,1.7069531934890512,0.7638369143495589,0.7929708548093682
20260930_MN_92,vLH92_MN_60x-1xzoom_0000_XY19_488.tif,7,50mM 2DG,1h,yes,MN,2.170784351441529,2.130802983868991,0.9888965197426303,0.9898717023957951
20260930_MN_92,vLH92_MN_60x-1xzoom_0000_XY19_488.tif,8,50mM 2DG,1h,yes,MN,2.251816545364296,2.2216690083198314,1.025810575486639,1.0320838200781972
20260930_MN_92,vLH92_MN_60x-1xzoom_0000_XY19_488.tif,9,50mM 2DG,1h,yes,MN,1.5676935734527837,1.5325866380679456,0.7141597081169594,0.7119682842468931
20260930_MN_92,vLH92_MN_60x-1xzoom_0000_XY19_488.tif,10,50mM 2DG,1h,yes,MN,1.1877071505923278,1.215196736205135,0.5410576444013145,0.5645237364127649
20260930_MN_92,vLH92_MN_60x-1xzoom_0000_XY19_488.tif,11,50mM 2DG,1h,yes,MN,1.4287912077571971,1.3084987100757564,0.6508830100289302,0.6078674826020551
20260930_MN_92,vLH92_MN_60x-1xzoom_0000_XY19_488.tif,12,50mM 2DG,1h,yes,MN,1.7418119345585223,1.714140913223658,0.7934789832934247,0.7963099342192911
20260930_MN_92,vLH92_MN_60x-1xzoom_0000_XY19_488.tif,13,50mM 2DG,1h,yes,MN,2.284845968872632,2.213938301886607,1.0408570640679708,1.0284924943687301
20260930_MN_92,vLH92_MN_60x-1xzoom_0000_XY19_488.tif,14,50mM 2DG,1h,yes,MN,1.983916998387999,1.4780430106555595,0.9037694664886117,0.6866298584373391
20260930_MN_92,vLH92_MN_60x-1xzoom_0000_XY19_488.tif,15,50mM 2DG,1h,yes,MN,1.7024595714543096,1.6949048789793306,0.7755520920793978,0.7873737697268789
20260930_MN_92,vLH92_MN_60x-1xzoom_0000_XY19_488.tif,16,50mM 2DG,1h,yes,MN,1.8557550140753305,1.7336998547807143,0.845385527906253,0.8053961063913372
20260930_MN_92,vLH92_MN_60x-1xzoom_0000_XY20_488.tif,1,50mM 2DG,1h,yes,MN,2.5292728277802903,2.460175591404406,1.1522052364209243,1.1428828565061693
20260930_MN_92,vLH92_MN_60x-1xzoom_0000_XY20_488.tif,2,50mM 2DG,1h,yes,MN,1.3538032793396306,1.1004270400554246,0.616722407486537,0.5112070875385079
20260930_MN_92,vLH92_MN_60x-1xzoom_0000_XY20_488.tif,3,50mM 2DG,1h,yes,MN,1.9974493643980635,1.996963069614496,0.9099341090715333,0.9276959194751956
20260930_MN_92,vLH92_MN_60x-1xzoom_0000_XY20_488.tif,4,50mM 2DG,1h,yes,MN,1.7246727690291797,1.719039439919496,0.7856712703199988,0.7985855612933793
20260930_MN_92,vLH92_MN_60x-1xzoom_0000_XY20_488.tif,5,50mM 2DG,1h,yes,MN,1.0607602901984008,1.0344149184899143,0.48322725311788567,0.48054093414587334
20260930_MN_92,vLH92_MN_60x-1xzoom_0000_XY20_488.tif,6,50mM 2DG,1h,yes,MN,1.0942948437479283,1.1274302203990971,0.4985038526908598,0.5237515059100072
20260930_MN_92,vLH92_MN_60x-1xzoom_0000_XY20_488.tif,7,50mM 2DG,1h,yes,MN,1.235408814054491,1.2348626993063911,0.5627880428871624,0.5736596258036022
20260930_MN_92,vLH92_MN_60x-1xzoom_0000_XY20_488.tif,8,50mM 2DG,1h,yes,MN,1.3104810434294796,1.351398008292149,0.5969870485640496,0.6277964960671764
20260930_MN_92,vLH92_MN_60x-1xzoom_0000_XY20_488.tif,9,50mM 2DG,1h,yes,MN,1.017309932125788,1.0725029521881833,0.46343352839758134,0.4982348584754499
20260930_MN_92,vLH92_MN_60x-1xzoom_0000_XY20_488.tif,10,50mM 2DG,1h,yes,MN,0.9991562878902166,0.9766915489711524,0.4551636716551181,0.4537253484318862
20260930_MN_92,vLH92_MN_60x-1xzoom_0000_XY20_488.tif,11,50mM 2DG,1h,yes,MN,0.9903406086841582,0.9785810222769272,0.45114770642105445,0.4546031096195596
20260930_MN_92,vLH92_MN_60x-1xzoom_0000_XY20_488.tif,12,50mM 2DG,1h,yes,MN,1.6831746161011036,1.6585467659828768,0.7667668687938544,0.7704834858854558
20260930_MN_92,vLH92_MN_60x-1xzoom_0000_XY20_488.tif,13,50mM 2DG,1h,yes,MN,1.4093014537221105,1.4099072704482625,0.6420044911087351,0.654977170852619
20260930_MN_92,vLH92_MN_60x-1xzoom_0000_XY20_488.tif,14,50mM 2DG,1h,yes,MN,1.596686274426885,1.5273631691385152,0.7273672757282647,0.7095417041638306
20260930_MN_92,vLH92_MN_60x-1xzoom_0000_XY20_488.tif,15,50mM 2DG,1h,yes,MN,1.0397421756514544,1.1160302808097338,0.4736524925880224,0.5184556255804037
20260930_MN_92,vLH92_MN_60x-1xzoom_0000_XY20_488.tif,16,50mM 2DG,1h,yes,MN,1.5425359984151312,1.5365991255108131,0.7026992245441079,0.7138322988019606
20260930_MN_92,vLH92_MN_60x-1xzoom_0000_XY20_488.tif,17,50mM 2DG,1h,yes,MN,1.0548964359097532,1.076106044156114,0.48055598588930504,0.4999086869838502
20260930_MN_92,vLH92_MN_60x-1xzoom_0000_XY20_488.tif,18,50mM 2DG,1h,yes,MN,1.7197944347541056,1.7131507508076986,0.7834489547852668,0.7958499509342318
20260930_MN_92,vLH92_MN_60x-1xzoom_0000_XY20_488.tif,19,50mM 2DG,1h,yes,MN,2.207270728581417,2.279057194503051,1.0055178167165522,1.0587436952448086
20260930_MN_92,vLH92_MN_60x-1xzoom_0001_XY01_488.tif,1,10mM 2DG,1h,yes,MN,2.8157709155710577,2.804665551131516,1.282718873918389,1.3029168274902738
20260930_MN_92,vLH92_MN_60x-1xzoom_0001_XY01_488.tif,2,10mM 2DG,1h,yes,MN,1.0514957742062685,1.0770733171331908,0.479006821173259,0.5003580369029881
20260930_MN_92,vLH92_MN_60x-1xzoom_0001_XY01_488.tif,3,10mM 2DG,1h,yes,MN,1.4873807223494224,1.4410303181501871,0.6775733475722181,0.669435487480518
20260930_MN_92,vLH92_MN_60x-1xzoom_0001_XY01_488.tif,4,10mM 2DG,1h,yes,MN,1.4440668373122303,1.5379307561144624,0.6578417928733978,0.7144509122836271
20260930_MN_92,vLH92_MN_60x-1xzoom_0001_XY01_488.tif,5,10mM 2DG,1h,yes,MN,1.83498269315808,1.8746670776779035,0.8359227381784732,0.8708829045456556
20260930_MN_92,vLH92_MN_60x-1xzoom_0001_XY02_488.tif,1,10mM 2DG,1h,yes,MN,0.4142082149315422,0.4289152894571525,0.18869173343847115,0.19925404224262194
20260930_MN_92,vLH92_MN_60x-1xzoom_0001_XY02_488.tif,2,10mM 2DG,1h,yes,MN,0.3986971532799166,0.4053998372571814,0.18162569996784103,0.18832985972644825
20260930_MN_92,vLH92_MN_60x-1xzoom_0001_XY02_488.tif,3,10mM 2DG,1h,yes,MN,0.393383074360554,0.4021227967003125,0.1792048818218535,0.18680749949915126
20260930_MN_92,vLH92_MN_60x-1xzoom_0001_XY02_488.tif,4,10mM 2DG,1h,yes,MN,0.4651486948616943,0.4722370093832103,0.21189756836329673,0.2193792931356239
20260930_MN_92,vLH92_MN_60x-1xzoom_0001_XY02_488.tif,5,10mM 2DG,1h,yes,MN,0.3758139913011666,0.381170692973835,0.17120132076754613,0.1770741291493298
20260930_MN_92,vLH92_MN_60x-1xzoom_0001_XY02_488.tif,6,10mM 2DG,1h,yes,MN,0.3630358987603306,0.3888566392230715,0.16538028597236215,0.18064466136457946
20260930_MN_92,vLH92_MN_60x-1xzoom_0001_XY02_488.tif,7,10mM 2DG,1h,yes,MN,0.3740315948928803,0.3654331140986632,0.17038935360747992,0.1697631838809557
20260930_MN_92,vLH92_MN_60x-1xzoom_0001_XY02_488.tif,8,10mM 2DG,1h,yes,MN,0.3900456992896249,0.3885186346345715,0.17768454720615298,0.1804876401946407
20260930_MN_92,vLH92_MN_60x-1xzoom_0001_XY02_488.tif,9,10mM 2DG,1h,yes,MN,3.236783746400308,3.217097771418818,1.474510436676599,1.494513604437424
20260930_MN_92,vLH92_MN_60x-1xzoom_0001_XY02_488.tif,10,10mM 2DG,1h,yes,MN,1.559408313362532,1.5521615411092016,0.7103853742624834,0.7210618713801802
20260930_MN_92,vLH92_MN_60x-1xzoom_0001_XY02_488.tif,11,10mM 2DG,1h,yes,MN,1.1066278181663889,1.1192660117667312,0.5041221148053769,0.5199587952939556
20260930_MN_92,vLH92_MN_60x-1xzoom_0001_XY02_488.tif,12,10mM 2DG,1h,yes,MN,0.4661658623949057,0.5556617403836259,0.2123609370221504,0.25813453288441995
20260930_MN_92,vLH92_MN_60x-1xzoom_0001_XY02_488.tif,13,10mM 2DG,1h,yes,MN,2.668380358111774,2.589577709267119,1.215575396853234,1.2029970461671036
20260930_MN_92,vLH92_MN_60x-1xzoom_0001_XY02_488.tif,14,10mM 2DG,1h,yes,MN,1.9366297108752792,1.8910805935934052,0.8822278361473275,0.8785078586425742
20260930_MN_92,vLH92_MN_60x-1xzoom_0001_XY02_488.tif,15,10mM 2DG,1h,yes,MN,1.2065151714173126,1.1831314679126952,0.5496256011054078,0.549627708036278
20260930_MN_92,vLH92_MN_60x-1xzoom_0001_XY02_488.tif,16,10mM 2DG,1h,yes,MN,0.4129231812211347,0.4289815190169611,0.18810633887215686,0.1992848094076827
20260930_MN_92,vLH92_MN_60x-1xzoom_0001_XY02_488.tif,17,10mM 2DG,1h,yes,MN,1.5763292761050611,1.518148375978254,0.7180936853877548,0.7052609409671268
20260930_MN_92,vLH92_MN_60x-1xzoom_0001_XY02_488.tif,18,10mM 2DG,1h,yes,MN,1.3422999460392016,1.3392886427789803,0.6114820867431707,0.622171049535424
20260930_MN_92,vLH92_MN_60x-1xzoom_0001_XY02_488.tif,19,10mM 2DG,1h,yes,MN,1.9198907714267983,1.88785576661818,0.8746024453738067,0.8770097544104778
20260930_MN_92,vLH92_MN_60x-1xzoom_0001_XY02_488.tif,20,10mM 2DG,1h,yes,MN,1.2167921424730332,1.2373030780651897,0.5543072549526677,0.5747933119748484
20260930_MN_92,vLH92_MN_60x-1xzoom_0001_XY02_488.tif,21,10mM 2DG,1h,yes,MN,2.366180803629632,2.206025703166597,1.077908987245705,1.0248166699848495
20260930_MN_92,vLH92_MN_60x-1xzoom_0001_XY02_488.tif,22,10mM 2DG,1h,yes,MN,0.5018480885552394,0.5161588461660648,0.22861590460711176,0.23978333033555846
20260930_MN_92,vLH92_MN_60x-1xzoom_0001_XY02_488.tif,23,10mM 2DG,1h,yes,MN,0.3962340442400698,0.396557557950484,0.18050363551420995,0.1842221490949909
20260930_MN_92,vLH92_MN_60x-1xzoom_0001_XY02_488.tif,24,10mM 2DG,1h,yes,MN,0.3501383025185616,0.3501966167498423,0.15950481150247234,0.16268501772321878
20260930_MN_92,vLH92_MN_60x-1xzoom_0001_XY02_488.tif,25,10mM 2DG,1h,yes,MN,0.5057940571528599,0.5088963147062918,0.2304134828007307,0.2364094968867545
20260930_MN_92,vLH92_MN_60x-1xzoom_0001_XY02_488.tif,26,10mM 2DG,1h,yes,MN,0.4164344243322068,0.4282264217565527,0.18970587872981415,0.1989340264323005
20260930_MN_92,vLH92_MN_60x-1xzoom_0001_XY02_488.tif,27,10mM 2DG,1h,yes,MN,0.3782877176208119,0.3791694188910857,0.17232822190199945,0.17614443053418397
20260930_MN_92,vLH92_MN_60x-1xzoom_0001_XY02_488.tif,28,10mM 2DG,1h,yes,MN,0.3939927913496195,0.3945463724520818,0.17948263719083546,0.1832878460983233
20260930_MN_92,vLH92_MN_60x-1xzoom_0001_XY02_488.tif,29,10mM 2DG,1h,yes,MN,0.4744762922081776,0.4965173277050657,0.21614673689418865,0.23065879678467857
20260930_MN_92,vLH92_MN_60x-1xzoom_0001_XY02_488.tif,30,10mM 2DG,1h,yes,MN,0.3375952041668714,0.3165939386520331,0.15379082784557935,0.14707478044387143
20260930_MN_92,vLH92_MN_60x-1xzoom_0001_XY02_488.tif,31,10mM 2DG,1h,yes,MN,0.3877399333358875,0.3743232090975189,0.17663416008433788,0.1738931074532416
20260930_MN_92,vLH92_MN_60x-1xzoom_0001_XY02_488.tif,32,10mM 2DG,1h,yes,MN,0.4448044626431666,0.4539335220039249,0.20262979359590533,0.21087634643005126
20260930_MN_92,vLH92_MN_60x-1xzoom_0001_XY02_488.tif,33,10mM 2DG,1h,yes,MN,0.7490531006312663,1.0721870027400104,0.3412296591436146,0.49808808309522873
20260930_MN_92,vLH92_MN_60x-1xzoom_0001_XY02_488.tif,34,10mM 2DG,1h,yes,MN,0.4759061117024256,0.4795486587018711,0.21679808833809555,0.22277594445119614
20260930_MN_92,vLH92_MN_60x-1xzoom_0001_XY02_488.tif,35,10mM 2DG,1h,yes,MN,0.4671073717948718,0.454050004642693,0.21278983976797733,0.21093045883218786
20260930_MN_92,vLH92_MN_60x-1xzoom_0001_XY02_488.tif,36,10mM 2DG,1h,yes,MN,0.4630754513930408,0.4619054462452726,0.21095310639987364,0.21457973068466912
20260930_MN_92,vLH92_MN_60x-1xzoom_0001_XY02_488.tif,37,10mM 2DG,1h,yes,MN,0.4077146756869029,0.4000695131893648,0.1857336144730512,0.18585363972897556
20260930_MN_92,vLH92_MN_60x-1xzoom_0001_XY02_488.tif,38,10mM 2DG,1h,yes,MN,0.3867328386811459,0.3824243160595978,0.17617538010535744,0.17765650397584404
20260930_MN_92,vLH92_MN_60x-1xzoom_0001_XY02_488.tif,39,10mM 2DG,1h,yes,MN,0.3374437230463011,0.3394504373367358,0.15372182092057587,0.15769284388526605
20260930_MN_92,vLH92_MN_60x-1xzoom_0001_XY03_488.tif,1,10mM 2DG,1h,yes,MN,1.4478830841842183,1.4372756026217826,0.6595802765913598,0.6676912217364531
20260930_MN_92,vLH92_MN_60x-1xzoom_0001_XY03_488.tif,2,10mM 2DG,1h,yes,MN,0.8426153772336881,0.8348543606471275,0.38385176928085196,0.38783440490861215
20260930_MN_92,vLH92_MN_60x-1xzoom_0001_XY03_488.tif,3,10mM 2DG,1h,yes,MN,2.686751463956077,2.6550091654863457,1.2239443178016416,1.2333934495175243
20260930_MN_92,vLH92_MN_60x-1xzoom_0001_XY03_488.tif,4,10mM 2DG,1h,yes,MN,1.5155265879108826,1.5935631917399729,0.6903951409854555,0.7402951476155382
20260930_MN_92,vLH92_MN_60x-1xzoom_0001_XY03_488.tif,5,10mM 2DG,1h,yes,MN,1.4866409050863127,1.4367477608051642,0.6772363252805985,0.6674460110428474
20260930_MN_92,vLH92_MN_60x-1xzoom_0001_XY03_488.tif,6,10mM 2DG,1h,yes,MN,0.4135782761387855,0.4096220001388107,0.1884047660667954,0.19029127971274942
20260930_MN_92,vLH92_MN_60x-1xzoom_0001_XY03_488.tif,7,10mM 2DG,1h,yes,MN,2.7466033156625094,2.733119549362823,1.251209710521715,1.2696798914119345
20260930_MN_92,vLH92_MN_60x-1xzoom_0001_XY04_488.tif,1,10mM 2DG,1h,yes,MN,1.3919082125603863,1.4885784424826554,0.6340810344832756,0.6915241287744429
20260930_MN_92,vLH92_MN_60x-1xzoom_0001_XY04_488.tif,2,10mM 2DG,1h,yes,MN,2.5138428582976315,2.3952870008954124,1.145176144327551,1.1127386432497315
20260930_MN_92,vLH92_MN_60x-1xzoom_0001_XY04_488.tif,3,10mM 2DG,1h,yes,MN,1.3277239817990274,1.326212284975853,0.604842035049676,0.6160963834786799
20260930_MN_92,vLH92_MN_60x-1xzoom_0001_XY04_488.tif,4,10mM 2DG,1h,yes,MN,1.495210770969967,1.5545742173547368,0.6811403107416044,0.7221826882555917
20260930_MN_92,vLH92_MN_60x-1xzoom_0001_XY04_488.tif,5,10mM 2DG,1h,yes,MN,2.0610473983787325,2.1189140063972864,0.9389060677205778,0.9843486378709405
20260930_MN_92,vLH92_MN_60x-1xzoom_0001_XY04_488.tif,6,10mM 2DG,1h,yes,MN,2.541149516369368,2.482838263561598,1.1576156384279255,1.1534108771814289
20260930_MN_92,vLH92_MN_60x-1xzoom_0001_XY04_488.tif,7,10mM 2DG,1h,yes,MN,2.7884674910621703,2.8006143123916614,1.2702808528611778,1.3010348108896823
20260930_MN_92,vLH92_MN_60x-1xzoom_0001_XY04_488.tif,8,10mM 2DG,1h,yes,MN,1.7191305897629576,1.896513190528022,0.7831465415119451,0.8810315898447593
20260930_MN_92,vLH92_MN_60x-1xzoom_0001_XY04_488.tif,9,10mM 2DG,1h,yes,MN,1.7960020603851334,1.7577661475382682,0.8181651879819581,0.8165761837436881
20260930_MN_92,vLH92_MN_60x-1xzoom_0001_XY04_488.tif,10,10mM 2DG,1h,yes,MN,2.525705127481632,2.4261125350537096,1.1505799776030758,1.1270587489589552
20260930_MN_92,vLH92_MN_60x-1xzoom_0001_XY04_488.tif,11,10mM 2DG,1h,yes,MN,2.205724734169193,2.1378387222197537,1.0048135420184345,0.9931401783420017
20260930_MN_92,vLH92_MN_60x-1xzoom_0001_XY04_488.tif,12,10mM 2DG,1h,yes,MN,1.7274986748716887,1.6741354714750427,0.7869586061398475,0.7777252715223703
20260930_MN_92,vLH92_MN_60x-1xzoom_0001_XY04_488.tif,13,10mM 2DG,1h,yes,MN,2.033664385213612,2.0069419797296484,0.9264317902083633,0.9323316557767306
20260930_MN_92,vLH92_MN_60x-1xzoom_0001_XY05_488.tif,1,10mM 2DG,1h,yes,MN,2.7415267734845346,2.5763593928469577,1.2488971017686659,1.19685643275672
20260930_MN_92,vLH92_MN_60x-1xzoom_0001_XY05_488.tif,2,10mM 2DG,1h,yes,MN,3.189830903014482,3.120012559997185,1.4531211616961384,1.4494123425024088
20260930_MN_92,vLH92_MN_60x-1xzoom_0001_XY05_488.tif,3,10mM 2DG,1h,yes,MN,1.657412251201953,1.6429433236553137,0.7550308743952435,0.763234854202026
20260930_MN_92,vLH92_MN_60x-1xzoom_0001_XY05_488.tif,4,10mM 2DG,1h,yes,MN,2.5187389459749783,2.457759139218707,1.1474065473895907,1.141760285505038
20260930_MN_92,vLH92_MN_60x-1xzoom_0001_XY05_488.tif,5,10mM 2DG,1h,yes,MN,2.010917604966852,1.932070738786592,0.916069539436455,0.8975499686410111
20260930_MN_92,vLH92_MN_60x-1xzoom_0001_XY05_488.tif,6,10mM 2DG,1h,yes,MN,2.215475890484843,2.214327562453167,1.0092556620003708,1.0286733266758996
20260930_MN_92,vLH92_MN_60x-1xzoom_0001_XY05_488.tif,7,10mM 2DG,1h,yes,MN,3.192326641896372,3.111727469110949,1.4542580906098042,1.4455634756282076
20260930_MN_92,vLH92_MN_60x-1xzoom_0001_XY06_488.tif,1,10mM 2DG,1h,yes,MN,1.2313087508479506,1.2243193379134525,0.560920267199089,0.5687616717599805
20260930_MN_92,vLH92_MN_60x-1xzoom_0001_XY06_488.tif,2,10mM 2DG,1h,yes,MN,2.041434498314961,1.9756423495053812,0.9299714498704703,0.9177913071433728
20260930_MN_92,vLH92_MN_60x-1xzoom_0001_XY06_488.tif,3,10mM 2DG,1h,yes,MN,2.158597097523672,2.208682005018381,0.9833446403140793,1.0260506639561402
20260930_MN_92,vLH92_MN_60x-1xzoom_0001_XY06_488.tif,4,10mM 2DG,1h,yes,MN,1.7300200370304617,1.6968878087697832,0.7881072076866412,0.7882949464392572
20260930_MN_92,vLH92_MN_60x-1xzoom_0001_XY06_488.tif,5,10mM 2DG,1h,yes,MN,1.5458357982533726,1.5891420395389295,0.7042024418368423,0.7382412864707357
20260930_MN_92,vLH92_MN_60x-1xzoom_0001_XY06_488.tif,6,10mM 2DG,1h,yes,MN,1.244598867475384,1.685813972579336,0.5669745535546707,0.7831505585418899
20260930_MN_92,vLH92_MN_60x-1xzoom_0001_XY06_488.tif,7,10mM 2DG,1h,yes,MN,1.4940353202604189,1.3727751005195936,0.6806048364946903,0.6377272962564224
20260930_MN_92,vLH92_MN_60x-1xzoom_0001_XY06_488.tif,8,10mM 2DG,1h,yes,MN,1.4507117258452196,1.5578250751031355,0.6608688587079139,0.723692885171034
20260930_MN_92,vLH92_MN_60x-1xzoom_0001_XY06_488.tif,9,10mM 2DG,1h,yes,MN,1.3937729402626675,1.3911524830766264,0.6349305075015553,0.646264571215686
20260930_MN_92,vLH92_MN_60x-1xzoom_0001_XY06_488.tif,10,10mM 2DG,1h,yes,MN,1.323897819138936,1.41803325251169,0.6030990342140466,0.6587521231873288
20260930_MN_92,vLH92_MN_60x-1xzoom_0001_XY06_488.tif,11,10mM 2DG,1h,yes,MN,1.0859128299091654,1.0536897876849478,0.49468544285752797,0.48949513954542667
20260930_MN_92,vLH92_MN_60x-1xzoom_0001_XY06_488.tif,12,10mM 2DG,1h,yes,MN,2.293552476217179,2.229391511796001,1.0448232962763515,1.0356713350763382
20260930_MN_92,vLH92_MN_60x-1xzoom_0001_XY06_488.tif,13,10mM 2DG,1h,yes,MN,1.9415202699845215,1.181368411910667,0.8844557206810969,0.5488086744328156
20260930_MN_92,vLH92_MN_60x-1xzoom_0001_XY06_488.tif,14,10mM 2DG,1h,yes,MN,1.3639654254031284,1.4187581123208046,0.6213517530355943,0.659088859252877
20260930_MN_92,vLH92_MN_60x-1xzoom_0001_XY06_488.tif,15,10mM 2DG,1h,yes,MN,1.8682779651172172,1.7698369352883108,0.8510903334959955,0.8221837088456557
20260930_MN_92,vLH92_MN_60x-1xzoom_0001_XY06_488.tif,16,10mM 2DG,1h,yes,MN,1.0957763701911427,1.128837285189889,0.49917875913314574,0.5244051625973624
20260930_MN_92,vLH92_MN_60x-1xzoom_0001_XY06_488.tif,17,10mM 2DG,1h,yes,MN,2.791176761888592,2.8215043204678927,1.2715150558300305,1.3107393344960525
20260930_MN_92,vLH92_MN_60x-1xzoom_0001_XY07_488.tif,1,10mM 2DG,1h,yes,MN,1.6958330652598168,1.5503507122371731,0.7725334002828426,0.7202206447290669
20260930_MN_92,vLH92_MN_60x-1xzoom_0001_XY07_488.tif,2,10mM 2DG,1h,yes,MN,2.092470893380156,1.962313103849126,0.9532209787454442,0.911599161182768
20260930_MN_92,vLH92_MN_60x-1xzoom_0001_XY07_488.tif,3,10mM 2DG,1h,yes,MN,2.7052651539093606,2.6730020595542827,1.2323781926590123,1.2417521090542762
20260930_MN_92,vLH92_MN_60x-1xzoom_0001_XY07_488.tif,4,10mM 2DG,1h,yes,MN,1.6083497120788937,1.6021099882574303,0.7326805316924728,0.7442655907221104
20260930_MN_92,vLH92_MN_60x-1xzoom_0001_XY07_488.tif,5,10mM 2DG,1h,yes,MN,1.919632788973056,1.9013278768616984,0.8744849219770258,0.8832682685962431
20260930_MN_92,vLH92_MN_60x-1xzoom_0001_XY07_488.tif,6,10mM 2DG,1h,yes,MN,2.6568905707978554,2.6281940584566854,1.2103412469572425,1.2209364012374533
20260930_MN_92,vLH92_MN_60x-1xzoom_0001_XY07_488.tif,7,10mM 2DG,1h,yes,MN,2.116085224614774,2.07406512079553,0.9639784406547564,0.9635139370200173
20260930_MN_92,vLH92_MN_60x-1xzoom_0001_XY07_488.tif,8,10mM 2DG,1h,yes,MN,1.313829131041289,1.413224141365982,0.5985122632565699,0.6565180344081921
20260930_MN_92,vLH92_MN_60x-1xzoom_0001_XY08_488.tif,1,10mM 2DG,1h,yes,MN,2.529179206146864,2.477171789436824,1.1521625872709034,1.1507784975428914
20260930_MN_92,vLH92_MN_60x-1xzoom_0001_XY08_488.tif,2,10mM 2DG,1h,yes,MN,1.559712960062063,1.5338148850088895,0.71052415546418,0.7125388704998685
20260930_MN_92,vLH92_MN_60x-1xzoom_0001_XY08_488.tif,3,10mM 2DG,1h,yes,MN,1.1486605540509671,1.160569551961086,0.5232700445405062,0.5391464939956544
20260930_MN_92,vLH92_MN_60x-1xzoom_0001_XY08_488.tif,4,10mM 2DG,1h,yes,MN,1.654926608668992,1.22175674521736,0.7538985448533722,0.5675712106925653
20260930_MN_92,vLH92_MN_60x-1xzoom_0001_XY08_488.tif,5,10mM 2DG,1h,yes,MN,1.157402252959802,1.2694881139642609,0.5272523081964259,0.589744978796356
20260930_MN_92,vLH92_MN_60x-1xzoom_0001_XY08_488.tif,6,10mM 2DG,1h,yes,MN,1.5364266228252426,1.3697775535026515,0.699916110572133,0.6363347756943927
20260930_MN_92,vLH92_MN_60x-1xzoom_0001_XY08_488.tif,7,10mM 2DG,1h,yes,MN,1.836816287696623,1.446872807042799,0.8367580285455611,0.672149635372247
20260930_MN_92,vLH92_MN_60x-1xzoom_0001_XY08_488.tif,8,10mM 2DG,1h,yes,MN,2.583153116293569,2.2265875680493905,1.1767502953339055,1.034368753565569
20260930_MN_92,vLH92_MN_60x-1xzoom_0001_XY08_488.tif,9,10mM 2DG,1h,yes,MN,3.095975004753591,3.111896344431768,1.4103652927928638,1.445641927227242
20260930_MN_92,vLH92_MN_60x-1xzoom_0001_XY08_488.tif,10,10mM 2DG,1h,yes,MN,1.962408418635299,1.92112029915312,0.893971275503898,0.8924629050297683
20260930_MN_92,vLH92_MN_60x-1xzoom_0001_XY08_488.tif,11,10mM 2DG,1h,yes,MN,1.3432411628870862,1.3399135644571007,0.6119108562174753,0.6224613590056416
20260930_MN_92,vLH92_MN_60x-1xzoom_0001_XY09_488.tif,1,10mM 2DG,1h,yes,MN,3.654296354589449,3.640270089496276,1.6647074799309118,1.6910997299841033
20260930_MN_92,vLH92_MN_60x-1xzoom_0001_XY09_488.tif,2,10mM 2DG,1h,yes,MN,2.292013205510761,2.339635724872468,1.0441220845491213,1.0868856555477409
20260930_MN_92,vLH92_MN_60x-1xzoom_0001_XY09_488.tif,3,10mM 2DG,1h,yes,MN,2.0802904036387924,2.0671708042317576,0.9476721807241223,0.9603111590412454
20260930_MN_92,vLH92_MN_60x-1xzoom_0001_XY09_488.tif,4,10mM 2DG,1h,yes,MN,1.917972673693892,2.008330566732334,0.8737286597435862,0.9329767285453904
20260930_MN_92,vLH92_MN_60x-1xzoom_0001_XY09_488.tif,5,10mM 2DG,1h,yes,MN,2.270344466736544,2.258074359331952,1.0342509334387837,1.0489960484988892
20260930_MN_92,vLH92_MN_60x-1xzoom_0001_XY09_488.tif,6,10mM 2DG,1h,yes,MN,2.3251275494318917,2.3023423046639944,1.0592072584566175,1.069560871590993
20260930_MN_92,vLH92_MN_60x-1xzoom_0001_XY09_488.tif,7,10mM 2DG,1h,yes,MN,2.256137892833287,2.257074946008421,1.0277791567830012,1.048531767673562
20260930_MN_92,vLH92_MN_60x-1xzoom_0001_XY09_488.tif,8,10mM 2DG,1h,yes,MN,1.8528136017333592,1.846770531959692,0.8440455733289263,0.8579234702806876
20260930_MN_92,vLH92_MN_60x-1xzoom_0001_XY09_488.tif,9,10mM 2DG,1h,yes,MN,1.6404503527741692,1.6372897341171446,0.7473039150994827,0.7606084601415892
20260930_MN_92,vLH92_MN_60x-1xzoom_0001_XY09_488.tif,10,10mM 2DG,1h,yes,MN,3.125975560095175,3.0842798018872366,1.424031986468787,1.4328125693796177
20260930_MN_92,vLH92_MN_60x-1xzoom_0001_XY10_488.tif,1,10mM 2DG,1h,yes,MN,2.3954287481844103,2.4397317420957787,1.091232830565581,1.1333855974578884
20260930_MN_92,vLH92_MN_60x-1xzoom_0001_XY10_488.tif,2,10mM 2DG,1h,yes,MN,1.5697944781333613,1.7581286695848222,0.7151167710907893,0.8167445945813371
20260930_MN_92,vLH92_MN_60x-1xzoom_0001_XY10_488.tif,3,10mM 2DG,1h,yes,MN,1.5235697552391956,1.4425329918557626,0.6940591899608384,0.6701335596112329
20260930_MN_92,vLH92_MN_60x-1xzoom_0001_XY10_488.tif,4,10mM 2DG,1h,yes,MN,1.7107910379515316,1.6794249575020708,0.7793474751712208,0.780182520070458
20260930_MN_92,vLH92_MN_60x-1xzoom_0001_XY10_488.tif,5,10mM 2DG,1h,yes,MN,2.192525642558959,2.251795857005304,0.9988007219294853,1.0460793490979476
20260930_MN_92,vLH92_MN_60x-1xzoom_0001_XY10_488.tif,6,10mM 2DG,1h,yes,MN,1.8626074149667755,1.971442086564006,0.8485071255854197,0.9158400608480726
20260930_MN_92,vLH92_MN_60x-1xzoom_0001_XY10_488.tif,7,10mM 2DG,1h,yes,MN,1.1201380175658722,1.1273883927735868,0.5102766594326708,0.5237320747457069
20260930_MN_92,vLH92_MN_60x-1xzoom_0001_XY10_488.tif,8,10mM 2DG,1h,yes,MN,2.6188342931744244,2.6299081150209838,1.1930047849216752,1.2217326719870953
20260930_MN_92,vLH92_MN_60x-1xzoom_0001_XY10_488.tif,9,10mM 2DG,1h,yes,MN,2.09962431616462,2.0268031157754995,0.9564797063528672,0.9415582134162941
20260930_MN_92,vLH92_MN_60x-1xzoom_0001_XY10_488.tif,10,10mM 2DG,1h,yes,MN,2.2826468303918155,2.2345871254215277,1.0398552508806462,1.0380849748841596
20260930_MN_92,vLH92_MN_60x-1xzoom_0001_XY10_488.tif,11,10mM 2DG,1h,yes,MN,2.6361934585255504,2.6059864757223754,1.2009127183789832,1.2106197938862697
20260930_MN_92,vLH92_MN_60x-1xzoom_0001_XY10_488.tif,12,10mM 2DG,1h,yes,MN,1.7554751678071563,1.773134651354048,0.7997032421881571,0.8237156739502297
20260930_MN_92,vLH92_MN_60x-1xzoom_0001_XY10_488.tif,13,10mM 2DG,1h,yes,MN,2.099742874676651,2.119940580302858,0.9565337154486372,0.9848255362361277
20260930_MN_92,vLH92_MN_60x-1xzoom_0001_XY10_488.tif,14,10mM 2DG,1h,yes,MN,1.3602468227335796,1.3181371798159285,0.6196577509410148,0.6123450661808385
20260930_MN_92,vLH92_MN_60x-1xzoom_0001_XY10_488.tif,15,10mM 2DG,1h,yes,MN,1.4290191963625112,1.4021466701312937,0.6509868697873564,0.6513719578387801
20260930_MN_92,vLH92_MN_60x-1xzoom_0001_XY11_488.tif,1,10mM 2DG,1h,yes,MN,2.1186123090911324,2.106942606591946,0.9651296489920135,0.9787872837734086
20260930_MN_92,vLH92_MN_60x-1xzoom_0001_XY11_488.tif,2,10mM 2DG,1h,yes,MN,2.1429890457301983,2.0856859264863776,0.976234423176076,0.9689124214409107
20260930_MN_92,vLH92_MN_60x-1xzoom_0001_XY11_488.tif,3,10mM 2DG,1h,yes,MN,2.6414312910725077,2.6662907183645457,1.2032988026407576,1.2386343329017475
20260930_MN_92,vLH92_MN_60x-1xzoom_0001_XY11_488.tif,4,10mM 2DG,1h,yes,MN,2.4946546105593983,2.2868426054231854,1.1364349760048214,1.0623604341079067
20260930_MN_92,vLH92_MN_60x-1xzoom_0001_XY11_488.tif,5,10mM 2DG,1h,yes,MN,2.8397736565557823,2.600803058219262,1.2936532751214913,1.2082118198281901
20260930_MN_92,vLH92_MN_60x-1xzoom_0001_XY11_488.tif,6,10mM 2DG,1h,yes,MN,2.368191480211828,2.4600803181883464,1.0788249469876947,1.1428385970127823
20260930_MN_92,vLH92_MN_60x-1xzoom_0001_XY11_488.tif,7,10mM 2DG,1h,yes,MN,1.7570342119770046,1.7352918222695446,0.8004134616775616,0.8061356602497919
20260930_MN_92,vLH92_MN_60x-1xzoom_0001_XY12_488.tif,1,10mM 2DG,1h,yes,MN,1.4363960786980263,1.4218335830962947,0.6543473939514898,0.6605175795593763
20260930_MN_92,vLH92_MN_60x-1xzoom_0001_XY12_488.tif,2,10mM 2DG,1h,yes,MN,2.301374238541041,2.338948879143476,1.0483864846396658,1.0865665790511394
20260930_MN_92,vLH92_MN_60x-1xzoom_0001_XY12_488.tif,3,10mM 2DG,1h,yes,MN,1.3659437177731817,1.4068064011287968,0.6222529602137647,0.6535366515669772
20260930_MN_92,vLH92_MN_60x-1xzoom_0001_XY12_488.tif,4,10mM 2DG,1h,yes,MN,1.5711693473015838,1.6145482904189676,0.71574309002231,0.7500438458816738
20260930_MN_92,vLH92_MN_60x-1xzoom_0001_XY12_488.tif,5,10mM 2DG,1h,yes,MN,2.645865030173691,2.610079724468014,1.2053185837229712,1.212521326376532
20260930_MN_92,vLH92_MN_60x-1xzoom_0001_XY12_488.tif,6,10mM 2DG,1h,yes,MN,2.641687472628685,2.540685903162152,1.2034155056422131,1.1802841929804364
20260930_MN_92,vLH92_MN_60x-1xzoom_0001_XY12_488.tif,7,10mM 2DG,1h,yes,MN,2.1469081595316504,2.141245217876924,0.9780197677203913,0.99472267737213
20260930_MN_92,vLH92_MN_60x-1xzoom_0001_XY12_488.tif,8,10mM 2DG,1h,yes,MN,2.526706026586776,2.472924242850433,1.1510359352116855,1.1488052854710544
20260930_MN_92,vLH92_MN_60x-1xzoom_0001_XY12_488.tif,9,10mM 2DG,1h,yes,MN,3.19937304562921,3.119671327149782,1.4574680658998314,1.4492538216339244
20260930_MN_92,vLH92_MN_60x-1xzoom_0001_XY12_488.tif,10,10mM 2DG,1h,yes,MN,1.888907030959444,1.847797379772981,0.860487863657558,0.8584004958906274
20260930_MN_92,vLH92_MN_60x-1xzoom_0001_XY13_488.tif,1,10mM 2DG,1h,yes,MN,1.4878430502668,1.6220195724828537,0.6777839601409751,0.7535146551266607
20260930_MN_92,vLH92_MN_60x-1xzoom_0001_XY13_488.tif,2,10mM 2DG,1h,yes,MN,1.7585671798989075,1.9402555300603028,0.8011118021837663,0.9013522409924188
20260930_MN_92,vLH92_MN_60x-1xzoom_0001_XY13_488.tif,3,10mM 2DG,1h,yes,MN,1.2664228470154766,1.2911816597848176,0.5769164242889979,0.5998227885680528
20260930_MN_92,vLH92_MN_60x-1xzoom_0001_XY13_488.tif,4,10mM 2DG,1h,yes,MN,2.570916683125018,2.471308518889145,1.1711760123949264,1.1480546954633113
20260930_MN_92,vLH92_MN_60x-1xzoom_0001_XY13_488.tif,5,10mM 2DG,1h,yes,MN,1.799002900989058,1.7145880177621406,0.8195322149865304,0.7965176381384274
20260930_MN_92,vLH92_MN_60x-1xzoom_0001_XY13_488.tif,6,10mM 2DG,1h,yes,MN,2.6049306292496954,2.579697496522037,1.1866709983077697,1.1984071600612336
20260930_MN_92,vLH92_MN_60x-1xzoom_0001_XY13_488.tif,7,10mM 2DG,1h,yes,MN,2.7086213908092724,2.8423781504785173,1.2339071197436167,1.3204363425275598
20260930_MN_92,vLH92_MN_60x-1xzoom_0001_XY13_488.tif,8,10mM 2DG,1h,yes,MN,2.230791491824628,2.218548092724558,1.0162326539123594,1.030633988227616
20260930_MN_92,vLH92_MN_60x-1xzoom_0001_XY13_488.tif,9,10mM 2DG,1h,yes,MN,2.402912658247086,2.3893990360083106,1.0946421109992326,1.1100033693316054
20260930_MN_92,vLH92_MN_60x-1xzoom_0001_XY13_488.tif,10,10mM 2DG,1h,yes,MN,1.50509423886792,1.5411180531975222,0.6856427050032838,0.7159315818779229
20260930_MN_92,vLH92_MN_60x-1xzoom_0001_XY13_488.tif,11,10mM 2DG,1h,yes,MN,2.058102176218752,1.960263112196116,0.9375643775881888,0.9106468306562837
20260930_MN_92,vLH92_MN_60x-1xzoom_0001_XY14_488.tif,1,10mM 2DG,1h,yes,MN,2.4000951785530997,2.402975322005936,1.0933586136946853,1.1163102787147903
20260930_MN_92,vLH92_MN_60x-1xzoom_0001_XY14_488.tif,2,10mM 2DG,1h,yes,MN,2.2386689906054054,2.219268184540048,1.0198212329084326,1.0309685093056682
20260930_MN_92,vLH92_MN_60x-1xzoom_0001_XY14_488.tif,3,10mM 2DG,1h,yes,MN,2.8137770033436715,2.810258684095841,1.2818105511450903,1.3055151362457222
20260930_MN_92,vLH92_MN_60x-1xzoom_0001_XY14_488.tif,4,10mM 2DG,1h,yes,MN,2.1319438485696143,2.0202567743213846,0.9712028054454989,0.938517088446644
20260930_MN_92,vLH92_MN_60x-1xzoom_0001_XY14_488.tif,5,10mM 2DG,1h,yes,MN,3.217350469956725,3.0782675412569898,1.4656576460115593,1.4300195534554032
20260930_MN_92,vLH92_MN_60x-1xzoom_0001_XY14_488.tif,6,10mM 2DG,1h,yes,MN,1.219714394535211,1.2490137078660095,0.5556384811024138,0.5802335244885443
20260930_MN_92,vLH92_MN_60x-1xzoom_0001_XY14_488.tif,7,10mM 2DG,1h,yes,MN,1.830104351096,1.909887955395793,0.8337004190963859,0.887244881908376
20260930_MN_92,vLH92_MN_60x-1xzoom_0001_XY14_488.tif,8,10mM 2DG,1h,yes,MN,2.107585827830854,2.132576969037381,0.9601065572528198,0.9906958131802989
20260930_MN_92,vLH92_MN_60x-1xzoom_0001_XY14_488.tif,9,10mM 2DG,1h,yes,MN,1.8193225791936645,1.777907234417485,0.8287888042214223,0.825932793485726
20260930_MN_92,vLH92_MN_60x-1xzoom_0001_XY14_488.tif,10,10mM 2DG,1h,yes,MN,2.6699748403963257,2.621975002026807,1.2163017601057318,1.2180473176280615
20260930_MN_92,vLH92_MN_60x-1xzoom_0001_XY14_488.tif,11,10mM 2DG,1h,yes,MN,2.6463170515002625,2.688947766699606,1.2055245011446623,1.2491597410114954
20260930_MN_92,vLH92_MN_60x-1xzoom_0001_XY15_488.tif,1,10mM 2DG,1h,yes,MN,1.5991305930597342,1.4579755968953043,0.7284807802491359,0.6773074737908354
20260930_MN_92,vLH92_MN_60x-1xzoom_0001_XY15_488.tif,2,10mM 2DG,1h,yes,MN,0.983544976045956,0.9907672338146746,0.4480519694074239,0.4602642552308363
20260930_MN_92,vLH92_MN_60x-1xzoom_0001_XY15_488.tif,3,10mM 2DG,1h,yes,MN,1.8993591106282133,1.91608084575935,0.8652492878873093,0.8901218099835347
20260930_MN_92,vLH92_MN_60x-1xzoom_0001_XY15_488.tif,4,10mM 2DG,1h,yes,MN,1.0395146293371709,1.047731356556112,0.47354883431440076,0.4867271302973828
20260930_MN_92,vLH92_MN_60x-1xzoom_0001_XY15_488.tif,5,10mM 2DG,1h,yes,MN,2.3571643843087053,2.3037572630881957,1.0738015752491685,1.0702181952923333
20260930_MN_92,vLH92_MN_60x-1xzoom_0001_XY16_488.tif,1,10mM 2DG,1h,yes,MN,1.9532459620239424,1.8242530286010616,0.8897973365084163,0.8474628882597076
20260930_MN_92,vLH92_MN_60x-1xzoom_0001_XY16_488.tif,2,10mM 2DG,1h,yes,MN,2.3787792445023848,2.288823338202869,1.083648182078658,1.0632805901915332
20260930_MN_92,vLH92_MN_60x-1xzoom_0001_XY16_488.tif,3,10mM 2DG,1h,yes,MN,2.999480222994527,2.985312926234561,1.3664072857289673,1.3868371739888956
20260930_MN_92,vLH92_MN_60x-1xzoom_0001_XY16_488.tif,4,10mM 2DG,1h,yes,MN,2.4001663368004382,2.336326676569465,1.0933910296935834,1.0853484260141797
20260930_MN_92,vLH92_MN_60x-1xzoom_0001_XY16_488.tif,5,10mM 2DG,1h,yes,MN,2.6088500923948854,2.5052188661676524,1.1884565019949342,1.1638078614967375
20260930_MN_92,vLH92_MN_60x-1xzoom_0001_XY16_488.tif,6,10mM 2DG,1h,yes,MN,2.7284461643969826,2.7533086575286627,1.2429382561586888,1.2790588096044018
20260930_MN_92,vLH92_MN_60x-1xzoom_0001_XY16_488.tif,7,10mM 2DG,1h,yes,MN,1.835614489229932,1.8193635964960144,0.836210551629969,0.8451914861084004
20260930_MN_92,vLH92_MN_60x-1xzoom_0001_XY16_488.tif,8,10mM 2DG,1h,yes,MN,2.656791932726194,2.603666112532893,1.210296312578701,1.2095418613519444
20260930_MN_92,vLH92_MN_60x-1xzoom_0001_XY17_488.tif,1,10mM 2DG,1h,yes,MN,1.0584187536534737,1.0704730156053366,0.4821605707739712,0.49729184459935266
20260930_MN_92,vLH92_MN_60x-1xzoom_0001_XY17_488.tif,2,10mM 2DG,1h,yes,MN,2.2621098145017347,2.09077608111118,1.0304996538928046,0.9712770699147749
20260930_MN_92,vLH92_MN_60x-1xzoom_0001_XY17_488.tif,3,10mM 2DG,1h,yes,MN,3.319097472661173,3.167763560917594,1.5120082919436884,1.471595230798521
20260930_MN_92,vLH92_MN_60x-1xzoom_0001_XY17_488.tif,4,10mM 2DG,1h,yes,MN,1.284526893861823,1.3228331118206065,0.5851636870388518,0.6145265772088385
20260930_MN_92,vLH92_MN_60x-1xzoom_0001_XY17_488.tif,5,10mM 2DG,1h,yes,MN,2.2267970843197267,2.2439392897440964,1.0144130094702903,1.0424295543169597
20260930_MN_92,vLH92_MN_60x-1xzoom_0001_XY17_488.tif,6,10mM 2DG,1h,yes,MN,1.3135170878828442,1.403839329343103,0.5983701126126376,0.6521582883762601
20260930_MN_92,vLH92_MN_60x-1xzoom_0001_XY17_488.tif,7,10mM 2DG,1h,yes,MN,2.66518627911082,2.6414700380448037,1.2141203404789198,1.2271038022667127
20260930_MN_92,vLH92_MN_60x-1xzoom_0001_XY18_488.tif,1,10mM 2DG,1h,yes,MN,2.076781013006405,2.142675176796257,0.9460734847594674,0.995386969604003
20260930_MN_92,vLH92_MN_60x-1xzoom_0001_XY18_488.tif,2,10mM 2DG,1h,yes,MN,3.186587652683816,3.1340521169902256,1.4516437054197837,1.4559344659867441
20260930_MN_92,vLH92_MN_60x-1xzoom_0001_XY18_488.tif,3,10mM 2DG,1h,yes,MN,1.910558242131161,1.8675255308378544,0.8703510301032281,0.8675652749094034
20260930_MN_92,vLH92_MN_60x-1xzoom_0001_XY18_488.tif,4,10mM 2DG,1h,yes,MN,2.3812408507194456,2.322617410016793,1.0847695619243398,1.0789797400662884
20260930_MN_92,vLH92_MN_60x-1xzoom_0001_XY19_488.tif,1,10mM 2DG,1h,yes,MN,2.7314526285488108,2.6988699113535874,1.244307844959391,1.2537691067268655
20260930_MN_92,vLH92_MN_60x-1xzoom_0001_XY19_488.tif,2,10mM 2DG,1h,yes,MN,2.11172817972511,2.09437842884978,0.9619935974689791,0.972950552688933
20260930_MN_92,vLH92_MN_60x-1xzoom_0001_XY19_488.tif,3,10mM 2DG,1h,yes,MN,2.139326823846948,2.1831045881744644,0.9745661052372321,1.0141685888202199
20260930_MN_92,vLH92_MN_60x-1xzoom_0001_XY19_488.tif,4,10mM 2DG,1h,yes,MN,1.403371173030616,1.3649471042660075,0.63930296346366,0.6340907742332481
20260930_MN_92,vLH92_MN_60x-1xzoom_0001_XY19_488.tif,5,10mM 2DG,1h,yes,MN,2.7684602045688727,2.751200969517702,1.2611665730527861,1.2780796760405184
20260930_MN_92,vLH92_MN_60x-1xzoom_0001_XY19_488.tif,6,10mM 2DG,1h,yes,MN,1.7445915749399985,1.7036985762353427,0.7947452429739648,0.7914589114030729
20260930_MN_92,vLH92_MN_60x-1xzoom_0001_XY19_488.tif,7,10mM 2DG,1h,yes,MN,0.9792344024604572,1.006355086492838,0.44608829613238693,0.46750564469013367
20260930_MN_92,vLH92_MN_60x-1xzoom_0001_XY19_488.tif,8,10mM 2DG,1h,yes,MN,3.313638584691444,3.326946187946587,1.5095215063210883,1.545544056289143
20260930_MN_92,vLH92_MN_60x-1xzoom_0001_XY19_488.tif,9,10mM 2DG,1h,yes,MN,3.2086108475525346,3.1328139254903857,1.4616763283032252,1.455359259955442
20260930_MN_92,vLH92_MN_60x-1xzoom_0001_XY19_488.tif,10,10mM 2DG,1h,yes,MN,1.8414290776714668,1.9168297609084908,0.8388593758992942,0.8904697210383071
20260930_MN_92,vLH92_MN_60x-1xzoom_0001_XY20_488.tif,1,10mM 2DG,1h,yes,MN,2.572834024399534,2.4587975202608288,1.1720494534220227,1.1422426689152743
20260930_MN_92,vLH92_MN_60x-1xzoom_0001_XY20_488.tif,2,10mM 2DG,1h,yes,MN,2.357109752268752,2.2795885212127027,1.0737766877313732,1.0589905248572098
20260930_MN_92,vLH92_MN_60x-1xzoom_0001_XY20_488.tif,3,10mM 2DG,1h,yes,MN,2.3510902086646333,2.330100755285337,1.0710344965429213,1.0824561533136263
20260930_MN_92,vLH92_MN_60x-1xzoom_0001_XY20_488.tif,4,10mM 2DG,1h,yes,MN,1.4644139929371285,1.4075743388055273,0.6671108993927818,0.6538933996010065
20260930_MN_92,vLH92_MN_60x-1xzoom_0001_XY20_488.tif,5,10mM 2DG,1h,yes,MN,2.982237107698748,2.8463824110967533,1.3585522186449461,1.322296535283538
20260930_MN_92,vLH92_MN_60x-1xzoom_0001_XY20_488.tif,6,10mM 2DG,1h,yes,MN,2.140157154464569,2.015828214510651,0.9749443607085579,0.9364597860718121
20260930_MN_92,vLH92_MN_60x-1xzoom_0001_XY20_488.tif,7,10mM 2DG,1h,yes,MN,2.5262159750111555,2.4666863168475226,1.1508126931852245,1.1459074359379606
20260930_MN_92,vLH92_MN_60x-1xzoom_0001_XY20_488.tif,8,10mM 2DG,1h,yes,MN,1.5784325376872934,1.5527918387682624,0.7190518220434741,0.7213546782804492
20260930_MN_92,vLH92_MN_60x-1xzoom_0001_XY20_488.tif,9,10mM 2DG,1h,yes,MN,1.7232125107680072,1.5826533981249982,0.7850060525559958,0.7352269662490784
20260930_MN_92,vLH92_MN_60x-1xzoom_0001_XY21_488.tif,1,10mM 2DG,1h,yes,MN,2.6054119648710183,2.534030857683418,1.1868902697984816,1.17719256919005
20260930_MN_92,vLH92_MN_60x-1xzoom_0001_XY21_488.tif,2,10mM 2DG,1h,yes,MN,1.970460170198123,1.828929508208392,0.8976392350103416,0.8496353626110068
20260930_MN_92,vLH92_MN_60x-1xzoom_0001_XY21_488.tif,3,10mM 2DG,1h,yes,MN,1.7190201391546085,1.6730418619175187,0.7830962259556682,0.777217231519302
20260930_MN_92,vLH92_MN_60x-1xzoom_0001_XY21_488.tif,4,10mM 2DG,1h,yes,MN,0.933557392129452,0.9567283287501002,0.4252802243777772,0.4444513672449282
20260930_MN_92,vLH92_MN_60x-1xzoom_0001_XY21_488.tif,5,10mM 2DG,1h,yes,MN,0.9403923746671676,0.8056788237955964,0.4283938871603379,0.3742808110052014
20260930_MN_92,vLH92_MN_60x-1xzoom_0001_XY21_488.tif,6,10mM 2DG,1h,yes,MN,1.806259293250521,2.000191349812842,0.8228378501356335,0.9291956279137228
20260930_MN_92,vLH92_MN_60x-1xzoom_0001_XY21_488.tif,7,10mM 2DG,1h,yes,MN,2.6027760927423595,2.553516360947356,1.185689503461288,1.1862446253556984
20260930_MN_92,vLH92_MN_60x-1xzoom_0001_XY21_488.tif,8,10mM 2DG,1h,yes,MN,2.2510863212461563,2.1804063709740973,1.0254779233332452,1.0129151229325801
20260930_MN_92,vLH92_MN_60x-1xzoom_0001_XY21_488.tif,9,10mM 2DG,1h,yes,MN,2.357698339820736,2.292660182457928,1.0740448176270647,1.0650630091121631
20260930_MN_92,vLH92_MN_60x-1xzoom_0001_XY21_488.tif,10,10mM 2DG,1h,yes,MN,1.5847844434110128,1.5077321599676434,0.7219454201384429,0.7004220527390731
20260930_MN_92,vLH92_MN_60x-1xzoom_0001_XY22_488.tif,1,10mM 2DG,1h,yes,MN,1.172444811310771,1.2055391654118284,0.5341049159146548,0.5600372793754181
20260930_MN_92,vLH92_MN_60x-1xzoom_0001_XY22_488.tif,2,10mM 2DG,1h,yes,MN,2.091586384832059,2.030386906627252,0.9528180426249977,0.9432230755261704
20260930_MN_92,vLH92_MN_60x-1xzoom_0001_XY22_488.tif,3,10mM 2DG,1h,yes,MN,2.62907183917706,2.494783423659193,1.197668478763944,1.1589600415343562
20260930_MN_92,vLH92_MN_60x-1xzoom_0001_XY22_488.tif,4,10mM 2DG,1h,yes,MN,2.693305536252027,2.705059519387644,1.2269300124789146,1.2566445099848003
20260930_MN_92,vLH92_MN_60x-1xzoom_0001_XY22_488.tif,5,10mM 2DG,1h,yes,MN,2.169894368233218,2.101779422561079,0.9884910896515464,0.9763887092430046
20260930_MN_92,vLH92_MN_60x-1xzoom_0001_XY22_488.tif,6,10mM 2DG,1h,yes,MN,2.4094530205130136,2.521363238700093,1.0976215600994332,1.1713077841286188
20260930_MN_92,vLH92_MN_60x-1xzoom_0001_XY22_488.tif,7,10mM 2DG,1h,yes,MN,2.1554118586481708,2.0841443198572853,0.9818936110414386,0.9681962628894555
20260930_MN_92,vLH92_MN_60x-1xzoom_0001_XY22_488.tif,8,10mM 2DG,1h,yes,MN,3.212616883895087,3.171187478432309,1.4635012702392964,1.473185823211246
20260930_MN_92,vLH92_MN_60x-1xzoom_0001_XY22_488.tif,9,10mM 2DG,1h,yes,MN,2.7685102055409456,2.681088884155284,1.261189350896764,1.2455088706579391
20260930_MN_92,vLH92_MN_60x-1xzoom_0001_XY23_488.tif,1,10mM 2DG,1h,yes,MN,2.16328232339982,1.992545538833288,0.9854789856994485,0.9256437406731741
20260930_MN_92,vLH92_MN_60x-1xzoom_0001_XY23_488.tif,2,10mM 2DG,1h,yes,MN,2.566208716222364,2.444397789049351,1.1690313073798908,1.1355532252847487
20260930_MN_92,vLH92_MN_60x-1xzoom_0001_XY23_488.tif,3,10mM 2DG,1h,yes,MN,1.528252163803126,1.601306976399418,0.6961922519251965,0.7438925488590418
20260930_MN_92,vLH92_MN_60x-1xzoom_0001_XY23_488.tif,4,10mM 2DG,1h,yes,MN,2.858230811800264,2.780471488249634,1.3020613957040341,1.2916773940963548
20260930_MN_92,vLH92_MN_60x-1xzoom_0001_XY23_488.tif,5,10mM 2DG,1h,yes,MN,1.343806440620208,1.2533869832822335,0.6121683673712668,0.5822651443117167
20260930_MN_92,vLH92_MN_60x-1xzoom_0001_XY23_488.tif,6,10mM 2DG,1h,yes,MN,1.3339223436410137,1.3447195473740303,0.6076656865328717,0.6246939945555638
20260930_MN_92,vLH92_MN_60x-1xzoom_0001_XY23_488.tif,7,10mM 2DG,1h,yes,MN,1.1419535862512422,1.169156733939026,0.520214698618757,0.5431356983039063
20260930_MN_92,vLH92_MN_60x-1xzoom_0001_XY23_488.tif,8,10mM 2DG,1h,yes,MN,2.5947047174673794,2.5618747328855367,1.182012604411567,1.1901275351893803
20260930_MN_92,vLH92_MN_60x-1xzoom_0001_XY24_488.tif,1,10mM 2DG,1h,yes,MN,2.914774288068859,2.884115336124293,1.3278196645339306,1.3398254926841722
20260930_MN_92,vLH92_MN_60x-1xzoom_0001_XY24_488.tif,2,10mM 2DG,1h,yes,MN,2.7032485734307743,2.507804262328314,1.2314595434086937,1.1650089159904171
20260930_MN_92,vLH92_MN_60x-1xzoom_0001_XY24_488.tif,3,10mM 2DG,1h,yes,MN,3.085030483511784,2.981432223196756,1.4053795377780531,1.385034380323031
20260930_MN_92,vLH92_MN_60x-1xzoom_0001_XY24_488.tif,4,10mM 2DG,1h,yes,MN,1.709710047201619,1.6094266374138186,0.7788550319721749,0.7476645647291377
20260930_MN_92,vLH92_MN_60x-1xzoom_0001_XY24_488.tif,5,10mM 2DG,1h,yes,MN,4.16041024248485,4.161293144192172,1.895266660994114,1.933142744774153
20260930_MN_92,vLH92_MN_60x-1xzoom_0001_XY24_488.tif,6,10mM 2DG,1h,yes,MN,2.733125204791204,2.6652154902014296,1.2450697837599947,1.2381348320373573
20260930_MN_92,vLH92_MN_60x-1xzoom_0001_XY24_488.tif,7,10mM 2DG,1h,yes,MN,2.6330023672871574,2.449146881450978,1.199459023073997,1.1377594321541877
20260930_MN_92,vLH92_MN_60x-1xzoom_0001_XY24_488.tif,8,10mM 2DG,1h,yes,MN,2.9924598721456586,2.854709603063726,1.3632091787787268,1.3261649603565857
20260930_MN_92,vLH92_MN_60x-1xzoom_0001_XY24_488.tif,9,10mM 2DG,1h,yes,MN,1.268066170901329,1.31797389633201,0.5776650372364103,0.6122692122884689
20260930_MN_92,vLH92_MN_60x-1xzoom_0001_XY24_488.tif,10,10mM 2DG,1h,yes,MN,2.5222798918893066,2.3622468496010427,1.14901961830055,1.0973897296914317
20260930_MN_92,vLH92_MN_60x-1xzoom_0001_XY24_488.tif,11,10mM 2DG,1h,yes,MN,1.111164679485991,1.0946775611030273,0.5061888730103227,0.5085361477277496
20260930_MN_92,vLH92_MN_60x-1xzoom_0001_XY24_488.tif,12,10mM 2DG,1h,yes,MN,4.541752956233932,4.335851963087415,2.068986580342738,2.0142346319810547
20260930_MN_92,vLH92_MN_60x-1xzoom_0001_XY24_488.tif,13,10mM 2DG,1h,yes,MN,1.9481799720388195,1.7211474500972477,0.8874895347859595,0.7995648445209305
20260930_MN_92,vLH92_MN_60x-1xzoom_0001_XY24_488.tif,14,10mM 2DG,1h,yes,MN,3.490473621204202,3.3187414796763908,1.5900783576084594,1.5417325314299402
20260930_MN_92,vLH92_MN_60x-1xzoom_0001_XY24_488.tif,15,10mM 2DG,1h,yes,MN,3.1165000358774435,2.884051167861863,1.4197154301441435,1.3397956831017508
20260930_MN_92,vLH92_MN_60x-1xzoom_0001_XY25_488.tif,1,10mM 2DG,1h,yes,MN,2.650139528227634,2.66050145034527,1.2072658228609279,1.2359449089459669
20260930_MN_92,vLH92_MN_60x-1xzoom_0001_XY25_488.tif,2,10mM 2DG,1h,yes,MN,2.663063937854796,2.630306023697198,1.2131535121155244,1.22191752180273
20260930_MN_92,vLH92_MN_60x-1xzoom_0001_XY25_488.tif,3,10mM 2DG,1h,yes,MN,3.794499175510549,3.769206415866296,1.728576597825974,1.7509975346383881
20260930_MN_92,vLH92_MN_60x-1xzoom_0001_XY25_488.tif,4,10mM 2DG,1h,yes,MN,1.8730826887329857,2.0231117412564408,0.8532791158404064,0.9398433729514444
20260930_MN_92,vLH92_MN_60x-1xzoom_0001_XY25_488.tif,5,10mM 2DG,1h,yes,MN,3.053612167300381,3.0364786467249703,1.3910669859407423,1.4106063817615382
20260930_MN_92,vLH92_MN_60x-1xzoom_0001_XY25_488.tif,6,10mM 2DG,1h,yes,MN,2.1648276466976584,2.1913970930734537,0.9861829546727344,1.018020899899015
20260930_MN_92,vLH92_MN_60x-1xzoom_0001_XY25_488.tif,7,10mM 2DG,1h,yes,MN,1.2915233672231288,1.3615913567872029,0.5883509166468378,0.6325318504402923
20260930_MN_92,vLH92_MN_60x-1xzoom_0001_XY25_488.tif,8,10mM 2DG,1h,yes,MN,2.083938646717098,1.9806700633967864,0.9493341306460091,0.9201269485642458
20260930_MN_92,vLH92_MN_60x-1xzoom_0001_XY25_488.tif,9,10mM 2DG,1h,yes,MN,2.410051307411757,2.2228024608641075,1.0978941085133658,1.0326103692749466
20260930_MN_92,vLH92_MN_60x-1xzoom_0001_XY25_488.tif,10,10mM 2DG,1h,yes,MN,2.70093410326087,2.6684562454217224,1.2304051910984115,1.2396403357893442
20260930_MN_92,vLH92_MN_60x-1xzoom_0001_XY25_488.tif,11,10mM 2DG,1h,yes,MN,1.1473722415795586,1.1917383082467192,0.5226831563411,0.5536260447000552
20260930_MN_92,vLH92_MN_60x-1xzoom_0001_XY25_488.tif,12,10mM 2DG,1h,yes,MN,1.474287172290617,1.274465639661285,0.6716086067283705,0.5920573051225027
20260930_MN_92,vLH92_MN_60x-1xzoom_0001_XY25_488.tif,13,10mM 2DG,1h,yes,MN,1.1047802082605354,1.1067615239617885,0.5032804397654186,0.5141497933708443
20260930_MN_92,vLH92_MN_60x-1xzoom_0002_XY01_488.tif,1,6mM 2DG,1h,yes,MN,2.1184250838140426,2.010206851240049,0.9650443588871723,0.933848362832507
20260930_MN_92,vLH92_MN_60x-1xzoom_0002_XY01_488.tif,2,6mM 2DG,1h,yes,MN,2.9730483401935857,2.7944990107375056,1.3543662937738066,1.2981939269107834
20260930_MN_92,vLH92_MN_60x-1xzoom_0002_XY01_488.tif,3,6mM 2DG,1h,yes,MN,2.465954441611133,2.3077081922989406,1.1233606707795611,1.0720536127633489
20260930_MN_92,vLH92_MN_60x-1xzoom_0002_XY01_488.tif,4,6mM 2DG,1h,yes,MN,1.7637564602161238,2.480456525485338,0.803475768573268,1.1523044327367495
20260930_MN_92,vLH92_MN_60x-1xzoom_0002_XY01_488.tif,5,6mM 2DG,1h,yes,MN,2.587017414618686,2.3090698330131327,1.1785106687963447,1.0726861675429378
20260930_MN_92,vLH92_MN_60x-1xzoom_0002_XY01_488.tif,6,6mM 2DG,1h,yes,MN,1.3994820689029737,1.3341165723656003,0.6375312897669208,0.6197683468060955
20260930_MN_92,vLH92_MN_60x-1xzoom_0002_XY01_488.tif,7,6mM 2DG,1h,yes,MN,3.4909139317574525,3.445823020837776,1.5902789402105157,1.6007686893689022
20260930_MN_92,vLH92_MN_60x-1xzoom_0002_XY01_488.tif,8,6mM 2DG,1h,yes,MN,0.9672076594033596,0.915990229341401,0.44060953710913114,0.4255263459645292
20260930_MN_92,vLH92_MN_60x-1xzoom_0002_XY01_488.tif,9,6mM 2DG,1h,yes,MN,1.380859231368858,1.34184844974025,0.6290476929448826,0.6233602164803453
20260930_MN_92,vLH92_MN_60x-1xzoom_0002_XY01_488.tif,10,6mM 2DG,1h,yes,MN,1.8682782857922755,1.8762934317086228,0.8510904795788843,0.8716384327879539
20260930_MN_92,vLH92_MN_60x-1xzoom_0002_XY01_488.tif,11,6mM 2DG,1h,yes,MN,2.8782125756935644,2.797300086672196,1.311164048742454,1.2994951761698668
20260930_MN_92,vLH92_MN_60x-1xzoom_0002_XY02_488.tif,1,6mM 2DG,1h,yes,MN,1.9928455312087243,2.139501521263365,0.9078368419637296,0.9939126372377806
20260930_MN_92,vLH92_MN_60x-1xzoom_0002_XY02_488.tif,2,6mM 2DG,1h,yes,MN,2.290801973335508,2.176624403121372,1.0435703101262437,1.0111581970294703
20260930_MN_92,vLH92_MN_60x-1xzoom_0002_XY02_488.tif,3,6mM 2DG,1h,yes,MN,1.2141598848749504,1.1894391825755073,0.5531081352077325,0.5525579781263675
20260930_MN_92,vLH92_MN_60x-1xzoom_0002_XY02_488.tif,4,6mM 2DG,1h,yes,MN,2.300278057243352,2.241812872010068,1.0478871214166114,1.0414417197971464
20260930_MN_92,vLH92_MN_60x-1xzoom_0002_XY02_488.tif,5,6mM 2DG,1h,yes,MN,4.024724637812922,3.743777365233593,1.8334553520310006,1.739184383525563
20260930_MN_92,vLH92_MN_60x-1xzoom_0002_XY02_488.tif,6,6mM 2DG,1h,yes,MN,2.8515044960700213,2.540301151008704,1.2989972358707877,1.180105455071762
20260930_MN_92,vLH92_MN_60x-1xzoom_0002_XY02_488.tif,7,6mM 2DG,1h,yes,MN,2.223469346407877,1.9234348707700653,1.0128970650433562,0.8935381470695661
20260930_MN_92,vLH92_MN_60x-1xzoom_0002_XY02_488.tif,8,6mM 2DG,1h,yes,MN,2.9924285374641086,2.834453221686591,1.3631949043264942,1.3167547901672447
20260930_MN_92,vLH92_MN_60x-1xzoom_0002_XY02_488.tif,9,6mM 2DG,1h,yes,MN,3.5583272081342643,3.4771128553124573,1.6209889249905367,1.6153044873537994
20260930_MN_92,vLH92_MN_60x-1xzoom_0002_XY02_488.tif,10,6mM 2DG,1h,yes,MN,2.214355608105353,2.338429093856335,1.008745319577149,1.0863251110454355
20260930_MN_92,vLH92_MN_60x-1xzoom_0002_XY02_488.tif,11,6mM 2DG,1h,yes,MN,3.604264203071577,3.593286644507952,1.6419154322185705,1.6692734123812598
20260930_MN_92,vLH92_MN_60x-1xzoom_0002_XY02_488.tif,12,6mM 2DG,1h,yes,MN,2.760371254584458,2.6687916076896907,1.257481667878927,1.2397961294603808
20260930_MN_92,vLH92_MN_60x-1xzoom_0002_XY02_488.tif,13,6mM 2DG,1h,yes,MN,7.640031307812722,7.455602627380101,3.480401158228194,3.463525309951911
20260930_MN_92,vLH92_MN_60x-1xzoom_0002_XY03_488.tif,1,6mM 2DG,1h,yes,MN,2.987424429818112,2.8953941195471877,1.3609152929812873,1.345065089508606
20260930_MN_92,vLH92_MN_60x-1xzoom_0002_XY03_488.tif,2,6mM 2DG,1h,yes,MN,1.1144499940184232,1.1427020928823528,0.5076854915506326,0.5308461057055842
20260930_MN_92,vLH92_MN_60x-1xzoom_0002_XY03_488.tif,3,6mM 2DG,1h,yes,MN,2.5480104085854665,2.427939100128996,1.1607411043132512,1.1279072859162893
20260930_MN_92,vLH92_MN_60x-1xzoom_0002_XY03_488.tif,4,6mM 2DG,1h,yes,MN,1.4747897596189623,1.673082000020117,0.6718375593922025,0.7772358778100434
20260930_MN_92,vLH92_MN_60x-1xzoom_0002_XY03_488.tif,5,6mM 2DG,1h,yes,MN,1.869423862860404,1.804891955942288,0.8516123449475088,0.8384686367507528
20260930_MN_92,vLH92_MN_60x-1xzoom_0002_XY03_488.tif,6,6mM 2DG,1h,yes,MN,2.542740538953082,2.441577603972648,1.1583404256205465,1.1342430988093866
20260930_MN_92,vLH92_MN_60x-1xzoom_0002_XY03_488.tif,7,6mM 2DG,1h,yes,MN,2.934985842450102,2.869526420886332,1.337026998174846,1.333048162976999
20260930_MN_92,vLH92_MN_60x-1xzoom_0002_XY03_488.tif,8,6mM 2DG,1h,yes,MN,2.510181206799925,2.5472331997016284,1.143508086226714,1.1833257616382078
20260930_MN_92,vLH92_MN_60x-1xzoom_0002_XY03_488.tif,9,6mM 2DG,1h,yes,MN,4.120201734983606,3.9725319769602487,1.8769497548925842,1.8454531088159702
20260930_MN_92,vLH92_MN_60x-1xzoom_0002_XY03_488.tif,10,6mM 2DG,1h,yes,MN,3.837679876935108,3.547799022983944,1.7482474809933581,1.6481419846064835
20260930_MN_92,vLH92_MN_60x-1xzoom_0002_XY03_488.tif,11,6mM 2DG,1h,yes,MN,2.9046009457199866,2.7573436277705285,1.3231852185392055,1.2809332686194628
20260930_MN_92,vLH92_MN_60x-1xzoom_0002_XY04_488.tif,1,6mM 2DG,1h,yes,MN,3.0560517755200363,3.062877459862284,1.3921783446421954,1.4228700393119014
20260930_MN_92,vLH92_MN_60x-1xzoom_0002_XY04_488.tif,2,6mM 2DG,1h,yes,MN,3.019102773529821,2.9479529024435265,1.3753462998322983,1.369481449113558
20260930_MN_92,vLH92_MN_60x-1xzoom_0002_XY04_488.tif,3,6mM 2DG,1h,yes,MN,3.204751632350392,3.207125429364483,1.4599182704474083,1.4898809193506621
20260930_MN_92,vLH92_MN_60x-1xzoom_0002_XY04_488.tif,4,6mM 2DG,1h,yes,MN,3.5530333295285925,3.3900442101583983,1.618577309057516,1.574856455012747
20260930_MN_92,vLH92_MN_60x-1xzoom_0002_XY04_488.tif,5,6mM 2DG,1h,yes,MN,3.1911217062574058,3.1611939541548697,1.4537091845615842,1.4685432978514021
20260930_MN_92,vLH92_MN_60x-1xzoom_0002_XY04_488.tif,6,6mM 2DG,1h,yes,MN,2.53726998329937,2.297365977992962,1.1558483248075746,1.067249102276409
20260930_MN_92,vLH92_MN_60x-1xzoom_0002_XY04_488.tif,7,6mM 2DG,1h,yes,MN,2.306679076224129,2.27677766543621,1.050803092958738,1.0576847323396803
20260930_MN_92,vLH92_MN_60x-1xzoom_0002_XY04_488.tif,8,6mM 2DG,1h,yes,MN,1.7701566075966588,1.8126349802831665,0.8063913430596273,0.8420656847857056
20260930_MN_92,vLH92_MN_60x-1xzoom_0002_XY05_488.tif,1,6mM 2DG,1h,yes,MN,3.486782603841001,3.446814846373816,1.5883969219456515,1.6012294452619962
20260930_MN_92,vLH92_MN_60x-1xzoom_0002_XY05_488.tif,2,6mM 2DG,1h,yes,MN,2.5071865469189683,2.4402621661580364,1.1421438748382706,1.1336320077424025
20260930_MN_92,vLH92_MN_60x-1xzoom_0002_XY05_488.tif,3,6mM 2DG,1h,yes,MN,3.252594039642404,3.1766184871387706,1.4817127845066986,1.4757088165966927
20260930_MN_92,vLH92_MN_60x-1xzoom_0002_XY05_488.tif,4,6mM 2DG,1h,yes,MN,2.9027703091687806,2.856483523760963,1.3223512756774012,1.3269890411907983
20260930_MN_92,vLH92_MN_60x-1xzoom_0002_XY05_488.tif,5,6mM 2DG,1h,yes,MN,1.6695999611769845,1.7473068856358052,0.7605829615797387,0.8117172984016019
20260930_MN_92,vLH92_MN_60x-1xzoom_0002_XY05_488.tif,6,6mM 2DG,1h,yes,MN,3.1214663621100307,2.8022121484513085,1.421977830241164,1.3017770910124744
20260930_MN_92,vLH92_MN_60x-1xzoom_0002_XY05_488.tif,7,6mM 2DG,1h,yes,MN,2.4209649053731264,2.388793198278285,1.1028657764889072,1.1097219253737474
20260930_MN_92,vLH92_MN_60x-1xzoom_0002_XY05_488.tif,8,6mM 2DG,1h,yes,MN,3.1209981442981034,2.9894475223456483,1.421764534542589,1.3887579145370292
20260930_MN_92,vLH92_MN_60x-1xzoom_0002_XY05_488.tif,9,6mM 2DG,1h,yes,MN,3.5710932422863912,3.504298830984592,1.6268044666105834,1.6279338239107644
20260930_MN_92,vLH92_MN_60x-1xzoom_0002_XY05_488.tif,10,6mM 2DG,1h,yes,MN,3.479612490109849,3.16205926865487,1.5851305908104623,1.4689452826166327
20260930_MN_92,vLH92_MN_60x-1xzoom_0002_XY05_488.tif,11,6mM 2DG,1h,yes,MN,3.953922946496304,3.7009584472788055,1.801201781523916,1.7192927109816798
20260930_MN_92,vLH92_MN_60x-1xzoom_0002_XY05_488.tif,12,6mM 2DG,1h,yes,MN,2.8539937461588853,2.952398054401673,1.3001312088276187,1.3715464594263505
20260930_MN_92,vLH92_MN_60x-1xzoom_0002_XY06_488.tif,1,6mM 2DG,1h,yes,MN,3.4790089334188834,3.4468793460335707,1.584855641753101,1.601259408796161
20260930_MN_92,vLH92_MN_60x-1xzoom_0002_XY06_488.tif,2,6mM 2DG,1h,yes,MN,2.241339113247383,2.2684905324400155,1.0210376019992564,1.0538349167964203
20260930_MN_92,vLH92_MN_60x-1xzoom_0002_XY06_488.tif,3,6mM 2DG,1h,yes,MN,3.1597140543015105,3.160471807609435,1.4394014908047872,1.4682078222416344
20260930_MN_92,vLH92_MN_60x-1xzoom_0002_XY06_488.tif,4,6mM 2DG,1h,yes,MN,2.8112421064043143,2.7229187515506164,1.2806557838557593,1.2649410764334468
20260930_MN_92,vLH92_MN_60x-1xzoom_0002_XY06_488.tif,5,6mM 2DG,1h,yes,MN,2.372424286943564,2.3632612600543563,1.080753193726242,1.0978609774839079
20260930_MN_92,vLH92_MN_60x-1xzoom_0002_XY06_488.tif,6,6mM 2DG,1h,yes,MN,2.105636217187468,2.1025825023702085,0.9592184159785301,0.9767617826729935
20260930_MN_92,vLH92_MN_60x-1xzoom_0002_XY06_488.tif,7,6mM 2DG,1h,yes,MN,3.641108990959066,3.545936152507648,1.6587000024999978,1.647276581852839
20260930_MN_92,vLH92_MN_60x-1xzoom_0002_XY06_488.tif,8,6mM 2DG,1h,yes,MN,1.5756847765994872,1.526761853466068,0.7178000849121411,0.7092623609430501
20260930_MN_92,vLH92_MN_60x-1xzoom_0002_XY06_488.tif,9,6mM 2DG,1h,yes,MN,2.24209014283004,2.115011923146741,1.0213797320408795,0.9825359119552416
20260930_MN_92,vLH92_MN_60x-1xzoom_0002_XY06_488.tif,10,6mM 2DG,1h,yes,MN,3.338646320308136,3.2310834914785294,1.520913730841948,1.5010107177930663
20260930_MN_92,vLH92_MN_60x-1xzoom_0002_XY06_488.tif,11,6mM 2DG,1h,yes,MN,2.418300427701214,2.467994137250955,1.1016519789530366,1.1465149883109271
20260930_MN_92,vLH92_MN_60x-1xzoom_0002_XY06_488.tif,12,6mM 2DG,1h,yes,MN,3.2423148047427386,3.119736835960548,1.4770300993698053,1.44928425397259
20260930_MN_92,vLH92_MN_60x-1xzoom_0002_XY06_488.tif,13,6mM 2DG,1h,yes,MN,3.305437665782493,3.2894069292714976,1.5057855939250147,1.52810506724478
20260930_MN_92,vLH92_MN_60x-1xzoom_0002_XY06_488.tif,14,6mM 2DG,1h,yes,MN,3.2884028130598706,3.292401692941636,1.498025400444468,1.5294962947936783
20260930_MN_92,vLH92_MN_60x-1xzoom_0002_XY06_488.tif,15,6mM 2DG,1h,yes,MN,2.68273717872794,2.504746392571642,1.2221156181020503,1.1635883722964877
20260930_MN_92,vLH92_MN_60x-1xzoom_0002_XY07_488.tif,1,6mM 2DG,1h,yes,MN,3.497757549828128,3.3329678040149946,1.593396536893044,1.5483414183136626
20260930_MN_92,vLH92_MN_60x-1xzoom_0002_XY07_488.tif,2,6mM 2DG,1h,yes,MN,1.727905927231546,1.610873659511052,0.7871441291472583,0.7483367837177707
20260930_MN_92,vLH92_MN_60x-1xzoom_0002_XY07_488.tif,3,6mM 2DG,1h,yes,MN,2.896338001514005,2.734535944416132,1.3194210506416912,1.270337882504165
20260930_MN_92,vLH92_MN_60x-1xzoom_0002_XY08_488.tif,1,6mM 2DG,1h,yes,MN,2.9904040069307025,2.916835097723161,1.3622726334444195,1.3550255681304
20260930_MN_92,vLH92_MN_60x-1xzoom_0002_XY08_488.tif,2,6mM 2DG,1h,yes,MN,2.5613840075898104,2.6130087001839493,1.1668334209005928,1.2138819919097408
20260930_MN_92,vLH92_MN_60x-1xzoom_0002_XY08_488.tif,3,6mM 2DG,1h,yes,MN,2.989005147565348,2.6701240278004783,1.361635385826023,1.2404151097102474
20260930_MN_92,vLH92_MN_60x-1xzoom_0002_XY08_488.tif,4,6mM 2DG,1h,yes,MN,3.310366242572762,3.358957705681193,1.5080307973382163,1.5604151146629637
20260930_MN_92,vLH92_MN_60x-1xzoom_0002_XY08_488.tif,5,6mM 2DG,1h,yes,MN,1.337467781961731,1.355483168515862,0.6092808039506803,0.629694271007337
20260930_MN_92,vLH92_MN_60x-1xzoom_0002_XY08_488.tif,6,6mM 2DG,1h,yes,MN,3.5578403772813125,3.4496963667814047,1.6207671501579204,1.6025680652718897
20260930_MN_92,vLH92_MN_60x-1xzoom_0002_XY08_488.tif,7,6mM 2DG,1h,yes,MN,1.219524663998078,1.391448638315588,0.5555520497313127,0.6464021511293541
20260930_MN_92,vLH92_MN_60x-1xzoom_0002_XY08_488.tif,8,6mM 2DG,1h,yes,MN,1.6324059653090397,1.668816373909256,0.7436393102931853,0.7752542668342248
20260930_MN_92,vLH92_MN_60x-1xzoom_0002_XY08_488.tif,9,6mM 2DG,1h,yes,MN,1.4196682298075822,1.5021853229863948,0.6467270554597572,0.697845250938481
20260930_MN_92,vLH92_MN_60x-1xzoom_0002_XY08_488.tif,10,6mM 2DG,1h,yes,MN,3.753513021182621,3.501046678839623,1.7099054362499255,1.626423025679036
20260930_MN_92,vLH92_MN_60x-1xzoom_0002_XY09_488.tif,1,6mM 2DG,1h,yes,MN,4.184820167942335,4.186904361516964,1.9063865542787946,1.9450405220372993
20260930_MN_92,vLH92_MN_60x-1xzoom_0002_XY09_488.tif,2,6mM 2DG,1h,yes,MN,2.105166461408007,2.055447202905525,0.9590044196618855,0.9548649205617329
20260930_MN_92,vLH92_MN_60x-1xzoom_0002_XY09_488.tif,3,6mM 2DG,1h,yes,MN,1.5813547104694086,1.5110944182564838,0.7203830120773442,0.7019840011507585
20260930_MN_92,vLH92_MN_60x-1xzoom_0002_XY09_488.tif,4,6mM 2DG,1h,yes,MN,1.2490989075343182,1.2580307382831832,0.5690245379071133,0.5844224163369101
20260930_MN_92,vLH92_MN_60x-1xzoom_0002_XY09_488.tif,5,6mM 2DG,1h,yes,MN,1.1647219287004351,1.1517331821470398,0.530586772009356,0.5350415286389105
20260930_MN_92,vLH92_MN_60x-1xzoom_0002_XY09_488.tif,6,6mM 2DG,1h,yes,MN,2.145283394760434,1.9110349070667283,0.9772796093409608,0.8877777021698781
20260930_MN_92,vLH92_MN_60x-1xzoom_0002_XY09_488.tif,7,6mM 2DG,1h,yes,MN,1.1642050770513348,1.1521562631941582,0.530351321262404,0.5352380723642258
20260930_MN_92,vLH92_MN_60x-1xzoom_0002_XY09_488.tif,8,6mM 2DG,1h,yes,MN,2.146131051533376,2.0787768205092627,0.9776657577080897,0.965702772990362
20260930_MN_92,vLH92_MN_60x-1xzoom_0002_XY09_488.tif,9,6mM 2DG,1h,yes,MN,2.5813731832195552,2.379674782610711,1.1759394503408973,1.105485934665857
20260930_MN_92,vLH92_MN_60x-1xzoom_0002_XY09_488.tif,10,6mM 2DG,1h,yes,MN,1.2073284842093293,1.3024599641414836,0.5499961041399232,0.6050621628406567
20260930_MN_92,vLH92_MN_60x-1xzoom_0002_XY09_488.tif,11,6mM 2DG,1h,yes,MN,2.9124034951978874,2.750028994400324,1.3267396545285253,1.277535231052696
20260930_MN_92,vLH92_MN_60x-1xzoom_0002_XY09_488.tif,12,6mM 2DG,1h,yes,MN,1.1106143723093316,1.1332681225226326,0.5059381816639313,0.5264635230027144
20260930_MN_92,vLH92_MN_60x-1xzoom_0002_XY09_488.tif,13,6mM 2DG,1h,yes,MN,2.101613938697204,1.9930122873740783,0.957386074964179,0.9258605702797406
20260930_MN_92,vLH92_MN_60x-1xzoom_0002_XY09_488.tif,14,6mM 2DG,1h,yes,MN,2.008829667003881,1.9450961657895656,0.915118383425196,0.9036009746230161
20260930_MN_92,vLH92_MN_60x-1xzoom_0002_XY09_488.tif,15,6mM 2DG,1h,yes,MN,2.847335625268586,2.7842186627686485,1.2970981150188898,1.2934181566391105
20260930_MN_92,vLH92_MN_60x-1xzoom_0002_XY09_488.tif,16,6mM 2DG,1h,yes,MN,4.428003666187323,4.332076491718467,2.0171683161399447,2.0124807240413625
20260930_MN_92,vLH92_MN_60x-1xzoom_0002_XY09_488.tif,17,6mM 2DG,1h,yes,MN,2.7638332591603616,2.5036626708275933,1.2590587772192308,1.16308492571047
20260930_MN_92,vLH92_MN_60x-1xzoom_0002_XY10_488.tif,1,6mM 2DG,1h,yes,MN,3.71969781913999,3.6929513728592887,1.6945009878107493,1.7155729975934126
20260930_MN_92,vLH92_MN_60x-1xzoom_0002_XY10_488.tif,2,6mM 2DG,1h,yes,MN,5.900143431760782,5.879747374667328,2.6877986759836534,2.731456445049263
20260930_MN_92,vLH92_MN_60x-1xzoom_0002_XY10_488.tif,3,6mM 2DG,1h,yes,MN,2.5314925061184863,2.516016668559481,1.1532164064996715,1.1688240169633146
20260930_MN_92,vLH92_MN_60x-1xzoom_0002_XY10_488.tif,4,6mM 2DG,1h,yes,MN,3.021999058051382,2.931074476446688,1.376665696520253,1.3616405194726038
20260930_MN_92,vLH92_MN_60x-1xzoom_0002_XY10_488.tif,5,6mM 2DG,1h,yes,MN,1.654302067369343,1.640222830540322,0.7536140362990109,0.7619710399632251
20260930_MN_92,vLH92_MN_60x-1xzoom_0002_XY10_488.tif,6,6mM 2DG,1h,yes,MN,2.3115953142142582,2.2188755325407614,1.0530426754559292,1.0307861014970037
20260930_MN_92,vLH92_MN_60x-1xzoom_0002_XY10_488.tif,7,6mM 2DG,1h,yes,MN,4.092659532757648,4.022445577321737,1.8644029591184155,1.8686406399657616
20260930_MN_92,vLH92_MN_60x-1xzoom_0002_XY10_488.tif,8,6mM 2DG,1h,yes,MN,3.2526691551205915,3.18257551640492,1.4817470032142865,1.4784761746047044
20260930_MN_92,vLH92_MN_60x-1xzoom_0002_XY10_488.tif,9,6mM 2DG,1h,yes,MN,2.260799209186437,2.277814987923131,1.029902610232437,1.0581666239945329
20260930_MN_92,vLH92_MN_60x-1xzoom_0002_XY10_488.tif,10,6mM 2DG,1h,yes,MN,2.3225521105037537,2.3270919362573768,1.058034022344447,1.0810583963009155
20260930_MN_92,vLH92_MN_60x-1xzoom_0002_XY10_488.tif,11,6mM 2DG,1h,yes,MN,2.261912095079354,2.303686888997847,1.0304095832008229,1.0701855027716518
20260930_MN_92,vLH92_MN_60x-1xzoom_0002_XY10_488.tif,12,6mM 2DG,1h,yes,MN,2.674642243264409,2.638666122044936,1.2184279862550125,1.2258012336457864
20260930_MN_92,vLH92_MN_60x-1xzoom_0002_XY11_488.tif,1,6mM 2DG,1h,yes,MN,2.204744527574581,2.152678871807052,1.0043670108420897,1.000034219812281
20260930_MN_92,vLH92_MN_60x-1xzoom_0002_XY11_488.tif,2,6mM 2DG,1h,yes,MN,2.1239226890438303,1.9729596704430612,0.9675487820810496,0.9165450595500929
20260930_MN_92,vLH92_MN_60x-1xzoom_0002_XY11_488.tif,3,6mM 2DG,1h,yes,MN,1.2030758637483887,0.9343034373696733,0.5480588312962076,0.43403380843032646
20260930_MN_92,vLH92_MN_60x-1xzoom_0002_XY11_488.tif,4,6mM 2DG,1h,yes,MN,1.961048539406388,2.047866895234907,0.8933517852095961,0.9513434631039561
20260930_MN_92,vLH92_MN_60x-1xzoom_0002_XY11_488.tif,5,6mM 2DG,1h,yes,MN,2.589315663845447,2.3760691123983766,1.179557631688046,1.1038109084253358
20260930_MN_92,vLH92_MN_60x-1xzoom_0002_XY11_488.tif,6,6mM 2DG,1h,yes,MN,2.778401459928849,2.7294517034568773,1.2656952922785467,1.2679759812435474
20260930_MN_92,vLH92_MN_60x-1xzoom_0002_XY12_488.tif,1,6mM 2DG,1h,yes,MN,2.213349225268176,2.4630126662059912,1.008286863865253,1.1442008291601078
20260930_MN_92,vLH92_MN_60x-1xzoom_0002_XY12_488.tif,2,6mM 2DG,1h,yes,MN,3.2109039699570814,3.1627023509641083,1.4627209556812024,1.4692440286691986
20260930_MN_92,vLH92_MN_60x-1xzoom_0002_XY12_488.tif,3,6mM 2DG,1h,yes,MN,2.975737453709616,3.0656222857565734,1.355591314119761,1.4241451574252741
20260930_MN_92,vLH92_MN_60x-1xzoom_0002_XY12_488.tif,4,6mM 2DG,1h,yes,MN,3.2115037400051585,3.142541426948665,1.4629941797408819,1.459878203518718
20260930_MN_92,vLH92_MN_60x-1xzoom_0002_XY12_488.tif,5,6mM 2DG,1h,yes,MN,3.054441641216306,2.955665692054178,1.3914448511433042,1.3730644515027577
20260930_MN_92,vLH92_MN_60x-1xzoom_0002_XY12_488.tif,6,6mM 2DG,1h,yes,MN,2.8592796693564257,3.052324243485906,1.3025392006901928,1.4179675071025328
20260930_MN_92,vLH92_MN_60x-1xzoom_0002_XY13_488.tif,1,6mM 2DG,1h,yes,MN,3.193369593053744,3.1888130328573205,1.4547332049476709,1.4813738338797295
20260930_MN_92,vLH92_MN_60x-1xzoom_0002_XY13_488.tif,2,6mM 2DG,1h,yes,MN,1.1069578241019356,1.1632228820495032,0.5042724483569062,0.5403791074242645
20260930_MN_92,vLH92_MN_60x-1xzoom_0002_XY13_488.tif,3,6mM 2DG,1h,yes,MN,2.682303846767373,2.67512197627447,1.2219182145840946,1.2427369235062153
20260930_MN_92,vLH92_MN_60x-1xzoom_0002_XY13_488.tif,4,6mM 2DG,1h,yes,MN,2.5975845258146992,2.5893915981377056,1.183324495410919,1.202910587615139
20260930_MN_92,vLH92_MN_60x-1xzoom_0002_XY13_488.tif,5,6mM 2DG,1h,yes,MN,2.0985974215487646,2.110580321778712,0.956011906540745,0.9804771966147247
20260930_MN_92,vLH92_MN_60x-1xzoom_0002_XY13_488.tif,6,6mM 2DG,1h,yes,MN,2.9713410792515864,2.9329226069635883,1.3535885544268675,1.3624990747284689
20260930_MN_92,vLH92_MN_60x-1xzoom_0002_XY13_488.tif,7,6mM 2DG,1h,yes,MN,2.950398249513948,2.861557035363981,1.3440480897430493,1.329345958092841
20260930_MN_92,vLH92_MN_60x-1xzoom_0002_XY14_488.tif,1,6mM 2DG,1h,yes,MN,1.8113011508951409,1.6458198240059736,0.8251346584180829,0.7645711421275665
20260930_MN_92,vLH92_MN_60x-1xzoom_0002_XY14_488.tif,2,6mM 2DG,1h,yes,MN,3.700275556760175,3.243409736586606,1.6856532145806848,1.5067369164710527
20260930_MN_92,vLH92_MN_60x-1xzoom_0002_XY14_488.tif,3,6mM 2DG,1h,yes,MN,2.219480618383977,2.0767521358332397,1.0110800078776292,0.9647621989052674
20260930_MN_92,vLH92_MN_60x-1xzoom_0002_XY14_488.tif,4,6mM 2DG,1h,yes,MN,1.8538038823865255,1.6930051567225757,0.8444966937227296,0.7864912473545107
20260930_MN_92,vLH92_MN_60x-1xzoom_0002_XY14_488.tif,5,6mM 2DG,1h,yes,MN,2.588933316135689,2.4342625396352755,1.1793834539447523,1.1308448610353705
20260930_MN_92,vLH92_MN_60x-1xzoom_0002_XY14_488.tif,6,6mM 2DG,1h,yes,MN,2.122917129526772,2.0685677919352066,0.9670907014310058,0.9609601343837373
20260930_MN_92,vLH92_MN_60x-1xzoom_0002_XY14_488.tif,7,6mM 2DG,1h,yes,MN,2.806457304163726,2.807375378201643,1.278476076654428,1.304175686782011
20260930_MN_92,vLH92_MN_60x-1xzoom_0002_XY14_488.tif,8,6mM 2DG,1h,yes,MN,1.7197044104578831,1.7612212294380756,0.7834079443950971,0.8181812536764649
20260930_MN_92,vLH92_MN_60x-1xzoom_0002_XY14_488.tif,9,6mM 2DG,1h,yes,MN,1.6315027227435983,1.399704456726382,0.743227839928174,0.6502374193765033
20260930_MN_92,vLH92_MN_60x-1xzoom_0002_XY15_488.tif,1,6mM 2DG,1h,yes,MN,3.6357661793364375,3.226571277959366,1.656266095227841,1.4989145538062498
20260930_MN_92,vLH92_MN_60x-1xzoom_0002_XY15_488.tif,2,6mM 2DG,1h,yes,MN,3.209832188092918,3.23358253748896,1.4622327075718542,1.5021716580336413
20260930_MN_92,vLH92_MN_60x-1xzoom_0002_XY15_488.tif,3,6mM 2DG,1h,yes,MN,2.965527526082522,2.8869291542315367,1.3509402017738696,1.3411326613624288
20260930_MN_92,vLH92_MN_60x-1xzoom_0002_XY15_488.tif,4,6mM 2DG,1h,yes,MN,2.3446147834880944,2.5304263317024493,1.0680846294054138,1.1755180745060634
20260930_MN_92,vLH92_MN_60x-1xzoom_0002_XY15_488.tif,5,6mM 2DG,1h,yes,MN,2.9230841865296155,2.759834770678357,1.331605222349381,1.282090537447107
20260930_MN_92,vLH92_MN_60x-1xzoom_0002_XY15_488.tif,6,6mM 2DG,1h,yes,MN,1.6852039045304914,1.600477143124586,0.7676913071260374,0.7435070470164589
20260930_MN_92,vLH92_MN_60x-1xzoom_0002_XY15_488.tif,7,6mM 2DG,1h,yes,MN,1.582485375448172,1.6596219028939905,0.7208980842731391,0.7709829443584209
20260930_MN_92,vLH92_MN_60x-1xzoom_0002_XY15_488.tif,8,6mM 2DG,1h,yes,MN,3.6099399036812425,3.3986324322780423,1.6445009864106632,1.5788461425223304
20260930_MN_92,vLH92_MN_60x-1xzoom_0002_XY15_488.tif,9,6mM 2DG,1h,yes,MN,2.901011102845965,2.686050370087065,1.3215498727149253,1.2478137456571223
20260930_MN_92,vLH92_MN_60x-1xzoom_0002_XY15_488.tif,10,6mM 2DG,1h,yes,MN,1.4174081089054302,1.417919876266625,0.6456974618509532,0.6586994538708488
20260930_MN_92,vLH92_MN_60x-1xzoom_0002_XY15_488.tif,11,6mM 2DG,1h,yes,MN,1.3932007224385992,1.4847049595933643,0.6346698348030535,0.6897246892528869
20260930_MN_92,vLH92_MN_60x-1xzoom_0002_XY15_488.tif,12,6mM 2DG,1h,yes,MN,4.162511880247109,3.956784703033642,1.896224057921855,1.8381376596788006
20260930_MN_92,vLH92_MN_60x-1xzoom_0002_XY16_488.tif,1,6mM 2DG,1h,yes,MN,3.178591273676073,3.111796132138521,1.4480009707713377,1.4455953732689135
20260930_MN_92,vLH92_MN_60x-1xzoom_0002_XY16_488.tif,2,6mM 2DG,1h,yes,MN,3.3936192939614345,3.340176989629207,1.5459565603102692,1.5516904697702503
20260930_MN_92,vLH92_MN_60x-1xzoom_0002_XY16_488.tif,3,6mM 2DG,1h,yes,MN,2.691632190467133,2.581921533604416,1.226167723114746,1.1994403439780912
20260930_MN_92,vLH92_MN_60x-1xzoom_0002_XY16_488.tif,4,6mM 2DG,1h,yes,MN,2.4631429446656825,2.3537961305618667,1.1220798989042817,1.0934639197009703
20260930_MN_92,vLH92_MN_60x-1xzoom_0002_XY16_488.tif,5,6mM 2DG,1h,yes,MN,3.281630986528132,3.288754983958764,1.4949405082555731,1.5278022038540913
20260930_MN_92,vLH92_MN_60x-1xzoom_0002_XY16_488.tif,6,6mM 2DG,1h,yes,MN,2.0187003812699094,1.9634195860468544,0.9196149677950656,0.9121131812141964
20260930_MN_92,vLH92_MN_60x-1xzoom_0002_XY16_488.tif,7,6mM 2DG,1h,yes,MN,3.672650599008493,3.675899350577797,1.6730687196903773,1.7076514232137754
20260930_MN_92,vLH92_MN_60x-1xzoom_0002_XY16_488.tif,8,6mM 2DG,1h,yes,MN,2.339010016802058,2.301764148170613,1.0655313890219964,1.0692922870448445
20260930_MN_92,vLH92_MN_60x-1xzoom_0002_XY17_488.tif,1,6mM 2DG,1h,yes,MN,2.4533527967866706,2.2873902115511147,1.1176200163927408,1.0626148263788953
20260930_MN_92,vLH92_MN_60x-1xzoom_0002_XY17_488.tif,2,6mM 2DG,1h,yes,MN,1.2170671338500871,1.3466886371540134,0.5544325267308374,0.6256087418444675
20260930_MN_92,vLH92_MN_60x-1xzoom_0002_XY17_488.tif,3,6mM 2DG,1h,yes,MN,3.1330005598059336,2.978755617565853,1.4272322111988707,1.3837909541627704
20260930_MN_92,vLH92_MN_60x-1xzoom_0002_XY17_488.tif,4,6mM 2DG,1h,yes,MN,1.2109613415802882,1.2016272012452558,0.5516510451332453,0.5582199632469015
20260930_MN_92,vLH92_MN_60x-1xzoom_0002_XY17_488.tif,5,6mM 2DG,1h,yes,MN,1.5665138306536757,1.3970065923982553,0.7136222786171315,0.648984117416851
20260930_MN_92,vLH92_MN_60x-1xzoom_0002_XY17_488.tif,6,6mM 2DG,1h,yes,MN,2.635146717089161,2.471287608406897,1.2004358773870034,1.1480449814283593
20260930_MN_92,vLH92_MN_60x-1xzoom_0002_XY17_488.tif,7,6mM 2DG,1h,yes,MN,1.9471893854134048,1.83553021195606,0.8870382750071032,0.8527017417672114
20260930_MN_92,vLH92_MN_60x-1xzoom_0002_XY17_488.tif,8,6mM 2DG,1h,yes,MN,2.315076410263303,2.2360903919083857,1.0546284818790794,1.038783322393416
20260930_MN_92,vLH92_MN_60x-1xzoom_0002_XY17_488.tif,9,6mM 2DG,1h,yes,MN,1.193611492653573,1.1680221820740695,0.5437473557546593,0.5426086384140324
20260930_MN_92,vLH92_MN_60x-1xzoom_0002_XY17_488.tif,10,6mM 2DG,1h,yes,MN,1.8780505133032572,1.7330737009686714,0.8555421985021969,0.8051052245291562
20260930_MN_92,vLH92_MN_60x-1xzoom_0002_XY17_488.tif,11,6mM 2DG,1h,yes,MN,1.0414862476268856,1.0785209091115775,0.4744470011284673,0.5010305206318303
20260930_MN_92,vLH92_MN_60x-1xzoom_0002_XY18_488.tif,1,6mM 2DG,1h,yes,MN,2.9380618319704648,2.866432284498549,1.3384282591197352,1.3316107714974459
20260930_MN_92,vLH92_MN_60x-1xzoom_0002_XY18_488.tif,2,6mM 2DG,1h,yes,MN,1.0860564375815571,1.0753434863659763,0.49475086304877924,0.4995544381942562
20260930_MN_92,vLH92_MN_60x-1xzoom_0002_XY18_488.tif,3,6mM 2DG,1h,yes,MN,1.2197963315745903,1.2404405371246865,0.5556758073587167,0.5762508291474506
20260930_MN_92,vLH92_MN_60x-1xzoom_0002_XY18_488.tif,4,6mM 2DG,1h,yes,MN,1.09726776732015,1.083984757988772,0.4998581621468307,0.5035687700291919
20260930_MN_92,vLH92_MN_60x-1xzoom_0002_XY18_488.tif,5,6mM 2DG,1h,yes,MN,2.8526923285906127,2.7377818920805588,1.2995383506272442,1.2718457984235614
20260930_MN_92,vLH92_MN_60x-1xzoom_0002_XY18_488.tif,6,6mM 2DG,1h,yes,MN,1.2329615761646875,1.3041865120370102,0.5616732085045569,0.6058642364802899
20260930_MN_92,vLH92_MN_60x-1xzoom_0002_XY18_488.tif,7,6mM 2DG,1h,yes,MN,2.094309105645193,2.042660584089079,0.9540583727087073,0.9489248537270509
20260930_MN_92,vLH92_MN_60x-1xzoom_0002_XY18_488.tif,8,6mM 2DG,1h,yes,MN,1.993421709784672,1.8798238100795637,0.9080993189749199,0.8732784819499836
20260930_MN_92,vLH92_MN_60x-1xzoom_0002_XY18_488.tif,9,6mM 2DG,1h,yes,MN,2.4583139151815128,2.391272570012745,1.1198800440695722,1.1108737258631596
20260930_MN_92,vLH92_MN_60x-1xzoom_0002_XY19_488.tif,1,6mM 2DG,1h,yes,MN,1.8400118609572331,1.7546014883740837,0.8382137656269075,0.8151060306708471
20260930_MN_92,vLH92_MN_60x-1xzoom_0002_XY19_488.tif,2,6mM 2DG,1h,yes,MN,1.096139019038017,1.096613500188068,0.49934396309839657,0.5094354947496709
20260930_MN_92,vLH92_MN_60x-1xzoom_0002_XY19_488.tif,3,6mM 2DG,1h,yes,MN,1.138869752149139,1.158005829646004,0.5188098640901645,0.5379555081599333
20260930_MN_92,vLH92_MN_60x-1xzoom_0002_XY19_488.tif,4,6mM 2DG,1h,yes,MN,1.050483458761733,1.0886556242111196,0.4785456628738093,0.5057386366635923
20260930_MN_92,vLH92_MN_60x-1xzoom_0002_XY19_488.tif,5,6mM 2DG,1h,yes,MN,1.5283247745744208,1.506308220545755,0.6962253296185112,0.6997605568850106
20260930_MN_92,vLH92_MN_60x-1xzoom_0002_XY19_488.tif,6,6mM 2DG,1h,yes,MN,2.999287207215394,2.7232094578638084,1.366319357772368,1.2650761250302975
20260930_MN_92,vLH92_MN_60x-1xzoom_0002_XY19_488.tif,7,6mM 2DG,1h,yes,MN,2.6255212142206488,2.214511886035912,1.1960509985844987,1.0287589548170393
20260930_MN_92,vLH92_MN_60x-1xzoom_0002_XY19_488.tif,8,6mM 2DG,1h,yes,MN,4.530316926526037,4.012700125820987,2.063776919617894,1.8641133576498021
20260930_MN_92,vLH92_MN_60x-1xzoom_0002_XY19_488.tif,9,6mM 2DG,1h,yes,MN,2.3218168341294683,2.561302108902759,1.0576990686457541,1.1898615207896652
20260930_MN_92,vLH92_MN_60x-1xzoom_0002_XY19_488.tif,10,6mM 2DG,1h,yes,MN,3.02761051398508,3.0275439997042124,1.3792219841772182,1.406455761397433
20260930_MN_92,vLH92_MN_60x-1xzoom_0002_XY20_488.tif,1,6mM 2DG,1h,yes,MN,4.066807245836076,4.003095275698984,1.8526260009202629,1.859651392177865
20260930_MN_92,vLH92_MN_60x-1xzoom_0002_XY20_488.tif,2,6mM 2DG,1h,yes,MN,3.662123787751487,3.5078522842502524,1.668273251633346,1.6295845925928487
20260930_MN_92,vLH92_MN_60x-1xzoom_0002_XY20_488.tif,3,6mM 2DG,1h,yes,MN,1.884117909883488,1.9193318160647743,0.858306189019313,0.8916320591877223
20260930_MN_92,vLH92_MN_60x-1xzoom_0002_XY20_488.tif,4,6mM 2DG,1h,yes,MN,2.8792885781273845,2.780729134842088,1.3116542195239658,1.2917970846885962
20260930_MN_92,vLH92_MN_60x-1xzoom_0002_XY20_488.tif,5,6mM 2DG,1h,yes,MN,2.9365406922717048,2.8277196402779903,1.3377353069371993,1.3136266822461409
20260930_MN_92,vLH92_MN_60x-1xzoom_0002_XY20_488.tif,6,6mM 2DG,1h,yes,MN,3.727908033932521,3.4944114108861286,1.6982411349282103,1.6233405896046076
20260930_MN_92,vLH92_MN_60x-1xzoom_0002_XY21_488.tif,1,6mM 2DG,1h,yes,MN,2.592973532201052,2.407453774126272,1.1812239663859778,1.1183907587300779
20260930_MN_92,vLH92_MN_60x-1xzoom_0002_XY21_488.tif,2,6mM 2DG,1h,yes,MN,2.0596791218070507,2.124798760573425,0.938282752033378,0.9870824202424753
20260930_MN_92,vLH92_MN_60x-1xzoom_0002_XY21_488.tif,3,6mM 2DG,1h,yes,MN,3.255397198153697,3.2419871174555808,1.4829897578247824,1.5060760339625572
20260930_MN_92,vLH92_MN_60x-1xzoom_0002_XY21_488.tif,4,6mM 2DG,1h,yes,MN,3.8560617389446703,3.57022986541155,1.7566213018915853,1.6585623080000944
20260930_MN_92,vLH92_MN_60x-1xzoom_0002_XY21_488.tif,5,6mM 2DG,1h,yes,MN,3.261545876257606,3.2090478964159117,1.4857907759793199,1.4907740078939973
20260930_MN_92,vLH92_MN_60x-1xzoom_0002_XY22_488.tif,1,6mM 2DG,1h,yes,MN,1.9514654274277567,2.0347809415495828,0.8889862174931717,0.9452643392478198
20260930_MN_92,vLH92_MN_60x-1xzoom_0002_XY22_488.tif,2,6mM 2DG,1h,yes,MN,2.534113752538886,2.500147604756036,1.154410510124382,1.1614519899286886
20260930_MN_92,vLH92_MN_60x-1xzoom_0002_XY22_488.tif,3,6mM 2DG,1h,yes,MN,2.715650562251573,2.541887159631596,1.2371092448977572,1.1808422407189765
20260930_MN_92,vLH92_MN_60x-1xzoom_0002_XY22_488.tif,4,6mM 2DG,1h,yes,MN,3.880078745367919,3.4561922994424243,1.767562201687005,1.6055857726669378
20260930_MN_92,vLH92_MN_60x-1xzoom_0002_XY22_488.tif,5,6mM 2DG,1h,yes,MN,3.5463569511653947,3.262065731782276,1.6155358980931025,1.5154036218699225
20260930_MN_92,vLH92_MN_60x-1xzoom_0002_XY23_488.tif,1,6mM 2DG,1h,yes,MN,1.1068905331989478,1.1221868932301975,0.5042417941190817,0.5213157006149195
20260930_MN_92,vLH92_MN_60x-1xzoom_0002_XY23_488.tif,2,6mM 2DG,1h,yes,MN,2.6995697863036887,2.5280508282871548,1.2297836792057695,1.1744145263941328
20260930_MN_92,vLH92_MN_60x-1xzoom_0002_XY23_488.tif,3,6mM 2DG,1h,yes,MN,1.3300887532760213,1.4770653281208397,0.605919302020959,0.6861756727231403
20260930_MN_92,vLH92_MN_60x-1xzoom_0002_XY23_488.tif,4,6mM 2DG,1h,yes,MN,1.23246125258668,1.259603255560774,0.561445287087716,0.5851529345342279
20260930_MN_92,vLH92_MN_60x-1xzoom_0002_XY23_488.tif,5,6mM 2DG,1h,yes,MN,1.276456594796662,1.3299720249958915,0.5814872782543863,0.617842983367255
20260930_MN_92,vLH92_MN_60x-1xzoom_0002_XY23_488.tif,6,6mM 2DG,1h,yes,MN,2.020497169143666,1.9096988743983376,0.9204334909587754,0.8871570436942104
20260930_MN_92,vLH92_MN_60x-1xzoom_0002_XY23_488.tif,7,6mM 2DG,1h,yes,MN,3.0613550123036584,3.485022063620597,1.3945942236746809,1.6189787367104271
20260930_MN_92,vLH92_MN_60x-1xzoom_0002_XY23_488.tif,8,6mM 2DG,1h,yes,MN,3.46349175069246,3.5505434100261097,1.577786819838948,1.6494168988496243
20260930_MN_92,vLH92_MN_60x-1xzoom_0002_XY23_488.tif,9,6mM 2DG,1h,yes,MN,2.187376308413888,1.986329477195536,0.9964549529397323,0.9227560483045505
20260930_MN_92,vLH92_MN_60x-1xzoom_0002_XY24_488.tif,1,6mM 2DG,1h,yes,MN,3.891166574760044,3.83411907761123,1.7726132404463784,1.7811529302685507
20260930_MN_92,vLH92_MN_60x-1xzoom_0002_XY24_488.tif,2,6mM 2DG,1h,yes,MN,2.927721808195814,2.982200403286352,1.3337178817310194,1.3853912409707734
20260930_MN_92,vLH92_MN_60x-1xzoom_0002_XY24_488.tif,3,6mM 2DG,1h,yes,MN,2.7856177476896105,2.5088928905126053,1.2689826579016403,1.1655146418797737
20260930_MN_92,vLH92_MN_60x-1xzoom_0002_XY24_488.tif,4,6mM 2DG,1h,yes,MN,2.993750259062585,2.7650831530391966,1.3637970119876879,1.2845286911486358
20260930_MN_92,vLH92_MN_60x-1xzoom_0002_XY24_488.tif,5,6mM 2DG,1h,yes,MN,3.785470805765893,3.5884778913919617,1.724463741837533,1.6670394899260343
20260930_MN_92,vLH92_MN_60x-1xzoom_0003_XY01_488.tif,1,2mM 2DG,1h,yes,MN,1.872873045244669,1.8838640865017489,0.8531836131637607,0.8751554059689823
20260930_MN_92,vLH92_MN_60x-1xzoom_0003_XY01_488.tif,2,2mM 2DG,1h,yes,MN,3.180607193457041,3.0603818102756217,1.4489193190421623,1.421710676891427
20260930_MN_92,vLH92_MN_60x-1xzoom_0003_XY01_488.tif,3,2mM 2DG,1h,yes,MN,1.2467516661074598,1.2902533058509524,0.5679552567155134,0.5993915186215126
20260930_MN_92,vLH92_MN_60x-1xzoom_0003_XY01_488.tif,4,2mM 2DG,1h,yes,MN,1.1917399717971102,1.2261354744267854,0.5428947881284218,0.5696053640937371
20260930_MN_92,vLH92_MN_60x-1xzoom_0003_XY01_488.tif,5,2mM 2DG,1h,yes,MN,1.847754247790048,1.915644930927097,0.8417407946421975,0.8899193042801129
20260930_MN_92,vLH92_MN_60x-1xzoom_0003_XY01_488.tif,6,2mM 2DG,1h,yes,MN,2.564119958593381,2.6187087562826106,1.1680797779714003,1.2165299721673468
20260930_MN_92,vLH92_MN_60x-1xzoom_0003_XY02_488.tif,1,2mM 2DG,1h,yes,MN,4.521016392296668,4.46408722239831,2.059540079636501,2.073806753571929
20260930_MN_92,vLH92_MN_60x-1xzoom_0003_XY02_488.tif,2,2mM 2DG,1h,yes,MN,2.5765504661532224,2.3849398797618826,1.1737424711156543,1.1079318532795273
20260930_MN_92,vLH92_MN_60x-1xzoom_0003_XY02_488.tif,3,2mM 2DG,1h,yes,MN,2.8070049034324027,3.0777487664479555,1.278725534418691,1.429778554870707
20260930_MN_92,vLH92_MN_60x-1xzoom_0003_XY02_488.tif,4,2mM 2DG,1h,yes,MN,2.556127693220004,2.354392423215633,1.1644389172809575,1.093740929461506
20260930_MN_92,vLH92_MN_60x-1xzoom_0003_XY03_488.tif,1,2mM 2DG,1h,yes,MN,3.998719318894105,3.885742351450653,1.8216086804090417,1.8051346959904517
20260930_MN_92,vLH92_MN_60x-1xzoom_0003_XY03_488.tif,2,2mM 2DG,1h,yes,MN,1.995498108339754,2.041013162142068,0.909045218231728,0.9481595383132858
20260930_MN_92,vLH92_MN_60x-1xzoom_0003_XY03_488.tif,3,2mM 2DG,1h,yes,MN,3.3260535750304183,3.3895802394827923,1.5151771306260533,1.5746409158728074
20260930_MN_92,vLH92_MN_60x-1xzoom_0003_XY03_488.tif,4,2mM 2DG,1h,yes,MN,2.20430716673748,2.345700516656643,1.0041677719773936,1.0897030749964298
20260930_MN_92,vLH92_MN_60x-1xzoom_0003_XY03_488.tif,5,2mM 2DG,1h,yes,MN,3.519749877201406,3.5632449045187977,1.603415098149962,1.655317420893018
20260930_MN_92,vLH92_MN_60x-1xzoom_0003_XY03_488.tif,6,2mM 2DG,1h,yes,MN,3.344180241061072,3.435951748491745,1.5234346975006012,1.5961829565555212
20260930_MN_92,vLH92_MN_60x-1xzoom_0003_XY03_488.tif,7,2mM 2DG,1h,yes,MN,2.484608747180089,2.4177389625963377,1.1318586028026596,1.1231687776728896
20260930_MN_92,vLH92_MN_60x-1xzoom_0003_XY03_488.tif,8,2mM 2DG,1h,yes,MN,2.752039375223962,2.7251384344960137,1.2536860967080556,1.2659722376213056
20260930_MN_92,vLH92_MN_60x-1xzoom_0003_XY03_488.tif,9,2mM 2DG,1h,yes,MN,2.9360845088650183,2.8531846000826078,1.3375274934881403,1.3254565150857156
20260930_MN_92,vLH92_MN_60x-1xzoom_0003_XY03_488.tif,10,2mM 2DG,1h,yes,MN,3.5693794987653016,3.715476779563513,1.6260237741375554,1.7260372511402058
20260930_MN_92,vLH92_MN_60x-1xzoom_0003_XY03_488.tif,11,2mM 2DG,1h,yes,MN,1.8580597511754668,2.106027012127392,0.8464354463358442,0.9783619412813089
20260930_MN_92,vLH92_MN_60x-1xzoom_0003_XY03_488.tif,12,2mM 2DG,1h,yes,MN,2.3491821773628176,2.6040358796768874,1.0701652966554833,1.20971363792401
20260930_MN_92,vLH92_MN_60x-1xzoom_0003_XY03_488.tif,13,2mM 2DG,1h,yes,MN,3.77798490751937,3.567708591834427,1.7210535556906603,1.6573910418685533
20260930_MN_92,vLH92_MN_60x-1xzoom_0003_XY03_488.tif,14,2mM 2DG,1h,yes,MN,3.458229750185068,3.23617137077946,1.5753897259105767,1.5033743092575629
20260930_MN_92,vLH92_MN_60x-1xzoom_0003_XY03_488.tif,15,2mM 2DG,1h,yes,MN,2.2663994265841936,2.326759737232082,1.032453778196572,1.0809040721249161
20260930_MN_92,vLH92_MN_60x-1xzoom_0003_XY04_488.tif,1,2mM 2DG,1h,yes,MN,4.043439642025172,4.044719275430007,1.841980935201053,1.8789879614365854
20260930_MN_92,vLH92_MN_60x-1xzoom_0003_XY04_488.tif,2,2mM 2DG,1h,yes,MN,3.7382175238182977,3.680333271327146,1.7029376026642138,1.709711216030696
20260930_MN_92,vLH92_MN_60x-1xzoom_0003_XY04_488.tif,3,2mM 2DG,1h,yes,MN,3.1604462750507567,3.16108521047502,1.4397350525195343,1.468492780608695
20260930_MN_92,vLH92_MN_60x-1xzoom_0003_XY04_488.tif,4,2mM 2DG,1h,yes,MN,4.059177560675195,4.017834787315457,1.8491503129288158,1.8664986819398632
20260930_MN_92,vLH92_MN_60x-1xzoom_0003_XY04_488.tif,5,2mM 2DG,1h,yes,MN,2.8804996253296613,2.835892121316034,1.3122059096827694,1.3174232358361104
20260930_MN_92,vLH92_MN_60x-1xzoom_0003_XY04_488.tif,6,2mM 2DG,1h,yes,MN,4.001157805539009,3.9410611118110688,1.822719528179334,1.8308332124215496
20260930_MN_92,vLH92_MN_60x-1xzoom_0003_XY04_488.tif,7,2mM 2DG,1h,yes,MN,4.157341089877917,4.22821046334927,1.8938685145916219,1.9642294107565355
20260930_MN_92,vLH92_MN_60x-1xzoom_0003_XY04_488.tif,8,2mM 2DG,1h,yes,MN,3.048146675941568,3.174119428360608,1.3885771921572998,1.474547870424825
20260930_MN_92,vLH92_MN_60x-1xzoom_0003_XY04_488.tif,9,2mM 2DG,1h,yes,MN,1.3044680966750946,1.339978378975356,0.5942478625574523,0.6224914688083831
20260930_MN_92,vLH92_MN_60x-1xzoom_0003_XY04_488.tif,10,2mM 2DG,1h,yes,MN,2.4834632471178217,2.373503769073272,1.131336772513903,1.1026191695439493
20260930_MN_92,vLH92_MN_60x-1xzoom_0003_XY05_488.tif,1,2mM 2DG,1h,yes,MN,2.239574337987224,2.2224666333812726,1.0202336621183834,1.0324543594867768
20260930_MN_92,vLH92_MN_60x-1xzoom_0003_XY05_488.tif,2,2mM 2DG,1h,yes,MN,3.0117372318537363,3.0965582041732787,1.3719909418831484,1.4385165425134998
20260930_MN_92,vLH92_MN_60x-1xzoom_0003_XY05_488.tif,3,2mM 2DG,1h,yes,MN,2.1992598624243453,2.113751446038963,1.0018684824758701,0.9819503530697169
20260930_MN_92,vLH92_MN_60x-1xzoom_0003_XY05_488.tif,4,2mM 2DG,1h,yes,MN,2.9553398631978607,3.1718712003842064,1.346299232087377,1.4735034485466776
20260930_MN_92,vLH92_MN_60x-1xzoom_0003_XY05_488.tif,5,2mM 2DG,1h,yes,MN,1.9952834185330584,2.2001737749886114,0.9089474167147212,1.02209813704131
20260930_MN_92,vLH92_MN_60x-1xzoom_0003_XY05_488.tif,6,2mM 2DG,1h,yes,MN,2.879350948474418,2.873258796449755,1.3116826322122532,1.3347820506150938
20260930_MN_92,vLH92_MN_60x-1xzoom_0003_XY05_488.tif,7,2mM 2DG,1h,yes,MN,2.955549101997477,3.000943333153676,1.3463945504088852,1.3940983321641438
20260930_MN_92,vLH92_MN_60x-1xzoom_0003_XY05_488.tif,8,2mM 2DG,1h,yes,MN,3.8352083698126425,3.7084605411091545,1.7471215908097928,1.7227778339365467
20260930_MN_92,vLH92_MN_60x-1xzoom_0003_XY05_488.tif,9,2mM 2DG,1h,yes,MN,3.679661363230074,3.566412248381808,1.6762624594715092,1.65678882115174
20260930_MN_92,vLH92_MN_60x-1xzoom_0003_XY05_488.tif,10,2mM 2DG,1h,yes,MN,2.7829243888781794,2.9520506486661056,1.2677557036197589,1.3713850709218798
20260930_MN_92,vLH92_MN_60x-1xzoom_0003_XY05_488.tif,11,2mM 2DG,1h,yes,MN,3.783127733477965,3.6911997674209536,1.7233963598889306,1.7147592833878778
20260930_MN_92,vLH92_MN_60x-1xzoom_0003_XY05_488.tif,12,2mM 2DG,1h,yes,MN,3.266057160417947,2.8340693678587847,1.487845882559929,1.3165764695787725
20260930_MN_92,vLH92_MN_60x-1xzoom_0003_XY06_488.tif,1,2mM 2DG,1h,yes,MN,3.247158451496736,3.178672536516973,1.479236613072887,1.4766630321530807
20260930_MN_92,vLH92_MN_60x-1xzoom_0003_XY06_488.tif,2,2mM 2DG,1h,yes,MN,3.568574740924117,3.536535699987552,1.6256571682939789,1.64290956997525
20260930_MN_92,vLH92_MN_60x-1xzoom_0003_XY06_488.tif,3,2mM 2DG,1h,yes,MN,3.0744336197123934,2.9193743633363134,1.40055215742383,1.356205192522873
20260930_MN_92,vLH92_MN_60x-1xzoom_0003_XY06_488.tif,4,2mM 2DG,1h,yes,MN,4.611758257428567,4.605222762138713,2.100877356904186,2.13937174388263
20260930_MN_92,vLH92_MN_60x-1xzoom_0003_XY06_488.tif,5,2mM 2DG,1h,yes,MN,3.489548997407054,3.4586628913474264,1.589657147065614,1.6067334944570064
20260930_MN_92,vLH92_MN_60x-1xzoom_0003_XY06_488.tif,6,2mM 2DG,1h,yes,MN,2.6349585450185846,2.6107254078520383,1.2003501559722611,1.2128212807671497
20260930_MN_92,vLH92_MN_60x-1xzoom_0003_XY06_488.tif,7,2mM 2DG,1h,yes,MN,3.6025369175463795,3.568848958601765,1.6411285707123433,1.6579208030909125
20260930_MN_92,vLH92_MN_60x-1xzoom_0003_XY06_488.tif,8,2mM 2DG,1h,yes,MN,3.914055638707124,3.915178688230826,1.7830403082766781,1.81880944537905
20260930_MN_92,vLH92_MN_60x-1xzoom_0003_XY07_488.tif,1,2mM 2DG,1h,yes,MN,1.223544540182813,1.2061490326478452,0.5573832963801293,0.5603205952538554
20260930_MN_92,vLH92_MN_60x-1xzoom_0003_XY07_488.tif,2,2mM 2DG,1h,yes,MN,1.3368041609767851,1.3940927348018466,0.6089784927229411,0.647630475056984
20260930_MN_92,vLH92_MN_60x-1xzoom_0003_XY07_488.tif,3,2mM 2DG,1h,yes,MN,3.287748280516809,3.3352960091395154,1.4977272294384616,1.5494229938453203
20260930_MN_92,vLH92_MN_60x-1xzoom_0003_XY07_488.tif,4,2mM 2DG,1h,yes,MN,3.077714200231871,3.108075693096851,1.4020466193938974,1.4438670307821995
20260930_MN_92,vLH92_MN_60x-1xzoom_0003_XY07_488.tif,5,2mM 2DG,1h,yes,MN,3.638455528175363,3.6189611993431727,1.657491222774675,1.6812006132981874
20260930_MN_92,vLH92_MN_60x-1xzoom_0003_XY07_488.tif,6,2mM 2DG,1h,yes,MN,4.590452573579457,4.507343891643905,2.091171594747235,2.0939017849522408
20260930_MN_92,vLH92_MN_60x-1xzoom_0003_XY07_488.tif,7,2mM 2DG,1h,yes,MN,3.2730927511713888,3.3501877126654844,1.4910509320185692,1.5563409848714351
20260930_MN_92,vLH92_MN_60x-1xzoom_0003_XY07_488.tif,8,2mM 2DG,1h,yes,MN,2.484139841928353,2.258348393242384,1.1316449939422388,1.0491233518748873
20260930_MN_92,vLH92_MN_60x-1xzoom_0003_XY07_488.tif,9,2mM 2DG,1h,yes,MN,3.480340012064526,3.4135589527816363,1.5854620119986325,1.5857803078926596
20260930_MN_92,vLH92_MN_60x-1xzoom_0003_XY07_488.tif,10,2mM 2DG,1h,yes,MN,3.480590458300361,3.47858170401284,1.5855761022862447,1.6159868459644344
20260930_MN_92,vLH92_MN_60x-1xzoom_0003_XY07_488.tif,11,2mM 2DG,1h,yes,MN,3.20643219760054,3.1496541723574643,1.4606838486247007,1.4631824533530842
20260930_MN_92,vLH92_MN_60x-1xzoom_0003_XY08_488.tif,1,2mM 2DG,1h,yes,MN,1.106356381053892,1.117802835917263,0.5039984621653996,0.5192790720253182
20260930_MN_92,vLH92_MN_60x-1xzoom_0003_XY08_488.tif,2,2mM 2DG,1h,yes,MN,1.3494858442371709,1.3710300646614824,0.6147556084610134,0.6369166339715059
20260930_MN_92,vLH92_MN_60x-1xzoom_0003_XY08_488.tif,3,2mM 2DG,1h,yes,MN,2.4500517646423003,2.463611166029694,1.1161162377253855,1.1444788642688706
20260930_MN_92,vLH92_MN_60x-1xzoom_0003_XY08_488.tif,4,2mM 2DG,1h,yes,MN,1.551955724359479,1.560378944810891,0.7069903620756223,0.7248792939448394
20260930_MN_92,vLH92_MN_60x-1xzoom_0003_XY08_488.tif,5,2mM 2DG,1h,yes,MN,3.3563718975611505,3.275717230103924,1.5289885825167793,1.5217454713915364
20260930_MN_92,vLH92_MN_60x-1xzoom_0003_XY08_488.tif,6,2mM 2DG,1h,yes,MN,2.2539698470847163,2.0753775472068483,1.0267915078283822,0.9641236291294595
20260930_MN_92,vLH92_MN_60x-1xzoom_0003_XY08_488.tif,7,2mM 2DG,1h,yes,MN,3.862391169094885,3.839886768844474,1.7595046612834773,1.7838323306557127
20260930_MN_92,vLH92_MN_60x-1xzoom_0003_XY08_488.tif,8,2mM 2DG,1h,yes,MN,2.8555174197188395,2.720356586419672,1.3008253153056122,1.2637508139928613
20260930_MN_92,vLH92_MN_60x-1xzoom_0003_XY08_488.tif,9,2mM 2DG,1h,yes,MN,3.818107984344085,3.8923790533773386,1.7393315440163908,1.8082177982219556
20260930_MN_92,vLH92_MN_60x-1xzoom_0003_XY08_488.tif,10,2mM 2DG,1h,yes,MN,2.5506759578555487,2.3088863482867232,1.1619553900135495,1.072600929095334
20260930_MN_92,vLH92_MN_60x-1xzoom_0003_XY08_488.tif,11,2mM 2DG,1h,yes,MN,1.4834190007545611,1.5335202668035297,0.6757685931318491,0.7124020046203366
20260930_MN_92,vLH92_MN_60x-1xzoom_0003_XY09_488.tif,1,2mM 2DG,1h,yes,MN,3.5727902011946613,3.6091626079036394,1.6275775128864238,1.6766486446446986
20260930_MN_92,vLH92_MN_60x-1xzoom_0003_XY09_488.tif,2,2mM 2DG,1h,yes,MN,3.272384807242537,3.375148106311059,1.4907284295613585,1.5679364198025199
20260930_MN_92,vLH92_MN_60x-1xzoom_0003_XY09_488.tif,3,2mM 2DG,1h,yes,MN,2.1382631660711517,2.266497839491218,0.9740815580402783,1.0529092045759518
20260930_MN_92,vLH92_MN_60x-1xzoom_0003_XY09_488.tif,4,2mM 2DG,1h,yes,MN,3.3489276294988937,3.301608100191391,1.5255973609180478,1.5337731622874138
20260930_MN_92,vLH92_MN_60x-1xzoom_0003_XY09_488.tif,5,2mM 2DG,1h,yes,MN,3.054813845630937,3.094193382938069,1.3916144081285557,1.4374179568443037
20260930_MN_92,vLH92_MN_60x-1xzoom_0003_XY09_488.tif,6,2mM 2DG,1h,yes,MN,2.8657244966377418,2.809154649172298,1.3054751290170226,1.3050022531037588
20260930_MN_92,vLH92_MN_60x-1xzoom_0003_XY09_488.tif,7,2mM 2DG,1h,yes,MN,3.81941174501512,3.6820976542060135,1.7399254696125965,1.7105308660392629
20260930_MN_92,vLH92_MN_60x-1xzoom_0003_XY09_488.tif,8,2mM 2DG,1h,yes,MN,2.7772045990308274,2.6514128519397566,1.2651500646626006,1.2317227699475872
20260930_MN_92,vLH92_MN_60x-1xzoom_0003_XY09_488.tif,9,2mM 2DG,1h,yes,MN,1.2010593337932238,1.3890914308735296,0.5471402050617338,0.6453071024734086
20260930_MN_92,vLH92_MN_60x-1xzoom_0003_XY09_488.tif,10,2mM 2DG,1h,yes,MN,3.1542280276856327,3.162168420908857,1.436902342225586,1.4689959896638316
20260930_MN_92,vLH92_MN_60x-1xzoom_0003_XY09_488.tif,11,2mM 2DG,1h,yes,MN,2.8449277459634907,2.921657077542122,1.2960012103617378,1.357265635095036
20260930_MN_92,vLH92_MN_60x-1xzoom_0003_XY09_488.tif,12,2mM 2DG,1h,yes,MN,3.984435940362221,3.9608684733731834,1.815101915556528,1.8400347889435884
20260930_MN_92,vLH92_MN_60x-1xzoom_0003_XY09_488.tif,13,2mM 2DG,1h,yes,MN,4.336450600213444,4.31882525011653,1.9754614979324085,2.0063248151268978
20260930_MN_92,vLH92_MN_60x-1xzoom_0003_XY09_488.tif,14,2mM 2DG,1h,yes,MN,3.5428421129896503,3.1055613320020634,1.613934720510841,1.4426989758676076
20260930_MN_92,vLH92_MN_60x-1xzoom_0003_XY10_488.tif,1,2mM 2DG,1h,yes,MN,3.228877419980132,3.1091473484526224,1.4709087253063888,1.4443648718869049
20260930_MN_92,vLH92_MN_60x-1xzoom_0003_XY10_488.tif,2,2mM 2DG,1h,yes,MN,2.2312225113559645,2.0165370627410604,1.0164290040077508,0.9367890839045482
20260930_MN_92,vLH92_MN_60x-1xzoom_0003_XY10_488.tif,3,2mM 2DG,1h,yes,MN,2.2376316451099254,1.9981787237947812,1.0193486722187586,0.9282606557187965
20260930_MN_92,vLH92_MN_60x-1xzoom_0003_XY10_488.tif,4,2mM 2DG,1h,yes,MN,3.14010888581351,3.1293911232042886,1.4304703950587372,1.4537691856259272
20260930_MN_92,vLH92_MN_60x-1xzoom_0003_XY10_488.tif,5,2mM 2DG,1h,yes,MN,2.441601656375938,2.6318144737512754,1.112266807610181,1.2226182773555956
20260930_MN_92,vLH92_MN_60x-1xzoom_0003_XY10_488.tif,6,2mM 2DG,1h,yes,MN,2.593779592180299,2.7873358430986177,1.1815911654159745,1.294866253259615
20260930_MN_92,vLH92_MN_60x-1xzoom_0003_XY11_488.tif,1,2mM 2DG,1h,yes,MN,1.2820169428179893,1.2716651255577816,0.5840202838029093,0.5907563168639894
20260930_MN_92,vLH92_MN_60x-1xzoom_0003_XY11_488.tif,2,2mM 2DG,1h,yes,MN,2.163914153109388,2.054468466086219,0.9857668144745393,0.9544102450760787
20260930_MN_92,vLH92_MN_60x-1xzoom_0003_XY11_488.tif,3,2mM 2DG,1h,yes,MN,1.3940009206070962,1.556736894454255,0.6350343634967516,0.7231873671857598
20260930_MN_92,vLH92_MN_60x-1xzoom_0003_XY11_488.tif,4,2mM 2DG,1h,yes,MN,2.4525052790100017,2.279321633782628,1.1172339313450892,1.0588665414027298
20260930_MN_92,vLH92_MN_60x-1xzoom_0003_XY11_488.tif,5,2mM 2DG,1h,yes,MN,1.5351793660059212,1.5233160058107766,0.6993479251938696,0.7076615808096628
20260930_MN_92,vLH92_MN_60x-1xzoom_0003_XY11_488.tif,6,2mM 2DG,1h,yes,MN,1.6968027287379586,1.6520132870867252,0.772975128563323,0.7674483362604269
20260930_MN_92,vLH92_MN_60x-1xzoom_0003_XY11_488.tif,7,2mM 2DG,1h,yes,MN,2.9597611797230714,2.9118195673548253,1.3483133540896652,1.3526955866062012
20260930_MN_92,vLH92_MN_60x-1xzoom_0003_XY11_488.tif,8,2mM 2DG,1h,yes,MN,1.649249441779232,1.6260757694190704,0.751312322700281,0.7553989750740708
20260930_MN_92,vLH92_MN_60x-1xzoom_0003_XY11_488.tif,9,2mM 2DG,1h,yes,MN,1.9723894559398327,1.924520888326352,0.8985181173158543,0.8940426601828908
20260930_MN_92,vLH92_MN_60x-1xzoom_0003_XY11_488.tif,10,2mM 2DG,1h,yes,MN,3.6337447285472777,3.6249037986125385,1.6553452273171692,1.683961267802595
20260930_MN_92,vLH92_MN_60x-1xzoom_0003_XY11_488.tif,11,2mM 2DG,1h,yes,MN,1.1192472616116158,1.1053624094921215,0.5098708773186993,0.5134998300319432
20260930_MN_92,vLH92_MN_60x-1xzoom_0003_XY11_488.tif,12,2mM 2DG,1h,yes,MN,2.427780773706468,2.2629849843301195,1.1059707318334535,1.05127729588007
20260930_MN_92,vLH92_MN_60x-1xzoom_0003_XY12_488.tif,1,2mM 2DG,1h,yes,MN,3.529870911167306,3.445152153122887,1.6080257151642354,1.6004570355125642
20260930_MN_92,vLH92_MN_60x-1xzoom_0003_XY12_488.tif,2,2mM 2DG,1h,yes,MN,3.545815743729824,3.44479194247243,1.6152893521157745,1.6002896984417565
20260930_MN_92,vLH92_MN_60x-1xzoom_0003_XY12_488.tif,3,2mM 2DG,1h,yes,MN,2.791313423020287,2.713748128125119,1.2715773115384006,1.260680832435785
20260930_MN_92,vLH92_MN_60x-1xzoom_0003_XY12_488.tif,4,2mM 2DG,1h,yes,MN,3.304481010756044,3.184947171684872,1.5053497916189857,1.4795779350524014
20260930_MN_92,vLH92_MN_60x-1xzoom_0003_XY12_488.tif,5,2mM 2DG,1h,yes,MN,3.187932760784645,3.109155378052309,1.4522564667558897,1.444368602064482
20260930_MN_92,vLH92_MN_60x-1xzoom_0003_XY12_488.tif,6,2mM 2DG,1h,yes,MN,2.556362179888352,2.5314107705932054,1.1645457372191523,1.1759753989082133
20260930_MN_92,vLH92_MN_60x-1xzoom_0003_XY12_488.tif,7,2mM 2DG,1h,yes,MN,3.333813408433343,3.3631250612632178,1.5187121073918655,1.5623510737336506
20260930_MN_92,vLH92_MN_60x-1xzoom_0003_XY13_488.tif,1,2mM 2DG,1h,yes,MN,3.817911226214884,3.7120695047574896,1.7392419112396167,1.7244543901538538
20260930_MN_92,vLH92_MN_60x-1xzoom_0003_XY13_488.tif,2,2mM 2DG,1h,yes,MN,3.3027153476712297,3.322394307904672,1.5045454472913462,1.5434294650855909
20260930_MN_92,vLH92_MN_60x-1xzoom_0003_XY13_488.tif,3,2mM 2DG,1h,yes,MN,3.5664824462838927,3.560960068576149,1.6247040276070102,1.65425599266086
20260930_MN_92,vLH92_MN_60x-1xzoom_0003_XY13_488.tif,4,2mM 2DG,1h,yes,MN,4.388667914900222,4.41807461914353,1.9992489924063621,2.0524314437660593
20260930_MN_92,vLH92_MN_60x-1xzoom_0003_XY13_488.tif,5,2mM 2DG,1h,yes,MN,3.451938078330105,3.4470737046814723,1.5725235672354396,1.6013496987606157
20260930_MN_92,vLH92_MN_60x-1xzoom_0003_XY13_488.tif,6,2mM 2DG,1h,yes,MN,3.115785954354291,3.2606046614476303,1.419390131717983,1.514724876725287
20260930_MN_92,vLH92_MN_60x-1xzoom_0003_XY13_488.tif,7,2mM 2DG,1h,yes,MN,3.338314413881637,3.101016562137525,1.5207625315255224,1.440587687720902
20260930_MN_92,vLH92_MN_60x-1xzoom_0003_XY13_488.tif,8,2mM 2DG,1h,yes,MN,4.535500037434956,4.472680738633515,2.066138075545643,2.077798900480726
20260930_MN_92,vLH92_MN_60x-1xzoom_0003_XY13_488.tif,9,2mM 2DG,1h,yes,MN,3.4829848068621407,3.453281335751508,1.5866668430400293,1.6042334746806135
20260930_MN_92,vLH92_MN_60x-1xzoom_0003_XY13_488.tif,10,2mM 2DG,1h,yes,MN,2.336040296982248,2.315168668396489,1.064178539029103,1.0755194020602807
20260930_MN_92,vLH92_MN_60x-1xzoom_0003_XY13_488.tif,11,2mM 2DG,1h,yes,MN,3.276520058074691,3.169131707076267,1.4926122349027156,1.472230807704253
20260930_MN_92,vLH92_MN_60x-1xzoom_0003_XY13_488.tif,12,2mM 2DG,1h,yes,MN,2.982968167134117,2.973776160811952,1.3588852513254521,1.381477730757648
20260930_MN_92,vLH92_MN_60x-1xzoom_0003_XY14_488.tif,1,2mM 2DG,1h,yes,MN,2.9114976699341155,2.7599910706517354,1.3263270076203955,1.282163147126136
20260930_MN_92,vLH92_MN_60x-1xzoom_0003_XY14_488.tif,2,2mM 2DG,1h,yes,MN,3.4945355191256837,3.3314872455809605,1.5919287471763757,1.5476536199068232
20260930_MN_92,vLH92_MN_60x-1xzoom_0003_XY14_488.tif,3,2mM 2DG,1h,yes,MN,3.9253149596399033,3.81510943290998,1.7881694696683643,1.7723219358008224
20260930_MN_92,vLH92_MN_60x-1xzoom_0003_XY14_488.tif,4,2mM 2DG,1h,yes,MN,2.5232489064103256,2.587541733698228,1.1494610509498961,1.202051226859701
20260930_MN_92,vLH92_MN_60x-1xzoom_0003_XY14_488.tif,5,2mM 2DG,1h,yes,MN,3.939467482183941,3.9005464185169,1.794616623334312,1.8120119752040555
20260930_MN_92,vLH92_MN_60x-1xzoom_0003_XY15_488.tif,1,2mM 2DG,1h,yes,MN,3.3536633468099795,3.338230402623732,1.5277547075767832,1.5507861762210304
20260930_MN_92,vLH92_MN_60x-1xzoom_0003_XY15_488.tif,2,2mM 2DG,1h,yes,MN,1.976394771654308,1.7915996720020504,0.9003427309712295,0.8322936614798058
20260930_MN_92,vLH92_MN_60x-1xzoom_0003_XY15_488.tif,3,2mM 2DG,1h,yes,MN,3.132830081917671,3.056960680927088,1.427154550333901,1.4201213797306915
20260930_MN_92,vLH92_MN_60x-1xzoom_0003_XY15_488.tif,4,2mM 2DG,1h,yes,MN,2.6206477704852413,2.487583237690887,1.1938309109254432,1.1556151708935838
20260930_MN_92,vLH92_MN_60x-1xzoom_0003_XY15_488.tif,5,2mM 2DG,1h,yes,MN,2.3121709008938445,2.239670969766828,1.053304882829902,1.040446691896429
20260930_MN_92,vLH92_MN_60x-1xzoom_0003_XY15_488.tif,6,2mM 2DG,1h,yes,MN,2.994953285755161,2.960599851247041,1.3643450484191537,1.375356631773344
20260930_MN_92,vLH92_MN_60x-1xzoom_0003_XY15_488.tif,7,2mM 2DG,1h,yes,MN,1.6039627180853249,1.6515264725329988,0.7306820452516197,0.7672221849199715
20260930_MN_92,vLH92_MN_60x-1xzoom_0003_XY15_488.tif,8,2mM 2DG,1h,yes,MN,3.19201851938331,3.1479351874178345,1.454117726008125,1.4623838931100839
20260930_MN_92,vLH92_MN_60x-1xzoom_0003_XY16_488.tif,1,2mM 2DG,1h,yes,MN,0.9039808134998988,0.9868873636050164,0.41180667245483427,0.45846184845809207
20260930_MN_92,vLH92_MN_60x-1xzoom_0003_XY16_488.tif,2,2mM 2DG,1h,yes,MN,3.776770030275032,3.7608097973445167,1.7205001207637676,1.7470968572254861
20260930_MN_92,vLH92_MN_60x-1xzoom_0003_XY16_488.tif,3,2mM 2DG,1h,yes,MN,1.4336892355968511,1.5338991179520258,0.6531142969280733,0.712578001197287
20260930_MN_92,vLH92_MN_60x-1xzoom_0003_XY16_488.tif,4,2mM 2DG,1h,yes,MN,0.9668018627009162,0.9783684198654884,0.4404246772235774,0.45450434445331117
20260930_MN_92,vLH92_MN_60x-1xzoom_0003_XY16_488.tif,5,2mM 2DG,1h,yes,MN,3.41516745598416,3.405037341305326,1.5557727829198402,1.581821564581772
20260930_MN_92,vLH92_MN_60x-1xzoom_0003_XY16_488.tif,6,2mM 2DG,1h,yes,MN,2.10336581498248,1.921060535230018,0.9581841387425449,0.892435141498015
20260930_MN_92,vLH92_MN_60x-1xzoom_0003_XY16_488.tif,7,2mM 2DG,1h,yes,MN,3.60758710359261,3.4717436778631185,1.6434291729816815,1.612810217887088
20260930_MN_92,vLH92_MN_60x-1xzoom_0003_XY16_488.tif,8,2mM 2DG,1h,yes,MN,3.2206415225131546,3.042718116911828,1.4671568784973574,1.4135049486504856
20260930_MN_92,vLH92_MN_60x-1xzoom_0003_XY16_488.tif,9,2mM 2DG,1h,yes,MN,1.308389916907105,1.2600156943135523,0.5960344400108579,0.5853445343458658
20260930_MN_92,vLH92_MN_60x-1xzoom_0003_XY16_488.tif,10,2mM 2DG,1h,yes,MN,2.36032397914013,2.024448401565321,1.0752409224282276,0.9404643229996152
20260930_MN_92,vLH92_MN_60x-1xzoom_0003_XY16_488.tif,11,2mM 2DG,1h,yes,MN,0.7617898254734495,0.7468343143317712,0.34703184896545963,0.3469443959538962
20260930_MN_92,vLH92_MN_60x-1xzoom_0003_XY17_488.tif,1,2mM 2DG,1h,yes,MN,2.37219055533194,2.2610137150060945,1.080646717752645,1.0503615360766414
20260930_MN_92,vLH92_MN_60x-1xzoom_0003_XY17_488.tif,2,2mM 2DG,1h,yes,MN,3.5557858030158704,3.461489716565205,1.619831192913112,1.6080467056322683
20260930_MN_92,vLH92_MN_60x-1xzoom_0003_XY17_488.tif,3,2mM 2DG,1h,yes,MN,4.168666464606845,4.023022721250882,1.8990277666595579,1.868908754121784
20260930_MN_92,vLH92_MN_60x-1xzoom_0003_XY17_488.tif,4,2mM 2DG,1h,yes,MN,1.8516205885433032,1.828873361744177,0.8435020985287371,0.8496092795819625
20260930_MN_92,vLH92_MN_60x-1xzoom_0003_XY17_488.tif,5,2mM 2DG,1h,yes,MN,2.2933186555636444,2.185166947457666,1.0447167797398882,1.015126664770962
20260930_MN_92,vLH92_MN_60x-1xzoom_0003_XY17_488.tif,6,2mM 2DG,1h,yes,MN,2.266204691438097,2.1552287811810045,1.0323650669857516,1.0012187887996802
20260930_MN_92,vLH92_MN_60x-1xzoom_0003_XY17_488.tif,7,2mM 2DG,1h,yes,MN,2.22359998974508,2.1078507497926102,1.0129565793573423,0.9792091647557735
20260930_MN_92,vLH92_MN_60x-1xzoom_0003_XY17_488.tif,8,2mM 2DG,1h,yes,MN,2.656019423598411,2.576223658386975,1.2099443975727602,1.1967933768562007
20260930_MN_92,vLH92_MN_60x-1xzoom_0003_XY17_488.tif,9,2mM 2DG,1h,yes,MN,3.5914525721994,3.392735409897531,1.636079119102848,1.5761066609151366
20260930_MN_92,vLH92_MN_60x-1xzoom_0003_XY18_488.tif,1,2mM 2DG,1h,yes,MN,3.5169712196735947,3.494870606348325,1.6021492862064657,1.6235539104030754
20260930_MN_92,vLH92_MN_60x-1xzoom_0003_XY18_488.tif,2,2mM 2DG,1h,yes,MN,3.096985769212007,3.014831027450625,1.4108257445436532,1.400549907321558
20260930_MN_92,vLH92_MN_60x-1xzoom_0003_XY18_488.tif,3,2mM 2DG,1h,yes,MN,3.3346506235709272,3.2061049980599177,1.5190934990926501,1.4894068745514597
20260930_MN_92,vLH92_MN_60x-1xzoom_0003_XY18_488.tif,4,2mM 2DG,1h,yes,MN,2.090855052903208,2.089073863304008,0.9524848858106245,0.9704862988996271
20260930_MN_92,vLH92_MN_60x-1xzoom_0003_XY18_488.tif,5,2mM 2DG,1h,yes,MN,3.706742954230274,3.711688589990359,1.6885994247123943,1.7242774349159167
20260930_MN_92,vLH92_MN_60x-1xzoom_0003_XY19_488.tif,1,2mM 2DG,1h,yes,MN,3.784055129138888,3.637412546506822,1.7238188331488389,1.6897722487645568
20260930_MN_92,vLH92_MN_60x-1xzoom_0003_XY19_488.tif,2,2mM 2DG,1h,yes,MN,2.366862776703202,2.3533317660931354,1.0782196587311355,1.093248197623108
20260930_MN_92,vLH92_MN_60x-1xzoom_0003_XY19_488.tif,3,2mM 2DG,1h,yes,MN,2.4443127542897574,2.3751868676191457,1.1135018429050858,1.1034010586418699
20260930_MN_92,vLH92_MN_60x-1xzoom_0003_XY19_488.tif,4,2mM 2DG,1h,yes,MN,4.035224684199627,3.8548178458442535,1.8382386274042795,1.7907686127616902
20260930_MN_92,vLH92_MN_60x-1xzoom_0003_XY19_488.tif,5,2mM 2DG,1h,yes,MN,1.399461431124385,1.4075815102366,0.6375218882676847,0.6538967311134637
20260930_MN_92,vLH92_MN_60x-1xzoom_0003_XY19_488.tif,6,2mM 2DG,1h,yes,MN,3.5896970965716037,3.5943708653691777,1.6352794156511128,1.669777090833843
20260930_MN_92,vLH92_MN_60x-1xzoom_0003_XY19_488.tif,7,2mM 2DG,1h,yes,MN,2.6250290537647563,2.42061049562723,1.195826795861799,1.124502758013303
20260930_MN_92,vLH92_MN_60x-1xzoom_0003_XY19_488.tif,8,2mM 2DG,1h,yes,MN,1.7743835046645673,1.7713642970712768,0.8083168976625013,0.8228932499058685
20260930_MN_92,vLH92_MN_60x-1xzoom_0003_XY19_488.tif,9,2mM 2DG,1h,yes,MN,3.5643848374778804,3.444387707654464,1.6237484660623225,1.6001019097956652
20260930_MN_92,vLH92_MN_60x-1xzoom_0003_XY19_488.tif,10,2mM 2DG,1h,yes,MN,3.166631948964979,2.9702641733324056,1.4425529240423205,1.3798462251461536
20260930_MN_92,vLH92_MN_60x-1xzoom_0003_XY19_488.tif,11,2mM 2DG,1h,yes,MN,4.269712137531943,3.90609873540494,1.9450589231972057,1.814591322713803
20260930_MN_92,vLH92_MN_60x-1xzoom_0003_XY19_488.tif,12,2mM 2DG,1h,yes,MN,2.207542560500802,2.447854638981928,1.0056416492100269,1.137159116563103
20260930_MN_92,vLH92_MN_60x-1xzoom_0003_XY19_488.tif,13,2mM 2DG,1h,yes,MN,2.4695077992918435,2.2882628558429063,1.1249793958461582,1.0630202162235882
20260930_MN_92,vLH92_MN_60x-1xzoom_0003_XY19_488.tif,14,2mM 2DG,1h,yes,MN,4.55719705841023,4.31717873550236,2.076022110556759,2.0055599212176594
20260930_MN_92,vLH92_MN_60x-1xzoom_0003_XY19_488.tif,15,2mM 2DG,1h,yes,MN,4.280965735264124,4.190372140016228,1.9501854773961742,1.946651490218114
20260930_MN_92,vLH92_MN_60x-1xzoom_0003_XY19_488.tif,16,2mM 2DG,1h,yes,MN,2.4665620346895247,2.22882692291102,1.1236374586052345,1.0354090534083658
20260930_MN_92,vLH92_MN_60x-1xzoom_0003_XY19_488.tif,17,2mM 2DG,1h,yes,MN,4.027949261872808,3.956465965414846,1.8349243231465253,1.8379895890445261
20260930_MN_92,vLH92_MN_60x-1xzoom_0003_XY20_488.tif,1,2mM 2DG,1h,yes,MN,1.1922757257418404,1.242055057750017,0.5431388497787789,0.5770008601414223
20260930_MN_92,vLH92_MN_60x-1xzoom_0003_XY20_488.tif,2,2mM 2DG,1h,yes,MN,3.4495838494981235,3.380149705519748,1.5714511029452498,1.5702599295595865
20260930_MN_92,vLH92_MN_60x-1xzoom_0003_XY20_488.tif,3,2mM 2DG,1h,yes,MN,4.276848285876635,4.192914055115116,1.948309781467741,1.9478323454381086
20260930_MN_92,vLH92_MN_60x-1xzoom_0003_XY20_488.tif,4,2mM 2DG,1h,yes,MN,3.945208805856794,3.899318253598437,1.7972320719831056,1.8114414270549
20260930_MN_92,vLH92_MN_60x-1xzoom_0003_XY20_488.tif,5,2mM 2DG,1h,yes,MN,3.896787769506763,3.929083736510295,1.775173964600362,1.8252690823874895
20260930_MN_92,vLH92_MN_60x-1xzoom_0003_XY20_488.tif,6,2mM 2DG,1h,yes,MN,3.0458600644971345,2.974520599008903,1.3875355308343305,1.381823562029203
20260930_MN_92,vLH92_MN_60x-1xzoom_0003_XY20_488.tif,7,2mM 2DG,1h,yes,MN,0.7056284687471569,1.0491931597397155,0.32144765393762337,0.4874062158894697
20260930_MN_92,vLH92_MN_60x-1xzoom_0003_XY20_488.tif,8,2mM 2DG,1h,yes,MN,3.707783206847559,3.5723883538994383,1.6890733097356594,1.6595650410966232
20260930_MN_92,vLH92_MN_60x-1xzoom_0003_XY21_488.tif,1,2mM 2DG,1h,yes,MN,3.527438120323048,3.287623411393417,1.6069174621046671,1.5272765280078848
20260930_MN_92,vLH92_MN_60x-1xzoom_0003_XY21_488.tif,2,2mM 2DG,1h,yes,MN,1.8548827458436936,1.5602712373859011,0.8449881678377713,0.7248292580978172
20260930_MN_92,vLH92_MN_60x-1xzoom_0003_XY21_488.tif,3,2mM 2DG,1h,yes,MN,2.6244359307303653,2.1304902582075256,1.1955565998360635,0.9897264246365461
20260930_MN_92,vLH92_MN_60x-1xzoom_0003_XY21_488.tif,4,2mM 2DG,1h,yes,MN,4.24194980813593,4.04600365831194,1.9324118489259015,1.8795846258300049
20260930_MN_92,vLH92_MN_60x-1xzoom_0003_XY21_488.tif,5,2mM 2DG,1h,yes,MN,3.136506000720641,3.0589901520511757,1.4288291078774449,1.4210641773763548
20260930_MN_92,vLH92_MN_60x-1xzoom_0003_XY21_488.tif,6,2mM 2DG,1h,yes,MN,3.25416239658988,3.327183679289613,1.4824272464135404,1.5456543836923824
20260930_MN_92,vLH92_MN_60x-1xzoom_0003_XY21_488.tif,7,2mM 2DG,1h,yes,MN,4.15634442376961,3.7402262278930176,1.8934144853163528,1.7375346907142766
20260930_MN_92,vLH92_MN_60x-1xzoom_0003_XY22_488.tif,1,2mM 2DG,1h,yes,MN,2.776748384014016,2.652834338103733,1.2649422368136116,1.2323831261324243
20260930_MN_92,vLH92_MN_60x-1xzoom_0003_XY22_488.tif,2,2mM 2DG,1h,yes,MN,2.880874257173065,2.91270600595427,1.3123765724783993,1.3531073846429715
20260930_MN_92,vLH92_MN_60x-1xzoom_0003_XY22_488.tif,3,2mM 2DG,1h,yes,MN,0.8490943718046723,0.8494149019383637,0.3868032624489426,0.3945985534032749
20260930_MN_92,vLH92_MN_60x-1xzoom_0003_XY22_488.tif,4,2mM 2DG,1h,yes,MN,3.454930786858527,3.2717617832822428,1.5738868896890934,1.5199079552491457
20260930_MN_92,vLH92_MN_60x-1xzoom_0003_XY22_488.tif,5,2mM 2DG,1h,yes,MN,4.304604965743654,4.191632859761578,1.9609542821072812,1.94723716182174
20260930_MN_92,vLH92_MN_60x-1xzoom_0003_XY22_488.tif,6,2mM 2DG,1h,yes,MN,3.690823598618392,3.6578453762003353,1.6813473937353507,1.6992643886135241
20260930_MN_92,vLH92_MN_60x-1xzoom_0003_XY22_488.tif,7,2mM 2DG,1h,yes,MN,1.226106646310607,1.1890481849197392,0.5585504587614613,0.5523763388485563
20260930_MN_92,vLH92_MN_60x-1xzoom_0003_XY22_488.tif,8,2mM 2DG,1h,yes,MN,3.355900842659057,3.4019515159790963,1.528773994387388,1.5803880340338539
20260930_MN_92,vLH92_MN_60x-1xzoom_0003_XY22_488.tif,9,2mM 2DG,1h,yes,MN,1.3967846638778545,1.37418292447092,0.6363024922403929,0.6383813056143607
20260930_MN_92,vLH92_MN_60x-1xzoom_0003_XY22_488.tif,10,2mM 2DG,1h,yes,MN,3.255645949820108,3.199699134655681,1.4831030761546435,1.4864310091329906
20260930_MN_92,vLH92_MN_60x-1xzoom_0003_XY22_488.tif,11,2mM 2DG,1h,yes,MN,3.0333521142900794,3.0382259410939594,1.3818375588452394,1.4114180932452896
20260930_MN_92,vLH92_MN_60x-1xzoom_0003_XY22_488.tif,12,2mM 2DG,1h,yes,MN,2.5873992792646874,2.3618222859459435,1.178684626480899,1.0971924972155858
20260930_MN_92,vLH92_MN_60x-1xzoom_0003_XY23_488.tif,1,2mM 2DG,1h,yes,MN,4.071501705279659,3.927618880248884,1.8547645526390228,1.8245885784778246
20260930_MN_92,vLH92_MN_60x-1xzoom_0003_XY23_488.tif,2,2mM 2DG,1h,yes,MN,3.30838986570677,3.2388771712184257,1.5071304627641342,1.504631297964233
20260930_MN_92,vLH92_MN_60x-1xzoom_0003_XY23_488.tif,3,2mM 2DG,1h,yes,MN,1.5141622974782707,1.534153249823158,0.6897736411760286,0.7126960590139012
20260930_MN_92,vLH92_MN_60x-1xzoom_0003_XY23_488.tif,4,2mM 2DG,1h,yes,MN,1.289142313031716,1.2264968285151991,0.5872662321171916,0.5697732323524985
20260930_MN_92,vLH92_MN_60x-1xzoom_0003_XY23_488.tif,5,2mM 2DG,1h,yes,MN,2.005427134689379,1.9602986194675447,0.9135683665559992,0.9106633256788093
20260930_MN_92,vLH92_MN_60x-1xzoom_0003_XY23_488.tif,6,2mM 2DG,1h,yes,MN,3.859003434585141,3.8075921181088286,1.7579613855249834,1.7688297418927073
20260930_MN_92,vLH92_MN_60x-1xzoom_0003_XY23_488.tif,7,2mM 2DG,1h,yes,MN,2.555371780846066,2.4820498418625574,1.1640945628934196,1.1530446132258483
20260930_MN_92,vLH92_MN_60x-1xzoom_0003_XY23_488.tif,8,2mM 2DG,1h,yes,MN,1.255350325271796,1.3032740472758673,0.5718723588986107,0.6054403479024502
20260930_MN_92,vLH92_MN_60x-1xzoom_0004_XY01_488.tif,1,1mM 2DG,1h,yes,MN,3.366591457146736,3.428995728708333,1.5336440826823194,1.5929515141382582
20260930_MN_92,vLH92_MN_60x-1xzoom_0004_XY01_488.tif,2,1mM 2DG,1h,yes,MN,3.3189361370369546,2.8826282737318105,1.51193479581903,1.3391346728415312
20260930_MN_92,vLH92_MN_60x-1xzoom_0004_XY01_488.tif,3,1mM 2DG,1h,yes,MN,3.6508538014811656,3.6143635614590224,1.6631392316682274,1.6790647651349189
20260930_MN_92,vLH92_MN_60x-1xzoom_0004_XY01_488.tif,4,1mM 2DG,1h,yes,MN,2.4096465315269437,2.20144942320469,1.0977097136592653,1.02269074371629
20260930_MN_92,vLH92_MN_60x-1xzoom_0004_XY01_488.tif,5,1mM 2DG,1h,yes,MN,3.080808962970357,3.055855874562353,1.4034564324411887,1.4196081382131243
20260930_MN_92,vLH92_MN_60x-1xzoom_0004_XY01_488.tif,6,1mM 2DG,1h,yes,MN,2.2686153379866107,2.243151489134564,1.0334632322551722,1.0420635788906019
20260930_MN_92,vLH92_MN_60x-1xzoom_0004_XY01_488.tif,7,1mM 2DG,1h,yes,MN,2.872954583019596,2.863162457904965,1.3087687805746757,1.3300917625410886
20260930_MN_92,vLH92_MN_60x-1xzoom_0004_XY01_488.tif,8,1mM 2DG,1h,yes,MN,1.9832586926019184,2.1141968936887645,0.9034695765892077,0.9821572872756362
20260930_MN_92,vLH92_MN_60x-1xzoom_0004_XY01_488.tif,9,1mM 2DG,1h,yes,MN,2.86023240580264,2.77008683581758,1.3029732178947426,1.2868531688350213
20260930_MN_92,vLH92_MN_60x-1xzoom_0004_XY01_488.tif,10,1mM 2DG,1h,yes,MN,1.44158008581256,1.391975470686989,0.6567089581439344,0.6466468928817845
20260930_MN_92,vLH92_MN_60x-1xzoom_0004_XY02_488.tif,1,1mM 2DG,1h,yes,MN,3.0566877533239896,2.8739423099179824,1.392468063073483,1.3350995790987343
20260930_MN_92,vLH92_MN_60x-1xzoom_0004_XY02_488.tif,2,1mM 2DG,1h,yes,MN,2.723119196630712,2.6352628184928197,1.240511566523973,1.2242202175188115
20260930_MN_92,vLH92_MN_60x-1xzoom_0004_XY02_488.tif,3,1mM 2DG,1h,yes,MN,4.508789416455238,4.429748233864411,2.0539701049641947,2.0578544607997085
20260930_MN_92,vLH92_MN_60x-1xzoom_0004_XY02_488.tif,4,1mM 2DG,1h,yes,MN,3.3204260142691746,3.506712656743946,1.5126135064467383,1.629055174796692
20260930_MN_92,vLH92_MN_60x-1xzoom_0004_XY02_488.tif,5,1mM 2DG,1h,yes,MN,3.120322362028562,3.10358016082519,1.421456683265695,1.4417786161250903
20260930_MN_92,vLH92_MN_60x-1xzoom_0004_XY02_488.tif,6,1mM 2DG,1h,yes,MN,4.284120843260755,4.128813344461858,1.9516227806065132,1.9180541444221193
20260930_MN_92,vLH92_MN_60x-1xzoom_0004_XY02_488.tif,7,1mM 2DG,1h,yes,MN,3.143639521978994,2.646094949839473,1.4320787693839925,1.2292523206169672
20260930_MN_92,vLH92_MN_60x-1xzoom_0004_XY02_488.tif,8,1mM 2DG,1h,yes,MN,4.7026438354134665,4.705432132241897,2.1422801022779403,2.185924344254879
20260930_MN_92,vLH92_MN_60x-1xzoom_0004_XY03_488.tif,1,1mM 2DG,1h,yes,MN,1.956892085703224,1.9891863168836592,0.8914583209422677,0.9240832028030953
20260930_MN_92,vLH92_MN_60x-1xzoom_0004_XY03_488.tif,2,1mM 2DG,1h,yes,MN,1.966607931432052,1.881018353988268,0.8958843552561847,0.873833411345825
20260930_MN_92,vLH92_MN_60x-1xzoom_0004_XY03_488.tif,3,1mM 2DG,1h,yes,MN,4.421627204911752,4.437533625070926,2.0142635318118756,2.061471190504778
20260930_MN_92,vLH92_MN_60x-1xzoom_0004_XY03_488.tif,4,1mM 2DG,1h,yes,MN,2.835719437826496,3.01790052354748,1.2918063837943983,1.4019758520709755
20260930_MN_92,vLH92_MN_60x-1xzoom_0004_XY03_488.tif,5,1mM 2DG,1h,yes,MN,3.699907471765608,3.701130842811639,1.6854855341890995,1.7193727979070612
20260930_MN_92,vLH92_MN_60x-1xzoom_0004_XY03_488.tif,6,1mM 2DG,1h,yes,MN,2.367094598591966,2.197948757820238,1.078325264734259,1.0210644978222028
20260930_MN_92,vLH92_MN_60x-1xzoom_0004_XY03_488.tif,7,1mM 2DG,1h,yes,MN,4.70491573427554,4.668919082360605,2.143315061313102,2.168962083961799
20260930_MN_92,vLH92_MN_60x-1xzoom_0004_XY03_488.tif,8,1mM 2DG,1h,yes,MN,4.010006163444485,3.91516314554224,1.826750380130313,1.8188022249707219
20260930_MN_92,vLH92_MN_60x-1xzoom_0004_XY03_488.tif,9,1mM 2DG,1h,yes,MN,3.2433047823528964,3.021512709534289,1.4774810817129653,1.403653905236473
20260930_MN_92,vLH92_MN_60x-1xzoom_0004_XY03_488.tif,10,1mM 2DG,1h,yes,MN,3.5578084251580018,3.6051289462632936,1.6207525944313144,1.674774793544881
20260930_MN_92,vLH92_MN_60x-1xzoom_0004_XY03_488.tif,11,1mM 2DG,1h,yes,MN,5.242239053785747,5.161351706708411,2.3880916372485923,2.3977233180451663
20260930_MN_92,vLH92_MN_60x-1xzoom_0004_XY03_488.tif,12,1mM 2DG,1h,yes,MN,1.9805339503274224,2.806023015212629,0.9022283256327709,1.3035474420008997
20260930_MN_92,vLH92_MN_60x-1xzoom_0004_XY04_488.tif,1,1mM 2DG,1h,yes,MN,4.133572945077489,4.0429550862455175,1.8830409832164883,1.878168401409394
20260930_MN_92,vLH92_MN_60x-1xzoom_0004_XY04_488.tif,2,1mM 2DG,1h,yes,MN,3.8856500822888975,3.898922828597132,1.7701002132070396,1.811257731038809
20260930_MN_92,vLH92_MN_60x-1xzoom_0004_XY04_488.tif,3,1mM 2DG,1h,yes,MN,2.806259985631413,2.7810807443118817,1.278386188587124,1.2919604260519593
20260930_MN_92,vLH92_MN_60x-1xzoom_0004_XY04_488.tif,4,1mM 2DG,1h,yes,MN,4.675986715267674,4.500785993835663,2.1301365038956184,2.090855291439361
20260930_MN_92,vLH92_MN_60x-1xzoom_0004_XY04_488.tif,5,1mM 2DG,1h,yes,MN,3.2483562203593404,2.964380437958619,1.4797822543103036,1.3771129160626825
20260930_MN_92,vLH92_MN_60x-1xzoom_0004_XY04_488.tif,6,1mM 2DG,1h,yes,MN,5.062896050762544,4.904023372089033,2.3063922867755404,2.278180573552736
20260930_MN_92,vLH92_MN_60x-1xzoom_0004_XY04_488.tif,7,1mM 2DG,1h,yes,MN,5.174873268541539,4.986268646473999,2.3574032869601407,2.3163878927585837
20260930_MN_92,vLH92_MN_60x-1xzoom_0004_XY05_488.tif,1,1mM 2DG,1h,yes,MN,0.697973782063402,0.7042344315581863,0.31796057655185783,0.32715447694111977
20260930_MN_92,vLH92_MN_60x-1xzoom_0004_XY05_488.tif,2,1mM 2DG,1h,yes,MN,0.6711410333412484,0.6746898651552575,0.3057369709187854,0.31342944911676845
20260930_MN_92,vLH92_MN_60x-1xzoom_0004_XY05_488.tif,3,1mM 2DG,1h,yes,MN,0.9402019564531398,1.076348905649097,0.4283071425193869,0.5000215091083381
20260930_MN_92,vLH92_MN_60x-1xzoom_0004_XY05_488.tif,4,1mM 2DG,1h,yes,MN,1.422637939832966,1.3357909254672848,0.648079900990819,0.6205461731784646
20260930_MN_92,vLH92_MN_60x-1xzoom_0004_XY05_488.tif,5,1mM 2DG,1h,yes,MN,3.5563603752759385,3.270762485697275,1.6200929381702789,1.5194437281905575
20260930_MN_92,vLH92_MN_60x-1xzoom_0004_XY05_488.tif,6,1mM 2DG,1h,yes,MN,3.583291060759779,3.712382300641927,1.6323611587015205,1.724599700535421
20260930_MN_92,vLH92_MN_60x-1xzoom_0004_XY05_488.tif,7,1mM 2DG,1h,yes,MN,3.194222637722677,3.0661747801547503,1.455121807760167,1.4244018205586695
20260930_MN_92,vLH92_MN_60x-1xzoom_0004_XY05_488.tif,8,1mM 2DG,1h,yes,MN,2.9662210619925986,2.809321237832793,1.3512561406866115,1.3050796424270386
20260930_MN_92,vLH92_MN_60x-1xzoom_0004_XY05_488.tif,9,1mM 2DG,1h,yes,MN,2.526476721902829,2.764932560032212,1.15093147591624,1.2844587326600654
20260930_MN_92,vLH92_MN_60x-1xzoom_0004_XY05_488.tif,10,1mM 2DG,1h,yes,MN,3.4948535859012746,3.116741725243283,1.5920736418671904,1.4478928652017804
20260930_MN_92,vLH92_MN_60x-1xzoom_0004_XY05_488.tif,11,1mM 2DG,1h,yes,MN,0.585069569605652,0.5866288714419967,0.2665272857739835,0.272520417910451
20260930_MN_92,vLH92_MN_60x-1xzoom_0004_XY05_488.tif,12,1mM 2DG,1h,yes,MN,1.316609708379166,1.340880870171491,0.5997789497657461,0.6229107241330087
20260930_MN_92,vLH92_MN_60x-1xzoom_0004_XY05_488.tif,13,1mM 2DG,1h,yes,MN,1.3169095655481216,1.0686584771313647,0.5999155491062578,0.4964488946401632
20260930_MN_92,vLH92_MN_60x-1xzoom_0004_XY05_488.tif,14,1mM 2DG,1h,yes,MN,1.4906167289966408,1.4606448107820291,0.6790475040028987,0.6785474660914438
20260930_MN_92,vLH92_MN_60x-1xzoom_0004_XY05_488.tif,15,1mM 2DG,1h,yes,MN,1.5807621262913047,1.5577377387697156,0.720113061526525,0.7236523127832075
20260930_MN_92,vLH92_MN_60x-1xzoom_0004_XY05_488.tif,16,1mM 2DG,1h,yes,MN,3.8114743407777945,3.535475402742469,1.7363096008042236,1.6424170053191174
20260930_MN_92,vLH92_MN_60x-1xzoom_0004_XY05_488.tif,17,1mM 2DG,1h,yes,MN,0.6342775974963334,0.6458860095172716,0.2889439055972188,0.30004852097287915
20260930_MN_92,vLH92_MN_60x-1xzoom_0004_XY05_488.tif,18,1mM 2DG,1h,yes,MN,0.441903120681124,0.4382636902941805,0.20130809300093747,0.20359687333553922
20260930_MN_92,vLH92_MN_60x-1xzoom_0004_XY05_488.tif,19,1mM 2DG,1h,yes,MN,0.8529307969900846,0.8534481291802652,0.38855093835769317,0.3964722027018323
20260930_MN_92,vLH92_MN_60x-1xzoom_0004_XY05_488.tif,20,1mM 2DG,1h,yes,MN,0.573805060918463,0.5890232368939542,0.26139576111103174,0.27363272844503794
20260930_MN_92,vLH92_MN_60x-1xzoom_0004_XY05_488.tif,21,1mM 2DG,1h,yes,MN,5.630795730171192,5.594474969489893,2.5650978630144863,2.598932188467457
20260930_MN_92,vLH92_MN_60x-1xzoom_0004_XY06_488.tif,1,1mM 2DG,1h,yes,MN,3.870010158395726,3.856910165438784,1.762975476797029,1.7917406068759623
20260930_MN_92,vLH92_MN_60x-1xzoom_0004_XY06_488.tif,2,1mM 2DG,1h,yes,MN,4.435394394216306,4.40607273350398,2.020535147682365,2.0468559273715736
20260930_MN_92,vLH92_MN_60x-1xzoom_0004_XY06_488.tif,3,1mM 2DG,1h,yes,MN,2.732146780927269,2.8256297295474178,1.2446240647030853,1.3126558071777332
20260930_MN_92,vLH92_MN_60x-1xzoom_0004_XY06_488.tif,4,1mM 2DG,1h,yes,MN,3.0571894489901013,2.921642879894987,1.3926966095423472,1.357259039530244
20260930_MN_92,vLH92_MN_60x-1xzoom_0004_XY06_488.tif,5,1mM 2DG,1h,yes,MN,4.431809190075171,4.346195844005038,2.0189019150236804,2.0190399166980466
20260930_MN_92,vLH92_MN_60x-1xzoom_0004_XY06_488.tif,6,1mM 2DG,1h,yes,MN,3.2122486175258373,3.141645728201917,1.463333507222833,1.4594621036493312
20260930_MN_92,vLH92_MN_60x-1xzoom_0004_XY06_488.tif,7,1mM 2DG,1h,yes,MN,4.001230214057245,3.827796370505424,1.8227525137366678,1.7782156953885757
20260930_MN_92,vLH92_MN_60x-1xzoom_0004_XY06_488.tif,8,1mM 2DG,1h,yes,MN,2.787826122515744,2.594293038475481,1.269988678687814,1.205187568231402
20260930_MN_92,vLH92_MN_60x-1xzoom_0004_XY06_488.tif,9,1mM 2DG,1h,yes,MN,3.057906237584426,2.9004165222356115,1.3930231411694285,1.3473982635922468
20260930_MN_92,vLH92_MN_60x-1xzoom_0004_XY06_488.tif,10,1mM 2DG,1h,yes,MN,2.687511790228259,2.730066078996649,1.2242906829317985,1.2682613914696772
20260930_MN_92,vLH92_MN_60x-1xzoom_0004_XY06_488.tif,11,1mM 2DG,1h,yes,MN,3.836785489500486,3.8952070603465088,1.7478400445656852,1.8095315583838063
20260930_MN_92,vLH92_MN_60x-1xzoom_0004_XY06_488.tif,12,1mM 2DG,1h,yes,MN,5.014475005510788,4.652364488318261,2.2843341753376336,2.161271591545925
20260930_MN_92,vLH92_MN_60x-1xzoom_0004_XY06_488.tif,13,1mM 2DG,1h,yes,MN,2.9999509599588063,3.4921914539509453,1.3666217290224159,1.622309301133871
20260930_MN_92,vLH92_MN_60x-1xzoom_0004_XY06_488.tif,14,1mM 2DG,1h,yes,MN,3.5752658308205048,3.4931145060655986,1.628705281068253,1.6227381081024403
20260930_MN_92,vLH92_MN_60x-1xzoom_0004_XY06_488.tif,15,1mM 2DG,1h,yes,MN,4.195798755186722,4.133951309181309,1.9113878279937335,1.9204410032364698
20260930_MN_92,vLH92_MN_60x-1xzoom_0004_XY06_488.tif,16,1mM 2DG,1h,yes,MN,2.9306066871753496,2.9812071808703764,1.335032082646853,1.384929836152401
20260930_MN_92,vLH92_MN_60x-1xzoom_0004_XY06_488.tif,17,1mM 2DG,1h,yes,MN,4.660087118096804,4.6451760578904855,2.1228934738373164,2.157932181981097
20260930_MN_92,vLH92_MN_60x-1xzoom_0004_XY06_488.tif,18,1mM 2DG,1h,yes,MN,1.3672497348114565,1.4419874905933132,0.6228479136936058,0.6698801451625919
20260930_MN_92,vLH92_MN_60x-1xzoom_0004_XY07_488.tif,1,1mM 2DG,1h,yes,MN,5.157269539354104,4.662400664642399,2.349383942930695,2.165933931057708
20260930_MN_92,vLH92_MN_60x-1xzoom_0004_XY07_488.tif,2,1mM 2DG,1h,yes,MN,4.647647996261657,4.81427141954723,2.117226856476977,2.236486001727712
20260930_MN_92,vLH92_MN_60x-1xzoom_0004_XY07_488.tif,3,1mM 2DG,1h,yes,MN,3.750720008735651,3.636170768061752,1.7086330849513858,1.6891953764057674
20260930_MN_92,vLH92_MN_60x-1xzoom_0004_XY07_488.tif,4,1mM 2DG,1h,yes,MN,3.4128949044836454,3.326434875068053,1.554737526576527,1.5453065241693913
20260930_MN_92,vLH92_MN_60x-1xzoom_0004_XY07_488.tif,5,1mM 2DG,1h,yes,MN,3.465524579697808,3.598564652217674,1.5787128710735099,1.6717253286383857
20260930_MN_92,vLH92_MN_60x-1xzoom_0004_XY07_488.tif,6,1mM 2DG,1h,yes,MN,5.3762820353078125,5.2356464292908695,2.449154652483188,2.432237181634839
20260930_MN_92,vLH92_MN_60x-1xzoom_0004_XY07_488.tif,7,1mM 2DG,1h,yes,MN,2.0089582274246607,1.9668382913075224,0.9151769488707233,0.9137013522567496
20260930_MN_92,vLH92_MN_60x-1xzoom_0004_XY07_488.tif,8,1mM 2DG,1h,yes,MN,4.296223323723998,4.073908253767911,1.9571360416554084,1.8925477996277595
20260930_MN_92,vLH92_MN_60x-1xzoom_0004_XY08_488.tif,1,1mM 2DG,1h,yes,MN,4.137378158293955,4.024766255351007,1.88477444057449,1.86971871875997
20260930_MN_92,vLH92_MN_60x-1xzoom_0004_XY08_488.tif,2,1mM 2DG,1h,yes,MN,3.323699522211528,3.386025055266122,1.514104746518279,1.5729893430716015
20260930_MN_92,vLH92_MN_60x-1xzoom_0004_XY08_488.tif,3,1mM 2DG,1h,yes,MN,4.073849473024389,4.073538934387703,1.8558340735936885,1.8923762310658692
20260930_MN_92,vLH92_MN_60x-1xzoom_0004_XY08_488.tif,4,1mM 2DG,1h,yes,MN,4.489582570039814,4.3472720658303965,2.04522046405084,2.019539879171578
20260930_MN_92,vLH92_MN_60x-1xzoom_0004_XY08_488.tif,5,1mM 2DG,1h,yes,MN,1.3572753186150426,1.3910622687318173,0.6183040881143638,0.6462226618379759
20260930_MN_92,vLH92_MN_60x-1xzoom_0004_XY08_488.tif,6,1mM 2DG,1h,yes,MN,3.8463594550983,3.6264773447043432,1.7522014456664106,1.6846922639390207
20260930_MN_92,vLH92_MN_60x-1xzoom_0004_XY08_488.tif,7,1mM 2DG,1h,yes,MN,1.6036241176400092,1.6630748239322386,0.7305277964881561,0.7725870104556829
20260930_MN_92,vLH92_MN_60x-1xzoom_0004_XY09_488.tif,1,1mM 2DG,1h,yes,MN,4.372007086238616,4.330750413971165,1.9916591848473804,2.0118646901578137
20260930_MN_92,vLH92_MN_60x-1xzoom_0004_XY09_488.tif,2,1mM 2DG,1h,yes,MN,4.363065558633426,4.301354265577601,1.9875858896238898,1.998208610419563
20260930_MN_92,vLH92_MN_60x-1xzoom_0004_XY09_488.tif,3,1mM 2DG,1h,yes,MN,4.0966575933691365,3.934810527135893,1.8662242677259682,1.8279294822596222
20260930_MN_92,vLH92_MN_60x-1xzoom_0004_XY09_488.tif,4,1mM 2DG,1h,yes,MN,4.422367580166159,4.4100733493481705,2.0146008082953273,2.0487144269354935
20260930_MN_92,vLH92_MN_60x-1xzoom_0004_XY09_488.tif,5,1mM 2DG,1h,yes,MN,4.471879750484877,4.419440034560672,2.0371559796003766,2.0530657520966167
20260930_MN_92,vLH92_MN_60x-1xzoom_0004_XY09_488.tif,6,1mM 2DG,1h,yes,MN,4.180609533491994,4.210285099451445,1.904468408079203,1.955902122587741
20260930_MN_92,vLH92_MN_60x-1xzoom_0004_XY09_488.tif,7,1mM 2DG,1h,yes,MN,3.033846375143844,2.8034190479717407,1.3820627184000374,1.302337760249356
20260930_MN_92,vLH92_MN_60x-1xzoom_0004_XY09_488.tif,8,1mM 2DG,1h,yes,MN,4.45493639697456,4.249244742494791,2.029437468405105,1.9740009559740288
20260930_MN_92,vLH92_MN_60x-1xzoom_0004_XY09_488.tif,9,1mM 2DG,1h,yes,MN,2.6400783191505384,2.591717946553063,1.2026824589564775,1.2039913006063019
20260930_MN_92,vLH92_MN_60x-1xzoom_0004_XY09_488.tif,10,1mM 2DG,1h,yes,MN,1.6798896986409295,1.690520390070778,0.7652704311390266,0.7853369406380796
20260930_MN_92,vLH92_MN_60x-1xzoom_0004_XY10_488.tif,1,1mM 2DG,1h,yes,MN,1.4342829289428076,1.7349705735378258,0.6533847527581151,0.8059864230695523
20260930_MN_92,vLH92_MN_60x-1xzoom_0004_XY10_488.tif,2,1mM 2DG,1h,yes,MN,2.416265271526276,2.49961825050857,1.1007248675809684,1.161206076630239
20260930_MN_92,vLH92_MN_60x-1xzoom_0004_XY10_488.tif,3,1mM 2DG,1h,yes,MN,3.214288584632165,3.040642680680305,1.464262810205185,1.4125407977593594
20260930_MN_92,vLH92_MN_60x-1xzoom_0004_XY10_488.tif,4,1mM 2DG,1h,yes,MN,1.2690811685593908,1.2847483422151826,0.5781274174129293,0.5968341692245862
20260930_MN_92,vLH92_MN_60x-1xzoom_0004_XY10_488.tif,5,1mM 2DG,1h,yes,MN,2.527211962809032,2.452126779559202,1.151266413457518,1.1391437538562337
20260930_MN_92,vLH92_MN_60x-1xzoom_0004_XY10_488.tif,6,1mM 2DG,1h,yes,MN,2.845686092603525,2.7230654097958333,1.2963466736743834,1.2650092070151864
20260930_MN_92,vLH92_MN_60x-1xzoom_0004_XY10_488.tif,7,1mM 2DG,1h,yes,MN,3.263680990861717,3.113573036913969,1.4867634232161837,1.4464208403667087
20260930_MN_92,vLH92_MN_60x-1xzoom_0004_XY10_488.tif,8,1mM 2DG,1h,yes,MN,2.5255219033733183,2.479898934701325,1.1504965102227604,1.1520454020601503
20260930_MN_92,vLH92_MN_60x-1xzoom_0004_XY10_488.tif,9,1mM 2DG,1h,yes,MN,4.015389340486087,3.893822249933077,1.8292026757892823,1.8088882400424033
20260930_MN_92,vLH92_MN_60x-1xzoom_0004_XY10_488.tif,10,1mM 2DG,1h,yes,MN,3.515545055188453,3.5004911124271656,1.6014995997947312,1.6261649354310608
20260930_MN_92,vLH92_MN_60x-1xzoom_0004_XY10_488.tif,11,1mM 2DG,1h,yes,MN,1.6262218394298646,1.6801495588820292,0.7408221439747044,0.7805191360818714
20260930_MN_92,vLH92_MN_60x-1xzoom_0004_XY10_488.tif,12,1mM 2DG,1h,yes,MN,3.364037815258017,2.992864808809528,1.5324807761683645,1.3903454264727562
20260930_MN_92,vLH92_MN_60x-1xzoom_0004_XY10_488.tif,13,1mM 2DG,1h,yes,MN,1.402341989801969,1.3976351702844487,0.6388341210785051,0.6492761253908426
20260930_MN_92,vLH92_MN_60x-1xzoom_0004_XY11_488.tif,1,1mM 2DG,1h,yes,MN,1.2303992814057498,1.2443607048310998,0.5605059601926804,0.5780719562580288
20260930_MN_92,vLH92_MN_60x-1xzoom_0004_XY11_488.tif,2,1mM 2DG,1h,yes,MN,3.48720328696702,3.5914777969841816,1.5885885633120351,1.6684331061721527
20260930_MN_92,vLH92_MN_60x-1xzoom_0004_XY11_488.tif,3,1mM 2DG,1h,yes,MN,4.3955506123988215,4.361839557203595,2.002384391645023,2.0263072563502234
20260930_MN_92,vLH92_MN_60x-1xzoom_0004_XY11_488.tif,4,1mM 2DG,1h,yes,MN,1.837596602947716,1.835103299982424,0.8371134996155435,0.8525034183720803
20260930_MN_92,vLH92_MN_60x-1xzoom_0004_XY11_488.tif,5,1mM 2DG,1h,yes,MN,4.090326010291404,3.824466520453027,1.8633399275722018,1.7766688023322765
20260930_MN_92,vLH92_MN_60x-1xzoom_0004_XY11_488.tif,6,1mM 2DG,1h,yes,MN,2.74603897504734,2.613706997811479,1.2509526262701542,1.2142063884243761
20260930_MN_92,vLH92_MN_60x-1xzoom_0004_XY11_488.tif,7,1mM 2DG,1h,yes,MN,2.1545495069996496,2.019092887880076,0.9815007684527906,0.937976401080531
20260930_MN_92,vLH92_MN_60x-1xzoom_0004_XY11_488.tif,8,1mM 2DG,1h,yes,MN,2.8107387592899364,2.8797214533401063,1.2804264850729021,1.3377842996388098
20260930_MN_92,vLH92_MN_60x-1xzoom_0004_XY11_488.tif,9,1mM 2DG,1h,yes,MN,3.1745110819633435,3.200101242564429,1.4461422475029848,1.4866178097162415
20260930_MN_92,vLH92_MN_60x-1xzoom_0004_XY11_488.tif,10,1mM 2DG,1h,yes,MN,3.161440350229762,3.0829556145550305,1.440187901502082,1.432197413694768
20260930_MN_92,vLH92_MN_60x-1xzoom_0004_XY11_488.tif,11,1mM 2DG,1h,yes,MN,3.80940621575696,3.6382882152701552,1.7353674705395854,1.6901790436376902
20260930_MN_92,vLH92_MN_60x-1xzoom_0004_XY11_488.tif,12,1mM 2DG,1h,yes,MN,4.409193369079865,4.176038752995892,2.0085993224798706,1.9399928670050208
20260930_MN_92,vLH92_MN_60x-1xzoom_0004_XY11_488.tif,13,1mM 2DG,1h,yes,MN,5.000285627145229,4.650733138297396,2.2778702320750543,2.1605137423995786
20260930_MN_92,vLH92_MN_60x-1xzoom_0004_XY11_488.tif,14,1mM 2DG,1h,yes,MN,4.484917648152019,4.329067288776348,2.043095368107225,2.0110827886800364
20260930_MN_92,vLH92_MN_60x-1xzoom_0004_XY11_488.tif,15,1mM 2DG,1h,yes,MN,4.568056462514548,4.674180232529811,2.08096909062786,2.1714061689917044
20260930_MN_92,vLH92_MN_60x-1xzoom_0004_XY12_488.tif,1,1mM 2DG,1h,yes,MN,4.716346877780566,4.696290109626328,2.148522496137889,2.1816773868597923
20260930_MN_92,vLH92_MN_60x-1xzoom_0004_XY12_488.tif,2,1mM 2DG,1h,yes,MN,4.007362216937236,3.914708173260054,1.8255459355259154,1.8185908660647507
20260930_MN_92,vLH92_MN_60x-1xzoom_0004_XY12_488.tif,3,1mM 2DG,1h,yes,MN,4.195842337044231,4.211639763769748,1.9114076816227619,1.9565314364591242
20260930_MN_92,vLH92_MN_60x-1xzoom_0004_XY12_488.tif,4,1mM 2DG,1h,yes,MN,3.4826570935604164,3.414738534907326,1.5865175538933052,1.5863282867418125
20260930_MN_92,vLH92_MN_60x-1xzoom_0004_XY12_488.tif,5,1mM 2DG,1h,yes,MN,1.6020140243580956,1.6009636957238502,0.7297943216766725,0.7437330766650866
20260930_MN_92,vLH92_MN_60x-1xzoom_0004_XY12_488.tif,6,1mM 2DG,1h,yes,MN,3.160625848580849,3.2573339042667957,1.439816856886158,1.5132054354614883
20260930_MN_92,vLH92_MN_60x-1xzoom_0004_XY12_488.tif,7,1mM 2DG,1h,yes,MN,3.967520687761556,3.7542854410925663,1.807396205675094,1.7440659455555445
20260930_MN_92,vLH92_MN_60x-1xzoom_0004_XY12_488.tif,8,1mM 2DG,1h,yes,MN,2.8718026986040366,2.76523818075518,1.3082440419063983,1.2846007097962069
20260930_MN_92,vLH92_MN_60x-1xzoom_0004_XY12_488.tif,9,1mM 2DG,1h,yes,MN,3.656066402957007,3.595576526640063,1.6655138219654357,1.6703371848377273
20260930_MN_92,vLH92_MN_60x-1xzoom_0004_XY12_488.tif,10,1mM 2DG,1h,yes,MN,3.766990356058331,3.764521737958773,1.7160450095083863,1.7488212517391235
20260930_MN_92,vLH92_MN_60x-1xzoom_0004_XY12_488.tif,11,1mM 2DG,1h,yes,MN,3.834896179838229,3.932000044754742,1.746979373284136,1.826623863204156
20260930_MN_92,vLH92_MN_60x-1xzoom_0004_XY13_488.tif,1,1mM 2DG,1h,yes,MN,1.2441314271623354,1.2373992087507713,0.5667616120441727,0.5748379698085897
20260930_MN_92,vLH92_MN_60x-1xzoom_0004_XY13_488.tif,2,1mM 2DG,1h,yes,MN,1.032546906605287,1.042711324639152,0.47037470199880893,0.48439505756361007
20260930_MN_92,vLH92_MN_60x-1xzoom_0004_XY13_488.tif,3,1mM 2DG,1h,yes,MN,1.592608323246052,1.49198148576793,0.7255095731297876,0.69310502399358
20260930_MN_92,vLH92_MN_60x-1xzoom_0004_XY13_488.tif,4,1mM 2DG,1h,yes,MN,1.2699598009445725,1.2895775381457903,0.5785276766589766,0.5990775884581906
20260930_MN_92,vLH92_MN_60x-1xzoom_0004_XY13_488.tif,5,1mM 2DG,1h,yes,MN,1.1133097612187208,1.1360389693002844,0.5071660607529243,0.5277507292050878
20260930_MN_92,vLH92_MN_60x-1xzoom_0004_XY13_488.tif,6,1mM 2DG,1h,yes,MN,1.5816538643399445,1.5863636049068717,0.7205192910316512,0.7369505553050432
20260930_MN_92,vLH92_MN_60x-1xzoom_0004_XY13_488.tif,7,1mM 2DG,1h,yes,MN,1.2058787881726112,1.218140917828341,0.5493356979763891,0.5658914659014075
20260930_MN_92,vLH92_MN_60x-1xzoom_0004_XY13_488.tif,8,1mM 2DG,1h,yes,MN,1.4149869549422605,1.4593381682035171,0.6445945099495588,0.6779404608810108
20260930_MN_92,vLH92_MN_60x-1xzoom_0004_XY13_488.tif,9,1mM 2DG,1h,yes,MN,1.4337124642300867,1.392789956228918,0.6531248786860218,0.6470252648833583
20260930_MN_92,vLH92_MN_60x-1xzoom_0004_XY13_488.tif,10,1mM 2DG,1h,yes,MN,1.5563007588117523,1.5283038114999885,0.7089697339303906,0.7099786827408018
20260930_MN_92,vLH92_MN_60x-1xzoom_0004_XY13_488.tif,11,1mM 2DG,1h,yes,MN,0.9305086154357582,1.0861754114462512,0.4238913601822784,0.5045864454706711
20260930_MN_92,vLH92_MN_60x-1xzoom_0004_XY13_488.tif,12,1mM 2DG,1h,yes,MN,1.8327218251298132,1.6732396035505763,0.8348928042178447,0.7773090930609045
20260930_MN_92,vLH92_MN_60x-1xzoom_0004_XY13_488.tif,13,1mM 2DG,1h,yes,MN,1.026025747892933,1.0950094836519575,0.46740400103947427,0.5086903434657227
20260930_MN_92,vLH92_MN_60x-1xzoom_0004_XY14_488.tif,1,1mM 2DG,1h,yes,MN,2.5545089154083707,2.372931010726629,1.1637014862491288,1.1023530927250482
20260930_MN_92,vLH92_MN_60x-1xzoom_0004_XY14_488.tif,2,1mM 2DG,1h,yes,MN,2.469315538786917,2.283679860923948,1.1248918119532305,1.0608911704991153
20260930_MN_92,vLH92_MN_60x-1xzoom_0004_XY14_488.tif,3,1mM 2DG,1h,yes,MN,1.979250227284881,2.0348064102125174,0.9016435281386119,0.9452761708009608
20260930_MN_92,vLH92_MN_60x-1xzoom_0004_XY14_488.tif,4,1mM 2DG,1h,yes,MN,3.485953098441128,3.286169550678526,1.5880190424006393,1.5266011321163875
20260930_MN_92,vLH92_MN_60x-1xzoom_0004_XY14_488.tif,5,1mM 2DG,1h,yes,MN,3.237217352410678,3.1715817347393416,1.4747079650374009,1.4733689763064768
20260930_MN_92,vLH92_MN_60x-1xzoom_0004_XY14_488.tif,6,1mM 2DG,1h,yes,MN,2.293124571713354,2.065221724538153,1.0446283652255846,0.9594057075053599
20260930_MN_92,vLH92_MN_60x-1xzoom_0004_XY14_488.tif,7,1mM 2DG,1h,yes,MN,2.186089843299128,1.989133628449456,0.9958689062999949,0.9240587262135391
20260930_MN_92,vLH92_MN_60x-1xzoom_0004_XY14_488.tif,8,1mM 2DG,1h,yes,MN,2.661025279868539,2.5398791524308133,1.212224805500233,1.1799094142111721
20260930_MN_92,vLH92_MN_60x-1xzoom_0004_XY14_488.tif,9,1mM 2DG,1h,yes,MN,3.463448142528224,3.330609161108004,1.5777669542259418,1.5472457028076485
20260930_MN_92,vLH92_MN_60x-1xzoom_0004_XY14_488.tif,10,1mM 2DG,1h,yes,MN,2.159469542460894,2.148817883613648,0.9837420808804409,0.9982405847437793
20260930_MN_92,vLH92_MN_60x-1xzoom_0004_XY14_488.tif,11,1mM 2DG,1h,yes,MN,3.722563901472546,3.509454607634391,1.6958066259512115,1.6303289573173463
20260930_MN_92,vLH92_MN_60x-1xzoom_0004_XY15_488.tif,1,1mM 2DG,1h,yes,MN,0.913673751092132,0.9185065211690367,0.41622227101241405,0.42669529780756815
20260930_MN_92,vLH92_MN_60x-1xzoom_0004_XY15_488.tif,2,1mM 2DG,1h,yes,MN,0.9563747681091226,0.9626336197991812,0.43567463489624786,0.4471946900899537
20260930_MN_92,vLH92_MN_60x-1xzoom_0004_XY15_488.tif,3,1mM 2DG,1h,yes,MN,0.9414294328604524,0.9776922239382424,0.42886631697006494,0.45419021535797793
20260930_MN_92,vLH92_MN_60x-1xzoom_0004_XY15_488.tif,4,1mM 2DG,1h,yes,MN,1.5700981222474957,1.597978325755636,0.7152550955666905,0.7423462129920538
20260930_MN_92,vLH92_MN_60x-1xzoom_0004_XY15_488.tif,5,1mM 2DG,1h,yes,MN,2.7943008028328093,2.725518652907131,1.272938206506061,1.2661488693647114
20260930_MN_92,vLH92_MN_60x-1xzoom_0004_XY15_488.tif,6,1mM 2DG,1h,yes,MN,2.37576366949252,2.3572143884167605,1.0822744428445892,1.0950518828996645
20260930_MN_92,vLH92_MN_60x-1xzoom_0004_XY15_488.tif,7,1mM 2DG,1h,yes,MN,2.6198927677644117,2.552108069501795,1.1934869709285805,1.1855903988217389
20260930_MN_92,vLH92_MN_60x-1xzoom_0004_XY15_488.tif,8,1mM 2DG,1h,yes,MN,1.393512824017129,1.09959166862591,0.63481201206014,0.5108190129275154
20260930_MN_92,vLH92_MN_60x-1xzoom_0004_XY16_488.tif,1,1mM 2DG,1h,yes,MN,4.741957639062943,4.4825965886009564,2.160189427808593,2.0824053419782644
20260930_MN_92,vLH92_MN_60x-1xzoom_0004_XY16_488.tif,2,1mM 2DG,1h,yes,MN,3.3336253666640707,3.2307458258592634,1.5186264453356249,1.5008538540924268
20260930_MN_92,vLH92_MN_60x-1xzoom_0004_XY16_488.tif,3,1mM 2DG,1h,yes,MN,3.839053265461049,3.77672162357518,1.7488731254212146,1.754488749689694
20260930_MN_92,vLH92_MN_60x-1xzoom_0004_XY16_488.tif,4,1mM 2DG,1h,yes,MN,2.7779644642332086,2.7209117373471536,1.2654962197533213,1.2640087112258918
20260930_MN_92,vLH92_MN_60x-1xzoom_0004_XY16_488.tif,5,1mM 2DG,1h,yes,MN,4.192195294435759,4.006018963422896,1.9097462785725348,1.8610096011565704
20260930_MN_92,vLH92_MN_60x-1xzoom_0004_XY16_488.tif,6,1mM 2DG,1h,yes,MN,3.668755146150679,3.428627685324912,1.6712941538421595,1.5927805383449727
20260930_MN_92,vLH92_MN_60x-1xzoom_0004_XY16_488.tif,7,1mM 2DG,1h,yes,MN,2.8413648206804942,2.634664130891312,1.294378126792834,1.223942095177237
20260930_MN_92,vLH92_MN_60x-1xzoom_0004_XY16_488.tif,8,1mM 2DG,1h,yes,MN,2.176191481182776,2.1358186627678637,0.9913597270065693,0.9922017529203552
20260930_MN_92,vLH92_MN_60x-1xzoom_0004_XY16_488.tif,9,1mM 2DG,1h,yes,MN,1.9633478600961003,1.8868779653621248,0.8943992362041266,0.8765555135438826
20260930_MN_92,vLH92_MN_60x-1xzoom_0004_XY17_488.tif,1,1mM 2DG,1h,yes,MN,2.4085737099510927,2.273478227220569,1.097220991911313,1.0561519672045685
20260930_MN_92,vLH92_MN_60x-1xzoom_0004_XY17_488.tif,2,1mM 2DG,1h,yes,MN,1.479958086916369,1.4744297398988164,0.6741919806749533,0.6849513013383155
20260930_MN_92,vLH92_MN_60x-1xzoom_0004_XY17_488.tif,3,1mM 2DG,1h,yes,MN,2.294207672089696,2.0884202672002314,1.0451217694607797,0.9701826686283997
20260930_MN_92,vLH92_MN_60x-1xzoom_0004_XY17_488.tif,4,1mM 2DG,1h,yes,MN,1.0835204897380224,1.0614129778406851,0.4935956170221276,0.49308297354287345
20260930_MN_92,vLH92_MN_60x-1xzoom_0004_XY17_488.tif,5,1mM 2DG,1h,yes,MN,1.202187486402993,1.2126017500114603,0.5476541327528003,0.5633182268369512
20260930_MN_92,vLH92_MN_60x-1xzoom_0004_XY17_488.tif,6,1mM 2DG,1h,yes,MN,2.6787433178823234,2.511925626154137,1.2202962226895377,1.1669235094358668
20260930_MN_92,vLH92_MN_60x-1xzoom_0004_XY17_488.tif,7,1mM 2DG,1h,yes,MN,4.017384046395832,3.6291034516273935,1.8301113601230103,1.685912230754476
20260930_MN_92,vLH92_MN_60x-1xzoom_0004_XY18_488.tif,1,1mM 2DG,1h,yes,MN,0.4605607229154942,0.4573424607800366,0.20980752681344805,0.21245998041931183
20260930_MN_92,vLH92_MN_60x-1xzoom_0004_XY18_488.tif,2,1mM 2DG,1h,yes,MN,0.4766911511230144,0.4918138037050136,0.21715571149415228,0.22847375886965876
20260930_MN_92,vLH92_MN_60x-1xzoom_0004_XY18_488.tif,3,1mM 2DG,1h,yes,MN,1.4416991601679658,1.0844689504863774,0.6567632022311342,0.5037937032846455
20260930_MN_92,vLH92_MN_60x-1xzoom_0004_XY18_488.tif,4,1mM 2DG,1h,yes,MN,3.543752502508687,3.438322938587417,1.6143494466564334,1.5972845009002945
20260930_MN_92,vLH92_MN_60x-1xzoom_0004_XY18_488.tif,5,1mM 2DG,1h,yes,MN,3.510390230419377,3.442730215380589,1.5991513295620676,1.59933191617764
20260930_MN_92,vLH92_MN_60x-1xzoom_0004_XY18_488.tif,6,1mM 2DG,1h,yes,MN,1.2689545667785354,1.3911681135034062,0.5780697442219475,0.6462718323830876
20260930_MN_92,vLH92_MN_60x-1xzoom_0004_XY18_488.tif,7,1mM 2DG,1h,yes,MN,1.4229080673451595,1.4347942490420182,0.6482029570449672,0.6665385005741299
20260930_MN_92,vLH92_MN_60x-1xzoom_0004_XY18_488.tif,8,1mM 2DG,1h,yes,MN,0.4076056858039504,0.400572340734833,0.18568396434734097,0.18608722995867402
20260930_MN_92,vLH92_MN_60x-1xzoom_0004_XY18_488.tif,9,1mM 2DG,1h,yes,MN,1.416486605350211,1.2357921810946315,0.64527767272815,0.5740914196986908
20260930_MN_92,vLH92_MN_60x-1xzoom_0004_XY18_488.tif,10,1mM 2DG,1h,yes,MN,3.9265068036736936,3.660950405287943,1.7887124118617281,1.7007068403334658
20260930_MN_92,vLH92_MN_60x-1xzoom_0004_XY18_488.tif,11,1mM 2DG,1h,yes,MN,0.4910274252591642,0.5171787749056497,0.2236865728346168,0.24025714166650664
20260930_MN_92,vLH92_MN_60x-1xzoom_0004_XY18_488.tif,12,1mM 2DG,1h,yes,MN,0.4118583055091819,0.4245642898660157,0.1876212368467948,0.1972327707290155
20260930_MN_92,vLH92_MN_60x-1xzoom_0004_XY18_488.tif,13,1mM 2DG,1h,yes,MN,0.5500278147922946,0.5381036852178727,0.25056408364495014,0.24997787922415265
20260930_MN_92,vLH92_MN_60x-1xzoom_0004_XY18_488.tif,14,1mM 2DG,1h,yes,MN,0.597208086830338,0.5289473641952386,0.2720569632983109,0.24572427945590938
20260930_MN_92,vLH92_MN_60x-1xzoom_0004_XY18_488.tif,15,1mM 2DG,1h,yes,MN,3.4516188910397494,3.177771856702384,1.572378162096339,1.476244618311853
20260930_MN_92,vLH92_MN_60x-1xzoom_0004_XY18_488.tif,16,1mM 2DG,1h,yes,MN,0.8363276689583602,0.8379510492282423,0.380987416206582,0.38927298201817295
20260930_MN_92,vLH92_MN_60x-1xzoom_0004_XY18_488.tif,17,1mM 2DG,1h,yes,MN,2.1288383421296437,2.1124816641669755,0.9697880981262361,0.9813604716246416
20260930_MN_92,vLH92_MN_60x-1xzoom_0004_XY18_488.tif,18,1mM 2DG,1h,yes,MN,0.3709007052261818,0.3858339113196202,0.168963083009463,0.17924044293691624
20260930_MN_92,vLH92_MN_60x-1xzoom_0004_XY18_488.tif,19,1mM 2DG,1h,yes,MN,1.5655793497041728,1.5155884412472806,0.713196577668018,0.7040717146663593
20260930_MN_92,vLH92_MN_60x-1xzoom_0004_XY18_488.tif,20,1mM 2DG,1h,yes,MN,0.4873373767304041,0.5042563906454739,0.2220055785224231,0.23425400453770145
20260930_MN_92,vLH92_MN_60x-1xzoom_0004_XY18_488.tif,21,1mM 2DG,1h,yes,MN,2.046585767174001,2.0935978306886907,0.932318100215347,0.9725879231842561
20260930_MN_92,vLH92_MN_60x-1xzoom_0004_XY18_488.tif,22,1mM 2DG,1h,yes,MN,0.485222767111853,0.4624967296552975,0.22104227229119344,0.21485441338415406
20260930_MN_92,vLH92_MN_60x-1xzoom_0004_XY18_488.tif,23,1mM 2DG,1h,yes,MN,0.5190729992186627,0.4738514477344798,0.2364626786068532,0.22012928590890343
20260930_MN_92,vLH92_MN_60x-1xzoom_0004_XY18_488.tif,24,1mM 2DG,1h,yes,MN,0.7167680836475829,0.7421274596765233,0.3265222834829254,0.3447578107717881
20260930_MN_92,vLH92_MN_60x-1xzoom_0004_XY19_488.tif,1,1mM 2DG,1h,yes,MN,2.6203377295698265,2.4134272090412083,1.193689672399365,1.1211657380374855
20260930_MN_92,vLH92_MN_60x-1xzoom_0004_XY19_488.tif,2,1mM 2DG,1h,yes,MN,3.229738837405224,3.412089611808508,1.4713011423114006,1.5850977205950627
20260930_MN_92,vLH92_MN_60x-1xzoom_0004_XY19_488.tif,3,1mM 2DG,1h,yes,MN,2.874784807078794,2.973115232907314,1.3096025355265613,1.3811706944736377
20260930_MN_92,vLH92_MN_60x-1xzoom_0004_XY19_488.tif,4,1mM 2DG,1h,yes,MN,3.28661449997036,3.4183670633183287,1.497210737951967,1.5880139318355082
20260930_MN_92,vLH92_MN_60x-1xzoom_0004_XY19_488.tif,5,1mM 2DG,1h,yes,MN,2.834977175783881,2.8563755155722723,1.2914682477883084,1.326938865622986
20260930_MN_92,vLH92_MN_60x-1xzoom_0004_XY19_488.tif,6,1mM 2DG,1h,yes,MN,2.3109724511419825,2.3962900852835243,1.05275893141473,1.1132046294804736
20260930_MN_92,vLH92_MN_60x-1xzoom_0004_XY19_488.tif,7,1mM 2DG,1h,yes,MN,3.2777571063903435,3.311480655253693,1.4931757698173145,1.5383594909909586
20260930_MN_92,vLH92_MN_60x-1xzoom_0004_XY19_488.tif,8,1mM 2DG,1h,yes,MN,2.386164593627534,2.4937536138638268,1.0870125632720706,1.1584816399256668
20260930_MN_92,vLH92_MN_60x-1xzoom_0004_XY19_488.tif,9,1mM 2DG,1h,yes,MN,3.47327810871184,3.494374690434592,1.582244975887426,1.6233235309951768
20260930_MN_92,vLH92_MN_60x-1xzoom_0004_XY19_488.tif,10,1mM 2DG,1h,yes,MN,2.490176937156803,2.498353631959889,1.134395180738456,1.1606185938243951
20260930_MN_92,vLH92_MN_60x-1xzoom_0004_XY19_488.tif,11,1mM 2DG,1h,yes,MN,2.8298831329739147,2.901420439502336,1.2891476666569535,1.3478646367395533
20260930_MN_92,vLH92_MN_60x-1xzoom_0004_XY19_488.tif,12,1mM 2DG,1h,yes,MN,2.96185633924708,2.9254010041532146,1.349267799868778,1.359004888811228
20260930_MN_92,vLH92_MN_60x-1xzoom_0004_XY19_488.tif,13,1mM 2DG,1h,yes,MN,3.2912506361911817,3.2086766571997063,1.4993227206419006,1.4906015474658285
20260930_MN_92,vLH92_MN_60x-1xzoom_0004_XY19_488.tif,14,1mM 2DG,1h,yes,MN,3.0493104568408,3.0443295969510697,1.3891073502451952,1.4142535671299494
20260930_MN_92,vLH92_MN_60x-1xzoom_0004_XY19_488.tif,15,1mM 2DG,1h,yes,MN,2.947768587631408,2.911132041104413,1.342850152471198,1.3523761939710823
20260930_MN_92,vLH92_MN_60x-1xzoom_0004_XY19_488.tif,16,1mM 2DG,1h,yes,MN,4.533818722809548,4.536175213987919,2.0653721559919322,2.1072954728469195
20260930_MN_92,vLH92_MN_60x-1xzoom_0004_XY19_488.tif,17,1mM 2DG,1h,yes,MN,3.981524095381024,4.152772043455682,1.8137754303319482,1.929184238729169
20260930_MN_92,vLH92_MN_60x-1xzoom_0004_XY19_488.tif,18,1mM 2DG,1h,yes,MN,4.1942379126023015,3.9926433980928735,1.910676789240126,1.854795937235519
20260930_MN_92,vLH92_MN_60x-1xzoom_0004_XY19_488.tif,19,1mM 2DG,1h,yes,MN,2.041346446314509,1.823035141318917,0.9299313379557397,0.8468971146211172
20260930_MN_92,vLH92_MN_60x-1xzoom_0004_XY20_488.tif,1,1mM 2DG,1h,yes,MN,2.971914330569746,2.708274817924532,1.3538496979315597,1.258138187748777
20260930_MN_92,vLH92_MN_60x-1xzoom_0004_XY20_488.tif,2,1mM 2DG,1h,yes,MN,3.189536394294487,3.269113639990564,1.452986998830977,1.5186777513644287
20260930_MN_92,vLH92_MN_60x-1xzoom_0004_XY20_488.tif,3,1mM 2DG,1h,yes,MN,3.7527297205614216,3.714533672428192,1.7095486052004931,1.7255991275442426
20260930_MN_92,vLH92_MN_60x-1xzoom_0004_XY20_488.tif,4,1mM 2DG,1h,yes,MN,2.9639140136610624,2.163662208956447,1.3502051693801254,1.0051365660753395
20260930_MN_92,vLH92_MN_60x-1xzoom_0004_XY20_488.tif,5,1mM 2DG,1h,yes,MN,4.762568006927312,4.716213201439299,2.169578440143307,2.19093272625963
20260930_MN_92,vLH92_MN_60x-1xzoom_0004_XY20_488.tif,6,1mM 2DG,1h,yes,MN,4.768667944766666,4.471402087270531,2.172357254766684,2.0772048986837373
20260930_MN_92,vLH92_MN_60x-1xzoom_0004_XY21_488.tif,1,1mM 2DG,1h,yes,MN,2.3134748446112354,2.031318807020858,1.0538988918125134,0.9436559929925271
20260930_MN_92,vLH92_MN_60x-1xzoom_0004_XY21_488.tif,2,1mM 2DG,1h,yes,MN,3.908557006261224,3.6707024585170527,1.7805354171365317,1.7052371895045682
20260930_MN_92,vLH92_MN_60x-1xzoom_0004_XY21_488.tif,3,1mM 2DG,1h,yes,MN,1.146256175724396,1.2022324173401324,0.5221747347471996,0.5585011184220576
20260930_MN_92,vLH92_MN_60x-1xzoom_0004_XY21_488.tif,4,1mM 2DG,1h,yes,MN,2.419109006089527,2.20551649304897,1.1020203252393044,1.024580114709759
20260930_MN_92,vLH92_MN_60x-1xzoom_0004_XY21_488.tif,5,1mM 2DG,1h,yes,MN,2.542184850197852,2.4437488391255155,1.1580872827066766,1.1352517534120605
20260930_MN_92,vLH92_MN_60x-1xzoom_0004_XY21_488.tif,6,1mM 2DG,1h,yes,MN,4.40972284011033,4.476683570300123,2.0088405219610554,2.0796584294124134
20260930_MN_92,vLH92_MN_60x-1xzoom_0004_XY21_488.tif,7,1mM 2DG,1h,yes,MN,3.833806629687624,3.635189255297081,1.7464830308670265,1.6887394113453449
20260930_MN_92,vLH92_MN_60x-1xzoom_0004_XY21_488.tif,8,1mM 2DG,1h,yes,MN,3.031562881913166,2.910953899449531,1.3810224775731796,1.3522934376653513
20260930_MN_92,vLH92_MN_60x-1xzoom_0004_XY21_488.tif,9,1mM 2DG,1h,yes,MN,3.710397820261497,3.755679111182233,1.6902643917073892,1.7447133796893806
20260930_MN_92,vLH92_MN_60x-1xzoom_0004_XY21_488.tif,10,1mM 2DG,1h,yes,MN,4.664629999341831,4.447205944247138,2.124962974407388,2.0659644989530737
20260930_MN_92,vLH92_MN_60x-1xzoom_0004_XY21_488.tif,11,1mM 2DG,1h,yes,MN,4.853365572981384,4.743305585226598,2.2109410918559695,2.2035185843912903
20260930_MN_92,vLH92_MN_60x-1xzoom_0004_XY22_488.tif,1,1mM 2DG,1h,yes,MN,2.443834580318084,2.2614845596827107,1.1132840116976215,1.0505802685569008
20260930_MN_92,vLH92_MN_60x-1xzoom_0004_XY22_488.tif,2,1mM 2DG,1h,yes,MN,3.84202202710926,3.805177655179368,1.7502255389209305,1.7677080950072608
20260930_MN_92,vLH92_MN_60x-1xzoom_0004_XY22_488.tif,3,1mM 2DG,1h,yes,MN,3.60910292428915,3.672545828858895,1.6441197021032714,1.7060935334050784
20260930_MN_92,vLH92_MN_60x-1xzoom_0004_XY22_488.tif,4,1mM 2DG,1h,yes,MN,3.146206198045973,2.9693605193295736,1.4332480135920853,1.3794264296357606
20260930_MN_92,vLH92_MN_60x-1xzoom_0004_XY22_488.tif,5,1mM 2DG,1h,yes,MN,3.0209139760462684,2.574683236991512,1.3761713895579888,1.1960777689090196
20260930_MN_92,vLH92_MN_60x-1xzoom_0004_XY22_488.tif,6,1mM 2DG,1h,yes,MN,2.269708433178042,2.2442058900747464,1.0339611896086218,1.042553404398435
20260930_MN_92,vLH92_MN_60x-1xzoom_0004_XY22_488.tif,7,1mM 2DG,1h,yes,MN,3.684702545009107,3.520175809970569,1.6785589598647266,1.6353095279700924
20260930_MN_92,vLH92_MN_60x-1xzoom_0004_XY22_488.tif,8,1mM 2DG,1h,yes,MN,3.180363955191165,3.1033353569914675,1.4488085123310153,1.4416648916796702
20260930_MN_92,vLH92_MN_60x-1xzoom_0004_XY22_488.tif,9,1mM 2DG,1h,yes,MN,4.035458541600199,3.8952775017587102,1.8383451606807828,1.809564282179081
20260930_MN_92,vLH92_MN_60x-1xzoom_0004_XY22_488.tif,10,1mM 2DG,1h,yes,MN,5.126991712610587,4.91280840798128,2.335590938815776,2.282261691563223
20260930_MN_92,vLH92_MN_60x-1xzoom_0004_XY23_488.tif,1,1mM 2DG,1h,yes,MN,4.2780821838043055,4.200512752088467,1.9488718812293233,1.9513623457084024
20260930_MN_92,vLH92_MN_60x-1xzoom_0004_XY23_488.tif,2,1mM 2DG,1h,yes,MN,3.137157051210049,2.9210122749744283,1.429125692640793,1.3569660898906113
20260930_MN_92,vLH92_MN_60x-1xzoom_0004_XY23_488.tif,3,1mM 2DG,1h,yes,MN,1.3545761738592694,1.537473435887882,0.6170744980569759,0.7142384626321802
20260930_MN_92,vLH92_MN_60x-1xzoom_0004_XY23_488.tif,4,1mM 2DG,1h,yes,MN,2.5138343745653136,2.641092200611662,1.1451722795800656,1.2269282766146443
20260930_MN_92,vLH92_MN_60x-1xzoom_0004_XY23_488.tif,5,1mM 2DG,1h,yes,MN,3.734863714993689,3.6127732344847874,1.7014097816845133,1.6783259733830445
20260930_MN_92,vLH92_MN_60x-1xzoom_0004_XY23_488.tif,6,1mM 2DG,1h,yes,MN,4.445837905627841,4.475168790974823,2.0252926686594726,2.078954733575285
20260930_MN_92,vLH92_MN_60x-1xzoom_0004_XY23_488.tif,7,1mM 2DG,1h,yes,MN,2.790232016996594,2.6337244531020416,1.271084679162205,1.2235055646955313
20260930_MN_92,vLH92_MN_60x-1xzoom_0004_XY24_488.tif,1,1mM 2DG,1h,yes,MN,3.6166775550072634,3.5600252897922964,1.6475703101521566,1.6538217380286202
20260930_MN_92,vLH92_MN_60x-1xzoom_0004_XY24_488.tif,2,1mM 2DG,1h,yes,MN,4.849673647921294,4.683139486184785,2.2092592426936384,2.175568220450606
20260930_MN_92,vLH92_MN_60x-1xzoom_0004_XY24_488.tif,3,1mM 2DG,1h,yes,MN,2.843439599766287,3.2477219725520987,1.295323288303609,1.5087401802118157
20260930_MN_92,vLH92_MN_60x-1xzoom_0004_XY24_488.tif,4,1mM 2DG,1h,yes,MN,4.828943898629415,4.83549398563025,2.199815846385634,2.246345016276144
20260930_MN_92,vLH92_MN_60x-1xzoom_0004_XY24_488.tif,5,1mM 2DG,1h,yes,MN,4.77278693653255,4.861155323758028,2.1742336533225455,2.2582660773271166
20260930_MN_92,vLH92_MN_60x-1xzoom_0004_XY24_488.tif,6,1mM 2DG,1h,yes,MN,1.4811321624062366,1.5534177981667543,0.6747268284432607,0.7216454698271602
20260930_MN_92,vLH92_MN_60x-1xzoom_0005_XY01_488.tif,1,0mM 2DG,1h,yes,MN,3.42144284811316,3.462424232367417,1.558631525397999,1.6084808380955011
20260930_MN_92,vLH92_MN_60x-1xzoom_0005_XY01_488.tif,2,0mM 2DG,1h,yes,MN,3.866673952702419,3.760450454982656,1.7614556748889922,1.74692992352107
20260930_MN_92,vLH92_MN_60x-1xzoom_0005_XY01_488.tif,3,0mM 2DG,1h,yes,MN,3.263205815280569,3.165485756108434,1.4865469579195953,1.4705370689031052
20260930_MN_92,vLH92_MN_60x-1xzoom_0005_XY01_488.tif,4,0mM 2DG,1h,yes,MN,2.281726981291568,2.2210411038715385,1.0394362154415346,1.0317921249520505
20260930_MN_92,vLH92_MN_60x-1xzoom_0005_XY02_488.tif,1,0mM 2DG,1h,yes,MN,4.860342937514219,4.495284795971183,2.2141196164749233,2.0882996914441696
20260930_MN_92,vLH92_MN_60x-1xzoom_0005_XY02_488.tif,2,0mM 2DG,1h,yes,MN,2.536730305334669,2.570945821468978,1.1556024755776775,1.194341539940946
20260930_MN_92,vLH92_MN_60x-1xzoom_0005_XY02_488.tif,3,0mM 2DG,1h,yes,MN,3.692338672098627,3.653971594834491,1.6820375824640301,1.69746481043368
20260930_MN_92,vLH92_MN_60x-1xzoom_0005_XY02_488.tif,4,0mM 2DG,1h,yes,MN,1.0618584958969035,1.0663293953610844,0.4837275385527285,0.4953669118597654
20260930_MN_92,vLH92_MN_60x-1xzoom_0005_XY02_488.tif,5,0mM 2DG,1h,yes,MN,3.2506371372788645,3.1641155683665487,1.4808213215037085,1.4699005435730161
20260930_MN_92,vLH92_MN_60x-1xzoom_0005_XY02_488.tif,6,0mM 2DG,1h,yes,MN,0.9846152840255256,1.0109432626565298,0.4485395460915594,0.4696370973792974
20260930_MN_92,vLH92_MN_60x-1xzoom_0005_XY03_488.tif,1,0mM 2DG,1h,yes,MN,1.779100433786335,1.75144010494502,0.8104656853987364,0.8136373993517886
20260930_MN_92,vLH92_MN_60x-1xzoom_0005_XY03_488.tif,2,0mM 2DG,1h,yes,MN,4.061713802651494,3.948208441400345,1.8503056929470665,1.8341535284534307
20260930_MN_92,vLH92_MN_60x-1xzoom_0005_XY03_488.tif,3,0mM 2DG,1h,yes,MN,1.1156238836519987,1.186980622505828,0.5082202546524736,0.5514158457659195
20260930_MN_92,vLH92_MN_60x-1xzoom_0005_XY03_488.tif,4,0mM 2DG,1h,yes,MN,4.7440203178570375,4.706176904761332,2.1611290770554064,2.1862703308370692
20260930_MN_92,vLH92_MN_60x-1xzoom_0005_XY03_488.tif,5,0mM 2DG,1h,yes,MN,3.489428953930513,3.18358078531008,1.589602461497197,1.4789431756601983
20260930_MN_92,vLH92_MN_60x-1xzoom_0005_XY03_488.tif,6,0mM 2DG,1h,yes,MN,1.1570986432129384,1.1915750712468889,0.5271139993764669,0.5535502124020251
20260930_MN_92,vLH92_MN_60x-1xzoom_0005_XY03_488.tif,7,0mM 2DG,1h,yes,MN,3.626310537861613,3.3822329454055557,1.6519585964474217,1.5712277056645925
20260930_MN_92,vLH92_MN_60x-1xzoom_0005_XY04_488.tif,1,0mM 2DG,1h,yes,MN,1.873736604195236,1.7867657920895033,0.8535770057364689,0.8300480662866163
20260930_MN_92,vLH92_MN_60x-1xzoom_0005_XY04_488.tif,2,0mM 2DG,1h,yes,MN,4.586185720288309,4.558962344568024,2.089227838165857,2.1178813111017014
20260930_MN_92,vLH92_MN_60x-1xzoom_0005_XY04_488.tif,3,0mM 2DG,1h,yes,MN,3.6716087341706185,3.5106511228527606,1.6725941002232099,1.6308848024917317
20260930_MN_92,vLH92_MN_60x-1xzoom_0005_XY04_488.tif,4,0mM 2DG,1h,yes,MN,3.143755213919676,3.03478990348195,1.4321314726188514,1.4098218704005476
20260930_MN_92,vLH92_MN_60x-1xzoom_0005_XY04_488.tif,5,0mM 2DG,1h,yes,MN,3.909421072262903,3.7980044452059154,1.7809290406953715,1.764375756155749
20260930_MN_92,vLH92_MN_60x-1xzoom_0005_XY04_488.tif,6,0mM 2DG,1h,yes,MN,3.6433620499226858,3.622706216768683,1.6597263790566645,1.6829403737558908
20260930_MN_92,vLH92_MN_60x-1xzoom_0005_XY04_488.tif,7,0mM 2DG,1h,yes,MN,2.79730315643427,2.609675835774425,1.2743059227536695,1.2123336985236859
20260930_MN_92,vLH92_MN_60x-1xzoom_0005_XY04_488.tif,8,0mM 2DG,1h,yes,MN,1.1631246032961982,1.2052545719380552,0.5298591135793063,0.5599050705187067
20260930_MN_92,vLH92_MN_60x-1xzoom_0005_XY04_488.tif,9,0mM 2DG,1h,yes,MN,1.0374923689030169,1.0389586829394566,0.4726275975715524,0.4826517552236565
20260930_MN_92,vLH92_MN_60x-1xzoom_0005_XY05_488.tif,1,0mM 2DG,1h,yes,MN,2.193443173369787,1.873959566592592,0.999218701276435,0.8705542278881783
20260930_MN_92,vLH92_MN_60x-1xzoom_0005_XY05_488.tif,2,0mM 2DG,1h,yes,MN,1.4904944963527935,1.46735569940719,0.6789918211636432,0.6816650320035745
20260930_MN_92,vLH92_MN_60x-1xzoom_0005_XY05_488.tif,3,0mM 2DG,1h,yes,MN,1.266763788151179,1.1893757711619943,0.5770717393493398,0.5525285201406595
20260930_MN_92,vLH92_MN_60x-1xzoom_0005_XY05_488.tif,4,0mM 2DG,1h,yes,MN,4.242325669846164,4.049900903942726,1.9325830719849348,1.881395104413152
20260930_MN_92,vLH92_MN_60x-1xzoom_0005_XY05_488.tif,5,0mM 2DG,1h,yes,MN,1.0696493501758388,1.0540252765625522,0.4872766468172804,0.4896509920333963
20260930_MN_92,vLH92_MN_60x-1xzoom_0005_XY05_488.tif,6,0mM 2DG,1h,yes,MN,0.9651657078857608,0.9605150806555685,0.43967933013214805,0.44621051559585184
20260930_MN_92,vLH92_MN_60x-1xzoom_0005_XY05_488.tif,7,0mM 2DG,1h,yes,MN,1.5999746121022158,1.6056203486883431,0.7288652714553454,0.7458963404826824
20260930_MN_92,vLH92_MN_60x-1xzoom_0005_XY05_488.tif,8,0mM 2DG,1h,yes,MN,0.9612304419024396,0.9823326827512412,0.4378866274933144,0.4563459561279576
20260930_MN_92,vLH92_MN_60x-1xzoom_0005_XY05_488.tif,9,0mM 2DG,1h,yes,MN,1.2211661586740492,1.183737663612168,0.55629982938578,0.5499093182900484
20260930_MN_92,vLH92_MN_60x-1xzoom_0005_XY05_488.tif,10,0mM 2DG,1h,yes,MN,1.0869239208505332,1.0753927647302868,0.4951460433369805,0.4995773306243591
20260930_MN_92,vLH92_MN_60x-1xzoom_0005_XY06_488.tif,1,0mM 2DG,1h,yes,MN,2.403713075735421,2.372832275970833,1.0950067396036491,1.1023072251617188
20260930_MN_92,vLH92_MN_60x-1xzoom_0005_XY06_488.tif,2,0mM 2DG,1h,yes,MN,2.742820257772322,2.60070569270314,1.249486345978799,1.2081665883497625
20260930_MN_92,vLH92_MN_60x-1xzoom_0005_XY06_488.tif,3,0mM 2DG,1h,yes,MN,1.342942408245665,1.2276682352959902,0.6117747591312023,0.5703174133176454
20260930_MN_92,vLH92_MN_60x-1xzoom_0005_XY06_488.tif,4,0mM 2DG,1h,yes,MN,3.175007082892206,3.2288663414670657,1.4463681997455535,1.499980733288197
20260930_MN_92,vLH92_MN_60x-1xzoom_0005_XY06_488.tif,5,0mM 2DG,1h,yes,MN,2.4035756694783394,2.3211047077304623,1.0949441444548826,1.0782770091246088
20260930_MN_92,vLH92_MN_60x-1xzoom_0005_XY06_488.tif,6,0mM 2DG,1h,yes,MN,1.4013782655285818,1.2951623349390051,0.6383950983910093,0.6016720246172748
20260930_MN_92,vLH92_MN_60x-1xzoom_0005_XY06_488.tif,7,0mM 2DG,1h,yes,MN,1.077076480498791,1.1113788151509691,0.4906600613527523,0.5162947715431541
20260930_MN_92,vLH92_MN_60x-1xzoom_0005_XY06_488.tif,8,0mM 2DG,1h,yes,MN,1.061152269150184,1.088353860656038,0.4834058183544433,0.5055984513877827
20260930_MN_92,vLH92_MN_60x-1xzoom_0005_XY06_488.tif,9,0mM 2DG,1h,yes,MN,1.0942873158427064,1.257373279340726,0.49850042336851835,0.5841169915709639
20260930_MN_92,vLH92_MN_60x-1xzoom_0005_XY06_488.tif,10,0mM 2DG,1h,yes,MN,2.439047523046753,2.2033982762687696,1.1111032772214933,1.0235960899706662
20260930_MN_92,vLH92_MN_60x-1xzoom_0005_XY07_488.tif,1,0mM 2DG,1h,yes,MN,1.553556501016856,1.4978111436121635,0.707719592717217,0.6958132111785719
20260930_MN_92,vLH92_MN_60x-1xzoom_0005_XY07_488.tif,2,0mM 2DG,1h,yes,MN,4.621799905121788,4.369980686331626,2.1054518096588843,2.030089245304808
20260930_MN_92,vLH92_MN_60x-1xzoom_0005_XY07_488.tif,3,0mM 2DG,1h,yes,MN,2.76738575897134,2.7104816933739384,1.2606771114849675,1.2591633991712394
20260930_MN_92,vLH92_MN_60x-1xzoom_0005_XY07_488.tif,4,0mM 2DG,1h,yes,MN,3.203668763997621,3.237453687209197,1.4594249719100922,1.5039700136736553
20260930_MN_92,vLH92_MN_60x-1xzoom_0005_XY07_488.tif,5,0mM 2DG,1h,yes,MN,2.7125994926118864,2.3799156775763617,1.2357193361552443,1.1055978432334497
20260930_MN_92,vLH92_MN_60x-1xzoom_0005_XY07_488.tif,6,0mM 2DG,1h,yes,MN,1.4853288073183355,1.55478895624164,0.676638601736363,0.7222824459287125
20260930_MN_92,vLH92_MN_60x-1xzoom_0005_XY07_488.tif,7,0mM 2DG,1h,yes,MN,0.9999385319902572,0.9846959223000936,0.45552002140842535,0.45744380701942955
20260930_MN_92,vLH92_MN_60x-1xzoom_0005_XY07_488.tif,8,0mM 2DG,1h,yes,MN,1.767166618963172,1.7985803807508691,0.8050292596487342,0.8355365732390974
20260930_MN_92,vLH92_MN_60x-1xzoom_0005_XY07_488.tif,9,0mM 2DG,1h,yes,MN,0.7643250508096766,0.8073087883035074,0.3481867658553356,0.37503801650683855
20260930_MN_92,vLH92_MN_60x-1xzoom_0005_XY07_488.tif,10,0mM 2DG,1h,yes,MN,0.8713755646801002,0.9604044554824126,0.3969534158142887,0.44615912429909255
20260930_MN_92,vLH92_MN_60x-1xzoom_0005_XY07_488.tif,11,0mM 2DG,1h,yes,MN,2.362332232124382,1.5111406833855905,1.076155778104965,0.7020054937722994
20260930_MN_92,vLH92_MN_60x-1xzoom_0005_XY07_488.tif,12,0mM 2DG,1h,yes,MN,3.029587883057414,2.9123332993980893,1.380122770748938,1.3529342425570756
20260930_MN_92,vLH92_MN_60x-1xzoom_0005_XY07_488.tif,13,0mM 2DG,1h,yes,MN,1.6137521944309507,1.6224473248775326,0.7351416218474541,0.7537133689422176
20260930_MN_92,vLH92_MN_60x-1xzoom_0005_XY08_488.tif,1,0mM 2DG,1h,yes,MN,1.2265794065403175,1.2254329012035852,0.5587658237494773,0.5692789813367334
20260930_MN_92,vLH92_MN_60x-1xzoom_0005_XY08_488.tif,2,0mM 2DG,1h,yes,MN,2.0142728927226945,1.857882467898747,0.9175980341403552,0.8630855575445853
20260930_MN_92,vLH92_MN_60x-1xzoom_0005_XY08_488.tif,3,0mM 2DG,1h,yes,MN,2.383041090102461,2.22882504663184,1.0855896574162691,1.0354081817765535
20260930_MN_92,vLH92_MN_60x-1xzoom_0005_XY08_488.tif,4,0mM 2DG,1h,yes,MN,1.7458378632945388,1.687726526101472,0.7953129871700119,0.7840390417218046
20260930_MN_92,vLH92_MN_60x-1xzoom_0005_XY08_488.tif,5,0mM 2DG,1h,yes,MN,2.4041229376233195,2.428022356887562,1.0951934513764003,1.127945963123878
20260930_MN_92,vLH92_MN_60x-1xzoom_0005_XY08_488.tif,6,0mM 2DG,1h,yes,MN,2.0066371399032508,1.827731381250422,0.9141195820390451,0.8490787686975617
20260930_MN_92,vLH92_MN_60x-1xzoom_0005_XY09_488.tif,1,0mM 2DG,1h,yes,MN,4.116220918581137,4.0266967886218605,1.8751363018503588,1.8706155544927048
20260930_MN_92,vLH92_MN_60x-1xzoom_0005_XY09_488.tif,2,0mM 2DG,1h,yes,MN,2.07110460686252,1.946542529589548,0.9434876091626556,0.9042728877974442
20260930_MN_92,vLH92_MN_60x-1xzoom_0005_XY09_488.tif,3,0mM 2DG,1h,yes,MN,3.1995155336819443,3.152093976227211,1.457532976050561,1.4643158724576852
20260930_MN_92,vLH92_MN_60x-1xzoom_0005_XY09_488.tif,4,0mM 2DG,1h,yes,MN,3.149837382365323,3.111775981505525,1.4349021924300547,1.4455860122244908
20260930_MN_92,vLH92_MN_60x-1xzoom_0005_XY09_488.tif,5,0mM 2DG,1h,yes,MN,4.220957130236668,3.9242576391952384,1.9228486760106036,1.823027102626175
20260930_MN_92,vLH92_MN_60x-1xzoom_0005_XY09_488.tif,6,0mM 2DG,1h,yes,MN,2.86383253482857,2.7868097032596384,1.3046132495551894,1.2946218332254533
20260930_MN_92,vLH92_MN_60x-1xzoom_0005_XY09_488.tif,7,0mM 2DG,1h,yes,MN,2.0884966728928323,2.271841320382872,0.9514105304593238,1.0553915366202484
20260930_MN_92,vLH92_MN_60x-1xzoom_0005_XY09_488.tif,8,0mM 2DG,1h,yes,MN,1.7832191841639489,1.7356897318961435,0.8123419739906486,0.8063205105069311
20260930_MN_92,vLH92_MN_60x-1xzoom_0005_XY10_488.tif,1,0mM 2DG,1h,yes,MN,1.2246954764897278,1.1333509459272777,0.5579076031393878,0.5265019988942796
20260930_MN_92,vLH92_MN_60x-1xzoom_0005_XY10_488.tif,2,0mM 2DG,1h,yes,MN,2.134479047629614,2.0257043310555334,0.9723577103652913,0.9410477692740842
20260930_MN_92,vLH92_MN_60x-1xzoom_0005_XY10_488.tif,3,0mM 2DG,1h,yes,MN,1.6501809614133278,1.6386547978503594,0.7517366746280151,0.7612426050961935
20260930_MN_92,vLH92_MN_60x-1xzoom_0005_XY10_488.tif,4,0mM 2DG,1h,yes,MN,1.2219849042215931,1.2562044277869602,0.5566728073013355,0.5835739976451373
20260930_MN_92,vLH92_MN_60x-1xzoom_0005_XY10_488.tif,5,0mM 2DG,1h,yes,MN,1.4999999999999998,1.223000040971129,0.6833220345581156,0.5681487879222209
20260930_MN_92,vLH92_MN_60x-1xzoom_0005_XY10_488.tif,6,0mM 2DG,1h,yes,MN,3.2192739785053672,2.979829007757507,1.4665338965281915,1.3842896011913277
20260930_MN_92,vLH92_MN_60x-1xzoom_0005_XY10_488.tif,7,0mM 2DG,1h,yes,MN,2.278297049430103,2.3064743659109364,1.0378737167628866,1.0714804345594509
20260930_MN_92,vLH92_MN_60x-1xzoom_0005_XY10_488.tif,8,0mM 2DG,1h,yes,MN,1.2674707013083646,1.1560269046790592,0.5773937722405557,0.5370361919018031
20260930_MN_92,vLH92_MN_60x-1xzoom_0005_XY10_488.tif,9,0mM 2DG,1h,yes,MN,3.0990190820932204,3.02473462663054,1.411752016206909,1.4051506576744919
20260930_MN_92,vLH92_MN_60x-1xzoom_0005_XY10_488.tif,10,0mM 2DG,1h,yes,MN,1.4502684050568055,1.4739196942784054,0.6606669047991799,0.6847143579275928
20260930_MN_92,vLH92_MN_60x-1xzoom_0005_XY11_488.tif,1,0mM 2DG,1h,yes,MN,1.958223043930112,1.9689485962234,0.8920646363312738,0.9146817015126254
20260930_MN_92,vLH92_MN_60x-1xzoom_0005_XY11_488.tif,2,0mM 2DG,1h,yes,MN,3.6792980322143967,3.344339154643922,1.6760969447456087,1.553624017545412
20260930_MN_92,vLH92_MN_60x-1xzoom_0005_XY11_488.tif,3,0mM 2DG,1h,yes,MN,1.291976674039815,1.2872525168760558,0.5885574196710093,0.5979974919969966
20260930_MN_92,vLH92_MN_60x-1xzoom_0005_XY11_488.tif,4,0mM 2DG,1h,yes,MN,2.0658361045707214,1.9053422661968027,0.9410875533592518,0.8851331666817546
20260930_MN_92,vLH92_MN_60x-1xzoom_0005_XY11_488.tif,5,0mM 2DG,1h,yes,MN,1.3949200441135925,1.4283574816556948,0.6354530683930644,0.6635482786067021
20260930_MN_92,vLH92_MN_60x-1xzoom_0005_XY11_488.tif,6,0mM 2DG,1h,yes,MN,2.046328574590527,1.8657313138077856,0.9322009366424052,0.8667317653454187
20260930_MN_92,vLH92_MN_60x-1xzoom_0005_XY11_488.tif,7,0mM 2DG,1h,yes,MN,1.3585187405057406,1.3393964054902523,0.6188705264984744,0.6222211110658747
20260930_MN_92,vLH92_MN_60x-1xzoom_0005_XY12_488.tif,1,0mM 2DG,1h,yes,MN,3.801656118074844,3.787612363819488,1.7318369288621405,1.7595480797486416
20260930_MN_92,vLH92_MN_60x-1xzoom_0005_XY12_488.tif,2,0mM 2DG,1h,yes,MN,1.2213014995342126,1.0070631084546298,0.5563614836470638,0.46783455867700074
20260930_MN_92,vLH92_MN_60x-1xzoom_0005_XY12_488.tif,3,0mM 2DG,1h,yes,MN,2.6198821942651622,2.6393280762424154,1.1934821541919007,1.2261087466975924
20260930_MN_92,vLH92_MN_60x-1xzoom_0005_XY12_488.tif,4,0mM 2DG,1h,yes,MN,2.576874238550372,2.619277475618381,1.1738899649910903,1.2167941726501443
20260930_MN_92,vLH92_MN_60x-1xzoom_0005_XY12_488.tif,5,0mM 2DG,1h,yes,MN,1.9957069539140944,1.9745026577207208,0.9091403574202391,0.91726185948649
20260930_MN_92,vLH92_MN_60x-1xzoom_0005_XY12_488.tif,6,0mM 2DG,1h,yes,MN,2.3675475864382145,2.320510187368344,1.078531622452078,1.0780008226881272
20260930_MN_92,vLH92_MN_60x-1xzoom_0005_XY12_488.tif,7,0mM 2DG,1h,yes,MN,1.0443535198712235,1.05555556328952,0.47575318133088934,0.49036189188619583
20260930_MN_92,vLH92_MN_60x-1xzoom_0005_XY12_488.tif,8,0mM 2DG,1h,yes,MN,1.734815134901558,1.7289244370824597,0.7902916050420964,0.8031776700166897
20260930_MN_92,vLH92_MN_60x-1xzoom_0005_XY12_488.tif,9,0mM 2DG,1h,yes,MN,3.708324600577168,3.7476626341119608,1.6893199405788684,1.7409892982680384
20260930_MN_92,vLH92_MN_60x-1xzoom_0005_XY13_488.tif,1,0mM 2DG,1h,yes,MN,1.2520275084662988,1.2043783157439416,0.5703586562719465,0.5594980027526258
20260930_MN_92,vLH92_MN_60x-1xzoom_0005_XY13_488.tif,2,0mM 2DG,1h,yes,MN,1.5179430725478913,1.4391584906069204,0.6914959657845484,0.6685659236912461
20260930_MN_92,vLH92_MN_60x-1xzoom_0005_XY13_488.tif,3,0mM 2DG,1h,yes,MN,1.1826581871584614,1.177055704038272,0.5387575990906218,0.5468051914661116
20260930_MN_92,vLH92_MN_60x-1xzoom_0005_XY13_488.tif,4,0mM 2DG,1h,yes,MN,2.440225308342236,2.254882640178535,1.1116398149844147,1.047513324616916
20260930_MN_92,vLH92_MN_60x-1xzoom_0005_XY13_488.tif,5,0mM 2DG,1h,yes,MN,1.2427702924745316,1.2480062625811652,0.5661415498280543,0.5797655123885382
20260930_MN_92,vLH92_MN_60x-1xzoom_0005_XY13_488.tif,6,0mM 2DG,1h,yes,MN,3.2447526074168938,3.201058009388094,1.4781406355585751,1.4870622789664287
20260930_MN_92,vLH92_MN_60x-1xzoom_0005_XY13_488.tif,7,0mM 2DG,1h,yes,MN,1.4487124680351633,1.7562162487976605,0.659958100764998,0.8158561730639017
20260930_MN_92,vLH92_MN_60x-1xzoom_0005_XY13_488.tif,8,0mM 2DG,1h,yes,MN,2.1968733220437,2.047078842430748,1.000781298723565,0.9509773705197349
20260930_MN_92,vLH92_MN_60x-1xzoom_0005_XY13_488.tif,9,0mM 2DG,1h,yes,MN,2.10938386562721,2.0474656952371832,0.9609256498162988,0.9511570842938294
20260930_MN_92,vLH92_MN_60x-1xzoom_0005_XY13_488.tif,10,0mM 2DG,1h,yes,MN,1.6485094823479327,1.8803008443987212,0.7509752356442237,0.8735000898495315
20260930_MN_92,vLH92_MN_60x-1xzoom_0005_XY13_488.tif,11,0mM 2DG,1h,yes,MN,1.5619502067131694,1.5387334314275012,0.7115433287531415,0.7148237978035948
20260930_MN_92,vLH92_MN_60x-1xzoom_0005_XY13_488.tif,12,0mM 2DG,1h,yes,MN,2.1639390026869525,2.1078273663651528,0.9857781346504721,0.979198301905796
20260930_MN_92,vLH92_MN_60x-1xzoom_0005_XY14_488.tif,1,0mM 2DG,1h,yes,MN,1.3254362004571048,1.339779807907497,0.6037998407822183,0.6223992219500503
20260930_MN_92,vLH92_MN_60x-1xzoom_0005_XY14_488.tif,2,0mM 2DG,1h,yes,MN,3.5707433134140323,3.435565800698658,1.626645057204576,1.5960036632084258
20260930_MN_92,vLH92_MN_60x-1xzoom_0005_XY14_488.tif,3,0mM 2DG,1h,yes,MN,1.519443777884088,1.565787455848662,0.6921796091336164,0.727391835962527
20260930_MN_92,vLH92_MN_60x-1xzoom_0005_XY14_488.tif,4,0mM 2DG,1h,yes,MN,1.6649647642873326,1.7089846341882715,0.7584714068002625,0.7939145674277925
20260930_MN_92,vLH92_MN_60x-1xzoom_0005_XY14_488.tif,5,0mM 2DG,1h,yes,MN,2.0357376117423587,1.991216100113928,0.9273762444548453,0.9250261454387361
20260930_MN_92,vLH92_MN_60x-1xzoom_0005_XY14_488.tif,6,0mM 2DG,1h,yes,MN,2.610857682435398,2.406415359411585,1.189371055668962,1.117908359677138
20260930_MN_92,vLH92_MN_60x-1xzoom_0005_XY14_488.tif,7,0mM 2DG,1h,yes,MN,2.064100328191144,1.961761616497996,0.9402968238610979,0.9113429658764701
20260930_MN_92,vLH92_MN_60x-1xzoom_0005_XY14_488.tif,8,0mM 2DG,1h,yes,MN,1.3040521631389734,1.3340048987691728,0.5940583848573567,0.6197164684607744
20260930_MN_92,vLH92_MN_60x-1xzoom_0005_XY14_488.tif,9,0mM 2DG,1h,yes,MN,3.777049867778073,3.8972969731755054,1.7206276001850498,1.810502434427044
20260930_MN_92,vLH92_MN_60x-1xzoom_0005_XY14_488.tif,10,0mM 2DG,1h,yes,MN,3.398975789594308,3.393069465413482,1.5483967013062403,1.5762618475301229
20260930_MN_92,vLH92_MN_60x-1xzoom_0005_XY15_488.tif,1,0mM 2DG,1h,yes,MN,1.0712849829989164,1.0882945523727747,0.48802175611625065,0.505570899525051
20260930_MN_92,vLH92_MN_60x-1xzoom_0005_XY15_488.tif,2,0mM 2DG,1h,yes,MN,4.103932510627142,4.338152131363114,1.869538341900623,2.015303182900168
20260930_MN_92,vLH92_MN_60x-1xzoom_0005_XY15_488.tif,3,0mM 2DG,1h,yes,MN,1.3744122846362894,1.312079936955565,0.6261107991062249,0.6095311536101297
20260930_MN_92,vLH92_MN_60x-1xzoom_0005_XY15_488.tif,4,0mM 2DG,1h,yes,MN,1.925699561720368,1.9191312755420664,0.8772486283082891,0.8915388974125066
20260930_MN_92,vLH92_MN_60x-1xzoom_0005_XY15_488.tif,5,0mM 2DG,1h,yes,MN,1.5370527431751924,1.5251963107451774,0.7002013384597369,0.7085350827995365
20260930_MN_92,vLH92_MN_60x-1xzoom_0005_XY15_488.tif,6,0mM 2DG,1h,yes,MN,3.5378710172434684,3.4355067097398555,1.6116701476713315,1.5959762123045043
20260930_MN_92,vLH92_MN_60x-1xzoom_0005_XY15_488.tif,7,0mM 2DG,1h,yes,MN,2.020511712601463,2.100340168867205,0.9204401162022231,0.975720099092315
20260930_MN_92,vLH92_MN_60x-1xzoom_0005_XY15_488.tif,8,0mM 2DG,1h,yes,MN,3.2370294713317973,3.2778249818037044,1.4746223761833503,1.5227246345422754
20260930_MN_92,vLH92_MN_60x-1xzoom_0005_XY15_488.tif,9,0mM 2DG,1h,yes,MN,3.129790660225443,3.1504267102928907,1.4257699477908254,1.4635413384527838
20260930_MN_92,vLH92_MN_60x-1xzoom_0005_XY15_488.tif,10,0mM 2DG,1h,yes,MN,2.302404043966379,2.146949295368323,1.048855610465293,0.9973725257812759
20260930_MN_92,vLH92_MN_60x-1xzoom_0005_XY15_488.tif,11,0mM 2DG,1h,yes,MN,3.971512953035216,4.051899361446792,1.809214874227956,1.8823234945771847
20260930_MN_92,vLH92_MN_60x-1xzoom_0005_XY15_488.tif,12,0mM 2DG,1h,yes,MN,2.945600575401582,2.805870078946959,1.341862518785977,1.303476394943615
20260930_MN_92,vLH92_MN_60x-1xzoom_0005_XY15_488.tif,13,0mM 2DG,1h,yes,MN,2.1293882624522773,2.067475021809447,0.9700386132420407,0.9604524843415224
20260930_MN_92,vLH92_MN_60x-1xzoom_0005_XY15_488.tif,14,0mM 2DG,1h,yes,MN,1.54856904768105,1.5618144786150172,0.7054475682100926,0.7255461760082186
20260930_MN_92,vLH92_MN_60x-1xzoom_0005_XY15_488.tif,15,0mM 2DG,1h,yes,MN,3.471326230712711,3.3606535672174083,1.58135580172371,1.5612029328510315
20260930_MN_92,vLH92_MN_60x-1xzoom_0005_XY16_488.tif,1,0mM 2DG,1h,yes,MN,1.9430699727179408,1.880993569516332,0.8851616846976038,0.8738218976359167
20260930_MN_92,vLH92_MN_60x-1xzoom_0005_XY16_488.tif,2,0mM 2DG,1h,yes,MN,1.958938893784821,1.9092815969589023,0.892390740317379,0.88696319605439
20260930_MN_92,vLH92_MN_60x-1xzoom_0005_XY16_488.tif,3,0mM 2DG,1h,yes,MN,2.135376797143868,2.0120900880627888,0.9727666783816938,0.934723226840983
20260930_MN_92,vLH92_MN_60x-1xzoom_0005_XY16_488.tif,4,0mM 2DG,1h,yes,MN,1.0520901770127455,1.0225705461826304,0.4792776001966383,0.47503859110037405
20260930_MN_92,vLH92_MN_60x-1xzoom_0005_XY16_488.tif,5,0mM 2DG,1h,yes,MN,1.0018546869625622,1.0524333846236194,0.4563929220178948,0.4889114732719009
20260930_MN_92,vLH92_MN_60x-1xzoom_0005_XY16_488.tif,6,0mM 2DG,1h,yes,MN,1.2698700446115514,1.3620842141848617,0.5784867883389136,0.6327608090042478
20260930_MN_92,vLH92_MN_60x-1xzoom_0005_XY16_488.tif,7,0mM 2DG,1h,yes,MN,1.0506034478086743,1.0584657912127535,0.47860032364692967,0.49171384806916507
20260930_MN_92,vLH92_MN_60x-1xzoom_0005_XY16_488.tif,8,0mM 2DG,1h,yes,MN,3.2226377816072365,3.103177215351832,1.4680662703811396,1.4415914264483791
20260930_MN_92,vLH92_MN_60x-1xzoom_0005_XY16_488.tif,9,0mM 2DG,1h,yes,MN,2.865941136882192,2.6781554129550518,1.3055738190520925,1.2441461167323602
20260930_MN_92,vLH92_MN_60x-1xzoom_0005_XY16_488.tif,10,0mM 2DG,1h,yes,MN,2.1008715781351386,1.8347268773559264,0.9570478940777482,0.8523285499732034
20260930_MN_92,vLH92_MN_60x-1xzoom_0005_XY16_488.tif,11,0mM 2DG,1h,yes,MN,1.944352399241882,1.9775506145935284,0.8857458915652777,0.9186777981168353
20260930_MN_92,vLH92_MN_60x-1xzoom_0005_XY16_488.tif,12,0mM 2DG,1h,yes,MN,3.0528253154295357,2.948609585316527,1.3907085371265544,1.3697865133538243
20260930_MN_92,vLH92_MN_60x-1xzoom_0005_XY16_488.tif,13,0mM 2DG,1h,yes,MN,1.0945841466196862,1.075860499287658,0.49863564404214855,0.4997946182882489
20260930_MN_92,vLH92_MN_60x-1xzoom_0005_XY17_488.tif,1,0mM 2DG,1h,yes,MN,2.319269487510767,2.298846743526442,1.0565386299296105,1.0679369968919934
20260930_MN_92,vLH92_MN_60x-1xzoom_0005_XY17_488.tif,2,0mM 2DG,1h,yes,MN,2.355988961384053,2.67094093764194,1.0732661136596087,1.2407946079283338
20260930_MN_92,vLH92_MN_60x-1xzoom_0005_XY17_488.tif,3,0mM 2DG,1h,yes,MN,1.5416230962910171,1.5626956023175511,0.7022833537862399,0.7259555049917292
20260930_MN_92,vLH92_MN_60x-1xzoom_0005_XY17_488.tif,4,0mM 2DG,1h,yes,MN,2.078448970725266,2.108972847602544,0.9468333196008067,0.9797304390724431
20260930_MN_92,vLH92_MN_60x-1xzoom_0005_XY17_488.tif,5,0mM 2DG,1h,yes,MN,1.8604913247298027,1.7821456228426016,0.8475431448613951,0.8279017511028994
20260930_MN_92,vLH92_MN_60x-1xzoom_0005_XY17_488.tif,6,0mM 2DG,1h,yes,MN,2.679801902064688,2.653548713461415,1.2207784586210342,1.2327149916107494
20260930_MN_92,vLH92_MN_60x-1xzoom_0005_XY17_488.tif,7,0mM 2DG,1h,yes,MN,1.967812574033641,2.0555123571236678,0.8964331278118068,0.9548951881732012
20260930_MN_92,vLH92_MN_60x-1xzoom_0005_XY17_488.tif,8,0mM 2DG,1h,yes,MN,2.0409032979223385,2.3298899395381376,0.9297294625817737,1.0823582181482674
20260930_MN_92,vLH92_MN_60x-1xzoom_0005_XY17_488.tif,9,0mM 2DG,1h,yes,MN,3.07257032984263,3.227020472301466,1.399703339407311,1.4991232285506946
20260930_MN_92,vLH92_MN_60x-1xzoom_0005_XY18_488.tif,1,0mM 2DG,1h,yes,MN,1.9322463898808449,2.038828140502122,0.8802310229339687,0.9471444791516087
20260930_MN_92,vLH92_MN_60x-1xzoom_0005_XY18_488.tif,2,0mM 2DG,1h,yes,MN,1.2005035568699542,1.2297386592242825,0.5468870219830878,0.571279235726425
20260930_MN_92,vLH92_MN_60x-1xzoom_0005_XY18_488.tif,3,0mM 2DG,1h,yes,MN,2.1789754728934745,1.9098266460468245,0.9926279689265343,0.8872164004438317
20260930_MN_92,vLH92_MN_60x-1xzoom_0005_XY18_488.tif,4,0mM 2DG,1h,yes,MN,3.1406730284821447,3.060470352653524,1.4307273891361454,1.4217518095512796
20260930_MN_92,vLH92_MN_60x-1xzoom_0005_XY18_488.tif,5,0mM 2DG,1h,yes,MN,3.512513258245366,3.4123935684379023,1.6001184706910532,1.5852389246709302
20260930_MN_92,vLH92_MN_60x-1xzoom_0005_XY18_488.tif,6,0mM 2DG,1h,yes,MN,3.9070292589076008,3.976066138402338,1.779839454849886,1.8470949154164427
20260930_MN_92,vLH92_MN_60x-1xzoom_0005_XY18_488.tif,7,0mM 2DG,1h,yes,MN,2.7693715883371053,2.579709085156671,1.2615817521266341,1.1984125436004816
20260930_MN_92,vLH92_MN_60x-1xzoom_0005_XY19_488.tif,1,0mM 2DG,1h,yes,MN,2.130914621464226,1.9752646702678096,0.9707339430723814,0.9176158549815893
20260930_MN_92,vLH92_MN_60x-1xzoom_0005_XY19_488.tif,2,0mM 2DG,1h,yes,MN,3.533278593250975,3.3639304924928397,1.6095780780005955,1.5627252395239484
20260930_MN_92,vLH92_MN_60x-1xzoom_0005_XY19_488.tif,3,0mM 2DG,1h,yes,MN,4.058817980090484,4.054510072537992,1.8489865067043274,1.883536309207103
20260930_MN_92,vLH92_MN_60x-1xzoom_0005_XY19_488.tif,4,0mM 2DG,1h,yes,MN,2.4967647189959203,2.4006447606256263,1.1373962317314763,1.1152276085765702
20260930_MN_92,vLH92_MN_60x-1xzoom_0005_XY19_488.tif,5,0mM 2DG,1h,yes,MN,0.9408136760011004,0.9242762294544392,0.42858581015011454,0.4293756352231035
20260930_MN_92,vLH92_MN_60x-1xzoom_0005_XY20_488.tif,1,0mM 2DG,1h,yes,MN,1.8976189864639248,1.7890196554407176,0.8644565777644257,0.8310951060971121
20260930_MN_92,vLH92_MN_60x-1xzoom_0005_XY20_488.tif,2,0mM 2DG,1h,yes,MN,1.2296239409403953,1.0991905283401329,0.5601527553765062,0.5106326618567746
20260930_MN_92,vLH92_MN_60x-1xzoom_0005_XY20_488.tif,3,0mM 2DG,1h,yes,MN,1.9249279627245417,1.6238776382522122,0.8768971279111617,0.7543778258375158
20260930_MN_92,vLH92_MN_60x-1xzoom_0005_XY20_488.tif,4,0mM 2DG,1h,yes,MN,1.169234170771588,1.1206985864238184,0.5326423149643419,0.5206243026756118
20260930_MN_92,vLH92_MN_60x-1xzoom_0005_XY20_488.tif,5,0mM 2DG,1h,yes,MN,4.336939457833304,4.129657020578407,1.975684196054683,1.9184460770034426
20260930_MN_92,vLH92_MN_60x-1xzoom_0005_XY20_488.tif,6,0mM 2DG,1h,yes,MN,1.4763559637582226,1.4254935940435451,0.6725510405915176,0.6622178499713145
20260930_MN_92,vLH92_MN_60x-1xzoom_0005_XY20_488.tif,7,0mM 2DG,1h,yes,MN,2.6737520898017677,2.666437998884976,1.2180224786049052,1.238702752563533
20260930_MN_92,vLH92_MN_60x-1xzoom_0005_XY21_488.tif,1,0mM 2DG,1h,yes,MN,2.794086257768849,3.340312278289234,1.272840470926321,1.5517533185728984
20260930_MN_92,vLH92_MN_60x-1xzoom_0005_XY21_488.tif,2,0mM 2DG,1h,yes,MN,1.9972083252715664,2.1582611247533747,0.9098243041739825,1.002627474218724
20260930_MN_92,vLH92_MN_60x-1xzoom_0005_XY21_488.tif,3,0mM 2DG,1h,yes,MN,0.9836693713630033,1.0223078341313994,0.4481086374481801,0.47491654733219807
20260930_MN_92,vLH92_MN_60x-1xzoom_0005_XY21_488.tif,4,0mM 2DG,1h,yes,MN,3.30405737302289,3.4242506003948545,1.505156804287163,1.5907471487993188
20260930_MN_92,vLH92_MN_60x-1xzoom_0005_XY21_488.tif,5,0mM 2DG,1h,yes,MN,4.316628143167332,4.129040843781231,1.9664314168132817,1.9181598299971192
20260930_MN_92,vLH92_MN_60x-1xzoom_0005_XY21_488.tif,6,0mM 2DG,1h,yes,MN,2.9778511429646035,3.019254200724013,1.3565542010811888,1.402604707362325
20260930_MN_92,vLH92_MN_60x-1xzoom_0005_XY21_488.tif,7,0mM 2DG,1h,yes,MN,2.09062228882404,1.9540123686580773,0.9523788505945251,0.9077430266940782
20260930_MN_92,vLH92_MN_60x-1xzoom_0005_XY21_488.tif,8,0mM 2DG,1h,yes,MN,2.7842496921676747,2.6052689645719256,1.2683594429132152,1.2102864716648534
20260930_MN_92,vLH92_MN_60x-1xzoom_0005_XY21_488.tif,9,0mM 2DG,1h,yes,MN,1.686917701863354,1.7968387355736894,0.768472024112912,0.8347274861064269
20260930_MN_92,vLH92_MN_60x-1xzoom_0005_XY21_488.tif,10,0mM 2DG,1h,yes,MN,2.833319648575417,2.673463115845564,1.2907131645453596,1.2419662943071628
20260930_MN_92,vLH92_MN_60x-1xzoom_0005_XY21_488.tif,11,0mM 2DG,1h,yes,MN,2.4771123575176404,2.275252348143465,1.128443637312003,1.0569761410542853
20260930_MN_92,vLH92_MN_60x-1xzoom_0005_XY22_488.tif,1,0mM 2DG,1h,yes,MN,3.499979062414941,3.66862926052717,1.5944085425601224,1.704274078396134
20260930_MN_92,vLH92_MN_60x-1xzoom_0005_XY22_488.tif,2,0mM 2DG,1h,yes,MN,3.5433381269552933,3.552810771985868,1.6141606786922893,1.6504702094841806
20260930_MN_92,vLH92_MN_60x-1xzoom_0005_XY22_488.tif,3,0mM 2DG,1h,yes,MN,2.89203656846415,2.6964728184609648,1.3174615413195963,1.252655529150532
20260930_MN_92,vLH92_MN_60x-1xzoom_0005_XY22_488.tif,4,0mM 2DG,1h,yes,MN,4.166753947852734,4.042529064559395,1.898156523433194,1.8779704916003257
20260930_MN_92,vLH92_MN_60x-1xzoom_0005_XY22_488.tif,5,0mM 2DG,1h,yes,MN,2.8116261267594638,2.7172919001019884,1.2808307235693543,1.2623271036425565
20260930_MN_92,vLH92_MN_60x-1xzoom_0005_XY22_488.tif,6,0mM 2DG,1h,yes,MN,3.094577368664478,2.9550983722184667,1.4097286024355409,1.372800901162426
20260930_MN_92,vLH92_MN_60x-1xzoom_0005_XY22_488.tif,7,0mM 2DG,1h,yes,MN,2.3573265113634894,2.392638165833048,1.0738754319084565,1.1115081180006128
20260930_MN_92,vLH92_MN_60x-1xzoom_0005_XY22_488.tif,8,0mM 2DG,1h,yes,MN,1.7064741969048527,1.6516725728877428,0.7773809467666337,0.7672900563318129
20260930_MN_92,vLH92_MN_60x-1xzoom_0005_XY22_488.tif,9,0mM 2DG,1h,yes,MN,4.062676660873935,3.723091581698743,1.850744321106766,1.7295747331176905
20260930_MN_92,vLH92_MN_60x-1xzoom_0005_XY22_488.tif,10,0mM 2DG,1h,yes,MN,1.477426091753603,1.4725870358285864,0.6730385352842116,0.6840952669565266
20260930_MN_92,vLH92_MN_60x-1xzoom_0005_XY22_488.tif,11,0mM 2DG,1h,yes,MN,3.973501994782876,3.880912140877275,1.810120978263844,1.802890805401131
20260930_MN_92,vLH92_MN_60x-1xzoom_0005_XY23_488.tif,1,0mM 2DG,1h,yes,MN,5.201489268506351,4.8240886870629325,2.36952815312531,2.2410466464152834
20260930_MN_92,vLH92_MN_60x-1xzoom_0005_XY23_488.tif,2,0mM 2DG,1h,yes,MN,4.175144930318271,3.950764266218184,1.901979018906722,1.83534084548021
20260930_MN_92,vLH92_MN_60x-1xzoom_0005_XY23_488.tif,3,0mM 2DG,1h,yes,MN,2.9579161156244096,2.6566084667882537,1.3474728387871402,1.2341364103235435
20260930_MN_92,vLH92_MN_60x-1xzoom_0005_XY23_488.tif,4,0mM 2DG,1h,yes,MN,2.340968890264665,2.5053446513174067,1.06642374995527,1.1638662954116823
20260930_MN_92,vLH92_MN_60x-1xzoom_0005_XY23_488.tif,5,0mM 2DG,1h,yes,MN,1.209007792397394,1.3805665797732378,0.5507611096650689,0.6413468541842898
20260930_MN_92,vLH92_MN_60x-1xzoom_0005_XY23_488.tif,6,0mM 2DG,1h,yes,MN,4.30410073545799,4.10070548998207,1.9607245809974905,1.9049965459603029
20260930_MN_92,vLH92_MN_60x-1xzoom_0005_XY23_488.tif,7,0mM 2DG,1h,yes,MN,2.7210234867290435,2.552014388069493,1.2395568700214052,1.1855468787968575
20260930_MN_92,vLH92_MN_60x-1xzoom_0005_XY23_488.tif,8,0mM 2DG,1h,yes,MN,3.421707503828484,3.0257439658893204,1.5587520887859008,1.4056195496264685
20260930_MN_92,vLH92_MN_60x-1xzoom_0005_XY23_488.tif,9,0mM 2DG,1h,yes,MN,4.484043792219893,3.9625034955281486,2.042697284764924,1.840794343992198
20260930_MN_92,vLH92_MN_60x-1xzoom_0005_XY23_488.tif,10,0mM 2DG,1h,yes,MN,3.2707560996637643,3.290560203501212,1.4899864750437404,1.5286408246722565
20260930_MN_92,vLH92_MN_60x-1xzoom_0005_XY24_488.tif,1,0mM 2DG,1h,yes,MN,4.0377641334985,3.872163014039988,1.8393954685119884,1.7988263690630624
20260930_MN_92,vLH92_MN_60x-1xzoom_0005_XY24_488.tif,2,0mM 2DG,1h,yes,MN,3.2656540404701446,3.3823990341053425,1.4876622420646604,1.5713048627294413
20260930_MN_92,vLH92_MN_60x-1xzoom_0005_XY24_488.tif,3,0mM 2DG,1h,yes,MN,1.5695692593740316,1.6810012577475324,0.7150141731302254,0.7809147956582407
20260930_MN_92,vLH92_MN_60x-1xzoom_0005_XY24_488.tif,4,0mM 2DG,1h,yes,MN,1.919138183269052,1.964170442816822,0.874259605326383,0.9124619942554629
20260930_MN_92,vLH92_MN_60x-1xzoom_0005_XY24_488.tif,5,0mM 2DG,1h,yes,MN,4.072880784987015,3.816616771448952,1.8553927896733216,1.7730221749956023
20260930_MN_92,vLH92_MN_60x-1xzoom_0005_XY24_488.tif,6,0mM 2DG,1h,yes,MN,3.815324739600909,3.4162932896718567,1.738063642376004,1.5870505533038668
20260930_MN_92,vLH92_MN_60x-1xzoom_0005_XY24_488.tif,7,0mM 2DG,1h,yes,MN,1.7945262180224928,1.82959221603045,0.8174928709113404,0.849943225761649
20260930_MN_92,vLH92_MN_60x-1xzoom_0005_XY25_488.tif,1,0mM 2DG,1h,yes,MN,2.106967473915497,2.089188891679484,0.9598248673491407,0.9705397357188538
20260930_MN_92,vLH92_MN_60x-1xzoom_0005_XY25_488.tif,2,0mM 2DG,1h,yes,MN,4.802204549969599,4.79548860634722,2.1876347889663115,2.227760382597821
20260930_MN_92,vLH92_MN_60x-1xzoom_0005_XY25_488.tif,3,0mM 2DG,1h,yes,MN,4.181676772757332,4.228061236941484,1.904954586816637,1.9641600871262253
20260930_MN_92,vLH92_MN_60x-1xzoom_0005_XY25_488.tif,4,0mM 2DG,1h,yes,MN,2.4024354538990567,2.365941424097255,1.0944247215019025,1.0991060567164452
20260930_MN_92,vLH92_MN_60x-1xzoom_0005_XY25_488.tif,5,0mM 2DG,1h,yes,MN,4.213469224318342,4.080340134397218,1.91943757527281,1.8955357514357576
20260930_MN_92,vLH92_MN_60x-1xzoom_0005_XY25_488.tif,6,0mM 2DG,1h,yes,MN,3.5055891872452647,2.8837448574287032,1.596964223835577,1.3396533855584167
20260930_MN_92,vLH92_MN_60x-1xzoom_0006_XY1_488.tif,1,6mM 2DG,1h,yes,non-MN,3.611168598233995,3.406511644117425,,
20260930_MN_92,vLH92_MN_60x-1xzoom_0006_XY1_488.tif,2,6mM 2DG,1h,yes,non-MN,3.5421965183662563,3.28364503393545,,
20260930_MN_92,vLH92_MN_60x-1xzoom_0006_XY1_488.tif,3,6mM 2DG,1h,yes,non-MN,3.7361599804371743,3.460795157667208,,
20260930_MN_92,vLH92_MN_60x-1xzoom_0006_XY1_488.tif,4,6mM 2DG,1h,yes,non-MN,3.547520005640356,3.3545921167986923,,
20260930_MN_92,vLH92_MN_60x-1xzoom_0007_XY1_488.tif,1,2mM 2DG,1h,yes,non-MN,4.717107557415434,4.692554599893785,,
