source,image_name,cell_id,treatment,treat_time,pyruvate,cell_type,bright_median_SN_ratio_488_405,bright_mean_SN_ratio_488_405,bright_median_SN_ratio_488_405_norm,bright_mean_SN_ratio_488_405_norm
20260925_MN_92,vLH92_MN_60x-1xzoom_0000_XY01_488.tif,1,50mM 2DG,1h,yes,MN,0.5464263840685957,0.548387193480442,0.25282440121102184,0.27194036011064826
20260925_MN_92,vLH92_MN_60x-1xzoom_0000_XY01_488.tif,2,50mM 2DG,1h,yes,MN,1.5503792999849784,1.4266261068888302,0.7173403949679321,0.7074512714061711
20260925_MN_92,vLH92_MN_60x-1xzoom_0000_XY01_488.tif,3,50mM 2DG,1h,yes,MN,1.2899310965686783,1.359825515468879,0.5968343890446415,0.6743254488079932
20260925_MN_92,vLH92_MN_60x-1xzoom_0000_XY01_488.tif,4,50mM 2DG,1h,yes,MN,0.4964983538303145,0.5197934496086067,0.22972334914495873,0.2577609753659609
20260925_MN_92,vLH92_MN_60x-1xzoom_0000_XY01_488.tif,5,50mM 2DG,1h,yes,MN,1.1604890102744183,1.189705422492269,0.5369432144729109,0.5899643989948082
20260925_MN_92,vLH92_MN_60x-1xzoom_0000_XY01_488.tif,6,50mM 2DG,1h,yes,MN,1.1656017795447018,1.1079982542748086,0.5393088265058894,0.5494465367747636
20260925_MN_92,vLH92_MN_60x-1xzoom_0000_XY01_488.tif,7,50mM 2DG,1h,yes,MN,0.5628035020144855,0.5666077712654043,0.26040188128693287,0.28097578351800295
20260925_MN_92,vLH92_MN_60x-1xzoom_0000_XY01_488.tif,8,50mM 2DG,1h,yes,MN,0.5767126312690157,0.5816397526441359,0.2668374550031205,0.2884300101628027
20260925_MN_92,vLH92_MN_60x-1xzoom_0000_XY01_488.tif,9,50mM 2DG,1h,yes,MN,0.3701594680933954,0.3491396523251052,0.1712679852251695,0.1731352663062906
20260925_MN_92,vLH92_MN_60x-1xzoom_0000_XY01_488.tif,10,50mM 2DG,1h,yes,MN,0.4526516671571382,0.4162366091874061,0.20943605587648167,0.2064080539067062
20260925_MN_92,vLH92_MN_60x-1xzoom_0000_XY01_488.tif,11,50mM 2DG,1h,yes,MN,0.4271073485350533,0.4297326131329667,0.19761703093869346,0.21310060292433997
20260925_MN_92,vLH92_MN_60x-1xzoom_0000_XY01_488.tif,12,50mM 2DG,1h,yes,MN,0.2922137143508579,0.2922197710122247,0.13520349586034972,0.1449092004796237
20260925_MN_92,vLH92_MN_60x-1xzoom_0000_XY02_488.tif,1,50mM 2DG,1h,yes,MN,0.2675904330726666,0.2646662420453625,0.12381062295648974,0.13124564910816935
20260925_MN_92,vLH92_MN_60x-1xzoom_0000_XY02_488.tif,2,50mM 2DG,1h,yes,MN,0.5604482732332089,0.5889836016469143,0.25931214747520226,0.29207175994499374
20260925_MN_92,vLH92_MN_60x-1xzoom_0000_XY02_488.tif,3,50mM 2DG,1h,yes,MN,0.4710187932739862,0.4388154281772463,0.21793428692433764,0.21760469058963278
20260925_MN_92,vLH92_MN_60x-1xzoom_0000_XY02_488.tif,4,50mM 2DG,1h,yes,MN,1.1294880901643227,1.0335194989215646,0.5225994907942211,0.5125131805765459
20260925_MN_92,vLH92_MN_60x-1xzoom_0000_XY02_488.tif,5,50mM 2DG,1h,yes,MN,0.8223149672627025,0.7915188781612661,0.3804744706085695,0.3925072126419518
20260925_MN_92,vLH92_MN_60x-1xzoom_0000_XY02_488.tif,6,50mM 2DG,1h,yes,MN,1.0044216312343384,0.9765786525290664,0.46473286225567895,0.48427671835228125
20260925_MN_92,vLH92_MN_60x-1xzoom_0000_XY02_488.tif,7,50mM 2DG,1h,yes,MN,1.048299912816042,1.037126007649819,0.4850347740785718,0.5143016163641857
20260925_MN_92,vLH92_MN_60x-1xzoom_0000_XY02_488.tif,8,50mM 2DG,1h,yes,MN,0.8765632261062632,0.8780229224751491,0.4055744364205095,0.43540380330163836
20260925_MN_92,vLH92_MN_60x-1xzoom_0000_XY02_488.tif,9,50mM 2DG,1h,yes,MN,0.9311899142248572,0.7508433431697373,0.4308494965500932,0.3723365745147431
20260925_MN_92,vLH92_MN_60x-1xzoom_0000_XY02_488.tif,10,50mM 2DG,1h,yes,MN,0.9032087422565602,0.8634055480742076,0.4179029711729818,0.4281551765909455
20260925_MN_92,vLH92_MN_60x-1xzoom_0000_XY02_488.tif,11,50mM 2DG,1h,yes,MN,0.3340642295625198,0.3267551345740924,0.15456718648227422,0.16203498188958182
20260925_MN_92,vLH92_MN_60x-1xzoom_0000_XY02_488.tif,12,50mM 2DG,1h,yes,MN,0.7744837758112095,0.7348118273035289,0.3583435986548913,0.36438668755602843
20260925_MN_92,vLH92_MN_60x-1xzoom_0000_XY03_488.tif,1,50mM 2DG,1h,yes,MN,1.2874804228243195,1.2940049309749784,0.5957004940863349,0.6416856029786923
20260925_MN_92,vLH92_MN_60x-1xzoom_0000_XY03_488.tif,2,50mM 2DG,1h,yes,MN,0.9027709113167128,0.8061714722326425,0.41770039247541896,0.39977330447578197
20260925_MN_92,vLH92_MN_60x-1xzoom_0000_XY03_488.tif,3,50mM 2DG,1h,yes,MN,0.918161164848026,0.88074532058543,0.42482126318551927,0.43675381645160943
20260925_MN_92,vLH92_MN_60x-1xzoom_0000_XY03_488.tif,4,50mM 2DG,1h,yes,MN,0.7635342021293741,0.7160547578394737,0.3532773729192056,0.3550852226689613
20260925_MN_92,vLH92_MN_60x-1xzoom_0000_XY03_488.tif,5,50mM 2DG,1h,yes,MN,1.054935799049152,1.0465447630956033,0.4881051125766848,0.5189722939040179
20260925_MN_92,vLH92_MN_60x-1xzoom_0000_XY03_488.tif,6,50mM 2DG,1h,yes,MN,1.016778523489933,0.9854595913264564,0.470450236043687,0.48868069737184056
20260925_MN_92,vLH92_MN_60x-1xzoom_0000_XY03_488.tif,7,50mM 2DG,1h,yes,MN,0.8522153039076839,0.692620554972168,0.39430896859160686,0.3434644086849667
20260925_MN_92,vLH92_MN_60x-1xzoom_0000_XY03_488.tif,8,50mM 2DG,1h,yes,MN,0.8251921285514674,0.7761948208316958,0.38180569582248264,0.38490814811582486
20260925_MN_92,vLH92_MN_60x-1xzoom_0000_XY03_488.tif,9,50mM 2DG,1h,yes,MN,0.9586368202938592,0.8535124510886184,0.44354882402458695,0.42324927727590866
20260925_MN_92,vLH92_MN_60x-1xzoom_0000_XY03_488.tif,10,50mM 2DG,1h,yes,MN,0.5878576558025248,0.6415764415013137,0.27199411331303996,0.31815208417444185
20260925_MN_92,vLH92_MN_60x-1xzoom_0000_XY04_488.tif,1,50mM 2DG,1h,yes,MN,0.4730736571068563,0.4579267701926661,0.21888504576992507,0.22708183610225202
20260925_MN_92,vLH92_MN_60x-1xzoom_0000_XY04_488.tif,2,50mM 2DG,1h,yes,MN,0.4475276136096581,0.4048557120566531,0.20706522275479214,0.20076436765561653
20260925_MN_92,vLH92_MN_60x-1xzoom_0000_XY04_488.tif,3,50mM 2DG,1h,yes,MN,1.3519289891352562,1.2905039898223063,0.6255200098738922,0.6399495172182982
20260925_MN_92,vLH92_MN_60x-1xzoom_0000_XY04_488.tif,4,50mM 2DG,1h,yes,MN,0.894768280423666,0.8958759208749475,0.4139976789486991,0.4442569473422261
20260925_MN_92,vLH92_MN_60x-1xzoom_0000_XY04_488.tif,5,50mM 2DG,1h,yes,MN,1.7885496976895858,1.7152111791292526,0.8275387491131068,0.8505580569048314
20260925_MN_92,vLH92_MN_60x-1xzoom_0000_XY04_488.tif,6,50mM 2DG,1h,yes,MN,1.2441756643562627,1.2782913899260564,0.5756639439700068,0.6338933969201646
20260925_MN_92,vLH92_MN_60x-1xzoom_0000_XY04_488.tif,7,50mM 2DG,1h,yes,MN,0.6767085756742011,0.758464962926749,0.31310428161484194,0.3761160683577592
20260925_MN_92,vLH92_MN_60x-1xzoom_0000_XY04_488.tif,8,50mM 2DG,1h,yes,MN,1.0599323514903811,0.980850014699026,0.49041695259009577,0.4863948490826686
20260925_MN_92,vLH92_MN_60x-1xzoom_0000_XY04_488.tif,9,50mM 2DG,1h,yes,MN,0.4108349597806835,0.4083946105589334,0.19008800770144793,0.20251927613004184
20260925_MN_92,vLH92_MN_60x-1xzoom_0000_XY04_488.tif,10,50mM 2DG,1h,yes,MN,0.463769008820298,0.4742246084625635,0.2145799056813144,0.23516378998598922
20260925_MN_92,vLH92_MN_60x-1xzoom_0000_XY04_488.tif,11,50mM 2DG,1h,yes,MN,0.5470417070805045,0.5275201542866633,0.25310910318840235,0.2615925798921054
20260925_MN_92,vLH92_MN_60x-1xzoom_0000_XY05_488.tif,1,50mM 2DG,1h,yes,MN,0.506446242595532,0.4540612706060112,0.23432610826074884,0.22516496903806885
20260925_MN_92,vLH92_MN_60x-1xzoom_0000_XY05_488.tif,2,50mM 2DG,1h,yes,MN,0.471373662843647,0.4572016617908025,0.21809848047185537,0.22672226125756872
20260925_MN_92,vLH92_MN_60x-1xzoom_0000_XY05_488.tif,3,50mM 2DG,1h,yes,MN,0.5052837340907494,0.5049030098221593,0.2337882306523582,0.25037693794518756
20260925_MN_92,vLH92_MN_60x-1xzoom_0000_XY05_488.tif,4,50mM 2DG,1h,yes,MN,1.0847891283046132,1.015174931287982,0.5019178608502382,0.5034162716996459
20260925_MN_92,vLH92_MN_60x-1xzoom_0000_XY05_488.tif,5,50mM 2DG,1h,yes,MN,0.9662007820666688,0.9013854436743264,0.4470485710385481,0.4469890709802562
20260925_MN_92,vLH92_MN_60x-1xzoom_0000_XY05_488.tif,6,50mM 2DG,1h,yes,MN,0.4445447848095248,0.4461569430992804,0.20568510655378888,0.22124528292182197
20260925_MN_92,vLH92_MN_60x-1xzoom_0000_XY05_488.tif,7,50mM 2DG,1h,yes,MN,0.4524779782980062,0.4308201182517402,0.2093556922939619,0.21363988709643103
20260925_MN_92,vLH92_MN_60x-1xzoom_0000_XY05_488.tif,8,50mM 2DG,1h,yes,MN,0.4282513292772041,0.4344540944048142,0.19814633599160414,0.2154419437371569
20260925_MN_92,vLH92_MN_60x-1xzoom_0000_XY05_488.tif,9,50mM 2DG,1h,yes,MN,0.510797383871669,0.5259037650112817,0.23633932489851975,0.2607910267434322
20260925_MN_92,vLH92_MN_60x-1xzoom_0000_XY05_488.tif,10,50mM 2DG,1h,yes,MN,1.101080114624409,1.0533124875311348,0.5094554889398112,0.5223283486077164
20260925_MN_92,vLH92_MN_60x-1xzoom_0000_XY05_488.tif,11,50mM 2DG,1h,yes,MN,1.1851504128595334,1.121207466547247,0.5483537256110828,0.5559968683376632
20260925_MN_92,vLH92_MN_60x-1xzoom_0000_XY05_488.tif,12,50mM 2DG,1h,yes,MN,0.9271164863144492,1.0594705120962022,0.42896477428493285,0.525382058536948
20260925_MN_92,vLH92_MN_60x-1xzoom_0000_XY05_488.tif,13,50mM 2DG,1h,yes,MN,0.9891067749834802,0.8804144644085634,0.457646876889405,0.43658974779911064
20260925_MN_92,vLH92_MN_60x-1xzoom_0000_XY05_488.tif,14,50mM 2DG,1h,yes,MN,1.0305580416816802,0.9760034207315256,0.4768258404020731,0.48399146599039156
20260925_MN_92,vLH92_MN_60x-1xzoom_0000_XY05_488.tif,15,50mM 2DG,1h,yes,MN,0.4210810491593058,0.4294464398901422,0.19482874037364553,0.21295869214372196
20260925_MN_92,vLH92_MN_60x-1xzoom_0000_XY05_488.tif,16,50mM 2DG,1h,yes,MN,1.314692090930354,1.2412246155071116,0.6082909800062051,0.6155123112502865
20260925_MN_92,vLH92_MN_60x-1xzoom_0000_XY05_488.tif,17,50mM 2DG,1h,yes,MN,0.7728684255568866,0.6262467346172249,0.35759619704197065,0.31055021808418554
20260925_MN_92,vLH92_MN_60x-1xzoom_0000_XY05_488.tif,18,50mM 2DG,1h,yes,MN,0.9870640910244868,0.9274570526170308,0.4567017535134974,0.4599177513156694
20260925_MN_92,vLH92_MN_60x-1xzoom_0000_XY05_488.tif,19,50mM 2DG,1h,yes,MN,0.518761196836677,0.5545618293510808,0.2400240778733724,0.2750023074394265
20260925_MN_92,vLH92_MN_60x-1xzoom_0000_XY05_488.tif,20,50mM 2DG,1h,yes,MN,0.406979670590867,0.4039570220164717,0.18830421539322673,0.2003187152113942
20260925_MN_92,vLH92_MN_60x-1xzoom_0000_XY05_488.tif,21,50mM 2DG,1h,yes,MN,1.159242715204141,1.0843005869880216,0.5363665699073082,0.5376950731148431
20260925_MN_92,vLH92_MN_60x-1xzoom_0000_XY05_488.tif,22,50mM 2DG,1h,yes,MN,0.3209662361338792,0.3255521960056772,0.14850691479296602,0.16143845529053846
20260925_MN_92,vLH92_MN_60x-1xzoom_0000_XY06_488.tif,1,50mM 2DG,1h,yes,MN,1.0020246849590202,0.9369694039845768,0.4636238263004967,0.46463484224547746
20260925_MN_92,vLH92_MN_60x-1xzoom_0000_XY06_488.tif,2,50mM 2DG,1h,yes,MN,0.5347703208343284,0.55626848029059,0.24743129192201013,0.275848620549198
20260925_MN_92,vLH92_MN_60x-1xzoom_0000_XY06_488.tif,3,50mM 2DG,1h,yes,MN,0.915149527506807,0.8672267072601172,0.42342781764617854,0.4300500556424809
20260925_MN_92,vLH92_MN_60x-1xzoom_0000_XY06_488.tif,4,50mM 2DG,1h,yes,MN,1.013683225857814,0.9502563383062672,0.4690180819727515,0.47122371548534076
20260925_MN_92,vLH92_MN_60x-1xzoom_0000_XY06_488.tif,5,50mM 2DG,1h,yes,MN,0.9720137162249742,0.9212370205775784,0.4497381402846557,0.456833292428194
20260925_MN_92,vLH92_MN_60x-1xzoom_0000_XY06_488.tif,6,50mM 2DG,1h,yes,MN,0.9059076082410996,0.8891428024500193,0.4191517014619722,0.44091805345318064
20260925_MN_92,vLH92_MN_60x-1xzoom_0000_XY06_488.tif,7,50mM 2DG,1h,yes,MN,1.0207977251070135,0.9683544636415332,0.4723098685061949,0.48019841580568184
20260925_MN_92,vLH92_MN_60x-1xzoom_0000_XY06_488.tif,8,50mM 2DG,1h,yes,MN,1.0325680115401967,0.9882115201638,0.4777558273879648,0.49004535454823533
20260925_MN_92,vLH92_MN_60x-1xzoom_0000_XY06_488.tif,9,50mM 2DG,1h,yes,MN,1.511333746849556,1.4194821835863267,0.6992745239206493,0.7039086630108952
20260925_MN_92,vLH92_MN_60x-1xzoom_0000_XY06_488.tif,10,50mM 2DG,1h,yes,MN,1.4744319638918808,1.3916781079885736,0.6822005475316868,0.690120867780651
20260925_MN_92,vLH92_MN_60x-1xzoom_0000_XY07_488.tif,1,50mM 2DG,1h,yes,MN,0.7268872275687359,0.7079175480194045,0.33632129307089836,0.3510500522728014
20260925_MN_92,vLH92_MN_60x-1xzoom_0000_XY07_488.tif,2,50mM 2DG,1h,yes,MN,1.1257519998237069,0.957400191068286,0.5208708502476147,0.47476628890021416
20260925_MN_92,vLH92_MN_60x-1xzoom_0000_XY07_488.tif,3,50mM 2DG,1h,yes,MN,0.996627934135233,0.9644742158065208,0.4611268196857176,0.47827423521555024
20260925_MN_92,vLH92_MN_60x-1xzoom_0000_XY07_488.tif,4,50mM 2DG,1h,yes,MN,1.6678654367178427,1.4073308155108728,0.7716997067363658,0.6978829070312493
20260925_MN_92,vLH92_MN_60x-1xzoom_0000_XY07_488.tif,5,50mM 2DG,1h,yes,MN,1.0692301879459802,1.0316582567693628,0.4947189409328654,0.5115902070513794
20260925_MN_92,vLH92_MN_60x-1xzoom_0000_XY07_488.tif,6,50mM 2DG,1h,yes,MN,0.6151820736942891,0.628218204532634,0.28463676709649605,0.31152785258243315
20260925_MN_92,vLH92_MN_60x-1xzoom_0000_XY07_488.tif,7,50mM 2DG,1h,yes,MN,2.263934677604845,1.9707822493787732,1.0474932139705377,0.9772934907438733
20260925_MN_92,vLH92_MN_60x-1xzoom_0000_XY07_488.tif,8,50mM 2DG,1h,yes,MN,0.4920900925056978,0.4908448229473222,0.22768370380155598,0.2434056073840512
20260925_MN_92,vLH92_MN_60x-1xzoom_0000_XY08_488.tif,1,50mM 2DG,1h,yes,MN,0.9606493700512924,0.8853424840020846,0.4444800046962482,0.43903350913932193
20260925_MN_92,vLH92_MN_60x-1xzoom_0000_XY08_488.tif,2,50mM 2DG,1h,yes,MN,0.9113060917523188,0.8649808428446302,0.42164950976875454,0.4289363513379893
20260925_MN_92,vLH92_MN_60x-1xzoom_0000_XY08_488.tif,3,50mM 2DG,1h,yes,MN,0.9619738138814586,0.9400458001763516,0.4450928076795269,0.4661603999138188
20260925_MN_92,vLH92_MN_60x-1xzoom_0000_XY08_488.tif,4,50mM 2DG,1h,yes,MN,1.0053992104928051,0.940790659807326,0.4651851755001784,0.4665297692183671
20260925_MN_92,vLH92_MN_60x-1xzoom_0000_XY08_488.tif,5,50mM 2DG,1h,yes,MN,1.8104836960451165,1.6826955558527394,0.8376873256864232,0.8344338468427441
20260925_MN_92,vLH92_MN_60x-1xzoom_0000_XY08_488.tif,6,50mM 2DG,1h,yes,MN,0.9907180789655972,0.7889528805652295,0.45839240634465267,0.3912347571240165
20260925_MN_92,vLH92_MN_60x-1xzoom_0000_XY09_488.tif,1,50mM 2DG,1h,yes,MN,1.161842786842787,1.0870408583745594,0.5375695893337346,0.5390539494644648
20260925_MN_92,vLH92_MN_60x-1xzoom_0000_XY09_488.tif,2,50mM 2DG,1h,yes,MN,2.399342231193555,2.1537722534092496,1.1101445328922415,1.068036615645953
20260925_MN_92,vLH92_MN_60x-1xzoom_0000_XY09_488.tif,3,50mM 2DG,1h,yes,MN,1.1781414534357288,1.0571551507637602,0.5451107709860856,0.5242338913258677
20260925_MN_92,vLH92_MN_60x-1xzoom_0000_XY09_488.tif,4,50mM 2DG,1h,yes,MN,1.1506589358124817,1.1247718491443282,0.532394966507295,0.5577644141493562
20260925_MN_92,vLH92_MN_60x-1xzoom_0000_XY09_488.tif,5,50mM 2DG,1h,yes,MN,2.0895233842850764,1.9669388842539357,0.9667953705214651,0.9753875999635805
20260925_MN_92,vLH92_MN_60x-1xzoom_0000_XY09_488.tif,6,50mM 2DG,1h,yes,MN,1.739956587851563,1.4863884745882807,0.8050553474034314,0.7370869010971355
20260925_MN_92,vLH92_MN_60x-1xzoom_0000_XY09_488.tif,7,50mM 2DG,1h,yes,MN,0.9045874919879132,0.83139724712303,0.418540900792437,0.41228254318397356
20260925_MN_92,vLH92_MN_60x-1xzoom_0000_XY10_488.tif,1,50mM 2DG,1h,yes,MN,1.3364499399440413,1.292512869292841,0.6183580545635616,0.640945702784137
20260925_MN_92,vLH92_MN_60x-1xzoom_0000_XY10_488.tif,2,50mM 2DG,1h,yes,MN,0.573390887641066,0.5458852236528519,0.26530052730673115,0.27069965539691737
20260925_MN_92,vLH92_MN_60x-1xzoom_0000_XY10_488.tif,3,50mM 2DG,1h,yes,MN,1.3816898809310678,1.230254433839559,0.639289988533703,0.6100722951656294
20260925_MN_92,vLH92_MN_60x-1xzoom_0000_XY10_488.tif,4,50mM 2DG,1h,yes,MN,1.079230667326719,1.092136535710986,0.49934603304440045,0.5415808507968625
20260925_MN_92,vLH92_MN_60x-1xzoom_0000_XY11_488.tif,1,50mM 2DG,1h,yes,MN,0.4168946538350121,0.3992176624943537,0.192891749551174,0.19796850873235727
20260925_MN_92,vLH92_MN_60x-1xzoom_0000_XY11_488.tif,2,50mM 2DG,1h,yes,MN,0.8651182900301295,0.886174195192146,0.40027901292942186,0.43944594736403303
20260925_MN_92,vLH92_MN_60x-1xzoom_0000_XY11_488.tif,3,50mM 2DG,1h,yes,MN,1.089193458861705,0.776059353459872,0.503955687478486,0.3848409710440132
20260925_MN_92,vLH92_MN_60x-1xzoom_0000_XY11_488.tif,4,50mM 2DG,1h,yes,MN,0.4114733284454855,0.4172266143137015,0.19038337260353907,0.20689898869467505
20260925_MN_92,vLH92_MN_60x-1xzoom_0000_XY11_488.tif,5,50mM 2DG,1h,yes,MN,1.0421756718868902,0.901111559748712,0.4822011672269846,0.4468532543633739
20260925_MN_92,vLH92_MN_60x-1xzoom_0000_XY11_488.tif,6,50mM 2DG,1h,yes,MN,1.300948686722896,1.239864599958444,0.6019320851199812,0.6148378915656956
20260925_MN_92,vLH92_MN_60x-1xzoom_0000_XY11_488.tif,7,50mM 2DG,1h,yes,MN,0.4796467208605829,0.4898493794934027,0.2219263171215829,0.24291197577750218
20260925_MN_92,vLH92_MN_60x-1xzoom_0000_XY11_488.tif,8,50mM 2DG,1h,yes,MN,1.496503760998142,1.4593092924178597,0.6924128817998306,0.7236585741076053
20260925_MN_92,vLH92_MN_60x-1xzoom_0000_XY11_488.tif,9,50mM 2DG,1h,yes,MN,1.2783200120448013,1.418430823649793,0.5914620908215907,0.7033873029150616
20260925_MN_92,vLH92_MN_60x-1xzoom_0000_XY11_488.tif,10,50mM 2DG,1h,yes,MN,0.8873488310232464,0.7980859579335885,0.4105647959352371,0.39576376943137365
20260925_MN_92,vLH92_MN_60x-1xzoom_0000_XY11_488.tif,11,50mM 2DG,1h,yes,MN,1.4364135913940372,1.4645102074052656,0.6646099396437298,0.7262376618605553
20260925_MN_92,vLH92_MN_60x-1xzoom_0000_XY11_488.tif,12,50mM 2DG,1h,yes,MN,1.0571727780475957,1.117756229920667,0.48914013374750037,0.5542854306122439
20260925_MN_92,vLH92_MN_60x-1xzoom_0000_XY11_488.tif,13,50mM 2DG,1h,yes,MN,0.9868847925286928,0.9317268295891704,0.45661879442484643,0.46203509596047504
20260925_MN_92,vLH92_MN_60x-1xzoom_0000_XY11_488.tif,14,50mM 2DG,1h,yes,MN,0.602431211825796,0.5775165084336854,0.2787371086780593,0.28638532981879666
20260925_MN_92,vLH92_MN_60x-1xzoom_0000_XY11_488.tif,15,50mM 2DG,1h,yes,MN,0.3319707479439739,0.3202402180335664,0.15359855968809527,0.15880429238555233
20260925_MN_92,vLH92_MN_60x-1xzoom_0000_XY11_488.tif,16,50mM 2DG,1h,yes,MN,0.969064201437773,0.8693669298466149,0.448373438045381,0.4311113730981189
20260925_MN_92,vLH92_MN_60x-1xzoom_0000_XY11_488.tif,17,50mM 2DG,1h,yes,MN,0.6775856521836722,0.5426974246119348,0.3135100935408185,0.2691188540407707
20260925_MN_92,vLH92_MN_60x-1xzoom_0000_XY11_488.tif,18,50mM 2DG,1h,yes,MN,0.7678556666942213,0.7199536512421661,0.3552768585275451,0.3570186494312313
20260925_MN_92,vLH92_MN_60x-1xzoom_0000_XY11_488.tif,19,50mM 2DG,1h,yes,MN,0.4128867565252819,0.4192802198301254,0.19103734744506962,0.20791735351117846
20260925_MN_92,vLH92_MN_60x-1xzoom_0000_XY11_488.tif,20,50mM 2DG,1h,yes,MN,0.3848410566667535,0.3670151016374198,0.17806096585002137,0.181999543555872
20260925_MN_92,vLH92_MN_60x-1xzoom_0000_XY11_488.tif,21,50mM 2DG,1h,yes,MN,0.4580420472521302,0.4566324788913918,0.21193011483767027,0.22644000849077414
20260925_MN_92,vLH92_MN_60x-1xzoom_0000_XY12_488.tif,1,50mM 2DG,1h,yes,MN,0.4223987064865894,0.4170331328488135,0.19543840333005572,0.2068030429471049
20260925_MN_92,vLH92_MN_60x-1xzoom_0000_XY12_488.tif,2,50mM 2DG,1h,yes,MN,1.7799762832458077,1.3962044406156204,0.8235719414400533,0.6923654361061211
20260925_MN_92,vLH92_MN_60x-1xzoom_0000_XY12_488.tif,3,50mM 2DG,1h,yes,MN,0.368548594998711,0.3631445198215823,0.17052265513594855,0.18008015625917703
20260925_MN_92,vLH92_MN_60x-1xzoom_0000_XY12_488.tif,4,50mM 2DG,1h,yes,MN,0.4608575994318182,0.4135426970206196,0.21323283431583265,0.20507216668422582
20260925_MN_92,vLH92_MN_60x-1xzoom_0000_XY12_488.tif,5,50mM 2DG,1h,yes,MN,0.480713905167821,0.5003175606907189,0.2224200894600456,0.2481030542679287
20260925_MN_92,vLH92_MN_60x-1xzoom_0000_XY12_488.tif,6,50mM 2DG,1h,yes,MN,1.1903490535069483,1.0471724101774624,0.5507590692165792,0.5192835385419167
20260925_MN_92,vLH92_MN_60x-1xzoom_0000_XY12_488.tif,7,50mM 2DG,1h,yes,MN,0.9582133341316648,0.9407340217279712,0.4433528824696043,0.46650168289563954
20260925_MN_92,vLH92_MN_60x-1xzoom_0000_XY12_488.tif,8,50mM 2DG,1h,yes,MN,1.1961289350805846,0.9796294813324928,0.5534333454604251,0.48578959737882127
20260925_MN_92,vLH92_MN_60x-1xzoom_0000_XY12_488.tif,9,50mM 2DG,1h,yes,MN,0.9204471290703328,0.8893378040253831,0.4258789491841184,0.44101475301009413
20260925_MN_92,vLH92_MN_60x-1xzoom_0000_XY12_488.tif,10,50mM 2DG,1h,yes,MN,1.0830713146502622,1.0105646938628257,0.50112305075099,0.5011300957267247
20260925_MN_92,vLH92_MN_60x-1xzoom_0000_XY13_488.tif,1,50mM 2DG,1h,yes,MN,1.7015646083172882,1.6090143301115565,0.7872918763850915,0.7978959785269591
20260925_MN_92,vLH92_MN_60x-1xzoom_0000_XY13_488.tif,2,50mM 2DG,1h,yes,MN,0.8662097754774275,0.8303600561962416,0.4007840290902246,0.41176820937478265
20260925_MN_92,vLH92_MN_60x-1xzoom_0000_XY13_488.tif,3,50mM 2DG,1h,yes,MN,2.038327502416314,1.9551332531887649,0.9431076999489637,0.9695332919101404
20260925_MN_92,vLH92_MN_60x-1xzoom_0000_XY13_488.tif,4,50mM 2DG,1h,yes,MN,0.4677511734465803,0.4581155621758683,0.21642240160851905,0.22717545637732112
20260925_MN_92,vLH92_MN_60x-1xzoom_0000_XY14_488.tif,1,50mM 2DG,1h,yes,MN,0.5258931423096227,0.5189006189978853,0.24332393654828002,0.2573182285609955
20260925_MN_92,vLH92_MN_60x-1xzoom_0000_XY14_488.tif,2,50mM 2DG,1h,yes,MN,0.3965731534090909,0.386458528024694,0.18348925485712553,0.19164136677202412
20260925_MN_92,vLH92_MN_60x-1xzoom_0000_XY14_488.tif,3,50mM 2DG,1h,yes,MN,0.4522695405484723,0.4616664234828803,0.2092592508505175,0.22893629710083127
20260925_MN_92,vLH92_MN_60x-1xzoom_0000_XY14_488.tif,4,50mM 2DG,1h,yes,MN,0.5142829579925611,0.4457456133147544,0.2379520548392478,0.22104130811887607
20260925_MN_92,vLH92_MN_60x-1xzoom_0000_XY14_488.tif,5,50mM 2DG,1h,yes,MN,0.3955028174290673,0.3773274276199159,0.18299402428053957,0.18711333482342538
20260925_MN_92,vLH92_MN_60x-1xzoom_0000_XY14_488.tif,6,50mM 2DG,1h,yes,MN,1.939578883124809,1.8226354482221585,0.8974179944905688,0.9038288020444877
20260925_MN_92,vLH92_MN_60x-1xzoom_0000_XY14_488.tif,7,50mM 2DG,1h,yes,MN,1.217309216979991,1.1564222500227208,0.5632331872045709,0.5734595680749801
20260925_MN_92,vLH92_MN_60x-1xzoom_0000_XY14_488.tif,8,50mM 2DG,1h,yes,MN,1.0847476435013657,0.941864603638392,0.5018986663697991,0.4670623284678002
20260925_MN_92,vLH92_MN_60x-1xzoom_0000_XY14_488.tif,9,50mM 2DG,1h,yes,MN,0.7018464432453839,0.7470673219974057,0.32473524692271116,0.3704640790050063
20260925_MN_92,vLH92_MN_60x-1xzoom_0000_XY14_488.tif,10,50mM 2DG,1h,yes,MN,0.8562107358858319,0.8227264763474694,0.3961576031504532,0.4079827846280201
20260925_MN_92,vLH92_MN_60x-1xzoom_0000_XY14_488.tif,11,50mM 2DG,1h,yes,MN,1.034537784589133,0.9769868162224268,0.478667215831383,0.4844791231186144
20260925_MN_92,vLH92_MN_60x-1xzoom_0000_XY14_488.tif,12,50mM 2DG,1h,yes,MN,0.5946589015444347,0.6462239140705609,0.27514096151129885,0.3204567247260643
20260925_MN_92,vLH92_MN_60x-1xzoom_0000_XY14_488.tif,13,50mM 2DG,1h,yes,MN,1.345170389709977,1.2949771609147611,0.622392893573251,0.6421677232088473
20260925_MN_92,vLH92_MN_60x-1xzoom_0000_XY14_488.tif,14,50mM 2DG,1h,yes,MN,0.4714130934657386,0.4542225592979538,0.21811672450931466,0.2252449506742013
20260925_MN_92,vLH92_MN_60x-1xzoom_0000_XY14_488.tif,15,50mM 2DG,1h,yes,MN,0.5686573032298002,0.5996721716437865,0.2631103591903068,0.29737212729232304
20260925_MN_92,vLH92_MN_60x-1xzoom_0000_XY14_488.tif,16,50mM 2DG,1h,yes,MN,1.0193209807780377,0.8287391359405442,0.4716265980573283,0.4109644093530363
20260925_MN_92,vLH92_MN_60x-1xzoom_0000_XY14_488.tif,17,50mM 2DG,1h,yes,MN,0.508246593544928,0.5035930171256187,0.23515910729597406,0.2497273241506373
20260925_MN_92,vLH92_MN_60x-1xzoom_0000_XY14_488.tif,18,50mM 2DG,1h,yes,MN,1.425663690797017,1.348004310183015,0.6596361000547936,0.668463417636227
20260925_MN_92,vLH92_MN_60x-1xzoom_0000_XY15_488.tif,1,50mM 2DG,1h,yes,MN,0.9042291110654896,0.848765000079175,0.4183750825875353,0.4208950582998564
20260925_MN_92,vLH92_MN_60x-1xzoom_0000_XY15_488.tif,2,50mM 2DG,1h,yes,MN,0.7425984128913508,0.7163414488252088,0.34359065475861444,0.3552273901937105
20260925_MN_92,vLH92_MN_60x-1xzoom_0000_XY15_488.tif,3,50mM 2DG,1h,yes,MN,0.93637109130538,0.8082817758291795,0.4332467599896767,0.4008197853688583
20260925_MN_92,vLH92_MN_60x-1xzoom_0000_XY15_488.tif,4,50mM 2DG,1h,yes,MN,0.9017531778141228,0.8667313354005229,0.41722950038293094,0.42980440511765416
20260925_MN_92,vLH92_MN_60x-1xzoom_0000_XY15_488.tif,5,50mM 2DG,1h,yes,MN,0.829148015379186,0.7723606370604608,0.38363603335309315,0.38300681028759703
20260925_MN_92,vLH92_MN_60x-1xzoom_0000_XY15_488.tif,6,50mM 2DG,1h,yes,MN,1.131320265741916,1.110184699079954,0.523447214672174,0.5505307754199071
20260925_MN_92,vLH92_MN_60x-1xzoom_0000_XY15_488.tif,7,50mM 2DG,1h,yes,MN,1.153781492706952,1.1261409388076888,0.5338397330853905,0.5584433336071851
20260925_MN_92,vLH92_MN_60x-1xzoom_0000_XY16_488.tif,1,50mM 2DG,1h,yes,MN,1.59765708200213,1.272362605223864,0.7392152115536025,0.6309533650118697
20260925_MN_92,vLH92_MN_60x-1xzoom_0000_XY16_488.tif,2,50mM 2DG,1h,yes,MN,1.1934749288373112,1.1746959381234845,0.5522053711919248,0.5825213284183106
20260925_MN_92,vLH92_MN_60x-1xzoom_0000_XY16_488.tif,3,50mM 2DG,1h,yes,MN,1.2011343416370106,1.215652612071196,0.555749282158107,0.6028313808679076
20260925_MN_92,vLH92_MN_60x-1xzoom_0000_XY16_488.tif,4,50mM 2DG,1h,yes,MN,1.436648961854177,1.235227681892861,0.6647188425030766,0.6125384848991116
20260925_MN_92,vLH92_MN_60x-1xzoom_0000_XY16_488.tif,5,50mM 2DG,1h,yes,MN,1.4921376697189768,1.3967045583644866,0.6903927479895478,0.6926134400754721
20260925_MN_92,vLH92_MN_60x-1xzoom_0000_XY17_488.tif,1,50mM 2DG,1h,yes,MN,0.4530498281786941,0.4138614341288401,0.20962027981733697,0.2052302255977464
20260925_MN_92,vLH92_MN_60x-1xzoom_0000_XY17_488.tif,2,50mM 2DG,1h,yes,MN,0.999272477019122,0.9182151863314632,0.46235041538056276,0.455334791546239
20260925_MN_92,vLH92_MN_60x-1xzoom_0000_XY17_488.tif,3,50mM 2DG,1h,yes,MN,0.8505923621682441,0.8076977008177326,0.3935580544969779,0.40053014773538914
20260925_MN_92,vLH92_MN_60x-1xzoom_0000_XY17_488.tif,4,50mM 2DG,1h,yes,MN,3.984952754501693,3.7536293541047754,1.8437859579720202,1.8613916050786803
20260925_MN_92,vLH92_MN_60x-1xzoom_0000_XY17_488.tif,5,50mM 2DG,1h,yes,MN,0.4834150727480791,0.4954797524877865,0.22366988466752527,0.24570402795861243
20260925_MN_92,vLH92_MN_60x-1xzoom_0000_XY17_488.tif,6,50mM 2DG,1h,yes,MN,1.6965818034283393,1.528038898629792,0.7849863971858262,0.757740978083734
20260925_MN_92,vLH92_MN_60x-1xzoom_0000_XY17_488.tif,7,50mM 2DG,1h,yes,MN,0.5051007147498375,0.5099566459446719,0.2337035499769275,0.2528829914113564
20260925_MN_92,vLH92_MN_60x-1xzoom_0000_XY18_488.tif,1,50mM 2DG,1h,yes,MN,0.3855805632982486,0.365382416066636,0.17840312597762578,0.1811899092184096
20260925_MN_92,vLH92_MN_60x-1xzoom_0000_XY18_488.tif,2,50mM 2DG,1h,yes,MN,1.0129982571541014,0.8446395125974513,0.4687011558370204,0.41884926553746227
20260925_MN_92,vLH92_MN_60x-1xzoom_0000_XY18_488.tif,3,50mM 2DG,1h,yes,MN,1.070658541842193,1.0650272258565523,0.4953798217560763,0.5281375837552357
20260925_MN_92,vLH92_MN_60x-1xzoom_0000_XY18_488.tif,4,50mM 2DG,1h,yes,MN,1.14892803614484,1.1269234304583453,0.5315941016794119,0.558831364297531
20260925_MN_92,vLH92_MN_60x-1xzoom_0000_XY18_488.tif,5,50mM 2DG,1h,yes,MN,0.9873992288818788,0.914745459238655,0.4568568174536523,0.4536141845621199
20260925_MN_92,vLH92_MN_60x-1xzoom_0000_XY18_488.tif,6,50mM 2DG,1h,yes,MN,1.1157242795712727,1.0473581114044723,0.5162311541380377,0.5193756261383201
20260925_MN_92,vLH92_MN_60x-1xzoom_0000_XY19_488.tif,1,50mM 2DG,1h,yes,MN,1.0932804135130143,1.0196952521573917,0.5058466683912307,0.505657858847663
20260925_MN_92,vLH92_MN_60x-1xzoom_0000_XY19_488.tif,2,50mM 2DG,1h,yes,MN,0.910492242437772,0.8586391076505524,0.42127295224586514,0.4257915409323003
20260925_MN_92,vLH92_MN_60x-1xzoom_0000_XY19_488.tif,3,50mM 2DG,1h,yes,MN,1.1487747169173568,1.0463971900233258,0.5315231628612788,0.5188991137223964
20260925_MN_92,vLH92_MN_60x-1xzoom_0000_XY19_488.tif,4,50mM 2DG,1h,yes,MN,1.5806606818048463,1.461952662854075,0.7313511976115492,0.7249693981328127
20260925_MN_92,vLH92_MN_60x-1xzoom_0000_XY19_488.tif,5,50mM 2DG,1h,yes,MN,0.9511462662555302,0.9644605788608483,0.44008304181733254,0.4782674727747765
20260925_MN_92,vLH92_MN_60x-1xzoom_0000_XY19_488.tif,6,50mM 2DG,1h,yes,MN,1.05169593779327,1.0167448153396086,0.4866060707919047,0.5041947633190832
20260925_MN_92,vLH92_MN_60x-1xzoom_0000_XY19_488.tif,7,50mM 2DG,1h,yes,MN,1.3569520039584364,1.2369234739924435,0.6278440936882368,0.6133794132061832
20260925_MN_92,vLH92_MN_60x-1xzoom_0000_XY19_488.tif,8,50mM 2DG,1h,yes,MN,1.1266624378898404,1.1109357800233368,0.5212920981331872,0.5509032298182666
20260925_MN_92,vLH92_MN_60x-1xzoom_0000_XY20_488.tif,1,50mM 2DG,1h,yes,MN,0.8874583119548489,0.7810466293678714,0.4106154513424126,0.3873141170665979
20260925_MN_92,vLH92_MN_60x-1xzoom_0000_XY20_488.tif,2,50mM 2DG,1h,yes,MN,0.9264972301634676,0.90161533763492,0.42867825249511293,0.44710307336246774
20260925_MN_92,vLH92_MN_60x-1xzoom_0000_XY20_488.tif,3,50mM 2DG,1h,yes,MN,0.4590146662171275,0.4725570318433857,0.21238013301871228,0.23433685348615377
20260925_MN_92,vLH92_MN_60x-1xzoom_0000_XY20_488.tif,4,50mM 2DG,1h,yes,MN,0.4208935030510534,0.4211986911084761,0.1947419652216748,0.2088687064539514
20260925_MN_92,vLH92_MN_60x-1xzoom_0000_XY20_488.tif,5,50mM 2DG,1h,yes,MN,0.9443097176511348,0.8729723247386328,0.43691985944245043,0.43289925654421807
20260925_MN_92,vLH92_MN_60x-1xzoom_0000_XY20_488.tif,6,50mM 2DG,1h,yes,MN,0.6115555845317041,0.6497087381539166,0.2829588375935281,0.32218481817430017
20260925_MN_92,vLH92_MN_60x-1xzoom_0000_XY20_488.tif,7,50mM 2DG,1h,yes,MN,0.5236797653561525,0.5210365110051529,0.24229983573757477,0.2583773985206866
20260925_MN_92,vLH92_MN_60x-1xzoom_0000_XY20_488.tif,8,50mM 2DG,1h,yes,MN,0.949855667313157,0.9068934100916006,0.4394858984246955,0.449720422822163
20260925_MN_92,vLH92_MN_60x-1xzoom_0000_XY20_488.tif,9,50mM 2DG,1h,yes,MN,0.7954461367700563,0.7636221347757565,0.3680426112060942,0.37867346427517784
20260925_MN_92,vLH92_MN_60x-1xzoom_0000_XY20_488.tif,10,50mM 2DG,1h,yes,MN,0.5925729084127324,0.5335391445986374,0.274175799542863,0.264577343964644
20260925_MN_92,vLH92_MN_60x-1xzoom_0000_XY20_488.tif,11,50mM 2DG,1h,yes,MN,0.3346247718419783,0.3438901448207281,0.15482654212521066,0.17053208195385594
20260925_MN_92,vLH92_MN_60x-1xzoom_0000_XY20_488.tif,12,50mM 2DG,1h,yes,MN,0.4200293810135126,0.4086899053642638,0.19434214716185164,0.2026657102128487
20260925_MN_92,vLH92_MN_60x-1xzoom_0000_XY20_488.tif,13,50mM 2DG,1h,yes,MN,0.4547143520668835,0.4525806170977491,0.21039043343290634,0.2244307260560612
20260925_MN_92,vLH92_MN_60x-1xzoom_0000_XY20_488.tif,14,50mM 2DG,1h,yes,MN,0.4590140345155071,0.4723678816559087,0.21237984073856517,0.23424305558075223
20260925_MN_92,vLH92_MN_60x-1xzoom_0000_XY20_488.tif,15,50mM 2DG,1h,yes,MN,0.8359439039167471,0.7710406332974286,0.3867804028423783,0.3823522320936969
20260925_MN_92,vLH92_MN_60x-1xzoom_0000_XY20_488.tif,16,50mM 2DG,1h,yes,MN,0.6310934078250825,0.6222901547681619,0.29199873504199214,0.30858818512325514
20260925_MN_92,vLH92_MN_60x-1xzoom_0000_XY20_488.tif,17,50mM 2DG,1h,yes,MN,0.4104716783947608,0.3865770799448823,0.1899199221156401,0.19170015562094525
20260925_MN_92,vLH92_MN_60x-1xzoom_0000_XY21_488.tif,1,50mM 2DG,1h,yes,MN,0.939032184680049,0.9052366454339582,0.43447801338195957,0.44889884787844775
20260925_MN_92,vLH92_MN_60x-1xzoom_0000_XY21_488.tif,2,50mM 2DG,1h,yes,MN,1.0319666672358738,0.983475884232989,0.477477593177292,0.4876969945652016
20260925_MN_92,vLH92_MN_60x-1xzoom_0000_XY21_488.tif,3,50mM 2DG,1h,yes,MN,1.2078874337090617,1.2041131462190575,0.5588738502778355,0.5971090617900333
20260925_MN_92,vLH92_MN_60x-1xzoom_0000_XY21_488.tif,4,50mM 2DG,1h,yes,MN,1.1277438237066368,1.0721867912421486,0.5217924413259407,0.5316879489212016
20260925_MN_92,vLH92_MN_60x-1xzoom_0000_XY21_488.tif,5,50mM 2DG,1h,yes,MN,1.3253607014541462,1.368603354191149,0.6132272077325236,0.6786783014119672
20260925_MN_92,vLH92_MN_60x-1xzoom_0000_XY21_488.tif,6,50mM 2DG,1h,yes,MN,0.7121124333318478,0.6854600106604649,0.3294851873943314,0.33991355807820056
20260925_MN_92,vLH92_MN_60x-1xzoom_0000_XY21_488.tif,7,50mM 2DG,1h,yes,MN,1.110746414671667,0.9915156048050802,0.5139279606077739,0.4916838209053419
20260925_MN_92,vLH92_MN_60x-1xzoom_0000_XY21_488.tif,8,50mM 2DG,1h,yes,MN,0.9135485130474392,0.8920220490682484,0.42268704901966025,0.4423458463913039
20260925_MN_92,vLH92_MN_60x-1xzoom_0000_XY21_488.tif,9,50mM 2DG,1h,yes,MN,1.027792080655517,1.0056829751711105,0.47554606610749045,0.49870929459430147
20260925_MN_92,vLH92_MN_60x-1xzoom_0000_XY21_488.tif,10,50mM 2DG,1h,yes,MN,0.9499584738385184,0.9385627602846368,0.43953346567066476,0.4654249735453586
20260925_MN_92,vLH92_MN_60x-1xzoom_0000_XY21_488.tif,11,50mM 2DG,1h,yes,MN,0.988391268900089,0.942545625399968,0.45731582150414096,0.46740004113740286
20260925_MN_92,vLH92_MN_60x-1xzoom_0000_XY21_488.tif,12,50mM 2DG,1h,yes,MN,0.4050956307421026,0.4092103933019782,0.18743249458963945,0.20292381557872533
20260925_MN_92,vLH92_MN_60x-1xzoom_0000_XY22_488.tif,1,50mM 2DG,1h,yes,MN,1.140374478971396,1.1819515388370172,0.5276364817078099,0.5861193166542038
20260925_MN_92,vLH92_MN_60x-1xzoom_0000_XY22_488.tif,2,50mM 2DG,1h,yes,MN,2.1120720806108606,2.0465126899249526,0.9772283598734944,1.01484754656119
20260925_MN_92,vLH92_MN_60x-1xzoom_0000_XY22_488.tif,3,50mM 2DG,1h,yes,MN,1.144106125693091,1.0608302039456636,0.5293630662495715,0.5260563177019648
20260925_MN_92,vLH92_MN_60x-1xzoom_0000_XY22_488.tif,4,50mM 2DG,1h,yes,MN,2.336104835767132,1.9439647696237896,1.0808854101650656,0.9639949396680442
20260925_MN_92,vLH92_MN_60x-1xzoom_0000_XY22_488.tif,5,50mM 2DG,1h,yes,MN,0.9727117543817468,1.0369351432229683,0.45006111348681777,0.5142069683826369
20260925_MN_92,vLH92_MN_60x-1xzoom_0000_XY23_488.tif,1,50mM 2DG,1h,yes,MN,0.4096679531753373,0.3985307897733662,0.18954804888026308,0.19762789462371985
20260925_MN_92,vLH92_MN_60x-1xzoom_0000_XY23_488.tif,2,50mM 2DG,1h,yes,MN,0.3679629291670964,0.3766396695272072,0.1702516751512611,0.18677228166678034
20260925_MN_92,vLH92_MN_60x-1xzoom_0000_XY23_488.tif,3,50mM 2DG,1h,yes,MN,0.4288548152540697,0.4308215079763501,0.19842556112638668,0.21364057624857638
20260925_MN_92,vLH92_MN_60x-1xzoom_0000_XY23_488.tif,4,50mM 2DG,1h,yes,MN,0.4386140532162231,0.4351409685452422,0.20294103396224367,0.2157825585496823
20260925_MN_92,vLH92_MN_60x-1xzoom_0000_XY23_488.tif,5,50mM 2DG,1h,yes,MN,0.8820875856986533,0.8374043507820732,0.4081304859575411,0.41526141277043205
20260925_MN_92,vLH92_MN_60x-1xzoom_0000_XY23_488.tif,6,50mM 2DG,1h,yes,MN,0.8921108030396385,0.6530760990222395,0.4127680986283897,0.32385466265287455
20260925_MN_92,vLH92_MN_60x-1xzoom_0000_XY23_488.tif,7,50mM 2DG,1h,yes,MN,1.2659330582301696,1.108364491792664,0.5857308079400897,0.5496281507213978
20260925_MN_92,vLH92_MN_60x-1xzoom_0000_XY23_488.tif,8,50mM 2DG,1h,yes,MN,0.945909781597986,0.9243494497184273,0.4376601882791547,0.45837671851735834
20260925_MN_92,vLH92_MN_60x-1xzoom_0000_XY23_488.tif,9,50mM 2DG,1h,yes,MN,1.0833239364015657,1.0631674838450378,0.5012399355590232,0.5272153541365708
20260925_MN_92,vLH92_MN_60x-1xzoom_0000_XY23_488.tif,10,50mM 2DG,1h,yes,MN,0.5438899329955874,0.5480752343298889,0.25165081819521,0.2717856623264006
20260925_MN_92,vLH92_MN_60x-1xzoom_0000_XY23_488.tif,11,50mM 2DG,1h,yes,MN,1.114526682694178,1.0176975155090393,0.5156770415948453,0.5046671989088135
20260925_MN_92,vLH92_MN_60x-1xzoom_0000_XY23_488.tif,12,50mM 2DG,1h,yes,MN,1.0179714884763902,0.98979147993315,0.47100220547115323,0.4908288426269968
20260925_MN_92,vLH92_MN_60x-1xzoom_0000_XY23_488.tif,13,50mM 2DG,1h,yes,MN,1.5975081989383642,1.4505894286344845,0.739146325290888,0.7193344707631835
20260925_MN_92,vLH92_MN_60x-1xzoom_0000_XY23_488.tif,14,50mM 2DG,1h,yes,MN,1.550816467647137,1.5140584345281267,0.7175426667755105,0.7508081895585468
20260925_MN_92,vLH92_MN_60x-1xzoom_0000_XY23_488.tif,15,50mM 2DG,1h,yes,MN,0.4765371815552745,0.4542891112209671,0.22048757361316543,0.2252779531843355
20260925_MN_92,vLH92_MN_60x-1xzoom_0000_XY23_488.tif,16,50mM 2DG,1h,yes,MN,0.4551306364394932,0.4432752389866234,0.2105830428132494,0.21981627133394246
20260925_MN_92,vLH92_MN_60x-1xzoom_0000_XY23_488.tif,17,50mM 2DG,1h,yes,MN,0.9833067842101816,0.978596797230168,0.45496329637967503,0.48527749846403007
20260925_MN_92,vLH92_MN_60x-1xzoom_0000_XY23_488.tif,18,50mM 2DG,1h,yes,MN,0.4125487571260414,0.42512483728707,0.19088095950661324,0.21081564762680713
20260925_MN_92,vLH92_MN_60x-1xzoom_0000_XY23_488.tif,19,50mM 2DG,1h,yes,MN,0.4183000677263853,0.4165148135645293,0.19354201633165852,0.20654601299728792
20260925_MN_92,vLH92_MN_60x-1xzoom_0000_XY23_488.tif,20,50mM 2DG,1h,yes,MN,0.4906768871677894,0.4832119887473849,0.22702983201980823,0.23962055239795252
20260925_MN_92,vLH92_MN_60x-1xzoom_0000_XY23_488.tif,21,50mM 2DG,1h,yes,MN,0.8828465994762319,0.8422607658169352,0.4084816717886468,0.4176696660431705
20260925_MN_92,vLH92_MN_60x-1xzoom_0000_XY23_488.tif,22,50mM 2DG,1h,yes,MN,0.9214427520666536,0.8427317070002853,0.4263396110321106,0.4179032016116771
20260925_MN_92,vLH92_MN_60x-1xzoom_0000_XY23_488.tif,23,50mM 2DG,1h,yes,MN,0.5196636806830787,0.5382021418097882,0.24044164544463462,0.26688968304890914
20260925_MN_92,vLH92_MN_60x-1xzoom_0000_XY23_488.tif,24,50mM 2DG,1h,yes,MN,0.4361800835064646,0.434831512347533,0.20181486774410914,0.21562910195761745
20260925_MN_92,vLH92_MN_60x-1xzoom_0000_XY24_488.tif,1,50mM 2DG,1h,yes,MN,0.5027919660635443,0.5022007575763955,0.23263532190233738,0.24903691495128985
20260925_MN_92,vLH92_MN_60x-1xzoom_0000_XY24_488.tif,2,50mM 2DG,1h,yes,MN,0.40117133064668,0.3912729695424151,0.1856167718304086,0.19402880574876497
20260925_MN_92,vLH92_MN_60x-1xzoom_0000_XY24_488.tif,3,50mM 2DG,1h,yes,MN,0.4160387757259124,0.4014733365661403,0.1924957458501236,0.19908707755866556
20260925_MN_92,vLH92_MN_60x-1xzoom_0000_XY24_488.tif,4,50mM 2DG,1h,yes,MN,0.4702575633687653,0.4600742503755282,0.21758207571971316,0.2281467525357515
20260925_MN_92,vLH92_MN_60x-1xzoom_0000_XY24_488.tif,5,50mM 2DG,1h,yes,MN,0.3986228674180957,0.4057449654101276,0.18443763094599944,0.2012053405303452
20260925_MN_92,vLH92_MN_60x-1xzoom_0000_XY24_488.tif,6,50mM 2DG,1h,yes,MN,0.4924366031808963,0.3988791200263579,0.22784402979701393,0.19780062851605384
20260925_MN_92,vLH92_MN_60x-1xzoom_0000_XY24_488.tif,7,50mM 2DG,1h,yes,MN,0.3247309533245938,0.351184047209592,0.15024880061184653,0.1741490636518618
20260925_MN_92,vLH92_MN_60x-1xzoom_0000_XY24_488.tif,8,50mM 2DG,1h,yes,MN,0.4314161341113272,0.4370586138140834,0.19961065014345605,0.21673350188164353
20260925_MN_92,vLH92_MN_60x-1xzoom_0000_XY24_488.tif,9,50mM 2DG,1h,yes,MN,0.5609152682779389,0.5503235074347391,0.25952822002586,0.27290056107864846
20260925_MN_92,vLH92_MN_60x-1xzoom_0000_XY24_488.tif,10,50mM 2DG,1h,yes,MN,1.0436812233429231,0.978342654750058,0.48289776635993586,0.4851514714554088
20260925_MN_92,vLH92_MN_60x-1xzoom_0000_XY24_488.tif,11,50mM 2DG,1h,yes,MN,0.4810330912025827,0.443160937725962,0.2225677726987514,0.21975959034949408
20260925_MN_92,vLH92_MN_60x-1xzoom_0000_XY24_488.tif,12,50mM 2DG,1h,yes,MN,0.5979056838014358,0.5847784341745043,0.2766432055535372,0.28998645457979183
20260925_MN_92,vLH92_MN_60x-1xzoom_0000_XY24_488.tif,13,50mM 2DG,1h,yes,MN,0.3890802200254174,0.358402199165202,0.18002237175763833,0.1777284813798434
20260925_MN_92,vLH92_MN_60x-1xzoom_0000_XY24_488.tif,14,50mM 2DG,1h,yes,MN,0.4765720722501087,0.4519041662504249,0.2205037170851618,0.22409528006241755
20260925_MN_92,vLH92_MN_60x-1xzoom_0000_XY24_488.tif,15,50mM 2DG,1h,yes,MN,0.4213053732276305,0.4116136649147522,0.19493253221076204,0.2041155767204719
20260925_MN_92,vLH92_MN_60x-1xzoom_0000_XY24_488.tif,16,50mM 2DG,1h,yes,MN,0.5675148814703938,0.5763680238908906,0.26258177545849315,0.2858158064895465
20260925_MN_92,vLH92_MN_60x-1xzoom_0000_XY24_488.tif,17,50mM 2DG,1h,yes,MN,0.4926727067453786,0.4978336504024737,0.22795327185423225,0.24687130512006675
20260925_MN_92,vLH92_MN_60x-1xzoom_0000_XY24_488.tif,18,50mM 2DG,1h,yes,MN,0.5696922347878431,0.5936780601621359,0.2635892086000083,0.2943997004117497
20260925_MN_92,vLH92_MN_60x-1xzoom_0000_XY24_488.tif,19,50mM 2DG,1h,yes,MN,0.8084443154579558,0.7609320690083002,0.374056699909376,0.37733948444811344
20260925_MN_92,vLH92_MN_60x-1xzoom_0000_XY24_488.tif,20,50mM 2DG,1h,yes,MN,1.4390654273605326,1.336085186455907,0.6658369097533116,0.6625528295752956
20260925_MN_92,vLH92_MN_60x-1xzoom_0000_XY24_488.tif,21,50mM 2DG,1h,yes,MN,0.3858846224885587,0.3855268999347709,0.17854381022158647,0.19117938064019094
20260925_MN_92,vLH92_MN_60x-1xzoom_0000_XY24_488.tif,22,50mM 2DG,1h,yes,MN,1.3929945614889787,1.3526939225421497,0.6445205176155068,0.6707889549370318
20260925_MN_92,vLH92_MN_60x-1xzoom_0000_XY24_488.tif,23,50mM 2DG,1h,yes,MN,1.008948623155858,0.9950431768863284,0.46682744270643123,0.4934331127077317
20260925_MN_92,vLH92_MN_60x-1xzoom_0000_XY24_488.tif,24,50mM 2DG,1h,yes,MN,0.4094429722375371,0.4041393541748085,0.18944395311815934,0.2004091321164338
20260925_MN_92,vLH92_MN_60x-1xzoom_0000_XY24_488.tif,25,50mM 2DG,1h,yes,MN,0.9729416693363564,0.9976214059030646,0.45016749215450913,0.49471163367903515
20260925_MN_92,vLH92_MN_60x-1xzoom_0000_XY24_488.tif,26,50mM 2DG,1h,yes,MN,1.0795415465199334,1.0723239073776951,0.4994898728152552,0.531755943600364
20260925_MN_92,vLH92_MN_60x-1xzoom_0000_XY24_488.tif,27,50mM 2DG,1h,yes,MN,0.9195080454285768,0.91680598738248,0.42544444736221476,0.4546359822483379
20260925_MN_92,vLH92_MN_60x-1xzoom_0000_XY24_488.tif,28,50mM 2DG,1h,yes,MN,0.5821244435904827,0.620151214441936,0.2693414303775408,0.30752750352914754
20260925_MN_92,vLH92_MN_60x-1xzoom_0000_XY24_488.tif,29,50mM 2DG,1h,yes,MN,0.4296360910915573,0.4083126302052233,0.19878704732389182,0.20247862279755163
20260925_MN_92,vLH92_MN_60x-1xzoom_0000_XY24_488.tif,30,50mM 2DG,1h,yes,MN,0.7948347199359346,0.7721034100017038,0.3677597165665159,0.3828792536637003
20260925_MN_92,vLH92_MN_60x-1xzoom_0000_XY24_488.tif,31,50mM 2DG,1h,yes,MN,0.7239472424437512,0.6049904182834185,0.3349610000827394,0.300009398774102
20260925_MN_92,vLH92_MN_60x-1xzoom_0000_XY25_488.tif,1,50mM 2DG,1h,yes,MN,0.8923664657226973,0.8425303137198709,0.4128863904361078,0.4178033324647479
20260925_MN_92,vLH92_MN_60x-1xzoom_0000_XY25_488.tif,2,50mM 2DG,1h,yes,MN,1.4971742869563571,1.465065188362735,0.6927231254645306,0.7265128720099224
20260925_MN_92,vLH92_MN_60x-1xzoom_0000_XY25_488.tif,3,50mM 2DG,1h,yes,MN,0.2448377166472217,0.2709629624267144,0.11328323615031906,0.13436813706627296
20260925_MN_92,vLH92_MN_60x-1xzoom_0000_XY25_488.tif,4,50mM 2DG,1h,yes,MN,0.4236826997478971,0.3851573256227175,0.1960324903597339,0.1909961120068197
20260925_MN_92,vLH92_MN_60x-1xzoom_0000_XY25_488.tif,5,50mM 2DG,1h,yes,MN,0.6916397079004558,0.6442076272007331,0.32001272285151466,0.3194568658964162
20260925_MN_92,vLH92_MN_60x-1xzoom_0000_XY25_488.tif,6,50mM 2DG,1h,yes,MN,0.4353586645654584,0.4286934607647841,0.20143480785322873,0.21258529645370575
20260925_MN_92,vLH92_MN_60x-1xzoom_0000_XY25_488.tif,7,50mM 2DG,1h,yes,MN,0.8866066360889107,0.8382755482347335,0.4102213919647734,0.415693431883607
20260925_MN_92,vLH92_MN_60x-1xzoom_0000_XY25_488.tif,8,50mM 2DG,1h,yes,MN,0.4902729155252625,0.5084957523016194,0.22684291957998856,0.2521585471717787
20260925_MN_92,vLH92_MN_60x-1xzoom_0000_XY25_488.tif,9,50mM 2DG,1h,yes,MN,0.5771705796591423,0.6121529785355344,0.26704934178402084,0.3035612490678928
20260925_MN_92,vLH92_MN_60x-1xzoom_0000_XY25_488.tif,10,50mM 2DG,1h,yes,MN,0.9412530710397694,0.9017589465477251,0.43550558869754596,0.44717428775246015
20260925_MN_92,vLH92_MN_60x-1xzoom_0000_XY25_488.tif,11,50mM 2DG,1h,yes,MN,0.9779645587300004,0.8518273496006017,0.452491517934234,0.42241365034858036
20260925_MN_92,vLH92_MN_60x-1xzoom_0000_XY25_488.tif,12,50mM 2DG,1h,yes,MN,1.0112442283207288,0.957847545224913,0.46788958944411974,0.47498812787073796
20260925_MN_92,vLH92_MN_60x-1xzoom_0000_XY25_488.tif,13,50mM 2DG,1h,yes,MN,0.5958943216028236,0.5576364335935614,0.27571257434994073,0.27652697649595825
20260925_MN_92,vLH92_MN_60x-1xzoom_0000_XY25_488.tif,14,50mM 2DG,1h,yes,MN,0.8051493960584869,0.6776086943915284,0.3725321834356167,0.33602015976602184
20260925_MN_92,vLH92_MN_60x-1xzoom_0000_XY25_488.tif,15,50mM 2DG,1h,yes,MN,0.4388764794469319,0.430738701904432,0.20306245517574184,0.21359951344972827
20260925_MN_92,vLH92_MN_60x-1xzoom_0000_XY25_488.tif,16,50mM 2DG,1h,yes,MN,0.3378904640237369,0.3355854516405892,0.15633753554438823,0.16641385804041592
20260925_MN_92,vLH92_MN_60x-1xzoom_0000_XY26_488.tif,1,50mM 2DG,1h,yes,MN,1.3141104443822345,1.2353505187140816,0.608021859691864,0.6125993985925653
20260925_MN_92,vLH92_MN_60x-1xzoom_0000_XY26_488.tif,2,50mM 2DG,1h,yes,MN,1.119196321513101,1.062888579512814,0.5178376229150139,0.5270770479444441
20260925_MN_92,vLH92_MN_60x-1xzoom_0000_XY26_488.tif,3,50mM 2DG,1h,yes,MN,0.970258152552285,0.8760302067977682,0.44892586374150883,0.43441563321789545
20260925_MN_92,vLH92_MN_60x-1xzoom_0000_XY26_488.tif,4,50mM 2DG,1h,yes,MN,1.3232568819731476,1.2190082858385007,0.6122537977434612,0.6044954298164308
20260925_MN_92,vLH92_MN_60x-1xzoom_0000_XY26_488.tif,5,50mM 2DG,1h,yes,MN,0.6320289882858183,0.6079081480064195,0.2924316159874711,0.30145627514359313
20260925_MN_92,vLH92_MN_60x-1xzoom_0000_XY26_488.tif,6,50mM 2DG,1h,yes,MN,0.9569793448230496,0.933810299972982,0.4427819316203271,0.4630682705006347
20260925_MN_92,vLH92_MN_60x-1xzoom_0001_XY1_488.tif,1,50mM 2DG,1h,yes,non-MN,1.3983647798742138,1.3002932855619511,0.20448673378045432,0.1964012721830175
20260925_MN_92,vLH92_MN_60x-1xzoom_0001_XY1_488.tif,2,50mM 2DG,1h,yes,non-MN,1.2923931247245484,1.1873638809948657,0.18899020673204495,0.1793439829005762
20260925_MN_92,vLH92_MN_60x-1xzoom_0001_XY1_488.tif,3,50mM 2DG,1h,yes,non-MN,1.462608018684313,1.3283167662239987,0.2138811995599318,0.20063404590732672
20260925_MN_92,vLH92_MN_60x-1xzoom_0001_XY1_488.tif,4,50mM 2DG,1h,yes,non-MN,1.245797827903091,1.247298447182167,0.18217644812364545,0.18839672905994445
20260925_MN_92,vLH92_MN_60x-1xzoom_0001_XY1_488.tif,5,50mM 2DG,1h,yes,non-MN,1.425139366170294,1.2414098687294142,0.20840205528941053,0.18750729564341306
20260925_MN_92,vLH92_MN_60x-1xzoom_0001_XY1_488.tif,6,50mM 2DG,1h,yes,non-MN,1.21503536544291,1.196588697071804,0.17767796849797002,0.18073733441079495
20260925_MN_92,vLH92_MN_60x-1xzoom_0001_XY1_488.tif,7,50mM 2DG,1h,yes,non-MN,1.5209964966913196,1.3684506450203224,0.22241950753929804,0.2066960204947218
20260925_MN_92,vLH92_MN_60x-1xzoom_0001_XY1_488.tif,8,50mM 2DG,1h,yes,non-MN,1.4854654465130956,1.1976260255609297,0.2172237041957756,0.1808940164741403
20260925_MN_92,vLH92_MN_60x-1xzoom_0001_XY1_488.tif,9,50mM 2DG,1h,yes,non-MN,1.5248686030428769,1.521514265945457,0.22298573631742252,0.22981533535117254
20260925_MN_92,vLH92_MN_60x-1xzoom_0001_XY2_488.tif,1,50mM 2DG,1h,yes,non-MN,4.438867165679812,4.290653806297334,0.6491077732069427,0.6480767649965332
20260925_MN_92,vLH92_MN_60x-1xzoom_0001_XY2_488.tif,2,50mM 2DG,1h,yes,non-MN,3.913799313602229,3.856753649167883,0.572325654814257,0.5825388253587028
20260925_MN_92,vLH92_MN_60x-1xzoom_0001_XY2_488.tif,3,50mM 2DG,1h,yes,non-MN,4.488919264517836,4.394893153778661,0.6564270294965387,0.6638214748125286
20260925_MN_92,vLH92_MN_60x-1xzoom_0001_XY2_488.tif,4,50mM 2DG,1h,yes,non-MN,3.979670700989126,3.826017464520719,0.5819582092451153,0.5778963144469078
20260925_MN_92,vLH92_MN_60x-1xzoom_0001_XY2_488.tif,5,50mM 2DG,1h,yes,non-MN,4.494430971383218,4.534166652240956,0.6572330215743417,0.6848578768174448
20260925_MN_92,vLH92_MN_60x-1xzoom_0001_XY2_488.tif,6,50mM 2DG,1h,yes,non-MN,3.862096159581166,3.821977472899924,0.5647649601771495,0.5772860986573293
20260925_MN_92,vLH92_MN_60x-1xzoom_0001_XY2_488.tif,7,50mM 2DG,1h,yes,non-MN,4.072598661911639,3.77511141150453,0.5955473209557463,0.5702072694558966
20260925_MN_92,vLH92_MN_60x-1xzoom_0001_XY2_488.tif,8,50mM 2DG,1h,yes,non-MN,4.203650103372068,3.897766432962632,0.6147113342426612,0.5887335531193515
20260925_MN_92,vLH92_MN_60x-1xzoom_0001_XY2_488.tif,9,50mM 2DG,1h,yes,non-MN,4.6903621695846205,4.398889850222933,0.6858845804111565,0.6644251511330176
20260925_MN_92,vLH92_MN_60x-1xzoom_0001_XY3_488.tif,1,50mM 2DG,1h,yes,non-MN,2.4867629671515963,2.531561468939642,0.36364619887291694,0.3823767288734228
20260925_MN_92,vLH92_MN_60x-1xzoom_0001_XY4_488.tif,1,50mM 2DG,1h,yes,non-MN,1.3711523180775145,1.3773231345626955,0.20050738053084444,0.20803615525731847
20260925_MN_92,vLH92_MN_60x-1xzoom_0001_XY4_488.tif,2,50mM 2DG,1h,yes,non-MN,2.404745601238501,2.4169133486370207,0.35165257352549234,0.36505983819126003
20260925_MN_92,vLH92_MN_60x-1xzoom_0001_XY4_488.tif,3,50mM 2DG,1h,yes,non-MN,2.7597739466624587,2.8008305250505594,0.40356934645920023,0.42304815720956856
20260925_MN_92,vLH92_MN_60x-1xzoom_0001_XY4_488.tif,4,50mM 2DG,1h,yes,non-MN,1.8120171500222464,1.9212337878045824,0.2649762593388164,0.29019050107818145
20260925_MN_92,vLH92_MN_60x-1xzoom_0001_XY4_488.tif,5,50mM 2DG,1h,yes,non-MN,2.7770184117917074,2.7627012128175537,0.40609105209768764,0.41728896002445853
20260925_MN_92,vLH92_MN_60x-1xzoom_0001_XY4_488.tif,6,50mM 2DG,1h,yes,non-MN,2.519860049346762,2.630291273850656,0.3684860763735227,0.39728925630258977
20260925_MN_92,vLH92_MN_60x-1xzoom_0001_XY4_488.tif,7,50mM 2DG,1h,yes,non-MN,2.554179826448276,2.4874563654507846,0.3735047519183924,0.37571492531636475
20260925_MN_92,vLH92_MN_60x-1xzoom_0001_XY4_488.tif,8,50mM 2DG,1h,yes,non-MN,2.5739111404321187,2.567928012173748,0.37639011631531,0.3878696706853851
20260925_MN_92,vLH92_MN_60x-1xzoom_0001_XY4_488.tif,9,50mM 2DG,1h,yes,non-MN,1.2844896833675026,1.5710419950077472,0.18783446473111082,0.23729619301934526
20260925_MN_92,vLH92_MN_60x-1xzoom_0001_XY4_488.tif,10,50mM 2DG,1h,yes,non-MN,2.718142358436161,2.677990061717831,0.3974814446320002,0.40449386369595364
20260925_MN_92,vLH92_MN_60x-1xzoom_0001_XY4_488.tif,11,50mM 2DG,1h,yes,non-MN,2.706976861657028,2.651275458280014,0.39584868328084083,0.4004587877947622
20260925_MN_92,vLH92_MN_60x-1xzoom_0001_XY4_488.tif,12,50mM 2DG,1h,yes,non-MN,2.3056591366882526,2.310123148597823,0.3371628868647945,0.34892983784652004
20260925_MN_92,vLH92_MN_60x-1xzoom_0001_XY4_488.tif,13,50mM 2DG,1h,yes,non-MN,2.809846173574341,2.7059152194077227,0.41089154613248263,0.40871178634240934
20260925_MN_92,vLH92_MN_60x-1xzoom_0001_XY4_488.tif,14,50mM 2DG,1h,yes,non-MN,2.657839342197915,2.652853802204503,0.38866316845317805,0.40069718689914424
20260925_MN_92,vLH92_MN_60x-1xzoom_0001_XY4_488.tif,15,50mM 2DG,1h,yes,non-MN,1.4053412845746398,1.456251056764335,0.20550692728069567,0.2199577305690489
20260925_MN_92,vLH92_MN_60x-1xzoom_0001_XY4_488.tif,16,50mM 2DG,1h,yes,non-MN,2.1511393124628566,2.3385093305862834,0.3145670273187443,0.35321739536670127
20260925_MN_92,vLH92_MN_60x-1xzoom_0001_XY4_488.tif,17,50mM 2DG,1h,yes,non-MN,2.511701185700365,2.4610395589826703,0.3672929832676151,0.3717248298087132
20260925_MN_92,vLH92_MN_60x-1xzoom_0001_XY4_488.tif,18,50mM 2DG,1h,yes,non-MN,2.329788029351552,2.3457464499479386,0.3406913213058429,0.3543105175610185
20260925_MN_92,vLH92_MN_60x-1xzoom_0001_XY5_488.tif,1,50mM 2DG,1h,yes,non-MN,2.670954876045984,2.6558887209112525,0.39058108909661693,0.4011555926308327
20260925_MN_92,vLH92_MN_60x-1xzoom_0001_XY5_488.tif,2,50mM 2DG,1h,yes,non-MN,2.9756848993845466,2.8698697141899685,0.4351425998370044,0.4334761004497768
20260925_MN_92,vLH92_MN_60x-1xzoom_0001_XY5_488.tif,3,50mM 2DG,1h,yes,non-MN,3.247931293881645,3.294688504910859,0.47495394005055325,0.4976423557640736
20260925_MN_92,vLH92_MN_60x-1xzoom_0001_XY5_488.tif,4,50mM 2DG,1h,yes,non-MN,2.335652957520839,2.380137029051522,0.3415489659079205,0.35950500219156506
20260925_MN_92,vLH92_MN_60x-1xzoom_0001_XY5_488.tif,5,50mM 2DG,1h,yes,non-MN,3.17718799850013,3.320001364334152,0.46460895309319217,0.5014657068868752
20260925_MN_92,vLH92_MN_60x-1xzoom_0001_XY5_488.tif,6,50mM 2DG,1h,yes,non-MN,2.833998189650075,2.827389712168631,0.4144233619738285,0.4270597584352734
20260925_MN_92,vLH92_MN_60x-1xzoom_0001_XY5_488.tif,7,50mM 2DG,1h,yes,non-MN,3.20066439959954,3.154164488634555,0.4680419718954606,0.4764170707646162
20260925_MN_92,vLH92_MN_60x-1xzoom_0001_XY5_488.tif,8,50mM 2DG,1h,yes,non-MN,2.929912702483737,2.969165047995646,0.42844920539736153,0.44847404752665054
20260925_MN_92,vLH92_MN_60x-1xzoom_0001_XY5_488.tif,9,50mM 2DG,1h,yes,non-MN,3.409672456490532,3.316626928782669,0.4986057958007529,0.5009560192321209
20260925_MN_92,vLH92_MN_60x-1xzoom_0001_XY6_488.tif,1,50mM 2DG,1h,yes,non-MN,4.329051858403676,4.225889987646054,0.633049178320125,0.6382945900704784
20260925_MN_92,vLH92_MN_60x-1xzoom_0001_XY6_488.tif,2,50mM 2DG,1h,yes,non-MN,4.322475459393362,4.345327754645604,0.6320874933771038,0.6563349273127588
20260925_MN_92,vLH92_MN_60x-1xzoom_0001_XY6_488.tif,3,50mM 2DG,1h,yes,non-MN,4.139391504162533,4.059197779549004,0.6053146222696616,0.6131167612707948
20260925_MN_92,vLH92_MN_60x-1xzoom_0001_XY6_488.tif,4,50mM 2DG,1h,yes,non-MN,4.936618239838763,4.688228387306788,0.7218952839161528,0.7081279506520379
20260925_MN_92,vLH92_MN_60x-1xzoom_0001_XY6_488.tif,5,50mM 2DG,1h,yes,non-MN,3.4242786718863267,3.455686812341737,0.5007417029132365,0.5219601560248598
20260925_MN_92,vLH92_MN_60x-1xzoom_0001_XY6_488.tif,6,50mM 2DG,1h,yes,non-MN,4.197694501871091,4.0663034381949785,0.6138404302295164,0.6141900271357066
20260925_MN_92,vLH92_MN_60x-1xzoom_0001_XY6_488.tif,7,50mM 2DG,1h,yes,non-MN,4.238583728050663,4.13540889239232,0.6198197744096688,0.624627979303765
20260925_MN_92,vLH92_MN_60x-1xzoom_0001_XY6_488.tif,8,50mM 2DG,1h,yes,non-MN,3.819985420730146,3.792774778241171,0.5586069908341993,0.5728752119398204
20260925_MN_92,vLH92_MN_60x-1xzoom_0001_XY6_488.tif,9,50mM 2DG,1h,yes,non-MN,3.780663715819983,3.725782612153052,0.5528568696072607,0.5627564588922597
20260925_MN_92,vLH92_MN_60x-1xzoom_0001_XY6_488.tif,10,50mM 2DG,1h,yes,non-MN,2.833822309811929,2.8282784673867263,0.4143976425806073,0.4271939994233884
20260925_MN_92,vLH92_MN_60x-1xzoom_0001_XY6_488.tif,11,50mM 2DG,1h,yes,non-MN,3.326421157269343,3.218549196566049,0.4864317289866191,0.4861419833572492
20260925_MN_92,vLH92_MN_60x-1xzoom_0001_XY6_488.tif,12,50mM 2DG,1h,yes,non-MN,3.56002846644655,3.4566160042597227,0.5205927693162996,0.5221005047268188
20260925_MN_92,vLH92_MN_60x-1xzoom_0001_XY6_488.tif,13,50mM 2DG,1h,yes,non-MN,3.752240921580815,3.705479915372263,0.5487005261105343,0.5596898619015894
20260925_MN_92,vLH92_MN_60x-1xzoom_0001_XY6_488.tif,14,50mM 2DG,1h,yes,non-MN,4.547340786488357,4.537686195062719,0.6649701695857146,0.6853894820294166
20260925_MN_92,vLH92_MN_60x-1xzoom_0001_XY6_488.tif,15,50mM 2DG,1h,yes,non-MN,3.4428462205587,3.3696808507853917,0.5034568867028802,0.5089694865716297
20260925_MN_92,vLH92_MN_60x-1xzoom_0001_XY6_488.tif,16,50mM 2DG,1h,yes,non-MN,3.5973373891904616,3.5743536092299983,0.5260485558625368,0.5398840429921495
20260925_MN_92,vLH92_MN_60x-1xzoom_0001_XY6_488.tif,17,50mM 2DG,1h,yes,non-MN,2.939906050303996,2.757705545492132,0.42991056017739304,0.4165343953204719
20260925_MN_92,vLH92_MN_60x-1xzoom_0001_XY6_488.tif,18,50mM 2DG,1h,yes,non-MN,4.387681248413692,4.2537411174920985,0.6416227155253219,0.6425013312682025
20260925_MN_92,vLH92_MN_60x-1xzoom_0001_XY6_488.tif,19,50mM 2DG,1h,yes,non-MN,4.492108816889502,4.285863749046857,0.6568934465259796,0.6473532564248371
20260925_MN_92,vLH92_MN_60x-1xzoom_0001_XY6_488.tif,20,50mM 2DG,1h,yes,non-MN,4.789982149913474,4.539425311051963,0.7004522845538143,0.6856521647615004
20260925_MN_92,vLH92_MN_60x-1xzoom_0001_XY6_488.tif,21,50mM 2DG,1h,yes,non-MN,5.001809815689053,5.176381689521587,0.7314284276333635,0.78186049287146
20260925_MN_92,vLH92_MN_60x-1xzoom_0001_XY6_488.tif,22,50mM 2DG,1h,yes,non-MN,3.64094387755102,3.542007032090708,0.5324252527765482,0.5349982922377133
20260925_MN_92,vLH92_MN_60x-1xzoom_0001_XY6_488.tif,23,50mM 2DG,1h,yes,non-MN,5.005369205011258,4.623863927738596,0.7319489269388566,0.6984060964496592
20260925_MN_92,vLH92_MN_60x-1xzoom_0001_XY6_488.tif,24,50mM 2DG,1h,yes,non-MN,3.7454284855630298,3.814338964740575,0.547704324825709,0.5761323491634771
20260925_MN_92,vLH92_MN_60x-1xzoom_0001_XY6_488.tif,25,50mM 2DG,1h,yes,non-MN,3.756158004744728,3.6015111326058564,0.5492733319718254,0.5439860192151933
20260925_MN_92,vLH92_MN_60x-1xzoom_0001_XY7_488.tif,1,50mM 2DG,1h,yes,non-MN,3.890878047302008,3.877115859390548,0.5689738149028816,0.5856144114873054
20260925_MN_92,vLH92_MN_60x-1xzoom_0001_XY7_488.tif,2,50mM 2DG,1h,yes,non-MN,3.4471844822043085,3.307245520715864,0.5040912826537531,0.4995390154687028
20260925_MN_92,vLH92_MN_60x-1xzoom_0001_XY7_488.tif,3,50mM 2DG,1h,yes,non-MN,2.4758025816977782,2.4463490621270223,0.3620434315158704,0.36950592096446505
20260925_MN_92,vLH92_MN_60x-1xzoom_0001_XY7_488.tif,4,50mM 2DG,1h,yes,non-MN,3.338668036387721,3.2652306429311166,0.4882226238560869,0.49319292759824807
20260925_MN_92,vLH92_MN_60x-1xzoom_0001_XY7_488.tif,5,50mM 2DG,1h,yes,non-MN,3.513398034003532,3.47878674987865,0.5137738727291726,0.5254492589603081
20260925_MN_92,vLH92_MN_60x-1xzoom_0001_XY7_488.tif,6,50mM 2DG,1h,yes,non-MN,3.1296558551374245,2.9773672659498187,0.45765819683437226,0.44971294190441063
20260925_MN_92,vLH92_MN_60x-1xzoom_0001_XY7_488.tif,7,50mM 2DG,1h,yes,non-MN,4.606342523427951,4.27201869651682,0.6735981561081129,0.6452620467258153
20260925_MN_92,vLH92_MN_60x-1xzoom_0001_XY7_488.tif,8,50mM 2DG,1h,yes,non-MN,3.262008012679405,3.189127281634764,0.47701241741692313,0.48169798477113973
20260925_MN_92,vLH92_MN_60x-1xzoom_0001_XY7_488.tif,9,50mM 2DG,1h,yes,non-MN,3.3915462759712085,3.186286261992809,0.4959551544919488,0.4812688662959676
20260925_MN_92,vLH92_MN_60x-1xzoom_0001_XY7_488.tif,10,50mM 2DG,1h,yes,non-MN,4.513178699591646,4.055208059402262,0.659974553513876,0.612514138676973
20260925_MN_92,vLH92_MN_60x-1xzoom_0001_XY7_488.tif,11,50mM 2DG,1h,yes,non-MN,3.362295056344853,3.28176340929557,0.4916776680688238,0.49569009987679286
20260925_MN_92,vLH92_MN_60x-1xzoom_0001_XY7_488.tif,12,50mM 2DG,1h,yes,non-MN,3.292437986830093,3.2506534968545826,0.48146227636120914,0.4909911396893059
20260925_MN_92,vLH92_MN_60x-1xzoom_0002_XY01_488.tif,1,10mM 2DG,1h,yes,MN,1.3194223461804842,1.150231288963531,0.6104796077629484,0.5703895252295557
20260925_MN_92,vLH92_MN_60x-1xzoom_0002_XY01_488.tif,2,10mM 2DG,1h,yes,MN,1.522707717938741,1.376426255571988,0.7045371128326328,0.6825576090323981
20260925_MN_92,vLH92_MN_60x-1xzoom_0002_XY01_488.tif,3,10mM 2DG,1h,yes,MN,1.4949609050955752,1.3565878652597902,0.6916990223832759,0.6727199266983612
20260925_MN_92,vLH92_MN_60x-1xzoom_0002_XY02_488.tif,1,10mM 2DG,1h,yes,MN,0.8801049460133488,0.8482839432601794,0.4072131442883449,0.4206565064770812
20260925_MN_92,vLH92_MN_60x-1xzoom_0002_XY02_488.tif,2,10mM 2DG,1h,yes,MN,0.9176396089761348,0.8934310967273744,0.4245799460477428,0.44304458066590263
20260925_MN_92,vLH92_MN_60x-1xzoom_0002_XY02_488.tif,3,10mM 2DG,1h,yes,MN,2.3503597308392976,2.299848780058529,1.0874809652407769,1.1404746735236386
20260925_MN_92,vLH92_MN_60x-1xzoom_0002_XY02_488.tif,4,10mM 2DG,1h,yes,MN,0.9862560308585264,0.912518428336727,0.45632787455457846,0.4525098196304661
20260925_MN_92,vLH92_MN_60x-1xzoom_0002_XY02_488.tif,5,10mM 2DG,1h,yes,MN,1.079685297367318,1.0459183363698388,0.4995563844680107,0.5186616544299153
20260925_MN_92,vLH92_MN_60x-1xzoom_0002_XY03_488.tif,1,10mM 2DG,1h,yes,MN,0.8054259893593758,0.7278493436559038,0.37266015956875204,0.36093405348121904
20260925_MN_92,vLH92_MN_60x-1xzoom_0002_XY03_488.tif,2,10mM 2DG,1h,yes,MN,0.5974146550492785,0.6002043252632465,0.27641601291815016,0.297636017566623
20260925_MN_92,vLH92_MN_60x-1xzoom_0002_XY03_488.tif,3,10mM 2DG,1h,yes,MN,0.4556331204144994,0.4446447485413846,0.2108155356316839,0.220495399012204
20260925_MN_92,vLH92_MN_60x-1xzoom_0002_XY03_488.tif,4,10mM 2DG,1h,yes,MN,0.6230649564567541,0.6256502751541108,0.2882840747162297,0.3102544391106446
20260925_MN_92,vLH92_MN_60x-1xzoom_0002_XY03_488.tif,5,10mM 2DG,1h,yes,MN,1.2833268305371306,1.2875761682376603,0.5937786808037034,0.6384976363838549
20260925_MN_92,vLH92_MN_60x-1xzoom_0002_XY03_488.tif,6,10mM 2DG,1h,yes,MN,0.4726232689103765,0.4586696458885074,0.21867665699257563,0.22745022159091083
20260925_MN_92,vLH92_MN_60x-1xzoom_0002_XY03_488.tif,7,10mM 2DG,1h,yes,MN,0.5048335123523092,0.5114752925042914,0.23357991889298488,0.253636074811577
20260925_MN_92,vLH92_MN_60x-1xzoom_0002_XY03_488.tif,8,10mM 2DG,1h,yes,MN,0.4549867644740226,0.4532852413482228,0.21051647512072635,0.2247801429912022
20260925_MN_92,vLH92_MN_60x-1xzoom_0002_XY03_488.tif,9,10mM 2DG,1h,yes,MN,0.9398511557161092,0.8222333690088117,0.43485694065896874,0.4077382570591017
20260925_MN_92,vLH92_MN_60x-1xzoom_0002_XY03_488.tif,10,10mM 2DG,1h,yes,MN,0.9992203179370188,0.9036711099618232,0.4623262820497337,0.44812251268112774
20260925_MN_92,vLH92_MN_60x-1xzoom_0002_XY03_488.tif,11,10mM 2DG,1h,yes,MN,1.2116647668675022,1.05688527759092,0.5606215733413642,0.524100063605821
20260925_MN_92,vLH92_MN_60x-1xzoom_0002_XY03_488.tif,12,10mM 2DG,1h,yes,MN,1.5446271425626712,1.4263690325819531,0.714678946329347,0.7073237905305809
20260925_MN_92,vLH92_MN_60x-1xzoom_0002_XY03_488.tif,13,10mM 2DG,1h,yes,MN,1.0928722472606105,1.0380856980768822,0.5056578151598217,0.5147775183608643
20260925_MN_92,vLH92_MN_60x-1xzoom_0002_XY03_488.tif,14,10mM 2DG,1h,yes,MN,0.4894182796312303,0.4535719676399098,0.22644749063573938,0.22492232802386078
20260925_MN_92,vLH92_MN_60x-1xzoom_0002_XY03_488.tif,15,10mM 2DG,1h,yes,MN,0.4810471438549371,0.4836750067089,0.22257427467874452,0.2398501589108125
20260925_MN_92,vLH92_MN_60x-1xzoom_0002_XY04_488.tif,1,10mM 2DG,1h,yes,MN,1.1280311527038789,1.1293458727148549,0.5219253847265456,0.5600326319919889
20260925_MN_92,vLH92_MN_60x-1xzoom_0002_XY04_488.tif,2,10mM 2DG,1h,yes,MN,0.8953405658522635,0.9518586243210908,0.41426246799444333,0.4720182749518118
20260925_MN_92,vLH92_MN_60x-1xzoom_0002_XY04_488.tif,3,10mM 2DG,1h,yes,MN,1.3198831743713777,1.13505729385162,0.610692826990315,0.5628648752302344
20260925_MN_92,vLH92_MN_60x-1xzoom_0002_XY04_488.tif,4,10mM 2DG,1h,yes,MN,0.4240171752366874,0.4563359347588998,0.1961872478305272,0.226292954877675
20260925_MN_92,vLH92_MN_60x-1xzoom_0002_XY05_488.tif,1,10mM 2DG,1h,yes,MN,0.5432958924710969,0.5040045566552929,0.25137596334874174,0.24993140296434754
20260925_MN_92,vLH92_MN_60x-1xzoom_0002_XY05_488.tif,2,10mM 2DG,1h,yes,MN,0.4781812722182938,0.4805798204109898,0.22124827304045058,0.2383152833949909
20260925_MN_92,vLH92_MN_60x-1xzoom_0002_XY05_488.tif,3,10mM 2DG,1h,yes,MN,2.1789290823625582,2.14531180802631,1.0081622275040796,1.0638411555923895
20260925_MN_92,vLH92_MN_60x-1xzoom_0002_XY05_488.tif,4,10mM 2DG,1h,yes,MN,1.2543659625599082,1.2592049409708037,0.5803788627891079,0.6244285956559643
20260925_MN_92,vLH92_MN_60x-1xzoom_0002_XY05_488.tif,5,10mM 2DG,1h,yes,MN,0.428005598737306,0.4078669308765402,0.1980326396577148,0.20225760444157231
20260925_MN_92,vLH92_MN_60x-1xzoom_0002_XY05_488.tif,6,10mM 2DG,1h,yes,MN,0.7692500048088945,0.6900555743811493,0.3559220006897941,0.34219245749082683
20260925_MN_92,vLH92_MN_60x-1xzoom_0002_XY05_488.tif,7,10mM 2DG,1h,yes,MN,1.184553704787443,1.1269241327324837,0.5480776365249359,0.5588317125490664
20260925_MN_92,vLH92_MN_60x-1xzoom_0002_XY05_488.tif,8,10mM 2DG,1h,yes,MN,0.4993888794870348,0.5001112783880914,0.2310607578786001,0.2480007606981155
20260925_MN_92,vLH92_MN_60x-1xzoom_0002_XY05_488.tif,9,10mM 2DG,1h,yes,MN,1.1593721264136028,1.0117740797543275,0.53642644679557,0.501729819496276
20260925_MN_92,vLH92_MN_60x-1xzoom_0002_XY05_488.tif,10,10mM 2DG,1h,yes,MN,0.9664992267085906,0.8941214513222798,0.44718665750378556,0.44338692140502733
20260925_MN_92,vLH92_MN_60x-1xzoom_0002_XY05_488.tif,11,10mM 2DG,1h,yes,MN,0.3611410179403198,0.3720754828164428,0.1670952653011686,0.18450894183592093
20260925_MN_92,vLH92_MN_60x-1xzoom_0002_XY05_488.tif,12,10mM 2DG,1h,yes,MN,1.1060568815909146,0.9663036820255668,0.5117581744706688,0.4791814513364449
20260925_MN_92,vLH92_MN_60x-1xzoom_0002_XY05_488.tif,13,10mM 2DG,1h,yes,MN,0.7936746987951807,0.7818398817620819,0.36722298982920226,0.3877074839145199
20260925_MN_92,vLH92_MN_60x-1xzoom_0002_XY05_488.tif,14,10mM 2DG,1h,yes,MN,1.1721942848020437,1.0479688289686666,0.5423590931891298,0.5196784755781089
20260925_MN_92,vLH92_MN_60x-1xzoom_0002_XY06_488.tif,1,10mM 2DG,1h,yes,MN,0.4906999254879841,0.5028952723595529,0.2270404915517744,0.24938131869098207
20260925_MN_92,vLH92_MN_60x-1xzoom_0002_XY06_488.tif,2,10mM 2DG,1h,yes,MN,1.53646761494346,1.5198487407162504,0.7109036387222515,0.7536795511962168
20260925_MN_92,vLH92_MN_60x-1xzoom_0002_XY06_488.tif,3,10mM 2DG,1h,yes,MN,1.4636057298961354,1.3066277154669386,0.6771913894691414,0.6479451301907645
20260925_MN_92,vLH92_MN_60x-1xzoom_0002_XY06_488.tif,4,10mM 2DG,1h,yes,MN,2.895978873069206,2.908277529457861,1.339931866122296,1.442189110294538
20260925_MN_92,vLH92_MN_60x-1xzoom_0002_XY06_488.tif,5,10mM 2DG,1h,yes,MN,2.8304286944574097,2.780560719877037,1.3096026486101298,1.3788554737645464
20260925_MN_92,vLH92_MN_60x-1xzoom_0002_XY06_488.tif,6,10mM 2DG,1h,yes,MN,2.015963394421932,1.8918041981511016,0.9327601172239164,0.9381289735067357
20260925_MN_92,vLH92_MN_60x-1xzoom_0002_XY07_488.tif,1,10mM 2DG,1h,yes,MN,0.7106655005830419,0.6542101930220569,0.32881571037697793,0.3244170498391112
20260925_MN_92,vLH92_MN_60x-1xzoom_0002_XY07_488.tif,2,10mM 2DG,1h,yes,MN,1.4753694163898867,1.3443729516674685,0.6826342946445318,0.6666626590588044
20260925_MN_92,vLH92_MN_60x-1xzoom_0002_XY07_488.tif,3,10mM 2DG,1h,yes,MN,0.4566676953102194,0.4313445013306884,0.21129422001835424,0.2138999240284025
20260925_MN_92,vLH92_MN_60x-1xzoom_0002_XY07_488.tif,4,10mM 2DG,1h,yes,MN,0.9134071664217636,0.8332354752669486,0.42262164976910876,0.4131941042659349
20260925_MN_92,vLH92_MN_60x-1xzoom_0002_XY07_488.tif,5,10mM 2DG,1h,yes,MN,1.2169229207323264,1.158430075868198,0.5630544529407188,0.5744552311574697
20260925_MN_92,vLH92_MN_60x-1xzoom_0002_XY07_488.tif,6,10mM 2DG,1h,yes,MN,0.592142442667205,0.5746331867643052,0.27397662862519157,0.2849555160988414
20260925_MN_92,vLH92_MN_60x-1xzoom_0002_XY08_488.tif,1,10mM 2DG,1h,yes,MN,0.4033006592643997,0.405766315555042,0.18660198456619934,0.20121592787841872
20260925_MN_92,vLH92_MN_60x-1xzoom_0002_XY08_488.tif,2,10mM 2DG,1h,yes,MN,1.4299603438431274,1.3565301625245163,0.6616241056951984,0.6726913124221776
20260925_MN_92,vLH92_MN_60x-1xzoom_0002_XY08_488.tif,3,10mM 2DG,1h,yes,MN,1.9715040645267323,1.698888180720285,0.9121893618820841,0.8424636263306088
20260925_MN_92,vLH92_MN_60x-1xzoom_0002_XY08_488.tif,4,10mM 2DG,1h,yes,MN,1.1412762885841174,1.0722359382661826,0.5280537373198925,0.5317123204958355
20260925_MN_92,vLH92_MN_60x-1xzoom_0002_XY08_488.tif,5,10mM 2DG,1h,yes,MN,1.1416573268829713,1.1044972149016914,0.528230038799021,0.5477104023077194
20260925_MN_92,vLH92_MN_60x-1xzoom_0002_XY08_488.tif,6,10mM 2DG,1h,yes,MN,0.9910087990226358,0.999328017939536,0.4585269187446462,0.49555792749713423
20260925_MN_92,vLH92_MN_60x-1xzoom_0002_XY08_488.tif,7,10mM 2DG,1h,yes,MN,1.360742024520187,1.285605598920578,0.629597687048732,0.6375204484843541
20260925_MN_92,vLH92_MN_60x-1xzoom_0002_XY08_488.tif,8,10mM 2DG,1h,yes,MN,1.055008909893856,0.9825295366811726,0.4881389400163423,0.48722770918237296
20260925_MN_92,vLH92_MN_60x-1xzoom_0002_XY08_488.tif,9,10mM 2DG,1h,yes,MN,1.0054851853900473,0.914419609857568,0.4652249549701092,0.4534525987353754
20260925_MN_92,vLH92_MN_60x-1xzoom_0002_XY08_488.tif,10,10mM 2DG,1h,yes,MN,1.4030458911812969,1.1897879724787208,0.6491711375067233,0.590005334803138
20260925_MN_92,vLH92_MN_60x-1xzoom_0002_XY08_488.tif,11,10mM 2DG,1h,yes,MN,0.5040722127174223,0.4876182115500831,0.23322767542534828,0.24180555932360429
20260925_MN_92,vLH92_MN_60x-1xzoom_0002_XY08_488.tif,12,10mM 2DG,1h,yes,MN,1.4826901506654135,1.3947589826294244,0.6860215034499594,0.6916486462722882
20260925_MN_92,vLH92_MN_60x-1xzoom_0002_XY09_488.tif,1,10mM 2DG,1h,yes,MN,2.0868557661140112,2.056168759166883,0.965561098190511,1.0196359059140738
20260925_MN_92,vLH92_MN_60x-1xzoom_0002_XY10_488.tif,1,10mM 2DG,1h,yes,MN,0.4248221547441494,0.3864700135352261,0.19655970140871254,0.1916470623351359
20260925_MN_92,vLH92_MN_60x-1xzoom_0002_XY10_488.tif,2,10mM 2DG,1h,yes,MN,0.4212833551661181,0.4257234051897675,0.19492234473925626,0.21111247215689352
20260925_MN_92,vLH92_MN_60x-1xzoom_0002_XY10_488.tif,3,10mM 2DG,1h,yes,MN,1.0129354572827127,0.9076142386037952,0.4686720991509912,0.45007787530740456
20260925_MN_92,vLH92_MN_60x-1xzoom_0002_XY10_488.tif,4,10mM 2DG,1h,yes,MN,1.5308453662229151,1.414706662513988,0.7083022971551636,0.7015405243388638
20260925_MN_92,vLH92_MN_60x-1xzoom_0002_XY10_488.tif,5,10mM 2DG,1h,yes,MN,1.1449036977137397,1.1169880313533245,0.5297320924796773,0.5539044877355263
20260925_MN_92,vLH92_MN_60x-1xzoom_0002_XY10_488.tif,6,10mM 2DG,1h,yes,MN,1.0137578461174055,0.9915294620762584,0.46905260779910163,0.49169069260358567
20260925_MN_92,vLH92_MN_60x-1xzoom_0002_XY10_488.tif,7,10mM 2DG,1h,yes,MN,0.5309993365900728,0.5259466471597103,0.24568650641873466,0.2608122916216508
20260925_MN_92,vLH92_MN_60x-1xzoom_0002_XY10_488.tif,8,10mM 2DG,1h,yes,MN,1.8874449163886855,1.6383074648517792,0.8732962842161228,0.8124221850188874
20260925_MN_92,vLH92_MN_60x-1xzoom_0002_XY10_488.tif,9,10mM 2DG,1h,yes,MN,1.256022895737505,1.2415652520747755,0.5811455042813313,0.6156812299120982
20260925_MN_92,vLH92_MN_60x-1xzoom_0002_XY10_488.tif,10,10mM 2DG,1h,yes,MN,1.487131856255066,1.1821143695166254,0.6880766230210498,0.5862000629483846
20260925_MN_92,vLH92_MN_60x-1xzoom_0002_XY10_488.tif,11,10mM 2DG,1h,yes,MN,1.970577418168444,1.7081365421244,0.9117606146299396,0.8470498069718936
20260925_MN_92,vLH92_MN_60x-1xzoom_0002_XY10_488.tif,12,10mM 2DG,1h,yes,MN,1.068519061192956,0.9238905398145104,0.49438991180696595,0.4581491491539356
20260925_MN_92,vLH92_MN_60x-1xzoom_0002_XY11_488.tif,1,10mM 2DG,1h,yes,MN,0.396385645788987,0.4019088993051743,0.18340249751312196,0.19930306926947108
20260925_MN_92,vLH92_MN_60x-1xzoom_0002_XY11_488.tif,2,10mM 2DG,1h,yes,MN,0.4536817994067064,0.4521097348495886,0.209912684708395,0.22419721971299406
20260925_MN_92,vLH92_MN_60x-1xzoom_0002_XY11_488.tif,3,10mM 2DG,1h,yes,MN,0.4914605374445416,0.480748450992534,0.2273924168395666,0.23839890580925582
20260925_MN_92,vLH92_MN_60x-1xzoom_0002_XY11_488.tif,4,10mM 2DG,1h,yes,MN,0.3939413699662362,0.3926640898125534,0.18227156279016762,0.19471864998968838
20260925_MN_92,vLH92_MN_60x-1xzoom_0002_XY11_488.tif,5,10mM 2DG,1h,yes,MN,0.3697384197904833,0.3751895115866072,0.17107317163605973,0.186053161167118
20260925_MN_92,vLH92_MN_60x-1xzoom_0002_XY11_488.tif,6,10mM 2DG,1h,yes,MN,2.1012402869097424,2.060669359454018,0.9722166294073779,1.021867713799721
20260925_MN_92,vLH92_MN_60x-1xzoom_0002_XY11_488.tif,7,10mM 2DG,1h,yes,MN,0.440521613877013,0.4539674810820865,0.2038236375405097,0.22511845964249233
20260925_MN_92,vLH92_MN_60x-1xzoom_0002_XY11_488.tif,8,10mM 2DG,1h,yes,MN,0.5922182236612027,0.5614527147886857,0.27401169150829763,0.27841943659499707
20260925_MN_92,vLH92_MN_60x-1xzoom_0002_XY11_488.tif,9,10mM 2DG,1h,yes,MN,1.0870180584212947,1.0897935509620278,0.5029491579078497,0.5404189853777931
20260925_MN_92,vLH92_MN_60x-1xzoom_0002_XY11_488.tif,10,10mM 2DG,1h,yes,MN,1.205681890566278,1.1885793522536263,0.5578533740697369,0.5894059907207877
20260925_MN_92,vLH92_MN_60x-1xzoom_0002_XY11_488.tif,11,10mM 2DG,1h,yes,MN,1.310212968877932,1.0949446744322628,0.6062185483230517,0.5429733819576615
20260925_MN_92,vLH92_MN_60x-1xzoom_0002_XY11_488.tif,12,10mM 2DG,1h,yes,MN,1.115954049339921,1.0003973506365254,0.5163374656300677,0.4960882001259529
20260925_MN_92,vLH92_MN_60x-1xzoom_0002_XY11_488.tif,13,10mM 2DG,1h,yes,MN,1.235872451379863,1.2227780238029258,0.57182215501162,0.6063648095389262
20260925_MN_92,vLH92_MN_60x-1xzoom_0002_XY11_488.tif,14,10mM 2DG,1h,yes,MN,0.8717459684880228,0.9157510770556015,0.4033455537963901,0.4541128615453268
20260925_MN_92,vLH92_MN_60x-1xzoom_0002_XY11_488.tif,15,10mM 2DG,1h,yes,MN,1.1635896529128484,1.1354440813359536,0.5383778416089463,0.5630566797235314
20260925_MN_92,vLH92_MN_60x-1xzoom_0002_XY11_488.tif,16,10mM 2DG,1h,yes,MN,1.3040582550873088,1.0834429196488466,0.6033708420736693,0.537269763465305
20260925_MN_92,vLH92_MN_60x-1xzoom_0002_XY11_488.tif,17,10mM 2DG,1h,yes,MN,1.1278142696843032,1.0906983286545415,0.521825035766181,0.5408676566349767
20260925_MN_92,vLH92_MN_60x-1xzoom_0002_XY11_488.tif,18,10mM 2DG,1h,yes,MN,1.502161811224842,1.3930982870447777,0.6950307882595007,0.6908251220166308
20260925_MN_92,vLH92_MN_60x-1xzoom_0002_XY11_488.tif,19,10mM 2DG,1h,yes,MN,1.2611006521535628,1.166763295454006,0.5834949163207471,0.578587601063235
20260925_MN_92,vLH92_MN_60x-1xzoom_0002_XY11_488.tif,20,10mM 2DG,1h,yes,MN,1.560275996593713,1.3706934161021156,0.7219194681368375,0.6797147446321571
20260925_MN_92,vLH92_MN_60x-1xzoom_0002_XY11_488.tif,21,10mM 2DG,1h,yes,MN,1.0814651818712313,1.0697740319627125,0.5003799139443439,0.5304914829294524
20260925_MN_92,vLH92_MN_60x-1xzoom_0002_XY11_488.tif,22,10mM 2DG,1h,yes,MN,1.048213526804687,0.9987524451663689,0.4849948043914729,0.4952725060484465
20260925_MN_92,vLH92_MN_60x-1xzoom_0002_XY11_488.tif,23,10mM 2DG,1h,yes,MN,0.9739803518076852,0.8872518734473269,0.45064807706314175,0.43998035848136297
20260925_MN_92,vLH92_MN_60x-1xzoom_0002_XY11_488.tif,24,10mM 2DG,1h,yes,MN,0.8522257202474649,0.7805112153093717,0.39431378809693224,0.3870486099694087
20260925_MN_92,vLH92_MN_60x-1xzoom_0002_XY11_488.tif,25,10mM 2DG,1h,yes,MN,1.1702293463790543,0.9802814476370452,0.541449941664436,0.48611290170420995
20260925_MN_92,vLH92_MN_60x-1xzoom_0002_XY12_488.tif,1,10mM 2DG,1h,yes,MN,1.084222044137591,0.8969804726052768,0.5016554783607688,0.4448046847782523
20260925_MN_92,vLH92_MN_60x-1xzoom_0002_XY12_488.tif,2,10mM 2DG,1h,yes,MN,0.3939316869706757,0.3761867325565302,0.18226708259370222,0.1865476742281354
20260925_MN_92,vLH92_MN_60x-1xzoom_0002_XY12_488.tif,3,10mM 2DG,1h,yes,MN,1.58993322099482,1.530252824521951,0.7356414812375985,0.758838844356925
20260925_MN_92,vLH92_MN_60x-1xzoom_0002_XY12_488.tif,4,10mM 2DG,1h,yes,MN,1.0302133431989149,0.9214294179568222,0.47666635288455134,0.45692870058727925
20260925_MN_92,vLH92_MN_60x-1xzoom_0002_XY12_488.tif,5,10mM 2DG,1h,yes,MN,2.704619775254177,2.6969468191548835,1.2513924933322504,1.337392079755785
20260925_MN_92,vLH92_MN_60x-1xzoom_0002_XY12_488.tif,6,10mM 2DG,1h,yes,MN,0.7850825732056571,0.6513417560187742,0.3632475247516805,0.3229946172934554
20260925_MN_92,vLH92_MN_60x-1xzoom_0002_XY12_488.tif,7,10mM 2DG,1h,yes,MN,0.968196274420718,0.951572981638768,0.44797185947088397,0.47187662727145513
20260925_MN_92,vLH92_MN_60x-1xzoom_0002_XY12_488.tif,8,10mM 2DG,1h,yes,MN,0.4079898135345629,0.4292287183985307,0.18877159543255767,0.21285072598124305
20260925_MN_92,vLH92_MN_60x-1xzoom_0002_XY12_488.tif,9,10mM 2DG,1h,yes,MN,1.3567327208631557,1.2964772559467737,0.6277426342439705,0.6429116070705703
20260925_MN_92,vLH92_MN_60x-1xzoom_0002_XY12_488.tif,10,10mM 2DG,1h,yes,MN,1.1946324313481214,0.9601303534588228,0.552740932591828,0.47612015228810817
20260925_MN_92,vLH92_MN_60x-1xzoom_0002_XY12_488.tif,11,10mM 2DG,1h,yes,MN,0.4034437682338784,0.4023355560978698,0.18666819923037237,0.19951464460023854
20260925_MN_92,vLH92_MN_60x-1xzoom_0002_XY12_488.tif,12,10mM 2DG,1h,yes,MN,0.4793252783325752,0.4950027348544342,0.22177758983271703,0.24546747913228106
20260925_MN_92,vLH92_MN_60x-1xzoom_0002_XY12_488.tif,13,10mM 2DG,1h,yes,MN,1.0945254738141297,0.95002425807079,0.5064227416451562,0.47110862894874667
20260925_MN_92,vLH92_MN_60x-1xzoom_0002_XY12_488.tif,14,10mM 2DG,1h,yes,MN,2.259940933035838,1.948727203657589,1.0456453601540168,0.9663565885933865
20260925_MN_92,vLH92_MN_60x-1xzoom_0002_XY12_488.tif,15,10mM 2DG,1h,yes,MN,1.0593260952192092,0.9739223938053188,0.4901364456760661,0.48295950313925173
20260925_MN_92,vLH92_MN_60x-1xzoom_0002_XY12_488.tif,16,10mM 2DG,1h,yes,MN,0.3914317697725399,0.3791858418968482,0.1811104033279798,0.18803490603025144
20260925_MN_92,vLH92_MN_60x-1xzoom_0002_XY13_488.tif,1,10mM 2DG,1h,yes,MN,0.424668545055401,0.4334895842710282,0.19648862819791907,0.21496365169053291
20260925_MN_92,vLH92_MN_60x-1xzoom_0002_XY13_488.tif,2,10mM 2DG,1h,yes,MN,0.7813870355362635,0.779623960388703,0.3615376474001141,0.3866086280998372
20260925_MN_92,vLH92_MN_60x-1xzoom_0002_XY13_488.tif,3,10mM 2DG,1h,yes,MN,0.4654451549434334,0.4604896841397249,0.21535543675426255,0.22835276246592653
20260925_MN_92,vLH92_MN_60x-1xzoom_0002_XY13_488.tif,4,10mM 2DG,1h,yes,MN,1.7224775027958534,1.6515677646853466,0.7969680014374073,0.8189978504516071
20260925_MN_92,vLH92_MN_60x-1xzoom_0002_XY13_488.tif,5,10mM 2DG,1h,yes,MN,1.5560220414589343,1.520807419039536,0.7199512182662493,0.7541549512995817
20260925_MN_92,vLH92_MN_60x-1xzoom_0002_XY13_488.tif,6,10mM 2DG,1h,yes,MN,1.0771473757042602,0.8834763874251708,0.4983821210292553,0.43810812834786605
20260925_MN_92,vLH92_MN_60x-1xzoom_0002_XY13_488.tif,7,10mM 2DG,1h,yes,MN,1.0122237216188243,0.9100543483997172,0.4683427882899319,0.4512879041784311
20260925_MN_92,vLH92_MN_60x-1xzoom_0002_XY13_488.tif,8,10mM 2DG,1h,yes,MN,1.221625799347817,1.003353951946318,0.5652304138836667,0.4975543525716104
20260925_MN_92,vLH92_MN_60x-1xzoom_0002_XY13_488.tif,9,10mM 2DG,1h,yes,MN,0.8604503829983299,0.8558517077664182,0.39811923288469525,0.4244092939774562
20260925_MN_92,vLH92_MN_60x-1xzoom_0002_XY13_488.tif,10,10mM 2DG,1h,yes,MN,1.031011183176456,0.9207941245627044,0.47703550309483606,0.4566136642107442
20260925_MN_92,vLH92_MN_60x-1xzoom_0002_XY13_488.tif,11,10mM 2DG,1h,yes,MN,0.4437819249487191,0.4301243222767177,0.2053321411898545,0.21329484802502188
20260925_MN_92,vLH92_MN_60x-1xzoom_0002_XY14_488.tif,1,10mM 2DG,1h,yes,MN,0.8150684208860425,0.809478250302537,0.37712158758179204,0.4014131064803216
20260925_MN_92,vLH92_MN_60x-1xzoom_0002_XY14_488.tif,2,10mM 2DG,1h,yes,MN,1.2356982746034335,1.1488040708027545,0.5717415656760947,0.5696817803638617
20260925_MN_92,vLH92_MN_60x-1xzoom_0002_XY14_488.tif,3,10mM 2DG,1h,yes,MN,1.2772740950063448,1.0578919528896398,0.5909781585725744,0.5245992649848883
20260925_MN_92,vLH92_MN_60x-1xzoom_0002_XY14_488.tif,4,10mM 2DG,1h,yes,MN,1.2254878866399692,1.1532064466785013,0.5670173515856729,0.5718648796324549
20260925_MN_92,vLH92_MN_60x-1xzoom_0002_XY14_488.tif,5,10mM 2DG,1h,yes,MN,0.8245362344830333,0.6653126110818899,0.3815022221434209,0.32992264078139427
20260925_MN_92,vLH92_MN_60x-1xzoom_0002_XY14_488.tif,6,10mM 2DG,1h,yes,MN,1.4197003478433343,1.3162853798067085,0.6568769386097424,0.6527342805385624
20260925_MN_92,vLH92_MN_60x-1xzoom_0002_XY15_488.tif,1,10mM 2DG,1h,yes,MN,0.3636539428394632,0.3724877564501073,0.16825796306144813,0.18471338468530857
20260925_MN_92,vLH92_MN_60x-1xzoom_0002_XY15_488.tif,2,10mM 2DG,1h,yes,MN,0.5538624320269204,0.5258034234527664,0.25626496416195704,0.26074126825183885
20260925_MN_92,vLH92_MN_60x-1xzoom_0002_XY15_488.tif,3,10mM 2DG,1h,yes,MN,0.5031770784843125,0.5025944432927008,0.2328135084248378,0.2492321402168235
20260925_MN_92,vLH92_MN_60x-1xzoom_0002_XY15_488.tif,4,10mM 2DG,1h,yes,MN,1.9915310205508725,1.9391288010355965,0.9214555747014254,0.9615968256074102
20260925_MN_92,vLH92_MN_60x-1xzoom_0002_XY15_488.tif,5,10mM 2DG,1h,yes,MN,0.8358062362399369,0.7768480566747232,0.38671670579375395,0.38523208199411735
20260925_MN_92,vLH92_MN_60x-1xzoom_0002_XY15_488.tif,6,10mM 2DG,1h,yes,MN,0.3912474090006331,0.3724379931974345,0.18102510198982502,0.18468870752834174
20260925_MN_92,vLH92_MN_60x-1xzoom_0002_XY15_488.tif,7,10mM 2DG,1h,yes,MN,0.6700281956821503,0.6171738491509883,0.31001335643151423,0.30605105440884156
20260925_MN_92,vLH92_MN_60x-1xzoom_0002_XY15_488.tif,8,10mM 2DG,1h,yes,MN,1.5530113405570378,1.2920498742681084,0.7185582060052382,0.6407161076454246
20260925_MN_92,vLH92_MN_60x-1xzoom_0002_XY15_488.tif,9,10mM 2DG,1h,yes,MN,0.4049144872828265,0.4029664094530162,0.18734868186031298,0.19982747920070892
20260925_MN_92,vLH92_MN_60x-1xzoom_0002_XY15_488.tif,10,10mM 2DG,1h,yes,MN,0.5371976697296509,0.5732995940072195,0.2485543947751716,0.2842941992429514
20260925_MN_92,vLH92_MN_60x-1xzoom_0002_XY15_488.tif,11,10mM 2DG,1h,yes,MN,1.1689765811061128,1.0972342754205675,0.5408703034199738,0.544108774841871
20260925_MN_92,vLH92_MN_60x-1xzoom_0002_XY15_488.tif,12,10mM 2DG,1h,yes,MN,1.2713570508479075,1.1859384470525067,0.5882404189796262,0.5880963891838653
20260925_MN_92,vLH92_MN_60x-1xzoom_0002_XY15_488.tif,13,10mM 2DG,1h,yes,MN,0.3901745184213889,0.3839493677381608,0.1805286894333107,0.1903970963732853
20260925_MN_92,vLH92_MN_60x-1xzoom_0002_XY15_488.tif,14,10mM 2DG,1h,yes,MN,0.350989599332953,0.3289191352230343,0.16239833556702946,0.16310809067612742
20260925_MN_92,vLH92_MN_60x-1xzoom_0002_XY15_488.tif,15,10mM 2DG,1h,yes,MN,0.4661578774037429,0.4564513360841128,0.21568520419322793,0.2263501813744072
20260925_MN_92,vLH92_MN_60x-1xzoom_0002_XY15_488.tif,16,10mM 2DG,1h,yes,MN,0.8762094733394862,0.8165835795764518,0.40541075960320205,0.4049365764380897
20260925_MN_92,vLH92_MN_60x-1xzoom_0002_XY15_488.tif,17,10mM 2DG,1h,yes,MN,0.4283573860094932,0.4091954467901019,0.19819540706616634,0.20291640373565098
20260925_MN_92,vLH92_MN_60x-1xzoom_0002_XY15_488.tif,18,10mM 2DG,1h,yes,MN,0.5261607816869213,0.5561689013269974,0.24344776981709507,0.27579924022168356
20260925_MN_92,vLH92_MN_60x-1xzoom_0002_XY15_488.tif,19,10mM 2DG,1h,yes,MN,0.5503735264334435,0.5117862906204121,0.2546506927920705,0.2537902960273477
20260925_MN_92,vLH92_MN_60x-1xzoom_0002_XY15_488.tif,20,10mM 2DG,1h,yes,MN,2.3169492303104,1.9706499389324843,1.0720223599525691,0.9772278791635192
20260925_MN_92,vLH92_MN_60x-1xzoom_0002_XY15_488.tif,21,10mM 2DG,1h,yes,MN,0.8874894511408691,0.7009867397137395,0.4106298590399347,0.34761312571997943
20260925_MN_92,vLH92_MN_60x-1xzoom_0002_XY15_488.tif,22,10mM 2DG,1h,yes,MN,0.4967157439026666,0.5048025201978794,0.22982393271206691,0.2503271060290908
20260925_MN_92,vLH92_MN_60x-1xzoom_0002_XY15_488.tif,23,10mM 2DG,1h,yes,MN,0.4733063240159179,0.4849681673846243,0.2189926977312508,0.2404914258550777
20260925_MN_92,vLH92_MN_60x-1xzoom_0002_XY16_488.tif,1,10mM 2DG,1h,yes,MN,0.3664235426130708,0.3361961348769345,0.16953942095728178,0.16671669045732793
20260925_MN_92,vLH92_MN_60x-1xzoom_0002_XY16_488.tif,2,10mM 2DG,1h,yes,MN,0.5076739063499206,0.6461407214720766,0.23489413235812262,0.32041547025210987
20260925_MN_92,vLH92_MN_60x-1xzoom_0002_XY16_488.tif,3,10mM 2DG,1h,yes,MN,2.105804870898164,1.8959783777316828,0.9743286032199476,0.9401989122503914
20260925_MN_92,vLH92_MN_60x-1xzoom_0002_XY16_488.tif,4,10mM 2DG,1h,yes,MN,1.9638603334104603,1.8300390754996725,0.9086527066274452,0.9075001953445283
20260925_MN_92,vLH92_MN_60x-1xzoom_0002_XY16_488.tif,5,10mM 2DG,1h,yes,MN,1.0519587975009892,1.0655847583139153,0.48672769256959375,0.5284140591708383
20260925_MN_92,vLH92_MN_60x-1xzoom_0002_XY17_488.tif,1,10mM 2DG,1h,yes,MN,1.234585866172225,1.1587606443698233,0.5712268687219904,0.5746191571543601
20260925_MN_92,vLH92_MN_60x-1xzoom_0002_XY17_488.tif,2,10mM 2DG,1h,yes,MN,1.3802431994855835,1.308399683493496,0.6386206277911373,0.6488238334664341
20260925_MN_92,vLH92_MN_60x-1xzoom_0002_XY17_488.tif,3,10mM 2DG,1h,yes,MN,1.3477954922595416,1.266728080969039,0.6236074944775293,0.6281592542574145
20260925_MN_92,vLH92_MN_60x-1xzoom_0002_XY18_488.tif,1,10mM 2DG,1h,yes,MN,0.3670539155161446,0.3737692738175286,0.1698310863241197,0.1853488778159428
20260925_MN_92,vLH92_MN_60x-1xzoom_0002_XY18_488.tif,2,10mM 2DG,1h,yes,MN,0.4136370210919485,0.4210943745527329,0.19138448512975637,0.20881697679638178
20260925_MN_92,vLH92_MN_60x-1xzoom_0002_XY18_488.tif,3,10mM 2DG,1h,yes,MN,0.820502237756826,0.7858154133962179,0.3796357441758003,0.3896789148980861
20260925_MN_92,vLH92_MN_60x-1xzoom_0002_XY18_488.tif,4,10mM 2DG,1h,yes,MN,1.2218700947763712,1.1330285767071742,0.5653434462101494,0.5618588523373186
20260925_MN_92,vLH92_MN_60x-1xzoom_0002_XY18_488.tif,5,10mM 2DG,1h,yes,MN,0.7935128978711543,0.8111093917693808,0.36714812664007923,0.40222197511029395
20260925_MN_92,vLH92_MN_60x-1xzoom_0002_XY18_488.tif,6,10mM 2DG,1h,yes,MN,0.8066879920143377,0.8269180206315336,0.37324407183007396,0.4100613343745849
20260925_MN_92,vLH92_MN_60x-1xzoom_0002_XY18_488.tif,7,10mM 2DG,1h,yes,MN,0.8606835898460921,0.8443453317703317,0.39822713466865517,0.41870338386659967
20260925_MN_92,vLH92_MN_60x-1xzoom_0002_XY18_488.tif,8,10mM 2DG,1h,yes,MN,1.16045232772547,1.1381452298658346,0.5369262419332548,0.5643961553944824
20260925_MN_92,vLH92_MN_60x-1xzoom_0002_XY18_488.tif,9,10mM 2DG,1h,yes,MN,1.4681677880665285,1.4915650217819494,0.6793021946184672,0.7396539050766443
20260925_MN_92,vLH92_MN_60x-1xzoom_0002_XY18_488.tif,10,10mM 2DG,1h,yes,MN,0.5320640351040289,0.5605839780052279,0.24617912861288446,0.277988637705921
20260925_MN_92,vLH92_MN_60x-1xzoom_0002_XY18_488.tif,11,10mM 2DG,1h,yes,MN,0.4685156594618436,0.4738808775308261,0.2167761193730311,0.23499333685639553
20260925_MN_92,vLH92_MN_60x-1xzoom_0002_XY18_488.tif,12,10mM 2DG,1h,yes,MN,1.816095010192322,1.750870860598939,0.8402836079682393,0.8682413776234494
20260925_MN_92,vLH92_MN_60x-1xzoom_0002_XY19_488.tif,1,10mM 2DG,1h,yes,MN,0.4368832294316623,0.3927817503991818,0.20214020424447798,0.19477699683417882
20260925_MN_92,vLH92_MN_60x-1xzoom_0002_XY19_488.tif,2,10mM 2DG,1h,yes,MN,1.164584598716286,1.1701367432600311,0.538838190128574,0.5802604640003921
20260925_MN_92,vLH92_MN_60x-1xzoom_0002_XY19_488.tif,3,10mM 2DG,1h,yes,MN,0.6304111508358294,0.6264560537976104,0.2916830635813727,0.31065401761482525
20260925_MN_92,vLH92_MN_60x-1xzoom_0002_XY19_488.tif,4,10mM 2DG,1h,yes,MN,1.2662986013043138,1.1574805247532294,0.5858999399797054,0.5739843571560015
20260925_MN_92,vLH92_MN_60x-1xzoom_0002_XY19_488.tif,5,10mM 2DG,1h,yes,MN,1.2186410430651788,0.9202557859922794,0.5638494058615063,0.4563467068739514
20260925_MN_92,vLH92_MN_60x-1xzoom_0002_XY19_488.tif,6,10mM 2DG,1h,yes,MN,1.175791717209098,1.034186485420645,0.5440235785081557,0.5128439332835845
20260925_MN_92,vLH92_MN_60x-1xzoom_0002_XY19_488.tif,7,10mM 2DG,1h,yes,MN,1.2540195538543482,1.1114626383106565,0.5802185839736792,0.5511644941841823
20260925_MN_92,vLH92_MN_60x-1xzoom_0002_XY19_488.tif,8,10mM 2DG,1h,yes,MN,0.958939547003786,0.9726740634981385,0.4436888917471555,0.4823404671783331
20260925_MN_92,vLH92_MN_60x-1xzoom_0002_XY19_488.tif,9,10mM 2DG,1h,yes,MN,1.9885836496174467,1.886449702621667,0.9200918643954885,0.935473726521036
20260925_MN_92,vLH92_MN_60x-1xzoom_0002_XY19_488.tif,10,10mM 2DG,1h,yes,MN,2.9160709312041595,2.790300603919258,1.3492282008439902,1.3836853961357587
20260925_MN_92,vLH92_MN_60x-1xzoom_0003_XY1_488.tif,1,10mM 2DG,1h,yes,non-MN,1.842972548574456,1.8300932894477064,0.2695029525407025,0.27642429154419257
20260925_MN_92,vLH92_MN_60x-1xzoom_0003_XY1_488.tif,2,10mM 2DG,1h,yes,non-MN,1.9127797975187075,1.897268631002021,0.279711058849053,0.28657071211491353
20260925_MN_92,vLH92_MN_60x-1xzoom_0003_XY1_488.tif,3,10mM 2DG,1h,yes,non-MN,2.2411425627725623,2.255311930558093,0.32772845053988114,0.3406509417909649
20260925_MN_92,vLH92_MN_60x-1xzoom_0003_XY1_488.tif,4,10mM 2DG,1h,yes,non-MN,2.2000632472175616,2.213497793483449,0.32172130906672824,0.334335174565307
20260925_MN_92,vLH92_MN_60x-1xzoom_0003_XY1_488.tif,5,10mM 2DG,1h,yes,non-MN,1.6846732067779335,1.6683805036388295,0.24635440372894082,0.2519985737359235
20260925_MN_92,vLH92_MN_60x-1xzoom_0003_XY1_488.tif,6,10mM 2DG,1h,yes,non-MN,2.239416591160777,2.256957424633771,0.3274760569566249,0.3408994835110685
20260925_MN_92,vLH92_MN_60x-1xzoom_0003_XY1_488.tif,7,10mM 2DG,1h,yes,non-MN,2.0766844127913124,2.076870240127449,0.30367928224184454,0.3136984262314304
20260925_MN_92,vLH92_MN_60x-1xzoom_0003_XY1_488.tif,8,10mM 2DG,1h,yes,non-MN,2.0859230417958514,2.0309461227242447,0.30503027241045955,0.3067618718540281
20260925_MN_92,vLH92_MN_60x-1xzoom_0003_XY1_488.tif,9,10mM 2DG,1h,yes,non-MN,2.2983402978818166,2.2937565926977665,0.33609263290521724,0.34645777063236355
20260925_MN_92,vLH92_MN_60x-1xzoom_0003_XY2_488.tif,1,10mM 2DG,1h,yes,non-MN,3.6392325959255096,3.62915990125648,0.5321750073504509,0.5481621950038191
20260925_MN_92,vLH92_MN_60x-1xzoom_0003_XY2_488.tif,2,10mM 2DG,1h,yes,non-MN,3.1308719767573483,3.0519770486112985,0.4578360336488552,0.46098228890075404
20260925_MN_92,vLH92_MN_60x-1xzoom_0003_XY2_488.tif,3,10mM 2DG,1h,yes,non-MN,2.382489209202867,2.357042771604853,0.34839796000932993,0.3560167571986767
20260925_MN_92,vLH92_MN_60x-1xzoom_0003_XY2_488.tif,4,10mM 2DG,1h,yes,non-MN,3.218755723792661,3.288243576073602,0.47068751606766684,0.49666888905712275
20260925_MN_92,vLH92_MN_60x-1xzoom_0003_XY2_488.tif,5,10mM 2DG,1h,yes,non-MN,3.281899711043766,3.259815708627672,0.4799212352636084,0.49237503520597564
20260925_MN_92,vLH92_MN_60x-1xzoom_0003_XY3_488.tif,1,10mM 2DG,1h,yes,non-MN,3.4853957676083795,3.456934080820273,0.5096790241774879,0.5221485482273408
20260925_MN_92,vLH92_MN_60x-1xzoom_0003_XY3_488.tif,2,10mM 2DG,1h,yes,non-MN,3.1865502419873413,3.1843153825859933,0.46597801974812414,0.4809711771306724
20260925_MN_92,vLH92_MN_60x-1xzoom_0003_XY3_488.tif,3,10mM 2DG,1h,yes,non-MN,3.212162189436292,3.2082677214595314,0.46972332537579004,0.48458903002490505
20260925_MN_92,vLH92_MN_60x-1xzoom_0003_XY3_488.tif,4,10mM 2DG,1h,yes,non-MN,3.5660639586085425,3.572078444607937,0.5214753559608762,0.5395403934238866
20260925_MN_92,vLH92_MN_60x-1xzoom_0003_XY3_488.tif,5,10mM 2DG,1h,yes,non-MN,3.4768796272657645,3.4443890951127067,0.5084336855161166,0.5202537055946505
20260925_MN_92,vLH92_MN_60x-1xzoom_0003_XY4_488.tif,1,10mM 2DG,1h,yes,non-MN,2.7822127582457408,2.6849874731726526,0.4068506356883191,0.4055507794910091
20260925_MN_92,vLH92_MN_60x-1xzoom_0003_XY5_488.tif,1,10mM 2DG,1h,yes,non-MN,3.726507946823798,3.569454932157804,0.5449375223262208,0.539144128067051
20260925_MN_92,vLH92_MN_60x-1xzoom_0003_XY5_488.tif,2,10mM 2DG,1h,yes,non-MN,3.198312470730178,3.235951741454981,0.46769804285812955,0.48877053031150897
20260925_MN_92,vLH92_MN_60x-1xzoom_0003_XY5_488.tif,3,10mM 2DG,1h,yes,non-MN,3.401295255930087,3.4163292423071567,0.49738077468646025,0.5160154380826433
20260925_MN_92,vLH92_MN_60x-1xzoom_0003_XY5_488.tif,4,10mM 2DG,1h,yes,non-MN,2.906746240403828,2.9210751546102847,0.42506150983169133,0.44121036605962766
20260925_MN_92,vLH92_MN_60x-1xzoom_0003_XY5_488.tif,5,10mM 2DG,1h,yes,non-MN,3.1290796566406955,3.061994902730456,0.45757393774096466,0.4624954239106731
20260925_MN_92,vLH92_MN_60x-1xzoom_0003_XY5_488.tif,6,10mM 2DG,1h,yes,non-MN,3.343580568206463,3.334072380901348,0.48894099691629617,0.5035910470585052
20260925_MN_92,vLH92_MN_60x-1xzoom_0003_XY5_488.tif,7,10mM 2DG,1h,yes,non-MN,3.2184897218599025,3.0786917601396686,0.4706486178722947,0.46501738112835617
20260925_MN_92,vLH92_MN_60x-1xzoom_0003_XY5_488.tif,8,10mM 2DG,1h,yes,non-MN,3.780352476216224,3.5823059271467934,0.5528113561826438,0.5410851915122601
20260925_MN_92,vLH92_MN_60x-1xzoom_0003_XY5_488.tif,9,10mM 2DG,1h,yes,non-MN,3.19985787733285,3.1045879854759213,0.467924031922708,0.4689288460703443
20260925_MN_92,vLH92_MN_60x-1xzoom_0003_XY5_488.tif,10,10mM 2DG,1h,yes,non-MN,3.144960756720684,3.308336637908551,0.4598962747526917,0.4997038219836052
20260925_MN_92,vLH92_MN_60x-1xzoom_0004_XY01_488.tif,1,2mM 2DG,1h,yes,MN,0.5277417439511574,0.5078744094433525,0.24417926055298628,0.25185042874261393
20260925_MN_92,vLH92_MN_60x-1xzoom_0004_XY01_488.tif,2,2mM 2DG,1h,yes,MN,1.5957980558168705,1.518477605273257,0.7383550642477124,0.7529996172543578
20260925_MN_92,vLH92_MN_60x-1xzoom_0004_XY01_488.tif,3,2mM 2DG,1h,yes,MN,1.3605306240369797,1.3605290458399737,0.629499874786841,0.6746743232980229
20260925_MN_92,vLH92_MN_60x-1xzoom_0004_XY01_488.tif,4,2mM 2DG,1h,yes,MN,1.2354881124307544,1.0304329313523324,0.5716443263644253,0.5109825790120643
20260925_MN_92,vLH92_MN_60x-1xzoom_0004_XY01_488.tif,5,2mM 2DG,1h,yes,MN,1.4112673467512176,1.121035434886233,0.6529750983734579,0.5559115593581635
20260925_MN_92,vLH92_MN_60x-1xzoom_0004_XY01_488.tif,6,2mM 2DG,1h,yes,MN,1.6650033549023993,1.3253577251494255,0.7703754585991901,0.6572331763714291
20260925_MN_92,vLH92_MN_60x-1xzoom_0004_XY01_488.tif,7,2mM 2DG,1h,yes,MN,0.4398378779933577,0.4247367747036392,0.20350728181463038,0.21062321082314314
20260925_MN_92,vLH92_MN_60x-1xzoom_0004_XY01_488.tif,8,2mM 2DG,1h,yes,MN,2.754299679935836,2.294187187909108,1.2743787409212475,1.137667140039602
20260925_MN_92,vLH92_MN_60x-1xzoom_0004_XY02_488.tif,1,2mM 2DG,1h,yes,MN,0.6017482187832505,0.6150600520451945,0.27842109665512743,0.30500284111541626
20260925_MN_92,vLH92_MN_60x-1xzoom_0004_XY02_488.tif,2,2mM 2DG,1h,yes,MN,2.775235612834715,2.5873294087603598,1.2840655255518532,1.2830337752375987
20260925_MN_92,vLH92_MN_60x-1xzoom_0004_XY02_488.tif,3,2mM 2DG,1h,yes,MN,0.7941225493259996,0.8080161826624624,0.3674302044615618,0.4006880800660019
20260925_MN_92,vLH92_MN_60x-1xzoom_0004_XY02_488.tif,4,2mM 2DG,1h,yes,MN,3.244385515453878,2.9943214875117485,1.5011351010081677,1.4848575482462243
20260925_MN_92,vLH92_MN_60x-1xzoom_0004_XY02_488.tif,5,2mM 2DG,1h,yes,MN,1.2852081964918325,1.149131139913068,0.5946491644311862,0.5698439710435441
20260925_MN_92,vLH92_MN_60x-1xzoom_0004_XY02_488.tif,6,2mM 2DG,1h,yes,MN,1.1345211749796666,1.105907192894799,0.5249282338633402,0.5484095979267131
20260925_MN_92,vLH92_MN_60x-1xzoom_0004_XY02_488.tif,7,2mM 2DG,1h,yes,MN,1.8597819133260012,1.660122881143289,0.8604969714652513,0.8232402570541318
20260925_MN_92,vLH92_MN_60x-1xzoom_0004_XY02_488.tif,8,2mM 2DG,1h,yes,MN,0.5323285639987164,0.4926514165469276,0.24630152270173578,0.24430148117521736
20260925_MN_92,vLH92_MN_60x-1xzoom_0004_XY02_488.tif,9,2mM 2DG,1h,yes,MN,0.5183353795922774,0.532849678928772,0.2398270577568856,0.2642354440355863
20260925_MN_92,vLH92_MN_60x-1xzoom_0004_XY02_488.tif,10,2mM 2DG,1h,yes,MN,0.3760917723751605,0.3825181027428504,0.17401278547927027,0.18968734471813045
20260925_MN_92,vLH92_MN_60x-1xzoom_0004_XY02_488.tif,11,2mM 2DG,1h,yes,MN,0.4362464622208065,0.4207139496389518,0.2018455803143582,0.2086283274455607
20260925_MN_92,vLH92_MN_60x-1xzoom_0004_XY02_488.tif,12,2mM 2DG,1h,yes,MN,0.4343166406400411,0.4105589793430514,0.2009526768971252,0.203592567471566
20260925_MN_92,vLH92_MN_60x-1xzoom_0004_XY03_488.tif,1,2mM 2DG,1h,yes,MN,0.5257240336525414,0.5389778352343937,0.24324569216584768,0.26727434255907
20260925_MN_92,vLH92_MN_60x-1xzoom_0004_XY03_488.tif,2,2mM 2DG,1h,yes,MN,0.8621418754625224,0.9141958354025634,0.3989018645106212,0.45334163096187347
20260925_MN_92,vLH92_MN_60x-1xzoom_0004_XY03_488.tif,3,2mM 2DG,1h,yes,MN,2.9969391828949123,2.7084492231277912,1.386644892107072,1.34309602017547
20260925_MN_92,vLH92_MN_60x-1xzoom_0004_XY03_488.tif,4,2mM 2DG,1h,yes,MN,1.221767363071711,1.129317087272811,0.5652959135827482,0.5600183575458159
20260925_MN_92,vLH92_MN_60x-1xzoom_0004_XY03_488.tif,5,2mM 2DG,1h,yes,MN,2.919968963032755,2.7262855025861388,1.351031769616838,1.3519408734408302
20260925_MN_92,vLH92_MN_60x-1xzoom_0004_XY03_488.tif,6,2mM 2DG,1h,yes,MN,3.384697567389876,2.872683864465951,1.5660556677078812,1.4245385265634958
20260925_MN_92,vLH92_MN_60x-1xzoom_0004_XY04_488.tif,1,2mM 2DG,1h,yes,MN,1.83047888260725,1.8045005347220864,0.8469388391877176,0.8948358587985201
20260925_MN_92,vLH92_MN_60x-1xzoom_0004_XY04_488.tif,2,2mM 2DG,1h,yes,MN,1.957827504314605,1.8665184447677656,0.9058613948455885,0.9255899919942533
20260925_MN_92,vLH92_MN_60x-1xzoom_0004_XY04_488.tif,3,2mM 2DG,1h,yes,MN,2.349871075301673,2.2702051484995187,1.0872548706609755,1.125774658758556
20260925_MN_92,vLH92_MN_60x-1xzoom_0004_XY04_488.tif,4,2mM 2DG,1h,yes,MN,1.8177169499172807,1.6880297826652473,0.8410340584437632,0.8370790427509469
20260925_MN_92,vLH92_MN_60x-1xzoom_0004_XY04_488.tif,5,2mM 2DG,1h,yes,MN,1.2032713638085784,1.1127416844575608,0.5567380546014843,0.551798761858414
20260925_MN_92,vLH92_MN_60x-1xzoom_0004_XY04_488.tif,6,2mM 2DG,1h,yes,MN,2.8389181623579782,2.674190261740417,1.3135306153063573,1.3261073041597458
20260925_MN_92,vLH92_MN_60x-1xzoom_0004_XY04_488.tif,7,2mM 2DG,1h,yes,MN,1.4879082408217794,1.541593101685643,0.6884358460910035,0.7644623875255327
20260925_MN_92,vLH92_MN_60x-1xzoom_0004_XY04_488.tif,8,2mM 2DG,1h,yes,MN,1.8831161386479156,1.8012425667234735,0.8712934148961298,0.8932202612767239
20260925_MN_92,vLH92_MN_60x-1xzoom_0004_XY04_488.tif,9,2mM 2DG,1h,yes,MN,2.1840216276685003,2.063798208466653,1.0105184821710451,1.0234192823581107
20260925_MN_92,vLH92_MN_60x-1xzoom_0004_XY04_488.tif,10,2mM 2DG,1h,yes,MN,1.2654870690491438,1.098649136387725,0.5855244545301392,0.5448103918845182
20260925_MN_92,vLH92_MN_60x-1xzoom_0004_XY04_488.tif,11,2mM 2DG,1h,yes,MN,1.2980094951870729,1.2663315969731934,0.600572159315235,0.6279626413498006
20260925_MN_92,vLH92_MN_60x-1xzoom_0004_XY05_488.tif,1,2mM 2DG,1h,yes,MN,1.019367128796698,1.0563189419582468,0.47164795014706096,0.5238192227734244
20260925_MN_92,vLH92_MN_60x-1xzoom_0004_XY05_488.tif,2,2mM 2DG,1h,yes,MN,1.055180939536975,0.949570426912394,0.48821853590113146,0.4708835780903187
20260925_MN_92,vLH92_MN_60x-1xzoom_0004_XY05_488.tif,3,2mM 2DG,1h,yes,MN,1.5792050505701218,1.327819388843837,0.7306776959175735,0.6584538936301254
20260925_MN_92,vLH92_MN_60x-1xzoom_0004_XY05_488.tif,4,2mM 2DG,1h,yes,MN,1.6995358774127003,1.5905126284447642,0.7863532089064977,0.7887211482724544
20260925_MN_92,vLH92_MN_60x-1xzoom_0004_XY05_488.tif,5,2mM 2DG,1h,yes,MN,0.4135440984449808,0.392422641022443,0.19134149102613418,0.19459891766969348
20260925_MN_92,vLH92_MN_60x-1xzoom_0004_XY05_488.tif,6,2mM 2DG,1h,yes,MN,1.9352581789515173,1.6778799640458624,0.8954188607055403,0.8320458374477823
20260925_MN_92,vLH92_MN_60x-1xzoom_0004_XY05_488.tif,7,2mM 2DG,1h,yes,MN,2.374343165417221,1.6872472616461418,1.0985777893747044,0.8366909974970468
20260925_MN_92,vLH92_MN_60x-1xzoom_0004_XY05_488.tif,8,2mM 2DG,1h,yes,MN,2.343131373725255,2.308662912452435,1.0841364981499129,1.1448455238384485
20260925_MN_92,vLH92_MN_60x-1xzoom_0004_XY06_488.tif,1,2mM 2DG,1h,yes,MN,1.39855785492451,1.4690684392421829,0.6470945813368201,0.7284980487221301
20260925_MN_92,vLH92_MN_60x-1xzoom_0004_XY06_488.tif,2,2mM 2DG,1h,yes,MN,1.4992629808790243,1.5070231516302282,0.6936895370539189,0.7473194549792571
20260925_MN_92,vLH92_MN_60x-1xzoom_0004_XY06_488.tif,3,2mM 2DG,1h,yes,MN,3.040124706453964,2.9029207401045816,1.4066262737773814,1.4395327258218766
20260925_MN_92,vLH92_MN_60x-1xzoom_0004_XY06_488.tif,4,2mM 2DG,1h,yes,MN,1.3342230897674088,1.2833213938060488,0.6173277198672357,0.6363877313662367
20260925_MN_92,vLH92_MN_60x-1xzoom_0004_XY06_488.tif,5,2mM 2DG,1h,yes,MN,0.5909320287041233,0.5820380657157477,0.27341658578254,0.2886275300929152
20260925_MN_92,vLH92_MN_60x-1xzoom_0004_XY06_488.tif,6,2mM 2DG,1h,yes,MN,1.9304062082826,1.5955387448524083,0.8931739168030722,0.7912135549553643
20260925_MN_92,vLH92_MN_60x-1xzoom_0004_XY06_488.tif,7,2mM 2DG,1h,yes,MN,1.279867427162016,1.2548023973533244,0.5921780597276338,0.6222454132057292
20260925_MN_92,vLH92_MN_60x-1xzoom_0004_XY06_488.tif,8,2mM 2DG,1h,yes,MN,1.7513458744827075,1.578186648751691,0.8103250226180498,0.7826088039356416
20260925_MN_92,vLH92_MN_60x-1xzoom_0004_XY06_488.tif,9,2mM 2DG,1h,yes,MN,2.4511492485288384,2.3292898704187777,1.1341149679191815,1.155074249899234
20260925_MN_92,vLH92_MN_60x-1xzoom_0004_XY06_488.tif,10,2mM 2DG,1h,yes,MN,1.3854993484184337,1.3363243365814756,0.6410525797344698,0.6626714220078703
20260925_MN_92,vLH92_MN_60x-1xzoom_0004_XY06_488.tif,11,2mM 2DG,1h,yes,MN,1.071999495183206,0.9087659443923456,0.4960002634759091,0.45064899602394093
20260925_MN_92,vLH92_MN_60x-1xzoom_0004_XY06_488.tif,12,2mM 2DG,1h,yes,MN,1.253831187868127,1.1683755270869869,0.5801314294748054,0.5793870924738058
20260925_MN_92,vLH92_MN_60x-1xzoom_0004_XY06_488.tif,13,2mM 2DG,1h,yes,MN,1.6573881467408946,1.610207985148069,0.766852000545803,0.798487901504622
20260925_MN_92,vLH92_MN_60x-1xzoom_0004_XY06_488.tif,14,2mM 2DG,1h,yes,MN,1.7952573005910473,1.7653259353544026,0.8306422699835602,0.8754095213750912
20260925_MN_92,vLH92_MN_60x-1xzoom_0004_XY06_488.tif,15,2mM 2DG,1h,yes,MN,2.169683312737757,2.142646439805048,1.0038843298086564,1.0625194230600936
20260925_MN_92,vLH92_MN_60x-1xzoom_0004_XY06_488.tif,16,2mM 2DG,1h,yes,MN,1.327275634193135,1.268883435960836,0.6141132222757625,0.6292280757390315
20260925_MN_92,vLH92_MN_60x-1xzoom_0004_XY06_488.tif,17,2mM 2DG,1h,yes,MN,1.251679097317282,1.2598339452946086,0.579135685087761,0.6247405133381425
20260925_MN_92,vLH92_MN_60x-1xzoom_0004_XY07_488.tif,1,2mM 2DG,1h,yes,MN,1.3274367844787618,1.2827523773998035,0.6141877844229363,0.6361055611619306
20260925_MN_92,vLH92_MN_60x-1xzoom_0004_XY07_488.tif,2,2mM 2DG,1h,yes,MN,1.53295204113758,1.527499996252411,0.7092770283163506,0.7574737411600572
20260925_MN_92,vLH92_MN_60x-1xzoom_0004_XY07_488.tif,3,2mM 2DG,1h,yes,MN,1.2799339971229515,1.161304268718926,0.5922088607852014,0.5758805179769773
20260925_MN_92,vLH92_MN_60x-1xzoom_0004_XY07_488.tif,4,2mM 2DG,1h,yes,MN,1.53360048053583,1.456170202273476,0.7095770528161991,0.722101927062539
20260925_MN_92,vLH92_MN_60x-1xzoom_0004_XY07_488.tif,5,2mM 2DG,1h,yes,MN,2.270581715334046,2.1353011203327874,1.0505687121212666,1.0588769440850891
20260925_MN_92,vLH92_MN_60x-1xzoom_0004_XY07_488.tif,6,2mM 2DG,1h,yes,MN,1.6772895697378607,1.6520935934133754,0.7760601308615301,0.8192586042681744
20260925_MN_92,vLH92_MN_60x-1xzoom_0004_XY07_488.tif,7,2mM 2DG,1h,yes,MN,2.3135915130603224,2.211242085053564,1.0704687877277692,1.0965353969790197
20260925_MN_92,vLH92_MN_60x-1xzoom_0004_XY07_488.tif,8,2mM 2DG,1h,yes,MN,1.809582583713373,1.788093100045691,0.8372703926972059,0.8866995570259113
20260925_MN_92,vLH92_MN_60x-1xzoom_0004_XY07_488.tif,9,2mM 2DG,1h,yes,MN,1.7955083873746676,1.7575309113645547,0.8307584445819537,0.8715440379063457
20260925_MN_92,vLH92_MN_60x-1xzoom_0004_XY07_488.tif,10,2mM 2DG,1h,yes,MN,1.4285373031646538,1.3950848286846982,0.6609656832289273,0.6918102304497913
20260925_MN_92,vLH92_MN_60x-1xzoom_0004_XY07_488.tif,11,2mM 2DG,1h,yes,MN,2.0538460252724478,2.0109959234176635,0.9502879192121115,0.9972350961086931
20260925_MN_92,vLH92_MN_60x-1xzoom_0004_XY07_488.tif,12,2mM 2DG,1h,yes,MN,1.7789328682139811,1.8554863944640756,0.8230891668370557,0.9201192958000117
20260925_MN_92,vLH92_MN_60x-1xzoom_0004_XY07_488.tif,13,2mM 2DG,1h,yes,MN,1.670895973797967,1.6595561472936122,0.7731018969397839,0.8229592187494444
20260925_MN_92,vLH92_MN_60x-1xzoom_0004_XY07_488.tif,14,2mM 2DG,1h,yes,MN,2.533686433740463,2.310158427968277,1.1723038530776855,1.1455871367585972
20260925_MN_92,vLH92_MN_60x-1xzoom_0004_XY08_488.tif,1,2mM 2DG,1h,yes,MN,1.894472802636124,1.6012518303050378,0.8765479960369502,0.7940466235131303
20260925_MN_92,vLH92_MN_60x-1xzoom_0004_XY08_488.tif,2,2mM 2DG,1h,yes,MN,3.0030882942020187,3.102537899318179,1.3894900061599906,1.5385211099529628
20260925_MN_92,vLH92_MN_60x-1xzoom_0004_XY08_488.tif,3,2mM 2DG,1h,yes,MN,3.0325978798036566,2.92025403625618,1.4031437087029903,1.4481281541130706
20260925_MN_92,vLH92_MN_60x-1xzoom_0004_XY08_488.tif,4,2mM 2DG,1h,yes,MN,2.8258265803965914,2.462214973244463,1.307473310119796,1.220990632994805
20260925_MN_92,vLH92_MN_60x-1xzoom_0004_XY09_488.tif,1,2mM 2DG,1h,yes,MN,1.57722549845549,1.340163048695418,0.7297617828272843,0.6645750054012046
20260925_MN_92,vLH92_MN_60x-1xzoom_0004_XY09_488.tif,2,2mM 2DG,1h,yes,MN,2.099249502220861,1.76887176574005,0.9712955191506605,0.8771678673091827
20260925_MN_92,vLH92_MN_60x-1xzoom_0004_XY09_488.tif,3,2mM 2DG,1h,yes,MN,2.021221146686522,1.537560093259689,0.9351928110080511,0.7624624543091449
20260925_MN_92,vLH92_MN_60x-1xzoom_0004_XY09_488.tif,4,2mM 2DG,1h,yes,MN,1.297179570946314,1.2188688606559075,0.6001881641324658,0.6044262901012557
20260925_MN_92,vLH92_MN_60x-1xzoom_0004_XY09_488.tif,5,2mM 2DG,1h,yes,MN,1.5844337613339012,1.7588751437640329,0.7330969525759272,0.8722106308668166
20260925_MN_92,vLH92_MN_60x-1xzoom_0004_XY10_488.tif,1,2mM 2DG,1h,yes,MN,1.2987517885382935,1.2512588270424452,0.6009156088219151,0.6204881880227303
20260925_MN_92,vLH92_MN_60x-1xzoom_0004_XY10_488.tif,2,2mM 2DG,1h,yes,MN,1.5452993641445825,1.4680650512275917,0.7149899745371403,0.7280004774781941
20260925_MN_92,vLH92_MN_60x-1xzoom_0004_XY10_488.tif,3,2mM 2DG,1h,yes,MN,2.381177078345891,2.3889085107575068,1.101739752256611,1.1846386064629315
20260925_MN_92,vLH92_MN_60x-1xzoom_0004_XY10_488.tif,4,2mM 2DG,1h,yes,MN,1.5269926751652323,1.4079835306952757,0.706519706968985,0.698206582719534
20260925_MN_92,vLH92_MN_60x-1xzoom_0004_XY10_488.tif,5,2mM 2DG,1h,yes,MN,1.691220238095238,1.3470702625239634,0.7825056704412608,0.6680002316614582
20260925_MN_92,vLH92_MN_60x-1xzoom_0004_XY10_488.tif,6,2mM 2DG,1h,yes,MN,1.7737037193041574,1.5229725051174985,0.8206697074542095,0.7552285983407806
20260925_MN_92,vLH92_MN_60x-1xzoom_0004_XY10_488.tif,7,2mM 2DG,1h,yes,MN,1.616923452503662,1.4165314570811307,0.748129511315797,0.702445423828889
20260925_MN_92,vLH92_MN_60x-1xzoom_0004_XY10_488.tif,8,2mM 2DG,1h,yes,MN,3.219452656703464,2.790886845591169,1.4895989906228737,1.3839761081969935
20260925_MN_92,vLH92_MN_60x-1xzoom_0004_XY11_488.tif,1,2mM 2DG,1h,yes,MN,0.3976762079939537,0.4078089001450959,0.18399962390783742,0.20222882751498822
20260925_MN_92,vLH92_MN_60x-1xzoom_0004_XY11_488.tif,2,2mM 2DG,1h,yes,MN,0.5064086353533067,0.485687787814643,0.234308707877506,0.24084827926305077
20260925_MN_92,vLH92_MN_60x-1xzoom_0004_XY11_488.tif,3,2mM 2DG,1h,yes,MN,2.462877183181645,2.3556328171662217,1.1395413311814386,1.168137484252702
20260925_MN_92,vLH92_MN_60x-1xzoom_0004_XY11_488.tif,4,2mM 2DG,1h,yes,MN,1.594860152882961,1.47351328339701,0.7379211087240165,0.7307022076347917
20260925_MN_92,vLH92_MN_60x-1xzoom_0004_XY11_488.tif,5,2mM 2DG,1h,yes,MN,2.0080527021388046,1.3918337851343308,0.9290999424996387,0.6901980667006503
20260925_MN_92,vLH92_MN_60x-1xzoom_0004_XY11_488.tif,6,2mM 2DG,1h,yes,MN,0.4265497462549402,0.421608331925905,0.19735903559532475,0.20907184371304866
20260925_MN_92,vLH92_MN_60x-1xzoom_0004_XY11_488.tif,7,2mM 2DG,1h,yes,MN,1.4066450080537278,1.367032886591596,0.6508364022060329,0.6778995204162731
20260925_MN_92,vLH92_MN_60x-1xzoom_0004_XY11_488.tif,8,2mM 2DG,1h,yes,MN,2.2041642720781063,2.041448634649412,1.019838222505959,1.0123363263291663
20260925_MN_92,vLH92_MN_60x-1xzoom_0004_XY11_488.tif,9,2mM 2DG,1h,yes,MN,1.8695689134851612,1.7323364606971037,0.8650252895096106,0.8590503326033225
20260925_MN_92,vLH92_MN_60x-1xzoom_0004_XY11_488.tif,10,2mM 2DG,1h,yes,MN,2.618258222103886,2.3433151093450206,1.2114341227274092,1.1620292418640061
20260925_MN_92,vLH92_MN_60x-1xzoom_0004_XY11_488.tif,11,2mM 2DG,1h,yes,MN,1.024183136019893,1.0163674741008348,0.47387625422960933,0.5040076431354307
20260925_MN_92,vLH92_MN_60x-1xzoom_0004_XY11_488.tif,12,2mM 2DG,1h,yes,MN,3.06753606809232,3.0304520266132458,1.419309155304797,1.5027743631008794
20260925_MN_92,vLH92_MN_60x-1xzoom_0004_XY11_488.tif,13,2mM 2DG,1h,yes,MN,0.4399235648427339,0.4462106330686562,0.2035469280085493,0.22127190730287968
20260925_MN_92,vLH92_MN_60x-1xzoom_0004_XY11_488.tif,14,2mM 2DG,1h,yes,MN,1.0996109033997044,1.0625202536038032,0.5087757039605929,0.5268943983831026
20260925_MN_92,vLH92_MN_60x-1xzoom_0004_XY12_488.tif,1,2mM 2DG,1h,yes,MN,2.7411606645476287,2.1297992057057886,1.2682994889032684,1.0561485932724666
20260925_MN_92,vLH92_MN_60x-1xzoom_0004_XY12_488.tif,2,2mM 2DG,1h,yes,MN,0.4742515066034106,0.4727514419018337,0.21943002145624854,0.23443325971505918
20260925_MN_92,vLH92_MN_60x-1xzoom_0004_XY12_488.tif,3,2mM 2DG,1h,yes,MN,0.9508098583595002,0.9481552315770164,0.43992739024677113,0.4701817952374279
20260925_MN_92,vLH92_MN_60x-1xzoom_0004_XY12_488.tif,4,2mM 2DG,1h,yes,MN,3.115548902033212,2.9567953077413365,1.4415240708825676,1.4662486475248642
20260925_MN_92,vLH92_MN_60x-1xzoom_0004_XY12_488.tif,5,2mM 2DG,1h,yes,MN,0.7760170492910194,0.7382115144407496,0.35905302440871256,0.36607256234550295
20260925_MN_92,vLH92_MN_60x-1xzoom_0004_XY12_488.tif,6,2mM 2DG,1h,yes,MN,1.83323504434799,1.5100263942334655,0.8482140794800235,0.7488087364299063
20260925_MN_92,vLH92_MN_60x-1xzoom_0004_XY12_488.tif,7,2mM 2DG,1h,yes,MN,1.6705239043502194,1.9410158650740124,0.7729297452317436,0.9625326039776193
20260925_MN_92,vLH92_MN_60x-1xzoom_0004_XY12_488.tif,8,2mM 2DG,1h,yes,MN,2.7533736167124854,2.469386217439165,1.2739502634780757,1.2245467895789361
20260925_MN_92,vLH92_MN_60x-1xzoom_0004_XY12_488.tif,9,2mM 2DG,1h,yes,MN,3.3151923859512165,2.949327639195884,1.5338965216808353,1.4625454967263405
20260925_MN_92,vLH92_MN_60x-1xzoom_0004_XY12_488.tif,10,2mM 2DG,1h,yes,MN,1.617138364779874,1.5348552605142558,0.7482289484387661,0.7611211516682794
20260925_MN_92,vLH92_MN_60x-1xzoom_0004_XY13_488.tif,1,2mM 2DG,1h,yes,MN,1.2001021798365124,1.0473497400712943,0.5552717142793,0.519371474868221
20260925_MN_92,vLH92_MN_60x-1xzoom_0004_XY13_488.tif,2,2mM 2DG,1h,yes,MN,3.747716606618185,3.441756861461068,1.734019869102622,1.7067367937220033
20260925_MN_92,vLH92_MN_60x-1xzoom_0004_XY13_488.tif,3,2mM 2DG,1h,yes,MN,2.750644430835837,2.47281037333398,1.2726875045682304,1.2262447982089357
20260925_MN_92,vLH92_MN_60x-1xzoom_0004_XY13_488.tif,4,2mM 2DG,1h,yes,MN,1.5873007431830573,1.5168493519188633,0.7344234678951523,0.7521921808138112
20260925_MN_92,vLH92_MN_60x-1xzoom_0004_XY13_488.tif,5,2mM 2DG,1h,yes,MN,2.0609303747822967,1.843849630193235,0.9535657558521744,0.9143487272966684
20260925_MN_92,vLH92_MN_60x-1xzoom_0004_XY13_488.tif,6,2mM 2DG,1h,yes,MN,1.4522968005148849,1.416869035819364,0.6719588945118821,0.702612826140125
20260925_MN_92,vLH92_MN_60x-1xzoom_0004_XY13_488.tif,7,2mM 2DG,1h,yes,MN,3.1207853282880182,2.967891164592478,1.443946897398556,1.471750984821775
20260925_MN_92,vLH92_MN_60x-1xzoom_0004_XY13_488.tif,8,2mM 2DG,1h,yes,MN,3.763688697162881,3.353700603678109,1.7414099482528704,1.6630704741285134
20260925_MN_92,vLH92_MN_60x-1xzoom_0004_XY13_488.tif,9,2mM 2DG,1h,yes,MN,3.154437995846867,3.032117652826196,1.4595175502308164,1.5036003324115133
20260925_MN_92,vLH92_MN_60x-1xzoom_0004_XY13_488.tif,10,2mM 2DG,1h,yes,MN,2.795149322813564,2.519457647029656,1.2932793408947458,1.2493767687541861
20260925_MN_92,vLH92_MN_60x-1xzoom_0004_XY13_488.tif,11,2mM 2DG,1h,yes,MN,2.154351649626008,2.0762892641484343,0.9967905681258192,1.0296134864180326
20260925_MN_92,vLH92_MN_60x-1xzoom_0004_XY13_488.tif,12,2mM 2DG,1h,yes,MN,1.53043697903511,1.3346574092582106,0.7081133416998097,0.6618448074881367
20260925_MN_92,vLH92_MN_60x-1xzoom_0004_XY14_488.tif,1,2mM 2DG,1h,yes,MN,2.6713723188028555,2.2423921282114923,1.2360093264241905,1.111982427935499
20260925_MN_92,vLH92_MN_60x-1xzoom_0004_XY14_488.tif,2,2mM 2DG,1h,yes,MN,2.03272076499813,1.961404243015112,0.9405135352603093,0.9726430203135406
20260925_MN_92,vLH92_MN_60x-1xzoom_0004_XY14_488.tif,3,2mM 2DG,1h,yes,MN,1.6692719177424002,1.569347995255686,0.7723504672655348,0.7782257938231296
20260925_MN_92,vLH92_MN_60x-1xzoom_0004_XY14_488.tif,4,2mM 2DG,1h,yes,MN,1.164143019545086,1.1556250963221149,0.5386338771729758,0.573064266603714
20260925_MN_92,vLH92_MN_60x-1xzoom_0004_XY14_488.tif,5,2mM 2DG,1h,yes,MN,1.284565741726603,1.182719307914016,0.5943519089434206,0.5865000465504578
20260925_MN_92,vLH92_MN_60x-1xzoom_0004_XY14_488.tif,6,2mM 2DG,1h,yes,MN,1.666169278860292,1.7169993803418304,0.7709149164934392,0.851444810073906
20260925_MN_92,vLH92_MN_60x-1xzoom_0004_XY14_488.tif,7,2mM 2DG,1h,yes,MN,1.8597304262914405,1.840757808022741,0.8604731490821041,0.912815520021885
20260925_MN_92,vLH92_MN_60x-1xzoom_0004_XY14_488.tif,8,2mM 2DG,1h,yes,MN,1.511394128719612,1.2385792394550583,0.6993024618288213,0.6142004926579198
20260925_MN_92,vLH92_MN_60x-1xzoom_0004_XY15_488.tif,1,2mM 2DG,1h,yes,MN,0.6404149495523664,0.6116575677733216,0.2963116915065326,0.30331557925160146
20260925_MN_92,vLH92_MN_60x-1xzoom_0004_XY15_488.tif,2,2mM 2DG,1h,yes,MN,0.3801513075594211,0.3477049960270126,0.17589107976021942,0.1724238329340738
20260925_MN_92,vLH92_MN_60x-1xzoom_0004_XY15_488.tif,3,2mM 2DG,1h,yes,MN,0.4522984586004639,0.4585376581106778,0.20927263085813083,0.2273847700189925
20260925_MN_92,vLH92_MN_60x-1xzoom_0004_XY15_488.tif,4,2mM 2DG,1h,yes,MN,1.747788192731459,1.7434989120544728,0.8086789294119321,0.8645856935270069
20260925_MN_92,vLH92_MN_60x-1xzoom_0004_XY15_488.tif,5,2mM 2DG,1h,yes,MN,1.009796096526782,0.9329144201685388,0.46721955764413026,0.4626240116274653
20260925_MN_92,vLH92_MN_60x-1xzoom_0004_XY15_488.tif,6,2mM 2DG,1h,yes,MN,0.9181097774152198,0.8491173023372091,0.42479748688681224,0.4210697618743683
20260925_MN_92,vLH92_MN_60x-1xzoom_0004_XY15_488.tif,7,2mM 2DG,1h,yes,MN,2.0253028996687394,1.8563552143456603,0.9370813851759684,0.9205501358967141
20260925_MN_92,vLH92_MN_60x-1xzoom_0004_XY15_488.tif,8,2mM 2DG,1h,yes,MN,0.42825124515772,0.436299842288663,0.1981462970706098,0.21635723379165595
20260925_MN_92,vLH92_MN_60x-1xzoom_0004_XY15_488.tif,9,2mM 2DG,1h,yes,MN,0.4438623462630087,0.4234796699450846,0.20536935108897847,0.20999982368937645
20260925_MN_92,vLH92_MN_60x-1xzoom_0004_XY15_488.tif,10,2mM 2DG,1h,yes,MN,1.4369492021665935,1.412572778315357,0.6648577598017635,0.7004823500337215
20260925_MN_92,vLH92_MN_60x-1xzoom_0004_XY15_488.tif,11,2mM 2DG,1h,yes,MN,1.006343884120172,0.9221588949126616,0.4656222637359267,0.45729044175925004
20260925_MN_92,vLH92_MN_60x-1xzoom_0004_XY15_488.tif,12,2mM 2DG,1h,yes,MN,0.492075351720849,0.4612801571437364,0.22767688343158218,0.2287447510388258
20260925_MN_92,vLH92_MN_60x-1xzoom_0004_XY15_488.tif,13,2mM 2DG,1h,yes,MN,1.059352881698686,0.9831509452169478,0.49014883943272153,0.4875358601804333
20260925_MN_92,vLH92_MN_60x-1xzoom_0004_XY15_488.tif,14,2mM 2DG,1h,yes,MN,0.545338025949467,0.5273964185709408,0.2523208320244042,0.2615312204448167
20260925_MN_92,vLH92_MN_60x-1xzoom_0004_XY15_488.tif,15,2mM 2DG,1h,yes,MN,0.6343236106109712,0.6106507385140466,0.29349330797796874,0.30281630152485617
20260925_MN_92,vLH92_MN_60x-1xzoom_0004_XY15_488.tif,16,2mM 2DG,1h,yes,MN,0.4626304506584373,0.4248625857499644,0.2140531095859776,0.21068559940852646
20260925_MN_92,vLH92_MN_60x-1xzoom_0004_XY15_488.tif,17,2mM 2DG,1h,yes,MN,0.900836431226766,0.8160370556797819,0.41680533362640476,0.4046655600703912
20260925_MN_92,vLH92_MN_60x-1xzoom_0004_XY15_488.tif,18,2mM 2DG,1h,yes,MN,1.0603056376011306,1.0000420800106649,0.49058966723232794,0.4959120245640838
20260925_MN_92,vLH92_MN_60x-1xzoom_0004_XY15_488.tif,19,2mM 2DG,1h,yes,MN,0.4772991245557773,0.4480169960880747,0.22084011475772855,0.22216766675137006
20260925_MN_92,vLH92_MN_60x-1xzoom_0004_XY15_488.tif,20,2mM 2DG,1h,yes,MN,0.3948854848619675,0.4284175166028054,0.18270839250803447,0.21244845818382813
20260925_MN_92,vLH92_MN_60x-1xzoom_0004_XY15_488.tif,21,2mM 2DG,1h,yes,MN,0.6141443583646546,0.5604931668444131,0.2841566296717823,0.27794360525427436
20260925_MN_92,vLH92_MN_60x-1xzoom_0004_XY15_488.tif,22,2mM 2DG,1h,yes,MN,0.6134972917581616,0.5544914342146219,0.2838572403448758,0.2749673991137284
20260925_MN_92,vLH92_MN_60x-1xzoom_0004_XY15_488.tif,23,2mM 2DG,1h,yes,MN,0.567971383366582,0.5597024222735042,0.2627929929654081,0.277551482013752
20260925_MN_92,vLH92_MN_60x-1xzoom_0004_XY15_488.tif,24,2mM 2DG,1h,yes,MN,0.4705008901627546,0.4821524089455953,0.21769465987154507,0.239095116143623
20260925_MN_92,vLH92_MN_60x-1xzoom_0004_XY15_488.tif,25,2mM 2DG,1h,yes,MN,0.3745966624161447,0.3729737362197227,0.17332101749157122,0.18495437775576476
20260925_MN_92,vLH92_MN_60x-1xzoom_0004_XY16_488.tif,1,2mM 2DG,1h,yes,MN,0.459708457615703,0.4616894120217839,0.2127011413009335,0.22894769691399647
20260925_MN_92,vLH92_MN_60x-1xzoom_0004_XY16_488.tif,2,2mM 2DG,1h,yes,MN,0.5652715410368035,0.568368149700744,0.2615438109341379,0.2818487396178692
20260925_MN_92,vLH92_MN_60x-1xzoom_0004_XY16_488.tif,3,2mM 2DG,1h,yes,MN,0.4491323710073711,0.4518622668408482,0.20780772319033994,0.2240745025157057
20260925_MN_92,vLH92_MN_60x-1xzoom_0004_XY16_488.tif,4,2mM 2DG,1h,yes,MN,0.5956672661118315,0.6290108399447498,0.2756075187189803,0.31192091347439016
20260925_MN_92,vLH92_MN_60x-1xzoom_0004_XY16_488.tif,5,2mM 2DG,1h,yes,MN,0.4662571234961509,0.4628967521982563,0.21573112407304548,0.229546406231554
20260925_MN_92,vLH92_MN_60x-1xzoom_0004_XY16_488.tif,6,2mM 2DG,1h,yes,MN,0.5742516183386834,0.5688642963964458,0.26569877623755467,0.28209477437707015
20260925_MN_92,vLH92_MN_60x-1xzoom_0004_XY16_488.tif,7,2mM 2DG,1h,yes,MN,0.3904378419051106,0.3886247516996655,0.18065052579414131,0.1927155779375206
20260925_MN_92,vLH92_MN_60x-1xzoom_0004_XY16_488.tif,8,2mM 2DG,1h,yes,MN,0.5540784546589271,0.5497874622837707,0.256364915032152,0.27263474102828456
20260925_MN_92,vLH92_MN_60x-1xzoom_0004_XY16_488.tif,9,2mM 2DG,1h,yes,MN,0.475351287248859,0.465115655843884,0.21993887569765366,0.23064674092867404
20260925_MN_92,vLH92_MN_60x-1xzoom_0004_XY16_488.tif,10,2mM 2DG,1h,yes,MN,0.5285375677994446,0.5347784672982246,0.24454747792641277,0.2651919131326074
20260925_MN_92,vLH92_MN_60x-1xzoom_0004_XY16_488.tif,11,2mM 2DG,1h,yes,MN,0.4446004293211665,0.3894229668135456,0.20571085254766228,0.19311140575424376
20260925_MN_92,vLH92_MN_60x-1xzoom_0004_XY16_488.tif,12,2mM 2DG,1h,yes,MN,2.880802302228328,2.725926028579176,1.3329098636217727,1.3517626134594412
20260925_MN_92,vLH92_MN_60x-1xzoom_0004_XY16_488.tif,13,2mM 2DG,1h,yes,MN,2.594684022512914,2.26023630317773,1.2005266463145055,1.1208311965134057
20260925_MN_92,vLH92_MN_60x-1xzoom_0004_XY16_488.tif,14,2mM 2DG,1h,yes,MN,0.4567436394106254,0.4559618409445604,0.21132935836868003,0.22610744506308406
20260925_MN_92,vLH92_MN_60x-1xzoom_0004_XY16_488.tif,15,2mM 2DG,1h,yes,MN,3.1859921230450454,3.0127195457992144,1.4741172356545247,1.4939809826653918
20260925_MN_92,vLH92_MN_60x-1xzoom_0004_XY16_488.tif,16,2mM 2DG,1h,yes,MN,0.9363586546009274,0.973034789809583,0.4332410056878202,0.4825193481664412
20260925_MN_92,vLH92_MN_60x-1xzoom_0004_XY16_488.tif,17,2mM 2DG,1h,yes,MN,0.5584835281444444,0.5611869381231311,0.25840308540374707,0.2782876402966896
20260925_MN_92,vLH92_MN_60x-1xzoom_0004_XY16_488.tif,18,2mM 2DG,1h,yes,MN,0.5589725161993301,0.5648079839953163,0.2586293338349727,0.28008328492545925
20260925_MN_92,vLH92_MN_60x-1xzoom_0004_XY16_488.tif,19,2mM 2DG,1h,yes,MN,3.0413025988362308,2.9684542885178966,1.4071712693063678,1.4720302329969435
20260925_MN_92,vLH92_MN_60x-1xzoom_0004_XY16_488.tif,20,2mM 2DG,1h,yes,MN,2.845207840907072,2.7855819485993107,1.3164407679991028,1.3813454566875005
20260925_MN_92,vLH92_MN_60x-1xzoom_0004_XY16_488.tif,21,2mM 2DG,1h,yes,MN,0.4369637212102967,0.4275782302061969,0.20217744674654042,0.2120322634811744
20260925_MN_92,vLH92_MN_60x-1xzoom_0004_XY16_488.tif,22,2mM 2DG,1h,yes,MN,0.528076026476544,0.5198230334250449,0.24433392874211524,0.2577756457189364
20260925_MN_92,vLH92_MN_60x-1xzoom_0004_XY17_488.tif,1,2mM 2DG,1h,yes,MN,2.8785665049700766,2.743714224933704,1.331875389226818,1.3605836227387937
20260925_MN_92,vLH92_MN_60x-1xzoom_0004_XY17_488.tif,2,2mM 2DG,1h,yes,MN,0.4547943042139341,0.4407729143533065,0.21042742625443353,0.21857539067518905
20260925_MN_92,vLH92_MN_60x-1xzoom_0004_XY17_488.tif,3,2mM 2DG,1h,yes,MN,0.4358828144958213,0.4286773760494053,0.20167732522821727,0.21257732018557915
20260925_MN_92,vLH92_MN_60x-1xzoom_0004_XY17_488.tif,4,2mM 2DG,1h,yes,MN,1.3226013809307429,1.3125192433008792,0.611950505912446,0.6508666867475386
20260925_MN_92,vLH92_MN_60x-1xzoom_0004_XY17_488.tif,5,2mM 2DG,1h,yes,MN,1.1001950731092582,1.0293103716779304,0.5090459917090062,0.5104259115958085
20260925_MN_92,vLH92_MN_60x-1xzoom_0004_XY17_488.tif,6,2mM 2DG,1h,yes,MN,1.0841116861998532,1.0097008282106104,0.5016044171742285,0.5007017123885588
20260925_MN_92,vLH92_MN_60x-1xzoom_0004_XY17_488.tif,7,2mM 2DG,1h,yes,MN,0.5358466009509795,0.5146545600822001,0.2479292727735231,0.2552126454906577
20260925_MN_92,vLH92_MN_60x-1xzoom_0004_XY17_488.tif,8,2mM 2DG,1h,yes,MN,1.6916921132989364,1.2366054232677135,0.7827240009781816,0.6132216946641662
20260925_MN_92,vLH92_MN_60x-1xzoom_0004_XY17_488.tif,9,2mM 2DG,1h,yes,MN,0.4123915543754526,0.4131299481614614,0.19080822383270524,0.20486748817471806
20260925_MN_92,vLH92_MN_60x-1xzoom_0004_XY17_488.tif,10,2mM 2DG,1h,yes,MN,0.9715672676837726,0.9478523278474128,0.4495315743347094,0.4700315879563562
20260925_MN_92,vLH92_MN_60x-1xzoom_0004_XY18_488.tif,1,2mM 2DG,1h,yes,MN,0.5023197242841994,0.498093318338382,0.23241682175561915,0.24700007215335928
20260925_MN_92,vLH92_MN_60x-1xzoom_0004_XY18_488.tif,2,2mM 2DG,1h,yes,MN,1.546656273691179,1.5686774912170356,0.7156177989863579,0.7778932967993225
20260925_MN_92,vLH92_MN_60x-1xzoom_0004_XY18_488.tif,3,2mM 2DG,1h,yes,MN,3.0096341784610265,3.1818843221715203,1.3925187019119376,1.5778682994219286
20260925_MN_92,vLH92_MN_60x-1xzoom_0004_XY18_488.tif,4,2mM 2DG,1h,yes,MN,2.7843635930128925,2.5838361572638373,1.288288923597955,1.281301502709693
20260925_MN_92,vLH92_MN_60x-1xzoom_0004_XY18_488.tif,5,2mM 2DG,1h,yes,MN,1.1678612591845556,1.1346346834518437,0.5403542584316706,0.5626553064699352
20260925_MN_92,vLH92_MN_60x-1xzoom_0004_XY18_488.tif,6,2mM 2DG,1h,yes,MN,0.6806626678091974,0.7098087286001046,0.3149337887644055,0.3519878719999285
20260925_MN_92,vLH92_MN_60x-1xzoom_0004_XY18_488.tif,7,2mM 2DG,1h,yes,MN,1.628453621635661,1.5222590193512036,0.7534643710364315,0.7548747870583021
20260925_MN_92,vLH92_MN_60x-1xzoom_0004_XY19_488.tif,1,2mM 2DG,1h,yes,MN,3.06786547484862,2.7255158516661546,1.4194615675388043,1.35155921035528
20260925_MN_92,vLH92_MN_60x-1xzoom_0004_XY19_488.tif,2,2mM 2DG,1h,yes,MN,2.1288449984344986,1.8642598645963844,0.984988971419643,0.9244699820588533
20260925_MN_92,vLH92_MN_60x-1xzoom_0004_XY19_488.tif,3,2mM 2DG,1h,yes,MN,2.380499538247029,2.336166838805692,1.1014262632400014,1.1584844777124292
20260925_MN_92,vLH92_MN_60x-1xzoom_0004_XY19_488.tif,4,2mM 2DG,1h,yes,MN,1.9195828105581756,1.7759136193758482,0.8881660710464829,0.8806598602592948
20260925_MN_92,vLH92_MN_60x-1xzoom_0004_XY19_488.tif,5,2mM 2DG,1h,yes,MN,1.6669243072402102,1.548517241177036,0.7712642583327348,0.7678960070723265
20260925_MN_92,vLH92_MN_60x-1xzoom_0004_XY20_488.tif,1,2mM 2DG,1h,yes,MN,3.1486789816149177,3.1922704557320154,1.4568529290353371,1.5830186912147652
20260925_MN_92,vLH92_MN_60x-1xzoom_0004_XY20_488.tif,2,2mM 2DG,1h,yes,MN,2.5413316216373927,2.386882149324382,1.1758411823658415,1.1836337517464295
20260925_MN_92,vLH92_MN_60x-1xzoom_0004_XY20_488.tif,3,2mM 2DG,1h,yes,MN,2.044493375053116,1.9468301557544865,0.9459605692517518,0.9654158593129621
20260925_MN_92,vLH92_MN_60x-1xzoom_0004_XY20_488.tif,4,2mM 2DG,1h,yes,MN,2.1800744801037704,2.0046144596225624,1.0086921881840787,0.9940705846410585
20260925_MN_92,vLH92_MN_60x-1xzoom_0004_XY21_488.tif,1,2mM 2DG,1h,yes,MN,1.4791087019092388,1.3477774834891596,0.6843644135589007,0.6683509362844685
20260925_MN_92,vLH92_MN_60x-1xzoom_0004_XY21_488.tif,2,2mM 2DG,1h,yes,MN,1.543559334675915,1.580873082914235,0.7141848854687286,0.7839409828819427
20260925_MN_92,vLH92_MN_60x-1xzoom_0004_XY21_488.tif,3,2mM 2DG,1h,yes,MN,3.949684577041975,3.635869177742746,1.8274678296604525,1.8029953749199505
20260925_MN_92,vLH92_MN_60x-1xzoom_0004_XY21_488.tif,4,2mM 2DG,1h,yes,MN,1.971514685636609,1.7194703798443538,0.9121942761318771,0.8526701568772928
20260925_MN_92,vLH92_MN_60x-1xzoom_0004_XY21_488.tif,5,2mM 2DG,1h,yes,MN,1.4726262733285904,1.4055199226569133,0.681365077926363,0.6969849012778654
20260925_MN_92,vLH92_MN_60x-1xzoom_0004_XY21_488.tif,6,2mM 2DG,1h,yes,MN,1.0435797509442275,1.0214922579773655,0.48285081639707234,0.5065489781436902
20260925_MN_92,vLH92_MN_60x-1xzoom_0004_XY21_488.tif,7,2mM 2DG,1h,yes,MN,1.6128140079245723,1.5668538924326416,0.746228124605144,0.7769889902873888
20260925_MN_92,vLH92_MN_60x-1xzoom_0004_XY21_488.tif,8,2mM 2DG,1h,yes,MN,1.233276173449842,1.211816029457359,0.5706208908849734,0.6009288534748453
20260925_MN_92,vLH92_MN_60x-1xzoom_0004_XY21_488.tif,9,2mM 2DG,1h,yes,MN,1.375624847816434,1.3398308075833585,0.6364837763700169,0.66441024997159
20260925_MN_92,vLH92_MN_60x-1xzoom_0004_XY22_488.tif,1,2mM 2DG,1h,yes,MN,1.29563908583198,1.2030251718506348,0.5994754016488791,0.5965695449211905
20260925_MN_92,vLH92_MN_60x-1xzoom_0004_XY22_488.tif,2,2mM 2DG,1h,yes,MN,2.6868770540380367,2.254845616530329,1.2431831663339377,1.1181580026723277
20260925_MN_92,vLH92_MN_60x-1xzoom_0004_XY22_488.tif,3,2mM 2DG,1h,yes,MN,3.4502173540223544,3.3102347681402144,1.5963708232453757,1.641516150633709
20260925_MN_92,vLH92_MN_60x-1xzoom_0004_XY22_488.tif,4,2mM 2DG,1h,yes,MN,1.871830264158429,1.7407045921596815,0.8660715871382867,0.8632000150000684
20260925_MN_92,vLH92_MN_60x-1xzoom_0004_XY22_488.tif,5,2mM 2DG,1h,yes,MN,1.6726076674247712,1.6952818241604493,0.773893875381658,0.8406752660019424
20260925_MN_92,vLH92_MN_60x-1xzoom_0004_XY22_488.tif,6,2mM 2DG,1h,yes,MN,1.6640671300037717,1.751720963918605,0.7699422794806565,0.8686629363425984
20260925_MN_92,vLH92_MN_60x-1xzoom_0004_XY22_488.tif,7,2mM 2DG,1h,yes,MN,1.7175684519411432,1.6700429932183247,0.7946966472732556,0.8281595529131431
20260925_MN_92,vLH92_MN_60x-1xzoom_0004_XY22_488.tif,8,2mM 2DG,1h,yes,MN,1.4306906587873354,1.3182116728812787,0.6619620129483036,0.6536895122409161
20260925_MN_92,vLH92_MN_60x-1xzoom_0004_XY23_488.tif,1,2mM 2DG,1h,yes,MN,1.9284847475372384,1.93494573227051,0.8922848818359475,0.9595224787957614
20260925_MN_92,vLH92_MN_60x-1xzoom_0004_XY23_488.tif,2,2mM 2DG,1h,yes,MN,2.120918313119265,1.9909927289593987,0.9813213969268261,0.9873156888559089
20260925_MN_92,vLH92_MN_60x-1xzoom_0004_XY23_488.tif,3,2mM 2DG,1h,yes,MN,1.053090424607542,1.116359739149308,0.4872512817555297,0.5535929231872542
20260925_MN_92,vLH92_MN_60x-1xzoom_0004_XY23_488.tif,4,2mM 2DG,1h,yes,MN,1.311167722690356,1.2731455702753456,0.6066603005296943,0.6313416304574988
20260925_MN_92,vLH92_MN_60x-1xzoom_0004_XY23_488.tif,5,2mM 2DG,1h,yes,MN,1.7255329710523564,1.756069616420959,0.7983817269727993,0.8708193946653772
20260925_MN_92,vLH92_MN_60x-1xzoom_0004_XY23_488.tif,6,2mM 2DG,1h,yes,MN,1.2377345195102614,1.1400654815216151,0.5726837097860744,0.5653483912106797
20260925_MN_92,vLH92_MN_60x-1xzoom_0004_XY23_488.tif,7,2mM 2DG,1h,yes,MN,1.2858608006790206,1.265485020626964,0.5949511159248625,0.6275428316255917
20260925_MN_92,vLH92_MN_60x-1xzoom_0004_XY23_488.tif,8,2mM 2DG,1h,yes,MN,2.0842355535079635,1.978416860182316,0.9643487597996795,0.9810794267319903
20260925_MN_92,vLH92_MN_60x-1xzoom_0004_XY23_488.tif,9,2mM 2DG,1h,yes,MN,1.8135457170556772,1.745727924222662,0.8391040830961338,0.8656910409510801
20260925_MN_92,vLH92_MN_60x-1xzoom_0004_XY23_488.tif,10,2mM 2DG,1h,yes,MN,1.775147237201689,1.843686456747892,0.8213376044641661,0.9142678110279907
20260925_MN_92,vLH92_MN_60x-1xzoom_0004_XY23_488.tif,11,2mM 2DG,1h,yes,MN,1.5233279280817045,1.4745363226074073,0.7048240760221702,0.7312095237329614
20260925_MN_92,vLH92_MN_60x-1xzoom_0004_XY23_488.tif,12,2mM 2DG,1h,yes,MN,2.3041080658733017,2.0012396703518527,1.0660809197067882,0.9923970564834264
20260925_MN_92,vLH92_MN_60x-1xzoom_0004_XY23_488.tif,13,2mM 2DG,1h,yes,MN,0.9695257450000948,1.0902570432941676,0.4485869882658296,0.5406488271268511
20260925_MN_92,vLH92_MN_60x-1xzoom_0005_XY01_488.tif,1,2mM 2DG,1h,yes,non-MN,2.166076776476994,2.1590980373540853,0.3167513738291654,0.32611842729076
20260925_MN_92,vLH92_MN_60x-1xzoom_0005_XY01_488.tif,2,2mM 2DG,1h,yes,non-MN,2.406030649784458,2.336940537042133,0.3518404897142394,0.35298043878830093
20260925_MN_92,vLH92_MN_60x-1xzoom_0005_XY01_488.tif,3,2mM 2DG,1h,yes,non-MN,2.611412661360632,2.583462177514892,0.3818740670246241,0.3902160104451751
20260925_MN_92,vLH92_MN_60x-1xzoom_0005_XY01_488.tif,4,2mM 2DG,1h,yes,non-MN,3.880862204824483,3.829378223075227,0.567509170667153,0.5784039362757171
20260925_MN_92,vLH92_MN_60x-1xzoom_0005_XY01_488.tif,5,2mM 2DG,1h,yes,non-MN,2.908025392388108,2.912400368893905,0.4252485637499813,0.4399000932392341
20260925_MN_92,vLH92_MN_60x-1xzoom_0005_XY01_488.tif,6,2mM 2DG,1h,yes,non-MN,3.949019447872156,3.9500071787407807,0.5774759920680416,0.5966241952110577
20260925_MN_92,vLH92_MN_60x-1xzoom_0005_XY01_488.tif,7,2mM 2DG,1h,yes,non-MN,2.2338139208380583,2.213308377488094,0.32665676304188224,0.334306564448749
20260925_MN_92,vLH92_MN_60x-1xzoom_0005_XY01_488.tif,8,2mM 2DG,1h,yes,non-MN,3.3995888727054857,3.332913551638662,0.49713124556702126,0.5034160130535145
20260925_MN_92,vLH92_MN_60x-1xzoom_0005_XY01_488.tif,9,2mM 2DG,1h,yes,non-MN,2.5533917920413067,2.5268052275130444,0.37338951547629445,0.3816583279731292
20260925_MN_92,vLH92_MN_60x-1xzoom_0005_XY01_488.tif,10,2mM 2DG,1h,yes,non-MN,3.529466702245263,3.381574044329553,0.5161236383498777,0.5107658800224985
20260925_MN_92,vLH92_MN_60x-1xzoom_0005_XY01_488.tif,11,2mM 2DG,1h,yes,non-MN,2.654742040979777,2.679519273976747,0.38821024156403816,0.4047248417656121
20260925_MN_92,vLH92_MN_60x-1xzoom_0005_XY01_488.tif,12,2mM 2DG,1h,yes,non-MN,2.4024232302920825,2.4341361224552425,0.35131296682465535,0.36766123183527727
20260925_MN_92,vLH92_MN_60x-1xzoom_0005_XY01_488.tif,13,2mM 2DG,1h,yes,non-MN,2.49302780447502,2.654820257878109,0.36456232329221766,0.40099420788685225
20260925_MN_92,vLH92_MN_60x-1xzoom_0005_XY01_488.tif,14,2mM 2DG,1h,yes,non-MN,2.3535829981132745,2.3760281172659496,0.3441709251349169,0.3588843764366413
20260925_MN_92,vLH92_MN_60x-1xzoom_0005_XY01_488.tif,15,2mM 2DG,1h,yes,non-MN,2.571328732418974,2.450358079676979,0.376012483677892,0.3701114583118914
20260925_MN_92,vLH92_MN_60x-1xzoom_0005_XY01_488.tif,16,2mM 2DG,1h,yes,non-MN,2.498605588690081,2.446599746177088,0.3653779780428848,0.36954378524239034
20260925_MN_92,vLH92_MN_60x-1xzoom_0005_XY01_488.tif,17,2mM 2DG,1h,yes,non-MN,3.311715113319821,3.30786811125826,0.4842812236697303,0.499633053925975
20260925_MN_92,vLH92_MN_60x-1xzoom_0005_XY01_488.tif,18,2mM 2DG,1h,yes,non-MN,2.4064103821385374,2.38742865488087,0.3518960190224099,0.3606063572512796
20260925_MN_92,vLH92_MN_60x-1xzoom_0005_XY01_488.tif,19,2mM 2DG,1h,yes,non-MN,2.693615439998142,2.566211376520799,0.39389480578548886,0.38761038346929505
20260925_MN_92,vLH92_MN_60x-1xzoom_0005_XY01_488.tif,20,2mM 2DG,1h,yes,non-MN,2.564094681832155,2.5120460250444188,0.374954628533232,0.3794290415702604
20260925_MN_92,vLH92_MN_60x-1xzoom_0005_XY01_488.tif,21,2mM 2DG,1h,yes,non-MN,2.705007661234155,2.5651217727398983,0.39556072167852663,0.38744580554589847
20260925_MN_92,vLH92_MN_60x-1xzoom_0005_XY01_488.tif,22,2mM 2DG,1h,yes,non-MN,4.227856835965471,4.2478106092572245,0.6182511514311113,0.6416055646169753
20260925_MN_92,vLH92_MN_60x-1xzoom_0005_XY01_488.tif,23,2mM 2DG,1h,yes,non-MN,2.674832588434492,2.665013695088453,0.3911481376609675,0.4025338636385653
20260925_MN_92,vLH92_MN_60x-1xzoom_0005_XY01_488.tif,24,2mM 2DG,1h,yes,non-MN,2.659226824573519,2.675256502140323,0.38886606382300476,0.404080976400009
20260925_MN_92,vLH92_MN_60x-1xzoom_0005_XY01_488.tif,25,2mM 2DG,1h,yes,non-MN,3.9621020962732914,3.859593532826048,0.5793891037819872,0.5829677722505375
20260925_MN_92,vLH92_MN_60x-1xzoom_0005_XY01_488.tif,26,2mM 2DG,1h,yes,non-MN,2.372562984064809,2.5736712797396546,0.3469464207640169,0.3887371557896737
20260925_MN_92,vLH92_MN_60x-1xzoom_0005_XY01_488.tif,27,2mM 2DG,1h,yes,non-MN,2.4613926771130474,2.4164515655019008,0.3599362314740582,0.3649900886999589
20260925_MN_92,vLH92_MN_60x-1xzoom_0005_XY01_488.tif,28,2mM 2DG,1h,yes,non-MN,2.905610819269029,2.7767106038522527,0.4248954740714505,0.41940499203990894
20260925_MN_92,vLH92_MN_60x-1xzoom_0005_XY02_488.tif,1,2mM 2DG,1h,yes,non-MN,5.939942960604949,5.984206665108068,0.8686142216522125,0.903877467555623
20260925_MN_92,vLH92_MN_60x-1xzoom_0005_XY02_488.tif,2,2mM 2DG,1h,yes,non-MN,5.523656837277045,5.59707263632999,0.8077395551112634,0.845403262849958
20260925_MN_92,vLH92_MN_60x-1xzoom_0005_XY02_488.tif,3,2mM 2DG,1h,yes,non-MN,6.396449670593839,6.419072890380519,0.9353704553746367,0.9695613258215104
20260925_MN_92,vLH92_MN_60x-1xzoom_0005_XY02_488.tif,4,2mM 2DG,1h,yes,non-MN,5.8930951814193895,5.983331016540397,0.8617635418522074,0.9037452062461283
20260925_MN_92,vLH92_MN_60x-1xzoom_0005_XY02_488.tif,5,2mM 2DG,1h,yes,non-MN,5.350401514457573,5.246562814311599,0.782403951995874,0.7924609184408626
20260925_MN_92,vLH92_MN_60x-1xzoom_0005_XY02_488.tif,6,2mM 2DG,1h,yes,non-MN,5.521337607717419,5.613842556409187,0.8074004077840706,0.8479362557328202
20260925_MN_92,vLH92_MN_60x-1xzoom_0005_XY02_488.tif,7,2mM 2DG,1h,yes,non-MN,6.624062534297525,6.481778030390483,0.9686549114300653,0.9790325500500111
20260925_MN_92,vLH92_MN_60x-1xzoom_0005_XY02_488.tif,8,2mM 2DG,1h,yes,non-MN,6.034126964606341,5.983751729979844,0.8823870080022395,0.903808752413481
20260925_MN_92,vLH92_MN_60x-1xzoom_0005_XY02_488.tif,9,2mM 2DG,1h,yes,non-MN,3.3740214334574747,3.199691962477535,0.4933924484961838,0.4832937145813041
20260925_MN_92,vLH92_MN_60x-1xzoom_0005_XY02_488.tif,10,2mM 2DG,1h,yes,non-MN,4.04001313374028,4.431068325731485,0.5907822494091991,0.6692855111740666
20260925_MN_92,vLH92_MN_60x-1xzoom_0005_XY02_488.tif,11,2mM 2DG,1h,yes,non-MN,3.8799347120334327,3.821727269329916,0.5673735408413905,0.5772483069529499
20260925_MN_92,vLH92_MN_60x-1xzoom_0005_XY02_488.tif,12,2mM 2DG,1h,yes,non-MN,4.223618977194427,4.178010022403039,0.6176314376691616,0.6310626169531652
20260925_MN_92,vLH92_MN_60x-1xzoom_0005_XY02_488.tif,13,2mM 2DG,1h,yes,non-MN,3.124542554189734,2.931570384912144,0.4569104647513862,0.4427956057944065
20260925_MN_92,vLH92_MN_60x-1xzoom_0005_XY02_488.tif,14,2mM 2DG,1h,yes,non-MN,3.548315784675692,3.531130255469017,0.5188799915964918,0.5333554222871641
20260925_MN_92,vLH92_MN_60x-1xzoom_0005_XY03_488.tif,1,2mM 2DG,1h,yes,non-MN,6.720783315935978,6.607244244543431,0.9827986577619194,0.9979834470124426
20260925_MN_92,vLH92_MN_60x-1xzoom_0005_XY03_488.tif,2,2mM 2DG,1h,yes,non-MN,5.940385493523036,5.881484074349142,0.8686789344598521,0.8883618544774018
20260925_MN_92,vLH92_MN_60x-1xzoom_0005_XY03_488.tif,3,2mM 2DG,1h,yes,non-MN,5.662996993690985,5.631474330359236,0.8281156500184216,0.8505994263213973
20260925_MN_92,vLH92_MN_60x-1xzoom_0005_XY03_488.tif,4,2mM 2DG,1h,yes,non-MN,5.764592295878501,5.651172217424859,0.8429722109178115,0.8535746705389616
20260925_MN_92,vLH92_MN_60x-1xzoom_0005_XY03_488.tif,5,2mM 2DG,1h,yes,non-MN,5.412614980289094,5.53057600560047,0.7915015984813597,0.8353593573586535
20260925_MN_92,vLH92_MN_60x-1xzoom_0005_XY03_488.tif,6,2mM 2DG,1h,yes,non-MN,4.807853418060582,4.595000689309936,0.7030656493242325,0.694046482499749
20260925_MN_92,vLH92_MN_60x-1xzoom_0005_XY03_488.tif,7,2mM 2DG,1h,yes,non-MN,4.131555275703877,3.884834914005851,0.6041687089960077,0.5867803270259991
20260925_MN_92,vLH92_MN_60x-1xzoom_0005_XY03_488.tif,8,2mM 2DG,1h,yes,non-MN,4.58090781216187,4.608682401758244,0.6698787682156935,0.6961130206879613
20260925_MN_92,vLH92_MN_60x-1xzoom_0005_XY03_488.tif,9,2mM 2DG,1h,yes,non-MN,4.940851092710737,4.9909416361473005,0.7225142656516919,0.7538509178003586
20260925_MN_92,vLH92_MN_60x-1xzoom_0005_XY04_488.tif,1,2mM 2DG,1h,yes,non-MN,4.055405004450598,3.817075337134797,0.5930330450625385,0.5765456613180188
20260925_MN_92,vLH92_MN_60x-1xzoom_0005_XY05_488.tif,1,2mM 2DG,1h,yes,non-MN,4.469553514509008,4.270216847169857,0.653595122526692,0.6449898885073926
20260925_MN_92,vLH92_MN_60x-1xzoom_0005_XY05_488.tif,2,2mM 2DG,1h,yes,non-MN,4.649224783490174,4.618791471158489,0.6798689471230559,0.6976399332028841
20260925_MN_92,vLH92_MN_60x-1xzoom_0005_XY05_488.tif,3,2mM 2DG,1h,yes,non-MN,5.166837025925583,5.099239835657131,0.7555608111800971,0.7702086921540643
20260925_MN_92,vLH92_MN_60x-1xzoom_0005_XY05_488.tif,4,2mM 2DG,1h,yes,non-MN,4.583307300363026,3.884874741959774,0.6702296519851225,0.5867863427925233
20260925_MN_92,vLH92_MN_60x-1xzoom_0005_XY05_488.tif,5,2mM 2DG,1h,yes,non-MN,4.525845478726665,4.2865422870076815,0.661826851519459,0.6474557453942181
20260925_MN_92,vLH92_MN_60x-1xzoom_0005_XY05_488.tif,6,2mM 2DG,1h,yes,non-MN,4.020846893592835,3.9602015374821264,0.5879795173159642,0.5981639901543385
20260925_MN_92,vLH92_MN_60x-1xzoom_0005_XY05_488.tif,7,2mM 2DG,1h,yes,non-MN,4.159441297977864,3.412949665900203,0.6082465588496413,0.5155049739334121
20260925_MN_92,vLH92_MN_60x-1xzoom_0005_XY05_488.tif,8,2mM 2DG,1h,yes,non-MN,2.826771121766732,2.7195271332458333,0.41336652792913287,0.41076778188151974
20260925_MN_92,vLH92_MN_60x-1xzoom_0005_XY05_488.tif,9,2mM 2DG,1h,yes,non-MN,4.706776440785307,4.517652054823672,0.6882848845045684,0.6823634488461865
20260925_MN_92,vLH92_MN_60x-1xzoom_0005_XY05_488.tif,10,2mM 2DG,1h,yes,non-MN,5.129094179715325,4.692041668219583,0.7500415708100644,0.708703923188988
20260925_MN_92,vLH92_MN_60x-1xzoom_0005_XY05_488.tif,11,2mM 2DG,1h,yes,non-MN,4.129747381556066,3.9775976723032023,0.6039043356546396,0.6007915689074274
20260925_MN_92,vLH92_MN_60x-1xzoom_0005_XY05_488.tif,12,2mM 2DG,1h,yes,non-MN,4.317544309607052,4.143126463751499,0.6313663977602109,0.6257936708057794
20260925_MN_92,vLH92_MN_60x-1xzoom_0005_XY05_488.tif,13,2mM 2DG,1h,yes,non-MN,4.955544181625417,4.732549329984005,0.7246628765181489,0.7148223553858085
20260925_MN_92,vLH92_MN_60x-1xzoom_0005_XY05_488.tif,14,2mM 2DG,1h,yes,non-MN,3.3767981554809285,3.117945330085821,0.4937984962065984,0.4709463904993594
20260925_MN_92,vLH92_MN_60x-1xzoom_0005_XY05_488.tif,15,2mM 2DG,1h,yes,non-MN,2.865190876052226,2.890009088239995,0.4189847544316589,0.43651802855039407
20260925_MN_92,vLH92_MN_60x-1xzoom_0005_XY05_488.tif,16,2mM 2DG,1h,yes,non-MN,4.2101306473980005,4.049423636576968,0.6156590020472684,0.6116404373248652
20260925_MN_92,vLH92_MN_60x-1xzoom_0005_XY05_488.tif,17,2mM 2DG,1h,yes,non-MN,5.602087193651016,5.117846175214551,0.8192086421727904,0.7730190648602244
20260925_MN_92,vLH92_MN_60x-1xzoom_0005_XY05_488.tif,18,2mM 2DG,1h,yes,non-MN,6.275684675246933,5.877190578999955,0.9177106574385632,0.8877133485148967
20260925_MN_92,vLH92_MN_60x-1xzoom_0005_XY05_488.tif,19,2mM 2DG,1h,yes,non-MN,4.268187865605136,4.104984645048874,0.6241488689935915,0.620032584595654
20260925_MN_92,vLH92_MN_60x-1xzoom_0005_XY05_488.tif,20,2mM 2DG,1h,yes,non-MN,4.084521058038008,4.09796422562102,0.5972907657834522,0.6189721935883337
20260925_MN_92,vLH92_MN_60x-1xzoom_0005_XY05_488.tif,21,2mM 2DG,1h,yes,non-MN,4.505921523545106,4.499183838587184,0.6589133166695383,0.6795739388148172
20260925_MN_92,vLH92_MN_60x-1xzoom_0005_XY05_488.tif,22,2mM 2DG,1h,yes,non-MN,4.7024922456239295,4.476868167264071,0.6876583948446192,0.6762032944485477
20260925_MN_92,vLH92_MN_60x-1xzoom_0005_XY06_488.tif,1,2mM 2DG,1h,yes,non-MN,5.001683340404274,5.072689245462915,0.7314099328040738,0.7661983894406266
20260925_MN_92,vLH92_MN_60x-1xzoom_0005_XY06_488.tif,2,2mM 2DG,1h,yes,non-MN,5.834950068608019,5.831977283094616,0.8532608218357873,0.8808841593358123
20260925_MN_92,vLH92_MN_60x-1xzoom_0005_XY06_488.tif,3,2mM 2DG,1h,yes,non-MN,6.3979257772361215,6.442230755206691,0.9355863105151095,0.9730591783163319
20260925_MN_92,vLH92_MN_60x-1xzoom_0005_XY06_488.tif,4,2mM 2DG,1h,yes,non-MN,7.145503653927836,6.810175434536041,1.0449066827465718,1.0286349502715226
20260925_MN_92,vLH92_MN_60x-1xzoom_0005_XY07_488.tif,2,2mM 2DG,1h,yes,non-MN,5.518883841661259,5.483759113797428,0.8070415868143872,0.8282879549205503
20260925_MN_92,vLH92_MN_60x-1xzoom_0005_XY07_488.tif,3,2mM 2DG,1h,yes,non-MN,5.564956118966357,5.297717637904229,0.8137788628381686,0.8001875386914227
20260925_MN_92,vLH92_MN_60x-1xzoom_0005_XY07_488.tif,4,2mM 2DG,1h,yes,non-MN,6.75620323523124,6.6849221904683125,0.9879782101302985,1.0097162211254898
20260925_MN_92,vLH92_MN_60x-1xzoom_0005_XY08_488.tif,1,2mM 2DG,1h,yes,non-MN,2.2498884777873998,2.124616130715798,0.3290073897845226,0.320910148199994
20260925_MN_92,vLH92_MN_60x-1xzoom_0005_XY08_488.tif,2,2mM 2DG,1h,yes,non-MN,2.724069503735325,2.536892222352213,0.3983481874163667,0.3831819062618997
20260925_MN_92,vLH92_MN_60x-1xzoom_0005_XY08_488.tif,3,2mM 2DG,1h,yes,non-MN,2.3320193984567235,2.3871215771754395,0.3410176205567552,0.3605599750599115
20260925_MN_92,vLH92_MN_60x-1xzoom_0005_XY08_488.tif,4,2mM 2DG,1h,yes,non-MN,2.328064980793854,2.222575185709148,0.3404393551688379,0.33570625861305786
20260925_MN_92,vLH92_MN_60x-1xzoom_0005_XY08_488.tif,5,2mM 2DG,1h,yes,non-MN,2.5404505225496656,2.2760916543951866,0.3714970779897351,0.3437895907731083
20260925_MN_92,vLH92_MN_60x-1xzoom_0005_XY08_488.tif,6,2mM 2DG,1h,yes,non-MN,3.042707420942946,3.034191344333756,0.44494348778874465,0.4582958680866447
20260925_MN_92,vLH92_MN_60x-1xzoom_0005_XY08_488.tif,7,2mM 2DG,1h,yes,non-MN,2.7102545543514824,2.619434931791002,0.3963279893124797,0.39564947286646396
20260925_MN_92,vLH92_MN_60x-1xzoom_0005_XY08_488.tif,8,2mM 2DG,1h,yes,non-MN,2.660891172223901,2.2499807712392697,0.38910944596463193,0.3398457030928547
20260925_MN_92,vLH92_MN_60x-1xzoom_0005_XY08_488.tif,9,2mM 2DG,1h,yes,non-MN,2.661476122657323,2.8233016637363444,0.38919498487785076,0.4264422839610436
20260925_MN_92,vLH92_MN_60x-1xzoom_0005_XY08_488.tif,10,2mM 2DG,1h,yes,non-MN,2.726981692963695,2.714338460297854,0.3987740448693223,0.4099840648699501
20260925_MN_92,vLH92_MN_60x-1xzoom_0005_XY08_488.tif,11,2mM 2DG,1h,yes,non-MN,2.404716837318021,2.111853019564445,0.3516483672981658,0.3189823590658253
20260925_MN_92,vLH92_MN_60x-1xzoom_0005_XY08_488.tif,12,2mM 2DG,1h,yes,non-MN,2.5098980869510084,2.3978778376265666,0.3670293111705728,0.3621846417870186
20260925_MN_92,vLH92_MN_60x-1xzoom_0005_XY08_488.tif,13,2mM 2DG,1h,yes,non-MN,2.096854917699897,2.2505654792773058,0.3066288707375088,0.3399340196317472
20260925_MN_92,vLH92_MN_60x-1xzoom_0005_XY08_488.tif,14,2mM 2DG,1h,yes,non-MN,1.4423251404279611,1.3956530334638473,0.21091517840007318,0.21080477330921932
20260925_MN_92,vLH92_MN_60x-1xzoom_0005_XY08_488.tif,15,2mM 2DG,1h,yes,non-MN,2.362434638779212,2.2718067147326093,0.345465324932757,0.34314237709423895
20260925_MN_92,vLH92_MN_60x-1xzoom_0005_XY08_488.tif,16,2mM 2DG,1h,yes,non-MN,1.92288238190996,1.7456136670007802,0.2811883875937704,0.2636641661891295
20260925_MN_92,vLH92_MN_60x-1xzoom_0005_XY09_488.tif,1,2mM 2DG,1h,yes,non-MN,2.650233872405799,2.6274773229455226,0.38755099965499396,0.39686422639297986
20260925_MN_92,vLH92_MN_60x-1xzoom_0005_XY09_488.tif,2,2mM 2DG,1h,yes,non-MN,2.5830985559612394,2.500975242982583,0.37773361739633887,0.37775686829585503
20260925_MN_92,vLH92_MN_60x-1xzoom_0005_XY09_488.tif,3,2mM 2DG,1h,yes,non-MN,2.485620313936994,2.4543993023161725,0.36347910554572466,0.3707218600391982
20260925_MN_92,vLH92_MN_60x-1xzoom_0005_XY09_488.tif,4,2mM 2DG,1h,yes,non-MN,2.644956621075056,2.542561131339414,0.3867792926558665,0.38403815996199847
20260925_MN_92,vLH92_MN_60x-1xzoom_0005_XY09_488.tif,5,2mM 2DG,1h,yes,non-MN,2.048636757763576,2.013897093134722,0.2995777963853868,0.3041867212029802
20260925_MN_92,vLH92_MN_60x-1xzoom_0005_XY09_488.tif,6,2mM 2DG,1h,yes,non-MN,3.0541130893504778,2.9574537663204934,0.446611370098716,0.4467051307403891
20260925_MN_92,vLH92_MN_60x-1xzoom_0005_XY09_488.tif,7,2mM 2DG,1h,yes,non-MN,2.416619861456578,2.337548198065241,0.35338897930673074,0.3530722222338664
20260925_MN_92,vLH92_MN_60x-1xzoom_0005_XY09_488.tif,8,2mM 2DG,1h,yes,non-MN,2.967325511881632,2.9459896708644338,0.43392018357518325,0.44497354990628163
20260925_MN_92,vLH92_MN_60x-1xzoom_0005_XY09_488.tif,9,2mM 2DG,1h,yes,non-MN,3.3291386753915546,3.1007291562271178,0.48682911914746846,0.4683459937384763
20260925_MN_92,vLH92_MN_60x-1xzoom_0005_XY09_488.tif,10,2mM 2DG,1h,yes,non-MN,2.7488032601565875,2.4719007156353614,0.401965072750936,0.37336534045938974
20260925_MN_92,vLH92_MN_60x-1xzoom_0005_XY09_488.tif,11,2mM 2DG,1h,yes,non-MN,2.5241196886992947,2.49347193608446,0.36910897516990143,0.3766235401177171
20260925_MN_92,vLH92_MN_60x-1xzoom_0005_XY09_488.tif,12,2mM 2DG,1h,yes,non-MN,2.199024629983177,2.204297918253751,0.32156942920750686,0.33294559021606784
20260925_MN_92,vLH92_MN_60x-1xzoom_0005_XY09_488.tif,13,2mM 2DG,1h,yes,non-MN,2.249225295535407,2.25398681238339,0.3289104108169721,0.34045079087255725
20260925_MN_92,vLH92_MN_60x-1xzoom_0005_XY09_488.tif,14,2mM 2DG,1h,yes,non-MN,3.956653714088888,3.8989363177586847,0.5785923718467217,0.5889102569943954
20260925_MN_92,vLH92_MN_60x-1xzoom_0005_XY10_488.tif,1,2mM 2DG,1h,yes,non-MN,3.3197891710589365,3.242137928991004,0.4854619153742046,0.4897049157424947
20260925_MN_92,vLH92_MN_60x-1xzoom_0005_XY10_488.tif,2,2mM 2DG,1h,yes,non-MN,3.017005915973128,2.96517749516418,0.44118508591810196,0.44787175229241927
20260925_MN_92,vLH92_MN_60x-1xzoom_0005_XY10_488.tif,3,2mM 2DG,1h,yes,non-MN,3.261709348966369,3.232130305494627,0.4769687429994489,0.48819332600497817
20260925_MN_92,vLH92_MN_60x-1xzoom_0005_XY10_488.tif,4,2mM 2DG,1h,yes,non-MN,2.3501467115150647,2.307533955988166,0.34366842747985965,0.34853875628968206
20260925_MN_92,vLH92_MN_60x-1xzoom_0005_XY10_488.tif,5,2mM 2DG,1h,yes,non-MN,2.352752521077864,2.36590192360756,0.34404948219034703,0.3573548774082587
20260925_MN_92,vLH92_MN_60x-1xzoom_0005_XY10_488.tif,6,2mM 2DG,1h,yes,non-MN,3.026687019016727,2.7448675609512785,0.4426007802843142,0.4145952970231213
20260925_MN_92,vLH92_MN_60x-1xzoom_0005_XY10_488.tif,7,2mM 2DG,1h,yes,non-MN,3.156851383837761,2.7879562930088864,0.4616350739106561,0.42110358395102776
20260925_MN_92,vLH92_MN_60x-1xzoom_0005_XY10_488.tif,8,2mM 2DG,1h,yes,non-MN,3.4303164718928603,3.344678833383079,0.5016246270402778,0.5051930862168174
20260925_MN_92,vLH92_MN_60x-1xzoom_0005_XY10_488.tif,9,2mM 2DG,1h,yes,non-MN,4.316411448729255,4.2054588278708325,0.6312007363934041,0.635208589537688
20260925_MN_92,vLH92_MN_60x-1xzoom_0005_XY10_488.tif,10,2mM 2DG,1h,yes,non-MN,2.849718011984491,2.769056780017824,0.4167221148965551,0.4182489292079019
20260925_MN_92,vLH92_MN_60x-1xzoom_0005_XY10_488.tif,11,2mM 2DG,1h,yes,non-MN,3.2261973740985024,3.0708596006460263,0.47177572909110604,0.4638343817961502
20260925_MN_92,vLH92_MN_60x-1xzoom_0005_XY10_488.tif,12,2mM 2DG,1h,yes,non-MN,3.7385619695980608,3.483636801401301,0.546700215281235,0.5261818292963845
20260925_MN_92,vLH92_MN_60x-1xzoom_0005_XY10_488.tif,13,2mM 2DG,1h,yes,non-MN,3.4195794332606746,3.398649389860856,0.5000545203042029,0.5133450055340657
20260925_MN_92,vLH92_MN_60x-1xzoom_0005_XY10_488.tif,14,2mM 2DG,1h,yes,non-MN,4.446692856570192,4.357648892636736,0.6502521455429602,0.6581959591300193
20260925_MN_92,vLH92_MN_60x-1xzoom_0005_XY10_488.tif,15,2mM 2DG,1h,yes,non-MN,3.788670406213401,3.779343514645479,0.5540277099991995,0.5708465025044107
20260925_MN_92,vLH92_MN_60x-1xzoom_0005_XY10_488.tif,16,2mM 2DG,1h,yes,non-MN,4.428014216713752,4.3331827655860025,0.6475207165834519,0.6545005017039827
20260925_MN_92,vLH92_MN_60x-1xzoom_0006_XY01_488.tif,1,0mM 2DG,1h,yes,MN,2.204720504142841,1.9881401693553944,1.0200955838684427,0.9859011297721588
20260925_MN_92,vLH92_MN_60x-1xzoom_0006_XY01_488.tif,2,0mM 2DG,1h,yes,MN,1.9862836696153463,1.8447559923331305,0.9190276934773519,0.9147981842672981
20260925_MN_92,vLH92_MN_60x-1xzoom_0006_XY01_488.tif,3,0mM 2DG,1h,yes,MN,1.5474198447035905,1.389501115594041,0.7159710933909171,0.689041316502347
20260925_MN_92,vLH92_MN_60x-1xzoom_0006_XY01_488.tif,4,0mM 2DG,1h,yes,MN,1.6179489710309432,1.5065619057629756,0.7486040054382442,0.7470907272322721
20260925_MN_92,vLH92_MN_60x-1xzoom_0006_XY02_488.tif,1,0mM 2DG,1h,yes,MN,1.19720415638783,1.6633761586884792,0.553930836414558,0.8248535286215511
20260925_MN_92,vLH92_MN_60x-1xzoom_0006_XY02_488.tif,2,0mM 2DG,1h,yes,MN,2.07416774497118,1.8552986169238563,0.9596905153608458,0.9200261785782476
20260925_MN_92,vLH92_MN_60x-1xzoom_0006_XY02_488.tif,3,0mM 2DG,1h,yes,MN,0.5562816960317876,0.5396015003345467,0.25738432624115914,0.2675836125674516
20260925_MN_92,vLH92_MN_60x-1xzoom_0006_XY02_488.tif,4,0mM 2DG,1h,yes,MN,3.353515338323793,3.181135452664594,1.5516280547266827,1.5774969416553535
20260925_MN_92,vLH92_MN_60x-1xzoom_0006_XY02_488.tif,5,0mM 2DG,1h,yes,MN,3.387555630668696,3.227299491754826,1.567378056520278,1.600389280432786
20260925_MN_92,vLH92_MN_60x-1xzoom_0006_XY02_488.tif,6,0mM 2DG,1h,yes,MN,1.610968004338395,1.79376226924079,0.7453740026869569,0.8895108478998992
20260925_MN_92,vLH92_MN_60x-1xzoom_0006_XY02_488.tif,7,0mM 2DG,1h,yes,MN,0.3971221659487859,0.4201630879742473,0.1837432758390046,0.20835516001705062
20260925_MN_92,vLH92_MN_60x-1xzoom_0006_XY02_488.tif,8,0mM 2DG,1h,yes,MN,0.3995943966650392,0.4026264582807404,0.18488714492863073,0.19965890042040957
20260925_MN_92,vLH92_MN_60x-1xzoom_0006_XY02_488.tif,9,0mM 2DG,1h,yes,MN,2.28363531225906,2.4165731224832268,1.0566084421241324,1.1983572427922498
20260925_MN_92,vLH92_MN_60x-1xzoom_0006_XY02_488.tif,10,0mM 2DG,1h,yes,MN,2.5515184381778746,2.299083599147606,1.180554490264551,1.1400952270760556
20260925_MN_92,vLH92_MN_60x-1xzoom_0006_XY02_488.tif,11,0mM 2DG,1h,yes,MN,1.9271262204446535,1.693810852868382,0.8916563089691794,0.8399458243453304
20260925_MN_92,vLH92_MN_60x-1xzoom_0006_XY02_488.tif,12,0mM 2DG,1h,yes,MN,2.673707324724212,2.1435040987287506,1.2370897033809096,1.0629447285364735
20260925_MN_92,vLH92_MN_60x-1xzoom_0006_XY02_488.tif,13,0mM 2DG,1h,yes,MN,1.961653074027604,1.8866370566392403,0.9076314363373231,0.935566633721665
20260925_MN_92,vLH92_MN_60x-1xzoom_0006_XY02_488.tif,14,0mM 2DG,1h,yes,MN,3.688452886778306,3.1266388988919074,1.7065993145340597,1.5504725825274952
20260925_MN_92,vLH92_MN_60x-1xzoom_0006_XY02_488.tif,15,0mM 2DG,1h,yes,MN,0.4362316693823138,0.3923316995429026,0.20183873585983847,0.19455382059414317
20260925_MN_92,vLH92_MN_60x-1xzoom_0006_XY03_488.tif,1,0mM 2DG,1h,yes,MN,0.5045368203249551,0.5001209875876801,0.2334426433397779,0.2480055754043375
20260925_MN_92,vLH92_MN_60x-1xzoom_0006_XY03_488.tif,2,0mM 2DG,1h,yes,MN,2.42826141390535,2.009752164021198,1.1235250636751473,0.9966183268219796
20260925_MN_92,vLH92_MN_60x-1xzoom_0006_XY03_488.tif,3,0mM 2DG,1h,yes,MN,3.200512282922584,2.8061508053129955,1.4808355253154173,1.3915453708508558
20260925_MN_92,vLH92_MN_60x-1xzoom_0006_XY03_488.tif,4,0mM 2DG,1h,yes,MN,2.0758676849806905,2.19723785610491,0.9604770555564327,1.0895908236763523
20260925_MN_92,vLH92_MN_60x-1xzoom_0006_XY03_488.tif,5,0mM 2DG,1h,yes,MN,5.073313161577734,4.769506013151949,2.347356203193271,2.3651558573690523
20260925_MN_92,vLH92_MN_60x-1xzoom_0006_XY03_488.tif,6,0mM 2DG,1h,yes,MN,2.3125141875020265,2.1726570515061923,1.0699703231639657,1.0774014200326234
20260925_MN_92,vLH92_MN_60x-1xzoom_0006_XY03_488.tif,7,0mM 2DG,1h,yes,MN,3.462768462997619,3.1083759806557136,1.6021780585907452,1.541416162864772
20260925_MN_92,vLH92_MN_60x-1xzoom_0006_XY03_488.tif,8,0mM 2DG,1h,yes,MN,2.9924104432301157,2.821918616067016,1.3845495029981723,1.3993644887762597
20260925_MN_92,vLH92_MN_60x-1xzoom_0006_XY04_488.tif,1,0mM 2DG,1h,yes,MN,1.0617930171851206,1.100629545575759,0.49127785847575917,0.5457924592890145
20260925_MN_92,vLH92_MN_60x-1xzoom_0006_XY04_488.tif,2,0mM 2DG,1h,yes,MN,4.143964672639755,4.232059004727759,1.9173587102416558,2.0986406382887637
20260925_MN_92,vLH92_MN_60x-1xzoom_0006_XY04_488.tif,3,0mM 2DG,1h,yes,MN,4.277023376436264,4.089589130715515,1.978923246827144,2.02799108756181
20260925_MN_92,vLH92_MN_60x-1xzoom_0006_XY04_488.tif,4,0mM 2DG,1h,yes,MN,4.065941158143054,3.875778275010525,1.881258241984377,1.9219641748489866
20260925_MN_92,vLH92_MN_60x-1xzoom_0006_XY04_488.tif,5,0mM 2DG,1h,yes,MN,1.8873842536415948,1.840747092217652,0.8732682163497896,0.9128102061488964
20260925_MN_92,vLH92_MN_60x-1xzoom_0006_XY04_488.tif,6,0mM 2DG,1h,yes,MN,2.552458234924487,2.442255035459778,1.1809893220308236,1.2110926763439502
20260925_MN_92,vLH92_MN_60x-1xzoom_0006_XY04_488.tif,7,0mM 2DG,1h,yes,MN,2.7114276546172413,2.6807581497344293,1.2545424108209848,1.3293642617391568
20260925_MN_92,vLH92_MN_60x-1xzoom_0006_XY05_488.tif,1,0mM 2DG,1h,yes,MN,3.189857502095557,2.833360827036591,1.4759056964104325,1.405038580017851
20260925_MN_92,vLH92_MN_60x-1xzoom_0006_XY05_488.tif,2,0mM 2DG,1h,yes,MN,3.327435644316197,2.849517545097274,1.5395613185413939,1.4130505536377
20260925_MN_92,vLH92_MN_60x-1xzoom_0006_XY05_488.tif,3,0mM 2DG,1h,yes,MN,3.014200015187182,2.3330584954169025,1.39463125535001,1.1569430777115826
20260925_MN_92,vLH92_MN_60x-1xzoom_0006_XY05_488.tif,4,0mM 2DG,1h,yes,MN,4.603643051055259,4.228288270055616,2.1300459342867595,2.0967707643077245
20260925_MN_92,vLH92_MN_60x-1xzoom_0006_XY05_488.tif,5,0mM 2DG,1h,yes,MN,3.1908501620543506,3.198915022241819,1.476364987299389,1.5863136729921243
20260925_MN_92,vLH92_MN_60x-1xzoom_0006_XY05_488.tif,6,0mM 2DG,1h,yes,MN,3.485403610263003,3.147017924397727,1.6126510476713303,1.5605783610734605
20260925_MN_92,vLH92_MN_60x-1xzoom_0006_XY05_488.tif,7,0mM 2DG,1h,yes,MN,1.880817746846455,1.857769178173388,0.8702299788178315,0.921251308055851
20260925_MN_92,vLH92_MN_60x-1xzoom_0006_XY05_488.tif,8,0mM 2DG,1h,yes,MN,2.595744680851064,2.623367922901729,1.2010173991717072,1.3009049557282606
20260925_MN_92,vLH92_MN_60x-1xzoom_0006_XY05_488.tif,9,0mM 2DG,1h,yes,MN,4.133871540099361,3.984253693578916,1.9126887487147828,1.9757561757187037
20260925_MN_92,vLH92_MN_60x-1xzoom_0006_XY06_488.tif,1,0mM 2DG,1h,yes,MN,2.789206349206349,2.7954235016870386,1.2905296040821315,1.3862257958393671
20260925_MN_92,vLH92_MN_60x-1xzoom_0006_XY06_488.tif,2,0mM 2DG,1h,yes,MN,4.666419362135263,4.34571470534328,2.1590917192667294,2.1550014952187952
20260925_MN_92,vLH92_MN_60x-1xzoom_0006_XY06_488.tif,3,0mM 2DG,1h,yes,MN,1.435941146626078,1.177746024392102,0.6643913455768123,0.5840338392284048
20260925_MN_92,vLH92_MN_60x-1xzoom_0006_XY06_488.tif,4,0mM 2DG,1h,yes,MN,4.051679454390452,4.237951473559459,1.874659536620531,2.1015626614780056
20260925_MN_92,vLH92_MN_60x-1xzoom_0006_XY06_488.tif,5,0mM 2DG,1h,yes,MN,3.4945016561276723,3.1889405310196923,1.6168605954987951,1.5813674109949205
20260925_MN_92,vLH92_MN_60x-1xzoom_0006_XY06_488.tif,6,0mM 2DG,1h,yes,MN,2.27055654023396,2.1947330388337707,1.0505570639289568,1.088348706940544
20260925_MN_92,vLH92_MN_60x-1xzoom_0006_XY06_488.tif,7,0mM 2DG,1h,yes,MN,1.0933158240315166,1.123970999372364,0.5058630523788967,0.5573672798289863
20260925_MN_92,vLH92_MN_60x-1xzoom_0006_XY06_488.tif,8,0mM 2DG,1h,yes,MN,2.405404224326293,2.307669006992396,1.1129493384957305,1.1443526549094651
20260925_MN_92,vLH92_MN_60x-1xzoom_0006_XY06_488.tif,9,0mM 2DG,1h,yes,MN,2.446164685160722,2.302751216375162,1.1318086750944114,1.1419139660281443
20260925_MN_92,vLH92_MN_60x-1xzoom_0006_XY06_488.tif,10,0mM 2DG,1h,yes,MN,1.2239029768467475,1.1521485878941702,0.5662840343793162,0.5713402968154649
20260925_MN_92,vLH92_MN_60x-1xzoom_0006_XY07_488.tif,1,0mM 2DG,1h,yes,MN,2.525442591076545,2.3083308589028526,1.1684895339929005,1.1446808614194077
20260925_MN_92,vLH92_MN_60x-1xzoom_0006_XY07_488.tif,2,0mM 2DG,1h,yes,MN,2.470876156531504,2.494653937608711,1.1432423524103608,1.2370768285801597
20260925_MN_92,vLH92_MN_60x-1xzoom_0006_XY07_488.tif,3,0mM 2DG,1h,yes,MN,3.987026907469949,3.5500382731311846,1.8447456416503867,1.7604325882863798
20260925_MN_92,vLH92_MN_60x-1xzoom_0006_XY07_488.tif,4,0mM 2DG,1h,yes,MN,3.193753589577684,2.8735425112591053,1.4777083655593857,1.4249643219156012
20260925_MN_92,vLH92_MN_60x-1xzoom_0006_XY07_488.tif,5,0mM 2DG,1h,yes,MN,3.6273315735862695,3.0649973963486774,1.6783192756129008,1.5199051064838278
20260925_MN_92,vLH92_MN_60x-1xzoom_0006_XY07_488.tif,6,0mM 2DG,1h,yes,MN,2.441961396428979,2.2497998219047592,1.1298638679114068,1.1156558377351542
20260925_MN_92,vLH92_MN_60x-1xzoom_0006_XY07_488.tif,7,0mM 2DG,1h,yes,MN,0.4612052271455825,0.444394418590891,0.21339367715054794,0.2203712626033071
20260925_MN_92,vLH92_MN_60x-1xzoom_0006_XY08_488.tif,1,0mM 2DG,1h,yes,MN,0.4036865336035312,0.39104337940624,0.186780523618445,0.19391495403039596
20260925_MN_92,vLH92_MN_60x-1xzoom_0006_XY08_488.tif,2,0mM 2DG,1h,yes,MN,0.9122705255016894,0.8785789995781113,0.42209574075668155,0.4356795570198626
20260925_MN_92,vLH92_MN_60x-1xzoom_0006_XY08_488.tif,3,0mM 2DG,1h,yes,MN,2.214285714285715,1.8007853044707312,1.0245212825486991,0.8929935089689494
20260925_MN_92,vLH92_MN_60x-1xzoom_0006_XY08_488.tif,4,0mM 2DG,1h,yes,MN,1.9889018640302745,1.8682609990307104,0.9202390980773266,0.9264541092446399
20260925_MN_92,vLH92_MN_60x-1xzoom_0006_XY08_488.tif,5,0mM 2DG,1h,yes,MN,2.7873060870934725,2.7104674890306,1.289650377447329,1.3440968603900736
20260925_MN_92,vLH92_MN_60x-1xzoom_0006_XY08_488.tif,6,0mM 2DG,1h,yes,MN,2.3146585087169664,2.1649408650087603,1.0709624727800486,1.0735750313792431
20260925_MN_92,vLH92_MN_60x-1xzoom_0006_XY08_488.tif,7,0mM 2DG,1h,yes,MN,1.246415246728668,1.1647618555385126,0.5767001696881906,0.5775951047069566
20260925_MN_92,vLH92_MN_60x-1xzoom_0006_XY08_488.tif,8,0mM 2DG,1h,yes,MN,1.9997061478076532,1.7800078309854586,0.9252381000585099,0.8826901435932661
20260925_MN_92,vLH92_MN_60x-1xzoom_0006_XY08_488.tif,9,0mM 2DG,1h,yes,MN,0.4255167163253223,0.4294409060728535,0.19688106604443292,0.2129559479726615
20260925_MN_92,vLH92_MN_60x-1xzoom_0006_XY09_488.tif,1,0mM 2DG,1h,yes,MN,2.516481566002333,2.1983545559132525,1.164343383908134,1.0901445852368454
20260925_MN_92,vLH92_MN_60x-1xzoom_0006_XY09_488.tif,2,0mM 2DG,1h,yes,MN,3.137309621060288,2.971217700528298,1.4515924733578975,1.4734005845773173
20260925_MN_92,vLH92_MN_60x-1xzoom_0006_XY10_488.tif,1,0mM 2DG,1h,yes,MN,2.374976624245825,1.9796000063821864,1.0988708825592635,0.9816661384704871
20260925_MN_92,vLH92_MN_60x-1xzoom_0006_XY10_488.tif,2,0mM 2DG,1h,yes,MN,4.096273412354743,3.5820023190559835,1.8952925826239173,1.7762832760170975
20260925_MN_92,vLH92_MN_60x-1xzoom_0006_XY11_488.tif,1,0mM 2DG,1h,yes,MN,0.5733515745242226,0.5909407440867587,0.26528233763742626,0.29304228957480005
20260925_MN_92,vLH92_MN_60x-1xzoom_0006_XY11_488.tif,2,0mM 2DG,1h,yes,MN,4.230281453778289,4.062112995151678,1.957296365417313,2.0143659148945616
20260925_MN_92,vLH92_MN_60x-1xzoom_0006_XY11_488.tif,3,0mM 2DG,1h,yes,MN,3.504891340030202,3.1669234203308494,1.6216677674949027,1.5704493204915295
20260925_MN_92,vLH92_MN_60x-1xzoom_0006_XY11_488.tif,4,0mM 2DG,1h,yes,MN,2.683867755831911,2.5618303964980385,1.241790803082068,1.2703890405327776
20260925_MN_92,vLH92_MN_60x-1xzoom_0006_XY11_488.tif,5,0mM 2DG,1h,yes,MN,1.6056969971391526,1.478103222058973,0.7429351760164641,0.7329783176305378
20260925_MN_92,vLH92_MN_60x-1xzoom_0006_XY11_488.tif,6,0mM 2DG,1h,yes,MN,3.0388900682004976,2.620641151563155,1.406055022669738,1.2995527739330495
20260925_MN_92,vLH92_MN_60x-1xzoom_0006_XY11_488.tif,7,0mM 2DG,1h,yes,MN,1.2874779263370335,0.945996023737859,0.595699338994045,0.4691110631628738
20260925_MN_92,vLH92_MN_60x-1xzoom_0006_XY12_488.tif,1,0mM 2DG,1h,yes,MN,0.6116421628091285,0.5774196106399981,0.2829988962396438,0.2863372790597299
20260925_MN_92,vLH92_MN_60x-1xzoom_0006_XY12_488.tif,2,0mM 2DG,1h,yes,MN,1.8986733760292769,1.5830886718533292,0.8784915468680051,0.7850396738454033
20260925_MN_92,vLH92_MN_60x-1xzoom_0006_XY12_488.tif,3,0mM 2DG,1h,yes,MN,0.9710184255515452,0.8707793152853683,0.44927763219815553,0.4318117625481204
20260925_MN_92,vLH92_MN_60x-1xzoom_0006_XY12_488.tif,4,0mM 2DG,1h,yes,MN,1.1892143189214317,1.1940156321612585,0.5502340422404283,0.5921017938564539
20260925_MN_92,vLH92_MN_60x-1xzoom_0006_XY12_488.tif,5,0mM 2DG,1h,yes,MN,2.89467524868344,2.831297668195356,1.3393286960259305,1.4040154777920495
20260925_MN_92,vLH92_MN_60x-1xzoom_0006_XY12_488.tif,6,0mM 2DG,1h,yes,MN,0.568074735252358,0.6193424842989889,0.26284081254256825,0.30712646140248956
20260925_MN_92,vLH92_MN_60x-1xzoom_0006_XY12_488.tif,7,0mM 2DG,1h,yes,MN,1.8121409447441708,1.639647540793418,0.8384541131663329,0.8130867168286695
20260925_MN_92,vLH92_MN_60x-1xzoom_0006_XY12_488.tif,8,0mM 2DG,1h,yes,MN,2.719255990087293,2.519340324858049,1.2581644801159522,1.2493185897267123
20260925_MN_92,vLH92_MN_60x-1xzoom_0006_XY12_488.tif,9,0mM 2DG,1h,yes,MN,0.5105809083134141,0.5066278637003848,0.2362391644652239,0.25123227773130824
20260925_MN_92,vLH92_MN_60x-1xzoom_0006_XY12_488.tif,10,0mM 2DG,1h,yes,MN,0.8201480581183357,0.7949833706111585,0.37947186985048736,0.39422522381293656
20260925_MN_92,vLH92_MN_60x-1xzoom_0006_XY12_488.tif,11,0mM 2DG,1h,yes,MN,1.127616879232832,1.0524827209370156,0.5217337057642759,0.5219168746909378
20260925_MN_92,vLH92_MN_60x-1xzoom_0006_XY12_488.tif,12,0mM 2DG,1h,yes,MN,2.4191203646667483,2.0811280834212758,1.119295618744282,1.0320130141079764
20260925_MN_92,vLH92_MN_60x-1xzoom_0006_XY12_488.tif,13,0mM 2DG,1h,yes,MN,0.3819928178946912,0.375161390144925,0.17674312270948542,0.1860392159928528
20260925_MN_92,vLH92_MN_60x-1xzoom_0006_XY13_488.tif,1,0mM 2DG,1h,yes,MN,2.454461020491089,2.17255447472476,1.1356472818551762,1.0773505531137504
20260925_MN_92,vLH92_MN_60x-1xzoom_0006_XY13_488.tif,2,0mM 2DG,1h,yes,MN,4.512291009118879,4.35314412693637,2.0877785292431006,2.158685679691843
20260925_MN_92,vLH92_MN_60x-1xzoom_0006_XY13_488.tif,3,0mM 2DG,1h,yes,MN,3.2635316605773186,3.011348893481677,1.509993774047143,1.4933012883011745
20260925_MN_92,vLH92_MN_60x-1xzoom_0006_XY13_488.tif,4,0mM 2DG,1h,yes,MN,2.8809751703169866,2.519720381719148,1.332989847444439,1.2495070565634627
20260925_MN_92,vLH92_MN_60x-1xzoom_0006_XY13_488.tif,5,0mM 2DG,1h,yes,MN,0.6243885410466297,0.7898989599515883,0.2888964801401695,0.391703909525966
20260925_MN_92,vLH92_MN_60x-1xzoom_0006_XY14_488.tif,1,0mM 2DG,1h,yes,MN,0.4412915220852855,0.4292458875553592,0.20417986408340574,0.21285924001429532
20260925_MN_92,vLH92_MN_60x-1xzoom_0006_XY14_488.tif,2,0mM 2DG,1h,yes,MN,0.606959459019701,0.6798215052228734,0.2808322699270645,0.33711747309041507
20260925_MN_92,vLH92_MN_60x-1xzoom_0006_XY14_488.tif,3,0mM 2DG,1h,yes,MN,0.9435242555368925,1.1611986954679778,0.43655643630898344,0.5758281651353678
20260925_MN_92,vLH92_MN_60x-1xzoom_0006_XY14_488.tif,4,0mM 2DG,1h,yes,MN,2.459244379201113,2.480788218878184,1.1378604798941045,1.2302009412698791
20260925_MN_92,vLH92_MN_60x-1xzoom_0006_XY14_488.tif,5,0mM 2DG,1h,yes,MN,1.1807566898009003,1.0478109466713794,0.5463208069348015,0.5196001831429649
20260925_MN_92,vLH92_MN_60x-1xzoom_0006_XY14_488.tif,6,0mM 2DG,1h,yes,MN,1.0402740515059192,1.0133784684090998,0.48132131213915025,0.502525421643305
20260925_MN_92,vLH92_MN_60x-1xzoom_0006_XY15_488.tif,1,0mM 2DG,1h,yes,MN,1.4718750918874413,1.6666628746638763,0.6810175160157443,0.8264833820108294
20260925_MN_92,vLH92_MN_60x-1xzoom_0006_XY15_488.tif,2,0mM 2DG,1h,yes,MN,1.580165448868574,1.504358271108158,0.7311220597546969,0.7459979642926781
20260925_MN_92,vLH92_MN_60x-1xzoom_0006_XY15_488.tif,3,0mM 2DG,1h,yes,MN,2.2974672772844014,2.440650866670209,1.0630083129522305,1.2102971832261313
20260925_MN_92,vLH92_MN_60x-1xzoom_0006_XY15_488.tif,4,0mM 2DG,1h,yes,MN,1.6799617220184273,1.592602588187342,0.777296501066147,0.7897575408282439
20260925_MN_92,vLH92_MN_60x-1xzoom_0006_XY15_488.tif,5,0mM 2DG,1h,yes,MN,1.5438319766404711,1.321980199736834,0.7143110333697883,0.6555582913852323
20260925_MN_92,vLH92_MN_60x-1xzoom_0006_XY15_488.tif,6,0mM 2DG,1h,yes,MN,4.0688369997391485,3.804779874368661,1.8825981103342235,1.8867566957769628
20260925_MN_92,vLH92_MN_60x-1xzoom_0006_XY15_488.tif,7,0mM 2DG,1h,yes,MN,2.3291095079679534,2.2763536366395845,1.0776487627159919,1.1288236396589555
20260925_MN_92,vLH92_MN_60x-1xzoom_0006_XY15_488.tif,8,0mM 2DG,1h,yes,MN,1.964895215557604,1.838557849770432,0.9091315331753645,0.9117245801777863
20260925_MN_92,vLH92_MN_60x-1xzoom_0006_XY15_488.tif,9,0mM 2DG,1h,yes,MN,1.6835535688611796,1.4815672360971484,0.7789584020170106,0.7346960915613825
20260925_MN_92,vLH92_MN_60x-1xzoom_0006_XY15_488.tif,10,0mM 2DG,1h,yes,MN,2.9071478810401112,2.824373679554288,1.3450996212576534,1.400581933050598
20260925_MN_92,vLH92_MN_60x-1xzoom_0006_XY15_488.tif,11,0mM 2DG,1h,yes,MN,1.816499170200996,1.723819320687576,0.8404706075626324,0.8548267581857584
20260925_MN_92,vLH92_MN_60x-1xzoom_0006_XY15_488.tif,12,0mM 2DG,1h,yes,MN,4.386699277168495,3.992214997869055,2.0296688636903752,1.979704116118023
20260925_MN_92,vLH92_MN_60x-1xzoom_0006_XY15_488.tif,13,0mM 2DG,1h,yes,MN,2.857515266221476,2.652784103758429,1.3221352540749671,1.3154921797013097
20260925_MN_92,vLH92_MN_60x-1xzoom_0006_XY15_488.tif,14,0mM 2DG,1h,yes,MN,2.1967256008671923,2.1272307926253995,1.016396445810072,1.0548749399372
20260925_MN_92,vLH92_MN_60x-1xzoom_0006_XY15_488.tif,15,0mM 2DG,1h,yes,MN,3.617399511093232,3.5763280419063244,1.6737238391079947,1.7734694521536105
20260925_MN_92,vLH92_MN_60x-1xzoom_0006_XY15_488.tif,16,0mM 2DG,1h,yes,MN,1.9879897874114207,1.9711020637492969,0.9198170920546611,0.9774520838622442
20260925_MN_92,vLH92_MN_60x-1xzoom_0006_XY16_488.tif,1,0mM 2DG,1h,yes,MN,2.5678763877166784,2.608590385836269,1.1881231013671019,1.2935769057684783
20260925_MN_92,vLH92_MN_60x-1xzoom_0006_XY16_488.tif,2,0mM 2DG,1h,yes,MN,2.16030497829661,1.9691240283412423,0.999545096091966,0.9764711935942495
20260925_MN_92,vLH92_MN_60x-1xzoom_0006_XY16_488.tif,3,0mM 2DG,1h,yes,MN,1.5540943743835642,1.6028679812748057,0.7190593117107206,0.7948480584881568
20260925_MN_92,vLH92_MN_60x-1xzoom_0006_XY16_488.tif,4,0mM 2DG,1h,yes,MN,1.8523780631678293,1.721714730820305,0.8570713060188679,0.8537831106805011
20260925_MN_92,vLH92_MN_60x-1xzoom_0006_XY16_488.tif,5,0mM 2DG,1h,yes,MN,3.342403488537846,3.2990832529505107,1.5464867459422114,1.6359862128588665
20260925_MN_92,vLH92_MN_60x-1xzoom_0006_XY16_488.tif,6,0mM 2DG,1h,yes,MN,1.4593441059260035,1.2780096161384178,0.6752195913278938,0.6337536677904708
20260925_MN_92,vLH92_MN_60x-1xzoom_0006_XY16_488.tif,7,0mM 2DG,1h,yes,MN,2.375055454553362,2.300208688290083,1.098907356320197,1.1406531488331628
20260925_MN_92,vLH92_MN_60x-1xzoom_0006_XY16_488.tif,8,0mM 2DG,1h,yes,MN,1.4317970268195896,1.408732040277013,0.6624739150881508,0.6985777620023906
20260925_MN_92,vLH92_MN_60x-1xzoom_0006_XY16_488.tif,9,0mM 2DG,1h,yes,MN,3.563447560754625,3.296236111232668,1.648760971398421,1.634574340456956
20260925_MN_92,vLH92_MN_60x-1xzoom_0006_XY16_488.tif,10,0mM 2DG,1h,yes,MN,3.139360117773935,3.017567636994169,1.4525412115940581,1.496385108219524
20260925_MN_92,vLH92_MN_60x-1xzoom_0006_XY16_488.tif,11,0mM 2DG,1h,yes,MN,3.688957758063568,3.6815659264735263,1.706832911929988,1.8256559885401653
20260925_MN_92,vLH92_MN_60x-1xzoom_0006_XY17_488.tif,1,0mM 2DG,1h,yes,MN,3.8984154719828448,3.7152816941145104,1.803746279667412,1.8423753395802678
20260925_MN_92,vLH92_MN_60x-1xzoom_0006_XY17_488.tif,2,0mM 2DG,1h,yes,MN,2.273920438135784,2.1294065882397897,1.0521134958611618,1.0559538977428138
20260925_MN_92,vLH92_MN_60x-1xzoom_0006_XY17_488.tif,3,0mM 2DG,1h,yes,MN,2.682784622068985,2.559970077213574,1.2412896511373097,1.2694665246495616
20260925_MN_92,vLH92_MN_60x-1xzoom_0006_XY17_488.tif,4,0mM 2DG,1h,yes,MN,2.4246813305476658,2.5023647449198823,1.1218686055362619,1.2409005497426389
20260925_MN_92,vLH92_MN_60x-1xzoom_0006_XY17_488.tif,5,0mM 2DG,1h,yes,MN,2.528396338382355,2.4627623133350247,1.1698561945636432,1.2212620541058372
20260925_MN_92,vLH92_MN_60x-1xzoom_0006_XY17_488.tif,6,0mM 2DG,1h,yes,MN,1.9661138762550416,1.850291110786925,0.9096953916750492,0.9175430005640223
20260925_MN_92,vLH92_MN_60x-1xzoom_0006_XY17_488.tif,7,0mM 2DG,1h,yes,MN,1.3339884132735575,1.2737807102684984,0.6172191380970905,0.6316565907638518
20260925_MN_92,vLH92_MN_60x-1xzoom_0006_XY18_488.tif,1,0mM 2DG,1h,yes,MN,0.3402878910980637,0.3511629802512634,0.15744679395903619,0.1741386167335121
20260925_MN_92,vLH92_MN_60x-1xzoom_0006_XY18_488.tif,2,0mM 2DG,1h,yes,MN,0.492392002170877,0.5293091852518195,0.22782339348811614,0.26247974452814643
20260925_MN_92,vLH92_MN_60x-1xzoom_0006_XY18_488.tif,3,0mM 2DG,1h,yes,MN,0.423414152657167,0.439225341635132,0.19590823710368638,0.2178079630487217
20260925_MN_92,vLH92_MN_60x-1xzoom_0006_XY18_488.tif,4,0mM 2DG,1h,yes,MN,0.4684668582349138,0.4490147250038487,0.21675353967824215,0.22266243169824343
20260925_MN_92,vLH92_MN_60x-1xzoom_0006_XY18_488.tif,5,0mM 2DG,1h,yes,MN,0.8671724211880761,0.8434066740321032,0.40122943277582435,0.41823791179433184
20260925_MN_92,vLH92_MN_60x-1xzoom_0006_XY18_488.tif,6,0mM 2DG,1h,yes,MN,0.4905071392589042,0.4877409536768193,0.2269512918638568,0.24186642605890044
20260925_MN_92,vLH92_MN_60x-1xzoom_0006_XY18_488.tif,7,0mM 2DG,1h,yes,MN,0.5227638591500866,0.5271488919220465,0.2418760578145728,0.2614084741683946
20260925_MN_92,vLH92_MN_60x-1xzoom_0006_XY18_488.tif,8,0mM 2DG,1h,yes,MN,0.5365834069552645,0.648429526910118,0.24827018335594234,0.32155046862997844
20260925_MN_92,vLH92_MN_60x-1xzoom_0006_XY18_488.tif,9,0mM 2DG,1h,yes,MN,0.3654572131623591,0.358569410013805,0.1690923128529299,0.1778113997610968
20260925_MN_92,vLH92_MN_60x-1xzoom_0006_XY18_488.tif,10,0mM 2DG,1h,yes,MN,0.5564823762779104,0.5587838328450542,0.2574771783883837,0.2770959616388485
20260925_MN_92,vLH92_MN_60x-1xzoom_0006_XY18_488.tif,11,0mM 2DG,1h,yes,MN,0.3855394214524837,0.3830255824917501,0.17838409017916604,0.18993899943819925
20260925_MN_92,vLH92_MN_60x-1xzoom_0006_XY18_488.tif,12,0mM 2DG,1h,yes,MN,0.4780049566294918,0.4885609848210924,0.221166694104179,0.24227307225218636
20260925_MN_92,vLH92_MN_60x-1xzoom_0006_XY18_488.tif,13,0mM 2DG,1h,yes,MN,1.2382235636520422,1.241654567451473,0.572909984167979,0.6157255206176275
20260925_MN_92,vLH92_MN_60x-1xzoom_0006_XY18_488.tif,14,0mM 2DG,1h,yes,MN,3.232414125147344,3.3592519552777738,1.495596093972349,1.6658233402987324
20260925_MN_92,vLH92_MN_60x-1xzoom_0006_XY18_488.tif,15,0mM 2DG,1h,yes,MN,3.556671770549352,3.522611191071812,1.6456259011468268,1.7468317408182377
20260925_MN_92,vLH92_MN_60x-1xzoom_0006_XY18_488.tif,16,0mM 2DG,1h,yes,MN,0.4353028838050969,0.4353504191382021,0.20140899881883972,0.21588642324665563
20260925_MN_92,vLH92_MN_60x-1xzoom_0006_XY18_488.tif,17,0mM 2DG,1h,yes,MN,2.927334657961964,2.7103624348045434,1.3544397811336217,1.3440447649283185
20260925_MN_92,vLH92_MN_60x-1xzoom_0006_XY18_488.tif,18,0mM 2DG,1h,yes,MN,0.6007933695029852,0.6171734685358337,0.2779793002767528,0.306050865665152
20260925_MN_92,vLH92_MN_60x-1xzoom_0006_XY18_488.tif,19,0mM 2DG,1h,yes,MN,0.6781535453517853,0.6692447133916378,0.3137728503446005,0.33187253554702195
20260925_MN_92,vLH92_MN_60x-1xzoom_0006_XY18_488.tif,20,0mM 2DG,1h,yes,MN,1.268983008465999,1.207250128863757,0.5871419803588801,0.5986646637446418
20260925_MN_92,vLH92_MN_60x-1xzoom_0006_XY18_488.tif,21,0mM 2DG,1h,yes,MN,0.3735102215576132,0.4091155093124811,0.17281833539656657,0.20287676344734926
20260925_MN_92,vLH92_MN_60x-1xzoom_0006_XY18_488.tif,22,0mM 2DG,1h,yes,MN,0.4714145052534492,0.4868549177584767,0.2181173777251786,0.2414270486818034
20260925_MN_92,vLH92_MN_60x-1xzoom_0006_XY18_488.tif,23,0mM 2DG,1h,yes,MN,0.6648211354093706,0.7048603422126962,0.30760411717455705,0.34953401094672276
20260925_MN_92,vLH92_MN_60x-1xzoom_0006_XY18_488.tif,24,0mM 2DG,1h,yes,MN,0.4561150938222273,0.4002842810646786,0.2110385384766438,0.19849743544976287
20260925_MN_92,vLH92_MN_60x-1xzoom_0006_XY18_488.tif,25,0mM 2DG,1h,yes,MN,0.6283135342636301,0.638267392316001,0.2907125235977652,0.31651115594384877
20260925_MN_92,vLH92_MN_60x-1xzoom_0006_XY18_488.tif,26,0mM 2DG,1h,yes,MN,0.4675195991674247,0.4650842293633773,0.2163152551928803,0.23063115681488072
20260925_MN_92,vLH92_MN_60x-1xzoom_0006_XY18_488.tif,27,0mM 2DG,1h,yes,MN,0.5879173816099758,0.6010466015889355,0.2720217476695533,0.2980536949486691
20260925_MN_92,vLH92_MN_60x-1xzoom_0006_XY18_488.tif,28,0mM 2DG,1h,yes,MN,0.5624506275783374,0.588435829323641,0.2602386108618162,0.2918001244935818
20260925_MN_92,vLH92_MN_60x-1xzoom_0006_XY18_488.tif,29,0mM 2DG,1h,yes,MN,0.7651889260383586,0.7716742122882291,0.3540429922114945,0.3826664183127866
20260925_MN_92,vLH92_MN_60x-1xzoom_0006_XY18_488.tif,30,0mM 2DG,1h,yes,MN,1.5237189394840085,1.3797215594522156,0.7050049919269225,0.684191721087743
20260925_MN_92,vLH92_MN_60x-1xzoom_0006_XY18_488.tif,31,0mM 2DG,1h,yes,MN,0.3773518671524158,0.3619797099253465,0.17459581499032095,0.17950253733151308
20260925_MN_92,vLH92_MN_60x-1xzoom_0006_XY18_488.tif,32,0mM 2DG,1h,yes,MN,0.6792375707247809,0.6862705133766389,0.3142744148257745,0.3403154792082477
20260925_MN_92,vLH92_MN_60x-1xzoom_0006_XY19_488.tif,1,0mM 2DG,1h,yes,MN,3.4711311787072248,3.336608848818224,1.606047378692085,1.6545948240280415
20260925_MN_92,vLH92_MN_60x-1xzoom_0006_XY19_488.tif,2,0mM 2DG,1h,yes,MN,3.8257417186749887,3.614570571654313,1.7701210765302413,1.7924335844944965
20260925_MN_92,vLH92_MN_60x-1xzoom_0006_XY19_488.tif,3,0mM 2DG,1h,yes,MN,2.571609417213432,2.4086203312728798,1.1898503257009496,1.1944135239539218
20260925_MN_92,vLH92_MN_60x-1xzoom_0006_XY19_488.tif,4,0mM 2DG,1h,yes,MN,4.223014950166114,3.5910214007379158,1.9539342484364912,1.780755758871567
20260925_MN_92,vLH92_MN_60x-1xzoom_0006_XY20_488.tif,1,0mM 2DG,1h,yes,MN,0.4857066524178465,0.4804129484415054,0.22473016886083677,0.23823253306089584
20260925_MN_92,vLH92_MN_60x-1xzoom_0006_XY20_488.tif,2,0mM 2DG,1h,yes,MN,0.4130876825435947,0.3906609564339512,0.19113031330789895,0.1937253138600288
20260925_MN_92,vLH92_MN_60x-1xzoom_0006_XY20_488.tif,3,0mM 2DG,1h,yes,MN,1.9547280665087543,1.4065902615122503,0.9044273251699619,0.6975156728517117
20260925_MN_92,vLH92_MN_60x-1xzoom_0006_XY20_488.tif,4,0mM 2DG,1h,yes,MN,1.678962890715712,1.351595248517691,0.7768343547763951,0.670244132203373
20260925_MN_92,vLH92_MN_60x-1xzoom_0006_XY20_488.tif,5,0mM 2DG,1h,yes,MN,1.281398257346329,1.2690100267404307,0.5928863550003162,0.6292908509872482
20260925_MN_92,vLH92_MN_60x-1xzoom_0006_XY20_488.tif,6,0mM 2DG,1h,yes,MN,0.4782510912320479,0.4704928787200096,0.22128057739261983,0.23331325820463042
20260925_MN_92,vLH92_MN_60x-1xzoom_0006_XY20_488.tif,7,0mM 2DG,1h,yes,MN,0.5203235726701428,0.4557132927693444,0.24074696890879682,0.2259841922207919
20260925_MN_92,vLH92_MN_60x-1xzoom_0006_XY21_488.tif,1,0mM 2DG,1h,yes,MN,1.8440171822725209,1.5762404792911398,0.8532028348623075,0.7816437157092377
20260925_MN_92,vLH92_MN_60x-1xzoom_0006_XY21_488.tif,2,0mM 2DG,1h,yes,MN,1.0998967744928612,0.9518546529723392,0.5089079728078852,0.47201630559508273
20260925_MN_92,vLH92_MN_60x-1xzoom_0006_XY21_488.tif,3,0mM 2DG,1h,yes,MN,0.4011678973381766,0.3976443807127808,0.18561518328309123,0.19718833220868412
20260925_MN_92,vLH92_MN_60x-1xzoom_0006_XY21_488.tif,4,0mM 2DG,1h,yes,MN,2.728348252679125,2.634406144508824,1.2623713520980795,1.3063787122172907
20260925_MN_92,vLH92_MN_60x-1xzoom_0006_XY21_488.tif,5,0mM 2DG,1h,yes,MN,0.4205321294428923,0.4225791675134827,0.19457476233989499,0.2095532724962748
20260925_MN_92,vLH92_MN_60x-1xzoom_0006_XY22_488.tif,1,0mM 2DG,1h,yes,MN,0.3770082731802546,0.3802370846612971,0.17443683851553113,0.1885562080214843
20260925_MN_92,vLH92_MN_60x-1xzoom_0006_XY22_488.tif,2,0mM 2DG,1h,yes,MN,4.041450543687571,3.7992290879772095,1.8699267522988055,1.884004109888499
20260925_MN_92,vLH92_MN_60x-1xzoom_0006_XY22_488.tif,3,0mM 2DG,1h,yes,MN,1.4950835995519232,1.1079160263919448,0.6917557915169826,0.5494057606947549
20260925_MN_92,vLH92_MN_60x-1xzoom_0006_XY22_488.tif,4,0mM 2DG,1h,yes,MN,0.500003583278987,0.5291797016979743,0.23134517335093743,0.2624155347787583
20260925_MN_92,vLH92_MN_60x-1xzoom_0006_XY22_488.tif,5,0mM 2DG,1h,yes,MN,1.1539461743711992,1.1522358589601738,0.5339159291556528,0.5713835737653982
20260925_MN_92,vLH92_MN_60x-1xzoom_0006_XY22_488.tif,6,0mM 2DG,1h,yes,MN,1.3357621406252134,1.1269623127458066,0.6180398187389273,0.5588506456800648
20260925_MN_92,vLH92_MN_60x-1xzoom_0006_XY22_488.tif,7,0mM 2DG,1h,yes,MN,0.512303502129301,0.5394859622459678,0.23703618628322004,0.2675263182509756
20260925_MN_92,vLH92_MN_60x-1xzoom_0006_XY22_488.tif,8,0mM 2DG,1h,yes,MN,0.3787989324665011,0.3541551679186963,0.1752653533439099,0.17562241613924962
20260925_MN_92,vLH92_MN_60x-1xzoom_0006_XY22_488.tif,9,0mM 2DG,1h,yes,MN,0.4310398301344372,0.4232215483037827,0.19943653917369988,0.20987182344990604
20260925_MN_92,vLH92_MN_60x-1xzoom_0006_XY22_488.tif,10,0mM 2DG,1h,yes,MN,1.8472850678733037,1.6145167962001583,0.8547148431480207,0.8006246028045142
20260925_MN_92,vLH92_MN_60x-1xzoom_0006_XY22_488.tif,11,0mM 2DG,1h,yes,MN,0.5244264601170525,0.5016703470180287,0.24264532171943076,0.24877388904557293
20260925_MN_92,vLH92_MN_60x-1xzoom_0006_XY22_488.tif,12,0mM 2DG,1h,yes,MN,0.4752662066053545,0.4743530893463437,0.2198995099873296,0.2352275025201583
20260925_MN_92,vLH92_MN_60x-1xzoom_0006_XY22_488.tif,13,0mM 2DG,1h,yes,MN,0.4465593911234002,0.455409428786843,0.20661723876744414,0.2258335087587992
20260925_MN_92,vLH92_MN_60x-1xzoom_0006_XY23_488.tif,1,0mM 2DG,1h,yes,MN,3.477933657818315,2.9692934796925603,1.609194797554268,1.4724463804798769
20260925_MN_92,vLH92_MN_60x-1xzoom_0006_XY23_488.tif,2,0mM 2DG,1h,yes,MN,3.595741630224388,3.3162183717026625,1.6637030185147532,1.6444833667300667
20260925_MN_92,vLH92_MN_60x-1xzoom_0006_XY23_488.tif,3,0mM 2DG,1h,yes,MN,2.8142062689585434,2.5470314207415528,1.3020967427232237,1.2630503593156879
20260925_MN_92,vLH92_MN_60x-1xzoom_0006_XY24_488.tif,1,0mM 2DG,1h,yes,MN,1.0036943623945225,1.10209478172277,0.4643963643955705,0.5465190569379064
20260925_MN_92,vLH92_MN_60x-1xzoom_0006_XY24_488.tif,2,0mM 2DG,1h,yes,MN,2.880356538591688,2.6671996725231697,1.3327036145682845,1.3226407327814853
20260925_MN_92,vLH92_MN_60x-1xzoom_0006_XY24_488.tif,3,0mM 2DG,1h,yes,MN,3.062402084467092,2.643797756677107,1.4169337276649185,1.3110359296458256
20260925_MN_92,vLH92_MN_60x-1xzoom_0006_XY24_488.tif,4,0mM 2DG,1h,yes,MN,1.2470503032680529,1.2736457767209657,0.5769940021128068,0.6315896784107858
20260925_MN_92,vLH92_MN_60x-1xzoom_0006_XY24_488.tif,5,0mM 2DG,1h,yes,MN,1.9500296379300543,1.751097309120858,0.9022534232013237,0.8683536714430887
20260925_MN_92,vLH92_MN_60x-1xzoom_0006_XY24_488.tif,6,0mM 2DG,1h,yes,MN,3.344762043249756,3.010379195248191,1.5475780186189114,1.4928204235217852
20260925_MN_92,vLH92_MN_60x-1xzoom_0006_XY25_488.tif,1,0mM 2DG,1h,yes,MN,2.2652946633465163,1.8921063896139925,1.0481224617353206,0.938278827581043
20260925_MN_92,vLH92_MN_60x-1xzoom_0006_XY25_488.tif,2,0mM 2DG,1h,yes,MN,3.0304471280489893,2.8561214028244355,1.4021485837595742,1.416325348289716
20260925_MN_92,vLH92_MN_60x-1xzoom_0006_XY25_488.tif,3,0mM 2DG,1h,yes,MN,3.6161667753143503,3.307345392853654,1.673153468250668,1.6400833349785233
20260925_MN_92,vLH92_MN_60x-1xzoom_0006_XY25_488.tif,4,0mM 2DG,1h,yes,MN,3.3905305769159724,3.04725632802629,1.5687545255663047,1.511107467578882
20260925_MN_92,vLH92_MN_60x-1xzoom_0006_XY25_488.tif,5,0mM 2DG,1h,yes,MN,3.9658838219698263,3.75127940449329,1.8349630101977827,1.8602262858458705
20260925_MN_92,vLH92_MN_60x-1xzoom_0006_XY25_488.tif,6,0mM 2DG,1h,yes,MN,3.233211564007551,3.0231804699102502,1.4959650585908455,1.499168462430903
20260925_MN_92,vLH92_MN_60x-1xzoom_0006_XY26_488.tif,1,0mM 2DG,1h,yes,MN,0.5706709279974063,0.5513023279624898,0.264042037255233,0.27338594952309925
20260925_MN_92,vLH92_MN_60x-1xzoom_0006_XY26_488.tif,2,0mM 2DG,1h,yes,MN,0.4018992627233901,0.3974742469761222,0.18595357656162637,0.1971039643930897
20260925_MN_92,vLH92_MN_60x-1xzoom_0006_XY26_488.tif,3,0mM 2DG,1h,yes,MN,0.8443049955063509,0.8526582889676501,0.39064897148445676,0.4228257058330841
20260925_MN_92,vLH92_MN_60x-1xzoom_0006_XY26_488.tif,4,0mM 2DG,1h,yes,MN,1.601600398634092,1.664610585163833,0.7410397330176614,0.8254656697952123
20260925_MN_92,vLH92_MN_60x-1xzoom_0006_XY26_488.tif,5,0mM 2DG,1h,yes,MN,1.2339212270335316,1.2257736288348131,0.5709193488123359,0.6078503035854784
20260925_MN_92,vLH92_MN_60x-1xzoom_0006_XY26_488.tif,6,0mM 2DG,1h,yes,MN,3.4201655360276595,3.106022329304822,1.5824662368064135,1.5402490079721236
20260925_MN_92,vLH92_MN_60x-1xzoom_0006_XY26_488.tif,7,0mM 2DG,1h,yes,MN,2.9199426348184696,2.812769407065702,1.3510195878935432,1.3948274769347648
20260925_MN_92,vLH92_MN_60x-1xzoom_0006_XY26_488.tif,8,0mM 2DG,1h,yes,MN,3.350584779665425,2.941048268400284,1.550272123242374,1.4584398299594792
20260925_MN_92,vLH92_MN_60x-1xzoom_0006_XY26_488.tif,9,0mM 2DG,1h,yes,MN,1.454262816939789,1.3872343179740925,0.672868544814081,0.6879172316068657
20260925_MN_92,vLH92_MN_60x-1xzoom_0006_XY26_488.tif,10,0mM 2DG,1h,yes,MN,0.4655794538841644,0.5243148061461882,0.2154175751323928,0.26000307609266643
20260925_MN_92,vLH92_MN_60x-1xzoom_0006_XY26_488.tif,11,0mM 2DG,1h,yes,MN,1.3005090775269874,1.134676607619017,0.6017286836464013,0.5626760962937203
20260925_MN_92,vLH92_MN_60x-1xzoom_0006_XY27_488.tif,1,0mM 2DG,1h,yes,MN,0.5085515093080175,0.503759048391659,0.23530018786505075,0.2498096575873284
20260925_MN_92,vLH92_MN_60x-1xzoom_0006_XY27_488.tif,2,0mM 2DG,1h,yes,MN,0.6310068606032732,0.626503372104219,0.2919586907649067,0.3106774823446584
20260925_MN_92,vLH92_MN_60x-1xzoom_0006_XY27_488.tif,3,0mM 2DG,1h,yes,MN,2.443984179850125,2.2105927268775094,1.1307997835665458,1.0962133860014907
20260925_MN_92,vLH92_MN_60x-1xzoom_0006_XY27_488.tif,4,0mM 2DG,1h,yes,MN,2.1646750617724986,1.8267818781342864,1.0015670770398974,0.9058849799729349
20260925_MN_92,vLH92_MN_60x-1xzoom_0006_XY27_488.tif,5,0mM 2DG,1h,yes,MN,0.4093446495756409,0.3925841149113557,0.1893984604976634,0.1946789911433658
20260925_MN_92,vLH92_MN_60x-1xzoom_0006_XY27_488.tif,6,0mM 2DG,1h,yes,MN,1.2078995157384986,0.9694180847514748,0.558879440476162,0.48072585610898855
20260925_MN_92,vLH92_MN_60x-1xzoom_0006_XY27_488.tif,7,0mM 2DG,1h,yes,MN,2.074020489846877,1.907391719971419,0.9596223823246077,0.9458586877441286
20260925_MN_92,vLH92_MN_60x-1xzoom_0006_XY27_488.tif,8,0mM 2DG,1h,yes,MN,1.4895219442713432,1.418198195134479,0.6891824857487198,0.7032719444913447
20260925_MN_92,vLH92_MN_60x-1xzoom_0006_XY27_488.tif,9,0mM 2DG,1h,yes,MN,1.5677956191247244,1.480180646625755,0.7253986999586618,0.7340084941034929
20260925_MN_92,vLH92_MN_60x-1xzoom_0006_XY27_488.tif,10,0mM 2DG,1h,yes,MN,2.288242631129784,2.0350191511006863,1.0587401888125076,1.0091480022903256
20260925_MN_92,vLH92_MN_60x-1xzoom_0006_XY27_488.tif,11,0mM 2DG,1h,yes,MN,0.7462732408270718,1.2744047985005809,0.34529094998499865,0.6319660705996156
20260925_MN_92,vLH92_MN_60x-1xzoom_0006_XY27_488.tif,12,0mM 2DG,1h,yes,MN,1.168286387610818,1.1686190565463108,0.5405509598409388,0.5795078565792653
20260925_MN_92,vLH92_MN_60x-1xzoom_0006_XY27_488.tif,13,0mM 2DG,1h,yes,MN,1.0979573309123922,1.1208254227959178,0.5080106174161788,0.5558074162196167
20260925_MN_92,vLH92_MN_60x-1xzoom_0006_XY27_488.tif,14,0mM 2DG,1h,yes,MN,1.667462499018299,1.4727164283930323,0.771513272688555,0.7303070542845423
20260925_MN_92,vLH92_MN_60x-1xzoom_0006_XY27_488.tif,15,0mM 2DG,1h,yes,MN,1.4621236133122029,1.6938173341142708,0.6765056333475801,0.8399490383378561
20260925_MN_92,vLH92_MN_60x-1xzoom_0006_XY27_488.tif,16,0mM 2DG,1h,yes,MN,0.4225927066379272,0.4171185524415962,0.19552816468405848,0.20684540176783955
20260925_MN_92,vLH92_MN_60x-1xzoom_0006_XY28_488.tif,1,0mM 2DG,1h,yes,MN,4.185319593929959,3.6938596815285063,1.9364930959835644,1.8317523529638953
20260925_MN_92,vLH92_MN_60x-1xzoom_0006_XY28_488.tif,2,0mM 2DG,1h,yes,MN,3.633117484647329,3.326072203470288,1.6809963416223799,1.6493697947707195
20260925_MN_92,vLH92_MN_60x-1xzoom_0006_XY28_488.tif,3,0mM 2DG,1h,yes,MN,1.8171736697527725,1.5039848374216402,0.8407826897575389,0.7458127818296366
20260925_MN_92,vLH92_MN_60x-1xzoom_0006_XY28_488.tif,4,0mM 2DG,1h,yes,MN,2.128379166828737,2.0726558810698528,0.9847734371771071,1.0278117238777034
20260925_MN_92,vLH92_MN_60x-1xzoom_0006_XY28_488.tif,5,0mM 2DG,1h,yes,MN,2.4164979678879943,2.4074832879646584,1.1180822697650663,1.193849674231727
20260925_MN_92,vLH92_MN_60x-1xzoom_0006_XY28_488.tif,6,0mM 2DG,1h,yes,MN,2.311520427688757,2.274330676014364,1.0695105233866076,1.127820471373021
20260925_MN_92,vLH92_MN_60x-1xzoom_0006_XY28_488.tif,7,0mM 2DG,1h,yes,MN,2.5189613757626,2.3492747168564634,1.1654907597231314,1.164984558530856
20260925_MN_92,vLH92_MN_60x-1xzoom_0006_XY28_488.tif,8,0mM 2DG,1h,yes,MN,3.255485798616151,3.1933510704932537,1.506271058065875,1.5835545585194828
20260925_MN_92,vLH92_MN_60x-1xzoom_0006_XY28_488.tif,9,0mM 2DG,1h,yes,MN,3.546656989237043,2.957089539876993,1.6409921917170383,1.4663945546391766
20260925_MN_92,vLH92_MN_60x-1xzoom_0006_XY28_488.tif,10,0mM 2DG,1h,yes,MN,2.7375120669914463,2.6688139758063545,1.2666113301333106,1.3234412515050733
20260925_MN_92,vLH92_MN_60x-1xzoom_0006_XY29_488.tif,1,0mM 2DG,1h,yes,MN,2.1622713351543745,1.969879156218348,1.0004549039080342,0.9768456548312568
20260925_MN_92,vLH92_MN_60x-1xzoom_0006_XY29_488.tif,2,0mM 2DG,1h,yes,MN,2.135951037278436,2.143204755803393,0.9882768434332959,1.062796287026741
20260925_MN_92,vLH92_MN_60x-1xzoom_0006_XY29_488.tif,3,0mM 2DG,1h,yes,MN,2.2065731630730583,1.8579766987584785,1.0209527851280027,0.921354215678988
20260925_MN_92,vLH92_MN_60x-1xzoom_0006_XY29_488.tif,4,0mM 2DG,1h,yes,MN,1.5251605651894669,1.5452585626156008,0.7056720134441469,0.7662800571887098
20260925_MN_92,vLH92_MN_60x-1xzoom_0006_XY29_488.tif,5,0mM 2DG,1h,yes,MN,1.9534324133050247,2.0130345509391536,0.903827843236145,0.9982460334699524
20260925_MN_92,vLH92_MN_60x-1xzoom_0006_XY29_488.tif,6,0mM 2DG,1h,yes,MN,2.891449536720353,2.811436640154452,1.337836200935422,1.3941665696085221
20260925_MN_92,vLH92_MN_60x-1xzoom_0006_XY29_488.tif,7,0mM 2DG,1h,yes,MN,3.417387740764592,2.3664452543403027,1.5811809869638955,1.1734992762379084
20260925_MN_92,vLH92_MN_60x-1xzoom_0006_XY29_488.tif,8,0mM 2DG,1h,yes,MN,2.5962169280498024,2.565373092085921,1.2012359018259087,1.2721458319483772
20260925_MN_92,vLH92_MN_60x-1xzoom_0006_XY29_488.tif,9,0mM 2DG,1h,yes,MN,3.615107514083949,3.361347463431148,1.6726633618171018,1.6668624842623736
20260925_MN_92,vLH92_MN_60x-1xzoom_0006_XY29_488.tif,10,0mM 2DG,1h,yes,MN,3.209643430325867,2.951440102139454,1.4850603887954994,1.4635930484205164
20260925_MN_92,vLH92_MN_60x-1xzoom_0006_XY29_488.tif,11,0mM 2DG,1h,yes,MN,3.748270464381081,3.6027605569176626,1.7342761319064377,1.7865771026171324
20260925_MN_92,vLH92_MN_60x-1xzoom_0006_XY29_488.tif,12,0mM 2DG,1h,yes,MN,1.579045212525945,1.468468943350645,0.7306037409274999,0.7282007640105835
20260925_MN_92,vLH92_MN_60x-1xzoom_0006_XY29_488.tif,13,0mM 2DG,1h,yes,MN,2.7417523188769115,2.397687063264002,1.268573239688161,1.1889918130261912
20260925_MN_92,vLH92_MN_60x-1xzoom_0006_XY29_488.tif,14,0mM 2DG,1h,yes,MN,1.5436745516712025,1.4251549111515711,0.7142381948781791,0.7067217184491732
20260925_MN_92,vLH92_MN_60x-1xzoom_0006_XY29_488.tif,15,0mM 2DG,1h,yes,MN,1.3724173157961943,1.1645889499244113,0.634999692903285,0.5775093623418488
20260925_MN_92,vLH92_MN_60x-1xzoom_0006_XY30_488.tif,1,0mM 2DG,1h,yes,MN,2.244186099049805,2.236597663301665,1.038355802795824,1.1091090040245097
20260925_MN_92,vLH92_MN_60x-1xzoom_0006_XY30_488.tif,2,0mM 2DG,1h,yes,MN,3.3945246596303997,3.1334230463092063,1.5706025358383262,1.5538367812426312
20260925_MN_92,vLH92_MN_60x-1xzoom_0006_XY30_488.tif,3,0mM 2DG,1h,yes,MN,2.1248128045103103,2.041798403799531,0.9831233275851359,1.012509773757862
20260925_MN_92,vLH92_MN_60x-1xzoom_0006_XY31_488.tif,1,0mM 2DG,1h,yes,MN,2.1559497788847666,2.1849382117918137,0.9975300018074343,1.0834915388215984
20260925_MN_92,vLH92_MN_60x-1xzoom_0006_XY31_488.tif,2,0mM 2DG,1h,yes,MN,3.9032600161114335,3.7129447018377983,1.8059877874059862,1.8412164457751965
20260925_MN_92,vLH92_MN_60x-1xzoom_0006_XY31_488.tif,3,0mM 2DG,1h,yes,MN,2.727087772520977,2.44319213264391,1.2617881442762877,1.2115573745512407
20260925_MN_92,vLH92_MN_60x-1xzoom_0006_XY31_488.tif,4,0mM 2DG,1h,yes,MN,3.1378229695246787,2.535275264318333,1.4518299930346668,1.2572205852997098
20260925_MN_92,vLH92_MN_60x-1xzoom_0006_XY31_488.tif,5,0mM 2DG,1h,yes,MN,3.44856016489564,3.216893612061384,1.595604063328815,1.5952290967072271
20260925_MN_92,vLH92_MN_60x-1xzoom_0006_XY32_488.tif,1,0mM 2DG,1h,yes,MN,0.562483556958695,0.6334609831439137,0.2602538468590409,0.3141277001362814
20260925_MN_92,vLH92_MN_60x-1xzoom_0006_XY32_488.tif,2,0mM 2DG,1h,yes,MN,1.1995198115486831,1.190222937433204,0.5550022600253557,0.5902210300778707
20260925_MN_92,vLH92_MN_60x-1xzoom_0006_XY32_488.tif,3,0mM 2DG,1h,yes,MN,1.8037778760502876,1.7489089407768434,0.8345846297437458,0.8672684789320291
20260925_MN_92,vLH92_MN_60x-1xzoom_0006_XY32_488.tif,4,0mM 2DG,1h,yes,MN,2.97116284357537,2.674975949986157,1.3747185142016864,1.3264969200133276
20260925_MN_92,vLH92_MN_60x-1xzoom_0006_XY32_488.tif,5,0mM 2DG,1h,yes,MN,1.292403735068734,1.136605763049395,0.5979784468105444,0.5636327474130086
20260925_MN_92,vLH92_MN_60x-1xzoom_0006_XY32_488.tif,6,0mM 2DG,1h,yes,MN,2.251205313381479,2.116663937751243,1.0416035022336947,1.0496349300429544
20260925_MN_92,vLH92_MN_60x-1xzoom_0006_XY32_488.tif,7,0mM 2DG,1h,yes,MN,1.5770060867667384,1.8549355623982344,0.7296602638844867,0.9198461430493163
20260925_MN_92,vLH92_MN_60x-1xzoom_0006_XY32_488.tif,8,0mM 2DG,1h,yes,MN,3.113652532726237,2.553752748445978,1.4406466453985691,1.2663834062906958
20260925_MN_92,vLH92_MN_60x-1xzoom_0006_XY33_488.tif,1,0mM 2DG,1h,yes,MN,2.1527706647546863,2.141191239535017,0.9960590669299227,1.0617978021138537
20260925_MN_92,vLH92_MN_60x-1xzoom_0006_XY33_488.tif,2,0mM 2DG,1h,yes,MN,1.8714000979680083,1.845630418734698,0.8658725548208782,0.9152318045876839
20260925_MN_92,vLH92_MN_60x-1xzoom_0006_XY33_488.tif,3,0mM 2DG,1h,yes,MN,3.659646730553136,3.576503292319269,1.6932710796406556,1.7735563572837307
20260925_MN_92,vLH92_MN_60x-1xzoom_0006_XY33_488.tif,4,0mM 2DG,1h,yes,MN,3.1603429671323173,3.248087799780297,1.4622497038620086,1.6106980185611486
20260925_MN_92,vLH92_MN_60x-1xzoom_0006_XY33_488.tif,5,0mM 2DG,1h,yes,MN,1.7991336809430098,1.8118384994981656,0.8324358208989715,0.8984746906447226
20260925_MN_92,vLH92_MN_60x-1xzoom_0006_XY33_488.tif,6,0mM 2DG,1h,yes,MN,4.185957381572896,4.0899481816916685,1.936788192054374,2.0281691377659614
20260925_MN_92,vLH92_MN_60x-1xzoom_0006_XY33_488.tif,7,0mM 2DG,1h,yes,MN,3.639548742396844,3.6554127589373246,1.6839720011749955,1.812686864019422
20260925_MN_92,vLH92_MN_60x-1xzoom_0006_XY33_488.tif,8,0mM 2DG,1h,yes,MN,3.694164563723775,3.5682761137490435,1.70924203338101,1.7694765721799206
20260925_MN_92,vLH92_MN_60x-1xzoom_0006_XY33_488.tif,9,0mM 2DG,1h,yes,MN,3.091584113340861,3.607441068088231,1.4304358739580725,1.788898126719005
20260925_MN_92,vLH92_MN_60x-1xzoom_0006_XY34_488.tif,1,0mM 2DG,1h,yes,MN,0.4064276902570792,0.4017451038761804,0.18804882125151076,0.19922184456460082
20260925_MN_92,vLH92_MN_60x-1xzoom_0006_XY34_488.tif,2,0mM 2DG,1h,yes,MN,2.0862934545799,2.106778911280028,0.9653009239363924,1.0447330328246318
20260925_MN_92,vLH92_MN_60x-1xzoom_0006_XY34_488.tif,3,0mM 2DG,1h,yes,MN,1.6751524523677532,1.4903007096221157,0.7750713143710233,0.7390269438563151
20260925_MN_92,vLH92_MN_60x-1xzoom_0006_XY34_488.tif,4,0mM 2DG,1h,yes,MN,1.3755297942753189,1.2561085217214445,0.6364397963293086,0.6228931087304216
20260925_MN_92,vLH92_MN_60x-1xzoom_0006_XY34_488.tif,5,0mM 2DG,1h,yes,MN,1.1168261791506675,1.1611622031837436,0.5167409887826989,0.5758100689343006
20260925_MN_92,vLH92_MN_60x-1xzoom_0006_XY34_488.tif,6,0mM 2DG,1h,yes,MN,3.951574508603687,3.5297057813942527,1.82834227648321,1.7503498854249293
20260925_MN_92,vLH92_MN_60x-1xzoom_0006_XY34_488.tif,7,0mM 2DG,1h,yes,MN,0.7838066759923512,0.8056156963607075,0.3626571836584137,0.3994977001353604
20260925_MN_92,vLH92_MN_60x-1xzoom_0006_XY34_488.tif,8,0mM 2DG,1h,yes,MN,1.715409094495437,1.653160311156863,0.7936975405882045,0.8197875801646743
20260925_MN_92,vLH92_MN_60x-1xzoom_0006_XY34_488.tif,9,0mM 2DG,1h,yes,MN,1.090760241428021,1.131032224870243,0.5046806174520485,0.5608688791142076
20260925_MN_92,vLH92_MN_60x-1xzoom_0006_XY34_488.tif,10,0mM 2DG,1h,yes,MN,1.530097129313184,1.4816715621890344,0.7079560976410438,0.7347478259478409
20260925_MN_92,vLH92_MN_60x-1xzoom_0006_XY34_488.tif,11,0mM 2DG,1h,yes,MN,1.1747123481391015,1.185230389902059,0.543524168437991,0.5877452699039828
20260925_MN_92,vLH92_MN_60x-1xzoom_0006_XY34_488.tif,12,0mM 2DG,1h,yes,MN,2.127757142202045,1.890656964138643,0.9844856344494809,0.9375600703044215
20260925_MN_92,vLH92_MN_60x-1xzoom_0006_XY34_488.tif,13,0mM 2DG,1h,yes,MN,2.442117026763712,2.3741467084515686,1.1299358760488911,1.1773183592312606
20260925_MN_92,vLH92_MN_60x-1xzoom_0006_XY34_488.tif,14,0mM 2DG,1h,yes,MN,2.259386900827747,2.2016810621552563,1.045389016636672,1.091794170267487
20260925_MN_92,vLH92_MN_60x-1xzoom_0006_XY34_488.tif,15,0mM 2DG,1h,yes,MN,3.4233396288039084,3.4317017420790803,1.5839348483686302,1.701750548933282
20260925_MN_92,vLH92_MN_60x-1xzoom_0006_XY34_488.tif,16,0mM 2DG,1h,yes,MN,2.41674408129944,2.073353105232788,1.1181961432486551,1.0281574711748696
20260925_MN_92,vLH92_MN_60x-1xzoom_0006_XY35_488.tif,1,0mM 2DG,1h,yes,MN,2.742737771471365,2.38371486562179,1.269029195823111,1.1820631237651504
20260925_MN_92,vLH92_MN_60x-1xzoom_0006_XY35_488.tif,2,0mM 2DG,1h,yes,MN,1.605863086023433,1.4451195712038638,0.7430120231891855,0.7166220168307779
20260925_MN_92,vLH92_MN_60x-1xzoom_0006_XY35_488.tif,3,0mM 2DG,1h,yes,MN,2.5730548246791605,2.4014974602851407,1.190519096989605,1.1908813552153814
20260925_MN_92,vLH92_MN_60x-1xzoom_0006_XY35_488.tif,4,0mM 2DG,1h,yes,MN,2.271341522767536,2.0201085489472472,1.0509202651666694,1.001753966530048
20260925_MN_92,vLH92_MN_60x-1xzoom_0006_XY35_488.tif,5,0mM 2DG,1h,yes,MN,3.3428145034527827,3.0783167416454216,1.5466769172128296,1.5265100520396249
20260925_MN_92,vLH92_MN_60x-1xzoom_0006_XY35_488.tif,6,0mM 2DG,1h,yes,MN,2.703107141345299,2.933531118038153,1.2506926172402213,1.4547121415656092
20260925_MN_92,vLH92_MN_60x-1xzoom_0006_XY36_488.tif,1,0mM 2DG,1h,yes,MN,4.635568717063843,4.629577769403742,2.1448175258994917,2.2957666786155646
20260925_MN_92,vLH92_MN_60x-1xzoom_0006_XY36_488.tif,2,0mM 2DG,1h,yes,MN,4.951411449502336,4.657248992504757,2.290953861980201,2.30948859346743
20260925_MN_92,vLH92_MN_60x-1xzoom_0006_XY36_488.tif,3,0mM 2DG,1h,yes,MN,1.871414433057148,2.319227566230433,0.8658791874807089,1.1500844422285723
20260925_MN_92,vLH92_MN_60x-1xzoom_0006_XY36_488.tif,4,0mM 2DG,1h,yes,MN,2.6830408502401344,2.740289960975476,1.2414082045890333,1.3588855605211034
20260925_MN_92,vLH92_MN_60x-1xzoom_0006_XY36_488.tif,5,0mM 2DG,1h,yes,MN,2.612904282429396,3.4624335000900164,1.208956924276185,1.7169901559840717
20260925_MN_92,vLH92_MN_60x-1xzoom_0006_XY36_488.tif,6,0mM 2DG,1h,yes,MN,3.8417520127487057,3.73247934306043,1.7775288319578997,1.8509035016216315
20260925_MN_92,vLH92_MN_60x-1xzoom_0006_XY36_488.tif,7,0mM 2DG,1h,yes,MN,4.792808171879057,4.612129702001603,2.2175701823770266,2.287114336276097
20260925_MN_92,vLH92_MN_60x-1xzoom_0006_XY36_488.tif,8,0mM 2DG,1h,yes,MN,3.8281131973670006,3.551943419324584,1.7712183289649213,1.761377333437353
20260925_MN_92,vLH92_MN_60x-1xzoom_0006_XY36_488.tif,9,0mM 2DG,1h,yes,MN,3.1229241313688463,2.9253484276076813,1.4449364938455511,1.450654417736915
20260925_MN_92,vLH92_MN_60x-1xzoom_0006_XY36_488.tif,10,0mM 2DG,1h,yes,MN,3.51871024073843,3.0557873468933043,1.628061593632906,1.5153379243991492
20260925_MN_92,vLH92_MN_60x-1xzoom_0006_XY36_488.tif,11,0mM 2DG,1h,yes,MN,1.78639971365426,1.7722613527980118,0.8265439793834732,0.8788487335586631
20260925_MN_92,vLH92_MN_60x-1xzoom_0006_XY36_488.tif,12,0mM 2DG,1h,yes,MN,2.830461268281974,2.869973709931203,1.3096177200963002,1.423194584894367
20260925_MN_92,vLH92_MN_60x-1xzoom_0006_XY36_488.tif,13,0mM 2DG,1h,yes,MN,2.5104158301344337,2.4380629565206355,1.161536846589626,1.2090138614666597
20260925_MN_92,vLH92_MN_60x-1xzoom_0006_XY36_488.tif,14,0mM 2DG,1h,yes,MN,1.86795907550473,1.7997491076921808,0.8642804383543299,0.8924796681490788
20260925_MN_92,vLH92_MN_60x-1xzoom_0006_XY36_488.tif,15,0mM 2DG,1h,yes,MN,3.3335062616123348,3.0438922993129003,1.5423701144334396,1.509439275486474
20260925_MN_92,vLH92_MN_60x-1xzoom_0006_XY36_488.tif,16,0mM 2DG,1h,yes,MN,2.5476965960218747,2.651861788457257,1.1787861734650966,1.3150348116990696
20260925_MN_92,vLH92_MN_60x-1xzoom_0006_XY36_488.tif,17,0mM 2DG,1h,yes,MN,6.201360215841601,5.867443614586178,2.8692889453653927,2.909613405361909
20260925_MN_92,vLH92_MN_60x-1xzoom_0006_XY36_488.tif,18,0mM 2DG,1h,yes,MN,8.400411918937726,8.321900896046099,3.8867616485091734,4.126757067598469
20260925_MN_92,vLH92_MN_60x-1xzoom_0006_XY36_488.tif,19,0mM 2DG,1h,yes,MN,2.3190053841513816,2.022714418830209,1.0729737156681793,1.0030461943624969
20260925_MN_92,vLH92_MN_60x-1xzoom_0006_XY36_488.tif,20,0mM 2DG,1h,yes,MN,2.7200143262674765,2.6548384481949943,1.258515352431531,1.3165109109417772
20260925_MN_92,vLH92_MN_60x-1xzoom_0006_XY36_488.tif,21,0mM 2DG,1h,yes,MN,3.419911451157689,3.5033755675449423,1.5823486750323483,1.7372929652030547
20260925_MN_92,vLH92_MN_60x-1xzoom_0006_XY36_488.tif,22,0mM 2DG,1h,yes,MN,5.3268680217578,4.940513575241159,2.464672748602107,2.449956995267694
20260925_MN_92,vLH92_MN_60x-1xzoom_0006_XY36_488.tif,23,0mM 2DG,1h,yes,MN,3.940844197848052,3.748016426516936,1.8233775008598188,1.8586082039204135
20260925_MN_92,vLH92_MN_60x-1xzoom_0006_XY36_488.tif,24,0mM 2DG,1h,yes,MN,4.318225699276589,4.101966769013323,1.9979870272453688,2.0341290489439174
20260925_MN_92,vLH92_MN_60x-1xzoom_0006_XY36_488.tif,25,0mM 2DG,1h,yes,MN,4.257556611403154,4.439213158061764,1.9699162271141393,2.20136655115798
20260925_MN_92,vLH92_MN_60x-1xzoom_0006_XY36_488.tif,26,0mM 2DG,1h,yes,MN,2.9122073289332566,2.7366883472500465,1.3474405621809642,1.3570995521220803
20260925_MN_92,vLH92_MN_60x-1xzoom_0006_XY36_488.tif,27,0mM 2DG,1h,yes,MN,3.9156764445678,3.9211572914869888,1.811732707821956,1.9444672278538464
20260925_MN_92,vLH92_MN_60x-1xzoom_0007_XY1_488.tif,1,0mM 2DG,1h,yes,non-MN,4.481701433445742,4.354464648394739,0.6553715461761963,0.6577149986982352
20260925_MN_92,vLH92_MN_60x-1xzoom_0007_XY1_488.tif,2,0mM 2DG,1h,yes,non-MN,4.209505902805664,4.021426453684153,0.6155676439245722,0.6074116357162243
20260925_MN_92,vLH92_MN_60x-1xzoom_0007_XY1_488.tif,3,0mM 2DG,1h,yes,non-MN,3.786697247706423,3.612478473552029,0.5537391695953434,0.5456425683477703
20260925_MN_92,vLH92_MN_60x-1xzoom_0007_XY1_488.tif,4,0mM 2DG,1h,yes,non-MN,4.297205893435828,4.276182848581798,0.6283922551380725,0.6458910161838647
20260925_MN_92,vLH92_MN_60x-1xzoom_0007_XY1_488.tif,5,0mM 2DG,1h,yes,non-MN,4.3744978357751405,4.297114738460252,0.6396948687793678,0.6490526489070134
20260925_MN_92,vLH92_MN_60x-1xzoom_0007_XY1_488.tif,6,0mM 2DG,1h,yes,non-MN,4.303360958325303,4.251394898998483,0.6292923272319711,0.6421469494513602
20260925_MN_92,vLH92_MN_60x-1xzoom_0007_XY1_488.tif,7,0mM 2DG,1h,yes,non-MN,4.086345230010815,4.01025125147223,0.5975575194760092,0.6057236904228855
20260925_MN_92,vLH92_MN_60x-1xzoom_0007_XY1_488.tif,8,0mM 2DG,1h,yes,non-MN,3.9644928036989806,3.7664289419998647,0.5797387035144317,0.5688958360467257
20260925_MN_92,vLH92_MN_60x-1xzoom_0007_XY1_488.tif,9,0mM 2DG,1h,yes,non-MN,3.7631327539745816,3.59174790393312,0.5502932687647693,0.5425113438067831
20260925_MN_92,vLH92_MN_60x-1xzoom_0007_XY1_488.tif,10,0mM 2DG,1h,yes,non-MN,4.096320328268086,4.056725597153398,0.5990162055721736,0.6127433533843151
20260925_MN_92,vLH92_MN_60x-1xzoom_0007_XY1_488.tif,11,0mM 2DG,1h,yes,non-MN,3.913211125723539,3.8624045022419113,0.5722396424804986,0.5833923518246023
20260925_MN_92,vLH92_MN_60x-1xzoom_0007_XY1_488.tif,12,0mM 2DG,1h,yes,non-MN,4.3596895205563015,4.1424356745982704,0.6375294080530441,0.6256893313694301
20260925_MN_92,vLH92_MN_60x-1xzoom_0007_XY1_488.tif,13,0mM 2DG,1h,yes,non-MN,4.050904766346424,3.906214336365276,0.5923749628479396,0.5900095567671297
20260925_MN_92,vLH92_MN_60x-1xzoom_0007_XY1_488.tif,14,0mM 2DG,1h,yes,non-MN,4.320757027658453,4.282531140577903,0.631836202370813,0.6468498864926393
20260925_MN_92,vLH92_MN_60x-1xzoom_0007_XY1_488.tif,15,0mM 2DG,1h,yes,non-MN,4.04846413154357,3.9783015341078536,0.5920180620975993,0.6008978828870576
20260925_MN_92,vLH92_MN_60x-1xzoom_0007_XY1_488.tif,16,0mM 2DG,1h,yes,non-MN,4.180037885373867,3.991759161642279,0.6112584545611532,0.60293057443263
20260925_MN_92,vLH92_MN_60x-1xzoom_0007_XY1_488.tif,17,0mM 2DG,1h,yes,non-MN,4.41437652907828,4.2978701936564985,0.6455264399533249,0.649166755749883
20260925_MN_92,vLH92_MN_60x-1xzoom_0007_XY1_488.tif,18,0mM 2DG,1h,yes,non-MN,3.7012068737413086,3.724415285024321,0.5412376767135159,0.5625499325719634
20260925_MN_92,vLH92_MN_60x-1xzoom_0007_XY1_488.tif,19,0mM 2DG,1h,yes,non-MN,2.89890404831134,2.57601650813116,0.4239147244794344,0.3890913880577057
20260925_MN_92,vLH92_MN_60x-1xzoom_0007_XY1_488.tif,20,0mM 2DG,1h,yes,non-MN,3.929794162921479,3.855290342249337,0.5746646256905817,0.5823178018837778
20260925_MN_92,vLH92_MN_60x-1xzoom_0007_XY1_488.tif,21,0mM 2DG,1h,yes,non-MN,4.148657889497693,4.062969230010514,0.6066696713229626,0.6136864155763583
20260925_MN_92,vLH92_MN_60x-1xzoom_0007_XY1_488.tif,22,0mM 2DG,1h,yes,non-MN,4.041797802440506,3.993990414112461,0.5910432264293886,0.6032675913414851
20260925_MN_92,vLH92_MN_60x-1xzoom_0007_XY3_488.tif,1,0mM 2DG,1h,yes,non-MN,5.583139010953279,5.609930708143988,0.8164377972211004,0.8473453952058891
20260925_MN_92,vLH92_MN_60x-1xzoom_0007_XY3_488.tif,2,0mM 2DG,1h,yes,non-MN,5.45803605522841,5.4182636659855445,0.7981436473893517,0.8183952719271967
20260925_MN_92,vLH92_MN_60x-1xzoom_0007_XY3_488.tif,3,0mM 2DG,1h,yes,non-MN,5.29505313717333,5.21390326288103,0.7743102063196412,0.7875278948521741
20260925_MN_92,vLH92_MN_60x-1xzoom_0007_XY3_488.tif,4,0mM 2DG,1h,yes,non-MN,5.533667725421838,5.576050565116219,0.8092034748612691,0.8422280087929302
20260925_MN_92,vLH92_MN_60x-1xzoom_0007_XY3_488.tif,5,0mM 2DG,1h,yes,non-MN,6.216271814619302,6.171251062993012,0.9090225511667572,0.9321293689591079
20260925_MN_92,vLH92_MN_60x-1xzoom_0007_XY3_488.tif,6,0mM 2DG,1h,yes,non-MN,5.3503076879179,5.370581885384722,0.7823902314825174,0.8111932333764048
20260925_MN_92,vLH92_MN_60x-1xzoom_0007_XY3_488.tif,7,0mM 2DG,1h,yes,non-MN,5.909091594478245,5.893680767928521,0.8641027413984822,0.890204089734643
20260925_MN_92,vLH92_MN_60x-1xzoom_0007_XY3_488.tif,8,0mM 2DG,1h,yes,non-MN,5.869838836775009,5.852267287808811,0.8583627025115386,0.88394883926819
20260925_MN_92,vLH92_MN_60x-1xzoom_0007_XY3_488.tif,9,0mM 2DG,1h,yes,non-MN,5.743557077816299,5.726349637176939,0.8398961730357032,0.8649297556129909
20260925_MN_92,vLH92_MN_60x-1xzoom_0007_XY3_488.tif,10,0mM 2DG,1h,yes,non-MN,6.3906822631658216,6.3774632732636505,0.9345270714991915,0.9632764500726755
20260925_MN_92,vLH92_MN_60x-1xzoom_0007_XY4_488.tif,1,0mM 2DG,1h,yes,non-MN,6.485546999513479,6.478765975572754,0.948399403215399,0.9785775977675872
20260925_MN_92,vLH92_MN_60x-1xzoom_0007_XY4_488.tif,2,0mM 2DG,1h,yes,non-MN,7.392351206304694,7.334641751393002,1.0810038803117048,1.1078523491396037
20260925_MN_92,vLH92_MN_60x-1xzoom_0007_XY4_488.tif,3,0mM 2DG,1h,yes,non-MN,8.451402280699089,8.391048297596468,1.235871836245972,1.2674160352099824
20260925_MN_92,vLH92_MN_60x-1xzoom_0007_XY4_488.tif,4,0mM 2DG,1h,yes,non-MN,8.08885912729311,8.307210578664096,1.1828561522403125,1.254752865417389
20260925_MN_92,vLH92_MN_60x-1xzoom_0007_XY4_488.tif,5,0mM 2DG,1h,yes,non-MN,6.3635538689985145,6.36202710585056,0.9305600116906054,0.9609449122948341
20260925_MN_92,vLH92_MN_60x-1xzoom_0007_XY5_488.tif,1,0mM 2DG,1h,yes,non-MN,7.221461660789601,7.192752509437072,1.0560142313284469,1.0864208552307622
20260925_MN_92,vLH92_MN_60x-1xzoom_0007_XY5_488.tif,2,0mM 2DG,1h,yes,non-MN,7.557435632997159,7.577122953349475,1.1051446307784019,1.1444776375060948
20260925_MN_92,vLH92_MN_60x-1xzoom_0007_XY5_488.tif,3,0mM 2DG,1h,yes,non-MN,7.841311655058322,7.863059556055625,1.1466566034663133,1.1876665958424504
20260925_MN_92,vLH92_MN_60x-1xzoom_0007_XY5_488.tif,4,0mM 2DG,1h,yes,non-MN,7.634500842118703,7.5178469808129424,1.11641408859669,1.135524367851219
20260925_MN_92,vLH92_MN_60x-1xzoom_0007_XY5_488.tif,5,0mM 2DG,1h,yes,non-MN,7.345678898063465,7.396122481575607,1.0741788601112519,1.1171386338237441
20260925_MN_92,vLH92_MN_60x-1xzoom_0007_XY5_488.tif,6,0mM 2DG,1h,yes,non-MN,7.474834302914532,7.290905838410726,1.093065610741844,1.101246309529015
20260925_MN_92,vLH92_MN_60x-1xzoom_0007_XY5_488.tif,7,0mM 2DG,1h,yes,non-MN,7.67878527761494,7.61899343783631,1.1228899235878653,1.1508019156604496
20260925_MN_92,vLH92_MN_60x-1xzoom_0007_XY5_488.tif,8,0mM 2DG,1h,yes,non-MN,8.740306264032897,8.539129765670701,1.2781190615611056,1.2897828266403781
20260925_MN_92,vLH92_MN_60x-1xzoom_0007_XY5_488.tif,9,0mM 2DG,1h,yes,non-MN,8.785946239789423,8.687955651704364,1.2847931209385954,1.3122620578071713
20260925_MN_92,vLH92_MN_60x-1xzoom_0007_XY5_488.tif,10,0mM 2DG,1h,yes,non-MN,8.048572260718663,7.442713096686712,1.1769648927645133,1.1241758585646653
20260925_MN_92,vLH92_MN_60x-1xzoom_0007_XY5_488.tif,11,0mM 2DG,1h,yes,non-MN,7.923345632995561,7.871897185162263,1.1586526580357888,1.1890014651514733
20260925_MN_92,vLH92_MN_60x-1xzoom_0007_XY5_488.tif,12,0mM 2DG,1h,yes,non-MN,7.334107823897508,7.157804033350024,1.0724867900615895,1.0811421037055724
20260925_MN_92,vLH92_MN_60x-1xzoom_0007_XY5_488.tif,13,0mM 2DG,1h,yes,non-MN,7.424467233522215,7.332934373404225,1.0857002954404567,1.1075944602365257
20260925_MN_92,vLH92_MN_60x-1xzoom_0007_XY5_488.tif,14,0mM 2DG,1h,yes,non-MN,7.2317316178812225,7.175308437030664,1.057516035444194,1.0837860358013973
20260925_MN_92,vLH92_MN_60x-1xzoom_0007_XY5_488.tif,15,0mM 2DG,1h,yes,non-MN,7.450292278134325,7.35468639967217,1.0894767628533015,1.1108799694974127
20260925_MN_92,vLH92_MN_60x-1xzoom_0007_XY5_488.tif,16,0mM 2DG,1h,yes,non-MN,6.913268973549402,6.883890650090465,1.0109463657072615,1.0397691784298089
20260925_MN_92,vLH92_MN_60x-1xzoom_0007_XY5_488.tif,17,0mM 2DG,1h,yes,non-MN,6.581634084744177,6.336107101227098,0.9624504823759288,0.9570298556383372
20260925_MN_92,vLH92_MN_60x-1xzoom_0007_XY5_488.tif,18,0mM 2DG,1h,yes,non-MN,7.937201749734888,7.804886097528426,1.1606788761554703,1.1788798541212622
20260925_MN_92,vLH92_MN_60x-1xzoom_0007_XY5_488.tif,19,0mM 2DG,1h,yes,non-MN,7.666119191475991,7.493673757287175,1.1210377269210068,1.1318731516941092
20260925_MN_92,vLH92_MN_60x-1xzoom_0007_XY5_488.tif,20,0mM 2DG,1h,yes,non-MN,8.004569238109871,7.839997836229513,1.170530209555066,1.1841832654562447
20260925_MN_92,vLH92_MN_60x-1xzoom_0007_XY6_488.tif,1,0mM 2DG,1h,yes,non-MN,6.935481471840543,6.920476784550418,1.0141945605202543,1.0452952881405795
20260925_MN_92,vLH92_MN_60x-1xzoom_0007_XY6_488.tif,2,0mM 2DG,1h,yes,non-MN,7.285742847221491,7.037493750918486,1.0654142462931915,1.0629699783945967
20260925_MN_92,vLH92_MN_60x-1xzoom_0007_XY6_488.tif,3,0mM 2DG,1h,yes,non-MN,6.547022969977835,6.565929731746453,0.9573892037217951,0.9917431449490189
20260925_MN_92,vLH92_MN_60x-1xzoom_0007_XY6_488.tif,4,0mM 2DG,1h,yes,non-MN,6.4495412844036695,6.350185091159149,0.9431341883113902,0.9591562490936719
20260925_MN_92,vLH92_MN_60x-1xzoom_0007_XY6_488.tif,5,0mM 2DG,1h,yes,non-MN,6.0336736892705,6.00567829012501,0.88232072430126,0.9071206239388706
20260925_MN_92,vLH92_MN_60x-1xzoom_0007_XY6_488.tif,6,0mM 2DG,1h,yes,non-MN,6.8691939253374565,6.774199241338198,1.0045011499954588,1.0232009684223395
20260925_MN_92,vLH92_MN_60x-1xzoom_0007_XY6_488.tif,7,0mM 2DG,1h,yes,non-MN,7.023111997541409,6.881678819594204,1.027009013685791,1.0394350950901943
20260925_MN_92,vLH92_MN_60x-1xzoom_0007_XY6_488.tif,8,0mM 2DG,1h,yes,non-MN,6.557441712448077,6.54688900439327,0.9589127651333111,0.9888671606484164
20260925_MN_92,vLH92_MN_60x-1xzoom_0007_XY6_488.tif,9,0mM 2DG,1h,yes,non-MN,5.616345471542974,5.5231120829730775,0.8212936694256385,0.834231977931433
20260925_MN_92,vLH92_MN_60x-1xzoom_0007_XY6_488.tif,10,0mM 2DG,1h,yes,non-MN,6.634519839379295,6.583002486029989,0.9701841119584921,0.9943218790686106
20260925_MN_92,vLH92_MN_60x-1xzoom_0007_XY6_488.tif,11,0mM 2DG,1h,yes,non-MN,4.598368160587833,4.511294610592264,0.6724320430633444,0.6814031961487795
20260925_MN_92,vLH92_MN_60x-1xzoom_0007_XY6_488.tif,12,0mM 2DG,1h,yes,non-MN,6.961724282468176,6.805890521195177,1.0180321190083526,1.0279877405683855
20260925_MN_92,vLH92_MN_60x-1xzoom_0007_XY6_488.tif,13,0mM 2DG,1h,yes,non-MN,7.9761354969917795,7.865080697005963,1.1663722652660797,1.187971876703557
20260925_MN_92,vLH92_MN_60x-1xzoom_0007_XY6_488.tif,14,0mM 2DG,1h,yes,non-MN,4.716230319987563,4.3826074810241655,0.6896673513025365,0.6619657998002838
20260925_MN_92,vLH92_MN_60x-1xzoom_0007_XY6_488.tif,15,0mM 2DG,1h,yes,non-MN,6.968833189093258,6.902766289466095,1.0190716740067585,1.04262022721073
20260925_MN_92,vLH92_MN_60x-1xzoom_0007_XY6_488.tif,16,0mM 2DG,1h,yes,non-MN,7.288402312781895,7.2664189614838355,1.0658031472680127,1.097547717962304
20260925_MN_92,vLH92_MN_60x-1xzoom_0007_XY6_488.tif,17,0mM 2DG,1h,yes,non-MN,7.6269456192704865,7.517093125732267,1.1153092675475256,1.1354105026959265
20260925_MN_92,vLH92_MN_60x-1xzoom_0007_XY7_488.tif,1,0mM 2DG,1h,yes,non-MN,7.227991983488379,7.236940483647313,1.0569691784055075,1.0930951758986036
20260925_MN_92,vLH92_MN_60x-1xzoom_0007_XY7_488.tif,2,0mM 2DG,1h,yes,non-MN,7.431061806656102,7.363564300477346,1.0866646380356315,1.1122209215978442
20260925_MN_92,vLH92_MN_60x-1xzoom_0007_XY7_488.tif,3,0mM 2DG,1h,yes,non-MN,6.604814608548322,6.574378060954135,0.9658402342262694,0.993019212912019
20260925_MN_92,vLH92_MN_60x-1xzoom_0007_XY7_488.tif,4,0mM 2DG,1h,yes,non-MN,7.39055210833824,7.294343093405533,1.0807407932601674,1.1017654856728076
20260925_MN_92,vLH92_MN_60x-1xzoom_0007_XY7_488.tif,5,0mM 2DG,1h,yes,non-MN,6.664752884189129,6.4498732460022605,0.9746051733827916,0.9742135293627946
20260925_MN_92,vLH92_MN_60x-1xzoom_0007_XY7_488.tif,6,0mM 2DG,1h,yes,non-MN,6.948050375393557,6.871666174523068,1.016032545909867,1.037922746874816
20260925_MN_92,vLH92_MN_60x-1xzoom_0007_XY7_488.tif,7,0mM 2DG,1h,yes,non-MN,6.536538415836878,6.416653425979984,0.9558560184883816,0.9691958806626813
20260925_MN_92,vLH92_MN_60x-1xzoom_0007_XY7_488.tif,8,0mM 2DG,1h,yes,non-MN,6.91343534630327,6.878139165786683,1.01097069485336,1.0389004522379979
20260925_MN_92,vLH92_MN_60x-1xzoom_0007_XY7_488.tif,9,0mM 2DG,1h,yes,non-MN,6.838413201785295,6.6067549983608265,1.0,0.9979095493973882
20260925_MN_92,vLH92_MN_60x-1xzoom_0007_XY7_488.tif,10,0mM 2DG,1h,yes,non-MN,6.822165389060224,6.620595025220949,0.997624037588014,1.0
20260925_MN_92,vLH92_MN_60x-1xzoom_0007_XY7_488.tif,11,0mM 2DG,1h,yes,non-MN,6.92314669085283,6.75122274114013,1.012390811518294,1.0197305099347655
20260925_MN_92,vLH92_MN_60x-1xzoom_0007_XY7_488.tif,12,0mM 2DG,1h,yes,non-MN,4.989493249348169,4.788484458200303,0.7296273422093841,0.7232710111340026
20260925_MN_92,vLH92_MN_60x-1xzoom_0007_XY7_488.tif,13,0mM 2DG,1h,yes,non-MN,7.204609735523247,7.426966362332493,1.0535499278754243,1.1217974115679479
20260925_MN_92,vLH92_MN_60x-1xzoom_0007_XY7_488.tif,14,0mM 2DG,1h,yes,non-MN,6.45411890210827,6.346227819086768,0.9438035859581141,0.9585585275811332
20260925_MN_92,vLH92_MN_60x-1xzoom_0007_XY8_488.tif,1,0mM 2DG,1h,yes,non-MN,7.697297527223231,7.554671394218537,1.1255970208430384,1.1410864681254862
20260925_MN_92,vLH92_MN_60x-1xzoom_0007_XY8_488.tif,2,0mM 2DG,1h,yes,non-MN,8.21388737274259,8.180835063105693,1.2011393769826897,1.2356646240921034
20260925_MN_92,vLH92_MN_60x-1xzoom_0007_XY8_488.tif,3,0mM 2DG,1h,yes,non-MN,8.498988036791376,8.352464285968338,1.2428304324419233,1.2615881584887594
20260925_MN_92,vLH92_MN_60x-1xzoom_0007_XY8_488.tif,4,0mM 2DG,1h,yes,non-MN,8.187459374480373,8.128334015638123,1.1972747379966575,1.2277346650374308
20260925_MN_92,vLH92_MN_60x-1xzoom_0007_XY8_488.tif,5,0mM 2DG,1h,yes,non-MN,7.860980629349757,7.761952546610813,1.1495328517582852,1.172395006346393
20260925_MN_92,vLH92_MN_60x-1xzoom_0007_XY8_488.tif,6,0mM 2DG,1h,yes,non-MN,7.781454897675343,7.564515585094989,1.137903584949188,1.1425733723748703
20260925_MN_92,vLH92_MN_60x-1xzoom_0007_XY8_488.tif,7,0mM 2DG,1h,yes,non-MN,8.702368970704415,8.475957982010788,1.2725713866533392,1.2802411187698224
20260925_MN_92,vLH92_MN_60x-1xzoom_0007_XY8_488.tif,8,0mM 2DG,1h,yes,non-MN,8.671813996068822,8.657678799769617,1.2681032485438117,1.3076889262654583
20260925_MN_92,vLH92_MN_60x-1xzoom_0007_XY8_488.tif,9,0mM 2DG,1h,yes,non-MN,11.91075586884008,11.825035328196568,1.7417426407825949,1.7860985731870727
20260925_MN_92,vLH92_MN_60x-1xzoom_0007_XY8_488.tif,10,0mM 2DG,1h,yes,non-MN,10.564235900177389,10.280925649605834,1.5448373165604263,1.5528703402701676
20260925_MN_92,vLH92_MN_60x-1xzoom_0007_XY8_488.tif,11,0mM 2DG,1h,yes,non-MN,8.10376530922096,7.646771344499559,1.185035924285084,1.1549975969485256
20260925_MN_92,vLH92_MN_60x-1xzoom_0007_XY9_488.tif,1,0mM 2DG,1h,yes,non-MN,5.174757281553398,4.9593066289281245,0.7567190119781635,0.7490726452887998
20260925_MN_92,vLH92_MN_60x-1xzoom_0007_XY9_488.tif,2,0mM 2DG,1h,yes,non-MN,7.351152476980292,7.3675375802046466,1.074979276634108,1.11282106096782
