reporter,time_int,cell,cell_id,k,b,b/k,abs(1-b)/k,k_cov,b_cov,1-b,chi-sq,R-sq,lin_slope,lin_intercept,lin_r_sq,lin_pval,adj_k_0.70,adj_k_0.70_cond,adj_k_0.80,adj_k_0.80_cond
110,30s,MN,50mM 2DG_1h_yes_A_MN_0_1_0003,0.19252262842699044,1.3346426943560856,6.932393897074892,1.7381992812496365,[ 0.00036691 -0.00023292],[-0.00023292  0.00017566],0.3346426943560856,0.009541303419542442,0.9489912425714494,0.01892212984525887,1.0844467006873058,0.8722811241866268,4.8936287751788176e-14,0.19252262842699044,0.19252262842699044,0.19252262842699044,0.19252262842699044
110,30s,MN,50mM 2DG_1h_yes_A_MN_0_1_0004,0.2719300549915571,1.2737557313467316,4.684130010514209,1.0067137718750183,[ 0.00057889 -0.00015101],[-1.51012076e-04  5.68072492e-05],0.2737557313467316,0.007666471115016513,0.9445055569155949,0.0150418296596048,1.0949423149773458,0.772415600015546,1.6841518116904912e-10,0.2719300549915571,0.2719300549915571,0.2719300549915571,0.2719300549915571
110,30s,MN,50mM 2DG_1h_yes_A_MN_0_1_0009,3.8166877541444024,1.0008083600146165,0.2622190822206703,0.00021179621354634366,[ 1.20438215e+05 -3.08110668e-01],[-3.08110668e-01  1.64919558e-05],0.0008083600146164827,0.012598046560397924,0.0008825551897777562,-0.0024702957182519626,1.0184129620197255,0.27170786829440696,0.003139486963920361,0.0,0.0,0.0,0.0
110,30s,MN,50mM 2DG_1h_yes_A_MN_0_1_0010,0.14133953597406,1.4349346757775123,10.152394132954177,3.0772329396732685,[ 0.00027168 -0.0003913 ],[-0.0003913   0.00061207],0.4349346757775123,0.012478974217640939,0.9570411819089372,0.02440233170713723,1.0718609341598022,0.9060825965359302,6.499152401185293e-16,0.14133953597406,0.14133953597406,0.14133953597406,0.14133953597406
110,30s,MN,50mM 2DG_1h_yes_A_MN_0_1_0011,0.25827540831976065,1.242864366520106,4.8121668826532815,0.9403309749855285,[ 0.00075456 -0.0001943 ],[-1.94303798e-04  6.95607981e-05],0.242864366520106,0.008336480021472097,0.9321719731948152,0.013861869112994588,1.0763302282174327,0.7349115524028225,1.4579892750063904e-09,0.25827540831976065,0.25827540831976065,0.25827540831976065,0.25827540831976065
110,30s,MN,50mM 2DG_1h_yes_A_MN_0_1_0012,0.19017488253697545,1.283488446736539,6.748990348328424,1.490672390353236,[ 0.00081499 -0.00044858],[-0.00044858  0.00029191],0.28348844673653906,0.015862005456210956,0.8849259860202091,0.015842074847494815,1.0729891912684981,0.8597412805070102,1.8280406536049626e-13,0.19017488253697545,0.19017488253697545,0.19017488253697545,0.19017488253697545
110,30s,MN,50mM 2DG_1h_yes_A_MN_0_1_0014,29.947113966048686,1.0200286795554325,0.0340610010270722,0.000668801660759004,[ 7.84154679e+13 -8.07272201e+03],[-8.07272201e+03  2.41010811e-05],0.020028679555432527,0.018525628793607078,0.003101128101442807,-0.0032402074652442916,1.0431337319398373,0.3112317271071443,0.0013588254110323097,0.0,0.0,0.0,0.0
110,30s,MN,50mM 2DG_1h_yes_A_MN_0_1_0015,28.532797001018324,1.026008333667714,0.03595891190166516,0.0009115241547046968,[ 9.94778867e+12 -2.86631583e+03],[-2.86631583e+03  2.39508023e-05],0.026008333667713934,0.018307459601459325,-0.006914652874872251,-0.003825698626547315,1.0533914098115817,0.4409788400372065,6.301584761134535e-05,0.0,0.0,0.0,0.0
110,30s,MN,50mM 2DG_1h_yes_A_MN_0_1_0016,0.18173746135891986,1.269809514166819,6.9870543182014995,1.4846114397623424,[ 0.00053004 -0.00030231],[-0.00030231  0.00020045],0.2698095141668191,0.009822246625380188,0.9222138835722409,0.015099869378329444,1.0655536137051043,0.8773671978018326,2.7630237542136737e-14,0.18173746135891986,0.18173746135891986,0.18173746135891986,0.18173746135891986
110,30s,MN,50mM 2DG_1h_yes_A_MN_0_1_0019,0.175438696934508,1.3659327675903281,7.785812317679471,2.085815581079768,[ 0.00032517 -0.0002685 ],[-0.0002685   0.00025466],0.3659327675903281,0.010361694523933703,0.9510092448800221,0.02068475106446784,1.083371541135516,0.9063269302623304,6.265617374288385e-16,0.175438696934508,0.175438696934508,0.175438696934508,0.175438696934508
110,30s,MN,50mM 2DG_1h_yes_A_MN_0_2_0002,0.20951387095355686,1.2506589076523584,5.969337027473437,1.196383354054502,[ 0.00063514 -0.00025673],[-0.00025673  0.00012791],0.25065890765235843,0.009164444211902736,0.9236719089142517,0.01454448297572419,1.0654883932011552,0.8369550581009745,1.5228491371796146e-12,0.20951387095355686,0.20951387095355686,0.20951387095355686,0.20951387095355686
110,30s,MN,50mM 2DG_1h_yes_A_MN_0_2_0005,0.10422430647946489,1.424320157469489,13.66591158608592,4.071220733458102,[ 0.00016491 -0.00038047],[-0.00038047  0.00091304],0.42432015746948903,0.006890457319307483,0.9689001778725037,0.021421574066168875,1.0506169462205943,0.9528460131431036,4.1069275440824535e-20,0.10422430647946489,0.10422430647946489,0.10422430647946489,0.10422430647946489
110,30s,MN,50mM 2DG_1h_yes_A_MN_0_2_0007,0.16492436491581447,1.3459836075436595,8.161217466144047,2.0978319832868033,[ 0.00027416 -0.00023953],[-0.00023953  0.00023588],0.34598360754365953,0.008115276789429872,0.9600559526208433,0.01987408169124311,1.069089363123564,0.8886035428973748,7.153720353572285e-15,0.16492436491581447,0.16492436491581447,0.16492436491581447,0.16492436491581447
110,30s,MN,50mM 2DG_1h_yes_A_MN_0_2_0009,0.20421780130706868,1.3120426181305678,6.424722084622471,1.5279893140234633,[ 0.00060073 -0.00031767],[-0.00031767  0.00020462],0.3120426181305678,0.013212167336606571,0.9212495217724511,0.0176881687240591,1.0835388346878656,0.8562078224231555,2.5947041269104584e-13,0.20421780130706868,0.20421780130706868,0.20421780130706868,0.20421780130706868
110,30s,MN,50mM 2DG_1h_yes_A_MN_0_3_0005,0.21121826787734574,1.3017558982552595,6.1630838626665945,1.428644886106579,[ 0.00056115 -0.00026879],[-0.00026879  0.00015931],0.3017558982552595,0.011568470042811066,0.9286022110580078,0.01699960136909044,1.0840368283468476,0.8401324344010525,1.1540910281111985e-12,0.21121826787734574,0.21121826787734574,0.21121826787734574,0.21121826787734574
110,30s,MN,50mM 2DG_1h_yes_A_MN_0_3_0007,0.13230928569308775,1.4528863270676855,10.980985343975663,3.4229368308905146,[ 0.00015014 -0.0002518 ],[-0.0002518   0.00045305],0.4528863270676855,0.0075894260516472115,0.9752869604218217,0.025061245732478234,1.068412383563694,0.9231014090067445,3.922099262409028e-17,0.13230928569308775,0.13230928569308775,0.13230928569308775,0.13230928569308775
110,30s,MN,50mM 2DG_1h_yes_A_MN_0_3_0012,5.689237640794009e-05,-31.32325279565037,-550570.3008615894,568147.3483174668,[1.1140686e-02 6.3275528e+03],[6.32755280e+03 3.59384735e+09],32.32325279565037,0.004669950140919012,0.3635484958658921,-0.0022059483428157655,1.0036144575769894,0.3777792939094436,0.00030180412482461795,0.0,0.0,0.0,0.0
110,30s,MN,50mM 2DG_1h_yes_A_MN_0_3_0014,0.2142879971177495,1.277348948771779,5.9608982581972905,1.2942813060097718,[ 0.00042352 -0.00018127],[-1.81273279e-04  9.66809755e-05],0.27734894877177907,0.007443062752991982,0.9470529711705855,0.015779469867513076,1.0768061958924828,0.8509607792135359,4.2976933230355907e-13,0.2142879971177495,0.2142879971177495,0.2142879971177495,0.2142879971177495
110,30s,MN,50mM 2DG_1h_yes_A_MN_0_3_0015,0.12315139501586723,1.4083635634075173,11.43603418561405,3.3159475242233545,[ 0.00021697 -0.00036942],[-0.00036942  0.00066729],0.40836356340751734,0.009154803810694397,0.9609526775600858,0.021624657514001475,1.0617544724386687,0.9379759421287518,1.9198991950764578e-18,0.12315139501586723,0.12315139501586723,0.12315139501586723,0.12315139501586723
110,30s,MN,50mM 2DG_1h_yes_A_MN_0_3_0019,0.17657874579588984,1.475160950557932,8.354125202945397,2.6909294684150606,[ 0.00017264 -0.00018291],[-0.00018291  0.00022307],0.47516095055793195,0.009170570004140026,0.9746275123414655,0.027101968728376943,1.1062658025713354,0.902269518735128,1.1367932209604461e-15,0.17657874579588984,0.17657874579588984,0.17657874579588984,0.17657874579588984
110,30s,MN,50mM 2DG_1h_yes_A_MN_0_4_0007,3.636388289560469,1.0116645238396218,0.2782058579233578,0.0032077223087283928,[ 5.96807996e+02 -2.47356554e-02],[-2.47356554e-02  2.07663613e-05],0.011664523839621799,0.01565363124753079,-0.01148924712171362,-0.002720484841870034,1.0313804732516014,0.26570355162592,0.0035543225394919216,0.0,0.0,0.0,0.0
110,30s,MN,50mM 2DG_1h_yes_A_MN_0_4_0008,0.13320716395361165,1.4360101791000608,10.78027740009644,3.273173650419417,[ 0.00013817 -0.00022056],[-0.00022056  0.00037819],0.4360101791000608,0.006216121524410718,0.9771388503383225,0.024171261579649578,1.06655745138336,0.9304495783280369,9.577642540225813e-18,0.13320716395361165,0.13320716395361165,0.13320716395361165,0.13320716395361165
110,30s,MN,50mM 2DG_1h_yes_A_MN_0_4_0011,0.32966677907412606,1.150412792531233,3.4896230544132596,0.45625705129788807,[ 0.00186623 -0.00017767],[-1.77672448e-04  2.86509739e-05],0.15041279253123307,0.006034262061378593,0.8635161797235509,0.007602709358361684,1.063347789255965,0.6582227615258128,5.376076377752624e-08,0.32966677907412606,0.32966677907412606,0.32966677907412606,0.32966677907412606
110,30s,MN,50mM 2DG_1h_yes_A_MN_0_4_0013,0.2413907126211102,1.1960152382948506,4.954686223459354,0.8120247716510887,[ 0.00084198 -0.00020091],[-2.00906078e-04  6.37938994e-05],0.19601523829485057,0.006816418795875315,0.9082172055349712,0.010948580936254804,1.0616719269545594,0.7938917954576223,4.1519461090291496e-11,0.2413907126211102,0.2413907126211102,0.2413907126211102,0.2413907126211102
110,30s,MN,50mM 2DG_1h_yes_A_MN_0_4_0014,0.1751242557838102,1.2634038509623755,7.214328165494332,1.504096904129294,[ 0.00049549 -0.00029547],[-0.00029547  0.00020227],0.2634038509623755,0.008768647923990836,0.931030867216305,0.01506222490757011,1.0578350011813815,0.8563726691097553,2.5531411187310923e-13,0.1751242557838102,0.1751242557838102,0.1751242557838102,0.1751242557838102
110,30s,MN,50mM 2DG_1h_yes_A_MN_0_5_0007,0.1331256056274398,1.4968458397166464,11.243861259160477,3.7321583430546044,[ 0.00018161 -0.00033071],[-0.00033071  0.00064677],0.4968458397166464,0.010622240204353135,0.9683283699975086,0.026964148471811146,1.0815646695040693,0.9399075564084274,1.2316824298398701e-18,0.1331256056274398,0.1331256056274398,0.1331256056274398,0.1331256056274398
110,30s,MN,50mM 2DG_1h_yes_A_MN_0_5_0008,23.62664878042565,1.0013863451920593,0.042383765657941885,5.8677182910842445e-05,[ 1.31843540e+13 -2.29385435e+03],[-2.29385435e+03  1.15738282e-05],0.0013863451920592684,0.009061347103251615,-0.0011962428478884402,-0.0026264231077178226,1.020531290997852,0.42765662686458317,8.880723430108594e-05,0.0,0.0,0.0,0.0
110,30s,MN,50mM 2DG_1h_yes_A_MN_0_5_0010,0.16116479043184156,1.375395810129584,8.534096104020032,2.3292668896457456,[ 0.0002154  -0.00021282],[-0.00021282  0.00023549],0.375395810129584,0.007453082600579387,0.9694900151705371,0.02184249217799033,1.0694093362050519,0.8819534755206991,1.6165467265821078e-14,0.16116479043184156,0.16116479043184156,0.16116479043184156,0.16116479043184156
110,30s,MN,50mM 2DG_1h_yes_A_MN_0_5_0011,0.25507750353971176,1.072741273054514,4.205550305958299,0.28517322008049734,[ 0.00589443 -0.00046642],[-4.66418688e-04  5.08800860e-05],0.07274127305451406,0.006689438306783329,0.5616049004662531,0.004021209542710915,1.0246062659238198,0.5624393700531665,1.8337045882600159e-06,0.0,0.0,0.0,0.0
110,30s,MN,50mM 2DG_1h_yes_A_MN_0_5_0012,0.19724703896522486,1.2284849645289553,6.228154151127917,1.1583695538731902,[ 0.00044429 -0.00018389],[-1.83892646e-04  9.13255787e-05],0.22848496452895528,0.0056552961205926485,0.9426037054521471,0.01308949491367667,1.057346496410741,0.8434351730067975,8.60057426815854e-13,0.19724703896522486,0.19724703896522486,0.19724703896522486,0.19724703896522486
110,30s,MN,50mM 2DG_1h_yes_A_MN_0_5_0014,0.13798213226205422,1.416168025673131,10.263416012325129,3.016100844729295,[ 0.00013376 -0.00019205],[-0.00019205  0.00029807],0.41616802567313105,0.00563596419079675,0.9780733683355516,0.023218415068302523,1.0668660614734455,0.9301026319597282,1.0270430499977165e-17,0.13798213226205422,0.13798213226205422,0.13798213226205422,0.13798213226205422
110,30s,MN,50mM 2DG_1h_yes_A_MN_0_5_0015,2.3308921367648776,1.0294156087568318,0.4416401739574238,0.012619892741008042,[ 6.74343669e+00 -1.89558310e-03],[-1.89558310e-03  7.49785954e-06],0.0294156087568318,0.005346391227609422,0.19716266192094822,0.0009333978260629579,1.0209526314749529,0.07145738040595116,0.1532712979264445,,,,
110,30s,MN,50mM 2DG_1h_yes_A_MN_0_5_0016,3.874821371416954e-05,-18.22849075507057,-470434.35058800486,496241.9918737841,[7.00283600e-02 3.47436666e+04],[3.47436666e+04 1.72376216e+10],19.22849075507057,0.005327317560824098,0.1336750086098628,-0.0014774732513981685,1.007203401429195,0.20054374487153442,0.013080083600653377,0.0,0.0,0.0,0.0
110,30s,MN,50mM 2DG_1h_yes_A_MN_0_5_0017,0.16459598308746295,1.2959453827314236,7.873493377069747,1.798010967097321,[ 0.00021597 -0.00016198],[-0.00016198  0.00013686],0.29594538273142357,0.004976279388626884,0.9656401930165421,0.016570065744607405,1.0632897576373428,0.9214683225338902,5.268009272920581e-17,0.16459598308746295,0.16459598308746295,0.16459598308746295,0.16459598308746295
110,30s,MN,50mM 2DG_1h_yes_A_MN_0_5_0018,3.1371750282184195e-05,-52.49697482853816,-1673383.676598715,1705259.4881490795,[5.99428811e-02 1.02200487e+05],[1.02200487e+05 1.74248207e+11],53.49697482853816,0.018919277937352215,0.18085867853936266,-0.0033117789035537895,1.0160652295470585,0.269972964374594,0.003254367046193905,0.0,0.0,0.0,0.0
110,30s,MN,50mM 2DG_1h_yes_A_MN_0_5_0019,0.4192737561488586,1.1617952162780318,2.7709705156588647,0.3858939747723876,[ 0.00232206 -0.00014051],[-1.40514840e-04  1.84291454e-05],0.16179521627803184,0.005469181408049846,0.8969471009321702,0.00769981171084368,1.077261008612468,0.5522877733494276,2.5486556008638048e-06,0.4192737561488586,0.4192737561488586,0.4192737561488586,0.4192737561488586
110,30s,MN,50mM 2DG_1h_yes_A_MN_0_5_0020,0.2233154107497896,1.2756586557656853,5.712362848056992,1.2343915488866233,[ 0.0003568  -0.00013993],[-1.39934429e-04  6.98510713e-05],0.27565865576568527,0.005982932928469743,0.9531445323397875,0.015309716741680785,1.082932084578227,0.8802547037445441,1.9762846351278396e-14,0.2233154107497896,0.2233154107497896,0.2233154107497896,0.2233154107497896
110,30s,MN,50mM 2DG_1h_yes_A_MN_0_5_0021,0.40167847451889166,1.1265801922804264,2.8046815145615707,0.3151281443000827,[ 0.00558982 -0.00029087],[-2.90870187e-04  3.13038659e-05],0.12658019228042638,0.008992155157889608,0.775109657981391,0.006689089185187291,1.0546230090779343,0.5661887212933787,1.6207498452128298e-06,0.40167847451889166,0.40167847451889166,0.0,0.0
110,30s,MN,50mM 2DG_1h_yes_A_MN_0_5_0022,0.25335872530167797,1.1968312127412473,4.723860255123098,0.776887444894102,[ 0.00075156 -0.00016317],[-1.63167557e-04  4.86170654e-05],0.19683121274124726,0.005769369661986107,0.9244417533359526,0.011136853528384552,1.0626844878971942,0.7905044565066235,5.2265869851333244e-11,0.25335872530167797,0.25335872530167797,0.25335872530167797,0.25335872530167797
110,30s,MN,50mM 2DG_1h_yes_A_MN_0_6_0003,0.21434511592037223,1.3438878483570413,6.26973860629643,1.6043652167227052,[ 0.0002037  -0.00010805],[-1.08046066e-04  7.14228203e-05],0.34388784835704134,0.005248028795988464,0.9741893319573511,0.019607930471107506,1.094698957722817,0.8664451318138584,9.175808738145556e-14,0.21434511592037223,0.21434511592037223,0.21434511592037223,0.21434511592037223
110,30s,MN,50mM 2DG_1h_yes_A_MN_0_6_0004,0.12802624443745045,1.3302808132098674,10.39068840185967,2.57978990683611,[ 0.00018301 -0.00023643],[-0.00023643  0.00032594],0.33028081320986735,0.005295074404107619,0.9665406838000321,0.017506292039722753,1.0540101974748233,0.9461513043459274,2.6432379204684185e-19,0.12802624443745045,0.12802624443745045,0.12802624443745045,0.12802624443745045
110,30s,MN,50mM 2DG_1h_yes_A_MN_0_6_0005,0.1756696650523189,1.3573462873986508,7.726697076552167,2.034194619157633,[ 0.00020769 -0.00016707],[-0.00016707  0.00015443],0.3573462873986508,0.006616812017592246,0.9687213163664622,0.020184320169942163,1.0813348786018937,0.905032534693891,7.597890829008774e-16,0.1756696650523189,0.1756696650523189,0.1756696650523189,0.1756696650523189
110,30s,MN,50mM 2DG_1h_yes_A_MN_0_6_0006,0.17193260474486835,1.337708157769885,7.780421635296673,1.964189155809114,[ 0.00027432 -0.00021692],[-0.00021692  0.00019576],0.33770815776988505,0.007701277177026894,0.9625638429069088,0.019642260581078843,1.0688264166030002,0.8633008893680816,1.2730864088769062e-13,0.17193260474486835,0.17193260474486835,0.17193260474486835,0.17193260474486835
110,30s,MN,50mM 2DG_1h_yes_A_MN_0_6_0007,0.3972260043845664,1.1031489140206463,2.777131662691083,0.2596731152595557,[ 0.00677488 -0.00029442],[-2.94415523e-04  2.61458941e-05],0.1031489140206463,0.0075305675912527665,0.7297114623279628,0.004998852666823408,1.04775044085621,0.4619201664518396,3.618251203100014e-05,0.3972260043845664,0.3972260043845664,0.0,0.0
110,30s,MN,50mM 2DG_1h_yes_A_MN_0_6_0009,0.23307492367628732,1.2642234133161252,5.424107378758504,1.1336415310087127,[ 0.00051159 -0.00017659],[-1.76594360e-04  7.94487679e-05],0.2642234133161252,0.007526390954957593,0.9443184194353229,0.015070285596397759,1.0776693448862278,0.7990656883748185,2.8998685167046647e-11,0.23307492367628732,0.23307492367628732,0.23307492367628732,0.23307492367628732
110,30s,MN,50mM 2DG_1h_yes_A_MN_0_6_0011,0.16121145956855523,1.361787029971387,8.447209854782603,2.2441768776216366,[ 0.0002432  -0.00023145],[-0.00023145  0.00024671],0.361787029971387,0.007917228511298478,0.9608002258348847,0.02020197594782688,1.0757458497572097,0.9243980980838759,3.089130342474338e-17,0.16121145956855523,0.16121145956855523,0.16121145956855523,0.16121145956855523
110,30s,MN,50mM 2DG_1h_yes_A_MN_0_6_0017,0.19048220785016123,1.2014943643057412,6.307646146410016,1.0578119950407254,[ 0.0009452  -0.00036865],[-0.00036865  0.0001701 ],0.2014943643057412,0.009820538619468753,0.8784054299616997,0.01147921186385773,1.0495669505395406,0.8147737266301754,9.195319990739155e-12,0.19048220785016123,0.19048220785016123,0.19048220785016123,0.19048220785016123
110,30s,MN,50mM 2DG_1h_yes_A_MN_0_7_0004,0.31672867996650317,1.1652831850911156,3.6791211494151854,0.5218447066700614,[ 0.00170179 -0.00019407],[-1.94067963e-04  3.61421731e-05],0.16528318509111561,0.007079943471563365,0.8874258744482402,0.008829076726980925,1.0635369554550218,0.623865640779377,2.1056542477833543e-07,0.31672867996650317,0.31672867996650317,0.31672867996650317,0.31672867996650317
110,30s,MN,50mM 2DG_1h_yes_A_MN_0_7_0005,0.15837006741283766,1.3656155015787657,8.622939447382386,2.3086149267442218,[ 0.00023541 -0.00023371],[-0.00023371  0.00025864],0.36561550157876566,0.007938509724907445,0.9649515303179963,0.02095167124442107,1.0690272880207712,0.8963743523394886,2.5889415952105082e-15,0.15837006741283766,0.15837006741283766,0.15837006741283766,0.15837006741283766
110,30s,MN,50mM 2DG_1h_yes_A_MN_0_7_0006,0.14727302492042912,1.3502116735409004,9.168085426848624,2.377975693309199,[ 0.00039888 -0.00043095],[-0.00043095  0.00051003],0.35021167354090044,0.012475626910173681,0.9397700927884964,0.019929256811185073,1.0598582367044147,0.8900681046849198,5.939274312945585e-15,0.14727302492042912,0.14727302492042912,0.14727302492042912,0.14727302492042912
110,30s,MN,50mM 2DG_1h_yes_A_MN_0_7_0007,0.12833896359036306,1.3576852217711226,10.578901245491052,2.787035299060036,[ 0.00033525 -0.00046716],[-0.00046716  0.00069491],0.3576852217711226,0.01070559270742065,0.943718286582645,0.019437971273616978,1.0541779183670164,0.9128056672418583,2.28959094594928e-16,0.12833896359036306,0.12833896359036306,0.12833896359036306,0.12833896359036306
110,30s,MN,50mM 2DG_1h_yes_A_MN_0_7_0012,0.19649339040717892,1.287977817087704,6.554814970715919,1.4655852621350198,[ 0.00044312 -0.00023286],[-0.00023286  0.00014659],0.2879778170877041,0.008770219074190079,0.9405507455201336,0.016399404048484004,1.073237618137665,0.8635753894533259,1.2375778350343437e-13,0.19649339040717892,0.19649339040717892,0.19649339040717892,0.19649339040717892
110,30s,MN,50mM 2DG_1h_yes_A_MN_0_7_0013,0.1663033800947693,1.2914660428929274,7.7657233554542024,1.7526164695319675,[ 0.00038586 -0.00027977],[-0.00027977  0.00022918],0.29146604289292743,0.008618610254362452,0.9438928355671643,0.016629780576678493,1.0600165051690158,0.8767524172835619,2.964354331498683e-14,0.1663033800947693,0.1663033800947693,0.1663033800947693,0.1663033800947693
110,30s,MN,50mM 2DG_1h_yes_A_MN_0_7_0014,0.13648538253490033,1.4546344383548566,10.657803871289262,3.331011936304631,[ 0.00013959 -0.00022303],[-0.00022303  0.00038442],0.4546344383548566,0.007177747086620536,0.977636282642045,0.025512159547643277,1.0698429929108555,0.9205250414624304,6.229441952492919e-17,0.13648538253490033,0.13648538253490033,0.13648538253490033,0.13648538253490033
110,30s,MN,50mM 2DG_1h_yes_A_MN_0_7_0021,0.14179144872004754,1.440103210046171,10.156488441623196,3.1038769546329203,[ 0.0001904  -0.00027598],[-0.00027598  0.00043471],0.44010321004617103,0.009064295796807755,0.9695184684588595,0.02464006780993197,1.073524955480638,0.913395973610683,2.0812544002544096e-16,0.14179144872004754,0.14179144872004754,0.14179144872004754,0.14179144872004754
110,30s,MN,50mM 2DG_1h_yes_A_MN_0_8_0013,0.19495937594336377,1.2367656319570683,6.343709431632322,1.2144357295534707,[ 0.00081364 -0.00035682],[-0.00035682  0.00018685],0.23676563195706835,0.01129873389782335,0.884880979210173,0.013127266583912167,1.0635005905128925,0.8594537923818081,1.8814931593674765e-13,0.19495937594336377,0.19495937594336377,0.19495937594336377,0.19495937594336377
110,30s,MN,50mM 2DG_1h_yes_A_MN_0_8_0014,0.14817519347458832,1.3775299329531787,9.296629892299899,2.5478619200718247,[ 0.00026615 -0.0003067 ],[-0.0003067  0.0003877],0.3775299329531787,0.009728350651132532,0.9566294084329888,0.020947867563445462,1.0703125665369688,0.9134629648374264,2.0587583929913553e-16,0.14817519347458832,0.14817519347458832,0.14817519347458832,0.14817519347458832
110,30s,MN,50mM 2DG_1h_yes_A_MN_0_8_0015,0.2621947238086779,1.22850900246171,4.685483310328344,0.8715240304700098,[ 0.00064098 -0.00015055],[-1.50547504e-04  4.96723332e-05],0.22850900246171002,0.0062889178344789735,0.9345601952345596,0.012647196804771521,1.0770601224988985,0.7986327796012401,2.989316712407951e-11,0.2621947238086779,0.2621947238086779,0.2621947238086779,0.2621947238086779
110,30s,MN,50mM 2DG_1h_yes_A_MN_0_8_0016,0.12171887495942554,1.5308684230807272,12.57708324687552,4.361430577284665,[ 9.62421306e-05 -2.17134509e-04],[-0.00021713  0.00051883],0.5308684230807272,0.006497773674802693,0.9826122712122614,0.02825613304175523,1.0767902814524515,0.9543137409845389,2.6360067581383277e-20,0.12171887495942554,0.12171887495942554,0.12171887495942554,0.12171887495942554
110,30s,MN,50mM 2DG_1h_yes_A_MN_0_8_0017,29.980273287847034,1.005517286041991,0.033539296869905214,0.00018403054531952826,[ 6.25168127e+14 -2.14295586e+04],[-2.14295586e+04  2.13023680e-05],0.005517286041990976,0.016609739481554902,-0.003257479925803608,-0.0038887717737972802,1.0337822736005546,0.5104263444647595,9.225556022882471e-06,0.0,0.0,0.0,0.0
110,30s,MN,50mM 2DG_1h_yes_A_MN_0_8_0018,5.101466218002444e-05,-39.62568659189524,-776750.9358792005,796353.1435047479,[1.14700611e-02 9.13164845e+03],[9.13164845e+03 7.26997031e+09],40.62568659189524,0.0065140367264209,0.40469675046587184,-0.0029826533812316296,1.0089554349408563,0.4632844984021535,3.4873952174796234e-05,0.0,0.0,0.0,0.0
110,30s,MN,50mM 2DG_1h_yes_A_MN_0_8_0023,0.17829054479331144,1.1892558970243259,6.670325105591021,1.061502713134487,[ 0.00060723 -0.00025172],[-0.00025172  0.0001205 ],0.18925589702432588,0.00577601251174572,0.9168121696161413,0.010764901750353046,1.0430191551474473,0.8394849192366892,1.2217189054140703e-12,0.17829054479331144,0.17829054479331144,0.17829054479331144,0.17829054479331144
110,30s,MN,50mM 2DG_1h_yes_A_MN_0_8_0024,0.22391915202485035,1.2236267771750469,5.464591867690039,0.9986942838646913,[ 0.00124643 -0.00039445],[-0.00039445  0.00015911],0.22362677717504686,0.013924250309617059,0.8495971024103005,0.01243754791983025,1.0676213079985801,0.8129787716624709,1.0535235948794576e-11,0.22391915202485035,0.22391915202485035,0.22391915202485035,0.22391915202485035
110,30s,MN,50mM 2DG_1h_yes_A_MN_0_8_0025,0.1286030246475192,1.5387990433765748,11.965496516074818,4.189629636265079,[ 0.00010813 -0.00022621],[-0.00022621  0.0005053 ],0.5387990433765748,0.007577261093543124,0.9811601145388862,0.029181986039821688,1.0826223243797681,0.9405885735838071,1.0496732316392268e-18,0.1286030246475192,0.1286030246475192,0.1286030246475192,0.1286030246475192
110,30s,MN,50mM 2DG_1h_yes_A_MN_0_8_0028,0.2479251451064484,1.2891977373878736,5.199947495581166,1.166471990018215,[ 0.00040047 -0.00013353],[-1.33534983e-04  6.02522318e-05],0.2891977373878736,0.006501371497067047,0.9565301553624481,0.016181229714714414,1.0922261294222626,0.8153491772139494,8.800490343249156e-12,0.2479251451064484,0.2479251451064484,0.2479251451064484,0.2479251451064484
110,30s,MN,50mM 2DG_1h_yes_A_MN_0_9_0007,0.152744350719365,1.5102945676971193,9.88772783140086,3.340840857902995,[ 0.00015834 -0.00023388],[-0.00023388  0.00038163],0.5102945676971193,0.010122643224257724,0.97336067534345,0.02821615732996175,1.1009978036246144,0.9386054146445552,1.6638781455050974e-18,0.152744350719365,0.152744350719365,0.152744350719365,0.152744350719365
110,30s,MN,50mM 2DG_1h_yes_A_MN_0_9_0014,0.24637895832402593,1.2749086186480296,5.174584012045908,1.1157958476570993,[ 0.00032416 -0.00010407],[-1.04066309e-04  4.50285891e-05],0.2749086186480296,0.004905265722872304,0.9648009697166844,0.01557414017362228,1.0856751266343996,0.830705596069442,2.5873304903892065e-12,0.24637895832402593,0.24637895832402593,0.24637895832402593,0.24637895832402593
110,30s,MN,50mM 2DG_1h_yes_A_MN_0_9_0016,0.2267162709782093,1.3050219731414283,5.756190182163237,1.3453907468809123,[ 0.00037834 -0.00015933],[-1.59333455e-04  8.61049193e-05],0.3050219731414283,0.007467763847138217,0.952650759738201,0.017035245559795537,1.0917568847664292,0.8593177068069761,1.9072987820137569e-13,0.2267162709782093,0.2267162709782093,0.2267162709782093,0.2267162709782093
110,30s,MN,50mM 2DG_1h_yes_A_MN_0_9_0017,0.636626546165594,1.0199167197775443,1.60206439068636,0.03128477739029705,[ 0.53646333 -0.00159318],[-1.59318169e-03  1.66250402e-05],0.01991671977754428,0.008104379181351767,0.08724212859013747,0.000475999122843201,1.0139115667731475,0.014076512839367878,0.5323376490110487,,,,
110,30s,MN,50mM 2DG_1h_yes_A_MN_0_9_0018,0.1095777942841659,1.451430757787499,13.245665029755322,4.119728460830418,[ 0.00021436 -0.00048658],[-0.00048658  0.00115473],0.45143075778749897,0.010204989398975059,0.9599483893119917,0.02305121899018154,1.05891619904323,0.943239170716159,5.533353743767209e-19,0.1095777942841659,0.1095777942841659,0.1095777942841659,0.1095777942841659
110,30s,MN,50mM 2DG_1h_yes_A_MN_0_9_0019,0.2746653810855127,1.3145987970648132,4.786183070721729,1.1453893309068603,[ 2.98403428e-04 -8.76081936e-05],[-8.76081936e-05  3.73667064e-05],0.3145987970648132,0.005094543410099056,0.9710734707286572,0.017307198544699975,1.1095757269119337,0.792898597160697,4.443551482310472e-11,0.2746653810855127,0.2746653810855127,0.2746653810855127,0.2746653810855127
110,30s,MN,50mM 2DG_1h_yes_A_MN_0_9_0020,0.18078325074865065,1.341291529266364,7.419335163583319,1.8878492772589524,[ 0.00028479 -0.00020748],[-0.00020748  0.00017541],0.3412915292663641,0.0080336932178264,0.9599852194109816,0.01966555218503265,1.0768470728076895,0.8885039162685414,7.244189429254843e-15,0.18078325074865065,0.18078325074865065,0.18078325074865065,0.18078325074865065
110,30s,MN,50mM 2DG_1h_yes_A_MN_0_9_0021,2.316427373753028,1.0485270681441992,0.45264836706077993,0.020949099762008337,[ 1.78955900e+01 -8.40952462e-03],[-8.40952462e-03  5.52869870e-05],0.04852706814419916,0.03866630421229188,0.08377245894660057,-0.004425040844797287,1.0777935187215861,0.24874335719281562,0.0050263884047952595,0.0,0.0,0.0,0.0
110,30s,MN,0mM 2DG_1h_yes_A_MN_2_1_0003,0.1472098021399376,1.7226080620122661,11.701721196355901,4.90869528732438,[ 6.10647733e-05 -1.36227916e-04],[-0.00013623  0.00033289],0.7226080620122661,0.00682075284184095,0.990383964107634,0.040916106901385946,1.1244777240220918,0.9190008528241557,8.13364399385246e-17,0.1472098021399376,0.1472098021399376,0.1472098021399376,0.1472098021399376
110,30s,MN,0mM 2DG_1h_yes_A_MN_2_1_0004,0.20665935772413882,1.3837415040932814,6.695760208160435,1.856879399603682,[ 0.00026189 -0.00016644],[-0.00016644  0.00012955],0.38374150409328145,0.00857949562938166,0.9658268948192611,0.02183846805863764,1.1025073203141575,0.8658552493090498,9.762848569091236e-14,0.20665935772413882,0.20665935772413882,0.20665935772413882,0.20665935772413882
110,30s,MN,0mM 2DG_1h_yes_A_MN_2_1_0005,0.11089817242721044,1.5259672168852703,13.760075423126203,4.742794271298711,[ 0.00027261 -0.00070748],[-0.00070748  0.00192211],0.5259672168852703,0.017590156949696723,0.9497209771102841,0.02690401723644285,1.0701942317441946,0.9295719948866321,1.1420567509167106e-17,0.11089817242721044,0.11089817242721044,0.11089817242721044,0.11089817242721044
110,30s,MN,0mM 2DG_1h_yes_A_MN_2_1_0006,0.18407270167059736,1.1581458824636526,6.291785104214872,0.859149026598515,[ 0.00224254 -0.00073206],[-0.00073206  0.00027909],0.15814588246365258,0.014925368555458358,0.7948384462520738,0.009645277037197525,1.030396284895066,0.6531982655251376,6.617687706953221e-08,0.18407270167059736,0.18407270167059736,0.0,0.0
110,30s,MN,0mM 2DG_1h_yes_A_MN_2_1_0008,0.274416244136767,1.1925160199776157,4.345646606048855,0.7015474633552201,[ 0.00131382 -0.00023649],[-2.36488436e-04  6.18000438e-05],0.1925160199776157,0.008796459867636242,0.898832515158697,0.010832454171039226,1.0637676608383175,0.6581297251544412,5.3969464192316125e-08,0.274416244136767,0.274416244136767,0.274416244136767,0.274416244136767
110,30s,MN,0mM 2DG_1h_yes_A_MN_2_1_0010,0.16109120698329935,1.3544862317803028,8.408194693834066,2.2005312295974857,[ 0.00032106 -0.00029979],[-0.00029979  0.00031346],0.3544862317803028,0.01050445697541302,0.9493704226721461,0.01964893120050679,1.0750139574737285,0.8910218769240524,5.254560814470739e-15,0.16109120698329935,0.16109120698329935,0.16109120698329935,0.16109120698329935
110,30s,MN,0mM 2DG_1h_yes_A_MN_2_1_0012,0.12865440408668902,1.4838981875703692,11.533986715064174,3.7612252064399776,[ 0.00022057 -0.00041413],[-0.00041413  0.00083033],0.4838981875703692,0.012431688788675132,0.9635018747504858,0.026495433876914692,1.0713199687590622,0.9129074087638693,2.252354721350396e-16,0.12865440408668902,0.12865440408668902,0.12865440408668902,0.12865440408668902
110,30s,MN,0mM 2DG_1h_yes_A_MN_2_1_0024,0.1867585360483612,1.5627428668701533,8.367718552181627,3.013210955586152,[ 0.00012914 -0.00014599],[-0.00014599  0.00019378],0.5627428668701533,0.008658857139312035,0.9822283656881123,0.03239449569267348,1.1313098617045947,0.8812424774890688,1.7589817968849396e-14,0.1867585360483612,0.1867585360483612,0.1867585360483612,0.1867585360483612
110,30s,MN,0mM 2DG_1h_yes_A_MN_2_2_0005,0.16138280526089963,1.5752923971309263,9.761215853102991,3.564768850069742,[ 0.0001468  -0.00022174],[-0.00022174  0.00037524],0.5752923971309263,0.011202219609100198,0.9778188639916149,0.032863514641009485,1.1128341769155297,0.9070918539942691,5.58393706873339e-16,0.16138280526089963,0.16138280526089963,0.16138280526089963,0.16138280526089963
110,30s,MN,0mM 2DG_1h_yes_A_MN_2_2_0008,0.20647185898711892,1.429719354740028,6.924524057436918,2.0812490227389135,[ 0.00027145 -0.00019352],[-0.00019352  0.0001689 ],0.429719354740028,0.010688002537602732,0.9636180153816979,0.024315933698979157,1.1162938832961806,0.8787543869663654,2.3544984513304135e-14,0.20647185898711892,0.20647185898711892,0.20647185898711892,0.20647185898711892
110,30s,MN,0mM 2DG_1h_yes_A_MN_2_3_0002,0.2063359304721156,1.5644442243393069,7.582025199196837,2.7355595462593767,[ 0.00017417 -0.0001633 ],[-0.0001633  0.0001874],0.5644442243393069,0.011211271269567407,0.9775898496851168,0.03242260397000197,1.1475887606305393,0.8689508418777759,7.029226463135843e-14,0.2063359304721156,0.2063359304721156,0.2063359304721156,0.2063359304721156
110,30s,MN,0mM 2DG_1h_yes_A_MN_2_3_0004,0.20140150029344164,1.408978487322223,6.995868875203729,2.03066256570255,[ 0.00029963 -0.0002133 ],[-0.0002133   0.00018382],0.4089784873222231,0.011087069749344662,0.9598765833538586,0.023178454430151145,1.1074227867277675,0.8665167026967455,9.10685887759989e-14,0.20140150029344164,0.20140150029344164,0.20140150029344164,0.20140150029344164
110,30s,MN,0mM 2DG_1h_yes_A_MN_2_3_0007,0.13454089468198746,1.3601245581463743,10.109376493751457,2.6766921611276335,[ 0.00039273 -0.00050923],[-0.00050923  0.00071046],0.36012455814637434,0.012972347901323775,0.9361340633485143,0.019708357640202116,1.0584563432655865,0.890033980148176,5.965243381237667e-15,0.13454089468198746,0.13454089468198746,0.13454089468198746,0.13454089468198746
110,30s,MN,0mM 2DG_1h_yes_A_MN_2_3_0009,0.19658822043071794,1.4192612870284005,7.2194625085818895,2.1326877373924726,[ 0.00026027 -0.00019894],[-0.00019894  0.0001822 ],0.4192612870284005,0.010474325901853343,0.9641549991545142,0.02377196679702756,1.1074669031595883,0.8790608078153785,2.2721800528377426e-14,0.19658822043071794,0.19658822043071794,0.19658822043071794,0.19658822043071794
110,30s,MN,0mM 2DG_1h_yes_A_MN_2_3_0010,0.19554328180036923,1.3538260057387992,6.9234084304718,1.809451096867758,[ 0.00037132 -0.00024197],[-0.00024197  0.00018851],0.3538260057387992,0.01070872485946899,0.9494167608821027,0.020038947962243207,1.0903663452414767,0.8648901880716138,1.0799045906555117e-13,0.19554328180036923,0.19554328180036923,0.19554328180036923,0.19554328180036923
110,30s,MN,0mM 2DG_1h_yes_A_MN_2_4_0002,0.18450016376612607,1.5461836272304768,8.380391624965883,2.9603422353750517,[ 0.00016302 -0.00018299],[-0.00018299  0.00024011],0.5461836272304768,0.010185730948176139,0.9772431140600489,0.03141246152519053,1.1261580197698753,0.8872400393097263,8.488097749627257e-15,0.18450016376612607,0.18450016376612607,0.18450016376612607,0.18450016376612607
110,30s,MN,0mM 2DG_1h_yes_A_MN_2_4_0003,0.21667945867854058,1.455586596908313,6.717695372627728,2.1025832337167145,[ 0.00025331 -0.00017426],[-0.00017426  0.00015021],0.45558659690831305,0.01097112230571228,0.9674604717903876,0.025786325835232233,1.1287622339457248,0.8727498425017615,4.6469549902635236e-14,0.21667945867854058,0.21667945867854058,0.21667945867854058,0.21667945867854058
110,30s,MN,0mM 2DG_1h_yes_A_MN_2_4_0004,0.26206522293715406,1.2572572554816208,4.797497513751087,0.9816535463895327,[ 0.00082524 -0.00021843],[-2.18432570e-04  8.11926011e-05],0.2572572554816208,0.010288854578546721,0.9117893883616289,0.013866378178961745,1.0902121638311015,0.7925880567933894,4.538564105522283e-11,0.26206522293715406,0.26206522293715406,0.26206522293715406,0.26206522293715406
110,30s,MN,0mM 2DG_1h_yes_A_MN_2_4_0005,0.182592985484571,1.390816945566538,7.617033819100686,2.14037217546652,[ 0.00033309 -0.00027279],[-0.00027279  0.00026015],0.390816945566538,0.011918503451636512,0.9513757086630744,0.021956165625154112,1.0942179216837178,0.881229593619529,1.7616672243435383e-14,0.182592985484571,0.182592985484571,0.182592985484571,0.182592985484571
110,30s,MN,0mM 2DG_1h_yes_A_MN_2_4_0006,0.13737055196960404,1.5535468808530222,11.309169677040936,4.029589114379517,[ 0.00018726 -0.00036033],[-0.00036033  0.00074886],0.5535468808530222,0.01372127496150338,0.9673683367212579,0.029975931282130802,1.096822773536433,0.9318357887144272,7.22023428354373e-18,0.13737055196960404,0.13737055196960404,0.13737055196960404,0.13737055196960404
110,30s,MN,0mM 2DG_1h_yes_A_MN_2_4_0007,0.15666252830911684,1.4287913756802322,9.120185861299449,2.7370385267507458,[ 0.00027942 -0.00033165],[-0.00033165  0.00043759],0.4287913756802322,0.012565287970420854,0.9569204060095633,0.024065340549829135,1.0841588572308194,0.8888712719407948,6.91577521914248e-15,0.15666252830911684,0.15666252830911684,0.15666252830911684,0.15666252830911684
110,30s,MN,0mM 2DG_1h_yes_A_MN_2_4_0008,0.14728179563754693,1.3712209981124537,9.310186586039183,2.520481207507884,[ 0.00061831 -0.00070802],[-0.00070802  0.00088814],0.3712209981124537,0.021759503372102224,0.9093983030480026,0.020841395883177197,1.0655684171281419,0.8407184496035214,1.0959024569807232e-12,0.14728179563754693,0.14728179563754693,0.14728179563754693,0.14728179563754693
110,30s,MN,0mM 2DG_1h_yes_A_MN_2_5_0003,0.17311671165630227,1.5295809088285297,8.835547384155998,3.0590975519448094,[ 0.00012849 -0.00015735],[-0.00015735  0.00022038],0.5295809088285297,0.008142704753794163,0.9806904329935718,0.030049401728706487,1.1167500933050467,0.9067545609211982,5.875552260325172e-16,0.17311671165630227,0.17311671165630227,0.17311671165630227,0.17311671165630227
110,30s,MN,0mM 2DG_1h_yes_A_MN_2_5_0005,0.19202352283780166,1.475668648628298,7.684832706015737,2.4771373923291966,[ 0.00030944 -0.0002806 ],[-0.0002806   0.00030198],0.47566864862829794,0.015506814012003945,0.9570190466576015,0.027016443690356842,1.118567838163395,0.8780681884602638,2.5489970187564822e-14,0.19202352283780166,0.19202352283780166,0.19202352283780166,0.19202352283780166
110,30s,MN,0mM 2DG_1h_yes_A_MN_2_5_0006,0.30120109629675673,1.1969384557950173,3.9738847916268547,0.6538437549410007,[ 0.0014207  -0.00021494],[-2.14944242e-04  5.08408164e-05],0.19693845579501734,0.008748395556790406,0.8905005613347843,0.010584186683425659,1.074009212420632,0.6821742105505887,1.912789873037723e-08,0.30120109629675673,0.30120109629675673,0.30120109629675673,0.30120109629675673
110,30s,MN,0mM 2DG_1h_yes_A_MN_2_5_0008,0.23709042977656086,1.251607997389917,5.279032133728297,1.0612321957787914,[ 0.00077705 -0.0002468 ],[-0.0002468   0.00010319],0.251607997389917,0.010131729570354289,0.9095593721922242,0.013802963272771406,1.0804263094433004,0.8033666888726664,2.1367216588613224e-11,0.23709042977656086,0.23709042977656086,0.23709042977656086,0.23709042977656086
110,30s,MN,0mM 2DG_1h_yes_A_MN_2_5_0009,0.37740016440408164,1.2789373982638115,3.3888098599089522,0.7391024821206854,[ 0.00239164 -0.00031453],[-3.14527038e-04  8.00738112e-05],0.2789373982638115,0.01864551025816125,0.8715124416231329,0.013452569912761076,1.1276499221681346,0.5582794776883453,2.100391668989918e-06,0.37740016440408164,0.37740016440408164,0.37740016440408164,0.37740016440408164
110,30s,MN,0mM 2DG_1h_yes_A_MN_2_5_0010,0.18577909076206103,1.472632595805082,7.926794074426682,2.544056997299079,[ 0.00067939 -0.00065147],[-0.00065147  0.00073204],0.4726325958050821,0.0357618509683649,0.9235319358864138,0.02833136342038585,1.0975624609481418,0.7795751978901035,1.0719986383756167e-10,0.18577909076206103,0.18577909076206103,0.18577909076206103,0.18577909076206103
110,30s,MN,0mM 2DG_1h_yes_A_MN_2_5_0012,0.18348871111548157,1.363390922982602,7.430380401574296,1.9804538424922289,[ 0.00038247 -0.0002886 ],[-0.0002886   0.00025404],0.363390922982602,0.011421421265887216,0.9511675355071418,0.021230831236028383,1.0796777673165496,0.835326469057619,1.7517721962393223e-12,0.18348871111548157,0.18348871111548157,0.18348871111548157,0.18348871111548157
110,30s,MN,0mM 2DG_1h_yes_A_MN_2_5_0014,0.1762349235994018,1.496003521119213,8.48868936170544,2.814445122390581,[ 0.00014174 -0.00015733],[-0.00015733  0.00020088],0.4960035211192131,0.008220251101637887,0.978375818764048,0.02787991041207633,1.1144498707264832,0.9089417376465776,4.2096696426345016e-16,0.1762349235994018,0.1762349235994018,0.1762349235994018,0.1762349235994018
110,30s,MN,0mM 2DG_1h_yes_A_MN_2_6_0004,0.17256964977846762,1.674710046195016,9.704545662258035,3.909783945561457,[ 0.00014173 -0.00022241],[-0.00022241  0.00039877],0.674710046195016,0.013471899595429496,0.9789617118419178,0.03827604750222398,1.1477691581427987,0.8943409536917243,3.4019766591335017e-15,0.17256964977846762,0.17256964977846762,0.17256964977846762,0.17256964977846762
110,30s,MN,0mM 2DG_1h_yes_A_MN_2_6_0005,0.27607060633033875,1.5341412944048674,5.557061343101317,1.9347995844430033,[ 0.00033538 -0.0001654 ],[-0.0001654   0.00011896],0.5341412944048674,0.014073934681327876,0.9682396836375489,0.029529968215494456,1.1852299080867357,0.7873553676404236,6.45252153851317e-11,0.27607060633033875,0.27607060633033875,0.27607060633033875,0.27607060633033875
110,30s,MN,0mM 2DG_1h_yes_A_MN_2_6_0008,0.20315586215092185,1.3978698303548822,6.880775260703149,1.9584462202686028,[ 0.00029136 -0.00019844],[-0.00019844  0.00016424],0.3978698303548822,0.010046911157152658,0.9616993208097993,0.022589272618798385,1.1048497136330941,0.8583993116126,2.0902407450450988e-13,0.20315586215092185,0.20315586215092185,0.20315586215092185,0.20315586215092185
110,30s,MN,0mM 2DG_1h_yes_A_MN_2_6_0011,0.12688060624323358,1.2920170883400532,10.182935963146498,2.30151082175828,[ 0.00026921 -0.0003121 ],[-0.0003121   0.00038557],0.29201708834005324,0.005900152191170011,0.9550017699717193,0.015823600796672364,1.0432604192210888,0.9057396879786178,6.840567063668591e-16,0.12688060624323358,0.12688060624323358,0.12688060624323358,0.12688060624323358
110,30s,MN,0mM 2DG_1h_yes_A_MN_2_6_0014,0.3013508122362645,1.1986838750911137,3.9777024863345116,0.6593108995350642,[ 0.00257431 -0.00039252],[-3.92516134e-04  9.36049669e-05],0.19868387509111374,0.016176538199206097,0.7988530149639116,0.010155774642557612,1.079527827963251,0.6260355386875415,1.9387841805789178e-07,0.3013508122362645,0.3013508122362645,,
110,30s,MN,0mM 2DG_1h_yes_A_MN_2_6_0017,0.2732194452779921,1.416573750990659,5.184747189385955,1.5246855895150822,[ 0.00045412 -0.0001785 ],[-0.0001785   0.00010153],0.4165737509906591,0.012697058922213988,0.9548064933093515,0.022925307914623202,1.145254532984184,0.8091694703745055,1.4001690483901587e-11,0.2732194452779921,0.2732194452779921,0.2732194452779921,0.2732194452779921
110,30s,MN,0mM 2DG_1h_yes_A_MN_2_6_0020,0.21551892586262816,1.372722561908166,6.369382904140585,1.7294191701091695,[ 0.00037369 -0.00021255],[-0.00021255  0.00015107],0.372722561908166,0.010996563424924773,0.9519715258800099,0.020854486952693933,1.1068004159778013,0.8498007743779081,4.793455829950169e-13,0.21551892586262816,0.21551892586262816,0.21551892586262816,0.21551892586262816
110,30s,MN,0mM 2DG_1h_yes_A_MN_2_6_0023,0.1665956245308869,1.495514261756383,8.976912004547358,2.974353397045638,[ 0.00028718 -0.00035286],[-0.00035286  0.00049011],0.495514261756383,0.01649816498444226,0.9561011292471764,0.027837502054810257,1.1064091594159882,0.8940038967781004,3.5577233272096214e-15,0.1665956245308869,0.1665956245308869,0.1665956245308869,0.1665956245308869
110,30s,MN,0mM 2DG_1h_yes_A_MN_2_7_0008,0.23572084895179524,1.441757109201435,6.116375007186035,1.8740688876942488,[ 0.00043787 -0.00024704],[-0.00024704  0.00018285],0.44175710920143496,0.0162073455766814,0.9492040197762328,0.024719615887945835,1.1360278337324121,0.8284994858254342,3.105302339927029e-12,0.23572084895179524,0.23572084895179524,0.23572084895179524,0.23572084895179524
110,30s,MN,0mM 2DG_1h_yes_A_MN_2_7_0013,0.1519434747225496,1.5148175671474715,9.969612514874656,3.3882176782355007,[ 0.00019733 -0.00029678],[-0.00029678  0.00049248],0.5148175671474715,0.012340347950546782,0.968526326554665,0.028774404371915994,1.0975373731136222,0.9087319154088235,4.3479907845386916e-16,0.1519434747225496,0.1519434747225496,0.1519434747225496,0.1519434747225496
110,30s,MN,0mM 2DG_1h_yes_A_MN_2_7_0015,0.20752828767207057,1.434163410760466,6.9106887877699075,2.0920685831828227,[ 1.39752501e-04 -9.96735085e-05],[-9.96735085e-05  8.72322813e-05],0.43416341076046594,0.005644819881432466,0.9818733185293549,0.024821502388184744,1.115211041330437,0.8711137231535234,5.5618894863697385e-14,0.20752828767207057,0.20752828767207057,0.20752828767207057,0.20752828767207057
110,30s,MN,0mM 2DG_1h_yes_A_MN_2_7_0027,0.16138349989666292,1.5961441929961202,9.890380330195857,3.6939599982516382,[ 0.00025456 -0.00039844],[-0.00039844  0.00069869],0.5961441929961202,0.019282097593479472,0.9624081010078501,0.033934726552596724,1.1175674959071804,0.8803150656721549,1.962320908933915e-14,0.16138349989666292,0.16138349989666292,0.16138349989666292,0.16138349989666292
110,30s,MN,0mM 2DG_1h_yes_A_MN_2_8_0004,0.21498272311484776,1.5457299016808992,7.190019175890435,2.5384825988521884,[ 0.00033495 -0.00028031],[-0.00028031  0.00029278],0.5457299016808992,0.018591473508610297,0.9595119873619968,0.031013038759914995,1.1506372663103492,0.8229135936363305,4.8790487674890825e-12,0.21498272311484776,0.21498272311484776,0.21498272311484776,0.21498272311484776
110,30s,MN,0mM 2DG_1h_yes_A_MN_2_8_0005,0.24841391619220335,1.4520449205971286,5.845263996698354,1.8197246254407562,[ 0.00021443 -0.00011132],[-1.11315463e-04  7.82931419e-05],0.45204492059712864,0.007582859349889911,0.9772278273385012,0.025346486792556723,1.1430751077642414,0.8027600557067885,2.2316586178419576e-11,0.24841391619220335,0.24841391619220335,0.24841391619220335,0.24841391619220335
110,30s,MN,0mM 2DG_1h_yes_A_MN_2_8_0008,0.19275153610420817,1.5217095119371349,7.8946686635713545,2.7066425642132397,[ 0.0001622  -0.00016016],[-0.00016016  0.00018798],0.5217095119371349,0.009618273646384103,0.9773900596189546,0.029611018442652483,1.1303376472128799,0.8818147419847951,1.6434682862787082e-14,0.19275153610420817,0.19275153610420817,0.19275153610420817,0.19275153610420817
110,30s,MN,0mM 2DG_1h_yes_A_MN_2_8_0016,0.10263807013041125,1.6475525478185562,16.052060855442694,6.3090873298356085,[ 0.00013565 -0.00048907],[-0.00048907  0.00183142],0.6475525478185562,0.012052790824035457,0.9740887431077266,0.03238270811868294,1.0766857592103327,0.9544948718473218,2.4931854506744923e-20,0.10263807013041125,0.10263807013041125,0.10263807013041125,0.10263807013041125
110,30s,MN,0mM 2DG_1h_yes_A_MN_2_8_0021,0.2857138377700699,1.2355613703986685,4.324471576322441,0.8244660889971948,[ 0.00109353 -0.0002213 ],[-2.21300725e-04  6.70639738e-05],0.23556137039866853,0.010070221962234891,0.9074049597921954,0.012716606241082097,1.0855980234833762,0.7022349265098683,7.577511386837244e-09,0.2857138377700699,0.2857138377700699,0.2857138377700699,0.2857138377700699
110,30s,MN,0mM 2DG_1h_yes_A_MN_2_8_0024,0.18473225636662027,1.3926016398797711,7.538486603638994,2.125246817213192,[ 0.00021787 -0.00017538],[-0.00017538  0.0001651 ],0.39260163987977115,0.007923546351942408,0.9686954208373051,0.022217868126203837,1.0942202275908945,0.8847037613844868,1.1604575477158606e-14,0.18473225636662027,0.18473225636662027,0.18473225636662027,0.18473225636662027
110,30s,MN,0mM 2DG_1h_yes_A_MN_2_8_0026,0.21972686795644927,1.2911330532228669,5.876081815714838,1.3249770313959537,[ 0.00038273 -0.00016369],[-1.63689906e-04  8.83494946e-05],0.29113305322286687,0.007185220205477399,0.9532027611959899,0.016518308519755377,1.082706797232686,0.8440622192978895,8.127903285851285e-13,0.21972686795644927,0.21972686795644927,0.21972686795644927,0.21972686795644927
110,30s,MN,0mM 2DG_1h_yes_A_MN_2_8_0030,0.1487888683564963,1.318065666183702,8.85863089586536,2.1376979991649683,[ 0.00076679 -0.00073911],[-0.00073911  0.00078223],0.318065666183702,0.020539502641186765,0.8733618729336687,0.017046740368674523,1.0656213273662039,0.8639030622970989,1.196396632932924e-13,0.1487888683564963,0.1487888683564963,0.1487888683564963,0.1487888683564963
110,30s,MN,0mM 2DG_1h_yes_A_MN_2_8_0034,0.18599388980664702,1.500309930679908,8.066447409856202,2.6899267024309954,[ 0.00018597 -0.00018837],[-0.00018837  0.00022367],0.5003099306799079,0.009754609552753011,0.975461402176785,0.02897003817496071,1.1139197957911622,0.8532287427224154,3.463121372123782e-13,0.18599388980664702,0.18599388980664702,0.18599388980664702,0.18599388980664702
110,30s,MN,0mM 2DG_1h_yes_A_MN_2_9_0015,0.24452643204268257,1.1897171357841523,4.865392775111055,0.7758553306459597,[ 0.00279221 -0.00062818],[-0.00062818  0.00018958],0.18971713578415228,0.02134682603738217,0.7146731940396327,0.009710212330986198,1.068196370880517,0.6331241211719989,1.475591343351089e-07,0.24452643204268257,0.24452643204268257,0.0,0.0
110,30s,MN,0mM 2DG_1h_yes_A_MN_2_9_0020,0.21201028531185329,1.191286273358648,5.619002264943626,0.9022499690393718,[ 0.00224906 -0.00067794],[-0.00067794  0.00025332],0.191286273358648,0.020164311181221053,0.6868968537394864,0.009784187217329756,1.06359478112731,0.7598507845512629,3.600708323512104e-10,0.0,0.0,0.0,0.0
110,30s,MN,0mM 2DG_1h_yes_A_MN_2_9_0021,0.19649447269664558,1.3454666703510947,6.847351235310669,1.758149558152901,[ 0.00023509 -0.0001482 ],[-0.0001482   0.00011192],0.3454666703510947,0.006340642901304789,0.9690712391060624,0.019728209822258647,1.086590314483104,0.8515932765388685,4.047887794840618e-13,0.19649447269664558,0.19649447269664558,0.19649447269664558,0.19649447269664558
110,30s,MN,0mM 2DG_1h_yes_A_MN_2_9_0024,0.2571381513721041,1.3664792666340588,5.314183287631361,1.4252232299194194,[ 0.00074997 -0.00029408],[-0.00029408  0.00015984],0.36647926663405883,0.018324227565499115,0.9170005885455006,0.0199740051306321,1.1254649046467466,0.8208939769119354,5.725011563473871e-12,0.2571381513721041,0.2571381513721041,0.2571381513721041,0.2571381513721041
110,30s,MN,0mM 2DG_1h_yes_A_MN_2_9_0027,0.19873703951100746,1.4555450672245762,7.323974790033832,2.2922001270897714,[ 0.00036112 -0.00029374],[-0.00029374  0.00028761],0.4555450672245762,0.01712808505797755,0.9460386105176424,0.024970116838979255,1.1266198568551338,0.8971391920097331,2.33296384780474e-15,0.19873703951100746,0.19873703951100746,0.19873703951100746,0.19873703951100746
110,30s,MN,0mM 2DG_1h_yes_A_MN_2_9_0033,0.13691005875919796,1.6774293213041822,12.25205318372189,4.947987952409456,[ 0.00016273 -0.00038539],[-0.00038539  0.00098517],0.6774293213041822,0.018331070144119537,0.9703048858605032,0.03613967156279535,1.1231600408392495,0.9473266790308114,1.9395575348270457e-19,0.13691005875919796,0.13691005875919796,0.13691005875919796,0.13691005875919796
110,30s,MN,50mM 2DG_1h_yes_A_MN_4_1_0003,0.23030678011066805,1.2296341215557915,5.339113859196512,0.9970792933036827,[ 3.15705862e-04 -9.70051052e-05],[-9.70051052e-05  3.85836408e-05],0.22963412155579155,0.0036009404368420287,0.9665421231088447,0.013509518283022574,1.063097236292496,0.818776810240637,6.756832050253763e-12,0.23030678011066805,0.23030678011066805,0.23030678011066805,0.23030678011066805
110,30s,MN,50mM 2DG_1h_yes_A_MN_4_1_0004,0.2457197653994197,1.178302580918624,4.795310540050706,0.7256338562296427,[ 0.00118391 -0.00024786],[-2.47860835e-04  6.98213483e-05],0.17830258091862405,0.00802703485529587,0.9030429674920677,0.010644967900493166,1.049387006059454,0.6938520932125969,1.1238440885041103e-08,0.2457197653994197,0.2457197653994197,0.2457197653994197,0.2457197653994197
110,30s,MN,50mM 2DG_1h_yes_A_MN_4_1_0005,0.13303416956484415,1.4365059073075508,10.798022132256497,3.2811563279972744,[ 0.00016923 -0.00027105],[-0.00027105  0.00046619],0.4365059073075508,0.007989413284156545,0.9709626016485883,0.02381174534389419,1.0702524162585574,0.9344521152024151,4.168859228389349e-18,0.13303416956484415,0.13303416956484415,0.13303416956484415,0.13303416956484415
110,30s,MN,50mM 2DG_1h_yes_A_MN_4_1_0006,0.22894822958120745,1.165305961561321,5.0898229861523765,0.7220233231927543,[ 0.00108344 -0.00024249],[-2.42493347e-04  7.00247611e-05],0.16530596156132105,0.006742840483126582,0.8943700713469199,0.009605251918976314,1.045944213064533,0.7309092869702121,1.802804351170088e-09,0.22894822958120745,0.22894822958120745,0.22894822958120745,0.22894822958120745
110,30s,MN,50mM 2DG_1h_yes_A_MN_4_1_0009,0.18084696494166158,1.2481632504157936,6.9017649857625845,1.3722278971938908,[ 0.00046376 -0.00024552],[-0.00024552  0.00015085],0.24816325041579357,0.007265601886284332,0.9389078000591483,0.014518869595479518,1.0537529169350548,0.8589051948341153,1.9875464967322743e-13,0.18084696494166158,0.18084696494166158,0.18084696494166158,0.18084696494166158
110,30s,MN,50mM 2DG_1h_yes_A_MN_4_1_0010,0.1464813380703983,1.2630515841165741,8.622610912453279,1.7958027116747985,[ 0.00033543 -0.00027476],[-0.00027476  0.00024625],0.26305158411657414,0.006287646030328689,0.9483458494140815,0.014858392786309498,1.0454678345759796,0.8941986696735752,3.466933717442565e-15,0.1464813380703983,0.1464813380703983,0.1464813380703983,0.1464813380703983
110,30s,MN,50mM 2DG_1h_yes_A_MN_4_1_0013,0.14599728368306725,1.3399963074377297,9.178227660362577,2.3287851586047172,[ 0.00016814 -0.00017904],[-0.00017904  0.00020844],0.3399963074377297,0.005256984555674486,0.9767261718195174,0.020190486500143313,1.0485419654536665,0.8883294317566949,7.405201603196164e-15,0.14599728368306725,0.14599728368306725,0.14599728368306725,0.14599728368306725
110,30s,MN,50mM 2DG_1h_yes_A_MN_4_1_0014,0.0001156047896167069,-17.327530011099984,-149885.91794985504,158536.0785817419,[1.18818975e-02 1.88250360e+03],[1.88250360e+03 2.98253702e+08],18.327530011099984,0.006511422400603099,0.21311185895665596,-0.0017984666195811811,0.9968637925889168,0.22261054520387133,0.00848251375395969,0.0,0.0,0.0,0.0
110,30s,MN,50mM 2DG_1h_yes_A_MN_4_1_0015,0.16212662496427574,1.2857494707560841,7.93052634654793,1.7625079829981563,[ 0.00027425 -0.00020407],[-0.00020407  0.00017034],0.28574947075608415,0.005801875771344882,0.9575333510437709,0.01614788310230804,1.058413702037046,0.9105730159831709,3.265697206498469e-16,0.16212662496427574,0.16212662496427574,0.16212662496427574,0.16212662496427574
110,30s,MN,50mM 2DG_1h_yes_A_MN_4_1_0016,0.005767641243828404,0.3468702564236923,60.14074762275769,113.24035527958355,[0.00390411 0.42822074],[ 0.42822074 46.97258046],0.6531297435763077,0.00630472046031566,0.5881497038993928,-0.0039845196678918934,1.003294108699345,0.5936736252282357,6.346436091727161e-07,0.0,0.0,0.0,0.0
110,30s,MN,50mM 2DG_1h_yes_A_MN_4_2_0004,0.30518380632569647,1.1836953755330224,3.8786310118622938,0.6019171781905758,[ 6.22743119e-04 -8.54559852e-05],[-8.54559852e-05  1.85389902e-05],0.1836953755330224,0.003356341641905802,0.9562251160036114,0.01019030944403782,1.0658897916216368,0.6757742664470003,2.5394712266691934e-08,0.30518380632569647,0.30518380632569647,0.30518380632569647,0.30518380632569647
110,30s,MN,50mM 2DG_1h_yes_A_MN_4_2_0005,0.21445481502741956,1.2225915815121713,5.700928567893681,1.037941635787993,[ 0.00035149 -0.00012056],[-1.20557268e-04  5.15451691e-05],0.2225915815121713,0.0040239774600939636,0.9582144923359106,0.012895641954298716,1.0593170099575235,0.8395492430017666,1.2148396090987194e-12,0.21445481502741956,0.21445481502741956,0.21445481502741956,0.21445481502741956
110,30s,MN,50mM 2DG_1h_yes_A_MN_4_2_0007,0.20730370649235697,1.4413458831256183,6.95282254000007,2.128982113216052,[ 0.00017678 -0.00012844],[-0.00012844  0.00011445],0.4413458831256183,0.007274705611205179,0.9779455610234861,0.02576107077868764,1.1123408400906492,0.8727235145899921,4.660498446093008e-14,0.20730370649235697,0.20730370649235697,0.20730370649235697,0.20730370649235697
110,30s,MN,50mM 2DG_1h_yes_A_MN_4_2_0010,0.3705386254163837,1.13375175705355,3.0597397390879943,0.3609657614054399,[ 0.00395828 -0.00025985],[-2.59850929e-04  3.24022334e-05],0.13375175705355002,0.008417630127428537,0.844158893706787,0.007505730104222804,1.0510664336609634,0.5353151635831715,4.350941539084519e-06,0.3705386254163837,0.3705386254163837,0.3705386254163837,0.3705386254163837
110,30s,MN,50mM 2DG_1h_yes_A_MN_4_2_0011,0.12628407721569895,1.526166799993291,12.085187884665212,4.166533197170806,[ 0.00011178 -0.00023532],[-0.00023532  0.00052751],0.5261667999932911,0.0073618975028321605,0.9803735088721746,0.02845044475653864,1.0782521745767135,0.9483611472138173,1.4685359670673191e-19,0.12628407721569895,0.12628407721569895,0.12628407721569895,0.12628407721569895
110,30s,MN,50mM 2DG_1h_yes_A_MN_4_2_0012,0.08960636154629466,0.9229423002372698,10.2999640238761,0.859957914069737,[0.00588973 0.00310141],[0.00310141 0.00167844],0.07705769976273025,0.00933694812432477,0.4866311636278844,-0.0038036847561161873,0.9940274139419629,0.46142711587697677,3.66666088262772e-05,0.0,0.0,0.0,0.0
110,30s,MN,50mM 2DG_1h_yes_A_MN_4_3_0004,0.12714776930190974,1.3964478980339963,10.982873751549347,3.118009070946726,[ 0.00014675 -0.00023018],[-0.00023018  0.00038484],0.39644789803399627,0.005846639634324418,0.9739356722731076,0.021273563796746896,1.0613600112481087,0.9433510382216511,5.382321146332453e-19,0.12714776930190974,0.12714776930190974,0.12714776930190974,0.12714776930190974
110,30s,MN,50mM 2DG_1h_yes_A_MN_4_3_0006,0.13434120105989786,1.4339943579598629,10.674270786968005,3.2305380221095428,[ 0.00015948 -0.00024982],[-0.00024982  0.00042098],0.43399435795986285,0.007568724421016767,0.9730712710095833,0.023874636165162486,1.0693226798504285,0.9339782078421593,4.612330188072893e-18,0.13434120105989786,0.13434120105989786,0.13434120105989786,0.13434120105989786
110,30s,MN,50mM 2DG_1h_yes_A_MN_4_3_0011,0.27272321609712397,1.1854613136972874,4.3467561385573905,0.6800349319408131,[ 0.00130025 -0.0002284 ],[-2.28401388e-04  5.79798567e-05],0.18546131369728736,0.008226566424047168,0.8894689600698367,0.010611822482124285,1.060881560625661,0.7454711944831672,8.199121605407826e-10,0.27272321609712397,0.27272321609712397,0.27272321609712397,0.27272321609712397
110,30s,MN,50mM 2DG_1h_yes_A_MN_4_3_0012,0.18755780181810167,1.235647484545039,6.5880889654667705,1.2563992660437333,[ 0.00030498 -0.00014323],[-1.43225395e-04  7.91008905e-05],0.23564748454503892,0.004321929760821558,0.9566724526002917,0.013416275805005956,1.0570793774133205,0.8916906750331949,4.818998720856025e-15,0.18755780181810167,0.18755780181810167,0.18755780181810167,0.18755780181810167
110,30s,MN,50mM 2DG_1h_yes_A_MN_4_3_0015,0.41569452361654374,1.1493900658617362,2.7649872696470448,0.3593746305870044,[ 0.00328895 -0.00018727],[-1.87274166e-04  2.28945274e-05],0.1493900658617362,0.006795375310169801,0.8583449486648489,0.007030156075500916,1.0717073320444,0.5149892113340685,8.060232545627808e-06,0.41569452361654374,0.41569452361654374,0.41569452361654374,0.41569452361654374
110,30s,MN,50mM 2DG_1h_yes_A_MN_4_3_0017,0.28991608707730643,1.2616904126698927,4.351915843612574,0.9026419172114194,[ 0.00063224 -0.00013783],[-1.37828726e-04  4.55197600e-05],0.2616904126698927,0.006867875052164082,0.9454872097389185,0.01457568227644955,1.0925933700630248,0.7764849718192315,1.305069501704361e-10,0.28991608707730643,0.28991608707730643,0.28991608707730643,0.28991608707730643
110,30s,MN,50mM 2DG_1h_yes_A_MN_4_3_0018,0.17349862363669097,1.2073648829272936,6.958930610628566,1.1951961265209754,[ 0.00104963 -0.00050126],[-0.00050126  0.00027398],0.2073648829272936,0.011884331616524151,0.8668748807173335,0.011946969075930175,1.0440405966982302,0.7895567717890927,5.570572933570244e-11,0.17349862363669097,0.17349862363669097,0.17349862363669097,0.17349862363669097
110,30s,MN,50mM 2DG_1h_yes_A_MN_4_3_0019,0.294117577267983,1.1969782470739625,4.069727005752346,0.6697261989700373,[ 4.62638314e-04 -7.36383567e-05],[-7.36383567e-05  1.79656046e-05],0.1969782470739625,0.0030093738848791726,0.9631766823684259,0.010867004631255927,1.0702817447851003,0.7174710238590699,3.5968916592788097e-09,0.294117577267983,0.294117577267983,0.294117577267983,0.294117577267983
110,30s,MN,50mM 2DG_1h_yes_A_MN_4_4_0008,0.16682024170834572,1.2658684339211033,7.5882184377495365,1.5937420495165386,[ 0.00042435 -0.00027908],[-0.00027908  0.00020756],0.26586843392110326,0.007784178538077383,0.9381063722642374,0.01513174888528316,1.0554056363534776,0.8758154165832539,3.2975763584811235e-14,0.16682024170834572,0.16682024170834572,0.16682024170834572,0.16682024170834572
110,30s,MN,50mM 2DG_1h_yes_A_MN_4_4_0010,0.14329230059977424,1.279712728057065,8.93078499473182,1.9520429701126993,[ 0.0003029  -0.00027404],[-0.00027404  0.00027002],0.27971272805706504,0.00633233311437684,0.953395710080458,0.015861737800043525,1.0458500459607627,0.9003515934584738,1.493737996677702e-15,0.14329230059977424,0.14329230059977424,0.14329230059977424,0.14329230059977424
110,30s,MN,50mM 2DG_1h_yes_A_MN_4_4_0012,0.1971145898014773,0.9812636804026612,4.978138256487937,0.095052931476097,[0.05430572 0.00184555],[1.84555373e-03 7.52343501e-05],0.01873631959733879,0.0054412592294019214,0.14209495637231306,-0.0011033384800500467,0.9957455651447873,0.10893715118754564,0.07486773093274887,,,,
110,30s,MN,50mM 2DG_1h_yes_A_MN_4_4_0013,0.3055849193799614,1.1709418255397943,3.83180501156818,0.5593922170198683,[ 0.00109968 -0.00014003],[-1.40034176e-04  2.82227479e-05],0.1709418255397943,0.005124187920193915,0.9147665269095101,0.009452635400427659,1.062800647093148,0.741830525544251,1.0025156160314696e-09,0.3055849193799614,0.3055849193799614,0.3055849193799614,0.3055849193799614
110,30s,MN,50mM 2DG_1h_yes_A_MN_4_4_0014,0.41997008671654534,1.1326890098816889,2.697070686003849,0.3159487165361994,[ 0.0039527  -0.00019544],[-1.95443800e-04  2.09835659e-05],0.13268900988168886,0.00648125051204013,0.85535268646977,0.0065462538064091705,1.0608634137072324,0.4910896861520427,1.6140959092700886e-05,0.41997008671654534,0.41997008671654534,0.41997008671654534,0.41997008671654534
110,30s,MN,50mM 2DG_1h_yes_A_MN_4_4_0015,0.321740421931722,1.1203841724018284,3.482261152251458,0.37416552038766115,[ 0.00301532 -0.00024214],[-2.42138914e-04  3.22066816e-05],0.12038417240182842,0.006616818222160821,0.8198767870730983,0.006680090393301441,1.0448363334340611,0.6230894148824304,2.1685301663340655e-07,0.321740421931722,0.321740421931722,0.321740421931722,0.321740421931722
110,30s,MN,50mM 2DG_1h_yes_A_MN_4_4_0018,0.1931810719230947,1.1701578812414162,6.057311255148514,0.880820670200836,[ 0.00097544 -0.00031283],[-0.00031283  0.00011935],0.17015788124141618,0.007289705276953227,0.8836872374678327,0.00988247659018328,1.0405065319659592,0.7907597285928414,5.1373665912807973e-11,0.1931810719230947,0.1931810719230947,0.1931810719230947,0.1931810719230947
110,30s,MN,50mM 2DG_1h_yes_A_MN_4_5_0003,2.3705579891168207,1.0149776036960603,0.4281597870019633,0.006318176465128513,[ 9.01336249e+01 -1.24447098e-02],[-1.24447098e-02  2.45571765e-05],0.014977603696060271,0.017784980517466367,0.025813645748712144,0.002603148928210984,0.9950948821831552,0.20551733421063068,0.011871164089341732,0.0,0.0,0.0,0.0
110,30s,MN,50mM 2DG_1h_yes_A_MN_4_5_0005,0.1535226640132617,1.2484316648120812,8.13190464636699,1.6182084020547027,[ 0.0003677  -0.00026206],[-0.00026206  0.00020658],0.24843166481208123,0.006074650471844091,0.9477682471302501,0.014387410561619886,1.0429543505264327,0.8697903946405994,6.421501345903503e-14,0.1535226640132617,0.1535226640132617,0.1535226640132617,0.1535226640132617
110,30s,MN,50mM 2DG_1h_yes_A_MN_4_5_0009,0.14907852023401863,1.0794062342295314,7.240521522048344,0.5326470513986997,[ 0.00447162 -0.00107242],[-0.00107242  0.00028252],0.07940623422953141,0.008321309346711636,0.5973272665294442,0.004700170213112951,1.012277515440025,0.5746162467855809,1.2233925536046517e-06,0.0,0.0,0.0,0.0
110,30s,MN,50mM 2DG_1h_yes_A_MN_4_5_0010,0.1477107574429176,1.4651483527644802,9.919036217322782,3.1490485921056592,[ 7.48769123e-05 -1.06893349e-04],[-0.00010689  0.00016728],0.4651483527644802,0.004039681590412186,0.9886346904670559,0.026766659549414352,1.0766008609009006,0.9149983997966668,1.6010989108394744e-16,0.1477107574429176,0.1477107574429176,0.1477107574429176,0.1477107574429176
110,30s,MN,50mM 2DG_1h_yes_A_MN_4_5_0012,0.25849332061712227,1.157680481313298,4.4785701949647,0.6099982813360686,[ 0.00098275 -0.00016402],[-1.64017712e-04  3.80788432e-05],0.15768048131329793,0.0049210165974554725,0.9167307228206325,0.009287476603714206,1.0471477102531106,0.738418522326459,1.2073576881661986e-09,0.25849332061712227,0.25849332061712227,0.25849332061712227,0.25849332061712227
110,30s,MN,50mM 2DG_1h_yes_A_MN_4_5_0016,0.21221742258516735,1.1995362011204602,5.652392657059346,0.9402442018651043,[ 0.000371   -0.00011643],[-1.16433266e-04  4.53170946e-05],0.19953620112046022,0.0035377805322492966,0.9589869712825934,0.01191770685924877,1.0491408249427177,0.8233034942149652,4.729755335352331e-12,0.21221742258516735,0.21221742258516735,0.21221742258516735,0.21221742258516735
110,30s,MN,50mM 2DG_1h_yes_A_MN_4_5_0017,0.16841508310137202,1.3595381377860771,8.072543817038923,2.1348333603212057,[ 0.00012736 -0.00011134],[-0.00011134  0.00011037],0.3595381377860771,0.004051759560230683,0.9815363571295896,0.020848956667622702,1.0722110837253127,0.9059711795898298,6.608307468060595e-16,0.16841508310137202,0.16841508310137202,0.16841508310137202,0.16841508310137202
110,30s,MN,50mM 2DG_1h_yes_A_MN_4_5_0018,0.11379450412066734,1.3098862229160233,11.510979664949582,2.723209045205038,[ 0.00016006 -0.00023494],[-0.00023494  0.00036206],0.3098862229160233,0.003936634667057883,0.9722484727951337,0.016470987925235856,1.0379720151825091,0.9338399620312899,4.7497240478113165e-18,0.11379450412066734,0.11379450412066734,0.11379450412066734,0.11379450412066734
110,30s,MN,50mM 2DG_1h_yes_A_MN_4_5_0019,0.3422704328905393,1.0749411404058928,3.140619338129236,0.21895300675842946,[ 0.00640797 -0.00028024],[-2.80235624e-04  2.15091067e-05],0.07494114040589284,0.005109233658301899,0.671616023300786,0.00402381854043112,1.030225311221209,0.5540588097233058,2.4076406225174183e-06,0.0,0.0,0.0,0.0
110,30s,MN,50mM 2DG_1h_yes_A_MN_4_6_0005,0.610699935169986,1.106658715764378,1.8121153319859837,0.17464995429333044,[ 0.02466165 -0.00042949],[-4.29494879e-04  2.50339516e-05],0.10665871576437791,0.01103789237283148,0.5818755686183523,0.004087253602544367,1.0639798248323138,0.3247476469599823,0.0010113981183441107,0.0,0.0,0.0,0.0
110,30s,MN,50mM 2DG_1h_yes_A_MN_4_6_0006,0.23963093739112198,1.2241566117555376,5.108508213017118,0.9354243412638852,[ 2.75107468e-04 -7.61871540e-05],[-7.61871540e-05  2.79528092e-05],0.22415661175553758,0.002866797922190091,0.9708012111865731,0.012924320151011859,1.0660967500104106,0.817688271561168,7.35226199339691e-12,0.23963093739112198,0.23963093739112198,0.23963093739112198,0.23963093739112198
110,30s,MN,50mM 2DG_1h_yes_A_MN_4_6_0007,0.17018327432828384,1.2756088384872495,7.495500621445312,1.6194825230333714,[ 0.00030888 -0.00020309],[-0.00020309  0.00015191],0.2756088384872495,0.006049627667364172,0.9557764138472412,0.015877741528372933,1.057226020640671,0.8857747807646038,1.0177520681948143e-14,0.17018327432828384,0.17018327432828384,0.17018327432828384,0.17018327432828384
110,30s,MN,50mM 2DG_1h_yes_A_MN_4_6_0012,0.11656230970759651,1.4360045021424483,12.319629782086087,3.7405273045480274,[ 0.00017381 -0.00034541],[-0.00034541  0.00072285],0.43600450214244835,0.008111556499728523,0.9689113372262076,0.023046308176609336,1.0584212105730142,0.9444676775263406,4.070849545909126e-19,0.11656230970759651,0.11656230970759651,0.11656230970759651,0.11656230970759651
110,30s,MN,50mM 2DG_1h_yes_A_MN_4_7_0004,0.5983131293414135,1.1391742812611456,1.9039767395963365,0.2326111101963284,[ 0.0086465 -0.0002055],[-2.05500272e-04  1.59582804e-05],0.13917428126114562,0.006797247398105701,0.8445937634012085,0.005028499003571611,1.083686243095492,0.29079411075607975,0.002104907927205143,0.5983131293414135,0.5983131293414135,0.5983131293414135,0.5983131293414135
110,30s,MN,50mM 2DG_1h_yes_A_MN_4_7_0005,0.4117702701763772,1.12026005624553,2.7205948009934744,0.29205618995761395,[ 0.00540374 -0.00025293],[-2.52930221e-04  2.51548922e-05],0.12026005624553004,0.0075479503026435225,0.8172201960660881,0.005958522707462173,1.054187821111156,0.4397855305948582,6.500219261199536e-05,0.4117702701763772,0.4117702701763772,0.4117702701763772,0.4117702701763772
110,30s,MN,50mM 2DG_1h_yes_A_MN_4_7_0006,0.1298220316117702,1.3392810370346744,10.316284689179442,2.6134318868871698,[ 0.00025994 -0.0003371 ],[-0.0003371   0.00046751],0.3392810370346744,0.007755462224462115,0.9562457057403018,0.018510933967035993,1.0518996075164215,0.9204940699318114,6.26361276005851e-17,0.1298220316117702,0.1298220316117702,0.1298220316117702,0.1298220316117702
110,30s,MN,50mM 2DG_1h_yes_A_MN_4_7_0007,0.35614704764924143,1.0714953606965798,3.0085757210933375,0.2007467453920703,[ 0.00635425 -0.00024314],[-2.43143433e-04  1.69777111e-05],0.0714953606965798,0.004294992992625506,0.7355665024010976,0.004030767651356706,1.0271688294776165,0.5315618807792553,4.884882743427215e-06,0.35614704764924143,0.35614704764924143,0.0,0.0
110,30s,MN,50mM 2DG_1h_yes_A_MN_4_7_0008,1.3596902314239693e-05,-240.79595655099592,-17709618.778301906,17783164.941750675,[2.11068816e-03 3.75315530e+04],[3.75315530e+04 6.67373562e+11],241.79595655099592,0.010359201382200577,0.47804349487075337,-0.004214151029520741,1.0091124486506444,0.5116096437911248,8.909099444114919e-06,0.0,0.0,0.0,0.0
110,30s,MN,50mM 2DG_1h_yes_A_MN_4_7_0011,0.16347805791291295,1.2648467149411653,7.737103872465666,1.6200750016387695,[ 0.00029399 -0.00019976],[-0.00019976  0.00015261],0.2648467149411653,0.005449684215522388,0.9558047110939359,0.015066429114316156,1.0537247619130239,0.8974307470417267,2.2417349193515407e-15,0.16347805791291295,0.16347805791291295,0.16347805791291295,0.16347805791291295
110,30s,MN,50mM 2DG_1h_yes_A_MN_4_8_0010,0.18033257224600505,1.3388761247120222,7.424483042839105,1.8791731326814112,[ 0.00021046 -0.00015296],[-0.00015296  0.00012888],0.3388761247120222,0.00590892429593352,0.9700533868041427,0.01947556301953386,1.07644762283714,0.8941737187766113,3.4784426479824745e-15,0.18033257224600505,0.18033257224600505,0.18033257224600505,0.18033257224600505
110,30s,MN,50mM 2DG_1h_yes_A_MN_4_8_0015,0.1234077836116682,1.3542984519115624,10.974173688858906,2.8709570947846075,[ 0.00024063 -0.00035426],[-0.00035426  0.00055347],0.3542984519115624,0.007856731425279956,0.9549045145416584,0.01851268774066815,1.0564266749359876,0.9504698133709071,8.183577452396021e-20,0.1234077836116682,0.1234077836116682,0.1234077836116682,0.1234077836116682
110,30s,MN,50mM 2DG_1h_yes_A_MN_4_8_0017,2.046303385118021e-05,-65.0582157188575,-3179304.505480513,3228173.1144694155,[3.53971288e-02 1.14253477e+05],[1.14253477e+05 3.68782933e+11],66.0582157188575,0.012965170328903134,0.21346635786962875,-0.0037148870660406235,1.0232385277544638,0.4732238881596614,2.6595119150589154e-05,0.0,0.0,0.0,0.0
110,30s,MN,50mM 2DG_1h_yes_A_MN_4_8_0019,0.3998779611129364,1.1315792117620271,2.829811396988789,0.3290484211628397,[ 0.00284421 -0.00015538],[-1.55375125e-04  1.74700185e-05],0.13157921176202714,0.004962439101371599,0.8482561678102429,0.006594507985303759,1.0602571627975566,0.6693651183171024,3.3545793001577544e-08,0.3998779611129364,0.3998779611129364,0.3998779611129364,0.3998779611129364
110,30s,MN,50mM 2DG_1h_yes_A_MN_4_8_0020,0.10789424018521526,1.3618449980329064,12.622036131818646,3.3537007852481264,[ 0.00020676 -0.00038545],[-0.00038545  0.00075   ],0.3618449980329064,0.006784848263157803,0.9600359141395707,0.018214947922108288,1.0479913154515172,0.954904550971108,2.1962465710863723e-20,0.10789424018521526,0.10789424018521526,0.10789424018521526,0.10789424018521526
110,30s,MN,50mM 2DG_1h_yes_A_MN_4_8_0022,0.6455150890435122,1.1283329460452185,1.7479575074180196,0.1988070429699405,[ 0.00613507 -0.0001139 ],[-1.13904363e-04  7.55210996e-06],0.1283329460452185,0.0033990084126160262,0.8918686713689741,0.004664320204538772,1.078448229581746,0.34934020657394815,0.0005833864908938454,0.6455150890435122,0.0,0.6455150890435122,0.0
110,30s,MN,50mM 2DG_1h_yes_A_MN_4_8_0025,1.0641988468941783,1.0741907767922771,1.0093891568547173,0.06971514487992536,[ 0.08839062 -0.00032514],[-3.25138924e-04  7.52828408e-06],0.07419077679227715,0.004418491239591791,0.6309658961153923,0.0006886845985927805,1.063017989057955,0.02078962499908981,0.44715431114961657,,,,
110,30s,MN,6mM 2DG_1h_yes_A_MN_6_1_0002,0.2738888206471269,1.2521816805918848,4.571861230528908,0.9207447021607023,[ 0.00069349 -0.00016417],[-1.64173933e-04  5.63445419e-05],0.25218168059188484,0.0076554867352998926,0.9387220313091393,0.014565834404355986,1.0819061174519768,0.7938525256784541,4.1631294616211984e-11,0.2738888206471269,0.2738888206471269,0.2738888206471269,0.2738888206471269
110,30s,MN,6mM 2DG_1h_yes_A_MN_6_1_0003,0.269634032766494,1.383821248576187,5.132220270482662,1.4234896264322103,[ 0.00028014 -0.00010429],[-1.04285601e-04  5.56358647e-05],0.38382124857618694,0.006756518876865561,0.9726154466721555,0.021660619074228463,1.127898354102686,0.8222009012990804,5.163321444383874e-12,0.269634032766494,0.269634032766494,0.269634032766494,0.269634032766494
110,30s,MN,6mM 2DG_1h_yes_A_MN_6_1_0004,0.20879788075713573,1.2539796496134852,6.005710618643959,1.2163899781574068,[ 0.00055072 -0.00022707],[-0.00022707  0.00011521],0.2539796496134852,0.008193727247193725,0.9308356205509536,0.014606212060124973,1.067507224918851,0.8571163149491458,2.3732220564587583e-13,0.20879788075713573,0.20879788075713573,0.20879788075713573,0.20879788075713573
110,30s,MN,6mM 2DG_1h_yes_A_MN_6_1_0005,0.2847390835731151,1.3603240593174724,4.777440603682245,1.2654534628539977,[ 0.00038549 -0.00012019],[-1.20192330e-04  5.59667752e-05],0.36032405931747236,0.007644121609916418,0.96624654248858,0.020348102258440318,1.1235973632767438,0.790978974881211,5.061870370487622e-11,0.2847390835731151,0.2847390835731151,0.2847390835731151,0.2847390835731151
110,30s,MN,6mM 2DG_1h_yes_A_MN_6_1_0009,0.19783187219435056,1.461434590747923,7.387255524287844,2.3324582921330714,[ 0.00032569 -0.00027071],[-0.00027071  0.00027031],0.4614345907479229,0.015013539947133428,0.9552975761646916,0.0264601792566644,1.117137291367122,0.8994016640927635,1.7067625028179939e-15,0.19783187219435056,0.19783187219435056,0.19783187219435056,0.19783187219435056
110,30s,MN,6mM 2DG_1h_yes_A_MN_6_1_0012,0.7699598504968315,1.1280180808029183,1.4650349366594153,0.16626591726868897,[ 0.03393306 -0.00042906],[-4.29058023e-04  2.37590061e-05],0.12801808080291832,0.011757680596583464,0.7023035936385786,0.0036271602986692082,1.0875151793461644,0.16743198964273256,0.024749343176728753,0.7699598504968315,0.0,0.0,0.0
110,30s,MN,6mM 2DG_1h_yes_A_MN_6_1_0014,0.19523666257237093,1.3605524438353975,6.968734385792237,1.8467455809010607,[ 0.00031921 -0.0002126 ],[-0.0002126   0.00016918],0.36055244383539753,0.00941310471262198,0.9572150610910429,0.0208546551848939,1.0883183114763284,0.8868026441732669,8.962902787017424e-15,0.19523666257237093,0.19523666257237093,0.19523666257237093,0.19523666257237093
110,30s,MN,6mM 2DG_1h_yes_A_MN_6_1_0015,0.22495383071487485,1.3395649671011278,5.954843991072122,1.5094873735736496,[ 0.00039286 -0.00018706],[-0.00018706  0.00011381],0.3395649671011278,0.009153390743785721,0.9527663492632679,0.01954014754795937,1.0965589472855162,0.8705599140509852,5.907717405264399e-14,0.22495383071487485,0.22495383071487485,0.22495383071487485,0.22495383071487485
110,30s,MN,6mM 2DG_1h_yes_A_MN_6_2_0001,0.22308310137437,1.2887756609694092,5.7771102025636285,1.2944757320940967,[ 0.00069513 -0.00028619],[-0.00028619  0.00014988],0.2887756609694092,0.012251310405671005,0.9139680424653291,0.016282014016292718,1.084799392800492,0.8542607451161479,3.135614213906292e-13,0.22308310137437,0.22308310137437,0.22308310137437,0.22308310137437
110,30s,MN,6mM 2DG_1h_yes_A_MN_6_2_0002,0.307245650054138,1.2686681930055383,4.129165678283789,0.8744409984590437,[ 0.00084474 -0.00016712],[-1.67121063e-04  5.25730833e-05],0.26866819300553835,0.00901282004092465,0.9347884581906257,0.015099494422719734,1.0970082506759828,0.769400685171476,2.0285117028510302e-10,0.307245650054138,0.307245650054138,0.307245650054138,0.307245650054138
110,30s,MN,6mM 2DG_1h_yes_A_MN_6_2_0004,0.33423755398584154,1.2265974185886812,3.669837227927537,0.6779531979170719,[ 6.37492164e-04 -8.87504894e-05],[-8.87504894e-05  2.11997381e-05],0.2265974185886812,0.004348517171596783,0.9552041479934623,0.012305615563509469,1.0886835525687746,0.7467673141010734,7.627490461501712e-10,0.33423755398584154,0.33423755398584154,0.33423755398584154,0.33423755398584154
110,30s,MN,6mM 2DG_1h_yes_A_MN_6_2_0008,0.24124890211083116,1.3532555749163746,5.609375060677711,1.4642784768159771,[ 2.18903131e-04 -9.42447910e-05],[-9.42447910e-05  5.39763214e-05],0.3532555749163746,0.005277857502177545,0.9753680716525557,0.020132295977495836,1.1075142761606378,0.8526435467994468,3.662683423673574e-13,0.24124890211083116,0.24124890211083116,0.24124890211083116,0.24124890211083116
110,30s,MN,6mM 2DG_1h_yes_A_MN_6_2_0012,0.20402717994598707,1.3256427815980594,6.497383250354203,1.5960754919235176,[ 0.00040075 -0.00022156],[-0.00022156  0.00014914],0.32564278159805937,0.009604006600906404,0.9471663366196171,0.01873634453377275,1.0847313719429985,0.8865919437285396,9.20032621657369e-15,0.20402717994598707,0.20402717994598707,0.20402717994598707,0.20402717994598707
110,30s,MN,6mM 2DG_1h_yes_A_MN_6_2_0013,0.2120642966551979,1.4016586778963451,6.609592939519407,1.8940419685517114,[ 0.00033053 -0.0002091 ],[-0.0002091  0.000164 ],0.40165867789634513,0.01116413311557296,0.9585953818373144,0.023165461651421523,1.1075078291756313,0.8694647743613714,6.651163352132758e-14,0.2120642966551979,0.2120642966551979,0.2120642966551979,0.2120642966551979
110,30s,MN,6mM 2DG_1h_yes_A_MN_6_3_0001,0.3430714215748074,1.1333695169777107,3.303596410844082,0.38875146278725875,[ 0.00601555 -0.00046581],[-4.6581151e-04  6.3448381e-05],0.1333695169777107,0.01451628549561284,0.6827414715816773,0.007619285135394232,1.050611527600196,0.6481002353390287,8.146561586783865e-08,0.0,0.0,0.0,0.0
110,30s,MN,6mM 2DG_1h_yes_A_MN_6_3_0004,0.3432344224048306,1.2817128587442281,3.7342200405310795,0.8207593421733198,[ 0.00100487 -0.00016419],[-1.64190721e-04  4.72128547e-05],0.28171285874422813,0.009642600723403021,0.9285306074625741,0.015117058450857628,1.1139239643305248,0.7717396995876913,1.7562492509277774e-10,0.3432344224048306,0.3432344224048306,0.3432344224048306,0.3432344224048306
110,30s,MN,6mM 2DG_1h_yes_A_MN_6_3_0005,0.48205724385850235,1.2047196839781809,2.4991216278285004,0.4246791985523445,[ 1.65775782e-03 -9.32528003e-05],[-9.32528003e-05  1.33149704e-05],0.20471968397818086,0.004490666823514344,0.9387112699895283,0.009511855851154223,1.1037849376754472,0.5922611356081406,6.669507071384715e-07,0.48205724385850235,0.48205724385850235,0.48205724385850235,0.48205724385850235
110,30s,MN,6mM 2DG_1h_yes_A_MN_6_3_0009,0.28811051719066527,1.3118665553220867,4.553344904288662,1.0824546023625379,[ 3.67531603e-04 -9.67520742e-05],[-9.67520742e-05  3.83935940e-05],0.31186655532208674,0.005662250695320611,0.9655161694736256,0.01717825504001121,1.1121177133437772,0.8193258061839405,6.473840710881905e-12,0.28811051719066527,0.28811051719066527,0.28811051719066527,0.28811051719066527
110,30s,MN,6mM 2DG_1h_yes_A_MN_6_3_0010,3.868834610433174,1.069209702547672,0.27636479979379575,0.01788903106920945,[ 1.48070121e+01 -3.13810749e-03],[-3.13810749e-03  1.40400196e-05],0.06920970254767189,0.010046770504203443,0.3029844845328159,0.00011796920736034623,1.0656588927538762,0.0005073846555142503,0.9059504415448482,,,,
110,30s,MN,6mM 2DG_1h_yes_A_MN_6_3_0011,0.2752520380016756,1.2999474954225851,4.722753389439652,1.089719435322616,[ 0.00071831 -0.00020017],[-2.00172302e-04  8.11688515e-05],0.29994749542258514,0.010835718580019393,0.926173531789934,0.016545165956900504,1.1057194448701781,0.8474518420350711,5.964219940670352e-13,0.2752520380016756,0.2752520380016756,0.2752520380016756,0.2752520380016756
110,30s,MN,6mM 2DG_1h_yes_A_MN_6_3_0015,0.2949710720562643,1.332737551195535,4.51819746900917,1.1280345183546234,[ 0.00060593 -0.00016192],[-1.61920754e-04  6.64796262e-05],0.33273755119553505,0.009938054031252478,0.949374618001185,0.018796206886294024,1.1168174607008474,0.7928584152454617,4.4557404492744466e-11,0.2949710720562643,0.2949710720562643,0.2949710720562643,0.2949710720562643
110,30s,MN,6mM 2DG_1h_yes_A_MN_6_3_0017,0.225319023276161,1.3809370295184191,6.1288079871795,1.6906563146757734,[ 0.00023268 -0.00012389],[-1.23893803e-04  8.43661041e-05],0.3809370295184191,0.007107922829215065,0.9702746472155431,0.021455249959367918,1.112643585454664,0.8873472915829644,8.375295980688148e-15,0.225319023276161,0.225319023276161,0.225319023276161,0.225319023276161
110,30s,MN,6mM 2DG_1h_yes_A_MN_6_3_0018,0.1763774905202715,1.4013543315844508,7.9451993984651335,2.2755416827881567,[ 0.00025305 -0.00022693],[-0.00022693  0.00023417],0.4013543315844508,0.00949457027768429,0.9619272250591827,0.02274213480156007,1.091450040416897,0.9112469119895522,2.9365357268414257e-16,0.1763774905202715,0.1763774905202715,0.1763774905202715,0.1763774905202715
110,30s,MN,6mM 2DG_1h_yes_A_MN_6_3_0020,0.2764515727253951,1.2727666235874469,4.6039406144081205,0.9866705437714814,[ 0.00084773 -0.00021289],[-2.12886426e-04  7.80458803e-05],0.27276662358744685,0.010583947510120807,0.9189258097338086,0.015259657443201378,1.0941603702328524,0.8156511214933643,8.599681418870003e-12,0.2764515727253951,0.2764515727253951,0.2764515727253951,0.2764515727253951
110,30s,MN,6mM 2DG_1h_yes_A_MN_6_3_0021,0.3428099171659856,1.278634519931408,3.729864440626157,0.8127959722836594,[ 0.00215347 -0.00034896],[-3.48955867e-04  9.93936503e-05],0.278634519931408,0.02028624849016745,0.8436188816927543,0.014800156523873493,1.1149494694980604,0.7704292697589623,1.9042786138408333e-10,0.3428099171659856,0.3428099171659856,0.3428099171659856,0.3428099171659856
110,30s,MN,6mM 2DG_1h_yes_A_MN_6_3_0022,0.25632074515948644,1.2689310402366187,4.950559266855563,1.0491973252858873,[ 0.00071361 -0.00020669],[-2.06688929e-04  8.27997398e-05],0.26893104023661873,0.009820412961688306,0.9216752401452769,0.015012602508579886,1.0891059512475725,0.8510053877458303,4.27961606956365e-13,0.25632074515948644,0.25632074515948644,0.25632074515948644,0.25632074515948644
110,30s,MN,6mM 2DG_1h_yes_A_MN_6_4_0002,0.2665780788381736,1.2716149482654475,4.770140717524573,1.0188945371998557,[ 0.00111095 -0.00029968],[-0.00029968  0.0001149 ],0.2716149482654475,0.014649417972782994,0.8846679749450915,0.014997746109615044,1.0939207038540883,0.8243824064782336,4.338478308886923e-12,0.2665780788381736,0.2665780788381736,0.2665780788381736,0.2665780788381736
110,30s,MN,6mM 2DG_1h_yes_A_MN_6_4_0003,0.2615634988969144,1.3069078444443867,4.996522259244805,1.1733588430293291,[ 0.00044765 -0.00014192],[-1.41916794e-04  6.30976511e-05],0.3069078444443867,0.007675057093095903,0.9599263072070404,0.018020880553754576,1.0933800725010894,0.7859633195014291,7.075471644838244e-11,0.2615634988969144,0.2615634988969144,0.2615634988969144,0.2615634988969144
110,30s,MN,6mM 2DG_1h_yes_A_MN_6_4_0004,0.4000189071278724,1.1829744353426437,2.9572963034081963,0.45741446737204594,[ 0.00172668 -0.00013107],[-1.31068624e-04  2.04852699e-05],0.18297443534264368,0.005609739679692014,0.9140966712351268,0.00939302938549024,1.0811572440839923,0.6553203187567228,6.063876832698211e-08,0.4000189071278724,0.4000189071278724,0.4000189071278724,0.4000189071278724
110,30s,MN,6mM 2DG_1h_yes_A_MN_6_4_0005,0.21183184029071103,1.603786993512139,7.571038382667849,2.8503127418593994,[ 0.00018129 -0.00017278],[-0.00017278  0.00020403],0.6037869935121389,0.012544197492630062,0.9772720422262979,0.03506130599316255,1.1591180370885077,0.8813772492172618,1.7311179787959616e-14,0.21183184029071103,0.21183184029071103,0.21183184029071103,0.21183184029071103
110,30s,MN,6mM 2DG_1h_yes_A_MN_6_4_0006,0.4094764207488706,1.2145420722222466,2.966085495230794,0.5239424331928113,[ 0.00200034 -0.0001691 ],[-1.69102996e-04  3.01899628e-05],0.21454207222224664,0.008401577385035445,0.8966737644885411,0.011004238660491581,1.0968497798692138,0.7116668971390234,4.799291017175654e-09,0.4094764207488706,0.4094764207488706,0.4094764207488706,0.4094764207488706
110,30s,MN,6mM 2DG_1h_yes_A_MN_6_4_0008,0.44457605303968756,1.2336553802451982,2.7749029031374053,0.5255689744142373,[ 9.17902008e-04 -7.04773516e-05],[-7.04773516e-05  1.25216641e-05],0.23365538024519816,0.003875541964236959,0.9622127264106382,0.011483214428121514,1.1106044054051998,0.6177351902478471,2.6522761830880713e-07,0.44457605303968756,0.44457605303968756,0.44457605303968756,0.44457605303968756
110,30s,MN,6mM 2DG_1h_yes_A_MN_6_4_0011,0.36401106707912245,1.2129717877210378,3.3322387625576857,0.5850695404124777,[ 0.00119497 -0.00012986],[-1.29863769e-04  2.63252359e-05],0.21297178772103775,0.0063102342221742665,0.9214410696582206,0.010974571204755494,1.0918079368541604,0.729594864391759,1.9316694962069042e-09,0.36401106707912245,0.36401106707912245,0.36401106707912245,0.36401106707912245
110,30s,MN,6mM 2DG_1h_yes_A_MN_6_5_0003,0.21563273792646181,1.4456160076794795,6.704065540235752,2.066550802835189,[ 0.00026172 -0.00017779],[-0.00017779  0.00015096],0.4456160076794795,0.010437987976382561,0.9676362222460358,0.025785799159098895,1.1203786419152346,0.8748563751343529,3.674427466167972e-14,0.21563273792646181,0.21563273792646181,0.21563273792646181,0.21563273792646181
110,30s,MN,6mM 2DG_1h_yes_A_MN_6_5_0004,0.22765358764372795,1.4377989116455825,6.315731399303494,1.923092520425053,[ 0.00023368 -0.00014009],[-0.00014009  0.00010802],0.4377989116455825,0.008415691589995198,0.971933993165802,0.02509775324641308,1.1262677243265147,0.872064700152118,5.011585387767814e-14,0.22765358764372795,0.22765358764372795,0.22765358764372795,0.22765358764372795
110,30s,MN,6mM 2DG_1h_yes_A_MN_6_5_0005,0.22619594899423628,1.3925818470720088,6.156528679067958,1.735583014716202,[ 0.00028117 -0.0001531 ],[-0.0001531   0.00010684],0.3925818470720088,0.008610023662944218,0.9663314542243805,0.0226273880285366,1.111657612338569,0.8739742174636422,4.056036161684025e-14,0.22619594899423628,0.22619594899423628,0.22619594899423628,0.22619594899423628
110,30s,MN,6mM 2DG_1h_yes_A_MN_6_5_0006,0.03326643329665907,0.619586425297204,18.624973100420377,11.435358017205912,[0.00266295 0.02533586],[0.02533586 0.24172619],0.380413574702796,0.03319866206027144,0.4784127434977564,-0.007818542440893255,0.9726111492884301,0.5686531273162113,1.4935984405442937e-06,0.0,0.0,0.0,0.0
110,30s,MN,6mM 2DG_1h_yes_A_MN_6_5_0007,0.3166849419222324,1.1672544587162952,3.6858539961869585,0.5281414951436734,[ 0.00152944 -0.00017655],[-1.76546705e-04  3.32770097e-05],0.16725445871629518,0.006390104155877019,0.8775519151876197,0.00906449141084433,1.0648440366242853,0.7770367224150944,1.260273026545345e-10,0.3166849419222324,0.3166849419222324,0.3166849419222324,0.3166849419222324
110,30s,MN,6mM 2DG_1h_yes_A_MN_6_5_0011,0.1976290679766654,1.391656085536504,7.041758076300905,1.9817736811001305,[ 0.00031354 -0.00022163],[-0.00022163  0.00018813],0.3916560855365041,0.010598167650763182,0.957769023479989,0.02259582674660206,1.0978937460004752,0.8928573338081938,4.138530121023407e-15,0.1976290679766654,0.1976290679766654,0.1976290679766654,0.1976290679766654
110,30s,MN,6mM 2DG_1h_yes_A_MN_6_6_0004,0.24853470005255263,1.361427381343568,5.477816099947791,1.4542330759734727,[ 0.00024234 -0.00010048],[-1.00484016e-04  5.64689192e-05],0.361427381343568,0.005701835275567067,0.9734233147897206,0.020483910545696357,1.1134942073084417,0.8473923134173539,5.99708093332119e-13,0.24853470005255263,0.24853470005255263,0.24853470005255263,0.24853470005255263
110,30s,MN,6mM 2DG_1h_yes_A_MN_6_6_0006,0.27921400174062716,1.264576947742937,4.529059932021791,0.9475776504529054,[ 3.36376959e-04 -8.02474970e-05],[-8.02474970e-05  2.81597803e-05],0.26457694774293694,0.00394255967901026,0.9685789042067638,0.014653563792331471,1.0922047739526357,0.790910587560494,5.085307707646016e-11,0.27921400174062716,0.27921400174062716,0.27921400174062716,0.27921400174062716
110,30s,MN,6mM 2DG_1h_yes_A_MN_6_6_0007,0.2074039813795983,1.3725816123903236,6.617913519597171,1.7964053048162618,[ 0.00025646 -0.00015715],[-0.00015715  0.00011813],0.3725816123903236,0.007730921560706472,0.9673698723201972,0.021583097600480952,1.0966728020584464,0.8769400727773435,2.901499593329239e-14,0.2074039813795983,0.2074039813795983,0.2074039813795983,0.2074039813795983
110,30s,MN,6mM 2DG_1h_yes_A_MN_6_6_0008,0.226954126299109,1.3530105241722088,5.961603546211975,1.5554267724877875,[ 0.00027493 -0.00013372],[-1.33721039e-04  8.35065676e-05],0.3530105241722088,0.0068460145998296175,0.9683267716944907,0.020401603110345792,1.0996333533675844,0.8478241583223733,5.7624609719868e-13,0.226954126299109,0.226954126299109,0.226954126299109,0.226954126299109
110,30s,MN,6mM 2DG_1h_yes_A_MN_6_6_0009,0.31478414005947264,1.2576810401039624,3.9953761325661032,0.8185960069502815,[ 0.00070426 -0.00012687],[-1.26874573e-04  3.71234919e-05],0.2576810401039624,0.006546766595400949,0.9426089046407385,0.01398702656029519,1.0987814303114598,0.7860331867706483,7.042917919007444e-11,0.31478414005947264,0.31478414005947264,0.31478414005947264,0.31478414005947264
110,30s,MN,6mM 2DG_1h_yes_A_MN_6_7_0004,0.3411379865226141,1.1623121196366142,3.4071612237752484,0.47579608853045297,[ 0.00192518 -0.00018367],[-1.83666324e-04  3.06547986e-05],0.16231211963661418,0.006905044259475607,0.8900665532483213,0.009137635284484049,1.0609841089616427,0.6748940401691902,2.639274485161945e-08,0.3411379865226141,0.3411379865226141,0.3411379865226141,0.3411379865226141
110,30s,MN,6mM 2DG_1h_yes_A_MN_6_7_0005,0.32689590782249683,1.241418186898035,3.797594760874523,0.7385170053249002,[ 5.08653145e-04 -7.91546730e-05],[-7.91546730e-05  2.07013554e-05],0.24141818689803496,0.004021649480281347,0.9633042856536975,0.013086483261687326,1.0934800359833967,0.7366071038444248,1.3313201491750014e-09,0.32689590782249683,0.32689590782249683,0.32689590782249683,0.32689590782249683
110,30s,MN,6mM 2DG_1h_yes_A_MN_6_7_0006,0.251192635638968,1.258356689890271,5.009528590236504,1.0285201603664833,[ 0.00095242 -0.00027622],[-0.00027622  0.00010933],0.25835668989027094,0.012370457291233025,0.9126704575893749,0.015363505782398531,1.0752016405443265,0.7889514063773225,5.80120214557366e-11,0.251192635638968,0.251192635638968,0.251192635638968,0.251192635638968
110,30s,MN,6mM 2DG_1h_yes_A_MN_6_7_0010,0.1994159077847193,1.4648814133517147,7.34586036603026,2.331215290274537,[ 0.00026495 -0.00021851],[-0.00021851  0.00021722],0.46488141335171473,0.01239536324566955,0.9652648072209142,0.026956614398094374,1.1156596685825424,0.8826547276750155,1.486626750617473e-14,0.1994159077847193,0.1994159077847193,0.1994159077847193,0.1994159077847193
110,30s,MN,6mM 2DG_1h_yes_A_MN_6_7_0011,0.22375827886035782,1.22979396340527,5.496082512203961,1.0269741284016527,[ 0.00085412 -0.00027815],[-0.00027815  0.00011541],0.22979396340526992,0.010112476820189693,0.9079063871557017,0.013483681360123815,1.0623961206816444,0.8080874326853278,1.516441819045651e-11,0.22375827886035782,0.22375827886035782,0.22375827886035782,0.22375827886035782
110,30s,MN,6mM 2DG_1h_yes_A_MN_6_7_0013,0.44597374192722794,1.1912205654843477,2.6710553862131325,0.4287709062376822,[ 0.00443383 -0.00027668],[-2.76680257e-04  4.00937918e-05],0.19122056548434774,0.012596411959589274,0.8417411323909415,0.009884552437413752,1.0870499730934382,0.5965276561477022,5.737689685250291e-07,0.44597374192722794,0.44597374192722794,0.44597374192722794,0.44597374192722794
110,30s,MN,6mM 2DG_1h_yes_A_MN_6_7_0014,0.5906373590960382,1.0882779369186257,1.8425484269810144,0.1494621624574067,[ 0.02851065 -0.00044214],[-4.42135785e-04  2.20662024e-05],0.08827793691862573,0.00965954018236092,0.5859067878602076,0.003853145643048251,1.048572192385518,0.3321359744937992,0.0008588442196242906,0.0,0.0,0.0,0.0
110,30s,MN,6mM 2DG_1h_yes_A_MN_6_7_0016,0.2963323360297471,1.2945441407631648,4.368555109804867,0.993965574967145,[ 0.00082711 -0.00019375],[-1.93753252e-04  6.99986928e-05],0.2945441407631648,0.011242928715925016,0.9336961616275782,0.016426422851983973,1.104967120845548,0.7462938131854653,7.831876970307443e-10,0.2963323360297471,0.2963323360297471,0.2963323360297471,0.2963323360297471
110,30s,MN,6mM 2DG_1h_yes_A_MN_6_7_0017,0.541841163589692,1.1331806351051714,2.0913520626558926,0.24579276004586123,[ 0.01493536 -0.0004223 ],[-4.22295702e-04  3.47298689e-05],0.13318063510517142,0.01382245069120673,0.7165898496455319,0.004762660451907669,1.0789628421948663,0.23619589888205375,0.006472001067839011,0.541841163589692,0.541841163589692,0.0,0.0
110,30s,MN,6mM 2DG_1h_yes_A_MN_6_7_0018,0.18834854880954058,1.3509051060936945,7.172368009374681,1.8630624356364556,[ 0.00055655 -0.00038614],[-0.00038614  0.00031557],0.3509051060936945,0.016382202648349838,0.9280069540814564,0.020571353706804806,1.08001099544063,0.8625967081042437,1.3685541721852312e-13,0.18834854880954058,0.18834854880954058,0.18834854880954058,0.18834854880954058
110,30s,MN,6mM 2DG_1h_yes_A_MN_6_7_0019,0.2756768063220199,1.3467858602351757,4.885379652367222,1.257943549411599,[ 0.00055236 -0.00017739],[-1.77391182e-04  8.29919709e-05],0.34678586023517566,0.011080326775040162,0.9457273901534508,0.019141711777453867,1.121299606771731,0.8128524113040707,1.0636089326582975e-11,0.2756768063220199,0.2756768063220199,0.2756768063220199,0.2756768063220199
110,30s,MN,6mM 2DG_1h_yes_A_MN_6_8_0003,0.5708472556702544,1.2493196642307598,2.188535815528944,0.4367537230918693,[ 1.95024384e-03 -9.20468058e-05],[-9.20468058e-05  1.34332614e-05],0.2493196642307598,0.005199560067941796,0.9370928803698221,0.010266258134647212,1.142765590726093,0.6037478896814864,4.431982344540399e-07,0.5708472556702544,0.5708472556702544,0.5708472556702544,0.5708472556702544
110,30s,MN,6mM 2DG_1h_yes_A_MN_6_8_0004,3.8405722857976,1.0535711363809406,0.2743265997822868,0.013948737946958095,[ 2.87119202e+01 -4.79468017e-03],[-4.79468017e-03  1.68225424e-05],0.053571136380940576,0.012215157910611453,0.13738989982822014,-0.001947020270476416,1.0658376842834794,0.14281305469341288,0.039495715217793693,0.0,0.0,0.0,0.0
110,30s,MN,6mM 2DG_1h_yes_A_MN_6_8_0005,0.2403562210729414,1.3750980653849236,5.721083728336783,1.560592289687779,[ 0.00051031 -0.00023505],[-0.00023505  0.00014369],0.37509806538492363,0.013586800114216778,0.9401175516993547,0.02120529693601347,1.1163881423636248,0.8717142936209787,5.208182304174207e-14,0.2403562210729414,0.2403562210729414,0.2403562210729414,0.2403562210729414
110,30s,MN,6mM 2DG_1h_yes_A_MN_6_8_0008,0.3408452686192624,1.2582332250785542,3.691508555115225,0.7576259636069963,[ 0.00200729 -0.00030524],[-3.05237657e-04  8.11370412e-05],0.2582332250785542,0.016772529671760884,0.8440783748882136,0.013504120081520582,1.1083338264374885,0.7910139415159567,5.049925640997909e-11,0.3408452686192624,0.3408452686192624,0.3408452686192624,0.3408452686192624
110,30s,MN,6mM 2DG_1h_yes_A_MN_6_8_0010,0.20720951637765533,1.422397547925288,6.864537752855225,2.0385045788893006,[ 0.00041076 -0.00028587],[-0.00028587  0.00024396],0.42239754792528794,0.01539599932613288,0.9452130903074607,0.02405338870220326,1.1139530918345515,0.8877897062688479,7.924552804963237e-15,0.20720951637765533,0.20720951637765533,0.20720951637765533,0.20720951637765533
110,30s,MN,6mM 2DG_1h_yes_A_MN_6_9_0004,0.33941381904372053,1.3347080167204373,3.9323914992056084,0.9861355016818655,[ 0.00100428 -0.00019976],[-1.99757263e-04  6.91753303e-05],0.33470801672043726,0.013193809625299174,0.9295241888506823,0.018124619879368833,1.1330437064854906,0.760814724230586,3.401585945858368e-10,0.33941381904372053,0.33941381904372053,0.33941381904372053,0.33941381904372053
110,30s,MN,6mM 2DG_1h_yes_A_MN_6_9_0005,0.2180440741926343,1.328910192047323,6.094686117785881,1.5084573761758935,[ 0.00023061 -0.00011313],[-1.13128108e-04  6.97592008e-05],0.32891019204732297,0.005416707929498764,0.9721417633278324,0.018989672564335282,1.089787216508829,0.8582093749170397,2.1300551876888387e-13,0.2180440741926343,0.2180440741926343,0.2180440741926343,0.2180440741926343
110,30s,MN,6mM 2DG_1h_yes_A_MN_6_9_0007,0.2191921400234316,1.295469101842788,5.910198703768769,1.347991318535429,[ 0.00065269 -0.00028467],[-0.00028467  0.00015649],0.29546910184278796,0.012552307323828596,0.911917508195964,0.016397056284267176,1.0883118642313934,0.8894779888673241,6.403504199501175e-15,0.2191921400234316,0.2191921400234316,0.2191921400234316,0.2191921400234316
110,30s,MN,6mM 2DG_1h_yes_A_MN_6_9_0008,0.2630072957414412,1.2391525151570153,4.711475822994693,0.9092999282883878,[ 0.00066015 -0.00016124],[-1.61238270e-04  5.54424359e-05],0.2391525151570153,0.007085585076352345,0.9258808469245903,0.013107245095646229,1.0828587898517361,0.8643781661345606,1.1389441250222593e-13,0.2630072957414412,0.2630072957414412,0.2630072957414412,0.2630072957414412
110,30s,MN,6mM 2DG_1h_yes_A_MN_6_9_0009,0.2967507055110819,1.213407421405614,4.088979061787944,0.7191471408233756,[ 0.00104015 -0.00017601],[-1.76011540e-04  4.59883253e-05],0.21340742140561408,0.007749430901414952,0.9017720595603721,0.011354258104296919,1.0819279969793523,0.8017858646257976,2.3923616742322583e-11,0.2967507055110819,0.2967507055110819,0.2967507055110819,0.2967507055110819
110,30s,MN,6mM 2DG_1h_yes_A_MN_6_9_0010,0.17534865522961313,1.4117926135403436,8.051345541781595,2.3484218513173944,[ 0.0002546 -0.0002368],[-0.0002368   0.00025294],0.4117926135403436,0.010198097889929432,0.9614410002215157,0.02336003535167068,1.0930365303941325,0.9173887823698413,1.0726528125604163e-16,0.17534865522961313,0.17534865522961313,0.17534865522961313,0.17534865522961313
110,30s,MN,2mM 2DG_1h_yes_A_MN_8_1_0001,0.15694320404232662,1.4894534400928592,9.490397810988762,3.1186660364144,[ 0.00010119 -0.00013667],[-0.00013667  0.00020528],0.4894534400928592,0.0057106757321250395,0.983891180125337,0.027687935910206508,1.0948675366341938,0.9326227409361671,6.134482156382282e-18,0.15694320404232662,0.15694320404232662,0.15694320404232662,0.15694320404232662
110,30s,MN,2mM 2DG_1h_yes_A_MN_8_1_0003,0.341321783862587,1.2596643330322495,3.6905477253083228,0.7607610920514465,[ 2.91337036e-04 -4.44126963e-05],[-4.44126963e-05  1.18509879e-05],0.25966433303224945,0.0024908459533948216,0.9783636129883032,0.013557147674649736,1.1072864548888774,0.7556312064080821,4.6068036059136047e-10,0.341321783862587,0.341321783862587,0.341321783862587,0.341321783862587
110,30s,MN,2mM 2DG_1h_yes_A_MN_8_1_0004,0.2567646982070624,1.2758460187547327,4.968930805767754,1.074314423598382,[ 0.00043797 -0.00012965],[-1.29651479e-04  5.31467890e-05],0.2758460187547327,0.0065333033267366055,0.94960867858072,0.015047830593381302,1.0942740622040146,0.8535718158877511,3.3508758110784606e-13,0.2567646982070624,0.2567646982070624,0.2567646982070624,0.2567646982070624
110,30s,MN,2mM 2DG_1h_yes_A_MN_8_1_0005,0.09427177345814944,1.5997680318714742,16.969745801819116,6.362116780774601,[ 0.00012538 -0.00047648],[-0.00047648  0.00186751],0.5997680318714742,0.009344132397618108,0.9756148895191573,0.02913403565034593,1.062308903680743,0.9636556664796616,1.0668241197385213e-21,0.09427177345814944,0.09427177345814944,0.09427177345814944,0.09427177345814944
110,30s,MN,2mM 2DG_1h_yes_A_MN_8_1_0006,0.17734483403053816,1.4442369508060608,8.14366518596966,2.5049331334318135,[ 0.00028855 -0.00028355],[-0.00028355  0.00032119],0.44423695080606085,0.013593548932680024,0.9535892253743015,0.024625036552888453,1.1075292684968385,0.9341516833404493,4.445146333687199e-18,0.17734483403053816,0.17734483403053816,0.17734483403053816,0.17734483403053816
110,30s,MN,2mM 2DG_1h_yes_A_MN_8_2_0002,0.1658673046386473,1.3964662684962903,8.419177435472186,2.390261717702701,[ 0.00015833 -0.00015689],[-0.00015689  0.00017552],0.3964662684962903,0.006210036667989576,0.9749118293895279,0.022320023864007422,1.0845865381144324,0.9296106594436633,1.133288354101911e-17,0.1658673046386473,0.1658673046386473,0.1658673046386473,0.1658673046386473
110,30s,MN,2mM 2DG_1h_yes_A_MN_8_2_0004,0.13313193806410153,1.5151089304077971,11.380506829835896,3.8691612087835603,[ 0.00013169 -0.0002486 ],[-0.0002486   0.00050403],0.5151089304077971,0.00813607586816073,0.9771980240531396,0.028146953755079394,1.082749753567148,0.946028325816263,2.7291809833600954e-19,0.13313193806410153,0.13313193806410153,0.13313193806410153,0.13313193806410153
110,30s,MN,2mM 2DG_1h_yes_A_MN_8_2_0007,0.1400234714756001,1.4996405987642438,10.709923007626367,3.568263188299178,[ 0.000169   -0.00028413],[-0.00028413  0.00051782],0.4996405987642438,0.010470093616391075,0.9707594071294199,0.027370644802807105,1.0878595976790497,0.9455730979227778,3.0704194372559746e-19,0.1400234714756001,0.1400234714756001,0.1400234714756001,0.1400234714756001
110,30s,MN,2mM 2DG_1h_yes_A_MN_8_2_0008,0.11819091534531428,1.479158689227133,12.514994785390455,4.054107609093234,[ 0.00017145 -0.00036617],[-0.00036617  0.00082499],0.4791586892271329,0.009760395093196103,0.966474393189069,0.024593584043179788,1.0737603931019584,0.9690766507222652,1.10880639198748e-22,0.11819091534531428,0.11819091534531428,0.11819091534531428,0.11819091534531428
110,30s,MN,2mM 2DG_1h_yes_A_MN_8_2_0009,0.18736725290283543,1.3435616503377932,7.170738907265374,1.8336269813165098,[ 0.00032304 -0.0002216 ],[-0.0002216   0.00017871],0.3435616503377932,0.008731285666717032,0.9564255275657335,0.020010865150181276,1.0789375376386474,0.8856586861379059,1.032392514065463e-14,0.18736725290283543,0.18736725290283543,0.18736725290283543,0.18736725290283543
110,30s,MN,2mM 2DG_1h_yes_A_MN_8_2_0010,0.14349526289821757,1.4937472755617196,10.40973231723508,3.4408611517157803,[ 0.0001506  -0.00023992],[-0.00023992  0.00041639],0.4937472755617196,0.008955016454170142,0.9743316850920701,0.027232910783417438,1.0888223228895748,0.9435494439103909,5.12383238171971e-19,0.14349526289821757,0.14349526289821757,0.14349526289821757,0.14349526289821757
110,30s,MN,2mM 2DG_1h_yes_A_MN_8_2_0011,0.12801398460498678,1.5369575832674531,12.006169388524611,4.194522847830611,[ 0.00016196 -0.00034023],[-0.00034023  0.00076265],0.5369575832674531,0.011383481725943716,0.9704765990174117,0.02859674795467969,1.0866211879326024,0.9523645924179627,4.7356511552272573e-20,0.12801398460498678,0.12801398460498678,0.12801398460498678,0.12801398460498678
110,30s,MN,2mM 2DG_1h_yes_A_MN_8_2_0012,0.12497729178494331,1.4495719134950402,11.598682390953186,3.597228801122114,[ 5.09891374e-05 -9.33020690e-05],[-9.33020690e-05  1.81507603e-04],0.4495719134950402,0.0025431667653156432,0.9909637392514893,0.02426526090921866,1.065671327697729,0.9560255808402016,1.543076710731115e-20,0.12497729178494331,0.12497729178494331,0.12497729178494331,0.12497729178494331
110,30s,MN,2mM 2DG_1h_yes_A_MN_8_2_0013,0.040346588936157834,1.2803606363211038,31.734049149658578,6.948806422390022,[ 0.00152942 -0.00850388],[-0.00850388  0.04748687],0.28036063632110375,0.01206023591723022,0.7251297090932245,0.007896168471142691,1.012282600755705,0.7403663376746566,1.0860980381195233e-09,0.040346588936157834,0.040346588936157834,0.0,0.0
110,30s,MN,2mM 2DG_1h_yes_A_MN_8_3_0004,0.14835040563510143,1.4554912033943381,9.811171039022437,3.0703738317690425,[ 0.00017818 -0.00024722],[-0.00024722  0.00037636],0.45549120339433813,0.00926644375455258,0.9692615384321291,0.024992855935032764,1.0880386319333353,0.945727764503665,2.9502716564071134e-19,0.14835040563510143,0.14835040563510143,0.14835040563510143,0.14835040563510143
110,30s,MN,2mM 2DG_1h_yes_A_MN_8_3_0005,0.29341592407274447,1.2442532022823987,4.240578306083756,0.8324469881936017,[ 9.36608036e-05 -1.85797545e-05],[-1.85797545e-05  5.63831437e-06],0.24425320228239866,0.0008893064769181909,0.992056888720828,0.013555233282190616,1.0868206750095442,0.7709902800095894,1.839539463904195e-10,0.29341592407274447,0.29341592407274447,0.29341592407274447,0.29341592407274447
110,30s,MN,2mM 2DG_1h_yes_A_MN_8_3_0007,0.21224766119970345,1.255554136416345,5.9155145895105825,1.204037467229825,[ 0.00046957 -0.00018869],[-1.88688335e-04  9.40373580e-05],0.25555413641634495,0.007084563762430223,0.9353553550817881,0.014295721672294136,1.0731086460152703,0.899482805151724,1.6875195753641545e-15,0.21224766119970345,0.21224766119970345,0.21224766119970345,0.21224766119970345
110,30s,MN,2mM 2DG_1h_yes_A_MN_8_3_0008,0.13520189363047075,1.5585077452386784,11.52726269868926,4.130916588825102,[ 8.02301988e-05 -1.60010049e-04],[-0.00016001  0.00034367],0.5585077452386784,0.005907208159256769,0.9862376608688538,0.0307317439625973,1.0903509565824514,0.9485485825427437,1.3955174916084666e-19,0.13520189363047075,0.13520189363047075,0.13520189363047075,0.13520189363047075
110,30s,MN,2mM 2DG_1h_yes_A_MN_8_3_0011,0.14181769021412186,1.5121653765336551,10.662741539863815,3.6114350456587463,[ 6.41488607e-05 -1.08171855e-04],[-0.00010817  0.00019823],0.5121653765336551,0.004349458025686075,0.989045560239194,0.028273251249749515,1.0897158343342281,0.9471961168775562,2.0080880534581302e-19,0.14181769021412186,0.14181769021412186,0.14181769021412186,0.14181769021412186
110,30s,MN,2mM 2DG_1h_yes_A_MN_8_3_0015,0.13081406458505782,1.1630985687590718,8.891234841210846,1.2467968889768881,[ 0.00040377 -0.00024853],[-0.00024853  0.00016382],0.1630985687590718,0.003020952301171072,0.9353756756069419,0.009027675037622484,1.0241574903535948,0.8996901071374731,1.6392685819847602e-15,0.13081406458505782,0.13081406458505782,0.13081406458505782,0.13081406458505782
110,30s,MN,2mM 2DG_1h_yes_A_MN_8_3_0016,0.14088154680678303,1.5392349460334682,10.925738543632733,3.827576842075854,[ 0.00012996 -0.00023336],[-0.00023336  0.00045479],0.5392349460334682,0.008799283868190956,0.9773691434523288,0.02952031888401698,1.095989292991481,0.9501462173883913,8.966152275741109e-20,0.14088154680678303,0.14088154680678303,0.14088154680678303,0.14088154680678303
110,30s,MN,2mM 2DG_1h_yes_A_MN_8_3_0017,0.14202130761115228,1.6421284531475926,11.562549879090422,4.52135291491408,[ 0.00014714 -0.00031031],[-0.00031031  0.00071142],0.6421284531475926,0.01396752017914132,0.9743037427006276,0.03513917231090503,1.1162281419254287,0.9518644623447178,5.482631078202652e-20,0.14202130761115228,0.14202130761115228,0.14202130761115228,0.14202130761115228
110,30s,MN,2mM 2DG_1h_yes_A_MN_8_3_0020,0.15566749367720564,1.6745862948502355,10.75745652025902,4.333507779402342,[ 7.39759635e-05 -1.39704328e-04],[-0.0001397   0.00029281],0.6745862948502355,0.007306690294945269,0.9881077960395503,0.03806097313520575,1.129936964911515,0.9358356996963393,3.09033491460636e-18,0.15566749367720564,0.15566749367720564,0.15566749367720564,0.15566749367720564
110,30s,MN,2mM 2DG_1h_yes_A_MN_8_4_0003,0.08022594995898734,1.645618631531004,20.512298481629298,8.047503729915988,[ 9.57317439e-05 -4.96055587e-04],[-0.00049606  0.00262498],0.645618631531004,0.007618953002125042,0.9804154885996686,0.028991863868069342,1.055140586010373,0.9756758584364286,3.837042030012731e-24,0.08022594995898734,0.08022594995898734,0.08022594995898734,0.08022594995898734
110,30s,MN,2mM 2DG_1h_yes_A_MN_8_4_0005,0.12325758300619846,1.6444220392078999,13.34134581500924,5.228254712535558,[ 0.00012447 -0.00033396],[-0.00033396  0.00095071],0.6444220392078999,0.011788204993692271,0.9772345812904965,0.03422409112020174,1.0968876542629244,0.958603970038812,6.613985600283098e-21,0.12325758300619846,0.12325758300619846,0.12325758300619846,0.12325758300619846
110,30s,MN,2mM 2DG_1h_yes_A_MN_8_4_0015,0.09780716918726802,1.1910588702464775,12.17762338020435,1.9534239855226119,[ 0.0010896  -0.00124771],[-0.00124771  0.00147787],0.1910588702464775,0.009833420829697003,0.834086823355569,0.009747877981844963,1.0177148117026913,0.8136978884877863,9.97800436746528e-12,0.09780716918726802,0.09780716918726802,0.09780716918726802,0.09780716918726802
110,30s,MN,2mM 2DG_1h_yes_A_MN_8_4_0016,0.15703431859493938,1.5017900899047296,9.563451501187503,3.1954167368921893,[ 0.00011995 -0.00016592],[-0.00016592  0.00025527],0.5017900899047296,0.0069633486212228235,0.9810415783284429,0.028430665646667214,1.0969124855148953,0.928960352821028,1.2894253333994956e-17,0.15703431859493938,0.15703431859493938,0.15703431859493938,0.15703431859493938
110,30s,MN,2mM 2DG_1h_yes_A_MN_8_4_0017,0.15532623511606328,1.1155009251596286,7.181664606279171,0.7436021678715364,[ 0.00170885 -0.0005547 ],[-0.0005547   0.00019972],0.11550092515962862,0.006515205149733995,0.7983023458327465,0.006771746303750711,1.0197086009743475,0.7417303379694559,1.0080382702040341e-09,0.15532623511606328,0.15532623511606328,0.0,0.0
110,30s,MN,2mM 2DG_1h_yes_A_MN_8_4_0019,0.128283697486913,1.6145959616743988,12.586135208950564,4.790912436376394,[ 9.55512204e-05 -2.28946004e-04],[-0.00022895  0.00058555],0.6145959616743988,0.008231317852528236,0.9828011819667908,0.033035317192343844,1.0965714499977102,0.9575357042191415,9.45370189954667e-21,0.128283697486913,0.128283697486913,0.128283697486913,0.128283697486913
110,30s,MN,2mM 2DG_1h_yes_A_MN_8_5_0004,0.2750169778775027,1.2179265290458539,4.428550333311929,0.7924111839485128,[ 0.00070826 -0.00014366],[-1.43656421e-04  4.23714036e-05],0.21792652904585386,0.005949794309231078,0.9363860785586334,0.012371050684261633,1.0727984456378703,0.7835088080006547,8.312038474699968e-11,0.2750169778775027,0.2750169778775027,0.2750169778775027,0.2750169778775027
110,30s,MN,2mM 2DG_1h_yes_A_MN_8_5_0009,0.14100909942653797,1.6432001434002899,11.653149690927243,4.561408774441398,[ 9.33715556e-05 -1.99676315e-04],[-0.00019968  0.00046353],0.6432001434002899,0.008996296411282578,0.9841719647741317,0.035561899071253775,1.1110291763536497,0.9433798841537784,5.344002038353702e-19,0.14100909942653797,0.14100909942653797,0.14100909942653797,0.14100909942653797
110,30s,MN,2mM 2DG_1h_yes_A_MN_8_5_0020,0.13141165315646722,1.4502567562918622,11.035982893884553,3.4263076787852094,[ 0.00013395 -0.00022589],[-0.00022589  0.00040823],0.45025675629186224,0.006803186586548677,0.9773798788831524,0.024726882796558918,1.06899010123754,0.9337608645796617,4.830034191691288e-18,0.13141165315646722,0.13141165315646722,0.13141165315646722,0.13141165315646722
110,30s,MN,2mM 2DG_1h_yes_A_MN_8_5_0021,2.2898889445405345e-05,551.5858207331603,24087885.224662535,24044214.984567087,[ 4.15780616e-04 -9.99584805e+03],[-9.99584805e+03  2.40311776e+11],550.5858207331603,0.01174620222701525,0.9071762355198594,0.015115738552523525,0.9753234372107922,0.9424162890651602,6.771385223677886e-19,2.2898889445405345e-05,2.2898889445405345e-05,2.2898889445405345e-05,2.2898889445405345e-05
110,30s,MN,2mM 2DG_1h_yes_A_MN_8_6_0002,0.11868893936489151,1.5632660994269238,13.171118621431896,4.745733700553561,[ 0.0001723  -0.00042966],[-0.00042966  0.0011309 ],0.5632660994269238,0.013014489054731081,0.9673549597998551,0.029237688752188764,1.0842024858906876,0.959016456064396,5.747615725154772e-21,0.11868893936489151,0.11868893936489151,0.11868893936489151,0.11868893936489151
110,30s,MN,2mM 2DG_1h_yes_A_MN_8_6_0003,0.10884342384454743,1.6588296202167354,15.240513038122655,6.053003451615877,[ 5.22868187e-05 -1.75053746e-04],[-0.00017505  0.00061229],0.6588296202167354,0.004762603852887541,0.9903773214260851,0.03420284098556395,1.07899045434985,0.9631952842951637,1.2726942093439152e-21,0.10884342384454743,0.10884342384454743,0.10884342384454743,0.10884342384454743
110,30s,MN,2mM 2DG_1h_yes_A_MN_8_6_0006,0.026032043061928696,1.7072981355668904,65.58448491750451,27.17028908888441,[ 0.00040448 -0.00951606],[-0.00951606  0.2242493 ],0.7072981355668904,0.010523722006423871,0.9141001806240835,0.014666812190379788,1.0132467747654434,0.9197087976971049,7.190434252562461e-17,0.026032043061928696,0.026032043061928696,0.026032043061928696,0.026032043061928696
110,30s,MN,2mM 2DG_1h_yes_A_MN_8_6_0008,0.1543299181509487,1.5539077642550667,10.068739638254739,3.5891146116807664,[ 9.21615030e-05 -1.45105784e-04],[-0.00014511  0.00025301],0.5539077642550667,0.006703531104851697,0.9850152792503102,0.03110991176656585,1.1066366944050716,0.9369048577868413,2.441234670476241e-18,0.1543299181509487,0.1543299181509487,0.1543299181509487,0.1543299181509487
110,30s,MN,2mM 2DG_1h_yes_A_MN_8_6_0016,0.16843565214319936,1.3800968047494153,8.193614518000588,2.2566291632027373,[ 0.00020425 -0.00018872],[-0.00018872  0.00019774],0.3800968047494153,0.007239680732444207,0.9688076113687185,0.02156628212585105,1.0811093199868942,0.9137375667206991,1.9688857106882034e-16,0.16843565214319936,0.16843565214319936,0.16843565214319936,0.16843565214319936
110,30s,MN,2mM 2DG_1h_yes_A_MN_8_6_0018,0.13771578199174464,1.5930581241420625,11.567723764859123,4.306391871467667,[ 8.93962855e-05 -1.83512032e-04],[-0.00018351  0.00040707],0.5930581241420625,0.0071654337009763374,0.984711335528931,0.032629386230569046,1.0993685083608784,0.9438294129950328,4.778651213612839e-19,0.13771578199174464,0.13771578199174464,0.13771578199174464,0.13771578199174464
110,30s,MN,2mM 2DG_1h_yes_A_MN_8_7_0007,0.06202789378332221,1.833438568955831,29.558291554448974,13.436512480453146,[ 4.99711784e-05 -4.77099831e-04],[-0.0004771   0.00460762],0.833438568955831,0.005225787399107375,0.9895116400106395,0.03280928817035914,1.046955723168397,0.9855875273719944,2.5105225248982453e-27,0.06202789378332221,0.06202789378332221,0.06202789378332221,0.06202789378332221
110,30s,MN,2mM 2DG_1h_yes_A_MN_8_7_0010,0.10370136052920319,1.4841080695397977,14.311365462961888,4.66829043581804,[ 0.00012559 -0.00033317],[-0.00033317  0.00091887],0.4841080695397977,0.0070695002188832,0.9748214164421312,0.02392337048927529,1.062042468968442,0.9730543284395643,1.6101333049506218e-23,0.10370136052920319,0.10370136052920319,0.10370136052920319,0.10370136052920319
110,30s,MN,2mM 2DG_1h_yes_A_MN_8_7_0012,0.17182408379531203,1.5003005810234504,8.731608211632926,2.9117023060599636,[ 7.28708314e-05 -8.54649366e-05],[-8.54649366e-05  1.14371525e-04],0.5003005810234504,0.00435604590784006,0.9887280866053143,0.02835089169105984,1.109928754084779,0.9286633985214667,1.3671726843500276e-17,0.17182408379531203,0.17182408379531203,0.17182408379531203,0.17182408379531203
110,30s,MN,2mM 2DG_1h_yes_A_MN_8_7_0015,0.08371412406526588,1.6687396894464614,19.93378904789669,7.988373490297685,[ 0.00021226 -0.00107154],[-0.00107154  0.00553655],0.6687396894464614,0.01892712556445594,0.9543378039956734,0.02971163963601054,1.0699116045408785,0.9704159049797504,5.961849811082621e-23,0.08371412406526588,0.08371412406526588,0.08371412406526588,0.08371412406526588
110,30s,MN,2mM 2DG_1h_yes_A_MN_8_8_0006,0.2051912438949578,1.2111624801518233,5.902603138230624,1.0291008336589755,[ 0.00092617 -0.0003284 ],[-0.0003284   0.00014214],0.21116248015182326,0.009710061585982034,0.8927939831485738,0.012270724172606084,1.0536691766691502,0.7970253716538199,3.344382448518041e-11,0.2051912438949578,0.2051912438949578,0.2051912438949578,0.2051912438949578
110,30s,MN,2mM 2DG_1h_yes_A_MN_8_8_0007,0.08850942063764394,1.7717534832360402,20.01768252997123,8.719450174638311,[ 3.21340129e-05 -1.72577407e-04],[-0.00017258  0.00095179],0.7717534832360402,0.003721626330108613,0.9937320114394897,0.036884786047452704,1.069496665728845,0.9765372108760149,2.315301676756224e-24,0.08850942063764394,0.08850942063764394,0.08850942063764394,0.08850942063764394
110,30s,MN,2mM 2DG_1h_yes_A_MN_8_8_0008,0.10689974792932318,1.520998828856362,14.228273296415734,4.873714287902912,[ 0.00012727 -0.0003466 ],[-0.0003466   0.00098428],0.5209988288563621,0.007949685250254756,0.9755580876081223,0.026379004497542758,1.0659407784926318,0.9639608349835248,9.478965785353907e-22,0.10689974792932318,0.10689974792932318,0.10689974792932318,0.10689974792932318
110,30s,MN,2mM 2DG_1h_yes_A_MN_8_8_0009,0.15522103140513835,1.4455492608163019,9.312844063272017,2.8704181178476094,[ 0.00025696 -0.00032214],[-0.00032214  0.00044789],0.44554926081630186,0.013354623087406852,0.9531706789820635,0.023864571303321994,1.09811229810978,0.9557632676355148,1.6772738131998368e-20,0.15522103140513835,0.15522103140513835,0.15522103140513835,0.15522103140513835
110,30s,MN,2mM 2DG_1h_yes_A_MN_8_8_0010,0.18030190953542485,1.3745528543992378,7.623617841546888,2.0773648785214194,[ 0.00022518 -0.00018094],[-0.00018094  0.00016855],0.3745528543992378,0.007456520626056316,0.9694799367900335,0.021908985561458358,1.0807345633547476,0.8822715913158358,1.5563551733914897e-14,0.18030190953542485,0.18030190953542485,0.18030190953542485,0.18030190953542485
110,30s,MN,2mM 2DG_1h_yes_A_MN_8_8_0015,0.06571297335533662,1.8916848612508532,28.7870836557912,13.569388443727126,[ 0.00014182 -0.00134028],[-0.00134028  0.01283353],0.8916848612508532,0.018976395491180423,0.9690057111497788,0.03531386176018392,1.0644105621614754,0.9770196068653572,1.7306014849511344e-24,0.06571297335533662,0.06571297335533662,0.06571297335533662,0.06571297335533662
110,30s,MN,2mM 2DG_1h_yes_A_MN_8_9_0002,0.12119985798662238,1.5201057816323207,12.54214160713047,4.2913068568919295,[ 0.00011153 -0.00024825],[-0.00024825  0.00058487],0.5201057816323207,0.007404060151382561,0.9788026400824442,0.027165915638822792,1.0797076470132947,0.9678927428303614,1.8773122715790005e-22,0.12119985798662238,0.12119985798662238,0.12119985798662238,0.12119985798662238
110,30s,MN,2mM 2DG_1h_yes_A_MN_8_9_0006,0.13859578630315345,1.5843628291214382,11.43153678320298,4.2163102119371025,[ 0.00020944 -0.00041908],[-0.00041908  0.00090722],0.5843628291214382,0.018178612751327334,0.9602742208911542,0.030823979820522023,1.1123585878111075,0.961676021420026,2.243793806423278e-21,0.13859578630315345,0.13859578630315345,0.13859578630315345,0.13859578630315345
110,30s,MN,2mM 2DG_1h_yes_A_MN_8_9_0007,0.1155832819450282,1.6171240305938885,13.99098557664246,5.339215327761629,[ 0.00013809 -0.0003937 ],[-0.0003937   0.00118079],0.6171240305938885,0.012698844848024882,0.9737839461317228,0.031894459770210166,1.0880270591398664,0.9612428309402936,2.6267241065036785e-21,0.1155832819450282,0.1155832819450282,0.1155832819450282,0.1155832819450282
110,30s,MN,2mM 2DG_1h_yes_A_MN_8_9_0010,0.17366104529823384,1.4285992023654248,8.226365330878,2.468021551001131,[ 0.0002061  -0.00020309],[-0.00020309  0.00022911],0.4285992023654248,0.008720186727675574,0.9703097952199609,0.024665077207373796,1.0916914311746875,0.8950403501904528,3.0988005154379828e-15,0.17366104529823384,0.17366104529823384,0.17366104529823384,0.17366104529823384
110,30s,MN,1mM 2DG_1h_yes_A_MN_10_1_0004,0.3985694722342912,1.2354568166689557,3.0997276578742006,0.5907547694233517,[ 7.74231996e-04 -7.62340395e-05],[-7.62340395e-05  1.53952328e-05],0.23545681666895568,0.004104927945467613,0.9580695960381989,0.01156868376133558,1.1083676308436876,0.6488109468077932,7.91529116529959e-08,0.3985694722342912,0.3985694722342912,0.3985694722342912,0.3985694722342912
110,30s,MN,1mM 2DG_1h_yes_A_MN_10_1_0005,0.22344220160657535,1.3470324852521727,6.028550003387242,1.5531197005622432,[ 1.64086178e-04 -8.09245184e-05],[-8.09245184e-05  5.08124439e-05],0.3470324852521727,0.004104540081114577,0.979531859193324,0.01964861813098393,1.100477889574084,0.8694017363768276,6.696496995851527e-14,0.22344220160657535,0.22344220160657535,0.22344220160657535,0.22344220160657535
110,30s,MN,1mM 2DG_1h_yes_A_MN_10_1_0007,0.24944689059506625,1.1230897014165062,4.502319907605694,0.4934505341913481,[ 0.00335566 -0.00047033],[-4.70332467e-04  8.95560822e-05],0.12308970141650621,0.010994521125270253,0.593390310532192,0.006015459668008705,1.048324002445998,0.6988936819508919,8.878001909897146e-09,0.0,0.0,0.0,0.0
110,30s,MN,1mM 2DG_1h_yes_A_MN_10_1_0011,0.20319483433796628,1.4652073978483113,7.2108496390773755,2.289464687249625,[ 7.43095828e-05 -5.91532142e-05],[-5.91532142e-05  5.72296493e-05],0.46520739784831133,0.003451560900328192,0.9900659102949239,0.026605470122788164,1.1209354066032802,0.8858964501819218,1.0026158042792104e-14,0.20319483433796628,0.20319483433796628,0.20319483433796628,0.20319483433796628
110,30s,MN,1mM 2DG_1h_yes_A_MN_10_1_0012,0.15494134229578965,1.3421964382050284,8.662610109848655,2.2085547545584108,[ 0.00016452 -0.00015891],[-0.00015891  0.00017016],0.34219643820502843,0.004948357059640945,0.9752518423361196,0.019502486607779954,1.0630074515747885,0.8929889962831352,4.067619157266017e-15,0.15494134229578965,0.15494134229578965,0.15494134229578965,0.15494134229578965
110,30s,MN,1mM 2DG_1h_yes_A_MN_10_2_0002,0.18534891644729246,1.21299738228978,6.5443996411746985,1.1491698272234026,[ 0.00059484 -0.00025817],[-0.00025817  0.0001312 ],0.21299738228977994,0.007240374396942755,0.8957052272021254,0.011204259026608297,1.0600681600149995,0.9341611760614622,4.436162388696599e-18,0.18534891644729246,0.18534891644729246,0.18534891644729246,0.18534891644729246
110,30s,MN,1mM 2DG_1h_yes_A_MN_10_2_0004,0.16533224554023587,1.5338256655359555,9.277232402693508,3.228805510937318,[ 7.98475700e-05 -1.07158815e-04],[-0.00010716  0.00016221],0.5338256655359555,0.005063434812281301,0.9879593911499505,0.030613661531310312,1.1075462958219349,0.9172359806165703,1.1008507919678907e-16,0.16533224554023587,0.16533224554023587,0.16533224554023587,0.16533224554023587
110,30s,MN,1mM 2DG_1h_yes_A_MN_10_2_0005,0.2967150428769514,1.1372575976428438,3.8328275729332266,0.462590626723853,[ 7.87312824e-04 -8.57095646e-05],[-8.57095646e-05  1.44055620e-05],0.13725759764284384,0.0025448259400828004,0.9231796430081984,0.007275159130088161,1.0529382635125022,0.8220316471524738,5.233057663165138e-12,0.2967150428769514,0.2967150428769514,0.2967150428769514,0.2967150428769514
110,30s,MN,1mM 2DG_1h_yes_A_MN_10_2_0008,0.24048462398971313,1.2742943327714875,5.298859908922894,1.1405898981018454,[ 0.00033845 -0.00011387],[-1.13872490e-04  5.08676006e-05],0.2742943327714875,0.005117118415161187,0.9615714574755169,0.015465115765787343,1.0847498007646186,0.8394018720575687,1.2306541920587093e-12,0.24048462398971313,0.24048462398971313,0.24048462398971313,0.24048462398971313
110,30s,MN,1mM 2DG_1h_yes_A_MN_10_2_0010,0.17251566609510974,1.5338765998860813,8.891230776922246,3.094655760664364,[ 0.00012864 -0.00015982],[-0.00015982  0.00022685],0.5338765998860813,0.008481268274695598,0.9797506844695965,0.030024547619956456,1.12034087101179,0.9319525482052305,7.048591552553698e-18,0.17251566609510974,0.17251566609510974,0.17251566609510974,0.17251566609510974
110,30s,MN,1mM 2DG_1h_yes_A_MN_10_3_0003,0.21764638620229856,1.5669440807738912,7.199495053032692,2.6048862591585897,[ 8.60449060e-05 -7.30203299e-05],[-7.30203299e-05  7.78204690e-05],0.5669440807738912,0.005491159149866999,0.9890489183212106,0.032318640636959856,1.158454370470726,0.8801712501319215,1.9957423553752727e-14,0.21764638620229856,0.21764638620229856,0.21764638620229856,0.21764638620229856
110,30s,MN,1mM 2DG_1h_yes_A_MN_10_3_0006,1.3183343174318851,1.1147850411596598,0.845601169915125,0.08706823424217694,[ 0.14790611 -0.0005367 ],[-5.36700199e-04  1.54498938e-05],0.11478504115965982,0.009252314178705003,0.5804747637355274,0.0023047468242428123,1.0904396842126562,0.12166153654293928,0.058879115001847525,,,,
110,30s,MN,1mM 2DG_1h_yes_A_MN_10_3_0013,0.1819793670464934,1.4161279819307806,7.7818051843700395,2.286676718819806,[ 0.00024436 -0.00021442],[-0.00021442  0.00021884],0.4161279819307806,0.01048504866481796,0.9608090900535168,0.02296074534029963,1.104569590950692,0.932544548655911,6.235148565090165e-18,0.1819793670464934,0.1819793670464934,0.1819793670464934,0.1819793670464934
110,30s,MN,1mM 2DG_1h_yes_A_MN_10_3_0017,0.20017660330843695,1.4468618204136918,7.227926723206169,2.232337910765507,[ 0.00019844 -0.00015617],[-0.00015617  0.00014839],0.4468618204136918,0.008956876045390744,0.9715416558740622,0.025053826722991272,1.1197378802064941,0.9047594164454996,7.910695180316092e-16,0.20017660330843695,0.20017660330843695,0.20017660330843695,0.20017660330843695
110,30s,MN,1mM 2DG_1h_yes_A_MN_10_4_0003,0.22086695985816318,1.3220270665743905,5.985626222334806,1.458013759872416,[ 0.00037    -0.00017326],[-0.00017326  0.00010266],0.3220270665743905,0.008557246219377708,0.9530579246623687,0.018107525663981355,1.0937311387885413,0.863812160790539,1.2076914005785526e-13,0.22086695985816318,0.22086695985816318,0.22086695985816318,0.22086695985816318
110,30s,MN,1mM 2DG_1h_yes_A_MN_10_4_0007,0.20365092159523251,1.427971296016454,7.011857765390455,2.10149452142952,[ 0.00015708 -0.00011453],[-0.00011453  0.0001016 ],0.4279712960164539,0.006373953384256593,0.9780359978624475,0.024117855802833585,1.1153428058813737,0.9010106767037436,1.3607522234553471e-15,0.20365092159523251,0.20365092159523251,0.20365092159523251,0.20365092159523251
110,30s,MN,1mM 2DG_1h_yes_A_MN_10_4_0008,0.3387099614485835,1.2864856812005456,3.7981926356654716,0.8458141590383501,[ 0.00072214 -0.0001235 ],[-1.23497856e-04  3.66976668e-05],0.2864856812005456,0.007703625672322918,0.9493425735904321,0.015427408367087694,1.1140858521050925,0.7495009602063413,6.541295425217147e-10,0.3387099614485835,0.3387099614485835,0.3387099614485835,0.3387099614485835
110,30s,MN,1mM 2DG_1h_yes_A_MN_10_5_0006,0.211694390551535,1.5654718483249714,7.394961407557335,2.671170676047331,[ 9.00325109e-05 -8.04606299e-05],[-8.04606299e-05  8.90699637e-05],0.5654718483249714,0.006263577654300901,0.9877269527106389,0.0318588596608967,1.1580327468384144,0.9017324708391826,1.2277822446229351e-15,0.211694390551535,0.211694390551535,0.211694390551535,0.211694390551535
110,30s,MN,1mM 2DG_1h_yes_A_MN_10_5_0008,0.16221461723696196,1.7825549936206082,10.988867859033101,4.824195297255225,[ 6.78832788e-05 -1.38200604e-04],[-0.0001382   0.00031565],0.7825549936206082,0.00872137029025796,0.9892076565752257,0.04420344236825323,1.1599955702950726,0.9341785356555765,4.4197768172079735e-18,0.16221461723696196,0.16221461723696196,0.16221461723696196,0.16221461723696196
110,30s,MN,1mM 2DG_1h_yes_A_MN_10_6_0005,0.1577628662738263,1.3041053735929642,8.266237831464414,1.9276106017567767,[ 8.91831808e-05 -7.41481105e-05],[-7.41481105e-05  6.86513683e-05],0.3041053735929642,0.0021246261928566748,0.9866172652352233,0.017455471683946573,1.0565959503915747,0.9058637737798227,6.715143040166898e-16,0.1577628662738263,0.1577628662738263,0.1577628662738263,0.1577628662738263
110,30s,MN,1mM 2DG_1h_yes_A_MN_10_6_0008,0.21199488978976666,1.4767256080010103,6.965854740486741,2.248759903947565,[ 0.00014009 -0.00010525],[-1.05254855e-04  9.80263465e-05],0.47672560800101027,0.00657123724839271,0.981421171291091,0.02706789204810203,1.1314353890166422,0.8919153233661337,4.6803897958358766e-15,0.21199488978976666,0.21199488978976666,0.21199488978976666,0.21199488978976666
110,30s,MN,1mM 2DG_1h_yes_A_MN_10_7_0009,0.4157573556147113,1.1659245489020196,2.804338956741152,0.39908986975514726,[ 1.39128098e-03 -8.79589377e-05],[-8.79589377e-05  1.19412573e-05],0.16592454890201958,0.0034897338441508886,0.9323077703587661,0.007684436809895059,1.0808158518145359,0.5636337487726704,1.7631874172990495e-06,0.4157573556147113,0.4157573556147113,0.4157573556147113,0.4157573556147113
110,30s,MN,1mM 2DG_1h_yes_A_MN_10_7_0012,0.1882696369702025,1.4515717688227443,7.710068347624663,2.398537417343694,[ 0.00012546 -0.0001121 ],[-0.0001121   0.00011797],0.4515717688227443,0.006069453517013458,0.9814837849263519,0.025478911506086256,1.1118555629448725,0.9114732513544991,2.8330864552744696e-16,0.1882696369702025,0.1882696369702025,0.1882696369702025,0.1882696369702025
110,30s,MN,1mM 2DG_1h_yes_A_MN_10_7_0013,0.2491768676076477,1.3083292004653135,5.2506045726740584,1.2373909481469472,[ 0.00037945 -0.00013352],[-1.33516684e-04  6.37786749e-05],0.30832920046531354,0.007235457453289008,0.9522007602970648,0.016649999311154757,1.1051870351870396,0.8860944280436693,9.7843277473725e-15,0.2491768676076477,0.2491768676076477,0.2491768676076477,0.2491768676076477
110,30s,MN,1mM 2DG_1h_yes_A_MN_10_8_0003,0.19967719780221777,1.3469377584021582,6.745576226166362,1.7374931250077112,[ 1.32645713e-04 -8.14347111e-05],[-8.14347111e-05  6.02997552e-05],0.34693775840215824,0.003633071377038995,0.983468019144896,0.020309933794208396,1.0837770075791828,0.8559172310722417,2.669506306776021e-13,0.19967719780221777,0.19967719780221777,0.19967719780221777,0.19967719780221777
110,30s,MN,1mM 2DG_1h_yes_A_MN_10_8_0006,0.17127926291454298,1.4334263620987162,8.36894284636139,2.53052444717121,[ 9.16723888e-05 -9.36861734e-05],[-9.36861734e-05  1.09138512e-04],0.4334263620987162,0.004275473166332892,0.9853840117030632,0.02429060787073054,1.0974982738378358,0.9352911059704392,3.479447109189195e-18,0.17127926291454298,0.17127926291454298,0.17127926291454298,0.17127926291454298
110,30s,MN,1mM 2DG_1h_yes_A_MN_10_8_0010,0.16573581992175168,1.4525873761363575,8.764474552466467,2.730775859738927,[ 0.00010833 -0.00012272],[-0.00012272  0.00015691],0.45258737613635747,0.005245878699905665,0.982803264821374,0.025510393034342757,1.0960817601130486,0.933364980966581,5.251289671603444e-18,0.16573581992175168,0.16573581992175168,0.16573581992175168,0.16573581992175168
110,30s,MN,1mM 2DG_1h_yes_A_MN_10_8_0013,0.2536031082757383,1.3392478719957426,5.280881141802101,1.337711806066999,[ 0.00059769 -0.00022321],[-0.00022321  0.00011448],0.3392478719957426,0.013245115070592842,0.924856575143446,0.018242207031098648,1.1182775695899017,0.8938051763341698,3.652625868086482e-15,0.2536031082757383,0.2536031082757383,0.2536031082757383,0.2536031082757383
110,30s,MN,1mM 2DG_1h_yes_A_MN_10_8_0016,0.17197686127694428,1.4555682716844645,8.463744836815453,2.6490091068172044,[ 0.00011648 -0.00012419],[-0.00012419  0.00015113],0.45556827168446445,0.006047859338556795,0.9814203436900772,0.025470417695677105,1.1035958325010593,0.9324622676618334,6.342734323694155e-18,0.17197686127694428,0.17197686127694428,0.17197686127694428,0.17197686127694428
110,30s,MN,1mM 2DG_1h_yes_A_MN_10_8_0019,0.6828585437619542,1.1085498911051739,1.6233960916678762,0.15896394955704704,[ 0.03062837 -0.00042563],[-4.25626515e-04  2.25523851e-05],0.10854989110517388,0.010597469415579869,0.5852585325814479,0.005046662655779604,1.0599049691296534,0.5074424286341148,1.0070824800182626e-05,0.0,0.0,0.0,0.0
110,30s,MN,1mM 2DG_1h_yes_A_MN_10_8_0020,0.19399148977473257,1.2786357868312623,6.5911952545755685,1.4363299501169906,[ 0.00058625 -0.00030544],[-0.00030544  0.00018964],0.27863578683126233,0.01134096010285423,0.9072456842483672,0.015060333771741607,1.0781579666958556,0.9108259490578008,3.138330808152391e-16,0.19399148977473257,0.19399148977473257,0.19399148977473257,0.19399148977473257
110,30s,MN,1mM 2DG_1h_yes_A_MN_10_8_0023,0.18714467303530752,1.5112689664162542,8.07540466904517,2.731945067545663,[ 0.00017174 -0.00017571],[-0.00017571  0.00021125],0.5112689664162542,0.01046899468522849,0.9745607416492653,0.028711031843474125,1.126961907728751,0.9035474259848846,9.448643238780563e-16,0.18714467303530752,0.18714467303530752,0.18714467303530752,0.18714467303530752
