reporter,time_int,cell,cell_id,k,b,b/k,abs(1-b)/k,k_cov,b_cov,1-b,chi-sq,R-sq,lin_slope,lin_intercept,lin_r_sq,lin_pval,adj_k_0.70,adj_k_0.70_cond,adj_k_0.80,adj_k_0.80_cond
110,30s,MN,50mM 2DG_1h_yes_A_MN_0_1_0003,0.18560069263654141,1.3238806658371167,7.132951106112783,1.7450401786558338,[ 0.00034751 -0.00022877],[-0.00022877  0.00017641],0.3238806658371167,0.008902909239935971,0.9483093937938317,0.018098135609139494,1.0807503114293435,0.8948560110562185,3.176172933434921e-15,0.18560069263654141,0.18560069263654141,0.18560069263654141,0.18560069263654141
110,30s,MN,50mM 2DG_1h_yes_A_MN_0_1_0004,0.30978832402367795,1.24629105688324,4.0230407676306825,0.7950301473092809,[ 0.00096274 -0.00017155],[-1.71553177e-04  4.89570565e-05],0.24629105688323993,0.008851942252640735,0.9170456595108905,0.01285475269607359,1.097989356533231,0.7498897120160543,6.399080381010085e-10,0.30978832402367795,0.30978832402367795,0.30978832402367795,0.30978832402367795
110,30s,MN,50mM 2DG_1h_yes_A_MN_0_1_0009,1.5244151080230513e-05,-64.6477273781953,-4240821.744546613,4306420.674571444,[2.47478829e-02 1.06567861e+05],[1.06567861e+05 4.58896182e+11],65.6477273781953,0.008679531344214217,0.1834089163345708,-0.0027982882989197344,1.0176763679659182,0.4165778000439467,0.00011748007934180021,0.0,0.0,0.0,0.0
110,30s,MN,50mM 2DG_1h_yes_A_MN_0_1_0010,0.17888003169848804,1.3216204106444156,7.388305995339257,1.7979670933115899,[ 0.00105205 -0.00073662],[-0.00073662  0.0005963 ],0.3216204106444156,0.02629211598199867,0.878800897969702,0.01935377233223319,1.0634175343024757,0.7911300279530478,5.010457791032974e-11,0.17888003169848804,0.17888003169848804,0.17888003169848804,0.17888003169848804
110,30s,MN,50mM 2DG_1h_yes_A_MN_0_1_0011,0.22504722608985492,1.2405277684426423,5.512299751463433,1.0687879722925644,[ 0.00064398 -0.00021702],[-2.17024786e-04  9.34753805e-05],0.24052776844264234,0.008175366659604385,0.9351515705014419,0.014235429777528794,1.0635559284354081,0.7715443255093954,1.7776182456707743e-10,0.22504722608985492,0.22504722608985492,0.22504722608985492,0.22504722608985492
110,30s,MN,50mM 2DG_1h_yes_A_MN_0_1_0012,0.2741153013389934,1.2228527864678846,4.461089112846002,0.8129892252614043,[ 0.00305671 -0.00063837],[-0.00063837  0.00019339],0.22285278646788464,0.028777400961081792,0.6533094480285566,0.011200746665676959,1.089534140991615,0.7723764579389751,1.6882507752867793e-10,,,,
110,30s,MN,50mM 2DG_1h_yes_A_MN_0_1_0014,29.239464581969365,1.0152932276219822,0.03472338642780986,0.0005230337778282296,[ 4.48424600e+13 -5.51619976e+03],[-5.51619976e+03  1.96783609e-05],0.015293227621982153,0.015198791801061477,-0.014591322897574033,-0.0032264796202095326,1.0386721131208847,0.3846659298513062,0.0002562655943717474,0.0,0.0,0.0,0.0
110,30s,MN,50mM 2DG_1h_yes_A_MN_0_1_0015,27.11782375725842,1.0133525156969196,0.037368504374385256,0.0004923889105719878,[ 7.29397114e+12 -2.21131586e+03],[-2.21131586e+03  1.94418059e-05],0.013352515696919642,0.01504299305232333,-0.0068061104663323935,-0.00362806779682502,1.039561747378201,0.4885214921200121,1.7359584989002e-05,0.0,0.0,0.0,0.0
110,30s,MN,50mM 2DG_1h_yes_A_MN_0_1_0016,0.18465757348642564,1.266065089021484,6.856285746192553,1.4408566299125698,[ 0.00070368 -0.00038418],[-0.00038418  0.00024524],0.26606508902148396,0.01253074489530909,0.9027140827762585,0.015082915599464628,1.0640544112083123,0.8540209647775818,3.2090328753639923e-13,0.18465757348642564,0.18465757348642564,0.18465757348642564,0.18465757348642564
110,30s,MN,50mM 2DG_1h_yes_A_MN_0_1_0019,0.17283804342573905,1.3478303153541664,7.798227106946337,2.0124638561047696,[ 0.00038346 -0.00030933],[-0.00030933  0.00028525],0.3478303153541664,0.011253292474734913,0.9417689014877724,0.01961707100258657,1.078264796783764,0.9047570046082934,7.913510009905292e-16,0.17283804342573905,0.17283804342573905,0.17283804342573905,0.17283804342573905
110,30s,MN,50mM 2DG_1h_yes_A_MN_0_2_0002,0.25411657396334547,1.1706480033215634,4.606736133198542,0.6715343303273802,[ 0.00279332 -0.00052257],[-0.00052257  0.00013443],0.17064800332156338,0.016715185616651196,0.7029941470114447,0.009170438639742219,1.0602820044978638,0.7566592827082336,4.3400609094762663e-10,0.25411657396334547,0.25411657396334547,0.0,0.0
110,30s,MN,50mM 2DG_1h_yes_A_MN_0_2_0005,0.09705372355916572,1.383160633768755,14.251494770579873,3.9479230648494723,[ 0.00041323 -0.00096017],[-0.00096017  0.00230622],0.383160633768755,0.013823777824026584,0.931778023049005,0.019624886472423594,1.0334507358972655,0.8932048733770288,3.9537900799669324e-15,0.09705372355916572,0.09705372355916572,0.09705372355916572,0.09705372355916572
110,30s,MN,50mM 2DG_1h_yes_A_MN_0_2_0007,0.1391633632921568,1.3151058853200186,9.45008696404607,2.264287653486008,[ 0.00032056 -0.00034348],[-0.00034348  0.00039848],0.3151058853200186,0.008290467159908476,0.9486974183169453,0.017517796987482206,1.0520399503383573,0.9010885140284385,1.3457948251386573e-15,0.1391633632921568,0.1391633632921568,0.1391633632921568,0.1391633632921568
110,30s,MN,50mM 2DG_1h_yes_A_MN_0_2_0009,0.2419077063007161,1.2611223049888578,5.2132374130369925,1.0794294608550254,[ 0.00161304 -0.00051051],[-0.00051051  0.0002153 ],0.2611223049888578,0.02224726703066227,0.8352960582616342,0.014724106078421213,1.081527712799541,0.7594984813714551,3.6761508528820487e-10,0.2419077063007161,0.2419077063007161,0.2419077063007161,0.2419077063007161
110,30s,MN,50mM 2DG_1h_yes_A_MN_0_3_0005,0.21933406334179273,1.2723688071239296,5.8010542810268895,1.2417989389066841,[ 0.00085976 -0.00034523],[-0.00034523  0.00017478],0.27236880712392963,0.01417619877717815,0.8993529083345558,0.01528297216576247,1.0786633738458504,0.7892158187677629,5.6993966279974985e-11,0.21933406334179273,0.21933406334179273,0.21933406334179273,0.21933406334179273
110,30s,MN,50mM 2DG_1h_yes_A_MN_0_3_0007,0.1224114201062284,1.3586049812401464,11.098678375442027,2.9295059311373866,[ 0.00026663 -0.00040261],[-0.00040261  0.00064438],0.3586049812401464,0.008917024512370928,0.9581242893601666,0.019866855658057337,1.0446016891472483,0.8973558159961577,2.2648592707644027e-15,0.1224114201062284,0.1224114201062284,0.1224114201062284,0.1224114201062284
110,30s,MN,50mM 2DG_1h_yes_A_MN_0_3_0012,0.0009805429399209233,-0.8976819936538689,-915.4948315942831,1935.3379810239715,[1.23643406e-02 2.37997750e+01],[2.37997750e+01 4.58116146e+04],1.897681993653869,0.005214028688679386,0.30525847298676956,-0.0020141866042427217,1.0016058883548669,0.30800316035428155,0.0014571023316988711,0.0,0.0,0.0,0.0
110,30s,MN,50mM 2DG_1h_yes_A_MN_0_3_0014,0.216245574506216,1.2678226162957098,5.862883525781777,1.2385114326952906,[ 0.00050502 -0.00020505],[-0.00020505  0.00010421],0.2678226162957098,0.008204549526666745,0.9364978999836951,0.015121813496066951,1.0759472848388638,0.8488154804488265,5.255768403475387e-13,0.216245574506216,0.216245574506216,0.216245574506216,0.216245574506216
110,30s,MN,50mM 2DG_1h_yes_A_MN_0_3_0015,0.11040836692382484,1.3846294957893193,12.540983390730077,3.4836988038659293,[ 0.00024199 -0.00046248],[-0.00046248  0.00092484],0.38462949578931926,0.00895459435512812,0.9534038301099794,0.019425730528457596,1.0533406072283287,0.9478673895897912,1.6782250384455132e-19,0.11040836692382484,0.11040836692382484,0.11040836692382484,0.11040836692382484
110,30s,MN,50mM 2DG_1h_yes_A_MN_0_3_0019,0.151445328196299,1.4577067170216647,9.625299996921846,3.0222570908783575,[ 0.00014524 -0.00019533],[-0.00019533  0.0002896 ],0.45770671702166466,0.007519317317115891,0.9767974812986577,0.02575006519215905,1.0848608923193914,0.9219084805720738,4.8682874940415693e-17,0.151445328196299,0.151445328196299,0.151445328196299,0.151445328196299
110,30s,MN,50mM 2DG_1h_yes_A_MN_0_4_0007,1.1355672269963658e-05,-126.7493573854495,-11161766.064762905,11249827.7819582,[2.18560130e-02 2.45857802e+05],[2.45857802e+05 2.76564892e+12],127.7493573854495,0.026877234764034055,0.14399101939024428,-0.005679552220285024,1.0415842645766784,0.5805215013137075,1.0013366546830673e-06,0.0,0.0,0.0,0.0
110,30s,MN,50mM 2DG_1h_yes_A_MN_0_4_0008,0.09181413890696087,1.4641895104374647,15.94732061824584,5.055751934980814,[ 0.00015614 -0.00047771],[-0.00047771  0.0015046 ],0.4641895104374647,0.007193810779327473,0.9728979938059475,0.023309541742851606,1.036353827424708,0.9351992376628305,3.549408589222239e-18,0.09181413890696087,0.09181413890696087,0.09181413890696087,0.09181413890696087
110,30s,MN,50mM 2DG_1h_yes_A_MN_0_4_0011,0.07885723925286027,1.2844602048801612,16.288424715979033,3.6072807972394676,[ 0.00086442 -0.00202264],[-0.00202264  0.00482909],0.2844602048801612,0.014643425872865035,0.8551848888161042,0.012973016047910006,1.0205995222651425,0.8360927771375292,1.6403406783267191e-12,0.07885723925286027,0.07885723925286027,0.07885723925286027,0.07885723925286027
110,30s,MN,50mM 2DG_1h_yes_A_MN_0_4_0013,0.16630617462188785,1.1676610750191918,7.021152868641077,1.0081470240078845,[ 0.00070225 -0.00029287],[-0.00029287  0.000138  ],0.1676610750191918,0.0054297751182296235,0.8960192389125556,0.009270587541421392,1.0372665215743702,0.8385181323788174,1.3295758098363674e-12,0.16630617462188785,0.16630617462188785,0.16630617462188785,0.16630617462188785
110,30s,MN,50mM 2DG_1h_yes_A_MN_0_4_0014,0.18256219178420566,1.2539394285355112,6.868560331581183,1.3909749113643186,[ 0.00035192 -0.00018733],[-0.00018733  0.00011611],0.2539394285355112,0.00571542465318534,0.9481054535208325,0.014331111909577468,1.060905045914792,0.8982088637009855,2.0142277551876984e-15,0.18256219178420566,0.18256219178420566,0.18256219178420566,0.18256219178420566
110,30s,MN,50mM 2DG_1h_yes_A_MN_0_5_0007,0.1618072387645539,1.3064273566291917,8.073973492188301,1.8937802719387289,[ 0.00058558 -0.00046893],[-0.00046893  0.00042099],0.30642735662919174,0.014283472946991943,0.8975248654454142,0.01634985697923741,1.072120608594319,0.9170068175405596,1.1444337391490777e-16,0.1618072387645539,0.1618072387645539,0.1618072387645539,0.1618072387645539
110,30s,MN,50mM 2DG_1h_yes_A_MN_0_5_0008,1.2928494307260231e-05,-66.35055968700277,-5132118.103632718,5209466.631329283,[8.38783606e-03 4.36930469e+04],[4.36930469e+04 2.27601296e+11],67.35055968700277,0.005813894475801469,0.20338111653828295,-0.002460622069918414,1.0156342143360706,0.4689252995226364,2.9919615692006617e-05,0.0,0.0,0.0,0.0
110,30s,MN,50mM 2DG_1h_yes_A_MN_0_5_0010,0.16458374168052747,1.3660236459081283,8.299869914002251,2.2239356218952335,[ 0.00024414 -0.00022649],[-0.00022649  0.0002367 ],0.3660236459081283,0.008056208849334685,0.9663509148607835,0.02142449208068217,1.0686837414300392,0.8724425015178815,4.807358893264503e-14,0.16458374168052747,0.16458374168052747,0.16458374168052747,0.16458374168052747
110,30s,MN,50mM 2DG_1h_yes_A_MN_0_5_0011,0.49120622814736964,1.0772661705302684,2.193103647307728,0.15729884130680716,[ 0.01296071 -0.00026397],[-2.63973063e-04  1.39467424e-05],0.07726617053026841,0.005241926798225065,0.6221641517803393,0.003674828994116058,1.0392976836110672,0.5105950605814622,9.179802094182414e-06,0.0,0.0,0.0,0.0
110,30s,MN,50mM 2DG_1h_yes_A_MN_0_5_0012,0.19528147740810306,1.2236128182276242,6.2658928766218525,1.1450795087970058,[ 0.00041347 -0.00017071],[-1.70713906e-04  8.42214842e-05],0.22361281822762424,0.005104346132268485,0.946950214149039,0.01283518151198932,1.055125169470247,0.836091641274085,1.6405008575073293e-12,0.19528147740810306,0.19528147740810306,0.19528147740810306,0.19528147740810306
110,30s,MN,50mM 2DG_1h_yes_A_MN_0_5_0014,0.13602921487069664,1.3986978094378848,10.282333914574345,2.930971922589345,[ 0.000162   -0.00022828],[-0.00022828  0.00034681],0.3986978094378848,0.006428558746100164,0.9724545641951455,0.02190361594704602,1.0656269157242164,0.9366696846969255,2.5720557411837113e-18,0.13602921487069664,0.13602921487069664,0.13602921487069664,0.13602921487069664
110,30s,MN,50mM 2DG_1h_yes_A_MN_0_5_0015,28.532293115743748,1.014290809503804,0.03554887107703697,0.0005008643870940194,[ 7.37403369e+12 -1.19517860e+03],[-1.1951786e+03  5.6177063e-06],0.014290809503803903,0.004342472315052189,0.018220915051285425,-0.0005798366912571435,1.018157131579399,0.04211044002705657,0.27666507179747507,,,,
110,30s,MN,50mM 2DG_1h_yes_A_MN_0_5_0016,1.37169455802495e-05,-32.04987662476092,-2336517.0064469962,2409419.5337734777,[2.46842560e-02 5.94706559e+04],[5.94706559e+04 1.43279948e+11],33.04987662476092,0.005696894987052685,0.06977112670145869,-0.001984608070802727,1.0150575708889453,0.3623910672485371,0.0004324989849921814,0.0,0.0,0.0,0.0
110,30s,MN,50mM 2DG_1h_yes_A_MN_0_5_0017,0.159222207744021,1.2623616801138724,7.928301573002625,1.6477706460123145,[ 0.00025199 -0.00017781],[-0.00017781  0.00014006],0.2623616801138724,0.0046123802611350104,0.9609236879716332,0.01481090529743038,1.0522280754914206,0.9068741266851597,5.770597414149857e-16,0.159222207744021,0.159222207744021,0.159222207744021,0.159222207744021
110,30s,MN,50mM 2DG_1h_yes_A_MN_0_5_0018,0.023803961322237825,0.8962382692523477,37.65080345745125,4.359011063033334,[0.01888878 0.07217836],[0.07217836 0.27618301],0.10376173074765227,0.009957746007388453,0.3458951934026995,-0.0033089122065009385,1.011177687135362,0.41022644417319104,0.0001376215834362833,0.0,0.0,0.0,0.0
110,30s,MN,50mM 2DG_1h_yes_A_MN_0_5_0019,0.4124540206305306,1.1625533342615038,2.8186252918186474,0.3941126189362967,[ 0.00240055 -0.00015132],[-1.51322048e-04  2.03047730e-05],0.16255333426150376,0.005930117125571449,0.8928272298580788,0.007837389333496918,1.0763469703570179,0.5515137743311587,2.6126726605776874e-06,0.4124540206305306,0.4124540206305306,0.4124540206305306,0.4124540206305306
110,30s,MN,50mM 2DG_1h_yes_A_MN_0_5_0020,0.20399415669511864,1.255858020167789,6.1563431056740665,1.254241907282589,[ 0.000333   -0.00014469],[-1.44691726e-04  7.65443386e-05],0.2558580201677889,0.0052122200445899845,0.9541389979977706,0.0143667228515675,1.0695768115954187,0.8820112353876154,1.6054595887311094e-14,0.20399415669511864,0.20399415669511864,0.20399415669511864,0.20399415669511864
110,30s,MN,50mM 2DG_1h_yes_A_MN_0_5_0021,0.3031348413533789,1.120744273112937,3.6971806609535562,0.39831869069837295,[ 0.00264749 -0.00024226],[-2.42256258e-04  3.48441803e-05],0.1207442731129369,0.00634059408758422,0.8129327024962025,0.0066888807288760024,1.0441559448720108,0.6707031578342509,3.166570463903483e-08,0.3031348413533789,0.3031348413533789,0.3031348413533789,0.3031348413533789
110,30s,MN,50mM 2DG_1h_yes_A_MN_0_5_0022,0.32033519563273444,1.148185675179519,3.5843257026802586,0.4625956722826499,[ 0.00135314 -0.00013502],[-1.35021228e-04  2.22274177e-05],0.14818567517951897,0.0044473929429117666,0.9095232538793399,0.008254118892764006,1.0548567649114209,0.6979195463429875,9.294575397437156e-09,0.32033519563273444,0.32033519563273444,0.32033519563273444,0.32033519563273444
110,30s,MN,50mM 2DG_1h_yes_A_MN_0_6_0003,0.20769981060709514,1.313439850947664,6.323741206641216,1.5091003214278167,[ 0.0004273  -0.00021966],[-0.00021966  0.00013862],0.3134398509476639,0.009826678714309625,0.9430888254413801,0.017470917740459772,1.0875310356901464,0.8507551229050779,4.3819554844305464e-13,0.20769981060709514,0.20769981060709514,0.20769981060709514,0.20769981060709514
110,30s,MN,50mM 2DG_1h_yes_A_MN_0_6_0004,0.11631392108572296,1.3083020723787497,11.248026548898954,2.6506033800677407,[ 0.0002455  -0.00034617],[-0.00034617  0.00051387],0.30830207237874974,0.005926407105467752,0.9551631547090751,0.016053713680811706,1.0434149373518347,0.9365743563610183,2.6269159670384764e-18,0.11631392108572296,0.11631392108572296,0.11631392108572296,0.11631392108572296
110,30s,MN,50mM 2DG_1h_yes_A_MN_0_6_0005,0.1702928902898427,1.330690026711914,7.814125560069164,1.9418898002674765,[ 0.00043832 -0.00034539],[-0.00034539  0.00030968],0.33069002671191394,0.012155288524337712,0.9301300125350777,0.018213921701009918,1.0770179259587365,0.9015906427147679,1.2529162704959467e-15,0.1702928902898427,0.1702928902898427,0.1702928902898427,0.1702928902898427
110,30s,MN,50mM 2DG_1h_yes_A_MN_0_6_0006,0.1715714814706796,1.318342301808461,7.683924452408233,1.8554499796801227,[ 0.00022679 -0.0001697 ],[-0.0001697   0.00014483],0.318342301808461,0.00581012400845925,0.9694959977755838,0.018662271737841435,1.0632121525153677,0.8638075729567745,1.2082640703361363e-13,0.1715714814706796,0.1715714814706796,0.1715714814706796,0.1715714814706796
110,30s,MN,50mM 2DG_1h_yes_A_MN_0_6_0007,0.3763359720213301,1.0991797069481597,2.9207404783666546,0.26354033183556086,[ 0.00622063 -0.00029269],[-2.92685671e-04  2.65806002e-05],0.0991797069481597,0.007180008107239039,0.7307494878020835,0.00483139600702347,1.044800274706897,0.45646861114425363,4.188398043532636e-05,0.3763359720213301,0.3763359720213301,0.0,0.0
110,30s,MN,50mM 2DG_1h_yes_A_MN_0_6_0009,0.23422938367926313,1.255191120355067,5.358811523296477,1.0894923444127205,[ 0.00068126 -0.00022488],[-2.24882711e-04  9.70275347e-05],0.25519112035506697,0.00964930096120251,0.9226492981378874,0.01408654283538805,1.0795970969825317,0.78437142891206,7.856210897935084e-11,0.23422938367926313,0.23422938367926313,0.23422938367926313,0.23422938367926313
110,30s,MN,50mM 2DG_1h_yes_A_MN_0_6_0011,0.1960707007368179,1.321830478637109,6.741601237052637,1.641400155289372,[ 0.00029052 -0.00017132],[-0.00017132  0.00012091],0.3218304786371089,0.007078938369334295,0.9579662132118076,0.018094867594782533,1.0842074030333717,0.9067109456094352,5.914277245642017e-16,0.1960707007368179,0.1960707007368179,0.1960707007368179,0.1960707007368179
110,30s,MN,50mM 2DG_1h_yes_A_MN_0_6_0017,0.019553836851125574,1.6907446428501307,86.46613223393068,35.325273914739114,[ 0.0033954 -0.1076457],[-0.1076457   3.41576456],0.6907446428501307,0.05393329998469795,0.480804298806222,0.009941746120276332,1.021735078344077,0.5129967603093792,8.551056446305871e-06,0.0,0.0,0.0,0.0
110,30s,MN,50mM 2DG_1h_yes_A_MN_0_7_0004,0.2717970395597526,1.1501212026830818,4.231544260180347,0.5523283216264715,[ 0.00102304 -0.0001465 ],[-1.46497969e-04  3.02404976e-05],0.15012120268308182,0.004434610678593191,0.9209041111257674,0.008625734046406644,1.0478436656716819,0.6808094145873965,2.032897723196971e-08,0.2717970395597526,0.2717970395597526,0.2717970395597526,0.2717970395597526
110,30s,MN,50mM 2DG_1h_yes_A_MN_0_7_0005,0.09149315809366022,1.4379093625197865,15.716031586185052,4.7862525640606375,[ 0.00031153 -0.00090389],[-0.00090389  0.00269912],0.4379093625197865,0.013182768424229325,0.9433257458703092,0.021293152721416804,1.0407023498048165,0.9211851397414936,5.5410721580878416e-17,0.09149315809366022,0.09149315809366022,0.09149315809366022,0.09149315809366022
110,30s,MN,50mM 2DG_1h_yes_A_MN_0_7_0006,0.16152222538353653,1.3457725727740433,8.331810495914661,2.140712041039566,[ 0.00035004 -0.0003173 ],[-0.0003173  0.0003223],0.3457725727740433,0.010508630292567557,0.9500493784275577,0.02000529154587868,1.0655391911642522,0.8789091227006766,2.312589256343178e-14,0.16152222538353653,0.16152222538353653,0.16152222538353653,0.16152222538353653
110,30s,MN,50mM 2DG_1h_yes_A_MN_0_7_0007,0.138250347979081,1.3382222191711095,9.679702356869287,2.4464475071143164,[ 0.00026203 -0.00030475],[-0.00030475  0.00038327],0.3382222191711095,0.007714988317553455,0.9559736705602568,0.01856958201673349,1.057575414773971,0.9231217963073961,3.9075267105516854e-17,0.138250347979081,0.138250347979081,0.138250347979081,0.138250347979081
110,30s,MN,50mM 2DG_1h_yes_A_MN_0_7_0012,0.17116664199241277,1.3241001850009544,7.735737346881217,1.8934774978837328,[ 0.0004736  -0.00036236],[-0.00036236  0.00031596],0.3241001850009544,0.013198105244624272,0.9318108268065837,0.018294191552221558,1.0711409334053905,0.8566288985874079,2.4897642927031655e-13,0.17116664199241277,0.17116664199241277,0.17116664199241277,0.17116664199241277
110,30s,MN,50mM 2DG_1h_yes_A_MN_0_7_0013,0.1638326463172548,1.2469920446830582,7.611377052826897,1.507587469500852,[ 0.00086898 -0.00054852],[-0.00054852  0.00038951],0.24699204468305824,0.014369704051938235,0.8793866521275068,0.013943941183588816,1.0510902434344611,0.8164325254914275,8.099610217369574e-12,0.1638326463172548,0.1638326463172548,0.1638326463172548,0.1638326463172548
110,30s,MN,50mM 2DG_1h_yes_A_MN_0_7_0014,0.13119416538422554,1.4292812104151413,10.894396151149223,3.2721059595746094,[ 0.00018062 -0.00029122],[-0.00029122  0.00050302],0.42928121041514133,0.008361279259914521,0.9718166833883137,0.02419514736550804,1.0592954501416822,0.9089965954388199,4.1741860319000795e-16,0.13119416538422554,0.13119416538422554,0.13119416538422554,0.13119416538422554
110,30s,MN,50mM 2DG_1h_yes_A_MN_0_7_0021,0.10469846628537009,1.4344707375692032,13.700971833334746,4.14973354418577,[ 0.00029465 -0.00069116],[-0.00069116  0.00168714],0.4344707375692032,0.012833031757651993,0.9485252202572392,0.022380400334431547,1.0479594880295913,0.9168889352385143,1.1674722249094576e-16,0.10469846628537009,0.10469846628537009,0.10469846628537009,0.10469846628537009
110,30s,MN,50mM 2DG_1h_yes_A_MN_0_8_0013,0.24016993604993248,1.225372667020325,5.102106813092394,0.9383883375539104,[ 0.00074039 -0.00020522],[-2.05219403e-04  7.54623035e-05],0.2253726670203251,0.007881351323349092,0.9141066117712665,0.012487863156403116,1.0718819753758317,0.8272716686807032,3.4337993439977915e-12,0.24016993604993248,0.24016993604993248,0.24016993604993248,0.24016993604993248
110,30s,MN,50mM 2DG_1h_yes_A_MN_0_8_0014,0.15379370875945278,1.3492869723441432,8.773356096474334,2.2711395359511064,[ 0.00028146 -0.00028116],[-0.00028116  0.00031078],0.3492869723441432,0.009053408942019421,0.9550880808273606,0.019529812428850716,1.067714703305477,0.9109266426411504,3.088922501216206e-16,0.15379370875945278,0.15379370875945278,0.15379370875945278,0.15379370875945278
110,30s,MN,50mM 2DG_1h_yes_A_MN_0_8_0015,0.33651441896148176,1.2045471915609531,3.579481661672359,0.6078407938423764,[ 0.00127158 -0.00015747],[-1.57468914e-04  3.36742162e-05],0.20454719156095313,0.007138072184650285,0.9109934944090788,0.010669155895075224,1.083974560279799,0.6940382934825124,1.1141764425112711e-08,0.33651441896148176,0.33651441896148176,0.33651441896148176,0.33651441896148176
110,30s,MN,50mM 2DG_1h_yes_A_MN_0_8_0016,0.12561782857346138,1.452319003808012,11.56140828336875,3.6007548366710993,[ 0.00016315 -0.00029786],[-0.00029786  0.00057854],0.45231900380801204,0.008537134862270018,0.9699352623180415,0.02390636120528707,1.0718669414421382,0.9520621882610362,5.175119154544189e-20,0.12561782857346138,0.12561782857346138,0.12561782857346138,0.12561782857346138
110,30s,MN,50mM 2DG_1h_yes_A_MN_0_8_0017,1.310270493121485e-05,-66.1067927846356,-5045278.29419008,5121598.413222729,[1.68888371e-02 8.64917409e+04],[8.64917409e+04 4.42944722e+11],67.1067927846356,0.011939244555279045,0.1203214579536287,-0.00371014952346153,1.027837102618375,0.5719926221062079,1.3361046779384197e-06,0.0,0.0,0.0,0.0
110,30s,MN,50mM 2DG_1h_yes_A_MN_0_8_0018,2.8830271399221402e-05,-67.16247535917826,-2329581.7937042406,2364267.5580577115,[8.63910524e-03 2.04218170e+04],[2.0421817e+04 4.8274746e+10],68.16247535917826,0.005790063587968816,0.43035772434127495,-0.0030503913282540073,1.010674528446267,0.5196198092267805,7.0193316728984965e-06,0.0,0.0,0.0,0.0
110,30s,MN,50mM 2DG_1h_yes_A_MN_0_8_0023,0.18472673377179155,1.1857964162899064,6.419192241848547,1.0057906210772736,[ 0.00076048 -0.00028973],[-0.00028973  0.00012908],0.1857964162899064,0.006956651056691904,0.888017408844008,0.010213066248833677,1.0477583199161524,0.8554051142849742,2.8062312204014113e-13,0.18472673377179155,0.18472673377179155,0.18472673377179155,0.18472673377179155
110,30s,MN,50mM 2DG_1h_yes_A_MN_0_8_0024,0.26323541817457463,1.1776274100435642,4.473666265010643,0.6747853737742988,[ 0.00189102 -0.00034243],[-3.42431882e-04  8.73511674e-05],0.1776274100435642,0.011590125362512825,0.798724796973439,0.009549701977688608,1.0635741425064411,0.7893039993335861,5.6658160040587373e-11,0.26323541817457463,0.26323541817457463,0.0,0.0
110,30s,MN,50mM 2DG_1h_yes_A_MN_0_8_0025,0.14480162308082703,1.4674006770739234,10.13386898470629,3.227869046833987,[ 0.00018014 -0.00026747],[-0.00026747  0.00043345],0.4674006770739234,0.009586985121421681,0.9706247237128358,0.025993823744777645,1.0828883013269825,0.9177330893841076,1.011555798678506e-16,0.14480162308082703,0.14480162308082703,0.14480162308082703,0.14480162308082703
110,30s,MN,50mM 2DG_1h_yes_A_MN_0_8_0028,0.24693985739445437,1.2285527490797707,4.97510917047837,0.9255401355265521,[ 0.00099989 -0.00026564],[-2.65638423e-04  9.52538410e-05],0.22855274907977075,0.010878949923463117,0.8833569312397707,0.012390110446528912,1.0770400701577985,0.8191434353317746,6.566601581752804e-12,0.24693985739445437,0.24693985739445437,0.24693985739445437,0.24693985739445437
110,30s,MN,50mM 2DG_1h_yes_A_MN_0_9_0007,0.13322407410414183,1.5094175412968827,11.329915793724822,3.823764921786349,[ 0.0001149  -0.00021426],[-0.00021426  0.00042916],0.5094175412968827,0.00728982497895172,0.9807629133423402,0.028148756660182593,1.0786736452592245,0.9353214274205307,3.456638714267455e-18,0.13322407410414183,0.13322407410414183,0.13322407410414183,0.13322407410414183
110,30s,MN,50mM 2DG_1h_yes_A_MN_0_9_0014,0.33426532729219066,1.2674429024642322,3.7917271071202814,0.8000916655960936,[ 0.00121544 -0.00019968],[-1.99676210e-04  5.62882963e-05],0.2674429024642322,0.011175888596623768,0.9161043096150581,0.014160389129033064,1.1075938511419947,0.697398317711479,9.524873583266894e-09,0.33426532729219066,0.33426532729219066,0.33426532729219066,0.33426532729219066
110,30s,MN,50mM 2DG_1h_yes_A_MN_0_9_0016,0.2645636577173652,1.2804909673785818,4.840010825472247,1.0602021827133636,[ 0.00053229 -0.00015063],[-1.50628204e-04  6.02594926e-05],0.2804909673785818,0.007575233515605576,0.9427929641232645,0.015375491831855666,1.0968880376215282,0.833501203614903,2.0461525336834633e-12,0.2645636577173652,0.2645636577173652,0.2645636577173652,0.2645636577173652
110,30s,MN,50mM 2DG_1h_yes_A_MN_0_9_0017,1.0510604504468148,1.033144429343439,0.9829543380727916,0.03153427505463564,[ 0.52943732 -0.00089316],[-8.93155687e-04  9.35585427e-06],0.033144429343439086,0.005681456422091921,0.3104740785107163,0.0003444842229871068,1.0272983338572799,0.007851305368965378,0.6414880193409371,,,,
110,30s,MN,50mM 2DG_1h_yes_A_MN_0_9_0018,0.04886112139444547,1.5501364904768318,31.725356402750332,11.259186747592151,[ 0.00032382 -0.00278401],[-0.00278401  0.0240943 ],0.5501364904768318,0.01237549427193883,0.9478902753751558,0.020878294079660405,0.9994668306151344,0.9315373015950184,7.676836931628007e-18,0.04886112139444547,0.04886112139444547,0.04886112139444547,0.04886112139444547
110,30s,MN,50mM 2DG_1h_yes_A_MN_0_9_0019,0.24638360677509777,1.2023155400653447,4.8798520153284155,0.8211404269685078,[ 0.00092725 -0.00021906],[-2.19064621e-04  6.97557213e-05],0.2023155400653447,0.008080339476504618,0.9135500582534994,0.011836865029801672,1.0593233955005141,0.7607382238499549,3.417006435526211e-10,0.24638360677509777,0.24638360677509777,0.24638360677509777,0.24638360677509777
110,30s,MN,50mM 2DG_1h_yes_A_MN_0_9_0020,0.21832993189299227,1.3402927473753004,6.138841045542962,1.5586170179455028,[ 0.00063265 -0.00032027],[-0.00032027  0.00020393],0.34029274737530035,0.01545533256974692,0.9266640568609069,0.01958154904216718,1.0936158528693158,0.8188943493287634,6.6952937834864175e-12,0.21832993189299227,0.21832993189299227,0.21832993189299227,0.21832993189299227
110,30s,MN,50mM 2DG_1h_yes_A_MN_0_9_0021,4.687686068736145,1.0873739776137934,0.23196390749497484,0.018639042020437695,[ 1.98811037e+02 -3.25829194e-02],[-0.03258292  0.00012589],0.0873739776137934,0.08939764301617723,0.05817997306928835,-0.008260360862343956,1.1443146837832596,0.3714752092234394,0.0003500623724281991,0.0,0.0,0.0,0.0
110,30s,MN,0mM 2DG_1h_yes_A_MN_2_1_0003,0.11322443024651455,1.662762092508147,14.68554170586637,5.853525525058221,[ 0.00010944 -0.0003463 ],[-0.0003463   0.00114987],0.662762092508147,0.010192745251845705,0.981085477362324,0.03522809999221968,1.0797251364033091,0.9327708065298115,5.947983195380868e-18,0.11322443024651455,0.11322443024651455,0.11322443024651455,0.11322443024651455
110,30s,MN,0mM 2DG_1h_yes_A_MN_2_1_0004,0.3317984337428543,1.3330213772452446,4.017563802842854,1.003685802517495,[ 0.0010932  -0.00022724],[-2.27243918e-04  8.04936850e-05],0.3330213772452446,0.015335428674928197,0.9273880592692488,0.017441960966807862,1.1339622698821303,0.6486789168258489,7.957786578695371e-08,0.3317984337428543,0.3317984337428543,0.3317984337428543,0.3317984337428543
110,30s,MN,0mM 2DG_1h_yes_A_MN_2_1_0005,0.055705561223095716,1.6109390137239534,28.918818486942243,10.96728944668914,[ 0.00031996 -0.00258099],[-0.00258099  0.02100646],0.6109390137239534,0.01627596336682451,0.9413953772164791,0.023482225539627057,1.019819466878676,0.9260093228407844,2.2829947953052185e-17,0.055705561223095716,0.055705561223095716,0.055705561223095716,0.055705561223095716
110,30s,MN,0mM 2DG_1h_yes_A_MN_2_1_0006,0.3085288082414812,1.1597623638835435,3.7590083418589995,0.5178199235077579,[ 0.00695783 -0.00081128],[-0.00081128  0.00015096],0.15976236388354348,0.028893419777630106,0.4895389939238143,0.008119863932787212,1.0673736710520152,0.6017393657528263,4.7641983748137276e-07,0.0,0.0,0.0,0.0
110,30s,MN,0mM 2DG_1h_yes_A_MN_2_1_0008,0.3608296440644094,1.1730115713131903,3.250873620305441,0.4794826981629789,[ 0.00243095 -0.00021877],[-2.18770936e-04  3.64003223e-05],0.17301157131319034,0.008637021801768518,0.8713444515084751,0.008599639100447764,1.0753062770475807,0.5378804507601709,4.017920282243774e-06,0.3608296440644094,0.3608296440644094,0.3608296440644094,0.3608296440644094
110,30s,MN,0mM 2DG_1h_yes_A_MN_2_1_0010,0.16951662935253342,1.306405223557679,7.706649362646467,1.80752310099599,[ 0.00046388 -0.00034152],[-0.00034152  0.00028569],0.3064052235576791,0.011468610110057323,0.9289485526915826,0.01698665585838534,1.0695683931958897,0.8764948520955373,3.0526869149245604e-14,0.16951662935253342,0.16951662935253342,0.16951662935253342,0.16951662935253342
110,30s,MN,0mM 2DG_1h_yes_A_MN_2_1_0012,0.11136019675088069,1.4422764242644097,12.951453628362987,3.971584436527246,[ 0.00022987 -0.00049835],[-0.00049835  0.00113157],0.4422764242644097,0.010608005820428047,0.9619738243057552,0.02370091484740879,1.048925551401506,0.913512326842517,2.0423271527092308e-16,0.11136019675088069,0.11136019675088069,0.11136019675088069,0.11136019675088069
110,30s,MN,0mM 2DG_1h_yes_A_MN_2_1_0024,0.2213222245424093,1.512394852354784,6.833452245845208,2.3151531818107136,[ 0.00017317 -0.0001285 ],[-0.0001285   0.00012079],0.5123948523547841,0.008760697674914804,0.9797727623272234,0.02953064290708414,1.1414405910800325,0.8368617709773849,1.5351718452365426e-12,0.2213222245424093,0.2213222245424093,0.2213222245424093,0.2213222245424093
110,30s,MN,0mM 2DG_1h_yes_A_MN_2_2_0005,0.16339525952134304,1.3571400130648126,8.305871400678795,2.185742806192992,[ 0.00181999 -0.00166912],[-0.00166912  0.00172082],0.3571400130648126,0.05931580667383647,0.8141905492390611,0.022107104410632888,1.0545906170908055,0.7215339386201467,2.929127906968851e-09,0.16339525952134304,0.16339525952134304,0.16339525952134304,0.16339525952134304
110,30s,MN,0mM 2DG_1h_yes_A_MN_2_2_0008,0.3677516921226199,1.389597517971014,3.7786298411039776,1.0594037398503937,[ 0.00176383 -0.0003429 ],[-0.0003429   0.00012565],0.38959751797101405,0.026647887287959204,0.9002413338753342,0.020146121351212982,1.166346239626083,0.6439589475918467,9.624296079786718e-08,0.3677516921226199,0.3677516921226199,0.3677516921226199,0.3677516921226199
110,30s,MN,0mM 2DG_1h_yes_A_MN_2_3_0002,0.370426319457912,1.4967153708998222,4.040521130059387,1.3409289373031692,[ 0.00196192 -0.00047863],[-0.00047863  0.00022172],0.4967153708998222,0.04615585576132836,0.8825571346643879,0.0238925929324125,1.227521764697979,0.5976687419631018,5.509906648005897e-07,0.370426319457912,0.370426319457912,0.370426319457912,0.370426319457912
110,30s,MN,0mM 2DG_1h_yes_A_MN_2_3_0004,0.19252137526557514,1.2866710392419873,6.683263286827651,1.4890348609162838,[ 0.00043767 -0.00023802],[-0.00023802  0.00015378],0.28667103924198734,0.008443132227871197,0.9451089383016935,0.01662784889994902,1.0678367003591696,0.8280296949008816,3.2273787919371657e-12,0.19252137526557514,0.19252137526557514,0.19252137526557514,0.19252137526557514
110,30s,MN,0mM 2DG_1h_yes_A_MN_2_3_0007,0.09960957724242821,1.352374615945262,13.576752892484166,3.5375575893436264,[ 0.00033724 -0.00069271],[-0.00069271  0.00147401],0.3523746159452621,0.009828814742238106,0.940818683888922,0.01780614918802154,1.0362744297420035,0.9102121316940656,3.4557543076828783e-16,0.09960957724242821,0.09960957724242821,0.09960957724242821,0.09960957724242821
110,30s,MN,0mM 2DG_1h_yes_A_MN_2_3_0009,0.17888317576114335,1.3851299348249315,7.743209661452169,2.1529690155947505,[ 0.00046759 -0.00039203],[-0.00039203  0.00038001],0.3851299348249315,0.017796131214899067,0.9234664347617173,0.020943631250875856,1.0980155926252442,0.9179495422768477,9.748185367519166e-17,0.17888317576114335,0.17888317576114335,0.17888317576114335,0.17888317576114335
110,30s,MN,0mM 2DG_1h_yes_A_MN_2_3_0010,0.13526512324693127,1.3022466928512848,9.627364849060074,2.2344761576088077,[ 0.00054008 -0.00058245],[-0.00058245  0.00067652],0.3022466928512848,0.01349127288626921,0.9097184051538006,0.016271627120802927,1.052392644898759,0.8847986261038485,1.1471044502119193e-14,0.13526512324693127,0.13526512324693127,0.13526512324693127,0.13526512324693127
110,30s,MN,0mM 2DG_1h_yes_A_MN_2_4_0002,0.14712919160007334,1.3936437176203587,9.47224478340479,2.675497046774791,[ 0.00070606 -0.00085888],[-0.00085888  0.00114425],0.39364371762035866,0.02648891381716977,0.8899112383298611,0.02172441413532013,1.0738495574383389,0.8643898048678761,1.137569426834982e-13,0.14712919160007334,0.14712919160007334,0.14712919160007334,0.14712919160007334
110,30s,MN,0mM 2DG_1h_yes_A_MN_2_4_0003,0.33503684147168533,1.377096768771535,4.110284596531204,1.1255382157827685,[ 0.00169268 -0.00039014],[-0.00039014  0.00015464],0.377096768771535,0.029546181002796122,0.8943805773778832,0.020778057112217172,1.1447218587340267,0.685363348916539,1.65740740630175e-08,0.33503684147168533,0.33503684147168533,0.33503684147168533,0.33503684147168533
110,30s,MN,0mM 2DG_1h_yes_A_MN_2_4_0004,0.35121276905722687,1.2473440954840809,3.5515340140746354,0.7042571263796461,[ 0.00355942 -0.00048574],[-0.00048574  0.0001193 ],0.24734409548408087,0.02599246503513082,0.8358738098797993,0.012427590815402968,1.1037371492431127,0.4564229317780966,4.193512449460452e-05,0.35121276905722687,0.35121276905722687,0.35121276905722687,0.35121276905722687
110,30s,MN,0mM 2DG_1h_yes_A_MN_2_4_0005,0.12923290002748763,1.2341522370633629,9.549830088165326,1.8118624360635647,[ 0.00055111 -0.00049697],[-0.00049697  0.00047893],0.23415223706336286,0.008335530540076892,0.9110836507319405,0.012670168768267528,1.0363181670111825,0.868590840456066,7.305844103672548e-14,0.12923290002748763,0.12923290002748763,0.12923290002748763,0.12923290002748763
110,30s,MN,0mM 2DG_1h_yes_A_MN_2_4_0006,0.12993563424167226,1.5374214408141527,11.832177137448252,4.136058933722384,[ 0.00013742 -0.00028186],[-0.00028186  0.00061839],0.5374214408141527,0.009572399468866403,0.9756880769802386,0.028927883427013593,1.0860382582631445,0.9415763447607705,8.296685513963334e-19,0.12993563424167226,0.12993563424167226,0.12993563424167226,0.12993563424167226
110,30s,MN,0mM 2DG_1h_yes_A_MN_2_4_0007,0.16024127557572437,1.323917902479852,8.26202798076339,2.0214386169609577,[ 0.00065456 -0.0005638 ],[-0.0005638   0.00054302],0.32391790247985197,0.018257426574252722,0.8954650008521184,0.017483493310941126,1.0725364970200384,0.8547605875118065,2.987558412104097e-13,0.16024127557572437,0.16024127557572437,0.16024127557572437,0.16024127557572437
110,30s,MN,0mM 2DG_1h_yes_A_MN_2_4_0008,0.10605248543843457,1.3524423708133735,12.752575908260928,3.3232825176735044,[ 0.00124353 -0.00231947],[-0.00231947  0.00450782],0.3524423708133735,0.03805795227535901,0.8227575737985386,0.018579769803726085,1.036031990816362,0.7785440517579315,1.145076568612223e-10,0.10605248543843457,0.10605248543843457,0.10605248543843457,0.10605248543843457
110,30s,MN,0mM 2DG_1h_yes_A_MN_2_5_0003,0.18702571708531404,1.5216820384721101,8.136218174626629,2.7893599158565907,[ 0.0010161  -0.00106205],[-0.00106205  0.00130408],0.5216820384721101,0.05685963407033436,0.8903026840130412,0.03104633196158904,1.1102646504075402,0.7393593089566347,1.1472983432132466e-09,0.18702571708531404,0.18702571708531404,0.18702571708531404,0.18702571708531404
110,30s,MN,0mM 2DG_1h_yes_A_MN_2_5_0005,0.19436495582170754,1.4077907704293753,7.243027759184904,2.0980673635603573,[ 0.00132658 -0.00100784],[-0.00100784  0.00091314],0.4077907704293753,0.053587086394288434,0.8257061447924137,0.0225625025005131,1.1092506176757417,0.7934122209636636,4.290453223513356e-11,0.19436495582170754,0.19436495582170754,0.19436495582170754,0.19436495582170754
110,30s,MN,0mM 2DG_1h_yes_A_MN_2_5_0006,0.4075955442407297,1.1135533499189416,2.732005699407908,0.2785932072208227,[ 0.00543242 -0.00024555],[-2.45547678e-04  2.33218530e-05],0.11355334991894162,0.0068902323861135244,0.7679826672838237,0.005258060226670125,1.0550954111020372,0.4751531455997666,2.5218355016639667e-05,0.4075955442407297,0.4075955442407297,0.0,0.0
110,30s,MN,0mM 2DG_1h_yes_A_MN_2_5_0008,0.22059723866134054,1.2397811614906327,5.620111879069968,1.0869635673850984,[ 0.00042582 -0.00014883],[-1.48828904e-04  6.57803643e-05],0.23978116149063267,0.005367667170410082,0.9484789654294343,0.013420929272527617,1.069665708008262,0.8154269895883064,8.748328157935402e-12,0.22059723866134054,0.22059723866134054,0.22059723866134054,0.22059723866134054
110,30s,MN,0mM 2DG_1h_yes_A_MN_2_5_0009,0.3724244836363771,1.2639099382407564,3.3937348208148315,0.7086267145057769,[ 0.00361152 -0.00046263],[-0.00046263  0.00011316],0.26390993824075637,0.026052857701864187,0.8227896028633923,0.012737413385792647,1.1194786874645046,0.4981712864362887,1.3182096476851527e-05,0.3724244836363771,0.3724244836363771,0.3724244836363771,0.3724244836363771
110,30s,MN,0mM 2DG_1h_yes_A_MN_2_5_0010,0.15444269356166823,1.4392613825598133,9.319064239093468,2.844170691599718,[ 0.00202325 -0.00252297],[-0.00252297  0.00348479],0.4392613825598133,0.09732490423969055,0.8029839304557942,0.027208435918079026,1.0579248468410862,0.6825337145223761,1.8822702183681176e-08,0.15444269356166823,0.15444269356166823,0.15444269356166823,0.15444269356166823
110,30s,MN,0mM 2DG_1h_yes_A_MN_2_5_0012,0.2794391372545178,1.1624009400779043,4.159764274605422,0.5811674831002174,[ 0.00468641 -0.00068509],[-0.00068509  0.00014741],0.1624009400779043,0.022159600057143805,0.6438600204604938,0.008367973444003954,1.0625585468511987,0.557505815596911,2.153818340019521e-06,0.0,0.0,0.0,0.0
110,30s,MN,0mM 2DG_1h_yes_A_MN_2_5_0014,0.13472268952329158,1.5586400746834845,11.569247022893041,4.146592356938538,[ 0.00034828 -0.00069894],[-0.00069894  0.00150959],0.5586400746834845,0.024909313977188634,0.9420701641758855,0.030446232942905747,1.0923071067387264,0.9027017946903642,1.0681496800110325e-15,0.13472268952329158,0.13472268952329158,0.13472268952329158,0.13472268952329158
110,30s,MN,0mM 2DG_1h_yes_A_MN_2_6_0004,0.16611175165888575,1.65359464082,9.954711959306131,3.934668283807947,[ 0.00021086 -0.00034355],[-0.00034355  0.00063218],0.65359464082,0.019148858074085107,0.968389904879509,0.03698274771325476,1.1367519629807914,0.888744273871644,7.027713019417023e-15,0.16611175165888575,0.16611175165888575,0.16611175165888575,0.16611175165888575
110,30s,MN,0mM 2DG_1h_yes_A_MN_2_6_0005,0.2651442222197412,1.5269061105293869,5.758775724948464,1.9872434183864944,[ 0.00025111 -0.00013288],[-1.32884883e-04  9.95660736e-05],0.5269061105293869,0.010831126584991089,0.9750254067153103,0.029437423042694942,1.1756460957334043,0.8032967328531628,2.147474833315896e-11,0.2651442222197412,0.2651442222197412,0.2651442222197412,0.2651442222197412
110,30s,MN,0mM 2DG_1h_yes_A_MN_2_6_0008,0.19869859199511186,1.3617698625908479,6.853444953572437,1.8206966589866307,[ 0.00030107 -0.00019456],[-0.00019456  0.00015133],0.36176986259084787,0.009202414411115812,0.9581735655348582,0.020220950835001104,1.0962736745779602,0.8671833306470051,8.487375017720732e-14,0.19869859199511186,0.19869859199511186,0.19869859199511186,0.19869859199511186
110,30s,MN,0mM 2DG_1h_yes_A_MN_2_6_0011,0.1269106778194633,1.293925430579995,10.19556000182008,2.3160023697778875,[ 0.00025265 -0.00029471],[-0.00029471  0.00036633],0.293925430579995,0.005624653047013619,0.957238824459928,0.015876063935635266,1.0440930933568096,0.911201452884318,2.9577316400963024e-16,0.1269106778194633,0.1269106778194633,0.1269106778194633,0.1269106778194633
110,30s,MN,0mM 2DG_1h_yes_A_MN_2_6_0014,0.3590834344355596,1.1338292722128103,3.1575649653542706,0.372696870361551,[ 0.00818447 -0.00057581],[-5.75811629e-04  7.45340640e-05],0.13382927221281027,0.01864144148988211,0.6476301110240203,0.006880111294100882,1.0569827824947224,0.464021714747153,3.418544015117516e-05,0.0,0.0,0.0,0.0
110,30s,MN,0mM 2DG_1h_yes_A_MN_2_6_0017,0.35886324428040595,1.3779767550491142,3.839838091561143,1.053261266160135,[ 0.00071814 -0.00014289],[-1.42886572e-04  5.22750071e-05],0.3779767550491142,0.010732053903846957,0.9516330120159593,0.019517523819006385,1.1612503142464425,0.7315209108145321,1.7456100871640306e-09,0.35886324428040595,0.35886324428040595,0.35886324428040595,0.35886324428040595
110,30s,MN,0mM 2DG_1h_yes_A_MN_2_6_0020,0.04539635201454885,1.1979591601025001,26.388886043499095,4.36068431311523,[ 0.00322821 -0.01095565],[-0.01095565  0.0373893 ],0.19795916010250014,0.015236770946966578,0.5373696409709992,0.0058658165236412495,1.0119524795445551,0.5564721235644049,2.2271827785055703e-06,0.0,0.0,0.0,0.0
110,30s,MN,0mM 2DG_1h_yes_A_MN_2_6_0023,0.15816256361480602,1.4696021252504479,9.291719175907911,2.969110480493547,[ 0.00022299 -0.000285  ],[-0.000285    0.00040592],0.46960212525044787,0.011972584328690252,0.9652676921496505,0.026411389229491704,1.093211207503129,0.9031057726461014,1.007500002454731e-15,0.15816256361480602,0.15816256361480602,0.15816256361480602,0.15816256361480602
110,30s,MN,0mM 2DG_1h_yes_A_MN_2_7_0008,0.23861458647932457,1.402797270641854,5.878925053743114,1.6880664195135262,[ 0.00064806 -0.00032528],[-0.00032528  0.00021575],0.4027972706418541,0.01981276030598513,0.9267032565681611,0.022299008627393094,1.1271598675538312,0.7999680248848482,2.7213687690630705e-11,0.23861458647932457,0.23861458647932457,0.23861458647932457,0.23861458647932457
110,30s,MN,0mM 2DG_1h_yes_A_MN_2_7_0013,0.1618569588956761,1.4271911026860797,8.817607302296881,2.6393125485659414,[ 0.00031237 -0.00034853],[-0.00034853  0.00043602],0.42719110268607974,0.014061030433667073,0.9494551682907048,0.02354987138544898,1.092506087615618,0.9051833679548685,7.430105455486566e-16,0.1618569588956761,0.1618569588956761,0.1618569588956761,0.1618569588956761
110,30s,MN,0mM 2DG_1h_yes_A_MN_2_7_0015,0.24390922470041804,1.3759714840796737,5.641326135859409,1.54144019990003,[ 1.64647412e-04 -7.37852323e-05],[-7.37852323e-05  4.42856255e-05],0.37597148407967373,0.004299888857579008,0.9822476876300015,0.02140686711543852,1.1148396189949406,0.8245593808325765,4.277246553271175e-12,0.24390922470041804,0.24390922470041804,0.24390922470041804,0.24390922470041804
110,30s,MN,0mM 2DG_1h_yes_A_MN_2_7_0027,0.16450517786292648,1.585404346212291,9.637413039565995,3.5585770236367744,[ 0.00031996 -0.00047516],[-0.00047516  0.00079478],0.5854043462122911,0.023787131449929205,0.9517868656610063,0.03291952096674645,1.1228739481242316,0.8802504583277386,1.9772702087197845e-14,0.16450517786292648,0.16450517786292648,0.16450517786292648,0.16450517786292648
110,30s,MN,0mM 2DG_1h_yes_A_MN_2_8_0004,0.2222554544935077,1.517943705492623,6.829725321935636,2.330398174807236,[ 0.00043511 -0.00032367],[-0.00032367  0.00030567],0.517943705492623,0.021092852812280998,0.9526245068347757,0.029735034480731042,1.1432939671597255,0.7767546590385639,1.2829918431383657e-10,0.2222554544935077,0.2222554544935077,0.2222554544935077,0.2222554544935077
110,30s,MN,0mM 2DG_1h_yes_A_MN_2_8_0005,0.24220267532771472,1.4259917613957123,5.887597069133362,1.7588235176152365,[ 0.00028353 -0.00014603],[-0.00014603  0.0001003 ],0.42599176139571227,0.00901106387304542,0.9699541913963106,0.024088018372526446,1.130358014910231,0.793629316895077,4.2272293842336615e-11,0.24220267532771472,0.24220267532771472,0.24220267532771472,0.24220267532771472
110,30s,MN,0mM 2DG_1h_yes_A_MN_2_8_0008,0.18053583375755666,1.5025253355876103,8.322587844833986,2.7835212828853493,[ 0.00016415 -0.00017654],[-0.00017654  0.00022021],0.5025253355876103,0.009118664906512506,0.9769057783838059,0.028788438219474896,1.1137237939241549,0.8788942459482187,2.316588203282511e-14,0.18053583375755666,0.18053583375755666,0.18053583375755666,0.18053583375755666
110,30s,MN,0mM 2DG_1h_yes_A_MN_2_8_0016,0.04808779392365905,1.998762876547028,41.56486944941017,20.76957154933322,[ 0.00030403 -0.0048422 ],[-0.0048422   0.07761533],0.998762876547028,0.03177387073959378,0.9346652018847431,0.032643648515024014,1.0463349724884636,0.9416965973119811,8.060302071434439e-19,0.04808779392365905,0.04808779392365905,0.04808779392365905,0.04808779392365905
110,30s,MN,0mM 2DG_1h_yes_A_MN_2_8_0021,0.30163292303884565,1.2239719496206936,4.057819475704464,0.7425315093732305,[ 0.0012413  -0.00021293],[-2.12930492e-04  5.71726165e-05],0.22397194962069356,0.009790429243430442,0.8929581515338745,0.011620269155224353,1.088341124602924,0.7127888493187958,4.541091771599404e-09,0.30163292303884565,0.30163292303884565,0.30163292303884565,0.30163292303884565
110,30s,MN,0mM 2DG_1h_yes_A_MN_2_8_0024,0.21556629357590973,1.351397711802229,6.269058531297456,1.6301143651592607,[ 0.00032524 -0.00017433],[-0.00017433  0.00011678],0.3513977118022289,0.008795492831881338,0.9585516819173511,0.019806923707411005,1.0993987880749092,0.8552900779577262,2.837825706279275e-13,0.21556629357590973,0.21556629357590973,0.21556629357590973,0.21556629357590973
110,30s,MN,0mM 2DG_1h_yes_A_MN_2_8_0026,0.21866069505077196,1.2803509111808935,5.855423220362499,1.2821275955232712,[ 0.00061285 -0.00025484],[-0.00025484  0.00013339],0.2803509111808935,0.010751004759920932,0.9254768228661137,0.015733532526695543,1.080821941742177,0.8180713443612859,7.137371666273739e-12,0.21866069505077196,0.21866069505077196,0.21866069505077196,0.21866069505077196
110,30s,MN,0mM 2DG_1h_yes_A_MN_2_8_0030,0.040604150800003014,1.4346867000575538,35.33349846729087,10.705474477193636,[ 0.00142742 -0.01221015],[-0.01221015  0.10490208],0.43468670005755383,0.027051437225695182,0.7366298357421849,0.01223323719276833,1.0198125695735765,0.7521994525154712,5.611721094650917e-10,0.040604150800003014,0.040604150800003014,,
110,30s,MN,0mM 2DG_1h_yes_A_MN_2_8_0034,0.16376259291093295,1.4741219782112358,9.001579371749322,2.895178744935364,[ 0.00035971 -0.00043619],[-0.00043619  0.00059497],0.4741219782112358,0.01882841093609921,0.9475377732390979,0.026800949311358013,1.097129005168576,0.8600038276146855,1.7804617754430798e-13,0.16376259291093295,0.16376259291093295,0.16376259291093295,0.16376259291093295
110,30s,MN,0mM 2DG_1h_yes_A_MN_2_9_0015,0.1724634374187736,1.1857438869512238,6.8753348808189125,1.0770044348600265,[ 0.00564489 -0.00244132],[-0.00244132  0.00120614],0.1857438869512238,0.051610080057256216,0.5966608440057517,0.010995628517416978,1.034702631414923,0.46868921924614687,3.0113014207542353e-05,,,,
110,30s,MN,0mM 2DG_1h_yes_A_MN_2_9_0020,0.23246857028102083,1.1652604565612061,5.012550535982456,0.7108937623758351,[ 0.00332471 -0.00072156],[-0.00072156  0.0002038 ],0.16526045656120614,0.02064088321951717,0.5760583104015848,0.008317164519540052,1.0604673602216816,0.7271275958603161,2.197000710253874e-09,0.0,0.0,0.0,0.0
110,30s,MN,0mM 2DG_1h_yes_A_MN_2_9_0021,2.849978197793497e-05,285.7020273386515,10024709.226191519,9989621.23847378,[ 1.68537039e-03 -1.68335390e+04],[-1.68335390e+04  1.68133983e+11],284.7020273386515,0.01672957538617076,0.7750404696607109,0.010845749060557072,0.9731249507065627,0.8480899310211946,5.622338947012568e-13,2.849978197793497e-05,2.849978197793497e-05,,
110,30s,MN,0mM 2DG_1h_yes_A_MN_2_9_0024,0.26276945604576607,1.3612420696923242,5.180366432905502,1.3747490866267476,[ 0.00141112 -0.00052158],[-0.00052158  0.00027124],0.3612420696923242,0.032486359492781926,0.8592862870781721,0.019503459217580784,1.1265513402206655,0.744188923079438,8.803655517542556e-10,0.26276945604576607,0.26276945604576607,0.26276945604576607,0.26276945604576607
110,30s,MN,0mM 2DG_1h_yes_A_MN_2_9_0027,0.19717869557497977,1.4413257433475306,7.309743779086152,2.238201962238414,[ 0.0002978  -0.00023824],[-0.00023824  0.00022865],0.4413257433475306,0.01341389337952537,0.9562243951877326,0.024386420385445196,1.119676371791015,0.8926906675909245,4.2299408782024725e-15,0.19717869557497977,0.19717869557497977,0.19717869557497977,0.19717869557497977
110,30s,MN,0mM 2DG_1h_yes_A_MN_2_9_0033,0.16856094843788463,1.5411135500568627,9.14276743420656,3.210195214677883,[ 0.00036002 -0.00047291],[-0.00047291  0.00070467],0.5411135500568627,0.02536351233302586,0.9424931124806439,0.029937526562863657,1.123066483656648,0.9088859957209894,4.246012026039874e-16,0.16856094843788463,0.16856094843788463,0.16856094843788463,0.16856094843788463
110,30s,MN,50mM 2DG_1h_yes_A_MN_4_1_0003,0.20777575469470863,1.2008414349495564,5.779507030134435,0.9666259436509278,[ 0.00036747 -0.00012096],[-1.20959236e-04  4.88847155e-05],0.20084143494955642,0.003576838616834685,0.9590332020253793,0.0120494580565041,1.0478606756806268,0.8252034999275487,4.0611042121770164e-12,0.20777575469470863,0.20777575469470863,0.20777575469470863,0.20777575469470863
110,30s,MN,50mM 2DG_1h_yes_A_MN_4_1_0004,0.32289027385305424,1.157913246198195,3.586088959511848,0.48906163791746926,[ 0.00514636 -0.00053795],[-5.37953956e-04  9.34434497e-05],0.1579132461981949,0.019129095127292186,0.7819838684149494,0.009016654802981614,1.0544422561165425,0.4705342854517567,2.8632157838896538e-05,0.32289027385305424,0.32289027385305424,0.0,0.0
110,30s,MN,50mM 2DG_1h_yes_A_MN_4_1_0005,0.12710084694677595,1.4287874042937645,11.24136808381832,3.3735998979874706,[ 0.0001086  -0.00018434],[-0.00018434  0.00033352],0.4287874042937645,0.004950480096384179,0.9817956411419142,0.023583616117909083,1.0606501715504648,0.9354771927000809,3.3416423922453086e-18,0.12710084694677595,0.12710084694677595,0.12710084694677595,0.12710084694677595
110,30s,MN,50mM 2DG_1h_yes_A_MN_4_1_0006,0.12214425599842046,1.1367289219182746,9.306445993931753,1.1194052540632178,[ 0.00161488 -0.00093306],[-0.00093306  0.00057125],0.13672892191827457,0.008694930914685163,0.8355894618694782,0.008612760186940866,1.0065747150467959,0.7524790788819691,5.522774308479197e-10,0.12214425599842046,0.12214425599842046,0.12214425599842046,0.12214425599842046
110,30s,MN,50mM 2DG_1h_yes_A_MN_4_1_0009,0.15929416558359122,1.1853679047452748,7.441376778631864,1.1636829513884555,[ 0.00117006 -0.00058287],[-0.00058287  0.00032417],0.18536790474527476,0.011028320455097239,0.853830859935254,0.010908494808365244,1.0327113976755666,0.7939446278012138,4.136944444582261e-11,0.15929416558359122,0.15929416558359122,0.15929416558359122,0.15929416558359122
110,30s,MN,50mM 2DG_1h_yes_A_MN_4_1_0010,0.17442749488990728,1.2299115675695056,7.051133586168763,1.3180924699664922,[ 0.00057668 -0.00030237],[-0.00030237  0.00018177],0.2299115675695056,0.007921617311877256,0.9213668334695394,0.01324743814310549,1.0493436174840933,0.8505799983787494,4.454915904323319e-13,0.17442749488990728,0.17442749488990728,0.17442749488990728,0.17442749488990728
110,30s,MN,50mM 2DG_1h_yes_A_MN_4_1_0013,0.20050059890363364,1.3070117677351056,6.518742462027722,1.531226187921086,[ 0.00043757 -0.00023585],[-0.00023585  0.0001536 ],0.30701176773510563,0.009740874866050847,0.9514092517500616,0.018542720852585366,1.0689352998078607,0.8138224226628086,9.884334975399656e-12,0.20050059890363364,0.20050059890363364,0.20050059890363364,0.20050059890363364
110,30s,MN,50mM 2DG_1h_yes_A_MN_4_1_0014,4.324090788579065e-05,-39.043394080752655,-902927.2508309814,926053.4997673181,[1.97186483e-02 1.82561475e+04],[1.82561475e+04 1.69021181e+10],40.043394080752655,0.007657080431874313,0.11992214846536764,-0.0014068938682801815,0.9968118275813335,0.12923824017889016,0.05103682329732586,,,,
110,30s,MN,50mM 2DG_1h_yes_A_MN_4_1_0015,0.20871708954023624,1.2689985780214341,6.079993645066606,1.2888191312651325,[ 0.0009853 -0.0004306],[-0.0004306   0.00023153],0.2689985780214341,0.015995390312245897,0.8957318288394324,0.015883496635829226,1.0665769329481511,0.7611383423532109,3.33706632269555e-10,0.20871708954023624,0.20871708954023624,0.20871708954023624,0.20871708954023624
110,30s,MN,50mM 2DG_1h_yes_A_MN_4_1_0016,1.0175823940134607e-05,-149.22424648641294,-14664586.117479444,14762858.257984538,[3.06444622e-03 4.52375360e+04],[4.52375360e+04 6.67799178e+11],150.22424648641294,0.013099358051710268,0.24784662877160135,-0.003919555097185052,1.0235108375937014,0.5004059831873504,1.235918509479758e-05,0.0,0.0,0.0,0.0
110,30s,MN,50mM 2DG_1h_yes_A_MN_4_2_0004,0.19223904982708917,1.141136646305233,5.936029372448713,0.7341726170212526,[ 0.00103532 -0.00027797],[-2.77969935e-04  8.86108484e-05],0.14113664630523304,0.005580381358358266,0.8967797715608128,0.008729280259436879,1.0278879999965858,0.7478479342291846,7.179481675965842e-10,0.19223904982708917,0.19223904982708917,0.19223904982708917,0.19223904982708917
110,30s,MN,50mM 2DG_1h_yes_A_MN_4_2_0005,0.22714565058356873,1.1996528465388878,5.28142556750179,0.8789639864375651,[ 3.39283739e-04 -9.31732485e-05],[-9.31732485e-05  3.28678967e-05],0.19965284653888782,0.0030280745706752644,0.9606523767462344,0.01145826107939575,1.0571292327554196,0.8422710210904356,9.546547980048532e-13,0.22714565058356873,0.22714565058356873,0.22714565058356873,0.22714565058356873
110,30s,MN,50mM 2DG_1h_yes_A_MN_4_2_0007,0.1972460385500916,1.4474446681466764,7.338269902840612,2.2684595920695543,[ 0.00015627 -0.00012667],[-0.00012667  0.00012319],0.4474446681466764,0.006902293113304499,0.9797570065755855,0.025969981830461328,1.109015644606793,0.8680976570518371,7.701240532111708e-14,0.1972460385500916,0.1972460385500916,0.1972460385500916,0.1972460385500916
110,30s,MN,50mM 2DG_1h_yes_A_MN_4_2_0010,0.4259913923263004,1.0640113931719448,2.4977297953404056,0.15026452253503153,[ 0.020528   -0.00047451],[-4.74514722e-04  2.41952769e-05],0.06401139317194482,0.007956313545864194,0.6266772582435495,0.0034761179141950117,1.02582695013041,0.3045128535825254,0.0015708893291990437,0.0,0.0,0.0,0.0
110,30s,MN,50mM 2DG_1h_yes_A_MN_4_2_0011,0.16849188821049954,1.4268488879844905,8.468353599325244,2.5333497803242704,[ 0.00016379 -0.00016984],[-0.00016984  0.00019976],0.4268488879844905,0.007090656912214043,0.9763465523476026,0.02467625160978859,1.0863759354386389,0.8970816753706362,2.351363562502257e-15,0.16849188821049954,0.16849188821049954,0.16849188821049954,0.16849188821049954
110,30s,MN,50mM 2DG_1h_yes_A_MN_4_2_0012,0.13852266611742306,0.9306629495376166,6.718488573911154,0.500546606600884,[0.00352124 0.00083676],[0.00083676 0.0002151 ],0.06933705046238337,0.005409475522131221,0.6081298655430554,-0.0036743916650583547,0.9870527767419817,0.5695277143044919,1.4507576993518864e-06,0.0,0.0,0.0,0.0
110,30s,MN,50mM 2DG_1h_yes_A_MN_4_3_0004,0.11244422645690418,1.3902792680612373,12.364167657768371,3.470869784593318,[ 0.00011784 -0.000222  ],[-0.000222    0.00043853],0.39027926806123725,0.004553337729834267,0.9782539010288841,0.02026994462782965,1.0509670858765465,0.9534804882550233,3.396383691854476e-20,0.11244422645690418,0.11244422645690418,0.11244422645690418,0.11244422645690418
110,30s,MN,50mM 2DG_1h_yes_A_MN_4_3_0006,0.15955090147511292,1.386787791857186,8.691820472562483,2.424228182236363,[ 0.00034387 -0.00035641],[-0.00035641  0.00041259],0.38678779185718604,0.01294947233874754,0.9456777040081358,0.02161864950924908,1.0794973587300056,0.9059572715586223,6.622052091353437e-16,0.15955090147511292,0.15955090147511292,0.15955090147511292,0.15955090147511292
110,30s,MN,50mM 2DG_1h_yes_A_MN_4_3_0011,0.2469246560227184,1.1628503701081567,4.709332752907301,0.6595144151711347,[ 0.00107164 -0.00020288],[-2.02882262e-04  5.18412483e-05],0.16285037010815673,0.006087582245848578,0.9034825502975902,0.009556688818520601,1.047439988827621,0.7410412010806089,1.046799516416574e-09,0.2469246560227184,0.2469246560227184,0.2469246560227184,0.2469246560227184
110,30s,MN,50mM 2DG_1h_yes_A_MN_4_3_0012,0.21708638793630358,1.1750972540354359,5.4130397820255185,0.8065786883275796,[ 0.00063538 -0.00016738],[-1.67375331e-04  5.52984808e-05],0.17509725403543586,0.004676663346762221,0.9131345937433859,0.009648616931496346,1.0524287942896564,0.881694274587196,1.6671826028544893e-14,0.21708638793630358,0.21708638793630358,0.21708638793630358,0.21708638793630358
110,30s,MN,50mM 2DG_1h_yes_A_MN_4_3_0015,0.3879452061748631,1.1500308323084771,2.9644156288146273,0.3867320176160444,[ 0.00188346 -0.0001254 ],[-1.25404665e-04  1.66381979e-05],0.15003083230847714,0.004543201892213799,0.898866274032883,0.007609651440366428,1.066724310894577,0.6503766963355941,7.427194981249771e-08,0.3879452061748631,0.3879452061748631,0.3879452061748631,0.3879452061748631
110,30s,MN,50mM 2DG_1h_yes_A_MN_4_3_0017,1.1549839366373305,1.146376975246744,0.9925479817358802,0.1267350744919555,[ 0.38922509 -0.00237733],[-2.37732717e-03  9.99328459e-05],0.1463769752467441,0.05618018077975691,0.28477205493109414,0.0017406065472182555,1.1228762000283599,0.018925059250579152,0.4684927291950859,,,,
110,30s,MN,50mM 2DG_1h_yes_A_MN_4_3_0018,31.166102084988488,1.099028618601241,0.03526358912655301,0.003177446391313057,[ 1.77619758e+13 -5.27112521e+03],[-5.27112521e+03  4.53642293e-05],0.09902861860124101,0.03251056767673102,0.04360468650215832,0.0016988206625908984,1.0847697363936875,0.04360563530887918,0.2681139534103025,,,,
110,30s,MN,50mM 2DG_1h_yes_A_MN_4_3_0019,0.3019136081825498,1.1935264690460285,3.9532052769359494,0.640999490586109,[ 5.19567060e-04 -7.68582241e-05],[-7.68582241e-05  1.78101869e-05],0.19352646904602855,0.003107394497931367,0.9598945385305214,0.010466228058338377,1.0716941758208043,0.6942066350063714,1.1055027316252536e-08,0.3019136081825498,0.3019136081825498,0.3019136081825498,0.3019136081825498
110,30s,MN,50mM 2DG_1h_yes_A_MN_4_4_0008,0.2155442742821561,1.3144928386018548,6.098481822259546,1.4590637568510454,[ 0.00043763 -0.00020998],[-0.00020998  0.00012591],0.31449283860185484,0.009592815229036555,0.9447885693065909,0.017714276337634813,1.089106576990186,0.8454446017162893,7.169850048407481e-13,0.2155442742821561,0.2155442742821561,0.2155442742821561,0.2155442742821561
110,30s,MN,50mM 2DG_1h_yes_A_MN_4_4_0010,0.11982500653780924,1.2841251533818399,10.716670839293053,2.371167434839136,[ 0.00025367 -0.00031421],[-0.00031421  0.00041131],0.28412515338183986,0.00550666900447284,0.9603608971273723,0.015810278380631707,1.0327969668151633,0.9062673176275186,6.321865028874449e-16,0.11982500653780924,0.11982500653780924,0.11982500653780924,0.11982500653780924
110,30s,MN,50mM 2DG_1h_yes_A_MN_4_4_0012,0.04653792485071607,0.965327083799114,20.742804645795477,0.7450464607545231,[0.02022158 0.01165193],[0.01165193 0.00675389],0.03467291620088597,0.0032148003788212464,0.28514593668704136,-0.0015211198003952757,1.0025405115975736,0.29121279661827987,0.0020863330364769565,0.0,0.0,0.0,0.0
110,30s,MN,50mM 2DG_1h_yes_A_MN_4_4_0013,0.330462710487904,1.160976789829816,3.5131854608216426,0.48712542965027905,[ 0.00161721 -0.00016392],[-1.63922436e-04  2.82064839e-05],0.160976789829816,0.0059752103402378335,0.8873555536736942,0.00872538618926847,1.0631190321998714,0.723745694928972,2.6160535749271847e-09,0.330462710487904,0.330462710487904,0.330462710487904,0.330462710487904
110,30s,MN,50mM 2DG_1h_yes_A_MN_4_4_0014,0.5175153254824442,1.1634680225036582,2.248180807822525,0.31587088237680333,[ 0.00952362 -0.00036573],[-3.65726382e-04  3.87130296e-05],0.16346802250365822,0.014559319350749349,0.797842780872122,0.006964936516399368,1.0872067784822428,0.33650700461066824,0.0007791003828930917,0.5175153254824442,0.5175153254824442,0.0,0.0
110,30s,MN,50mM 2DG_1h_yes_A_MN_4_4_0015,0.35202508735522425,1.0932911756218067,3.1057194924252083,0.26501286122164264,[ 0.0047022  -0.00024081],[-2.40814505e-04  2.22467599e-05],0.09329117562180667,0.005456372213579854,0.7694190288565724,0.005101340328743312,1.0368695970372683,0.5772536539030781,1.1190789027774872e-06,0.35202508735522425,0.35202508735522425,0.0,0.0
110,30s,MN,50mM 2DG_1h_yes_A_MN_4_4_0018,0.191815259058106,1.1546746676221689,6.01972269199077,0.8063731132845575,[ 0.00064299 -0.00018999],[-1.89987099e-04  6.65927616e-05],0.15467466762216886,0.004070325413695367,0.9300556768984578,0.009469544054169976,1.0316659725008768,0.7985483086859108,3.0070666173116135e-11,0.191815259058106,0.191815259058106,0.191815259058106,0.191815259058106
110,30s,MN,50mM 2DG_1h_yes_A_MN_4_5_0003,0.49267128865161564,0.9741898329692705,1.9773627069592699,0.052388210202727485,[0.7969856  0.00538673],[5.38673419e-03 9.47725068e-05],0.02581016703072947,0.03916122587268089,0.09259093750258518,-0.0005740427512913023,0.9844181198737874,0.004390449192406415,0.7279265556841534,,,,
110,30s,MN,50mM 2DG_1h_yes_A_MN_4_5_0005,0.11263610084007003,1.1865702407557477,10.534546490032866,1.6563982538835875,[ 0.00064144 -0.00057613],[-0.00057613  0.00054268],0.18657024075574768,0.0059477363936229375,0.9069085310899673,0.010325767799975924,1.0181329851497458,0.8509013161259307,4.3219006363894656e-13,0.11263610084007003,0.11263610084007003,0.11263610084007003,0.11263610084007003
110,30s,MN,50mM 2DG_1h_yes_A_MN_4_5_0009,6.240675179785268e-05,96.3203095016091,1543427.7017590802,1527403.7945504629,[ 2.79622049e-03 -4.26947913e+03],[-4.26947913e+03  6.51896096e+09],95.3203095016091,0.012202516862777789,0.5108049793439998,0.0049641804129661226,1.0096603939624271,0.5394663234553978,3.82411558077814e-06,0.0,0.0,0.0,0.0
110,30s,MN,50mM 2DG_1h_yes_A_MN_4_5_0010,0.30857837990316517,1.314387482073558,4.259493106697965,1.0188253699828735,[ 0.00108399 -0.00024864],[-2.48637309e-04  9.10241681e-05],0.31438748207355793,0.015905412897429364,0.9105973290025917,0.017024880175761658,1.119828867134182,0.7681365591928693,2.1915160902125713e-10,0.30857837990316517,0.30857837990316517,0.30857837990316517,0.30857837990316517
110,30s,MN,50mM 2DG_1h_yes_A_MN_4_5_0012,0.1775886038101103,1.1391199341310707,6.4143751890132235,0.7833832303779308,[ 0.00073586 -0.00022587],[-2.2587172e-04  7.9960983e-05],0.1391199341310707,0.003955750034883078,0.9195475532578515,0.00859266516209218,1.024652299788472,0.7887688813937406,5.872462769388849e-11,0.1775886038101103,0.1775886038101103,0.1775886038101103,0.1775886038101103
110,30s,MN,50mM 2DG_1h_yes_A_MN_4_5_0016,0.1609715214836713,1.1922567658078673,7.406631650237635,1.194352665837041,[ 0.0006698  -0.00033966],[-0.00033966  0.00019283],0.19225676580786732,0.006803504064128172,0.9140401332037509,0.011381813464845163,1.0336091784398747,0.8270496232724266,3.4965499796758663e-12,0.1609715214836713,0.1609715214836713,0.1609715214836713,0.1609715214836713
110,30s,MN,50mM 2DG_1h_yes_A_MN_4_5_0017,0.22317139278398448,1.2937989916213413,5.797333499969036,1.3164724562422736,[ 0.00044091 -0.00018454],[-1.84538442e-04  9.82697522e-05],0.29379899162134127,0.008290009239524509,0.9489773560587556,0.017034784027906973,1.0814278079188688,0.8449468861187917,7.501990799020062e-13,0.22317139278398448,0.22317139278398448,0.22317139278398448,0.22317139278398448
110,30s,MN,50mM 2DG_1h_yes_A_MN_4_5_0018,0.1294566405002781,1.275815628466939,9.855157862405662,2.130563773330319,[ 0.00045877 -0.00048591],[-0.00048591  0.00055017],0.2758156284669391,0.009536644694907276,0.9272287387518502,0.015173744709937242,1.0406144430860496,0.8824278294577348,1.5275617695384027e-14,0.1294566405002781,0.1294566405002781,0.1294566405002781,0.1294566405002781
110,30s,MN,50mM 2DG_1h_yes_A_MN_4_5_0019,7.181713139100692,0.9967807990581031,0.13879429319324246,0.00044824972531553746,[1.02429818e+05 1.61766466e-01],[1.61766466e-01 6.99254467e-06],0.0032192009418968714,0.005475074090596111,-0.0358387023037221,0.0018703339151843002,0.9824033242675507,0.3728909891982673,0.0003386316067671484,0.0,0.0,0.0,0.0
110,30s,MN,50mM 2DG_1h_yes_A_MN_4_6_0005,0.7544214345279895,1.132696722665047,1.5014111089960334,0.17589203672092105,[ 0.02113597 -0.00028945],[-2.89445758e-04  1.69580756e-05],0.13269672266504706,0.00836348771511641,0.6573795844465127,0.004705354315342718,1.0858311208680362,0.45898084328736394,3.915943377768642e-05,0.0,0.0,0.0,0.0
110,30s,MN,50mM 2DG_1h_yes_A_MN_4_6_0006,0.980493774985641,1.1609750058680335,1.1840717763710795,0.16417748890898456,[ 0.07814842 -0.0007417 ],[-7.41695313e-04  4.04825401e-05],0.16097500586803348,0.021715889888025003,0.5547147513468291,0.0035587814348799294,1.1218786213871466,0.12798631761486584,0.05225667656789689,,,,
110,30s,MN,50mM 2DG_1h_yes_A_MN_4_6_0007,1.8767597867840398e-05,668.1442658911996,35600947.473203905,35547664.149091676,[ 5.25754512e-04 -1.86872914e+04],[-1.86872914e+04  6.64216575e+11],667.1442658911996,0.01726630055878272,0.860991151588742,0.014437536062863191,0.9811386702521661,0.8821166081752465,1.585414874980935e-14,1.8767597867840398e-05,1.8767597867840398e-05,1.8767597867840398e-05,1.8767597867840398e-05
110,30s,MN,50mM 2DG_1h_yes_A_MN_4_6_0012,0.08648127144591891,1.3664263144879407,15.800256999487292,4.237059751336861,[ 0.00033515 -0.00088418],[-0.00088418  0.00239197],0.3664263144879407,0.00990440108549024,0.9370522658863771,0.0172341214727436,1.0329012184198305,0.9261838827065982,2.2085418953042928e-17,0.08648127144591891,0.08648127144591891,0.08648127144591891,0.08648127144591891
110,30s,MN,50mM 2DG_1h_yes_A_MN_4_7_0004,0.5451357875400057,1.124530059383855,2.0628439465668533,0.22843860599542115,[ 0.00825192 -0.00021528],[-2.15275063e-04  1.64514375e-05],0.12453005938385497,0.006610858187898174,0.8330483857696598,0.005159021822968656,1.068401787841436,0.3429026019039804,0.0006749044357531155,0.5451357875400057,0.5451357875400057,0.5451357875400057,0.5451357875400057
110,30s,MN,50mM 2DG_1h_yes_A_MN_4_7_0005,0.4180395228850095,1.1174997833242686,2.67319170113889,0.28107338395510834,[ 0.00630366 -0.00027883],[-2.78829574e-04  2.66444417e-05],0.11749978332426858,0.008222711238128873,0.7897632090876958,0.005701930479292443,1.0543770916077069,0.4289547882953307,8.591515312693047e-05,0.4180395228850095,0.4180395228850095,0.0,0.0
110,30s,MN,50mM 2DG_1h_yes_A_MN_4_7_0006,0.11119471162665735,1.3430764477620072,12.078600035147927,3.0853665857231243,[ 0.0001946  -0.00032803],[-0.00032803  0.00057903],0.3430764477620072,0.005720730298191874,0.965562219631104,0.017990403964302657,1.0418517387065886,0.9363499368982131,2.7603867141053473e-18,0.11119471162665735,0.11119471162665735,0.11119471162665735,0.11119471162665735
110,30s,MN,50mM 2DG_1h_yes_A_MN_4_7_0007,0.4171166744708373,1.067483326855259,2.559196004833636,0.1617852533487657,[ 0.00998145 -0.00025481],[-2.54810334e-04  1.40186056e-05],0.06748332685525904,0.004470701370254266,0.7186246307797637,0.00327416471744976,1.0309385533084174,0.3607975653114011,0.00044872202336450177,0.4171166744708373,0.0,0.0,0.0
110,30s,MN,50mM 2DG_1h_yes_A_MN_4_7_0008,3.0483385213911143e-05,-135.82330885098077,-4455650.443606164,4488455.199147017,[2.12526229e-03 9.53750314e+03],[9.53750314e+03 4.28012894e+10],136.82330885098077,0.005262470924762671,0.6911315593486386,-0.004556118739914868,1.0037953433946893,0.6979340010333998,9.28826327825505e-09,0.0,0.0,0.0,0.0
110,30s,MN,50mM 2DG_1h_yes_A_MN_4_7_0011,0.16517526149904427,1.223854527218576,7.409429935884542,1.3552545652841068,[ 0.00031418 -0.00017712],[-0.00017712  0.00011259],0.2238545272185759,0.004273002278614398,0.9552456920989014,0.012833961531555239,1.0447737685252405,0.8657791287670813,9.841094448830382e-14,0.16517526149904427,0.16517526149904427,0.16517526149904427,0.16517526149904427
110,30s,MN,50mM 2DG_1h_yes_A_MN_4_8_0010,0.1974227185956664,1.3076224047050273,6.623464685354255,1.5581915135869266,[ 0.00024302 -0.0001352 ],[-1.35195660e-04  9.02765713e-05],0.30762240470502733,0.005449049039245325,0.9677482862999885,0.01777032333337539,1.076234779683685,0.8814451177671251,1.717242082172443e-14,0.1974227185956664,0.1974227185956664,0.1974227185956664,0.1974227185956664
110,30s,MN,50mM 2DG_1h_yes_A_MN_4_8_0015,0.20225011690320321,1.425972704251736,7.05054081592549,2.106167901280405,[ 0.00092363 -0.00067931],[-0.00067931  0.00060596],0.42597270425173606,0.03507285759767248,0.8892660050107887,0.02490352868745148,1.1061723585635492,0.8277401187114117,3.304832944195282e-12,0.20225011690320321,0.20225011690320321,0.20225011690320321,0.20225011690320321
110,30s,MN,50mM 2DG_1h_yes_A_MN_4_8_0017,29.97976162892016,1.0097160298955172,0.03367992188842117,0.00032408629580778936,[ 2.63266158e+14 -1.35366159e+04],[-1.35366159e+04  2.01847526e-05],0.00971602989551723,0.015672708892468256,0.010127689544962126,-0.003553339061527384,1.0350276441235489,0.4437646368941721,5.859781908813028e-05,0.0,0.0,0.0,0.0
110,30s,MN,50mM 2DG_1h_yes_A_MN_4_8_0019,0.47252724614431446,1.1174223495257303,2.3647786633333276,0.2484985796773893,[ 0.00330675 -0.00011151],[-1.11506009e-04  9.32699595e-06],0.11742234952573027,0.0032921029428103193,0.8762794672955461,0.005583624681721488,1.0584713050306174,0.6003715874332346,5.003567645734525e-07,0.47252724614431446,0.47252724614431446,0.47252724614431446,0.47252724614431446
110,30s,MN,50mM 2DG_1h_yes_A_MN_4_8_0020,0.09463045651241216,1.3745115351063737,14.525043899857828,3.957621561904344,[ 0.00020627 -0.00048667],[-0.00048667  0.00118463],0.3745115351063737,0.006783973022923045,0.9586134225937921,0.0178967057976499,1.042347532438059,0.959845197515783,4.3162329937645665e-21,0.09463045651241216,0.09463045651241216,0.09463045651241216,0.09463045651241216
110,30s,MN,50mM 2DG_1h_yes_A_MN_4_8_0022,0.7128299402118844,1.090217054491361,1.529420964230684,0.12656181987045115,[ 0.01747982 -0.00018394],[-1.83942098e-04  7.75724841e-06],0.09021705449136097,0.0038216303113902342,0.7760280627703544,0.0026584990233521457,1.0606349795838963,0.21574270059145625,0.00971425255653671,0.7128299402118844,0.0,0.0,0.0
110,30s,MN,50mM 2DG_1h_yes_A_MN_4_8_0025,0.5260965818903443,1.0942043551502438,2.0798545225642844,0.17906285346267295,[ 0.0054537 -0.0001164],[-1.16395044e-04  6.98023847e-06],0.09420435515024383,0.0028021380579891903,0.8579825184629206,0.003912785025388611,1.0518646259880053,0.40772828001921907,0.00014639753329785267,0.5260965818903443,0.0,0.5260965818903443,0.0
110,30s,MN,6mM 2DG_1h_yes_A_MN_6_1_0002,0.4334904421554641,1.1789517310338051,2.7196717998478817,0.4128158631225993,[ 0.00331994 -0.00020643],[-2.06431023e-04  2.88701119e-05],0.17895173103380513,0.008879039473817447,0.8768644991756023,0.009349837018762993,1.0795601181632657,0.5962280140870363,5.798943204742053e-07,0.4334904421554641,0.4334904421554641,0.4334904421554641,0.4334904421554641
110,30s,MN,6mM 2DG_1h_yes_A_MN_6_1_0003,0.30405157291737955,1.3124500269868151,4.31653753471438,1.0276218076718113,[ 3.38745829e-04 -7.96953195e-05],[-7.96953195e-05  2.95476290e-05],0.3124500269868151,0.004733140673291171,0.9725373647303012,0.01728996782649062,1.1140449188640325,0.7712901010857827,1.8057861321781486e-10,0.30405157291737955,0.30405157291737955,0.30405157291737955,0.30405157291737955
110,30s,MN,6mM 2DG_1h_yes_A_MN_6_1_0004,0.24044611808302288,1.1350350053308311,4.720537866778613,0.5616019356328528,[ 0.00401812 -0.00066576],[-0.00066576  0.00014644],0.13503500533083113,0.016438076024513228,0.6842605583874024,0.007824200444574603,1.0400069595339718,0.6134284564642725,3.1124708913747235e-07,0.0,0.0,0.0,0.0
110,30s,MN,6mM 2DG_1h_yes_A_MN_6_1_0005,0.2748484170943271,1.3421572993832738,4.883263704308145,1.2448945604290909,[ 0.00046334 -0.00014774],[-1.47743574e-04  6.84745617e-05],0.34215729938327377,0.008878143469772573,0.9586000116763452,0.019565887316302648,1.1127235645245133,0.790309020389882,5.295865632451207e-11,0.2748484170943271,0.2748484170943271,0.2748484170943271,0.2748484170943271
110,30s,MN,6mM 2DG_1h_yes_A_MN_6_1_0009,0.20418279578971504,1.4645225293994424,7.17260493831093,2.275032661800985,[ 0.00062406 -0.00049142],[-0.00049142  0.00047134],0.4645225293994424,0.028101304323441538,0.9182269469048792,0.026540802997350947,1.1228822733759936,0.8694055765849368,6.693727124901391e-14,0.20418279578971504,0.20418279578971504,0.20418279578971504,0.20418279578971504
110,30s,MN,6mM 2DG_1h_yes_A_MN_6_1_0012,0.8285169786434515,1.0718121723655893,1.2936514277842444,0.08667555912151485,[ 0.23265725 -0.00141   ],[-1.41000373e-03  4.06846512e-05],0.07181217236558934,0.021841754030879183,0.36249869992050765,0.0009297177869623436,1.05656119866422,0.013294979298888116,0.5440240658055898,,,,
110,30s,MN,6mM 2DG_1h_yes_A_MN_6_1_0014,0.22035734611722152,1.3346765196985255,6.056873270694274,1.518789936417598,[ 0.00030938 -0.00015125],[-1.51249397e-04  9.34543940e-05],0.3346765196985255,0.007223003733196793,0.96203833464302,0.019246829686645157,1.0933965659276155,0.8722310667729601,4.920679663836791e-14,0.22035734611722152,0.22035734611722152,0.22035734611722152,0.22035734611722152
110,30s,MN,6mM 2DG_1h_yes_A_MN_6_1_0015,0.29172921019812487,1.2713836488358807,4.358095125175959,0.9302587445788282,[ 0.0008862  -0.00019772],[-1.97722529e-04  6.71695912e-05],0.27138364883588073,0.010254549014834816,0.9163550379648122,0.014887996309506435,1.099560696437195,0.8317645887781753,2.3683405054019453e-12,0.29172921019812487,0.29172921019812487,0.29172921019812487,0.29172921019812487
110,30s,MN,6mM 2DG_1h_yes_A_MN_6_2_0001,1.1096926656483008,1.0856555219631128,0.9783389181263579,0.07718850868773779,[ 0.29644983 -0.00115263],[-1.15262674e-03  2.95302909e-05],0.08565552196311277,0.01733791926296056,0.3260907003936854,0.0005085785938491861,1.0753695449417353,0.0052114237838742,0.7046165919797477,,,,
110,30s,MN,6mM 2DG_1h_yes_A_MN_6_2_0002,0.3659178605933837,1.2337884864039204,3.371763500155939,0.6389097433637203,[ 0.00108406 -0.00012786],[-1.27856554e-04  2.82781969e-05],0.23378848640392036,0.0067064980629185054,0.9364457807027122,0.012757401651764314,1.0946548516486048,0.7365658131622044,1.3342791685233202e-09,0.3659178605933837,0.3659178605933837,0.3659178605933837,0.3659178605933837
110,30s,MN,6mM 2DG_1h_yes_A_MN_6_2_0004,0.36066096174974127,1.19101241600881,3.302304774629977,0.529617663863913,[ 0.00153382 -0.00015255],[-1.52552326e-04  2.80388335e-05],0.19101241600881003,0.0066898681560990355,0.908142350263634,0.010273061623909589,1.0781831065557315,0.7119909303284012,4.723350614159439e-09,0.36066096174974127,0.36066096174974127,0.36066096174974127,0.36066096174974127
110,30s,MN,6mM 2DG_1h_yes_A_MN_6_2_0008,0.24159050207927973,1.3465141799696905,5.573539391576833,1.4343038198413083,[ 2.19534379e-04 -9.24475817e-05],[-9.24475817e-05  5.18328611e-05],0.3465141799696905,0.005020825955214024,0.9753199322166433,0.019783974396671896,1.105328808546914,0.8561625772402924,2.606221345679491e-13,0.24159050207927973,0.24159050207927973,0.24159050207927973,0.24159050207927973
110,30s,MN,6mM 2DG_1h_yes_A_MN_6_2_0012,0.2067303095129245,1.2383289136650006,5.990069460944632,1.152849401844003,[ 0.00070134 -0.00027664],[-0.00027664  0.00013366],0.23832891366500064,0.009487297474754885,0.9026050742444348,0.013335645959963335,1.0667765677153134,0.8910476827108867,5.2370975704567665e-15,0.2067303095129245,0.2067303095129245,0.2067303095129245,0.2067303095129245
110,30s,MN,6mM 2DG_1h_yes_A_MN_6_2_0013,0.2052551125630369,1.371475398232727,6.681808706769856,1.8098228764881137,[ 0.00044095 -0.00027489],[-0.00027489  0.00020922],0.371475398232727,0.01331129072084584,0.9435565409507235,0.02147841956596696,1.0960945911331508,0.8727516104272911,4.646046855742529e-14,0.2052551125630369,0.2052551125630369,0.2052551125630369,0.2052551125630369
110,30s,MN,6mM 2DG_1h_yes_A_MN_6_3_0001,0.8681006511933692,1.119354794380767,1.2894297370264625,0.13748958051890767,[ 0.1753309  -0.00159838],[-1.59838049e-03  7.31355499e-05],0.1193547943807669,0.03866475539406773,0.3699726994978553,0.004214041610318959,1.0768301317976383,0.14719979921875,0.036350131221706494,0.0,0.0,0.0,0.0
110,30s,MN,6mM 2DG_1h_yes_A_MN_6_3_0004,0.5824104400482502,1.2081906391360713,2.0744659711731437,0.3574637829617608,[ 0.01621946 -0.00061171],[-6.11714407e-04  7.30358341e-05],0.20819063913607128,0.028748872618012414,0.720699209104182,0.009492801131340867,1.1107609149000544,0.41512189291271945,0.0001218363601533198,0.5824104400482502,0.5824104400482502,0.0,0.0
110,30s,MN,6mM 2DG_1h_yes_A_MN_6_3_0005,0.501403889216092,1.1797325124215214,2.3528587188782004,0.3584585526500801,[ 1.47905716e-03 -6.69645744e-05],[-6.69645744e-05  8.05465016e-06],0.17973251242152144,0.0028692218776268825,0.9500605732745143,0.007984819943845978,1.0945241706082063,0.5408067692294297,3.667147564639957e-06,0.501403889216092,0.501403889216092,0.501403889216092,0.501403889216092
110,30s,MN,6mM 2DG_1h_yes_A_MN_6_3_0009,0.2638406796352192,1.268762139555949,4.808819251489626,1.0186531505586405,[ 0.00054401 -0.00014835],[-1.48348052e-04  5.70784212e-05],0.26876213955594896,0.007374833279954686,0.9401053272217577,0.014771881660849355,1.0926587068000084,0.8556250851140677,2.7467250259262886e-13,0.2638406796352192,0.2638406796352192,0.2638406796352192,0.2638406796352192
110,30s,MN,6mM 2DG_1h_yes_A_MN_6_3_0010,1.5090145894479563,1.0783434562794374,0.7146010806124335,0.05191696410841053,[ 0.60283183 -0.00112546],[-1.12545561e-03  1.92167109e-05],0.0783434562794374,0.01222768273371651,0.34188506165665333,0.000670501198147721,1.0686215030074533,0.012610241170704755,0.5546508074121244,,,,
110,30s,MN,6mM 2DG_1h_yes_A_MN_6_3_0011,0.24502466856659508,1.3504114060669474,5.511328365290371,1.430106642391843,[ 0.00036691 -0.00015184],[-1.51836721e-04  8.43929225e-05],0.35041140606694743,0.008398111224851991,0.9597011927981319,0.019901626193157867,1.108571552871722,0.8396688028454511,1.2021484938279418e-12,0.24502466856659508,0.24502466856659508,0.24502466856659508,0.24502466856659508
110,30s,MN,6mM 2DG_1h_yes_A_MN_6_3_0015,0.30870476290174453,1.3279477200809449,4.301675515462027,1.0623345004408793,[ 0.00092047 -0.00022004],[-2.20044518e-04  8.39874548e-05],0.32794772008094486,0.013855295848075072,0.9300078074852781,0.018456961382987334,1.1184828769782493,0.7654087251771293,2.585634148212805e-10,0.30870476290174453,0.30870476290174453,0.30870476290174453,0.30870476290174453
110,30s,MN,6mM 2DG_1h_yes_A_MN_6_3_0017,0.2061531654743798,1.3704300980715607,6.647630633844787,1.7968683489247552,[ 0.00025115 -0.00015481],[-0.00015481  0.00011674],0.3704300980715607,0.007635637377336397,0.9662639456395462,0.02117939518464758,1.0984841396477418,0.8981828144664451,2.021483362706299e-15,0.2061531654743798,0.2061531654743798,0.2061531654743798,0.2061531654743798
110,30s,MN,6mM 2DG_1h_yes_A_MN_6_3_0018,0.18413234757452643,1.379261035648585,7.490596051246985,2.0597197648559904,[ 0.00023354 -0.00018272],[-0.00018272  0.00016698],0.37926103564858504,0.007842386915583394,0.9650316600332929,0.02138440015012327,1.0920518783087616,0.9138404521725095,1.9361620720708527e-16,0.18413234757452643,0.18413234757452643,0.18413234757452643,0.18413234757452643
110,30s,MN,6mM 2DG_1h_yes_A_MN_6_3_0020,0.25613317207417585,1.247666880728447,4.8711647563054585,0.9669457443673988,[ 0.00074041 -0.00019779],[-1.97791738e-04  7.30442801e-05],0.247666880728447,0.008553034732341805,0.9212413695983304,0.01392680267452154,1.0809424718611194,0.8361814539931204,1.6278802667005472e-12,0.25613317207417585,0.25613317207417585,0.25613317207417585,0.25613317207417585
110,30s,MN,6mM 2DG_1h_yes_A_MN_6_3_0021,0.33195880978969244,1.2169976307383772,3.66611035721386,0.653688422596324,[ 0.00202625 -0.00027417],[-2.74167630e-04  6.32428366e-05],0.2169976307383772,0.012917059414960646,0.8641027934527585,0.01188884560608197,1.0843055128103327,0.7173078884361286,3.626453584667237e-09,0.33195880978969244,0.33195880978969244,0.33195880978969244,0.33195880978969244
110,30s,MN,6mM 2DG_1h_yes_A_MN_6_3_0022,0.3374109472934517,1.2716174267012108,3.7687497602004734,0.8050047838696258,[ 0.00248122 -0.00040567],[-0.00040567  0.00011483],0.2716174267012108,0.024085156224233524,0.7867831792346051,0.013922160965562261,1.1168383439076872,0.8264583795496,3.6688740276433435e-12,0.3374109472934517,0.3374109472934517,,
110,30s,MN,6mM 2DG_1h_yes_A_MN_6_4_0002,0.2176324312627894,1.2643866395422183,5.809734478477069,1.2148310709398527,[ 0.00066922 -0.00026488],[-0.00026488  0.00013165],0.2643866395422183,0.010303259303379364,0.9173804967576517,0.015181997393468013,1.0736565110158418,0.8663190070737798,9.298496717930068e-14,0.2176324312627894,0.2176324312627894,0.2176324312627894,0.2176324312627894
110,30s,MN,6mM 2DG_1h_yes_A_MN_6_4_0003,0.2507009779970283,1.2661330175734102,5.050371273734794,1.0615555619275043,[ 0.00053809 -0.0001614 ],[-1.61401321e-04  6.59836366e-05],0.26613301757341024,0.007394803280449908,0.9486444483458242,0.015539279345147981,1.0794114713899094,0.7900486185943679,5.38950085415889e-11,0.2507009779970283,0.2507009779970283,0.2507009779970283,0.2507009779970283
110,30s,MN,6mM 2DG_1h_yes_A_MN_6_4_0004,0.44895088304092046,1.1922159474352396,2.6555598673955005,0.42814471403483073,[ 0.00294731 -0.00018218],[-1.82176900e-04  2.63470071e-05],0.19221594743523962,0.008222779315484338,0.8807589027415871,0.009628979956125236,1.0906318943424058,0.6441484016299452,9.551575952838776e-08,0.44895088304092046,0.44895088304092046,0.44895088304092046,0.44895088304092046
110,30s,MN,6mM 2DG_1h_yes_A_MN_6_4_0005,0.22536979436843524,1.5973644992079095,7.0877488426711395,2.6505969927422313,[ 0.0001737  -0.00014497],[-0.00014497  0.00015475],0.5973644992079095,0.01100361263857288,0.9796170949239983,0.03465980034437374,1.166581771268262,0.865149560506753,1.0510947152923614e-13,0.22536979436843524,0.22536979436843524,0.22536979436843524,0.22536979436843524
110,30s,MN,6mM 2DG_1h_yes_A_MN_6_4_0006,0.4974259870730712,1.1999601233809496,2.412339030458972,0.40198970013115887,[ 0.00480244 -0.00024619],[-2.46193698e-04  3.32210952e-05],0.1999601233809496,0.011655204300848718,0.8341515331086721,0.009783469179320686,1.099411370007576,0.6587501970426343,5.2591754444079224e-08,0.4974259870730712,0.4974259870730712,0.4974259870730712,0.4974259870730712
110,30s,MN,6mM 2DG_1h_yes_A_MN_6_4_0008,0.5173119702897857,1.1978479996137852,2.3155234527876467,0.38245393684386525,[ 0.00273713 -0.00012733],[-1.27328432e-04  1.63193300e-05],0.19784799961378519,0.006068798576436447,0.9290162441226014,0.009160150111329377,1.100679029660804,0.4850031318135082,1.9169174819141743e-05,0.5173119702897857,0.5173119702897857,0.5173119702897857,0.5173119702897857
110,30s,MN,6mM 2DG_1h_yes_A_MN_6_4_0011,0.3023259205613168,1.2016807094543498,3.9747855798247,0.6670969828848848,[ 0.00088568 -0.00013614],[-1.36140744e-04  3.28193070e-05],0.2016807094543498,0.0056710417514982,0.9310821289687792,0.011259186088380712,1.0726150054727548,0.7471927408370171,7.448098398006417e-10,0.3023259205613168,0.3023259205613168,0.3023259205613168,0.3023259205613168
110,30s,MN,6mM 2DG_1h_yes_A_MN_6_5_0003,0.3033306740740829,1.387109703955204,4.5729292238226735,1.2761970253646675,[ 0.00058927 -0.00017263],[-1.72632590e-04  7.95401036e-05],0.38710970395520405,0.012475802260622644,0.9496024575500259,0.021028025820197242,1.1452650939805664,0.7813233028282041,9.579356721729198e-11,0.3033306740740829,0.3033306740740829,0.3033306740740829,0.3033306740740829
110,30s,MN,6mM 2DG_1h_yes_A_MN_6_5_0004,0.18668627125693418,1.3480931321614138,7.221169093393314,1.8645888089024887,[ 0.00023231 -0.00016258],[-0.00016258  0.00013356],0.3480931321614138,0.0065713447871379865,0.9675406967500844,0.020036568775057714,1.0817434354099043,0.8943919537591666,3.3789701821870764e-15,0.18668627125693418,0.18668627125693418,0.18668627125693418,0.18668627125693418
110,30s,MN,6mM 2DG_1h_yes_A_MN_6_5_0005,0.25415212420748556,1.3692029075584131,5.387336076092044,1.452684720655736,[ 0.00032431 -0.00013122],[-1.31224618e-04  7.30227029e-05],0.3692029075584131,0.007905296466659524,0.9650841618748448,0.0209329133651129,1.11803773516667,0.8529841426865853,3.545271992553937e-13,0.25415212420748556,0.25415212420748556,0.25415212420748556,0.25415212420748556
110,30s,MN,6mM 2DG_1h_yes_A_MN_6_5_0006,1.2603580868126092,1.0144252239734444,0.8048706431827495,0.011445337737249841,[ 4.89266296e+01 -2.45165683e-02],[-2.45165683e-02  9.28905781e-05],0.014425223973444368,0.060359950589589054,0.020500074394609102,-0.0026760528627533483,1.0314594569734388,0.06439569180081227,0.1760142692871387,,,,
110,30s,MN,6mM 2DG_1h_yes_A_MN_6_5_0007,0.31625543011819135,1.1600428741826927,3.6680567785007203,0.5060557351470022,[ 0.00171085 -0.00018952],[-1.89522390e-04  3.42407683e-05],0.1600428741826927,0.006664843291431786,0.85184669837325,0.008583469709118654,1.0633007739710567,0.8213538661236737,5.521185557191599e-12,0.31625543011819135,0.31625543011819135,0.31625543011819135,0.31625543011819135
110,30s,MN,6mM 2DG_1h_yes_A_MN_6_5_0011,0.03665506370416996,1.6026166855499269,43.721563232956804,16.440202925670317,[ 0.00055277 -0.00742093],[-0.00742093  0.0999726 ],0.6026166855499269,0.017243955699488424,0.874846558373928,0.01557008009554924,1.0258132557825879,0.9000729580091418,1.553510429251306e-15,0.03665506370416996,0.03665506370416996,0.03665506370416996,0.03665506370416996
110,30s,MN,6mM 2DG_1h_yes_A_MN_6_6_0004,0.2871165244179915,1.3384335586425111,4.661638898546938,1.178732430425394,[ 3.25612938e-04 -9.36997511e-05],[-9.36997511e-05  4.05334775e-05],0.3384335586425111,0.005706529912006622,0.9714623929525721,0.018880239427692347,1.1184655270576886,0.7813671889655663,9.552230813981882e-11,0.2871165244179915,0.2871165244179915,0.2871165244179915,0.2871165244179915
110,30s,MN,6mM 2DG_1h_yes_A_MN_6_6_0006,0.3295468335698109,1.2332441510063386,3.7422424535148484,0.7077723930153567,[ 4.49564279e-04 -6.64224947e-05],[-6.64224947e-05  1.66170857e-05],0.23324415100633855,0.0032670897509445977,0.9650165716934007,0.012252292702503467,1.094388269365933,0.7559872990607348,4.512732769813798e-10,0.3295468335698109,0.3295468335698109,0.3295468335698109,0.3295468335698109
110,30s,MN,6mM 2DG_1h_yes_A_MN_6_6_0007,0.16320767220679802,1.4205335871729234,8.703840744526927,2.576677808626984,[ 0.000342   -0.00037009],[-0.00037009  0.00045006],0.42053358717292344,0.0145231096919867,0.9506936211463973,0.024358306597217726,1.081109969572339,0.891923287865131,4.675544351470205e-15,0.16320767220679802,0.16320767220679802,0.16320767220679802,0.16320767220679802
110,30s,MN,6mM 2DG_1h_yes_A_MN_6_6_0008,0.24888339059393008,1.2634136381852208,5.076327653565942,1.058381748804595,[ 0.00123764 -0.00037295],[-0.00037295  0.00015245],0.2634136381852208,0.016828886571118525,0.8885591223616092,0.015516488082431855,1.0771561683133226,0.7527113183297007,5.449899788142862e-10,0.24888339059393008,0.24888339059393008,0.24888339059393008,0.24888339059393008
110,30s,MN,6mM 2DG_1h_yes_A_MN_6_6_0009,0.3708794228135792,1.1969489815467513,3.227326478418276,0.5310323771878463,[ 0.00164532 -0.00015873],[-1.58726519e-04  2.91132263e-05],0.19694898154675133,0.007072841999686891,0.8998873248082688,0.01037321159826335,1.0837220077788563,0.7300305084189193,1.888038985404535e-09,0.3708794228135792,0.3708794228135792,0.3708794228135792,0.3708794228135792
110,30s,MN,6mM 2DG_1h_yes_A_MN_6_7_0004,0.4226734439442658,1.1221168052836301,2.6548079169875494,0.28891525368632476,[ 0.00615951 -0.00027635],[-2.76353194e-04  2.71139932e-05],0.12211680528363011,0.00852222587973261,0.8023348100353291,0.006755570116471217,1.0504961985136816,0.5486839494874346,2.8597274591166683e-06,0.4226734439442658,0.4226734439442658,0.4226734439442658,0.4226734439442658
110,30s,MN,6mM 2DG_1h_yes_A_MN_6_7_0005,0.26226587202585794,1.227711627985737,4.681171890579387,0.8682472722310048,[ 4.23629035e-04 -9.90955478e-05],[-9.90955478e-05  3.25698484e-05],0.22771162798573696,0.004167481357875539,0.9595865202213516,0.013005182160653724,1.0728671998343418,0.794891325590324,3.876528816170174e-11,0.26226587202585794,0.26226587202585794,0.26226587202585794,0.26226587202585794
110,30s,MN,6mM 2DG_1h_yes_A_MN_6_7_0006,0.16288149470756688,1.2070270039367386,7.410461244254928,1.2710283897408319,[ 0.00106466 -0.00056921],[-0.00056921  0.00034181],0.20702700393673856,0.012795146267315401,0.8614925232513292,0.01203059907979216,1.0394683549654158,0.8097549624588752,1.34076492194308e-11,0.16288149470756688,0.16288149470756688,0.16288149470756688,0.16288149470756688
110,30s,MN,6mM 2DG_1h_yes_A_MN_6_7_0010,0.20756895671994408,1.4358823812301111,6.9176162173779705,2.0999401264911293,[ 0.00025763 -0.0001844 ],[-0.0001844   0.00016198],0.43588238123011114,0.010419447953593196,0.9670538642698305,0.02522591129510697,1.1134968030769268,0.8802232315107111,1.98360177994712e-14,0.20756895671994408,0.20756895671994408,0.20756895671994408,0.20756895671994408
110,30s,MN,6mM 2DG_1h_yes_A_MN_6_7_0011,0.5702187979690635,1.101041881578351,1.9309112317936712,0.17719844020966988,[ 0.03497569 -0.00067063],[-6.70627546e-04  3.97089101e-05],0.10104188157835092,0.016655106032332848,0.4394795945783556,0.004829560256873243,1.0531505053177042,0.4030915336395999,0.0001640946508103601,0.0,0.0,0.0,0.0
110,30s,MN,6mM 2DG_1h_yes_A_MN_6_7_0013,0.6871773726786929,1.131593949914452,1.646727606154106,0.19149924771458113,[ 0.02665895 -0.00044301],[-4.43010487e-04  2.82763903e-05],0.13159394991445206,0.01333857348435744,0.6851138152993261,0.0051412089660298225,1.0786606836939763,0.3177250883806832,0.0011798199648087838,0.0,0.0,0.0,0.0
110,30s,MN,6mM 2DG_1h_yes_A_MN_6_7_0014,0.6408298848226371,1.0621258448375517,1.657422461081878,0.09694592326128218,[ 0.17389804 -0.00158797],[-1.58797469e-03  5.13457554e-05],0.06212584483755168,0.024300628169599253,0.2784680834792824,0.0028857472741534622,1.0325913524630344,0.13185463759359783,0.04857825797499386,0.0,0.0,0.0,0.0
110,30s,MN,6mM 2DG_1h_yes_A_MN_6_7_0016,0.2732682616410991,1.3559699333391588,4.962046910226413,1.302639140020868,[ 0.00077639 -0.00026068],[-0.00026068  0.00012667],0.35596993333915883,0.017113837597091168,0.9229407247160465,0.019517195293046397,1.1251586279654247,0.8012029161399858,2.4936042668454892e-11,0.2732682616410991,0.2732682616410991,0.2732682616410991,0.2732682616410991
110,30s,MN,6mM 2DG_1h_yes_A_MN_6_7_0017,34.89684347214014,1.0245292181664911,0.02935879341019548,0.0007029065017319974,[ 8.05796586e+15 -1.18648262e+05],[-1.18648262e+05  5.06635201e-05],0.024529218166491118,0.03877393767628186,0.030289330206675125,-0.0024759503600919365,1.041194360763237,0.08409193112727412,0.12007821724828015,,,,
110,30s,MN,6mM 2DG_1h_yes_A_MN_6_7_0018,0.23020819526358685,1.331658647937173,5.7845840214873006,1.440690013478565,[ 0.00109837 -0.00048785],[-0.00048785  0.00028043],0.33165864793717303,0.02492891134904063,0.8888375780210641,0.01979519120322005,1.0897025371841809,0.804489669316589,1.970813511757503e-11,0.23020819526358685,0.23020819526358685,0.23020819526358685,0.23020819526358685
110,30s,MN,6mM 2DG_1h_yes_A_MN_6_7_0019,0.31512327106455873,1.3025148285899995,4.133350178137608,0.959988856322908,[ 0.00065946 -0.00013915],[-1.39153118e-04  4.77356840e-05],0.30251482858999945,0.008537599936270094,0.9486511516897219,0.016362148897409914,1.1157892853666456,0.7469526321456401,7.548857862075276e-10,0.31512327106455873,0.31512327106455873,0.31512327106455873,0.31512327106455873
110,30s,MN,6mM 2DG_1h_yes_A_MN_6_8_0003,0.5581438546440833,1.1683805920193748,2.093332359207693,0.3016795591644516,[ 0.00627395 -0.00021012],[-2.10121260e-04  2.11924781e-05],0.16838059201937483,0.0087354224300859,0.7395532359996793,0.006411968549759479,1.1014872078082436,0.6291662905118274,1.7196345724584115e-07,0.5581438546440833,0.5581438546440833,0.0,0.0
110,30s,MN,6mM 2DG_1h_yes_A_MN_6_8_0004,2.685722141673634,1.055062528160426,0.39284128160143683,0.020501945196055634,[ 5.63575859e+00 -2.18634011e-03],[-2.18634011e-03  1.35531153e-05],0.055062528160426005,0.009577202056359563,0.151746443422472,-0.0017444753578408937,1.0656249547605094,0.14373395900219083,0.03881385108770372,0.0,0.0,0.0,0.0
110,30s,MN,6mM 2DG_1h_yes_A_MN_6_8_0005,0.248020715040088,1.3152226264968518,5.302874101803433,1.270952817170541,[ 0.00084353 -0.00030634],[-0.00030634  0.00015058],0.31522262649685184,0.016230779520339248,0.9002882813710172,0.017449640519064318,1.103941908458169,0.869467977596309,6.64886738421097e-14,0.248020715040088,0.248020715040088,0.248020715040088,0.248020715040088
110,30s,MN,6mM 2DG_1h_yes_A_MN_6_8_0008,0.37014240857586134,1.1944060075510887,3.22688235629799,0.5252194913278759,[ 0.00639245 -0.00061138],[-0.00061138  0.00011095],0.19440600755108872,0.028108598909435047,0.5628251806487465,0.009285678294329193,1.0928633274128905,0.6723341316985194,2.950675676789699e-08,0.0,0.0,0.0,0.0
110,30s,MN,6mM 2DG_1h_yes_A_MN_6_8_0010,0.8968973780927927,1.1867477850273016,1.323170090597055,0.20821533164074066,[ 0.07889034 -0.00104965],[-1.04964864e-03  7.27161657e-05],0.1867477850273016,0.03701494459602741,0.6069421593221982,0.007000289781892916,1.1171458756205417,0.2515441723368072,0.004748694150505611,0.0,0.0,0.0,0.0
110,30s,MN,6mM 2DG_1h_yes_A_MN_6_9_0004,0.28582914840369295,1.3004632623497132,4.5497923133892355,1.051198815893163,[ 0.00068585 -0.00017689],[-1.76886858e-04  6.83373830e-05],0.3004632623497132,0.009922513138508815,0.935278886347165,0.01666073161351908,1.1070733287767152,0.826139737251159,3.764987658796001e-12,0.28582914840369295,0.28582914840369295,0.28582914840369295,0.28582914840369295
110,30s,MN,6mM 2DG_1h_yes_A_MN_6_9_0005,0.2300521321085675,1.3233516380267478,5.752398927571009,1.4055581013878624,[ 0.00024264 -0.00010522],[-1.05215627e-04  5.90224448e-05],0.3233516380267478,0.005243355759343334,0.973373441180772,0.018856128048085983,1.0904347296983024,0.832166897496358,2.2897613711937915e-12,0.2300521321085675,0.2300521321085675,0.2300521321085675,0.2300521321085675
110,30s,MN,6mM 2DG_1h_yes_A_MN_6_9_0007,0.18692613563740232,1.2119747064857262,6.483709206061501,1.134002507262617,[ 0.00091398 -0.00038856],[-0.00038856  0.00019402],0.21197470648572625,0.010585047148114273,0.8506977824424069,0.011358389637792255,1.058650629874391,0.9067154629296245,5.910255445607805e-16,0.18692613563740232,0.18692613563740232,0.18692613563740232,0.18692613563740232
110,30s,MN,6mM 2DG_1h_yes_A_MN_6_9_0008,0.31083781708553304,1.2073194791214972,3.884081706793353,0.6669699364940824,[ 0.00167893 -0.00025002],[-2.50018328e-04  5.98024215e-05],0.20731947912149717,0.010974353022922208,0.873719949970868,0.01151292928349744,1.076883215571554,0.7448244384179079,8.499037127734068e-10,0.31083781708553304,0.31083781708553304,0.31083781708553304,0.31083781708553304
110,30s,MN,6mM 2DG_1h_yes_A_MN_6_9_0009,0.2777516453901322,1.142222766292639,4.112388838194869,0.5120501305865235,[ 0.00470577 -0.00061014],[-0.00061014  0.0001159 ],0.14222276629263897,0.017939299765876528,0.6664010250178405,0.007706319325373899,1.0512240281590228,0.5706152647717573,1.3990842467103111e-06,0.0,0.0,0.0,0.0
110,30s,MN,6mM 2DG_1h_yes_A_MN_6_9_0010,0.164844730827937,1.4297113118905374,8.67307862805062,2.606764012002695,[ 0.00018899 -0.00020525],[-0.00020525  0.00025122],0.42971131189053735,0.008616268609924581,0.9690893642981933,0.023904237903692102,1.0937323281933395,0.9354546703434017,3.3580471589189324e-18,0.164844730827937,0.164844730827937,0.164844730827937,0.164844730827937
110,30s,MN,2mM 2DG_1h_yes_A_MN_8_1_0001,0.33124252813451,1.3656794096015763,4.122898763310384,1.1039627419251017,[ 0.00585934 -0.00134229],[-0.00134229  0.00052316],0.3656794096015763,0.09803700792649801,0.5905976928496663,0.01874287921173744,1.156630255826178,0.6517040156973728,7.035539564401772e-08,,,,
110,30s,MN,2mM 2DG_1h_yes_A_MN_8_1_0003,0.9520157564200807,1.0715774415373873,1.1255879267869486,0.07518514379062807,[ 0.08751821 -0.00039316],[-3.93159655e-04  9.83004341e-06],0.07157744153738732,0.005589492152744246,0.6048474919719469,0.001059884804562749,1.0570931693840462,0.04192520903476569,0.2777471441173778,,,,
110,30s,MN,2mM 2DG_1h_yes_A_MN_8_1_0004,0.21809200086679237,1.2293939204937427,5.637042695777915,1.0518217980578455,[ 1.82965711e-04 -6.25722750e-05],[-6.25722750e-05  2.69016138e-05],0.22939392049374274,0.002211755391459896,0.9767988881677955,0.013026644317123822,1.0647131306659796,0.87166600926146,5.235827392786362e-14,0.21809200086679237,0.21809200086679237,0.21809200086679237,0.21809200086679237
110,30s,MN,2mM 2DG_1h_yes_A_MN_8_1_0005,3.172003081131262e-05,1265.1328723703382,39884351.93824407,39852826.117668785,[ 3.00682904e-04 -1.19809988e+04],[-1.19809988e+04  4.77394393e+11],1264.1328723703382,0.03733290526624059,0.9480835651342892,0.040680161139020184,0.9942099089072858,0.948356273057481,1.4704812711274989e-19,3.172003081131262e-05,3.172003081131262e-05,3.172003081131262e-05,3.172003081131262e-05
110,30s,MN,2mM 2DG_1h_yes_A_MN_8_1_0006,0.14209566934248027,1.3855291739365823,9.750678401022675,2.7131662472230333,[ 0.00049195 -0.00062235],[-0.00062235  0.00085598],0.38552917393658226,0.01911654776435982,0.9038090698729706,0.019939947691996966,1.0814962030991766,0.951986581117472,5.290763740522368e-20,0.14209566934248027,0.14209566934248027,0.14209566934248027,0.14209566934248027
110,30s,MN,2mM 2DG_1h_yes_A_MN_8_2_0002,0.15725781839940559,1.3503481558973194,8.586842737877022,2.2278584267746884,[ 0.00022335 -0.00021516],[-0.00021516  0.00023062],0.3503481558973194,0.007113003371767984,0.9633960431025123,0.019508932757250384,1.0712670793376513,0.9306229799440968,9.247903007307232e-18,0.15725781839940559,0.15725781839940559,0.15725781839940559,0.15725781839940559
110,30s,MN,2mM 2DG_1h_yes_A_MN_8_2_0004,0.00014389608557302015,129.99553022462462,903398.6554044121,896449.1960357445,[ 4.78258371e-04 -4.28393308e+02],[-4.28393308e+02  3.83727384e+08],128.99553022462462,0.018343638320084236,0.9164671184178111,0.019839639956683197,0.9872909730530056,0.9217736579647785,4.9876251081324504e-17,0.00014389608557302015,0.00014389608557302015,0.00014389608557302015,0.00014389608557302015
110,30s,MN,2mM 2DG_1h_yes_A_MN_8_2_0007,0.13158281152710027,1.439391441125469,10.939053698734941,3.339276885985778,[ 0.00018926 -0.0003108 ],[-0.0003108   0.00054705],0.4393914411254689,0.009192687175304531,0.9663478567160945,0.023700028960811373,1.072055363829925,0.9482106881896488,1.5297004851949961e-19,0.13158281152710027,0.13158281152710027,0.13158281152710027,0.13158281152710027
110,30s,MN,2mM 2DG_1h_yes_A_MN_8_2_0008,0.12311429966622893,1.430923108465689,11.622720612837151,3.5001873026443744,[ 0.00018395 -0.00033067],[-0.00033067  0.00063057],0.43092310846568904,0.00854882473678073,0.9646508515781553,0.022407701380244515,1.0694030665844223,0.9658319583971847,4.489561578428633e-22,0.12311429966622893,0.12311429966622893,0.12311429966622893,0.12311429966622893
110,30s,MN,2mM 2DG_1h_yes_A_MN_8_2_0009,0.23587436673338807,1.2535566528460673,5.314509881707405,1.0749648482688487,[ 0.00080975 -0.00026187],[-0.00026187  0.00011115],0.2535566528460673,0.010822353608843725,0.9186884379069249,0.014966326340019261,1.0710696392924957,0.7984504946041225,3.0277427571630897e-11,0.23587436673338807,0.23587436673338807,0.23587436673338807,0.23587436673338807
110,30s,MN,2mM 2DG_1h_yes_A_MN_8_2_0010,0.24232004237433127,1.252383217805109,5.16830224002046,1.041528448625939,[ 0.00162738 -0.0004961 ],[-0.0004961   0.00020173],0.2523832178051091,0.02074818935669032,0.8331819589051509,0.01442803312970247,1.0775683693394182,0.7850405233512465,7.518776162580513e-11,0.24232004237433127,0.24232004237433127,0.24232004237433127,0.24232004237433127
110,30s,MN,2mM 2DG_1h_yes_A_MN_8_2_0011,0.09984107829468811,1.4364071623144945,14.386935586521169,4.371018119680232,[ 0.00042139 -0.00106819],[-0.00106819  0.00280563],0.4364071623144945,0.020252167255830542,0.9112761765939243,0.02045681053969729,1.0611825991448502,0.9385117776043447,1.699839044788553e-18,0.09984107829468811,0.09984107829468811,0.09984107829468811,0.09984107829468811
110,30s,MN,2mM 2DG_1h_yes_A_MN_8_2_0012,0.1190978178097945,1.4326208493433195,12.02894289491761,3.632483426642105,[ 4.8504471e-05 -9.2385533e-05],[-9.23855330e-05  1.85813254e-04],0.43262084934331946,0.0023351824074759413,0.9910516469047379,0.022839835195004297,1.061261450087322,0.9649350581073705,6.45556605195285e-22,0.1190978178097945,0.1190978178097945,0.1190978178097945,0.1190978178097945
110,30s,MN,2mM 2DG_1h_yes_A_MN_8_2_0013,0.035971253592565,1.2963915993134931,36.03965583177362,8.23967945823148,[ 0.00188942 -0.012761  ],[-0.012761    0.08647404],0.2963915993134931,0.014215944522179183,0.6899872081486444,0.007816247720177695,1.0097931985942477,0.6984179299182455,9.079228494636301e-09,0.0,0.0,0.0,0.0
110,30s,MN,2mM 2DG_1h_yes_A_MN_8_3_0004,1.627932603622477e-05,892.6340680006043,54832372.42219452,54770944.81777313,[ 4.43826196e-04 -2.43065595e+04],[-2.43065595e+04  1.33117162e+12],891.6340680006043,0.021206456084979737,0.8869508140425593,0.01795136614588199,0.9661984160655462,0.9333732895745965,5.2421085716413535e-18,1.627932603622477e-05,1.627932603622477e-05,1.627932603622477e-05,1.627932603622477e-05
110,30s,MN,2mM 2DG_1h_yes_A_MN_8_3_0005,0.16159204575717573,1.2285705407370195,7.60291470400215,1.4144912867833381,[ 0.00040286 -0.00024121],[-0.00024121  0.00016186],0.22857054073701955,0.00562170137283258,0.9346629745719772,0.012626176580810888,1.0493903118219672,0.9106603723680562,3.221175150569337e-16,0.16159204575717573,0.16159204575717573,0.16159204575717573,0.16159204575717573
110,30s,MN,2mM 2DG_1h_yes_A_MN_8_3_0007,0.2763875240385001,1.1980057945300688,4.334514731436248,0.7164064124055293,[ 0.00166409 -0.0003035 ],[-3.03503976e-04  8.07956020e-05],0.19800579453006883,0.011988339506145444,0.8244958262134586,0.010499757610903776,1.0741417716427228,0.807898512862205,1.5376406254577534e-11,0.2763875240385001,0.2763875240385001,0.2763875240385001,0.2763875240385001
110,30s,MN,2mM 2DG_1h_yes_A_MN_8_3_0008,0.2148046813475606,1.4325306208530264,6.668991624699034,2.0135996019247764,[ 0.00042443 -0.00028197],[-0.00028197  0.00023371],0.4325306208530264,0.016370350231362255,0.951102837364868,0.025248938284789014,1.113544983457298,0.8270542917704063,3.4952197503561602e-12,0.2148046813475606,0.2148046813475606,0.2148046813475606,0.2148046813475606
110,30s,MN,2mM 2DG_1h_yes_A_MN_8_3_0011,0.11966563375939776,1.5860670615561747,13.25415670087165,4.897538609410062,[ 0.00011199 -0.00028676],[-0.00028676  0.00077582],0.5860670615561747,0.008977899982597931,0.9804617425277495,0.03133631940334119,1.079610261392738,0.9345899390464772,4.0475262570903975e-18,0.11966563375939776,0.11966563375939776,0.11966563375939776,0.11966563375939776
110,30s,MN,2mM 2DG_1h_yes_A_MN_8_3_0015,0.13309821288333906,1.1373137767293562,8.544921468827043,1.0316725803802647,[ 0.00040419 -0.00020348],[-0.00020348  0.00011002],0.13731377672935619,0.0021867181438422457,0.9433644814588965,0.008025510489856566,1.0168742956550416,0.8759120687980242,3.2616601934725304e-14,0.13309821288333906,0.13309821288333906,0.13309821288333906,0.13309821288333906
110,30s,MN,2mM 2DG_1h_yes_A_MN_8_3_0016,0.11742923188123035,1.4465034679658895,12.318086772711792,3.8023195827210183,[ 0.00025105 -0.00050487],[-0.00050487  0.00107018],0.44650346796588947,0.012442005103947764,0.9496904718745042,0.022565692762544016,1.0712452708310936,0.9649154700131632,6.506298501871873e-22,0.11742923188123035,0.11742923188123035,0.11742923188123035,0.11742923188123035
110,30s,MN,2mM 2DG_1h_yes_A_MN_8_3_0017,0.13301052598331597,1.6581379550336646,12.466216059033187,4.9480140775942605,[ 0.00014396 -0.00034775],[-0.00034775  0.00090205],0.6581379550336646,0.013890929045243616,0.9746638754224652,0.03574453404333222,1.1077568958249786,0.9501005407385779,9.082051410287125e-20,0.13301052598331597,0.13301052598331597,0.13301052598331597,0.13301052598331597
110,30s,MN,2mM 2DG_1h_yes_A_MN_8_3_0020,0.1349193618717796,1.6410126595379206,12.162914475518008,4.7510798349839956,[ 0.0001138  -0.00026141],[-0.00026141  0.00064644],0.6410126595379206,0.010595986542484328,0.9797283135884745,0.03474814188941257,1.1085301811418722,0.9562352862874303,1.443041794057277e-20,0.1349193618717796,0.1349193618717796,0.1349193618717796,0.1349193618717796
110,30s,MN,2mM 2DG_1h_yes_A_MN_8_4_0003,0.07763529049341411,1.6096248847718584,20.73315981098061,7.8524197036858325,[ 9.43150573e-05 -4.83565371e-04],[-0.00048357  0.00252794],0.6096248847718584,0.006744447948885156,0.9805333755304254,0.02689594010271823,1.0501026065004502,0.9770251887559719,1.724721141602198e-24,0.07763529049341411,0.07763529049341411,0.07763529049341411,0.07763529049341411
110,30s,MN,2mM 2DG_1h_yes_A_MN_8_4_0005,0.1260959630410071,1.470274131967551,11.659961956826562,3.7294939554457844,[ 0.00035317 -0.00066617],[-0.00066617  0.00133769],0.47027413196755097,0.019116697624316892,0.9382744827131491,0.02511638189449293,1.0729265476604273,0.9212605305847046,5.4671191848961523e-17,0.1260959630410071,0.1260959630410071,0.1260959630410071,0.1260959630410071
110,30s,MN,2mM 2DG_1h_yes_A_MN_8_4_0015,0.05448117751161562,1.2523042493258503,22.985998220373517,4.631035173056932,[ 0.0027083  -0.00928686],[-0.00928686  0.03211647],0.25230424932585027,0.025446593352298416,0.7066042315145415,0.010766028974322666,0.9959856263096015,0.6930401203712044,1.166922218456876e-08,0.05448117751161562,0.05448117751161562,,
110,30s,MN,2mM 2DG_1h_yes_A_MN_8_4_0016,0.13759664996480875,1.4746048872778574,10.71686620026721,3.449247401003155,[ 0.00018185 -0.00029918],[-0.00029918  0.00053179],0.47460488727785743,0.009499862200036666,0.9695214559391006,0.02624953935827813,1.0782803789640119,0.9347698654947175,3.8940623998965076e-18,0.13759664996480875,0.13759664996480875,0.13759664996480875,0.13759664996480875
110,30s,MN,2mM 2DG_1h_yes_A_MN_8_4_0017,0.11134954843359046,1.1297158803260707,10.145670963361294,1.1649430298627035,[ 0.00086695 -0.00055134],[-0.00055134  0.00036722],0.12971588032607073,0.0040328067749794295,0.844626970231406,0.006449851810056845,1.0193612560677532,0.8520792010377692,3.865212529197182e-13,0.11134954843359046,0.11134954843359046,0.11134954843359046,0.11134954843359046
110,30s,MN,2mM 2DG_1h_yes_A_MN_8_4_0019,0.11663569004788925,1.5383225461993921,13.189123719916047,4.615418710845396,[ 0.00016063 -0.00039373],[-0.00039373  0.00101636],0.5383225461993921,0.011167261965066047,0.9694719455396097,0.027852661638869323,1.078225765834543,0.9613374088640446,2.538278664022904e-21,0.11663569004788925,0.11663569004788925,0.11663569004788925,0.11663569004788925
110,30s,MN,2mM 2DG_1h_yes_A_MN_8_5_0004,0.595672339514666,1.04515275491482,1.7545766113067727,0.07580132888428062,[ 0.19547121 -0.0015219 ],[-1.52190330e-03  3.85158622e-05],0.04515275491482007,0.01767356345360047,0.33274437260474643,0.0027264153333563714,1.0170973283347253,0.15256479823342367,0.03283681315367241,0.0,0.0,0.0,0.0
110,30s,MN,2mM 2DG_1h_yes_A_MN_8_5_0009,0.14813804670285444,1.5787890466828731,10.657552747740205,3.9070924692550344,[ 0.00014507 -0.00025641],[-0.00025641  0.0004971 ],0.5787890466828731,0.011092849238757392,0.9766763773654539,0.032524187877840234,1.1037481656956833,0.9243205579448484,3.1339059351219694e-17,0.14813804670285444,0.14813804670285444,0.14813804670285444,0.14813804670285444
110,30s,MN,2mM 2DG_1h_yes_A_MN_8_5_0020,0.12733813979636252,1.252236400666206,9.833946079852948,1.9808393704319776,[ 0.00087607 -0.00087211],[-0.00087211  0.00092561],0.2522364006662059,0.015072457610204464,0.8805665314028936,0.014340115643054735,1.0310068273998465,0.8125426055760373,1.0887168873747817e-11,0.12733813979636252,0.12733813979636252,0.12733813979636252,0.12733813979636252
110,30s,MN,2mM 2DG_1h_yes_A_MN_8_5_0021,0.03729658776602815,1.412804233681218,37.88025442284778,11.068150155474106,[ 0.00498808 -0.04492438],[-0.04492438  0.40606639],0.4128042336812181,0.07756833493951758,0.44101909511903015,0.010888535262575477,1.0172520379670893,0.4527731897030826,4.621585004332223e-05,,,,
110,30s,MN,2mM 2DG_1h_yes_A_MN_8_6_0002,0.10294851683730438,1.5532710810539228,15.087843213017326,5.374250140274383,[ 0.00018024 -0.00055261],[-0.00055261  0.00176034],0.5532710810539228,0.012045175224491403,0.964350926259148,0.027361656656603492,1.0694562166466552,0.9650934071381861,6.058733690436953e-22,0.10294851683730438,0.10294851683730438,0.10294851683730438,0.10294851683730438
110,30s,MN,2mM 2DG_1h_yes_A_MN_8_6_0003,0.007098584213205084,6.511993017760189,917.3650438134279,776.4918823540262,[ 0.00038136 -0.28471984],[ -0.28471984 212.59266458],5.511993017760189,0.05349423918090087,0.9337591591699826,0.040144240882435935,0.9753093500762469,0.9384026617272276,1.7426548750182843e-18,0.007098584213205084,0.007098584213205084,0.007098584213205084,0.007098584213205084
110,30s,MN,2mM 2DG_1h_yes_A_MN_8_6_0006,2.2565771446331412e-05,518.3998573049913,22972840.01736485,22928525.113157902,[ 5.09668235e-04 -1.16845102e+04],[-1.16845102e+04  2.67875788e+11],517.3998573049913,0.014340199885462796,0.8212088044277722,0.011194148487178191,1.0047195408371643,0.8232707096804267,4.742143101007946e-12,2.2565771446331412e-05,2.2565771446331412e-05,2.2565771446331412e-05,2.2565771446331412e-05
110,30s,MN,2mM 2DG_1h_yes_A_MN_8_6_0008,0.15934289958064327,1.4661390145891977,9.201156866404244,2.9253830312864695,[ 7.75675013e-05 -9.71158254e-05],[-9.71158254e-05  1.35757175e-04],0.4661390145891977,0.004038415112824744,0.9877012394107962,0.02639677717757399,1.092180786456454,0.9331651330982003,5.476676004288306e-18,0.15934289958064327,0.15934289958064327,0.15934289958064327,0.15934289958064327
110,30s,MN,2mM 2DG_1h_yes_A_MN_8_6_0016,0.1480636527296832,1.390298725297102,9.389871853528712,2.636019834048417,[ 0.00014515 -0.00017315],[-0.00017315  0.00022654],0.39029872529710197,0.005527768126339516,0.9769423856035423,0.02204944546606966,1.068792130271108,0.9230346059333792,3.9702036579912625e-17,0.1480636527296832,0.1480636527296832,0.1480636527296832,0.1480636527296832
110,30s,MN,2mM 2DG_1h_yes_A_MN_8_6_0018,0.13896266187600134,1.4452726563498257,10.40043877138354,3.2042611327289467,[ 0.00061138 -0.00092796],[-0.00092796  0.0015246 ],0.4452726563498257,0.02903584859446523,0.9070601968928282,0.02479789846886804,1.072860073115441,0.8590229374524289,1.9643272791105288e-13,0.13896266187600134,0.13896266187600134,0.13896266187600134,0.13896266187600134
110,30s,MN,2mM 2DG_1h_yes_A_MN_8_7_0007,0.06896207236304859,1.732521973906578,25.12282352516572,10.62209920331628,[ 5.66644381e-05 -4.11866301e-04],[-0.00041187  0.00303794],0.732521973906578,0.00544079505601557,0.9880652274421386,0.030413551431600714,1.0504500802237944,0.9856033921137566,2.4720906488063694e-27,0.06896207236304859,0.06896207236304859,0.06896207236304859,0.06896207236304859
110,30s,MN,2mM 2DG_1h_yes_A_MN_8_7_0010,0.044690959637103615,1.5422000588024776,34.50809898300108,12.132208912165062,[ 0.00028429 -0.00269466],[-0.00269466  0.02568011],0.5422000588024776,0.009685657945651802,0.9312026927511057,0.016084202984860563,1.0303327756075746,0.9616217078978272,2.2887857329898606e-21,0.044690959637103615,0.044690959637103615,0.044690959637103615,0.044690959637103615
110,30s,MN,2mM 2DG_1h_yes_A_MN_8_7_0012,0.19726327063756083,1.3173814546850777,6.678290643905788,1.6089232103842308,[ 1.72812936e-04 -9.93411930e-05],[-9.93411930e-05  6.85216968e-05],0.3173814546850777,0.00411718708368975,0.9760155372624513,0.017996209957333226,1.081605995693367,0.887723940953792,7.990098244309415e-15,0.19726327063756083,0.19726327063756083,0.19726327063756083,0.19726327063756083
110,30s,MN,2mM 2DG_1h_yes_A_MN_8_7_0015,1.5336144849386104e-05,1270.6638346941622,82854188.40087612,82788982.9656236,[ 4.92710262e-05 -4.07871147e+03],[-4.07871147e+03  3.37640366e+11],1269.6638346941622,0.01194679735861496,0.9392002243511369,0.019234654854701355,1.0023156476241317,0.9394000690097709,1.3859242551546328e-18,1.5336144849386104e-05,1.5336144849386104e-05,1.5336144849386104e-05,1.5336144849386104e-05
110,30s,MN,2mM 2DG_1h_yes_A_MN_8_8_0006,0.5651652868032121,1.146736091781991,2.029027823468003,0.2596339428629556,[ 0.01277541 -0.00036276],[-3.62757778e-04  3.14784090e-05],0.1467360917819911,0.012719169016424895,0.693391737077221,0.006206881116698014,1.0826029196056408,0.46263020873622873,3.54958664575216e-05,0.0,0.0,0.0,0.0
110,30s,MN,2mM 2DG_1h_yes_A_MN_8_8_0007,0.11428293366763012,1.6184202856108068,14.1615220547074,5.411309158455478,[ 8.03741814e-05 -2.33826041e-04],[-0.00023383  0.0007146 ],0.6184202856108068,0.00665935230667365,0.9853121008492233,0.03248847943663141,1.080657661490442,0.9599986843551145,4.090604545057869e-21,0.11428293366763012,0.11428293366763012,0.11428293366763012,0.11428293366763012
110,30s,MN,2mM 2DG_1h_yes_A_MN_8_8_0008,0.10103178716351945,1.4759217480703881,14.60848896676069,4.7106139704339896,[ 0.00019932 -0.00054108],[-0.00054108  0.00152355],0.4759217480703881,0.010939709635536447,0.9583675171523302,0.02287451715269374,1.0631430916319675,0.9724200905782713,2.2307314259358392e-23,0.10103178716351945,0.10103178716351945,0.10103178716351945,0.10103178716351945
110,30s,MN,2mM 2DG_1h_yes_A_MN_8_8_0009,0.20535251188908502,1.4300401907114049,6.963831012127079,2.094155979663293,[ 0.00031435 -0.00022665],[-0.00022665  0.00019956],0.43004019071140487,0.013799413977652678,0.9520058183680081,0.023409469117002837,1.125144041852022,0.9230040242916888,3.9924076541329417e-17,0.20535251188908502,0.20535251188908502,0.20535251188908502,0.20535251188908502
110,30s,MN,2mM 2DG_1h_yes_A_MN_8_8_0010,0.17726493047292388,1.3519002704366538,7.626439515305867,1.9851657600734762,[ 8.28807351e-05 -6.45677958e-05],[-6.45677958e-05  5.79774560e-05],0.35190027043665384,0.0024857316809540238,0.9883337275205024,0.020392850267984,1.07572621896919,0.893350431171932,3.878717796064634e-15,0.17726493047292388,0.17726493047292388,0.17726493047292388,0.17726493047292388
110,30s,MN,2mM 2DG_1h_yes_A_MN_8_8_0015,0.03532307151672586,2.3338060600283743,66.07030362360452,37.7601947610021,[ 0.0014875  -0.04620489],[-0.04620489  1.43981753],1.3338060600283743,0.2171325928082006,0.6907254647377059,0.03165434196934561,1.07287948234906,0.7361361350504992,1.3654365551412267e-09,,,,
110,30s,MN,2mM 2DG_1h_yes_A_MN_8_9_0002,0.09532524826714597,1.5469034517074032,16.227636222590846,5.73723605916791,[ 0.00013961 -0.00047576],[-0.00047576  0.00167357],0.5469034517074032,0.009578023059775441,0.9710271225454238,0.02596493400405267,1.06479675712952,0.9754044483096488,4.482491797518096e-24,0.09532524826714597,0.09532524826714597,0.09532524826714597,0.09532524826714597
110,30s,MN,2mM 2DG_1h_yes_A_MN_8_9_0006,0.21216466159168312,1.3601918057586628,6.41101960879984,1.6976993390721313,[ 0.00271977 -0.00154155],[-0.00154155  0.00108346],0.36019180575866283,0.084212729229535,0.5537491410088117,0.017254013427137938,1.1318580403419252,0.7858690515492295,7.119616351693837e-11,,,,
110,30s,MN,2mM 2DG_1h_yes_A_MN_8_9_0007,1.6849158043823733e-05,1355.909572559469,80473431.90875313,80414081.76215237,[ 9.89351206e-05 -7.95496881e+03],[-7.95496881e+03  6.39626540e+11],1354.909572559469,0.018231882307828257,0.9359946632095283,0.02258445242008089,1.0023850185528105,0.9361471623722573,2.886374869214702e-18,1.6849158043823733e-05,1.6849158043823733e-05,1.6849158043823733e-05,1.6849158043823733e-05
110,30s,MN,2mM 2DG_1h_yes_A_MN_8_9_0010,0.1601172958183096,1.3688542818490212,8.549071946620343,2.303650458021552,[ 0.00034271 -0.00033661],[-0.00033661  0.00036961],0.36885428184902125,0.01137284001699502,0.9485475471232242,0.02100593068031583,1.0723731327562038,0.8944039060793588,3.3735993603137867e-15,0.1601172958183096,0.1601172958183096,0.1601172958183096,0.1601172958183096
110,30s,MN,1mM 2DG_1h_yes_A_MN_10_1_0004,0.5628083536829203,1.113939901885152,1.9792526080960284,0.20244884628941442,[ 0.02655396 -0.00059088],[-5.90878201e-04  3.99844065e-05],0.1139399018851519,0.01672166360894997,0.5672888787315744,0.0038226838064397218,1.0706023830117057,0.19561311213616664,0.01439519369055928,0.0,0.0,0.0,0.0
110,30s,MN,1mM 2DG_1h_yes_A_MN_10_1_0005,0.2228492228727758,1.2698143285062506,5.698087308256781,1.2107483482690318,[ 0.00161518 -0.0006226 ],[-0.0006226   0.00030512],0.26981432850625064,0.026344874852684358,0.8392784508586323,0.015900151916860356,1.0724175973809116,0.7496332702306641,6.492566346161135e-10,0.2228492228727758,0.2228492228727758,0.2228492228727758,0.2228492228727758
110,30s,MN,1mM 2DG_1h_yes_A_MN_10_1_0007,2.4933508293854776,1.0383737195244391,0.41645712560248144,0.015390421224395802,[ 2.94615581e+01 -9.35337110e-03],[-9.35337110e-03  4.44362138e-05],0.03837371952443913,0.03167341325486496,0.023726623462451024,0.0008411510448100287,1.0308024910410207,0.011818774198565156,0.5674237948997846,,,,
110,30s,MN,1mM 2DG_1h_yes_A_MN_10_1_0011,0.20000094815328479,1.422902950426713,7.114481024040803,2.1145047277605484,[ 1.05646577e-04 -7.88155365e-05],[-7.88155365e-05  7.09677401e-05],0.422902950426713,0.004037953222231385,0.9856369075229932,0.02416830221764634,1.1084929654842206,0.8906773029457058,5.49298527738899e-15,0.20000094815328479,0.20000094815328479,0.20000094815328479,0.20000094815328479
110,30s,MN,1mM 2DG_1h_yes_A_MN_10_1_0012,0.12076768651312635,1.321840071405664,10.945312521673518,2.664951865006397,[ 0.00025488 -0.00035309],[-0.00035309  0.0005175 ],0.32184007140566395,0.00704439066341008,0.9559382096948471,0.01710880050341119,1.0456419061951954,0.912906015330276,2.2528608795483706e-16,0.12076768651312635,0.12076768651312635,0.12076768651312635,0.12076768651312635
110,30s,MN,1mM 2DG_1h_yes_A_MN_10_2_0002,0.1548333967174489,1.1140236768561749,7.194983126858125,0.7364281819913405,[ 0.00152898 -0.00049272],[-0.00049272  0.00017598],0.11402367685617487,0.005846244696001644,0.7132450936839463,0.005635926895120337,1.0297968498803822,0.8373252861557837,1.4748449671641997e-12,0.1548333967174489,0.1548333967174489,0.0,0.0
110,30s,MN,1mM 2DG_1h_yes_A_MN_10_2_0004,0.18773692876973652,1.3942906119631773,7.426831903025885,2.100229371743816,[ 0.00059993 -0.00047057],[-0.00047057  0.00043423],0.3942906119631773,0.022088918485157323,0.9124848232829917,0.02179004555744228,1.1017834627117524,0.863074288832742,1.303109811427903e-13,0.18773692876973652,0.18773692876973652,0.18773692876973652,0.18773692876973652
110,30s,MN,1mM 2DG_1h_yes_A_MN_10_2_0005,0.14889950234399463,1.1798708347433582,7.923940753123306,1.2080015843693832,[ 0.0008722  -0.00047483],[-0.00047483  0.00028386],0.1798708347433582,0.00802538174732258,0.8382266795072922,0.00928426791463835,1.0409202933240214,0.8999289016973059,1.5852774511604882e-15,0.14889950234399463,0.14889950234399463,0.14889950234399463,0.14889950234399463
110,30s,MN,1mM 2DG_1h_yes_A_MN_10_2_0008,0.2756697426401877,1.217408305973564,4.416183997249787,0.7886549459195885,[ 0.00128104 -0.00025794],[-2.57935307e-04  7.56561971e-05],0.2174083059735641,0.010761153576048838,0.8878927585320516,0.01235926612970306,1.0729208027640649,0.7678988832067773,2.223492340283544e-10,0.2756697426401877,0.2756697426401877,0.2756697426401877,0.2756697426401877
110,30s,MN,1mM 2DG_1h_yes_A_MN_10_2_0010,0.3149121583125735,1.357392376756784,4.310384152934076,1.1348954536142286,[ 0.00209655 -0.0005234 ],[-0.0005234  0.0002123],0.3573923767567839,0.037548592150670086,0.8008000176470031,0.018712952807875407,1.146116345900266,0.853287281001429,3.443725037020237e-13,0.3149121583125735,0.3149121583125735,0.3149121583125735,0.3149121583125735
110,30s,MN,1mM 2DG_1h_yes_A_MN_10_3_0003,0.23903568792294505,1.4936274442776678,6.248554168861806,2.06507843480172,[ 0.00068029 -0.00041697],[-0.00041697  0.00033808],0.4936274442776678,0.032912109654975354,0.9158332702099685,0.026753457029276735,1.1624420145912935,0.8401582010288782,1.1514733126972079e-12,0.23903568792294505,0.23903568792294505,0.23903568792294505,0.23903568792294505
110,30s,MN,1mM 2DG_1h_yes_A_MN_10_3_0006,1.5011646945487844,1.0853076396748096,0.7229770614882653,0.0568276352252283,[ 0.55420049 -0.00113899],[-1.13898754e-03  2.12926744e-05],0.08530763967480959,0.013498679622924023,0.329476902003769,-0.000869954016306224,1.0865039002448575,0.019540317019849863,0.46128120798411665,,,,
110,30s,MN,1mM 2DG_1h_yes_A_MN_10_3_0013,0.3051996762288876,1.216023741910619,3.984354626243606,0.7078111765381094,[ 0.00122583 -0.0001978 ],[-1.97796891e-04  5.04588632e-05],0.21602374191061902,0.009125820640161902,0.8751013955892989,0.010918104260834706,1.0894276157484357,0.8131281495255249,1.0417158381449443e-11,0.3051996762288876,0.3051996762288876,0.3051996762288876,0.3051996762288876
110,30s,MN,1mM 2DG_1h_yes_A_MN_10_3_0017,0.21118268680086014,1.3630021484790946,6.454137737931002,1.7189010802831406,[ 0.00029277 -0.00016875],[-0.00016875  0.00012035],0.3630021484790946,0.008635075718967159,0.9591367277503084,0.020231460629276995,1.1036720151931239,0.9019232663627599,1.1947090421160817e-15,0.21118268680086014,0.21118268680086014,0.21118268680086014,0.21118268680086014
110,30s,MN,1mM 2DG_1h_yes_A_MN_10_4_0003,0.10859037325373207,1.3165714400600415,12.124200337572677,2.9152808906949903,[ 0.00076179 -0.00122998],[-0.00122998  0.00207424],0.31657144006004145,0.018940018865757063,0.9003277263356777,0.018089754317922896,1.02104318718753,0.8305167589422361,2.6283042750502456e-12,0.10859037325373207,0.10859037325373207,0.10859037325373207,0.10859037325373207
110,30s,MN,1mM 2DG_1h_yes_A_MN_10_4_0007,0.12456134822853111,1.3967760317225313,11.213559034058335,3.185386457077932,[ 0.00070468 -0.00114426],[-0.00114426  0.00197441],0.3967760317225313,0.026959246650171263,0.9057995087698765,0.022883655182473657,1.0424266667244422,0.8240617015244794,4.451520978014773e-12,0.12456134822853111,0.12456134822853111,0.12456134822853111,0.12456134822853111
110,30s,MN,1mM 2DG_1h_yes_A_MN_10_4_0008,0.8753353718852318,1.1941377443954655,1.3642059749323519,0.2217867009959236,[ 0.02846766 -0.00041472],[-4.14718012e-04  3.06084456e-05],0.1941377443954655,0.016366443590123996,0.806804804883082,0.008325196630545591,1.1135912679414206,0.41951026722814566,0.00010914544207586574,0.8753353718852318,0.8753353718852318,0.8753353718852318,0.8753353718852318
110,30s,MN,1mM 2DG_1h_yes_A_MN_10_5_0006,0.3218482889667409,1.423460248660939,4.422767799172722,1.3157138415133796,[ 0.00064319 -0.00018155],[-1.81551269e-04  8.49068530e-05],0.4234602486609389,0.015470398304361418,0.9424608195053779,0.02186368235565064,1.174381343593804,0.8082873775269142,1.4943020983640643e-11,0.3218482889667409,0.3218482889667409,0.3218482889667409,0.3218482889667409
110,30s,MN,1mM 2DG_1h_yes_A_MN_10_5_0008,0.15984022093754127,1.7110529582446796,10.704770978221346,4.448523369612513,[ 8.64284674e-05 -1.64150031e-04],[-0.00016415  0.00034837],0.7110529582446796,0.009614693226302115,0.9860490118171908,0.03992131814439227,1.1445252371073096,0.9343323957903478,4.276987208317995e-18,0.15984022093754127,0.15984022093754127,0.15984022093754127,0.15984022093754127
110,30s,MN,1mM 2DG_1h_yes_A_MN_10_6_0005,0.19454807424030876,1.298853142208155,6.6762580266088465,1.5361403261129538,[ 0.00110994 -0.00061688],[-0.00061688  0.00040903],0.29885314220815506,0.023669532452115227,0.8773183523679017,0.01739263926435382,1.0703999819386787,0.7388808671031789,1.177485487196946e-09,0.19454807424030876,0.19454807424030876,0.19454807424030876,0.19454807424030876
110,30s,MN,1mM 2DG_1h_yes_A_MN_10_6_0008,0.21383158996498602,1.4372146231443945,6.721245553006139,2.0446680643210224,[ 0.00016276 -0.00011028],[-1.10280904e-04  9.30105251e-05],0.4372146231443945,0.006358467620860428,0.9790934402151583,0.024941049955025066,1.1201871107295425,0.877560450246439,2.7024107283950764e-14,0.21383158996498602,0.21383158996498602,0.21383158996498602,0.21383158996498602
110,30s,MN,1mM 2DG_1h_yes_A_MN_10_7_0009,0.3843329753648574,1.2362238558964866,3.2165438178259538,0.614633328488749,[ 0.00210957 -0.00022575],[-2.25747151e-04  4.76644476e-05],0.23622385589648665,0.01180050783795693,0.8943013360405176,0.011324360338232739,1.1086478688480779,0.5324998695122046,4.7459907210978514e-06,0.3843329753648574,0.3843329753648574,0.3843329753648574,0.3843329753648574
110,30s,MN,1mM 2DG_1h_yes_A_MN_10_7_0012,0.20628033670981705,1.323524496349736,6.41614473516975,1.5683729312738663,[ 0.00028897 -0.00015538],[-0.00015538  0.00010224],0.3235244963497359,0.007258116813692613,0.9593573960115662,0.017982002189874755,1.0906200262169394,0.8891416732105808,6.682936625283651e-15,0.20628033670981705,0.20628033670981705,0.20628033670981705,0.20628033670981705
110,30s,MN,1mM 2DG_1h_yes_A_MN_10_7_0013,0.7378044703316872,1.1899018213889074,1.6127603846774952,0.25738773486088423,[ 0.01534593 -0.00031555],[-3.15547196e-04  2.70567798e-05],0.18990182138890743,0.012372942561571556,0.7900705033082046,0.00617110825093576,1.1247761361650608,0.30667148016524826,0.001499564333661536,0.7378044703316872,0.7378044703316872,0.0,0.0
110,30s,MN,1mM 2DG_1h_yes_A_MN_10_8_0003,0.04282696405250012,1.1974621509988361,27.960472508182182,4.610696914139746,[ 0.0037874  -0.01378357],[-0.01378357  0.05040991],0.19746215099883613,0.017045291176754615,0.37510908076323624,0.004807234303084855,1.0191230970538434,0.4676895143805636,3.0945018379367373e-05,0.0,0.0,0.0,0.0
110,30s,MN,1mM 2DG_1h_yes_A_MN_10_8_0006,0.17751151303851523,1.3674848156656814,7.703640131606416,2.0702027117866266,[ 0.00022544 -0.00018293],[-0.00018293  0.00017118],0.36748481566568136,0.007933152286181345,0.9633330533249754,0.020233528211055046,1.0900665355527586,0.9323213528793574,6.531000776288625e-18,0.17751151303851523,0.17751151303851523,0.17751151303851523,0.17751151303851523
110,30s,MN,1mM 2DG_1h_yes_A_MN_10_8_0010,0.16553925181142326,1.3847689086307144,8.36519975460682,2.3243364001006253,[ 0.00014125 -0.00013632],[-0.00013632  0.00014845],0.38476890863071445,0.005218685514846313,0.9782357644607416,0.021849195443968475,1.079876323219527,0.9192346959935609,7.810076146241496e-17,0.16553925181142326,0.16553925181142326,0.16553925181142326,0.16553925181142326
110,30s,MN,1mM 2DG_1h_yes_A_MN_10_8_0013,0.1136118169128058,1.4294986998058683,12.582306477001177,3.7804051680248874,[ 0.00074001 -0.00150926],[-0.00150926  0.00323136],0.4294986998058683,0.034937329755247354,0.8285499619178991,0.019848006398653445,1.0823071142202916,0.9438851771621649,4.712531577796452e-19,0.1136118169128058,0.1136118169128058,0.1136118169128058,0.1136118169128058
110,30s,MN,1mM 2DG_1h_yes_A_MN_10_8_0016,0.1253268597037731,1.5169804798269153,12.104192855486069,4.125057318509921,[ 0.00133003 -0.00278584],[-0.00278584  0.00620616],0.5169804798269153,0.08690314520107763,0.8148999067797623,0.02840292591854965,1.0710671260277094,0.7773618921432346,1.2345467272442302e-10,0.1253268597037731,0.1253268597037731,0.1253268597037731,0.1253268597037731
110,30s,MN,1mM 2DG_1h_yes_A_MN_10_8_0019,0.7391243756790777,1.1113292000899935,1.5035753611412814,0.15062309369476373,[ 0.03489644 -0.00041904],[-4.19041767e-04  2.10265423e-05],0.11132920008999347,0.01033276512954642,0.5596172003894493,0.004851842209680909,1.0649640404838407,0.5112343810723096,9.008342572360711e-06,0.0,0.0,0.0,0.0
110,30s,MN,1mM 2DG_1h_yes_A_MN_10_8_0020,0.21102251300005895,1.2443310248698138,5.896674279817084,1.1578434044605732,[ 0.0005805  -0.00022555],[-0.00022555  0.00010839],0.24433102486981384,0.00832901918462121,0.9101451719760019,0.013118540933483868,1.0749186635165693,0.9277657008558771,1.6294954265353974e-17,0.21102251300005895,0.21102251300005895,0.21102251300005895,0.21102251300005895
110,30s,MN,1mM 2DG_1h_yes_A_MN_10_8_0023,0.17211698841183612,1.504074230372406,8.738673876709395,2.9286721492376624,[ 0.00022962 -0.00027049],[-0.00027049  0.00036377],0.504074230372406,0.01329074578450511,0.967993541123566,0.029212996443459496,1.1041078208152124,0.8757369493247693,3.327004893026148e-14,0.17211698841183612,0.17211698841183612,0.17211698841183612,0.17211698841183612
