reporter,time_int,cell,cell_id,k,b,b/k,abs(1-b)/k,k_cov,b_cov,1-b,chi-sq,R-sq,lin_slope,lin_intercept,lin_r_sq,lin_pval,adj_k_0.70,adj_k_0.70_cond,adj_k_0.80,adj_k_0.80_cond
111,30s,MN,50mM 2DG_1h_yes_A_MN_0_1_0003,0.5781221490483319,0.45523117772204275,0.7874307851228594,0.9423074745963654,[4.87906488e-04 6.11909846e-05],[6.11909846e-05 1.93871784e-05],0.5447688222779572,0.009894704317384727,0.9889118783556484,-0.03028108954003387,0.7226233760309422,0.6349899856735751,1.8705579235996962e-06,0.5781221490483319,0.5781221490483319,0.5781221490483319,0.5781221490483319
111,30s,MN,50mM 2DG_1h_yes_A_MN_0_1_0008,0.7821371146067879,0.3055794533967883,0.39069806008428015,0.8878501398726296,[4.90091436e-04 4.03293153e-05],[4.03293153e-05 1.19337894e-05],0.6944205466032116,0.011083925340130467,0.994066970098074,-0.03330456838299253,0.5906095427341971,0.5223476324104375,4.491940141215112e-05,0.7821371146067879,0.7821371146067879,0.7821371146067879,0.7821371146067879
111,30s,MN,50mM 2DG_1h_yes_A_MN_0_1_0009,0.600249494523744,0.534853161360016,0.8910514148527265,0.774922499533374,[9.23606012e-04 9.10281620e-05],[9.10281620e-05 2.36712202e-05],0.46514683863998396,0.010991653409399723,0.9806321376859887,-0.02502704081714559,0.7558800990330345,0.5978281571776559,5.858179758027243e-06,0.600249494523744,0.600249494523744,0.600249494523744,0.600249494523744
111,30s,MN,50mM 2DG_1h_yes_A_MN_0_1_0012,1.7120391525419076e-05,-548.5502319452911,-32040752.75561571,32099162.634765685,[3.49135636e-04 1.12061344e+04],[1.12061344e+04 3.59680985e+11],549.5502319452911,0.008957913637167973,0.8096688777388932,-0.010512978468555199,1.009025350727584,0.8220486969692837,4.302123097455952e-10,1.7120391525419076e-05,1.7120391525419076e-05,1.7120391525419076e-05,1.7120391525419076e-05
111,30s,MN,50mM 2DG_1h_yes_A_MN_0_1_0014,0.7940443448285652,0.4159558094258501,0.5238445587263206,0.7355309490935868,[4.63333807e-04 3.10294211e-05],[3.10294211e-05 7.60520976e-06],0.5840441905741499,0.005399560375094111,0.9943961376190981,-0.027331090110287552,0.6501431991241375,0.5164512587647052,5.19813376173507e-05,0.7940443448285652,0.7940443448285652,0.7940443448285652,0.7940443448285652
111,30s,MN,50mM 2DG_1h_yes_A_MN_0_1_0015,0.6364604747740873,0.26371166315477307,0.41434098990731194,1.1568484863204955,[1.62205360e-04 2.22371084e-05],[2.22371084e-05 8.61193801e-06],0.7362883368452269,0.007099033570845851,0.9969433216923652,-0.03886622855813528,0.6038478639233134,0.5926408103329757,6.81451812197662e-06,0.6364604747740873,0.6364604747740873,0.6364604747740873,0.6364604747740873
111,30s,MN,50mM 2DG_1h_yes_A_MN_0_1_0017,0.67687024073586,0.32754303584081085,0.48390816456152985,0.993479877957298,[9.19194265e-05 1.00505153e-05],[1.00505153e-05 3.33652067e-06],0.6724569641591891,0.0022474793150830774,0.9985035259326795,-0.03436515450483305,0.6270186417615168,0.5561024499571889,1.8817351702614673e-05,0.67687024073586,0.67687024073586,0.67687024073586,0.67687024073586
111,30s,MN,50mM 2DG_1h_yes_A_MN_0_1_0018,0.7852429054457332,0.382235796390721,0.486773957128272,0.7867173320828833,[8.28747289e-04 6.01474447e-05],[6.01474447e-05 1.57700116e-05],0.617764203609279,0.013077785908179311,0.9898559607195399,-0.03011715491317673,0.6380203492140102,0.5512797937180399,2.1388398976038906e-05,0.7852429054457332,0.7852429054457332,0.7852429054457332,0.7852429054457332
111,30s,MN,50mM 2DG_1h_yes_A_MN_0_1_0019,0.7109521326100229,0.3216929972775557,0.45248193587459606,0.9540825206224041,[2.9303588e-04 2.9015707e-05],[2.90157070e-05 9.24037182e-06],0.6783070027224443,0.007605000317025218,0.9956127813786964,-0.03427064086385861,0.6171609371630633,0.5638285987964211,1.528427943525114e-05,0.7109521326100229,0.7109521326100229,0.7109521326100229,0.7109521326100229
111,30s,MN,50mM 2DG_1h_yes_A_MN_0_1_0020,0.7341818453929804,0.3963177130011963,0.539808652976242,0.8222517224948199,[5.19185954e-04 4.26423547e-05],[4.26423547e-05 1.16967055e-05],0.6036822869988037,0.008310196590390923,0.9926899167699961,-0.029866096495441367,0.6531897618789758,0.5507949883223983,2.166397466312116e-05,0.7341818453929804,0.7341818453929804,0.7341818453929804,0.7341818453929804
111,30s,MN,50mM 2DG_1h_yes_A_MN_0_2_0002,0.7232232488237486,0.34534756990164367,0.47751170950784216,0.9051872034853471,[2.21173649e-04 2.03586194e-05],[2.03586194e-05 6.14918478e-06],0.6546524300983563,0.003877566520017483,0.9968504425313727,-0.03195878057436731,0.6229301173823203,0.5224134856464906,4.484578078898252e-05,0.7232232488237486,0.7232232488237486,0.7232232488237486,0.7232232488237486
111,30s,MN,50mM 2DG_1h_yes_A_MN_0_2_0004,1.0104256840486137,0.32228163985061276,0.3189563022183699,0.6707255870950137,[8.92493570e-04 4.12299804e-05],[4.12299804e-05 9.19121989e-06],0.6777183601493872,0.009530309371957955,0.9937514884667508,-0.02831730226694597,0.5594974034460343,0.451306618810422,0.0002356436148419621,1.0104256840486137,1.0104256840486137,1.0104256840486137,1.0104256840486137
111,30s,MN,50mM 2DG_1h_yes_A_MN_0_2_0005,0.9956182719256795,0.4071414045324788,0.40893323878538756,0.5954677733272623,[1.77946977e-03 7.42221359e-05],[7.42221359e-05 1.46921075e-05],0.5928585954675212,0.011574014058474571,0.9868709389040258,-0.02427324588580029,0.6119311736020334,0.4387066144522126,0.00030965984034040577,0.9956182719256795,0.9956182719256795,0.9956182719256795,0.9956182719256795
111,30s,MN,50mM 2DG_1h_yes_A_MN_0_2_0006,0.8097006026206769,0.3144614715358339,0.388367589844997,0.846656809004899,[5.68634920e-04 4.28408879e-05],[4.28408879e-05 1.20837912e-05],0.6855385284641661,0.011843010322398954,0.9934941464144479,-0.0326912940795802,0.5919662312617757,0.5334912248749697,3.3927538900465765e-05,0.8097006026206769,0.8097006026206769,0.8097006026206769,0.8097006026206769
111,30s,MN,50mM 2DG_1h_yes_A_MN_0_2_0007,0.9440327499284186,0.4454851133940127,0.47189582504186606,0.587389459367838,[2.01466992e-03 8.81063578e-05],[8.81063578e-05 1.72140321e-05],0.5545148866059872,0.012420798292128365,0.9830124052858782,-0.02354801754519607,0.6442214587639867,0.4672455262302176,0.00016541773292399112,0.9440327499284186,0.9440327499284186,0.9440327499284186,0.9440327499284186
111,30s,MN,50mM 2DG_1h_yes_A_MN_0_2_0008,0.229916529819845,0.683953187723151,2.974789103937303,1.3746154420671401,[0.00049507 0.00025038],[0.00025038 0.00014994],0.31604681227684905,0.008072847256737131,0.9589465446485759,-0.021285495451288296,0.9189120704211515,0.9036412713538275,3.5585369157495327e-13,0.229916529819845,0.229916529819845,0.229916529819845,0.229916529819845
111,30s,MN,50mM 2DG_1h_yes_A_MN_0_2_0009,1.1020896917647225,0.39199448178003865,0.35568292191569,0.5516842438172085,[1.35462952e-03 4.66396659e-05],[4.66396659e-05 8.54143593e-06],0.6080055182199613,0.007771063324931846,0.9921687946764176,-0.024401342838352866,0.5946818099676934,0.4362503681522218,0.00032638417431953904,1.1020896917647225,1.1020896917647225,1.1020896917647225,1.1020896917647225
111,30s,MN,50mM 2DG_1h_yes_A_MN_0_2_0010,0.8723593886296548,0.3711305329978267,0.4254330701717063,0.720883474401568,[1.26062587e-03 7.41263573e-05],[7.41263573e-05 1.77882963e-05],0.6288694670021733,0.015603033530471313,0.9874528553261167,-0.028435791393736167,0.6114375674021811,0.5068746538648944,6.566175235290069e-05,0.8723593886296548,0.8723593886296548,0.8723593886296548,0.8723593886296548
111,30s,MN,50mM 2DG_1h_yes_A_MN_0_3_0001,0.7922711364171637,0.35444602914217993,0.4473797073373999,0.8148144507411527,[3.89917903e-04 2.90036582e-05],[2.90036582e-05 7.87516806e-06],0.6455539708578201,0.005833937547365032,0.9953330830837465,-0.029898582383492325,0.6119032556232679,0.49775243031394084,8.170817152538702e-05,0.7922711364171637,0.7922711364171637,0.7922711364171637,0.7922711364171637
111,30s,MN,50mM 2DG_1h_yes_A_MN_0_3_0002,0.5276361171952223,0.2909053820647048,0.5513371291015536,1.3439084149596499,[3.07153805e-04 6.13647986e-05],[6.13647986e-05 2.79084540e-05],0.7090946179352953,0.018655206564433324,0.9916796689971924,-0.04148408206705618,0.6604028864181414,0.6867932114513287,3.1073241650898523e-07,0.5276361171952223,0.5276361171952223,0.5276361171952223,0.5276361171952223
111,30s,MN,50mM 2DG_1h_yes_A_MN_0_3_0003,1.0853264136697254,0.36775790740618747,0.33884544112652504,0.5825363546217069,[4.59411705e-04 1.69940960e-05],[1.6994096e-05 3.2870829e-06],0.6322420925938126,0.003322820654149174,0.9973935413650886,-0.024400461779094378,0.5744089176142498,0.37950901943490456,0.0010427393274052548,1.0853264136697254,1.0853264136697254,1.0853264136697254,1.0853264136697254
111,30s,MN,50mM 2DG_1h_yes_A_MN_0_3_0007,0.4695534084473786,0.5732526790458664,1.2208465932371335,0.9088365951068543,[6.03806101e-04 9.38904671e-05],[9.38904671e-05 2.92509421e-05],0.4267473209541336,0.009990088980903653,0.9799210247715281,-0.026176984443742193,0.8103718527178143,0.7316078786939417,5.1156187322056546e-08,0.4695534084473786,0.4695534084473786,0.4695534084473786,0.4695534084473786
111,30s,MN,50mM 2DG_1h_yes_A_MN_0_3_0008,0.9692264809689014,0.4147114681618678,0.4278788047013485,0.6038717919190982,[8.74284929e-04 3.81363128e-05],[3.81363128e-05 7.65789138e-06],0.5852885318381322,0.005882822340908958,0.9932893186738415,-0.02435880992869954,0.6209721135409528,0.4385283160479739,0.00031084664160379525,0.9692264809689014,0.9692264809689014,0.9692264809689014,0.9692264809689014
111,30s,MN,50mM 2DG_1h_yes_A_MN_0_3_0010,0.8373103438219471,0.5495406517720837,0.6563165686735416,0.5379837375133465,[0.00348092 0.00016023],[1.60225816e-04 2.87065016e-05],0.45045934822791633,0.017620695718358323,0.961503580067515,-0.02175643293864362,0.731140822632471,0.5770860754380102,1.0608746831832516e-05,0.8373103438219471,0.8373103438219471,0.8373103438219471,0.8373103438219471
111,30s,MN,50mM 2DG_1h_yes_A_MN_0_3_0014,0.9632519975592767,0.42990292750560255,0.4463036968466262,0.5918462395499104,[2.10188941e-03 9.04981926e-05],[9.04981926e-05 1.78116484e-05],0.5700970724943974,0.014727690191229359,0.9833965693951882,-0.0252124502352662,0.6396154921313704,0.5011775863210862,7.530141188817999e-05,0.9632519975592767,0.9632519975592767,0.9632519975592767,0.9632519975592767
111,30s,MN,50mM 2DG_1h_yes_A_MN_0_3_0016,0.1466855185266173,0.6664308499451168,4.543262734038653,2.274042818987304,[0.00020361 0.0002394 ],[0.0002394  0.00029814],0.3335691500548832,0.003809569287322624,0.9783314956213618,-0.020995842935557715,0.9484858956688981,0.9664978676278111,1.8259525536788906e-18,0.1466855185266173,0.1466855185266173,0.1466855185266173,0.1466855185266173
111,30s,MN,50mM 2DG_1h_yes_A_MN_0_3_0018,0.7801044025456673,0.2577542311353032,0.330409917306183,0.9514697858934924,[2.28058797e-04 2.01733464e-05],[2.01733464e-05 6.39742579e-06],0.7422457688646968,0.007340925209175173,0.997300174247695,-0.03552082885037856,0.5629086332647373,0.5052065221826266,6.835932817546142e-05,0.7801044025456673,0.7801044025456673,0.7801044025456673,0.7801044025456673
111,30s,MN,50mM 2DG_1h_yes_A_MN_0_3_0022,0.9467071704062827,0.4803300087071687,0.5073691461542785,0.5489236878493411,[1.66121617e-03 6.76709518e-05],[6.76709518e-05 1.23552205e-05],0.5196699912928313,0.00931383206074824,0.9866141772716913,-0.022684608114458254,0.6707772068455504,0.4753995075838033,0.00013750817054605704,0.9467071704062827,0.9467071704062827,0.9467071704062827,0.9467071704062827
111,30s,MN,50mM 2DG_1h_yes_A_MN_0_3_0024,0.8124447353282493,0.2974128391297305,0.3660714707069494,0.8647814802891246,[4.28868690e-04 3.28718926e-05],[3.28718926e-05 9.47004005e-06],0.7025871608702695,0.010028730555573625,0.9952256281249067,-0.03345722155191225,0.5817882999716147,0.5221854261959472,4.510121487072607e-05,0.8124447353282493,0.8124447353282493,0.8124447353282493,0.8124447353282493
111,30s,MN,50mM 2DG_1h_yes_A_MN_0_4_0003,0.8012345195134791,0.35418846567313883,0.44205342761343713,0.8060206076979896,[0.00238592 0.00017325],[1.73252253e-04 4.65280710e-05],0.6458115343268611,0.042286506203220026,0.9737027336231315,-0.03267309143933571,0.6283586163354533,0.5629964373136903,1.5633102179245595e-05,0.8012345195134791,0.8012345195134791,0.8012345195134791,0.8012345195134791
111,30s,MN,50mM 2DG_1h_yes_A_MN_0_4_0004,0.8188320965067304,0.2515450349221693,0.3071997739161678,0.914051816325789,[2.66063540e-04 2.13581534e-05],[2.13581534e-05 6.50305400e-06],0.7484549650778307,0.007647602603349757,0.9970407391814274,-0.03451732896261859,0.5468377055236068,0.49934205740992665,7.86747524879421e-05,0.8188320965067304,0.8188320965067304,0.8188320965067304,0.8188320965067304
111,30s,MN,50mM 2DG_1h_yes_A_MN_0_4_0005,0.8934649890284838,0.33097865907665314,0.3704439045077137,0.7487941319903453,[1.10907534e-03 6.58870327e-05],[6.58870327e-05 1.64193244e-05],0.6690213409233469,0.015349180765016346,0.9897143117967516,-0.02923383608975109,0.5794945123391266,0.46982111494667284,0.0001560828807354702,0.8934649890284838,0.8934649890284838,0.8934649890284838,0.8934649890284838
111,30s,MN,50mM 2DG_1h_yes_A_MN_0_4_0008,0.7983397596438879,0.270949476294393,0.3393911840433129,0.9132083362988355,[1.97376426e-04 1.63075621e-05],[1.63075621e-05 4.96212213e-06],0.7290505237056071,0.004567955482774793,0.9976672553144591,-0.033844276501414014,0.5615944317922332,0.5035740106668939,7.109785953137077e-05,0.7983397596438879,0.7983397596438879,0.7983397596438879,0.7983397596438879
111,30s,MN,50mM 2DG_1h_yes_A_MN_0_4_0011,0.9261797568750919,0.26151950778421895,0.28236366195972523,0.7973403507623578,[3.15311575e-04 1.91342068e-05],[1.91342068e-05 5.07562504e-06],0.738480492215781,0.005809955621695879,0.9973734618273548,-0.03223682291419649,0.5341049917443697,0.4634491205333726,0.00018012036606497177,0.9261797568750919,0.9261797568750919,0.9261797568750919,0.9261797568750919
111,30s,MN,50mM 2DG_1h_yes_A_MN_0_4_0015,0.9780652730596816,0.47415822497225824,0.48479200522982385,0.5376346441406216,[2.56954939e-03 9.87568243e-05],[9.87568243e-05 1.76537103e-05],0.5258417750277418,0.013457884198778407,0.9816097814436711,-0.0198484398212758,0.6474350489150118,0.3446923765465166,0.002033111233465083,0.9780652730596816,0.9780652730596816,0.9780652730596816,0.9780652730596816
111,30s,MN,50mM 2DG_1h_yes_A_MN_0_4_0020,0.7387299148123413,0.3358612839863215,0.45464692474466795,0.8990277809209728,[2.78239723e-04 2.48040012e-05],[2.48040012e-05 7.43820704e-06],0.6641387160136785,0.006208379404601814,0.9962468665680897,-0.032619568246184456,0.6173380454746151,0.5281867723444601,3.880672685996667e-05,0.7387299148123413,0.7387299148123413,0.7387299148123413,0.7387299148123413
111,30s,MN,50mM 2DG_1h_yes_A_MN_0_4_0022,0.5103807281062841,0.22224745011350622,0.43545423617018775,1.5238673936068583,[4.92645103e-05 1.16179798e-05],[1.16179798e-05 6.00983458e-06],0.7777525498864938,0.0029335164011793733,0.9986144457071273,-0.045137423118400036,0.6300988280159412,0.6545342338635106,9.80134629452954e-07,0.5103807281062841,0.5103807281062841,0.5103807281062841,0.5103807281062841
111,30s,MN,50mM 2DG_1h_yes_A_MN_0_5_0003,0.8447275672657586,0.23805281375725196,0.28181016339716364,0.9020034574094027,[2.94967415e-04 2.25309911e-05],[2.25309911e-05 6.76748279e-06],0.761947186242748,0.007692232048310752,0.9969289330727602,-0.03460856259730844,0.5331911728217327,0.4916777265011079,9.432136031588795e-05,0.8447275672657586,0.8447275672657586,0.8447275672657586,0.8447275672657586
111,30s,MN,50mM 2DG_1h_yes_A_MN_0_5_0004,1.0378795958354332,0.3011040242357224,0.2901146004256409,0.6733882991520868,[1.28293262e-03 5.77124702e-05],[5.77124702e-05 1.29122429e-05],0.6988959757642776,0.015393464245137295,0.9922746440695231,-0.029181963422793684,0.5459272928705905,0.4170298403265583,0.000489169596363014,1.0378795958354332,1.0378795958354332,1.0378795958354332,1.0378795958354332
111,30s,MN,50mM 2DG_1h_yes_A_MN_0_5_0005,0.7804897799394602,0.3556232029383302,0.4556410757433808,0.8256056820009249,[1.94102509e-04 1.48897394e-05],[1.48897394e-05 4.09722043e-06],0.6443767970616698,0.002911002208331232,0.9977761514859306,-0.030361096780613432,0.6183588502202426,0.47455493661904097,0.0001401825955004382,0.7804897799394602,0.7804897799394602,0.7804897799394602,0.7804897799394602
111,30s,MN,50mM 2DG_1h_yes_A_MN_0_5_0006,0.22780915284184844,0.40905027759476476,1.7955831558652915,2.594056099297684,[0.00011845 0.00011398],[0.00011398 0.0001294 ],0.5909497224052352,0.008158974718022561,0.9904753914393251,-0.04067025140418663,0.8570956369247499,0.9106858289236831,1.481045122911363e-13,0.22780915284184844,0.22780915284184844,0.22780915284184844,0.22780915284184844
111,30s,MN,50mM 2DG_1h_yes_A_MN_0_6_0008,0.5937302258001056,0.44105189756448837,0.7428489883096835,0.9414176306794523,[0.00116456 0.00014129],[1.41288330e-04 4.46586694e-05],0.5589481024355116,0.024365541755896673,0.9744178089418746,-0.03143901202075565,0.715000217054464,0.667533585176594,6.250734607894072e-07,0.5937302258001056,0.5937302258001056,0.5937302258001056,0.5937302258001056
111,30s,MN,50mM 2DG_1h_yes_A_MN_0_6_0009,0.8502645511264034,0.33467602770903193,0.3936139960976425,0.7824905453362345,[5.06671645e-04 3.33191880e-05],[3.33191880e-05 8.68126325e-06],0.6653239722909681,0.008558656069101686,0.9949775700710094,-0.030766975618212386,0.5959469929298117,0.49358294025168453,9.018447327262725e-05,0.8502645511264034,0.8502645511264034,0.8502645511264034,0.8502645511264034
111,30s,MN,50mM 2DG_1h_yes_A_MN_0_6_0013,0.8715538566162306,0.3665293751613472,0.420547017695936,0.7268290077885428,[2.9476255e-04 1.7494122e-05],[1.74941220e-05 4.23277372e-06],0.6334706248386528,0.003797118965333795,0.9972082618281828,-0.02847792531708863,0.6088235154076191,0.47559941800908473,0.00013688206443822609,0.8715538566162306,0.8715538566162306,0.8715538566162306,0.8715538566162306
111,30s,MN,50mM 2DG_1h_yes_A_MN_0_6_0014,0.9004549870895382,0.34673879313121125,0.3850706566154347,0.7254790258647661,[2.87256386e-04 1.63852286e-05],[1.63852286e-05 3.95581919e-06],0.6532612068687887,0.0039180979213480835,0.9974847739802097,-0.029073436592602767,0.5930633601666488,0.4697564397823297,0.0001563112064077629,0.9004549870895382,0.9004549870895382,0.9004549870895382,0.9004549870895382
111,30s,MN,50mM 2DG_1h_yes_A_MN_0_6_0015,0.28639203560333526,0.5205881799977063,1.8177467082874552,1.67397050337775,[1.61839451e-04 8.08196314e-05],[8.08196314e-05 5.32285332e-05],0.47941182000229365,0.005737135524940936,0.9890719994695278,-0.03243737692599173,0.852167058844722,0.8743737566641696,7.629020424222918e-12,0.28639203560333526,0.28639203560333526,0.28639203560333526,0.28639203560333526
111,30s,MN,50mM 2DG_1h_yes_A_MN_0_6_0016,1.1807952964069692,0.4083720339918605,0.3458449023590218,0.5010419399606338,[1.38354565e-03 4.00286051e-05],[4.00286051e-05 6.64941401e-06],0.5916279660081395,0.00621329358784677,0.9934937048040471,-0.02241759656177445,0.595534588549997,0.3831816022574137,0.0009700199347823125,1.1807952964069692,1.1807952964069692,1.1807952964069692,1.1807952964069692
111,30s,MN,50mM 2DG_1h_yes_A_MN_0_6_0017,1.0057207934162444,0.4008996453466943,0.39861922709673087,0.5956925208021945,[1.52640235e-03 6.29604119e-05],[6.29604119e-05 1.24660716e-05],0.5991003546533057,0.011333103333087286,0.989524101126099,-0.025702968559088466,0.6152837737856632,0.46054591384365035,0.0001921681588217249,1.0057207934162444,1.0057207934162444,1.0057207934162444,1.0057207934162444
111,30s,MN,50mM 2DG_1h_yes_A_MN_0_6_0018,0.8739010319057776,0.31152293918159546,0.3564739344708581,0.7878204003455563,[4.10012681e-04 2.62938986e-05],[2.62938986e-05 6.89558552e-06],0.6884770608184045,0.006972120301263362,0.996048418817467,-0.031006417152582434,0.5745053172431054,0.489160157451844,0.00010005646409167288,0.8739010319057776,0.8739010319057776,0.8739010319057776,0.8739010319057776
111,30s,MN,50mM 2DG_1h_yes_A_MN_0_6_0019,2.83149278423938,0.9089234202795634,0.32100502792689484,0.032165570128727124,[3.18915191e+00 2.21227142e-03],[2.21227142e-03 2.11399787e-05],0.09107657972043659,0.011616869415856814,0.4319673056152724,-0.005377841118426826,0.9459540030776538,0.505539838502059,6.781228486935623e-05,0.0,0.0,0.0,0.0
111,30s,MN,50mM 2DG_1h_yes_A_MN_0_6_0023,0.5801052151274866,0.21593116509750168,0.3722275881454499,1.3515976316989113,[5.13785135e-05 9.20423399e-06],[9.20423399e-06 4.18201598e-06],0.7840688349024983,0.0023799758165529987,0.9988367940565209,-0.04300218636013968,0.597148178130561,0.6206075545599858,2.947044876798611e-06,0.5801052151274866,0.5801052151274866,0.5801052151274866,0.5801052151274866
111,30s,MN,50mM 2DG_1h_yes_A_MN_0_6_0024,0.47165095231302906,0.20890550222287801,0.44292394873450813,1.6772880323839185,[2.18078427e-05 6.22497359e-06],[6.22497359e-06 3.57697086e-06],0.7910944977771219,0.0018584178369984636,0.9993041036138366,-0.04765199716478388,0.6443982449237196,0.6828517014280286,3.597165205748364e-07,0.47165095231302906,0.47165095231302906,0.47165095231302906,0.47165095231302906
111,30s,MN,50mM 2DG_1h_yes_A_MN_0_7_0003,0.8509901353534997,0.2601519044588658,0.3057049590249354,0.8693967941635454,[5.86349351e-04 4.27987746e-05],[4.27987746e-05 1.23895344e-05],0.7398480955411342,0.014606166756547932,0.9939848043102127,-0.03384900136057111,0.5475896438944385,0.5011173157171577,7.541002587110087e-05,0.8509901353534997,0.8509901353534997,0.8509901353534997,0.8509901353534997
111,30s,MN,50mM 2DG_1h_yes_A_MN_0_7_0005,0.7390076844450714,0.3922896932072027,0.5308330366033706,0.8223328655224112,[6.80550918e-04 5.54681938e-05],[5.54681938e-05 1.52146665e-05],0.6077103067927974,0.011268020514520763,0.990496462099679,-0.030155985543762823,0.6508411652603481,0.5586786819766991,1.7563507455960995e-05,0.7390076844450714,0.7390076844450714,0.7390076844450714,0.7390076844450714
111,30s,MN,50mM 2DG_1h_yes_A_MN_0_7_0006,0.6443211468062555,0.30653101410681216,0.4757425945527513,1.0762784821366587,[1.50408651e-04 1.89024074e-05],[1.89024074e-05 6.80780396e-06],0.6934689858931878,0.005731114698900688,0.9973104663600724,-0.036667581964152825,0.6269217898889489,0.5808963170328552,9.532557939215538e-06,0.6443211468062555,0.6443211468062555,0.6443211468062555,0.6443211468062555
111,30s,MN,50mM 2DG_1h_yes_A_MN_0_7_0008,0.7843842495870817,0.3381039165691085,0.43104373493870424,0.84384162963411,[1.12845063e-03 8.79588514e-05],[8.79588514e-05 2.47367466e-05],0.6618960834308916,0.021275454524643495,0.985725096450294,-0.03230802420301864,0.6117556648501643,0.5695299096766036,1.308034117439841e-05,0.7843842495870817,0.7843842495870817,0.7843842495870817,0.7843842495870817
111,30s,MN,50mM 2DG_1h_yes_A_MN_0_7_0009,0.7581584986978257,0.2519693044653844,0.33234383693931285,0.986641575368996,[8.15541992e-05 7.73707280e-06],[7.73707280e-06 2.54528858e-06],0.7480306955346157,0.0027970844256438947,0.9989497304798145,-0.036084100215304935,0.562871994663229,0.5193249976243992,4.842086866254362e-05,0.7581584986978257,0.7581584986978257,0.7581584986978257,0.7581584986978257
111,30s,MN,50mM 2DG_1h_yes_A_MN_0_7_0014,0.7178829296079755,0.6377563552842744,0.8883849009093211,0.5045998863819496,[0.01019315 0.00052767],[5.27670467e-04 8.88586501e-05],0.36224364471572557,0.04119757970720576,0.8357040462862997,-0.01875969771944623,0.7950501704055005,0.6532839946649367,1.0225781024088085e-06,0.7178829296079755,0.7178829296079755,0.7178829296079755,0.7178829296079755
111,30s,MN,50mM 2DG_1h_yes_A_MN_0_8_0003,0.24797082783528596,0.7811279326470697,3.1500799487830564,0.8826524848250116,[0.00151698 0.00045978],[0.00045978 0.00017039],0.2188720673529303,0.010733402581795816,0.8767556801156229,-0.014435259318719942,0.9364330722252058,0.8881583887814599,1.9901606459150813e-12,0.24797082783528596,0.24797082783528596,0.24797082783528596,0.24797082783528596
111,30s,MN,50mM 2DG_1h_yes_A_MN_0_8_0004,1.0704279223808904,0.27490507055213814,0.2568179181468686,0.6773879065440255,[6.47953780e-04 2.83109377e-05],[2.83109377e-05 6.36899872e-06],0.7250949294478619,0.0078470759800248,0.9960867476977395,-0.02921790142053366,0.5194061099050706,0.4239560600168915,0.0004233905984238969,1.0704279223808904,1.0704279223808904,1.0704279223808904,1.0704279223808904
111,30s,MN,50mM 2DG_1h_yes_A_MN_0_8_0006,0.9213015314510784,0.32585290492971586,0.35368757546347224,0.7317333924415405,[6.79014632e-04 3.80455847e-05],[3.80455847e-05 9.26223737e-06],0.6741470950702841,0.00824283288693899,0.9939959801246564,-0.029252176519725486,0.5729312847994514,0.47926637997418803,0.000125854065776605,0.9213015314510784,0.9213015314510784,0.9213015314510784,0.9213015314510784
111,30s,MN,50mM 2DG_1h_yes_A_MN_0_8_0009,0.6792000307363818,0.2300152559776417,0.33865613305149805,1.1336641772344278,[6.93102545e-05 8.61224624e-06],[8.61224624e-06 3.26219447e-06],0.7699847440223583,0.002434347614496205,0.9988540217528595,-0.03885593818957489,0.5690626229019164,0.555315089978408,1.9216672598295534e-05,0.6792000307363818,0.6792000307363818,0.6792000307363818,0.6792000307363818
111,30s,MN,50mM 2DG_1h_yes_A_MN_0_8_0012,0.8306975220348491,0.28395848328668916,0.34183138357162046,0.861976228073149,[4.19479541e-04 3.12248623e-05],[3.12248623e-05 8.96418687e-06],0.7160415167133108,0.008523250965080723,0.9954484225420015,-0.032889306837818294,0.5645001471342045,0.5016087219880059,7.452865547492358e-05,0.8306975220348491,0.8306975220348491,0.8306975220348491,0.8306975220348491
111,30s,MN,0mM 2DG_1h_yes_A_MN_2_1_0005,1.0536991501655129,0.2675962726379845,0.2539588957587667,0.6950785973842448,[4.50130128e-04 2.05449928e-05],[2.05449928e-05 4.74369817e-06],0.7324037273620154,0.006517317284046618,0.9972755720269281,-0.029267829689315066,0.514682664452377,0.4001782048858668,0.0006907640342386981,1.0536991501655129,1.0536991501655129,1.0536991501655129,1.0536991501655129
111,30s,MN,0mM 2DG_1h_yes_A_MN_2_1_0007,1.0506397008621984,0.3034359420875173,0.2888106568203212,0.6629904213031865,[4.86814956e-04 2.12637252e-05],[2.12637252e-05 4.68318418e-06],0.6965640579124828,0.005326100825737498,0.9969898732099984,-0.027387864800757982,0.5356010591486039,0.3926357962443662,0.0008039102888253636,1.0506397008621984,1.0506397008621984,1.0506397008621984,1.0506397008621984
111,30s,MN,0mM 2DG_1h_yes_A_MN_2_1_0008,1.45282913695551,0.40316571965023257,0.2775038780507186,0.41080830853961897,[3.27552067e-03 6.16741782e-05],[6.16741782e-05 8.34722685e-06],0.5968342803497675,0.008536261680485374,0.9906880615626538,-0.020319251795341907,0.5706946427690384,0.3370204042972628,0.002345911988412272,1.45282913695551,1.45282913695551,1.45282913695551,1.45282913695551
111,30s,MN,0mM 2DG_1h_yes_A_MN_2_1_0009,1.4181882121605836,0.2763548417567854,0.1948647149843136,0.5102603110349893,[1.97032623e-03 4.73291057e-05],[4.73291057e-05 7.96437741e-06],0.7236451582432146,0.011187254258927339,0.9940468153215019,-0.025529603821662545,0.4858352094248145,0.3587869788629149,0.0015573313218512936,1.4181882121605836,1.4181882121605836,1.4181882121605836,1.4181882121605836
111,30s,MN,0mM 2DG_1h_yes_A_MN_2_1_0014,0.9513941796973217,0.23333781990069463,0.24525882634149515,0.8058302189143229,[2.90406679e-04 1.72682645e-05],[1.72682645e-05 4.62813141e-06],0.7666621800993054,0.006688100997844804,0.9977739826466947,-0.032855230664093384,0.5114497917022177,0.441689471256714,0.0002904163747384865,0.9513941796973217,0.9513941796973217,0.9513941796973217,0.9513941796973217
111,30s,MN,0mM 2DG_1h_yes_A_MN_2_1_0016,1.4661710519544673,0.32900868166198405,0.22439993016053736,0.45764872894165826,[1.319589e-03 2.740047e-05],[2.7400470e-05 4.1296796e-06],0.670991318338016,0.003945221655873708,0.9962472171834456,-0.020894934225601142,0.5050505668430113,0.28961513880091255,0.005520261308587314,1.4661710519544673,1.4661710519544673,1.4661710519544673,1.4661710519544673
111,30s,MN,0mM 2DG_1h_yes_A_MN_2_2_0003,0.8126117378960265,0.2866152150775091,0.3527086820325766,0.8778913122391648,[2.21925246e-04 1.72638149e-05],[1.72638149e-05 5.04890553e-06],0.7133847849224909,0.005155014016277871,0.9975387559897647,-0.03331171513853201,0.5715178479005443,0.500470626800987,7.658455081009014e-05,0.8126117378960265,0.8126117378960265,0.8126117378960265,0.8126117378960265
111,30s,MN,0mM 2DG_1h_yes_A_MN_2_2_0006,1.4343807063602287,0.43062736835181104,0.30021832170661095,0.39694666075994844,[0.0180506  0.00033309],[3.33086269e-04 4.35834806e-05],0.569372631648189,0.044113482636615596,0.9486012340411205,-0.01576340880161844,0.568937546702507,0.21515424471195946,0.019514450343445386,1.4343807063602287,1.4343807063602287,1.4343807063602287,1.4343807063602287
111,30s,MN,0mM 2DG_1h_yes_A_MN_2_2_0008,0.9069133107585723,0.36269773585263465,0.39992547418811425,0.7027157464634681,[6.37437835e-04 3.49289381e-05],[3.49289381e-05 8.16757256e-06],0.6373022641473653,0.007932113679192518,0.9944232997652828,-0.028488925782729324,0.6030091523314997,0.48260822030276845,0.00011652391986408624,0.9069133107585723,0.9069133107585723,0.9069133107585723,0.9069133107585723
111,30s,MN,0mM 2DG_1h_yes_A_MN_2_2_0009,0.95272268835677,0.5463784001595621,0.5734915383425376,0.47613183288710387,[0.00369149 0.00012949],[1.29488368e-04 2.05052435e-05],0.45362159984043793,0.01317121803693652,0.9701105504843505,-0.02076581306846386,0.7177099918388664,0.5343799316317602,3.316763509647774e-05,0.95272268835677,0.95272268835677,0.95272268835677,0.95272268835677
111,30s,MN,0mM 2DG_1h_yes_A_MN_2_2_0012,0.9883635524371098,0.3525727155330045,0.35672371230568917,0.655049736375413,[2.85504927e-04 1.32100377e-05],[1.32100377e-05 2.87678819e-06],0.6474272844669955,0.0029198527123269337,0.9979593356971491,-0.02702883103878277,0.5808013701266996,0.43321009865910726,0.0003482417764541261,0.9883635524371098,0.9883635524371098,0.9883635524371098,0.9883635524371098
111,30s,MN,0mM 2DG_1h_yes_A_MN_2_2_0013,1.1346480116407318,0.5711695656835648,0.5033892095378885,0.3779413791034056,[0.01083912 0.0002474 ],[2.47396828e-04 3.10233639e-05],0.4288304343164352,0.021762833098660204,0.9447138290145197,-0.018212197634544715,0.7193507329946056,0.46721883167366185,0.00016551712690120583,1.1346480116407318,1.1346480116407318,1.1346480116407318,1.1346480116407318
111,30s,MN,0mM 2DG_1h_yes_A_MN_2_2_0016,0.8438597607194183,0.45443755690142434,0.5385226053603994,0.6465084229558069,[0.00737017 0.00040399],[4.03990158e-04 8.69737626e-05],0.5455624430985757,0.06328556404500639,0.9286179672440069,-0.020966107100585826,0.6429882197976792,0.3265422637397705,0.0028460728817972245,0.8438597607194183,0.8438597607194183,0.8438597607194183,0.8438597607194183
111,30s,MN,0mM 2DG_1h_yes_A_MN_2_3_0002,1.406482042030051,0.31265343866115364,0.22229465383709,0.48869913784804686,[3.10368720e-03 7.20625821e-05],[7.20625821e-05 1.16177822e-05],0.6873465613388463,0.015860477077226407,0.990546871506546,-0.025055498744193497,0.5169328380802798,0.37704626084158166,0.0010943059029761527,1.406482042030051,1.406482042030051,1.406482042030051,1.406482042030051
111,30s,MN,0mM 2DG_1h_yes_A_MN_2_3_0003,1.3571868983589845,0.32356817581852704,0.2384109190928405,0.4984072753718497,[1.86319741e-03 4.59023839e-05],[4.59023839e-05 7.55700367e-06],0.676431824181473,0.008943960883475762,0.9935721918023935,-0.023853157725500063,0.5205918337809627,0.36083372570115724,0.0014975803030471827,1.3571868983589845,1.3571868983589845,1.3571868983589845,1.3571868983589845
111,30s,MN,0mM 2DG_1h_yes_A_MN_2_3_0004,1.2062946763839402,0.6252973461609235,0.5183620208250869,0.3106228197593537,[4.92378108e-03 8.62239051e-05],[8.62239051e-05 8.87568683e-06],0.3747026538390765,0.005872341342089917,0.9784565974217155,-0.015129222110157927,0.7489526489188658,0.42977388474490746,0.000374572258194304,1.2062946763839402,1.2062946763839402,1.2062946763839402,1.2062946763839402
111,30s,MN,0mM 2DG_1h_yes_A_MN_2_3_0005,1.2764110355539153,0.42890218643756306,0.3360219980011653,0.4474246913061211,[1.54209566e-03 3.65168365e-05],[3.65168365e-05 5.40694007e-06],0.5710978135624369,0.004382024913104347,0.9937872411600756,-0.020203325321690953,0.5976404448898371,0.3561975198449616,0.0016361064420522611,1.2764110355539153,1.2764110355539153,1.2764110355539153,1.2764110355539153
111,30s,MN,0mM 2DG_1h_yes_A_MN_2_3_0006,1.2709909754126065,0.2885234194960558,0.22700666257869484,0.5597809852843172,[1.40392513e-03 4.17913199e-05],[4.17913199e-05 7.74269999e-06],0.7114765805039442,0.01043561980672524,0.994386332208108,-0.026604087874844105,0.5078607350431508,0.3902505349401664,0.0008431252027334098,1.2709909754126065,1.2709909754126065,1.2709909754126065,1.2709909754126065
111,30s,MN,0mM 2DG_1h_yes_A_MN_2_3_0010,0.9483345957847314,0.23420904684904195,0.246968789170069,0.8075113536454699,[2.06588725e-04 1.23555405e-05],[1.23555405e-05 3.31847626e-06],0.765790953150958,0.003540080518476006,0.9984127893803103,-0.03212725067933217,0.5081969254082179,0.4206203020941247,0.00045397378821546294,0.9483345957847314,0.9483345957847314,0.9483345957847314,0.9483345957847314
111,30s,MN,0mM 2DG_1h_yes_A_MN_2_3_0014,1.334884498716445,0.32342060369318826,0.24228358633587593,0.506844897035942,[1.14740085e-03 2.92807741e-05],[2.92807741e-05 4.90482718e-06],0.6765793963068117,0.0055321981278313595,0.9961168620325307,-0.02354890120310296,0.5203433958232083,0.32892835206714194,0.0027241230182650927,1.334884498716445,1.334884498716445,1.334884498716445,1.334884498716445
111,30s,MN,0mM 2DG_1h_yes_A_MN_2_4_0001,0.7045608480247207,0.21353503435668658,0.3030753624124092,1.1162484657616383,[3.48269485e-04 4.07830345e-05],[4.07830345e-05 1.51981043e-05],0.7864649656433134,0.017996022106618607,0.9947404376420579,-0.038287008992722076,0.5484613674128881,0.5163868415645909,5.206384295756698e-05,0.7045608480247207,0.7045608480247207,0.7045608480247207,0.7045608480247207
111,30s,MN,0mM 2DG_1h_yes_A_MN_2_4_0002,1.1830959987453982,0.3227724776636512,0.272820192111149,0.5724197555012507,[3.50696883e-04 1.15664584e-05],[1.15664584e-05 2.19500967e-06],0.6772275223363489,0.001975244578855707,0.9983133287284935,-0.02516906324911764,0.5335791128565015,0.37906225142946015,0.00105192304910807,1.1830959987453982,1.1830959987453982,1.1830959987453982,1.1830959987453982
111,30s,MN,0mM 2DG_1h_yes_A_MN_2_4_0003,1.150722436559584,0.49815728589865504,0.43290829314846735,0.4361110013651495,[0.01140599 0.00029568],[2.95682885e-04 4.27741979e-05],0.501842714101345,0.034875791684970084,0.9459073718654806,-0.016003943134040983,0.6397717444439053,0.25471490653546053,0.010084183900146839,1.150722436559584,1.150722436559584,1.150722436559584,1.150722436559584
111,30s,MN,0mM 2DG_1h_yes_A_MN_2_4_0007,1.2771944126939005,0.4363583311643872,0.34165380526838185,0.4413123509104312,[1.60816653e-03 3.75354577e-05],[3.75354577e-05 5.48174752e-06],0.5636416688356127,0.004872554851301642,0.9935651494555832,-0.020676512304172463,0.6073657488615837,0.38106832601507595,0.0010112667456954438,1.2771944126939005,1.2771944126939005,1.2771944126939005,1.2771944126939005
111,30s,MN,0mM 2DG_1h_yes_A_MN_2_4_0012,1.2142020353964398,0.2943788780772984,0.2424463717697385,0.5811397949866841,[1.35067804e-03 4.39287848e-05],[4.39287848e-05 8.45876844e-06],0.7056211219227015,0.011183924403680665,0.9940436446530634,-0.02721478635168536,0.5191427419647252,0.40255311291495255,0.00065831797242695,1.2142020353964398,1.2142020353964398,1.2142020353964398,1.2142020353964398
111,30s,MN,0mM 2DG_1h_yes_A_MN_2_5_0002,1.3151887243496028,0.5636184599862266,0.4285456904787194,0.33180146083565015,[0.00919695 0.00015621],[1.56206332e-04 1.71373325e-05],0.4363815400137734,0.012450835960325953,0.9649528938332745,-0.015909406090570344,0.6941125017747952,0.38952955282699575,0.0008553234224813963,1.3151887243496028,1.3151887243496028,1.3151887243496028,1.3151887243496028
111,30s,MN,0mM 2DG_1h_yes_A_MN_2_5_0004,1.3251774935099125,0.5832928918844277,0.4401620875249679,0.3144538072495232,[0.01120774 0.00017889],[1.78893173e-04 1.85958632e-05],0.4167071081155723,0.013285361451091231,0.9597745968913884,-0.016585858523135603,0.7164362330585355,0.4467865679576389,0.00026007213735309783,1.3251774935099125,1.3251774935099125,1.3251774935099125,1.3251774935099125
111,30s,MN,0mM 2DG_1h_yes_A_MN_2_5_0006,1.3153092270338975,0.37115863287829337,0.28218355444466753,0.47809393730155925,[2.33222610e-03 5.70710621e-05],[5.70710621e-05 9.02182265e-06],0.6288413671217066,0.009717374032507225,0.991403706304367,-0.023365100121605444,0.5627438840754583,0.3914387540616652,0.0008233736087034784,1.3153092270338975,1.3153092270338975,1.3153092270338975,1.3153092270338975
111,30s,MN,0mM 2DG_1h_yes_A_MN_2_5_0007,1.1207038517237362,0.2424778162237699,0.21636207982226416,0.6759343091496451,[4.63689518e-04 1.91938751e-05],[1.91938751e-05 4.30557593e-06],0.75752218377623,0.006271884326679689,0.9974906868036659,-0.02967625098790038,0.4904046986731674,0.40756846455510565,0.0005943874040261024,1.1207038517237362,1.1207038517237362,1.1207038517237362,1.1207038517237362
111,30s,MN,0mM 2DG_1h_yes_A_MN_2_5_0008,0.728152168307393,0.3468741883516965,0.47637596020350215,0.8969633547428828,[1.25710181e-04 1.13740180e-05],[1.13740180e-05 3.40382525e-06],0.6531258116483035,0.002588280548590351,0.9982117048467624,-0.031978273563735816,0.6236320037454113,0.5339251352035556,3.3554536594996644e-05,0.728152168307393,0.728152168307393,0.728152168307393,0.728152168307393
111,30s,MN,0mM 2DG_1h_yes_A_MN_2_5_0009,0.7709699067459914,0.2175626072379482,0.28219338437761843,1.014874103276561,[2.24403880e-04 2.14690647e-05],[2.14690647e-05 7.26314745e-06],0.7824373927620518,0.006266884385611315,0.997266383887737,-0.03672588624243775,0.5357808896037173,0.48530839946686705,0.00010945604010181944,0.7709699067459914,0.7709699067459914,0.7709699067459914,0.7709699067459914
111,30s,MN,0mM 2DG_1h_yes_A_MN_2_5_0010,1.3348498236633426,0.5350640829928254,0.40084215730306144,0.348305785988128,[5.00205944e-03 8.77231856e-05],[8.77231856e-05 1.00981432e-05],0.4649359170071746,0.007770226863932358,0.9820578878563038,-0.01728402978789107,0.6761548663858733,0.39767315991841806,0.0007265907557916199,1.3348498236633426,1.3348498236633426,1.3348498236633426,1.3348498236633426
111,30s,MN,0mM 2DG_1h_yes_A_MN_2_5_0011,1.1867483365118927,0.6863577852863298,0.5783515882598009,0.2642870481163106,[0.00937805 0.00014231],[1.42311545e-04 1.24683677e-05],0.31364221471367015,0.007494102175603915,0.9569047879201714,-0.013058260658270229,0.7923010928238903,0.4584679545484597,0.00020124369862639706,1.1867483365118927,1.1867483365118927,1.1867483365118927,1.1867483365118927
111,30s,MN,0mM 2DG_1h_yes_A_MN_2_5_0012,1.160045716343943,0.24024421177546895,0.2070989172156373,0.6549360749497137,[3.83354753e-04 1.47895027e-05],[1.47895027e-05 3.21251016e-06],0.759755788224531,0.005219938789412615,0.9981358807967944,-0.02924621779128184,0.48452183489202283,0.38918530648851984,0.0008612052862845499,1.160045716343943,1.160045716343943,1.160045716343943,1.160045716343943
111,30s,MN,0mM 2DG_1h_yes_A_MN_2_5_0013,1.0838782132208895,0.3153161306275477,0.2909147234268539,0.6316981566940277,[8.29627991e-04 3.33290097e-05],[3.33290097e-05 6.99085725e-06],0.6846838693724523,0.008357064587266405,0.9951698665745479,-0.027372040068171646,0.5443856771076195,0.4163473722887099,0.0004961388950161681,1.0838782132208895,1.0838782132208895,1.0838782132208895,1.0838782132208895
111,30s,MN,0mM 2DG_1h_yes_A_MN_2_5_0016,1.4177295140878807,0.5247791876796428,0.3701546610019387,0.335198504085667,[5.69746757e-03 8.99369326e-05],[8.99369326e-05 9.94208441e-06],0.4752208123203572,0.007979356974683605,0.9828807960422787,-0.01763640182244933,0.6675233618666395,0.39447123172341525,0.0007748946128436016,1.4177295140878807,1.4177295140878807,1.4177295140878807,1.4177295140878807
111,30s,MN,0mM 2DG_1h_yes_A_MN_2_5_0017,0.8922527481158384,0.6528694143636232,0.7317090541242729,0.3890496121972267,[0.00669033 0.00020683],[2.06829289e-04 2.67803236e-05],0.3471305856363768,0.014396140351487686,0.9353372479029404,-0.016818672911737838,0.7908377340179267,0.599805546074124,5.527319035157295e-06,0.8922527481158384,0.8922527481158384,0.8922527481158384,0.8922527481158384
111,30s,MN,0mM 2DG_1h_yes_A_MN_2_6_0005,1.1673677466601997,0.24553617885766812,0.2103331872583759,0.6462949000439903,[1.28374186e-03 4.85277766e-05],[4.85277766e-05 1.04006356e-05],0.7544638211423319,0.01364092409501983,0.9935068822525214,-0.02905558476118791,0.4866999734684796,0.41235430694112124,0.0005387937868184521,1.1673677466601997,1.1673677466601997,1.1673677466601997,1.1673677466601997
111,30s,MN,0mM 2DG_1h_yes_A_MN_2_6_0008,1.371702356780773,0.3699767056902364,0.26972083547230247,0.4593002929501088,[0.00559881 0.00012562],[1.25618009e-04 1.90510781e-05],0.6300232943097637,0.02134272347591044,0.9815366295825733,-0.020481225985298574,0.5427895406585632,0.30219130384188714,0.004418944388304198,1.371702356780773,1.371702356780773,1.371702356780773,1.371702356780773
111,30s,MN,0mM 2DG_1h_yes_A_MN_2_6_0009,1.1546325938308122,0.2976620302022021,0.2577980491739162,0.6082783160205082,[7.92859804e-04 2.85586179e-05],[2.85586179e-05 5.76196193e-06],0.7023379697977978,0.006541425326974111,0.9960522755385726,-0.025221481117452434,0.5125374699628833,0.34231974409416677,0.002125425682249098,1.1546325938308122,1.1546325938308122,1.1546325938308122,1.1546325938308122
111,30s,MN,0mM 2DG_1h_yes_A_MN_2_6_0012,1.2438093717561556,0.3235937235861087,0.2601634389755572,0.543818282586874,[1.59495379e-03 4.72511040e-05],[4.72511040e-05 8.50932876e-06],0.6764062764138913,0.010693521576598489,0.9933964414399934,-0.0257390566322297,0.5359949536697727,0.39369519148971416,0.0007870420592190017,1.2438093717561556,1.2438093717561556,1.2438093717561556,1.2438093717561556
111,30s,MN,0mM 2DG_1h_yes_A_MN_2_6_0013,1.3062978954087479,0.45934566451676073,0.3516392900357762,0.41388288030125436,[0.00491708 0.00010496],[1.04964409e-04 1.43672524e-05],0.5406543354832393,0.012864357358948678,0.9814298772401198,-0.019778085465701423,0.6221881168816626,0.38126169225567136,0.0010074260024247063,1.3062978954087479,1.3062978954087479,1.3062978954087479,1.3062978954087479
111,30s,MN,0mM 2DG_1h_yes_A_MN_2_6_0014,1.7956696130503937,0.353107276088635,0.19664378876957997,0.36025152912871095,[6.59705870e-03 8.61751706e-05],[8.61751706e-05 1.00913448e-05],0.646892723911365,0.012095604611919955,0.9890227929879702,-0.01964474531123036,0.5136486211244398,0.2925292500168947,0.005244253462669448,1.7956696130503937,1.7956696130503937,1.7956696130503937,1.7956696130503937
111,30s,MN,0mM 2DG_1h_yes_A_MN_2_6_0017,1.066476985514885,0.29743814024425147,0.27889785179063303,0.6587688898101803,[1.08173606e-03 4.61581077e-05],[4.61581077e-05 1.00991290e-05],0.7025618597557486,0.012594611956088875,0.9936871944752813,-0.02594317913270438,0.5211294126425501,0.34055163488144286,0.002196744893361258,1.066476985514885,1.066476985514885,1.066476985514885,1.066476985514885
111,30s,MN,0mM 2DG_1h_yes_A_MN_2_7_0004,1.3210198424555897,0.39959100927172014,0.3024867579043603,0.4545041425056903,[1.94882895e-03 4.51179293e-05],[4.51179293e-05 6.77945572e-06],0.6004089907282799,0.006888906160117202,0.9932543292497512,-0.021283195687605432,0.577032069112354,0.33872818668283233,0.0022726296422759,1.3210198424555897,1.3210198424555897,1.3210198424555897,1.3210198424555897
111,30s,MN,0mM 2DG_1h_yes_A_MN_2_7_0005,1.297435269819853,0.537425859939198,0.4142217129751828,0.35652964800704834,[3.88775544e-03 7.20352999e-05],[7.20352999e-05 8.49535030e-06],0.462574140060802,0.0061829003434269725,0.9846599367757396,-0.016661302408233904,0.675109233157769,0.3787728361066992,0.0010579122896611838,1.297435269819853,1.297435269819853,1.297435269819853,1.297435269819853
111,30s,MN,0mM 2DG_1h_yes_A_MN_2_7_0008,1.066885081475891,0.30220940764163023,0.2832633175670283,0.6540447555917372,[2.64535058e-04 1.12020082e-05],[1.12020082e-05 2.43334563e-06],0.6977905923583698,0.003017838400054662,0.9984316993644934,-0.027759221534510877,0.5360790511327262,0.40194959466043634,0.0006664265373805437,1.066885081475891,1.066885081475891,1.066885081475891,1.066885081475891
111,30s,MN,0mM 2DG_1h_yes_A_MN_2_7_0011,0.8916890516920876,0.222267179864579,0.24926534585436505,0.8722018271499231,[2.39372679e-04 1.66023333e-05],[1.66023333e-05 4.81934102e-06],0.777732820135421,0.003977568630860205,0.9977957836453611,-0.03386228248459216,0.5110243836855555,0.460712758828926,0.00019145611076042474,0.8916890516920876,0.8916890516920876,0.8916890516920876,0.8916890516920876
111,30s,MN,0mM 2DG_1h_yes_A_MN_2_7_0012,1.3215957595676304,0.33253339460271736,0.2516150586859541,0.5050459647476844,[1.54358223e-03 3.96905927e-05],[3.96905927e-05 6.62705381e-06],0.6674666053972826,0.008144722204422299,0.9945010754338112,-0.024438851937692067,0.5339556037579658,0.3723999657616471,0.0011981030974346765,1.3215957595676304,1.3215957595676304,1.3215957595676304,1.3215957595676304
111,30s,MN,0mM 2DG_1h_yes_A_MN_2_7_0013,0.8819172303858844,0.2912787318667721,0.330278989718029,0.8036142664126492,[3.07892046e-04 1.99284051e-05],[1.99284051e-05 5.33051897e-06],0.7087212681332279,0.006142266583858713,0.9971473013531034,-0.031832589764239076,0.5613377109805457,0.47914732817790456,0.00012619882401473478,0.8819172303858844,0.8819172303858844,0.8819172303858844,0.8819172303858844
111,30s,MN,0mM 2DG_1h_yes_A_MN_2_7_0015,0.8638736963677504,0.22091545144640226,0.2557265632409749,0.9018500642273776,[3.88930207e-04 2.89376485e-05],[2.89376485e-05 8.68834145e-06],0.7790845485535978,0.008753639083730688,0.996227762064541,-0.034442336752914984,0.5159163222844596,0.460154161419189,0.00019384967535595612,0.8638736963677504,0.8638736963677504,0.8638736963677504,0.8638736963677504
111,30s,MN,0mM 2DG_1h_yes_A_MN_2_8_0003,1.3696664209371243,0.3569637166170863,0.2606209155458831,0.4694838637738881,[1.27298847e-03 2.92429336e-05],[2.92429336e-05 4.53351563e-06],0.6430362833829137,0.00548011484220985,0.9959580583235284,-0.021643866545011475,0.5387388511722104,0.31058960880691777,0.0038021294924909677,1.3696664209371243,1.3696664209371243,1.3696664209371243,1.3696664209371243
111,30s,MN,0mM 2DG_1h_yes_A_MN_2_8_0005,1.0785937883696843,0.24445741599275844,0.22664456130631033,0.7004885362349982,[5.82631184e-04 2.60992301e-05],[2.60992301e-05 6.07098648e-06],0.7555425840072416,0.009065323075533654,0.9967017849256995,-0.030269827527099995,0.4987627910243944,0.4011315412194409,0.000677565386314096,1.0785937883696843,1.0785937883696843,1.0785937883696843,1.0785937883696843
111,30s,MN,0mM 2DG_1h_yes_A_MN_2_8_0007,1.3848691371989923,0.3323448098592079,0.23998282648669725,0.4821070613871703,[3.14569815e-03 7.33015915e-05],[7.33015915e-05 1.16648656e-05],0.6676551901407921,0.01368331416527276,0.9895863861948345,-0.023828378585525518,0.5275541631564022,0.37576532059659645,0.0011220542088496265,1.3848691371989923,1.3848691371989923,1.3848691371989923,1.3848691371989923
111,30s,MN,0mM 2DG_1h_yes_A_MN_2_8_0009,0.6262964308151606,0.3912450320962798,0.6246962506030124,0.9719917565415322,[1.42099098e-04 1.66884128e-05],[1.66884128e-05 5.43349374e-06],0.6087549679037202,0.003373177336259951,0.9973959915757321,-0.032599269405341906,0.6778333046293262,0.5710740958244807,1.2535910861235446e-05,0.6262964308151606,0.6262964308151606,0.6262964308151606,0.6262964308151606
111,30s,MN,0mM 2DG_1h_yes_A_MN_2_8_0010,1.3592966400665123,0.28588569755380167,0.21031884367772208,0.5253557475219358,[5.83819125e-04 1.51347139e-05],[1.51347139e-05 2.62624278e-06],0.7141143024461983,0.003278105814854991,0.9980324568165112,-0.024766332087994784,0.4917477658957834,0.34246837670934555,0.0021195298362340683,1.3592966400665123,1.3592966400665123,1.3592966400665123,1.3592966400665123
111,30s,MN,0mM 2DG_1h_yes_A_MN_2_8_0013,1.2243959962953097,0.6720089851140563,0.5488493813663008,0.26787984923044145,[0.00706191 0.00010489],[1.04885118e-04 9.30781403e-06],0.32799101488594373,0.005645816336112953,0.9688793868562054,-0.010786777024068493,0.7647523170913585,0.2994432015602592,0.004640342861712776,1.2243959962953097,1.2243959962953097,1.2243959962953097,1.2243959962953097
111,30s,MN,0mM 2DG_1h_yes_A_MN_2_8_0014,1.6652712660200935,0.39667045113251503,0.23820170276554134,0.3623010624025294,[0.01009526 0.00014415],[1.44153593e-04 1.70777477e-05],0.603329548867485,0.019188347101741637,0.9798827763088134,-0.019242881699767535,0.554068657270447,0.3088169930152716,0.003925181180869132,1.6652712660200935,1.6652712660200935,1.6652712660200935,1.6652712660200935
111,30s,MN,0mM 2DG_1h_yes_A_MN_2_8_0017,1.4040008652447187,0.5403647811024279,0.38487496302806185,0.3273753102833432,[0.00863921 0.00013464],[1.34635918e-04 1.45414598e-05],0.4596352188975721,0.011471437732932048,0.9739721821228211,-0.017725015764833214,0.6828166015634949,0.41528905350994694,0.0005071284637114225,1.4040008652447187,1.4040008652447187,1.4040008652447187,1.4040008652447187
111,30s,MN,0mM 2DG_1h_yes_A_MN_2_8_0020,1.0684786857351694,0.29025779172195837,0.27165520061099374,0.6642549053654746,[3.04797361e-04 1.30862781e-05],[1.30862781e-05 2.88696784e-06],0.7097422082780416,0.0034795861339237477,0.9981906126371013,-0.027858231149378163,0.5256952628038325,0.39343120871585907,0.0007912143241042643,1.0684786857351694,1.0684786857351694,1.0684786857351694,1.0684786857351694
111,30s,MN,0mM 2DG_1h_yes_A_MN_2_8_0023,1.6800592067791578,0.4740230405899615,0.282146628331457,0.3130704901873007,[4.85521384e-03 5.93259894e-05],[5.93259894e-05 6.06950908e-06],0.5259769594100385,0.005555021645620024,0.9908929082811929,-0.01718769400288255,0.6140877697105109,0.31321443999824755,0.003626535997046313,1.6800592067791578,1.6800592067791578,1.6800592067791578,1.6800592067791578
111,30s,MN,0mM 2DG_1h_yes_A_MN_2_8_0024,1.816905568789426,0.6351091329960228,0.34955538906690975,0.20083094755832465,[0.01530217 0.00010999],[1.09990385e-04 7.17270594e-06],0.3648908670039772,0.005132099939255367,0.9777045623400066,-0.011061922882228374,0.7261117108377242,0.26443113919500194,0.008544578105862158,1.816905568789426,1.816905568789426,1.816905568789426,1.816905568789426
111,30s,MN,0mM 2DG_1h_yes_A_MN_2_8_0025,1.4017773227104713,0.41950104757900264,0.2992636853104864,0.41411638140824447,[2.17132798e-03 4.28797551e-05],[4.28797551e-05 5.85871050e-06],0.5804989524209974,0.005801774515297656,0.9933872439660262,-0.02042237179908994,0.5878666069304634,0.34780061515444044,0.0019178259560747027,1.4017773227104713,1.4017773227104713,1.4017773227104713,1.4017773227104713
111,30s,MN,0mM 2DG_1h_yes_A_MN_2_9_0005,1.5974598036819505,0.39697348580780334,0.2485029575660231,0.37749088446688545,[4.03028314e-03 6.27819030e-05],[6.2781903e-05 7.7703090e-06],0.6030265141921967,0.007498336951586862,0.9906060433312398,-0.018790773058771835,0.5523073452320921,0.30508406513540365,0.004196613514608604,1.5974598036819505,1.5974598036819505,1.5974598036819505,1.5974598036819505
111,30s,MN,0mM 2DG_1h_yes_A_MN_2_9_0007,1.1555420371537524,0.35090548983550285,0.30367176489730124,0.5617229744088755,[1.70685379e-04 5.67247131e-06],[5.67247131e-06 1.05686342e-06],0.6490945101644972,0.0011529202172255357,0.9991713973909065,-0.024527641070780957,0.55723471985699,0.3703656528006603,0.0012463689612387293,1.1555420371537524,1.1555420371537524,1.1555420371537524,1.1555420371537524
111,30s,MN,0mM 2DG_1h_yes_A_MN_2_9_0009,1.424897410402052,0.39307714139460714,0.2758634681522059,0.42594144264332845,[2.15228109e-03 4.29313796e-05],[4.29313796e-05 6.02941030e-06],0.6069228586053929,0.0053898910979211555,0.9933307229944027,-0.020059175830181502,0.5599511715873071,0.32735944580356413,0.002803744960213992,1.424897410402052,1.424897410402052,1.424897410402052,1.424897410402052
111,30s,MN,0mM 2DG_1h_yes_A_MN_2_9_0010,1.2111180509574269,0.4095677442015551,0.33817326385134705,0.4875100782551211,[1.66551912e-03 4.55708438e-05],[4.55708438e-05 7.36161218e-06],0.5904322557984449,0.007090546981294663,0.9928401920395413,-0.022267693855229406,0.5951882070694204,0.37255410824423957,0.0011945176889573358,1.2111180509574269,1.2111180509574269,1.2111180509574269,1.2111180509574269
111,30s,MN,0mM 2DG_1h_yes_A_MN_2_9_0012,1.3403351859467276,0.43404534584845006,0.3238334339047199,0.42224859877254917,[8.15875000e-04 1.72669603e-05],[1.72669603e-05 2.40931412e-06],0.5659546541515499,0.002327056548404844,0.9972004286382069,-0.020059393728693052,0.6004695468757949,0.34987601014807934,0.0018442732272661352,1.3403351859467276,1.3403351859467276,1.3403351859467276,1.3403351859467276
111,30s,MN,0mM 2DG_1h_yes_A_MN_2_9_0013,1.5618347301164979,0.6629279130475927,0.42445458553616916,0.21581802507827763,[0.01694191 0.00015469],[1.54692486e-04 1.09601992e-05],0.3370720869524073,0.007390878260868213,0.963745297721594,-0.011719168714317729,0.7583414265295754,0.3264193255577806,0.002852492182956092,1.5618347301164979,1.5618347301164979,1.5618347301164979,1.5618347301164979
111,30s,MN,0mM 2DG_1h_yes_A_MN_2_9_0015,1.2933249558272777,0.34832349116856115,0.2693240315197934,0.5038768531413614,[1.20140331e-03 3.15718365e-05],[3.15718365e-05 5.26264307e-06],0.6516765088314389,0.006055797849640962,0.9954710297487451,-0.023833045557498374,0.545614470927401,0.3697368215675028,0.0012616504299606127,1.2933249558272777,1.2933249558272777,1.2933249558272777,1.2933249558272777
111,30s,MN,0mM 2DG_1h_yes_A_MN_2_9_0017,1.0616226537622881,0.3116406145457421,0.29355120997212886,0.648403067714106,[4.16702380e-04 1.75918729e-05],[1.75918729e-05 3.78868440e-06],0.6883593854542579,0.003800893697065852,0.9974892682627536,-0.027537641908558994,0.5434141898748558,0.4075304995777506,0.0005948489284970951,1.0616226537622881,1.0616226537622881,1.0616226537622881,1.0616226537622881
111,30s,MN,0mM 2DG_1h_yes_A_MN_2_9_0018,1.4441318664804386,0.3395906533864446,0.2351521085218325,0.45730543168683757,[1.91719649e-03 4.04525159e-05],[4.04525159e-05 6.09624603e-06],0.6604093466135554,0.007208566257962245,0.9943905229118621,-0.022836370315331724,0.5271364366112674,0.3516797279238035,0.0017824923330355957,1.4441318664804386,1.4441318664804386,1.4441318664804386,1.4441318664804386
111,30s,MN,50mM 2DG_1h_yes_A_MN_4_1_0001,0.6916779101921328,0.24777148683438555,0.3582180133026948,1.0875416173933645,[6.45017815e-05 7.52302148e-06],[7.52302148e-06 2.73249761e-06],0.7522285131656145,0.0029051867777161694,0.9990070835377307,-0.03820493420552208,0.5798012144176042,0.5474946421268727,2.3628536543604215e-05,0.6916779101921328,0.6916779101921328,0.6916779101921328,0.6916779101921328
111,30s,MN,50mM 2DG_1h_yes_A_MN_4_1_0003,0.6373112890209547,0.30981058668039413,0.4861212911453819,1.082970638069009,[4.49452006e-05 5.75887938e-06],[5.75887938e-06 2.08775974e-06],0.6901894133196058,0.0015831970437236744,0.9991766542832444,-0.03646510898064995,0.6294264737179384,0.5789565460332499,1.0067216714384672e-05,0.6373112890209547,0.6373112890209547,0.6373112890209547,0.6373112890209547
111,30s,MN,50mM 2DG_1h_yes_A_MN_4_1_0007,0.8614009623955671,0.4426361708236943,0.5138561368595612,0.6470434251968674,[1.67925286e-03 8.99405140e-05],[8.99405140e-05 1.93749535e-05],0.5573638291763057,0.015166345648094277,0.9839704239515323,-0.02593144167048154,0.6617470418753667,0.4978179261090884,8.158108855144687e-05,0.8614009623955671,0.8614009623955671,0.8614009623955671,0.8614009623955671
111,30s,MN,50mM 2DG_1h_yes_A_MN_4_1_0009,0.9992899064393796,0.28246551222432426,0.2826662316952559,0.7180443664565362,[2.95633113e-04 1.48068345e-05],[1.48068345e-05 3.53416573e-06],0.7175344877756757,0.004724365033875964,0.9979548595152822,-0.02991307078928844,0.534682378163277,0.43074704810681047,0.0003669342044775431,0.9992899064393796,0.9992899064393796,0.9992899064393796,0.9992899064393796
111,30s,MN,50mM 2DG_1h_yes_A_MN_4_2_0001,0.7391879301455869,0.3691557418503567,0.4994071558739461,0.8534287864053668,[8.23451147e-04 6.96330144e-05],[6.96330144e-05 1.98221855e-05],0.6308442581496433,0.016182712862141388,0.9895068356751564,-0.02938851724029295,0.6279771738823265,0.44960286483776507,0.00024459092161621226,0.7391879301455869,0.7391879301455869,0.7391879301455869,0.7391879301455869
111,30s,MN,50mM 2DG_1h_yes_A_MN_4_2_0002,0.8450352895453694,0.4583457688848508,0.5423983762044324,0.6409841551192024,[1.27285696e-03 6.90621953e-05],[6.90621953e-05 1.47409238e-05],0.5416542311151492,0.011185154127107534,0.9871107277693355,-0.0256521414998061,0.6747199315720911,0.5203710000656357,4.718168510149627e-05,0.8450352895453694,0.8450352895453694,0.8450352895453694,0.8450352895453694
111,30s,MN,50mM 2DG_1h_yes_A_MN_4_2_0004,0.745396845109147,0.37327144597079404,0.5007687494520273,0.8407985063814368,[0.00134508 0.00011095],[1.10954069e-04 3.11133352e-05],0.626728554029206,0.02199401471279827,0.9819173381217113,-0.031889008062237566,0.6443082881277858,0.577851617099805,1.0383953950123165e-05,0.745396845109147,0.745396845109147,0.745396845109147,0.745396845109147
111,30s,MN,50mM 2DG_1h_yes_A_MN_4_2_0010,0.7876277785876499,0.44316208080474084,0.5626542039939292,0.7069810567039216,[1.28383511e-03 8.34338791e-05],[8.34338791e-05 1.96575727e-05],0.5568379191952592,0.014455421777776475,0.9846030846722322,-0.02711507891670216,0.6735121229912778,0.543078214048949,2.6514214817057226e-05,0.7876277785876499,0.7876277785876499,0.7876277785876499,0.7876277785876499
111,30s,MN,50mM 2DG_1h_yes_A_MN_4_2_0011,0.8734223147976435,0.5845978765989704,0.6693186866131436,0.4756028285094489,[0.0028952  0.00011216],[1.12158015e-04 1.77568562e-05],0.41540212340102955,0.010764956641204783,0.9735437939278798,-0.020181596944941434,0.7525365861973113,0.5389496516524814,2.950168884436968e-05,0.8734223147976435,0.8734223147976435,0.8734223147976435,0.8734223147976435
111,30s,MN,50mM 2DG_1h_yes_A_MN_4_2_0012,0.5904328136087095,0.6419857839632311,1.0873138639423363,0.6063589417542626,[0.00138237 0.00010875],[1.08753353e-04 2.21468565e-05],0.35801421603676886,0.009165688582174203,0.9710595339931906,-0.020473130931866534,0.8204561711417021,0.6493002924772185,1.169319053126527e-06,0.5904328136087095,0.5904328136087095,0.5904328136087095,0.5904328136087095
111,30s,MN,50mM 2DG_1h_yes_A_MN_4_3_0006,1.0037799308907709,0.36010410245467556,0.3587480595822565,0.6374862436006966,[8.76738943e-04 3.87860262e-05],[3.87860262e-05 8.21856809e-06],0.6398958975453244,0.008454345017366178,0.9939206022356712,-0.027013976093032768,0.5865221849835993,0.44817963585564546,0.00025230465331449556,1.0037799308907709,1.0037799308907709,1.0037799308907709,1.0037799308907709
111,30s,MN,50mM 2DG_1h_yes_A_MN_4_3_0007,0.7498430325768879,0.30472815028424993,0.4063892535442123,0.9272231914010054,[1.41765996e-04 1.28055221e-05],[1.28055221e-05 3.95961824e-06],0.6952718497157501,0.004162650541266233,0.9981457237374537,-0.034161666297854346,0.5984045978500027,0.532181618343636,3.5076587994102485e-05,0.7498430325768879,0.7498430325768879,0.7498430325768879,0.7498430325768879
111,30s,MN,50mM 2DG_1h_yes_A_MN_4_3_0008,0.7636762891586256,0.2905804990080096,0.3805021880778234,0.9289531586394908,[1.84771730e-04 1.63635038e-05],[1.63635038e-05 5.06787984e-06],0.7094195009919904,0.005063832726538279,0.9976927041539808,-0.03472357153717486,0.5882496782792406,0.5280611902979572,3.892969925923596e-05,0.7636762891586256,0.7636762891586256,0.7636762891586256,0.7636762891586256
111,30s,MN,50mM 2DG_1h_yes_A_MN_4_4_0008,0.8075265033399026,0.33823158968975714,0.41884890253241547,0.8195005458931575,[9.35655345e-04 6.84467574e-05],[6.84467574e-05 1.86875682e-05],0.6617684103102428,0.017307272307750563,0.9898175128003622,-0.029500589765476877,0.5950532642005877,0.44038059264641505,0.00029871999035686024,0.8075265033399026,0.8075265033399026,0.8075265033399026,0.8075265033399026
111,30s,MN,50mM 2DG_1h_yes_A_MN_4_4_0009,0.9719446951156115,0.4498975957309268,0.46288394596095006,0.5659811787991077,[1.54830493e-03 6.30964769e-05],[6.30964769e-05 1.18746097e-05],0.5501024042690732,0.009113471186146466,0.9893499862590677,-0.02260168510566246,0.6435099561758219,0.38590704542340293,0.0009191305677862244,0.9719446951156115,0.9719446951156115,0.9719446951156115,0.9719446951156115
111,30s,MN,50mM 2DG_1h_yes_A_MN_4_4_0011,0.98482346189734,0.420895693423803,0.4273818706683879,0.5880285441824333,[1.14147184e-03 4.76061163e-05],[4.76061163e-05 9.30697843e-06],0.5791043065761969,0.008332010664108228,0.9920924403535832,-0.025221689815417284,0.6320528326033987,0.45254366092279924,0.00022933788531781686,0.98482346189734,0.98482346189734,0.98482346189734,0.98482346189734
111,30s,MN,50mM 2DG_1h_yes_A_MN_4_4_0014,0.7741518850222772,0.3063851674401756,0.3957688063129356,0.8959673753682906,[2.87912809e-04 2.41998454e-05],[2.41998454e-05 7.22737320e-06],0.6936148325598244,0.006898051461255515,0.9964859222826374,-0.03362429671091424,0.5943252477336127,0.5241325900685628,4.2962778578784214e-05,0.7741518850222772,0.7741518850222772,0.7741518850222772,0.7741518850222772
111,30s,MN,50mM 2DG_1h_yes_A_MN_4_5_0007,0.7510392480195293,0.3064456897301282,0.4080288620577652,0.9234594757847293,[1.95719305e-04 1.75740740e-05],[1.75740740e-05 5.41192274e-06],0.6935543102698718,0.005389719744413738,0.9974788850410123,-0.03414537935933419,0.5999536558947673,0.528320188159094,3.867647541059062e-05,0.7510392480195293,0.7510392480195293,0.7510392480195293,0.7510392480195293
111,30s,MN,50mM 2DG_1h_yes_A_MN_4_5_0008,0.7177152395656211,0.3357432010412902,0.46779444344039595,0.9255158067435413,[3.12632729e-04 2.96924718e-05],[2.96924718e-05 9.17110927e-06],0.6642567989587098,0.008095264098157239,0.9956511091160151,-0.033991452036569655,0.6282196768207158,0.5501648909083521,2.2027020119935656e-05,0.7177152395656211,0.7177152395656211,0.7177152395656211,0.7177152395656211
111,30s,MN,50mM 2DG_1h_yes_A_MN_4_5_0012,0.36078091442400356,0.516924080088809,1.4327921999812328,1.3389730459617986,[1.11186947e-04 3.46530900e-05],[3.46530900e-05 1.68096651e-05],0.48307591991119103,0.0036439539333079853,0.9946714247314765,-0.03210046488832927,0.8245323917597268,0.7912164608051093,2.749399963658028e-09,0.36078091442400356,0.36078091442400356,0.36078091442400356,0.36078091442400356
111,30s,MN,50mM 2DG_1h_yes_A_MN_4_5_0015,0.7402155298944658,0.4971953282460354,0.6716899445718487,0.679267931362708,[2.97986396e-04 2.00231204e-05],[2.00231204e-05 4.53661780e-06],0.5028046717539646,0.0027955250451464093,0.9961046366409068,-0.0250992644661514,0.7130766152159405,0.5314213897356409,3.57599403256632e-05,0.7402155298944658,0.7402155298944658,0.7402155298944658,0.7402155298944658
111,30s,MN,50mM 2DG_1h_yes_A_MN_4_5_0016,0.8731602040709603,0.4278334769242195,0.4899827946000276,0.6552824102703625,[1.38708931e-03 7.40612957e-05],[7.40612957e-05 1.61552042e-05],0.5721665230757804,0.013071178958754034,0.9873964371859933,-0.027076691329827297,0.6552077950322026,0.5080630393635334,6.380020927627627e-05,0.8731602040709603,0.8731602040709603,0.8731602040709603,0.8731602040709603
111,30s,MN,50mM 2DG_1h_yes_A_MN_4_5_0022,0.6300406842773884,0.25583085292782975,0.4060544966572269,1.181144592155472,[5.17668160e-05 7.33491898e-06],[7.33491898e-06 2.90136822e-06],0.7441691470721703,0.0021199751852353506,0.9990670312697161,-0.03951687652457473,0.6037943207611185,0.5600451908971854,1.6930074176112967e-05,0.6300406842773884,0.6300406842773884,0.6300406842773884,0.6300406842773884
111,30s,MN,50mM 2DG_1h_yes_A_MN_4_6_0010,0.5752029351374414,0.3157148266859637,0.548875548784405,1.1896413100717755,[1.17575173e-04 1.87305459e-05],[1.87305459e-05 7.49424041e-06],0.6842851733140363,0.005774243606378448,0.997401481434214,-0.03850594593878299,0.6560748016955884,0.625733789268686,2.5111063059023695e-06,0.5752029351374414,0.5752029351374414,0.5752029351374414,0.5752029351374414
111,30s,MN,50mM 2DG_1h_yes_A_MN_4_6_0011,1.1536771066411182,0.4850260654434397,0.4204175177364596,0.44637614076947835,[0.00501822 0.00013277],[1.32768118e-04 1.96576883e-05],0.5149739345565603,0.015461727028352827,0.9771019496008517,-0.021408655254241515,0.6611043616472518,0.4194577653791523,0.000465104224001946,1.1536771066411182,1.1536771066411182,1.1536771066411182,1.1536771066411182
111,30s,MN,50mM 2DG_1h_yes_A_MN_4_6_0012,0.8061157851253271,0.35553806058171405,0.4410508603629917,0.7994657235475066,[7.28332744e-04 5.20845283e-05],[5.20845283e-05 1.38729227e-05],0.644461939418286,0.011542043456759847,0.9917256353499401,-0.03027019750530951,0.6142220573411716,0.5080682915470639,6.379209107592057e-05,0.8061157851253271,0.8061157851253271,0.8061157851253271,0.8061157851253271
111,30s,MN,50mM 2DG_1h_yes_A_MN_4_6_0015,0.6643661738225973,0.29176472906746714,0.4391625289841679,1.0660315031656769,[3.42940099e-04 4.11452696e-05],[4.11452696e-05 1.46639766e-05],0.7082352709325328,0.012091800325610814,0.9941181140124024,-0.03704097310784953,0.6133413491471393,0.586563379019811,8.116411760481209e-06,0.6643661738225973,0.6643661738225973,0.6643661738225973,0.6643661738225973
111,30s,MN,50mM 2DG_1h_yes_A_MN_4_6_0017,1.0876686997515428,0.537717600711703,0.4943762754545887,0.4250213317657266,[0.00414462 0.00011159],[1.1158573e-04 1.5746881e-05],0.46228239928829695,0.011194761510097618,0.9776390028684183,-0.017210482864440414,0.6852925130603004,0.337833726799859,0.0023107409795278823,1.0876686997515428,1.0876686997515428,1.0876686997515428,1.0876686997515428
111,30s,MN,50mM 2DG_1h_yes_A_MN_4_6_0021,0.7718416865175785,0.3866153153216051,0.5008997597239782,0.7947027161047556,[5.96429886e-04 4.46226440e-05],[4.46226440e-05 1.18209662e-05],0.6133846846783949,0.009280398935661674,0.9928901565245754,-0.03021425575832294,0.6448570550842055,0.5245336060839714,4.253413613890563e-05,0.7718416865175785,0.7718416865175785,0.7718416865175785,0.7718416865175785
111,30s,MN,50mM 2DG_1h_yes_A_MN_4_6_0026,0.7194306702870238,0.321102057734994,0.4463280076826406,0.9436599943593635,[2.62281685e-04 2.53266236e-05],[2.53266236e-05 7.97563479e-06],0.678897942265006,0.007028769127299564,0.9963436375562312,-0.03446875948042049,0.6180602014221968,0.5459855848988355,2.4580320703655406e-05,0.7194306702870238,0.7194306702870238,0.7194306702870238,0.7194306702870238
111,30s,MN,50mM 2DG_1h_yes_A_MN_4_7_0006,0.8183166231116895,0.3523685359200627,0.4306017083951733,0.7914191717348801,[2.09953871e-04 1.46035479e-05],[1.46035479e-05 3.84991200e-06],0.6476314640799373,0.0036800893607459115,0.9977572579892487,-0.03016080517045725,0.6105618196001786,0.48824075513299336,0.0001022298526648019,0.8183166231116895,0.8183166231116895,0.8183166231116895,0.8183166231116895
111,30s,MN,50mM 2DG_1h_yes_A_MN_4_7_0010,0.6090543347869454,0.3703047759617547,0.6079995737839906,1.0338900621379212,[3.22286743e-04 4.16396830e-05],[4.16396830e-05 1.44370988e-05],0.6296952240382453,0.009782366318336011,0.9936407861957123,-0.034888425685676516,0.6754511577831173,0.616824325700802,3.312195777622659e-06,0.6090543347869454,0.6090543347869454,0.6090543347869454,0.6090543347869454
111,30s,MN,50mM 2DG_1h_yes_A_MN_4_7_0013,0.7769458052881982,0.41283443060845737,0.531355504848014,0.7557355550349371,[6.40140212e-04 4.51917015e-05],[4.51917015e-05 1.13837061e-05],0.5871655693915426,0.00850042246501679,0.9920224565701953,-0.02852227370797059,0.6560878898000124,0.5423154472073792,2.7044265930396726e-05,0.7769458052881982,0.7769458052881982,0.7769458052881982,0.7769458052881982
111,30s,MN,50mM 2DG_1h_yes_A_MN_4_7_0014,0.8811506405937812,0.710976011809141,0.8068722634418508,0.3280074653252187,[0.00461917 0.00012216],[1.22155279e-04 1.33367205e-05],0.28902398819085895,0.006772780056669405,0.9616806392609607,-0.012598174988419168,0.8195351043920241,0.4031093337007703,0.0006509259745623182,0.8811506405937812,0.8811506405937812,0.8811506405937812,0.8811506405937812
111,30s,MN,50mM 2DG_1h_yes_A_MN_4_7_0017,0.8640276002011799,0.46964774865746506,0.5435564194339538,0.6138140161483822,[5.42336466e-04 2.74582478e-05],[2.74582478e-05 5.61110180e-06],0.5303522513425349,0.004216511502792414,0.9948568025542314,-0.024482930304368686,0.6770221041013585,0.4908238093128939,9.623171602600697e-05,0.8640276002011799,0.8640276002011799,0.8640276002011799,0.8640276002011799
111,30s,MN,50mM 2DG_1h_yes_A_MN_4_7_0020,0.8201008733883141,0.30590444337856854,0.3730083131294559,0.8463538805338894,[2.29661366e-04 1.70396144e-05],[1.70396144e-05 4.80382512e-06],0.6940955566214315,0.003916239604746991,0.9976240456006203,-0.0326437253671281,0.5850142143569448,0.4849659034045742,0.00011033009843036997,0.8201008733883141,0.8201008733883141,0.8201008733883141,0.8201008733883141
111,30s,MN,50mM 2DG_1h_yes_A_MN_4_7_0022,0.9844844464587148,0.5065784301974405,0.5145621467354328,0.5011979331694313,[1.70421741e-03 6.06044530e-05],[6.0604453e-05 1.0098644e-05],0.49342156980255947,0.007041076764451208,0.9882335371366489,-0.021636757434379445,0.6873914361003362,0.4567859557651415,0.00020887809118168548,0.9844844464587148,0.9844844464587148,0.9844844464587148,0.9844844464587148
111,30s,MN,50mM 2DG_1h_yes_A_MN_4_7_0025,0.5786086698261229,0.3283261948231741,0.5674408489624586,1.1608429672833451,[7.32585436e-05 1.13070130e-05],[1.13070130e-05 4.41301247e-06],0.6716738051768258,0.003194086268099805,0.9984162300466095,-0.0377035666746232,0.6616298737419875,0.6172047919375137,3.27367997274574e-06,0.5786086698261229,0.5786086698261229,0.5786086698261229,0.5786086698261229
111,30s,MN,50mM 2DG_1h_yes_A_MN_4_7_0026,0.9674492984995787,0.34209985938572796,0.3536101167433705,0.6800357823759986,[7.33799278e-04 3.61213538e-05],[3.61213538e-05 8.16827499e-06],0.657900140614272,0.008358852642912584,0.9946829097439864,-0.027734495959966667,0.5773913320465067,0.4226483119992883,0.000435145571460895,0.9674492984995787,0.9674492984995787,0.9674492984995787,0.9674492984995787
111,30s,MN,50mM 2DG_1h_yes_A_MN_4_8_0003,0.5986883948985127,0.28583927970980927,0.4774424928651968,1.1928755031425864,[5.02949962e-05 7.65451164e-06],[7.65451164e-06 3.06445365e-06],0.7141607202901907,0.0026199610538643,0.9989812158532317,-0.0393408000353069,0.6324905592504713,0.6017321867715067,5.221543149627734e-06,0.5986883948985127,0.5986883948985127,0.5986883948985127,0.5986883948985127
111,30s,MN,50mM 2DG_1h_yes_A_MN_4_8_0005,0.7369266798846468,0.40066182768874975,0.5436929325879021,0.8132941697877819,[9.73566083e-04 7.87412586e-05],[7.87412586e-05 2.13619429e-05],0.5993381723112503,0.015445843245965438,0.9869706146720227,-0.030757452545375805,0.6628295637809363,0.5686260089296815,1.3409029878927037e-05,0.7369266798846468,0.7369266798846468,0.7369266798846468,0.7369266798846468
111,30s,MN,50mM 2DG_1h_yes_A_MN_4_8_0009,0.9943552956537128,0.5711743825443857,0.5744167955266755,0.4312599523832114,[0.0217151  0.00065692],[6.56924849e-04 9.41789195e-05],0.4288256174556143,0.06297627667935898,0.8789035770736482,-0.01249804324931014,0.6911188484913452,0.1674458818579865,0.04223660115014871,0.9943552956537128,0.9943552956537128,0.9943552956537128,0.9943552956537128
111,30s,MN,50mM 2DG_1h_yes_A_MN_4_8_0012,0.8539840210143067,0.32917580967689014,0.38545898000048817,0.78552311731354,[6.28447619e-04 4.12769281e-05],[4.12769281e-05 1.07958382e-05],0.6708241903231098,0.00995386859408335,0.9941342484819313,-0.030045634127247957,0.5875624964029988,0.44099628185701417,0.00029478704445899917,0.8539840210143067,0.8539840210143067,0.8539840210143067,0.8539840210143067
111,30s,MN,50mM 2DG_1h_yes_A_MN_4_8_0016,0.7755436170124328,0.6925097926723004,0.8929346815334549,0.39648344797449375,[0.00359389 0.00013339],[1.33391896e-04 1.76286846e-05],0.3074902073276996,0.008302948164156798,0.9576643732048572,-0.014401490492210619,0.8169915856093634,0.47435417237635463,0.00014082536037081703,0.7755436170124328,0.7755436170124328,0.7755436170124328,0.7755436170124328
111,30s,MN,6mM 2DG_1h_yes_A_MN_6_1_0003,0.9972036960016364,0.2931866897592455,0.29400882782003285,0.70879531742088,[5.28234295e-04 2.61783523e-05],[2.61783523e-05 6.16804249e-06],0.7068133102407546,0.0064872577849544606,0.9962315486799025,-0.02922965197660562,0.5397700270677918,0.43463692531412756,0.0003378204880726913,0.9972036960016364,0.9972036960016364,0.9972036960016364,0.9972036960016364
111,30s,MN,6mM 2DG_1h_yes_A_MN_6_1_0004,0.7956858655366705,0.371518999661594,0.4669166762325401,0.7898607070448727,[6.39625472e-04 4.58881164e-05],[4.58881164e-05 1.20774854e-05],0.628481000338406,0.009996480393491316,0.9923845365045267,-0.03010490303687915,0.6277440006836895,0.5355234276521241,3.2212919382497775e-05,0.7956858655366705,0.7956858655366705,0.7956858655366705,0.7956858655366705
111,30s,MN,6mM 2DG_1h_yes_A_MN_6_1_0005,0.9393077137262987,0.2822572017687531,0.3004949258310881,0.7641189226307017,[5.55350702e-04 3.17770092e-05],[3.17770092e-05 8.07692499e-06],0.717742798231247,0.009313004211197743,0.9954178075592794,-0.031164111680861868,0.5448221271153754,0.4715943232089433,0.0001499415117040316,0.9393077137262987,0.9393077137262987,0.9393077137262987,0.9393077137262987
111,30s,MN,6mM 2DG_1h_yes_A_MN_6_1_0008,0.8840577808359571,0.358766521358046,0.405817955720948,0.7253298285951506,[4.43631910e-04 2.58442142e-05],[2.58442142e-05 6.23932588e-06],0.641233478641954,0.005083566893256096,0.9960087393813575,-0.02886497039030613,0.6038074974642185,0.4703251217053793,0.0001543140843133668,0.8840577808359571,0.8840577808359571,0.8840577808359571,0.8840577808359571
111,30s,MN,6mM 2DG_1h_yes_A_MN_6_1_0009,1.0356546479907398,0.3472670055651994,0.3353115888959004,0.6302612513748279,[1.20368593e-03 5.08035758e-05],[5.08035758e-05 1.06388256e-05],0.6527329944348006,0.010989448666114185,0.992466007668866,-0.027201962631230862,0.5750671844549806,0.42928139016478534,0.00037849351894032467,1.0356546479907398,1.0356546479907398,1.0356546479907398,1.0356546479907398
111,30s,MN,6mM 2DG_1h_yes_A_MN_6_1_0011,1.0271860320823447,0.3455044143038129,0.3363601173619886,0.6371733700168922,[8.29427155e-04 3.57235935e-05],[3.57235935e-05 7.56376546e-06],0.6544955856961872,0.00798287457865062,0.9945260648448954,-0.026738381833993432,0.5705117236033831,0.4253441372983271,0.0004112356951332064,1.0271860320823447,1.0271860320823447,1.0271860320823447,1.0271860320823447
111,30s,MN,6mM 2DG_1h_yes_A_MN_6_1_0012,0.7980913654908346,0.35928568333686267,0.45018114325281317,0.8028082301944104,[3.42639689e-04 2.48961519e-05],[2.48961519e-05 6.65969263e-06],0.6407143166631373,0.005567423049627789,0.9959870743972334,-0.030357094361091037,0.6185794752793802,0.5194018444911127,4.8328819038398886e-05,0.7980913654908346,0.7980913654908346,0.7980913654908346,0.7980913654908346
111,30s,MN,6mM 2DG_1h_yes_A_MN_6_1_0015,0.18134096217045886,0.6508579284141917,3.5891390484759373,1.9253348355878799,[0.00048845 0.00042026],[0.00042026 0.00039809],0.34914207158580834,0.010734555639248897,0.9568201734905821,-0.02348442496318393,0.9347816906842942,0.8963118333681147,8.298973519098112e-13,0.18134096217045886,0.18134096217045886,0.18134096217045886,0.18134096217045886
111,30s,MN,6mM 2DG_1h_yes_A_MN_6_2_0006,1.0180928312590023,0.5018480700632894,0.49292957837910506,0.48929912346075743,[2.54705956e-03 8.51006088e-05],[8.51006088e-05 1.38382601e-05],0.49815192993671065,0.010595259542543554,0.9835144797760741,-0.02127037098170403,0.6793743779044952,0.4447569087979655,0.00027178546772379906,1.0180928312590023,1.0180928312590023,1.0180928312590023,1.0180928312590023
111,30s,MN,6mM 2DG_1h_yes_A_MN_6_2_0007,0.931392568652904,0.3038909882130825,0.32627594254118597,0.7473851898922891,[2.69319236e-04 1.52205046e-05],[1.52205046e-05 3.78428453e-06],0.6961090117869175,0.0034601771669054487,0.9977370298640927,-0.029760448821305116,0.5563150586075234,0.4551819599266077,0.00021640686204061255,0.931392568652904,0.931392568652904,0.931392568652904,0.931392568652904
111,30s,MN,6mM 2DG_1h_yes_A_MN_6_2_0008,0.7969930059753321,0.4415513268810043,0.554021583088611,0.7006945718872223,[4.54235715e-04 2.88533242e-05],[2.88533242e-05 6.73661720e-06],0.5584486731189957,0.004923392572486088,0.9946863922233139,-0.02658023511805814,0.6684045972313596,0.5216865078195139,4.5664698983319354e-05,0.7969930059753321,0.7969930059753321,0.7969930059753321,0.7969930059753321
111,30s,MN,6mM 2DG_1h_yes_A_MN_6_2_0009,0.9733395117893278,0.4334189308898986,0.4452905955632354,0.5821001431129961,[9.52340367e-04 3.98494852e-05],[3.98494852e-05 7.71304217e-06],0.5665810691101014,0.006503659851744548,0.9929102270925733,-0.023939459953342963,0.6353820571384505,0.4434256264506696,0.00027973126497388595,0.9733395117893278,0.9733395117893278,0.9733395117893278,0.9733395117893278
111,30s,MN,6mM 2DG_1h_yes_A_MN_6_2_0010,0.9248651805353693,0.3833298297142976,0.41447103619189396,0.6667676362610339,[3.33715396e-04 1.69624626e-05],[1.69624626e-05 3.76274737e-06],0.6166701702857025,0.0031497768202796463,0.9972189981356027,-0.0265165892850906,0.6086589227927307,0.44816534422984206,0.0002523832400164275,0.9248651805353693,0.9248651805353693,0.9248651805353693,0.9248651805353693
111,30s,MN,6mM 2DG_1h_yes_A_MN_6_2_0011,0.7781811897224732,0.21257342675944568,0.2731670073331596,1.0118807594428982,[6.29141593e-05 5.93577926e-06],[5.93577926e-06 2.00195004e-06],0.7874265732405543,0.001961806026445384,0.9992455542452828,-0.03701618124498413,0.5323506665536732,0.4906981773040085,9.651576795233064e-05,0.7781811897224732,0.7781811897224732,0.7781811897224732,0.7781811897224732
111,30s,MN,6mM 2DG_1h_yes_A_MN_6_3_0002,1.033237381762128,0.4657131012932763,0.450731951353743,0.5170998534678716,[0.00624347 0.00021678],[2.16778399e-04 3.72462517e-05],0.5342868987067237,0.029994829873367438,0.9586298886675969,-0.022177194579484843,0.6504609293771705,0.44797329213802123,0.0002534414922743106,1.033237381762128,1.033237381762128,1.033237381762128,1.033237381762128
111,30s,MN,6mM 2DG_1h_yes_A_MN_6_3_0003,1.5277523611962436,0.5823002642794828,0.38114833206576526,0.2734080118805738,[0.01587859 0.00018821],[1.88207818e-04 1.69130240e-05],0.4176997357205172,0.012592463688960873,0.9593727494086696,-0.014174494207278641,0.6976611217809139,0.3486425163133117,0.0018876652367599298,1.5277523611962436,1.5277523611962436,1.5277523611962436,1.5277523611962436
111,30s,MN,6mM 2DG_1h_yes_A_MN_6_3_0006,0.8172093440153331,0.5133832839252801,0.6282151417931506,0.5954615174659452,[8.58600289e-04 4.50050967e-05],[4.50050967e-05 8.92704582e-06],0.4866167160747199,0.005584439656397713,0.9902937549115826,-0.02251777101202365,0.7056367167056476,0.5083493429879505,6.335906106375678e-05,0.8172093440153331,0.8172093440153331,0.8172093440153331,0.8172093440153331
111,30s,MN,6mM 2DG_1h_yes_A_MN_6_3_0007,0.9453494292790765,0.29904004488775326,0.3163275246443013,0.7414823909575942,[8.77775538e-04 4.83799354e-05],[4.83799354e-05 1.19318823e-05],0.7009599551122467,0.014161369273042297,0.9930798154172719,-0.031253846890025944,0.5605899330456969,0.48340823744339373,0.00011438713956922072,0.9453494292790765,0.9453494292790765,0.9453494292790765,0.9453494292790765
111,30s,MN,6mM 2DG_1h_yes_A_MN_6_3_0013,0.8189956522841437,0.4037880533868382,0.49302832348461273,0.7279793793170357,[1.26532654e-03 8.08774774e-05],[8.08774774e-05 1.96123012e-05],0.5962119466131618,0.016090556943777007,0.9861478298086935,-0.028831845680562893,0.6471007481101274,0.5406805987878204,2.8213339332075235e-05,0.8189956522841437,0.8189956522841437,0.8189956522841437,0.8189956522841437
111,30s,MN,6mM 2DG_1h_yes_A_MN_6_3_0014,0.8612298476755239,0.2811809125957937,0.3264876540852671,0.8346425630095299,[1.95258508e-04 1.34932558e-05],[1.34932558e-05 3.74947125e-06],0.7188190874042063,0.004385331455327105,0.9980967827062176,-0.032514254187343536,0.5580632697874597,0.4802296936527176,0.0001230962383254435,0.8612298476755239,0.8612298476755239,0.8612298476755239,0.8612298476755239
111,30s,MN,6mM 2DG_1h_yes_A_MN_6_4_0004,0.8849261625695242,0.28658670157148824,0.3238538012474827,0.8061839830308583,[2.33200943e-04 1.50825552e-05],[1.50825552e-05 4.04709717e-06],0.7134132984285118,0.004654504664995668,0.9978721271417664,-0.03213620614756237,0.5589595608988189,0.4789062439286772,0.00012689964305023126,0.8849261625695242,0.8849261625695242,0.8849261625695242,0.8849261625695242
111,30s,MN,6mM 2DG_1h_yes_A_MN_6_4_0008,1.191131945713527,0.389145715746907,0.32670244228383616,0.5128351115519544,[0.00427447 0.00012535],[1.25347246e-04 2.13084800e-05],0.6108542842530931,0.021325913912977213,0.9805173137466766,-0.024082366642472427,0.5876116714379415,0.41196629105523636,0.0005431148519706497,1.191131945713527,1.191131945713527,1.191131945713527,1.191131945713527
111,30s,MN,6mM 2DG_1h_yes_A_MN_6_4_0010,0.9582676733482487,0.4890627453819901,0.5103613102935776,0.5331884491446554,[1.29961996e-03 5.07112615e-05],[5.07112615e-05 8.99217970e-06],0.5109372546180099,0.0067570522214481545,0.9899664045826748,-0.02187055026820012,0.6734766318228671,0.4525094456322841,0.00022951017735754178,0.9582676733482487,0.9582676733482487,0.9582676733482487,0.9582676733482487
111,30s,MN,6mM 2DG_1h_yes_A_MN_6_4_0011,1.0719036315034098,0.29991459958820227,0.2797962342636659,0.6531234523665953,[6.04010737e-04 2.54058971e-05],[2.54058971e-05 5.51062053e-06],0.7000854004117978,0.0067345674230053915,0.9963929161527665,-0.02816233829487521,0.5357855565572727,0.41938312724964266,0.00046582739183242516,1.0719036315034098,1.0719036315034098,1.0719036315034098,1.0719036315034098
111,30s,MN,6mM 2DG_1h_yes_A_MN_6_4_0012,0.9733708069981283,0.3863684402928771,0.39693859474215776,0.6304191119102495,[1.43754544e-03 6.51430020e-05],[6.51430020e-05 1.36553323e-05],0.6136315597071229,0.012112182954130676,0.9888639781491463,-0.026398125267505814,0.607162357185191,0.4783580240797461,0.00012850667932814297,0.9733708069981283,0.9733708069981283,0.9733708069981283,0.9733708069981283
111,30s,MN,6mM 2DG_1h_yes_A_MN_6_4_0014,1.0493283466447876,0.4271531935142028,0.40707295755424794,0.5459175941615098,[1.44229184e-03 5.19474914e-05],[5.19474914e-05 9.42092990e-06],0.5728468064857972,0.008416389673543904,0.9911963143027971,-0.02275082841573053,0.6196637319269326,0.39410995916948116,0.0007805278459018911,1.0493283466447876,1.0493283466447876,1.0493283466447876,1.0493283466447876
111,30s,MN,6mM 2DG_1h_yes_A_MN_6_4_0016,1.0283714741361516,0.506024111594531,0.49206354349686654,0.4803477156155237,[0.00438684 0.00014225],[1.42251370e-04 2.27054971e-05],0.493975888405469,0.015618762846166697,0.9697006374118857,-0.018106191092207943,0.6623739950221719,0.35946261487092684,0.0015373663449424326,1.0283714741361516,1.0283714741361516,1.0283714741361516,1.0283714741361516
111,30s,MN,6mM 2DG_1h_yes_A_MN_6_5_0008,0.821145714272762,0.3000900881642808,0.36545290677191444,0.8523577480466865,[3.04118004e-04 2.26900914e-05],[2.26900914e-05 6.44210097e-06],0.6999099118357193,0.006846558092514251,0.9966723435049367,-0.0327672628576794,0.5791894442784014,0.5099485456977267,6.0946216392289947e-05,0.821145714272762,0.821145714272762,0.821145714272762,0.821145714272762
111,30s,MN,6mM 2DG_1h_yes_A_MN_6_5_0009,0.7284001836279481,0.27572884228186545,0.3785403250566753,0.9943313771706535,[1.30754205e-04 1.31093079e-05],[1.31093079e-05 4.34897576e-06],0.7242711577181346,0.004703202754221553,0.9981759959508575,-0.036056367827443876,0.5866363226560612,0.5417466968081777,2.7445821527718373e-05,0.7284001836279481,0.7284001836279481,0.7284001836279481,0.7284001836279481
111,30s,MN,6mM 2DG_1h_yes_A_MN_6_5_0014,0.9083853520615068,0.26197965794068895,0.2884014557766122,0.812452931329676,[1.48772881e-04 9.40752953e-06],[9.40752953e-06 2.54328274e-06],0.738020342059311,0.0025290000260863275,0.9987357159069875,-0.03166281491463183,0.532864064134835,0.4336614928300031,0.0003449131455554349,0.9083853520615068,0.9083853520615068,0.9083853520615068,0.9083853520615068
111,30s,MN,6mM 2DG_1h_yes_A_MN_6_5_0020,0.6880066602685299,0.35443456168720355,0.5151615269957812,0.9383127745606873,[2.48160658e-04 2.51315294e-05],[2.51315294e-05 7.87664160e-06],0.6455654383127964,0.0058226226935282985,0.9961475407865744,-0.03294053165695054,0.6406857238533508,0.5500872751137917,2.207212540919639e-05,0.6880066602685299,0.6880066602685299,0.6880066602685299,0.6880066602685299
111,30s,MN,6mM 2DG_1h_yes_A_MN_6_6_0001,0.9565629476733841,0.28330279900163113,0.29616743957174907,0.7492420679073629,[5.45980589e-04 2.99981613e-05],[2.99981613e-05 7.47489287e-06],0.7166972009983689,0.009049472224920068,0.9957574306057935,-0.03095066982034839,0.5437937239377567,0.46136272176464804,0.00018870542529271527,0.9565629476733841,0.9565629476733841,0.9565629476733841,0.9565629476733841
111,30s,MN,6mM 2DG_1h_yes_A_MN_6_6_0005,1.3461031605950553,0.6212796205408733,0.4615393817708829,0.2813457322926948,[0.0165642  0.00023247],[2.32466968e-04 2.16097713e-05],0.37872037945912673,0.01459115648323706,0.9430327457024801,-0.010676646569478405,0.715436694420257,0.2245845513966848,0.016704864751911373,1.3461031605950553,1.3461031605950553,1.3461031605950553,1.3461031605950553
111,30s,MN,6mM 2DG_1h_yes_A_MN_6_6_0009,1.195364152926367,0.34740929669166565,0.2906305127531005,0.5459346440251945,[0.00389417 0.00012108],[1.21082813e-04 2.19103972e-05],0.6525907033083344,0.025375057043290152,0.9820845751579015,-0.02632231779269793,0.5625741755036073,0.43960619774676124,0.0003037356297333453,1.195364152926367,1.195364152926367,1.195364152926367,1.195364152926367
111,30s,MN,6mM 2DG_1h_yes_A_MN_6_6_0010,0.895393401303583,0.3605405214109362,0.4026615796878036,0.7141659494676744,[1.17781781e-03 6.65685712e-05],[6.65685712e-05 1.58216561e-05],0.6394594785890638,0.015462767193123362,0.9895646572427025,-0.026891113151720485,0.5924286534858756,0.4180909957077026,0.00047851307624464343,0.895393401303583,0.895393401303583,0.895393401303583,0.895393401303583
111,30s,MN,6mM 2DG_1h_yes_A_MN_6_6_0014,1.0804177179998318,0.3222727423901908,0.29828531781838197,0.627282620711256,[6.17162321e-04 2.47095333e-05],[2.47095333e-05 5.14691848e-06],0.6777272576098092,0.0053551072997649945,0.9964026408703981,-0.026092863786277756,0.5433068139516662,0.38321112123068324,0.0009694550131949737,1.0804177179998318,1.0804177179998318,1.0804177179998318,1.0804177179998318
111,30s,MN,6mM 2DG_1h_yes_A_MN_6_7_0006,0.9883233567720112,0.3104441746315619,0.3141119477794309,0.697702650295157,[1.52912899e-03 7.53617335e-05],[7.53617335e-05 1.74803858e-05],0.6895558253684382,0.02049543426641533,0.9889882151757791,-0.02891524371153695,0.5539652682471149,0.44029998740477705,0.0002992384637125579,0.9883233567720112,0.9883233567720112,0.9883233567720112,0.9883233567720112
111,30s,MN,6mM 2DG_1h_yes_A_MN_6_7_0008,0.91007312646608,0.5035147603574484,0.5532684635054052,0.5455443361683052,[1.57424936e-03 6.66999389e-05],[6.66999389e-05 1.21078827e-05],0.49648523964255165,0.008067075254848644,0.9861597750079129,-0.022087859533895603,0.6896307648425493,0.48481609886381327,0.00011071442366452505,0.91007312646608,0.91007312646608,0.91007312646608,0.91007312646608
111,30s,MN,6mM 2DG_1h_yes_A_MN_6_7_0009,1.2378223398932948,0.6186701897910749,0.4998053192709438,0.30806505741510304,[4.44913601e-03 7.50707925e-05],[7.50707925e-05 7.65939260e-06],0.3813298102089251,0.004829545094954681,0.9803712403408894,-0.013931793636499367,0.734431791081799,0.3814927261925251,0.0010028548500075562,1.2378223398932948,1.2378223398932948,1.2378223398932948,1.2378223398932948
111,30s,MN,6mM 2DG_1h_yes_A_MN_6_7_0011,0.9721942626885272,0.2818861946281338,0.28994842434947066,0.7386525851181004,[6.04632167e-04 3.21477280e-05],[3.21477280e-05 7.89589756e-06],0.7181138053718662,0.00993528853276992,0.9956265274755043,-0.031099846973587305,0.5432042132056767,0.45119119673817765,0.0002362400694900494,0.9721942626885272,0.9721942626885272,0.9721942626885272,0.9721942626885272
111,30s,MN,6mM 2DG_1h_yes_A_MN_6_7_0013,0.7669971322247702,0.33698768379425476,0.4393597702468329,0.8644260693421316,[6.67527853e-04 5.47289983e-05],[5.47289983e-05 1.57715880e-05],0.6630123162057453,0.014705339650930039,0.9917451928282567,-0.03307943085400265,0.6185297273427087,0.5493758306978259,2.2489548373707125e-05,0.7669971322247702,0.7669971322247702,0.7669971322247702,0.7669971322247702
111,30s,MN,6mM 2DG_1h_yes_A_MN_6_7_0014,0.9243931640216158,0.2435189621421652,0.26343656749117933,0.8183542104170575,[2.68477905e-04 1.67588309e-05],[1.67588309e-05 4.56277393e-06],0.7564810378578348,0.0053819666837523475,0.9977593887252052,-0.03262739449399089,0.5205665926943281,0.4509394729629644,0.0002375457193300099,0.9243931640216158,0.9243931640216158,0.9243931640216158,0.9243931640216158
111,30s,MN,6mM 2DG_1h_yes_A_MN_6_8_0002,0.746157629859518,0.2497379416038865,0.33469863686967277,1.005500752618945,[1.06207902e-04 1.04644323e-05],[1.04644323e-05 3.50915533e-06],0.7502620583961135,0.0035175626542163986,0.9985716125373242,-0.03643993848418452,0.5640627432812374,0.5280980150966886,3.8893602564620326e-05,0.746157629859518,0.746157629859518,0.746157629859518,0.746157629859518
111,30s,MN,6mM 2DG_1h_yes_A_MN_6_8_0004,0.8622266847049104,0.3485173573411991,0.404206183273574,0.7555816286082183,[7.60459769e-04 4.75093636e-05],[4.75093636e-05 1.19511107e-05],0.651482642658801,0.01066503346214327,0.992259121101191,-0.030005392439990015,0.6015910609716308,0.5215415156758219,4.5829666576656005e-05,0.8622266847049104,0.8622266847049104,0.8622266847049104,0.8622266847049104
111,30s,MN,6mM 2DG_1h_yes_A_MN_6_8_0007,0.9478137709046016,0.35107910353566707,0.3704093718754415,0.6846502091281046,[2.38498394e-04 1.21013827e-05],[1.21013827e-05 2.75571694e-06],0.6489208964643329,0.002730733249410575,0.998147964890982,-0.027323683477777107,0.5836891906253465,0.4276156564739244,0.00039203948542048306,0.9478137709046016,0.9478137709046016,0.9478137709046016,0.9478137709046016
111,30s,MN,6mM 2DG_1h_yes_A_MN_6_9_0001,0.8459553967696092,0.4587126741195927,0.5422421511479764,0.6398532687980755,[1.42072421e-03 7.68514840e-05],[7.68514840e-05 1.63743771e-05],0.5412873258804073,0.011312199943501853,0.986589946794679,-0.025667386952845296,0.6762611912466997,0.4876689308754366,0.00010360347363545451,0.8459553967696092,0.8459553967696092,0.8459553967696092,0.8459553967696092
111,30s,MN,6mM 2DG_1h_yes_A_MN_6_9_0003,0.9349576409176622,0.35669904846547684,0.3815135925466915,0.6880535795216588,[3.97189080e-04 2.05743164e-05],[2.05743164e-05 4.70913076e-06],0.6433009515345232,0.004183525880697154,0.9966869774714447,-0.026939858479828098,0.586345956979871,0.4380052348003726,0.00031435272886026555,0.9349576409176622,0.9349576409176622,0.9349576409176622,0.9349576409176622
111,30s,MN,6mM 2DG_1h_yes_A_MN_6_9_0005,0.8407868286630398,0.3177853967561258,0.3779619112985462,0.8114002027466153,[2.85229388e-04 1.97059646e-05],[1.97059646e-05 5.32466861e-06],0.6822146032438742,0.004951806321954354,0.9971743105828401,-0.03111533372671182,0.5844118695077185,0.4659947256031527,0.00017013463660579074,0.8407868286630398,0.8407868286630398,0.8407868286630398,0.8407868286630398
111,30s,MN,6mM 2DG_1h_yes_A_MN_6_9_0006,0.9032467639940885,0.2764111170551384,0.3060194933141741,0.8010976753962633,[3.82355726e-04 2.39969229e-05],[2.39969229e-05 6.39715123e-06],0.7235888829448616,0.008165769141870966,0.9966909959901603,-0.03255470808357598,0.5512542883506297,0.47839955041302346,0.00012838429590844347,0.9032467639940885,0.9032467639940885,0.9032467639940885,0.9032467639940885
111,30s,MN,2mM 2DG_1h_yes_A_MN_8_1_0003,0.985242432571157,0.4073318224211886,0.4134330891110599,0.6015455262438743,[0.00401897 0.00017138],[1.71384320e-04 3.42755946e-05],0.5926681775788114,0.03120493143441207,0.9733521531193802,-0.025817497621951045,0.6238747059786698,0.43381128689295967,0.0003438150691698848,0.985242432571157,0.985242432571157,0.985242432571157,0.985242432571157
111,30s,MN,2mM 2DG_1h_yes_A_MN_8_1_0005,1.2354788519467599,0.31449253038289327,0.25455112395274376,0.5548516419661444,[1.61152991e-03 4.90781831e-05],[4.90781831e-05 9.01916179e-06],0.6855074696171067,0.010874445508609751,0.9936195179182499,-0.026235822614661182,0.5320733917712661,0.37369668009545576,0.0011682503978030841,1.2354788519467599,1.2354788519467599,1.2354788519467599,1.2354788519467599
111,30s,MN,2mM 2DG_1h_yes_A_MN_8_1_0009,0.9429139471039284,0.22503726073032146,0.23866150397022154,0.8218806622278775,[9.04563888e-05 5.54265274e-06],[5.54265274e-06 1.51523873e-06],0.7749627392696785,0.002392269038645552,0.9992886598221213,-0.03285594926624466,0.5045205938179815,0.43296985872232074,0.000350025427095442,0.9429139471039284,0.9429139471039284,0.9429139471039284,0.9429139471039284
111,30s,MN,2mM 2DG_1h_yes_A_MN_8_1_0011,1.0769559170552059,0.30611934684848974,0.28424501133299196,0.6442981018655206,[1.15249497e-03 4.75670735e-05],[4.75670735e-05 1.01773266e-05],0.6938806531515103,0.012682142357773832,0.9935964717538102,-0.027451134785549173,0.5380419401836535,0.3823085890317347,0.0009868661732107893,1.0769559170552059,1.0769559170552059,1.0769559170552059,1.0769559170552059
111,30s,MN,2mM 2DG_1h_yes_A_MN_8_2_0001,0.9569306797651148,0.23741852778173295,0.24810420733924943,0.7969035671480905,[1.80745603e-04 1.05578890e-05],[1.05578890e-05 2.79813871e-06],0.7625814722182671,0.0027025571170635463,0.998652725544373,-0.03231588783800651,0.5118584491665381,0.4265984342582014,0.0004005309083074429,0.9569306797651148,0.9569306797651148,0.9569306797651148,0.9569306797651148
111,30s,MN,2mM 2DG_1h_yes_A_MN_8_2_0002,1.0627710488852506,0.29350691949473634,0.2761713539361071,0.6647650792203176,[3.33886320e-04 1.44336161e-05],[1.44336161e-05 3.18689644e-06],0.7064930805052636,0.0036697960584374267,0.9980372161040938,-0.02832852295593458,0.5321787145737358,0.40064328909012065,0.0006842955846481851,1.0627710488852506,1.0627710488852506,1.0627710488852506,1.0627710488852506
111,30s,MN,2mM 2DG_1h_yes_A_MN_8_2_0005,1.0913638341170822,0.2933900834842796,0.2688288491084491,0.6474558661616002,[3.24425489e-04 1.32547613e-05],[1.32547613e-05 2.84927505e-06],0.7066099165157205,0.003032219596511301,0.998193418850425,-0.027103079000387824,0.5231880669408919,0.37360077877072057,0.0011704343160977638,1.0913638341170822,1.0913638341170822,1.0913638341170822,1.0913638341170822
111,30s,MN,2mM 2DG_1h_yes_A_MN_8_2_0006,1.240261912445946,0.4020250787937388,0.32414530734149277,0.48213600305356685,[1.45110002e-03 3.82352267e-05],[3.82352267e-05 6.10510696e-06],0.5979749212062613,0.006280431828002611,0.9940625789664282,-0.02165831605499233,0.5836327791693013,0.34966242696842675,0.0018517195246791531,1.240261912445946,1.240261912445946,1.240261912445946,1.240261912445946
111,30s,MN,2mM 2DG_1h_yes_A_MN_8_2_0007,0.45499275807166467,0.3800011750476968,0.8351807106957159,1.3626564685995481,[1.23411442e-04 2.98775638e-05],[2.98775638e-05 1.40197580e-05],0.6199988249523032,0.005869309276738237,0.9960287713748563,-0.03877666284641465,0.7349185723566207,0.6930461460898574,2.4542115107294603e-07,0.45499275807166467,0.45499275807166467,0.45499275807166467,0.45499275807166467
111,30s,MN,2mM 2DG_1h_yes_A_MN_8_2_0008,1.1336485577375337,0.31538569279787015,0.27820411418093943,0.6039034783129271,[1.69184116e-03 6.17638225e-05],[6.17638225e-05 1.23759586e-05],0.6846143072021298,0.015047907122902023,0.991736087499257,-0.027549100591476455,0.5445983920537061,0.4007102677797515,0.000683368677848411,1.1336485577375337,1.1336485577375337,1.1336485577375337,1.1336485577375337
111,30s,MN,2mM 2DG_1h_yes_A_MN_8_2_0009,1.0804814068458997,0.37069240773489764,0.3430807836083074,0.5824325974309481,[9.43340223e-04 3.50660558e-05],[3.50660558e-05 6.78190497e-06],0.6293075922651024,0.006326840777530834,0.9947851257999353,-0.025574306144157587,0.5849222565825029,0.40499334309752044,0.0006264559890195273,1.0804814068458997,1.0804814068458997,1.0804814068458997,1.0804814068458997
111,30s,MN,2mM 2DG_1h_yes_A_MN_8_3_0001,1.0438149578185443,0.2882342550008023,0.27613539434535356,0.6818888153190561,[4.28451916e-04 1.93909862e-05],[1.93909862e-05 4.39285381e-06],0.7117657449991976,0.005539320573830427,0.9974041849989231,-0.02939592779685209,0.5350159061075079,0.41696085118428267,0.0004898699643323865,1.0438149578185443,1.0438149578185443,1.0438149578185443,1.0438149578185443
111,30s,MN,2mM 2DG_1h_yes_A_MN_8_3_0004,1.3819077645277331,0.3963988132931138,0.2868489659500416,0.43678833146520957,[0.00677895 0.00014346],[1.43455813e-04 2.06845294e-05],0.6036011867068862,0.02248294324798225,0.9794683205810653,-0.023148320472134075,0.5838416209763283,0.3945347564737345,0.0007739079955729783,1.3819077645277331,1.3819077645277331,1.3819077645277331,1.3819077645277331
111,30s,MN,2mM 2DG_1h_yes_A_MN_8_3_0005,1.0793823615340121,0.2974696422243604,0.2755924617867557,0.6508632925752164,[5.97113087e-04 2.48324641e-05],[2.48324641e-05 5.36704669e-06],0.7025303577756397,0.006515505615539847,0.9965881827417682,-0.02845128496524622,0.535503102321823,0.41454934282584166,0.0005149430278803977,1.0793823615340121,1.0793823615340121,1.0793823615340121,1.0793823615340121
111,30s,MN,2mM 2DG_1h_yes_A_MN_8_3_0006,1.0667236368724986,0.31191309554371927,0.2924029099591435,0.6450470212450398,[4.31633280e-04 1.80295968e-05],[1.80295968e-05 3.86259152e-06],0.6880869044562807,0.00458733305859858,0.997507840207388,-0.02803969774356257,0.5470474783530044,0.4105836004324514,0.0005587753950841226,1.0667236368724986,1.0667236368724986,1.0667236368724986,1.0667236368724986
111,30s,MN,2mM 2DG_1h_yes_A_MN_8_3_0008,0.8838930670959789,0.23202939118051907,0.26250844114305494,0.8688501329042437,[1.24091889e-04 8.66138117e-06],[8.66138117e-06 2.50479174e-06],0.7679706088194809,0.002389614443923839,0.9988912037570157,-0.03382215129775426,0.5212738497227316,0.44689830683007103,0.000259441041962135,0.8838930670959789,0.8838930670959789,0.8838930670959789,0.8838930670959789
111,30s,MN,2mM 2DG_1h_yes_A_MN_8_4_0002,0.5605879073147935,0.5567849026820121,0.9932160423313487,0.7906255050005996,[0.00179773 0.00019636],[1.96355704e-04 5.22960059e-05],0.4432150973179879,0.02241326700385301,0.9618151120332042,-0.02409940842293158,0.774699771779057,0.5302959562824574,3.679409480535238e-05,0.5605879073147935,0.5605879073147935,0.5605879073147935,0.5605879073147935
111,30s,MN,2mM 2DG_1h_yes_A_MN_8_4_0003,1.082517216635119,0.35634239223814457,0.3291794225183727,0.5945934141930708,[1.15622330e-03 4.37833525e-05],[4.37833525e-05 8.64441944e-06],0.6436576077618554,0.008209883704419819,0.9932741917866591,-0.02605047679936974,0.5736895978399363,0.4248804693963064,0.0004152594644830037,1.082517216635119,1.082517216635119,1.082517216635119,1.082517216635119
111,30s,MN,2mM 2DG_1h_yes_A_MN_8_4_0006,1.0136887800587244,0.24632172058427299,0.24299540986337367,0.7435006623749603,[3.19358190e-04 1.62939087e-05],[1.62939087e-05 4.02628499e-06],0.7536782794157271,0.0050220932733949395,0.997896927369898,-0.031191641007001777,0.5093872101549972,0.4201323664483816,0.00045861502709747097,1.0136887800587244,1.0136887800587244,1.0136887800587244,1.0136887800587244
111,30s,MN,2mM 2DG_1h_yes_A_MN_8_4_0008,1.0186879163694311,0.29423292543690166,0.28883519742291414,0.6928197176211024,[2.80165894e-04 1.32454086e-05],[1.32454086e-05 3.04969773e-06],0.7057670745630984,0.003129622693787894,0.9982331655201191,-0.02891986417176979,0.5392509172744024,0.399737024453943,0.0006969523936837347,1.0186879163694311,1.0186879163694311,1.0186879163694311,1.0186879163694311
111,30s,MN,2mM 2DG_1h_yes_A_MN_8_4_0009,1.1361766279328536,0.34202582130537645,0.3010322628512912,0.579112580313973,[1.01494139e-03 3.54422195e-05],[3.54422195e-05 6.80994795e-06],0.6579741786946236,0.006787235386952947,0.9951471726250045,-0.02597117062211827,0.5595533290117982,0.3797409197012145,0.001038001826691726,1.1361766279328536,1.1361766279328536,1.1361766279328536,1.1361766279328536
111,30s,MN,2mM 2DG_1h_yes_A_MN_8_4_0010,0.8105198845303458,0.31592649401549416,0.389782533464379,0.8439934899078889,[1.09113941e-03 8.18505497e-05],[8.18505497e-05 2.30140504e-05],0.6840735059845058,0.02396967813548307,0.9885557869681835,-0.032110901702943645,0.5914841048514037,0.4751119084066661,0.00013841354981789894,0.8105198845303458,0.8105198845303458,0.8105198845303458,0.8105198845303458
111,30s,MN,2mM 2DG_1h_yes_A_MN_8_5_0004,1.1680378819512733,0.3381285308129133,0.2894842162550845,0.5666524000757518,[1.06579628e-03 3.53014703e-05],[3.53014703e-05 6.63350970e-06],0.6618714691870867,0.0077000729459528825,0.9950094777900286,-0.02547848899775782,0.5509591466603341,0.3820144600652197,0.0009926028007812256,1.1680378819512733,1.1680378819512733,1.1680378819512733,1.1680378819512733
111,30s,MN,2mM 2DG_1h_yes_A_MN_8_5_0008,1.0083230284598468,0.30118799080187275,0.2987018864995273,0.6930437860429717,[2.01781759e-04 9.65468374e-06],[9.65468374e-06 2.22394976e-06],0.6988120091981272,0.0025969751320621586,0.9986759361055779,-0.028918962167820014,0.5457254198602449,0.4125779546887572,0.0005363176702405266,1.0083230284598468,1.0083230284598468,1.0083230284598468,1.0083230284598468
111,30s,MN,2mM 2DG_1h_yes_A_MN_8_5_0009,0.8971036665191472,0.29675488513928144,0.33079218847774905,0.7839061873299221,[2.86625086e-04 1.77423300e-05],[1.77423300e-05 4.62860382e-06],0.7032451148607186,0.004598707747504915,0.9975670075664945,-0.03143223110986144,0.5638343951607991,0.45479139808906316,0.0002182776351774551,0.8971036665191472,0.8971036665191472,0.8971036665191472,0.8971036665191472
111,30s,MN,2mM 2DG_1h_yes_A_MN_8_5_0010,0.7306811685096916,0.32676677072544685,0.4472084197707262,0.9213775560244557,[1.70986952e-04 1.58263151e-05],[1.58263151e-05 4.86485735e-06],0.6732332292745531,0.0034386349404716935,0.9977633939866253,-0.03350595962105552,0.6168367250688032,0.5116779496374058,5.843242375435873e-05,0.7306811685096916,0.7306811685096916,0.7306811685096916,0.7306811685096916
111,30s,MN,2mM 2DG_1h_yes_A_MN_8_5_0011,1.0781284643634321,0.33975721392889974,0.31513611332904123,0.6123971380914542,[7.93733557e-04 3.10994780e-05],[3.1099478e-05 6.3244040e-06],0.6602427860711002,0.006515147642592231,0.995619002444677,-0.026368128269154082,0.5619890451643297,0.3881800122763669,0.0008785975761272332,1.0781284643634321,1.0781284643634321,1.0781284643634321,1.0781284643634321
111,30s,MN,2mM 2DG_1h_yes_A_MN_8_5_0012,0.8497162294688769,0.3248658774344683,0.3823227874999266,0.7945406938826277,[3.51892589e-04 2.35148176e-05],[2.35148176e-05 6.22114114e-06],0.6751341225655316,0.0050890449386824885,0.9967065661010137,-0.031223142089466954,0.5913825437254644,0.4653161635929599,0.0001727452342760788,0.8497162294688769,0.8497162294688769,0.8497162294688769,0.8497162294688769
111,30s,MN,2mM 2DG_1h_yes_A_MN_8_6_0004,1.059168889857655,0.29050556186332444,0.27427690205512584,0.6698595898450405,[3.78288051e-04 1.65419916e-05],[1.65419916e-05 3.68058746e-06],0.7094944381366756,0.004835157368605739,0.9977792283436813,-0.028887979666224646,0.5331912014758697,0.40871622577055683,0.0005805902393205184,1.059168889857655,1.059168889857655,1.059168889857655,1.059168889857655
111,30s,MN,2mM 2DG_1h_yes_A_MN_8_6_0005,0.9677407578173732,0.2566136644961512,0.2651677760012025,0.768166814819777,[3.91349894e-04 2.17533277e-05],[2.17533277e-05 5.55666710e-06],0.7433863355038488,0.006549878369459248,0.9971915024364012,-0.03183541044658997,0.525703534041017,0.4323298344095197,0.00035481859970824147,0.9677407578173732,0.9677407578173732,0.9677407578173732,0.9677407578173732
111,30s,MN,2mM 2DG_1h_yes_A_MN_8_6_0009,1.1922946087766626,0.40404866549447194,0.33888324456070507,0.49983563635920125,[3.48893128e-03 9.96091541e-05],[9.96091541e-05 1.65035513e-05],0.5959513345055281,0.016672957609981737,0.9839777691444767,-0.02295922772343582,0.5943216852279465,0.397449122082497,0.000729877461626982,1.1922946087766626,1.1922946087766626,1.1922946087766626,1.1922946087766626
111,30s,MN,2mM 2DG_1h_yes_A_MN_8_7_0004,1.2231150043792685,0.4236911645072512,0.3464033741637195,0.47118123269628753,[2.35693995e-03 6.16448618e-05],[6.16448618e-05 9.62252887e-06],0.5763088354927488,0.008158089317827901,0.99087202478446,-0.021542744935848866,0.604619706129818,0.33897570829549334,0.0022621872522008766,1.2231150043792685,1.2231150043792685,1.2231150043792685,1.2231150043792685
111,30s,MN,2mM 2DG_1h_yes_A_MN_8_7_0005,1.0710423089116614,0.2915195151269631,0.2721830059385706,0.661486926312891,[2.04734927e-04 8.72978405e-06],[8.72978405e-06 1.91778795e-06],0.7084804848730368,0.002321219121859809,0.9988230642050436,-0.028149966751076762,0.5290093974881314,0.39297485113306163,0.0007984755284886656,1.0710423089116614,1.0710423089116614,1.0710423089116614,1.0710423089116614
111,30s,MN,2mM 2DG_1h_yes_A_MN_8_7_0006,0.8897296441720732,0.36449151990853984,0.40966547793033564,0.7142714466739214,[1.60702014e-04 9.15101535e-06],[9.15101535e-06 2.17542272e-06],0.6355084800914601,0.0019192656436074376,0.9986040434381903,-0.028050153901168825,0.6041116522333844,0.4440452718219935,0.00027600654933938873,0.8897296441720732,0.8897296441720732,0.8897296441720732,0.8897296441720732
111,30s,MN,2mM 2DG_1h_yes_A_MN_8_7_0007,0.9852964713039422,0.38347260430845403,0.38919514631059837,0.6257278023899072,[2.27295129e-04 1.00817534e-05],[1.00817534e-05 2.09732953e-06],0.616527395691546,0.0019473850747349693,0.9983805253173952,-0.025619541033620654,0.6004389267047324,0.42426276538277957,0.00042067661195175786,0.9852964713039422,0.9852964713039422,0.9852964713039422,0.9852964713039422
111,30s,MN,2mM 2DG_1h_yes_A_MN_8_7_0010,0.2835303014036125,0.8157158501871979,2.8769970833770104,0.6499628043299293,[3.33448898e-04 6.53169842e-05],[6.53169842e-05 1.67740606e-05],0.18428414981280206,0.0015505939169251164,0.9802352950975423,-0.012877761243047542,0.9473004220942145,0.8108678046990603,8.724003752696119e-10,0.2835303014036125,0.2835303014036125,0.2835303014036125,0.2835303014036125
111,30s,MN,2mM 2DG_1h_yes_A_MN_8_8_0002,1.3160685600186688,0.38346373021541613,0.2913706336165166,0.4684682003009312,[3.20769698e-03 7.68646163e-05],[7.68646163e-05 1.19059509e-05],0.6165362697845839,0.013230156789225121,0.9890507265984215,-0.022039748210489245,0.5672265575336679,0.3361016840527887,0.002386241289190435,1.3160685600186688,1.3160685600186688,1.3160685600186688,1.3160685600186688
111,30s,MN,2mM 2DG_1h_yes_A_MN_8_8_0004,0.8625702707581353,0.5802594652739971,0.6727097895038651,0.48661604620001814,[0.00297529 0.00011966],[1.19656462e-04 1.93851209e-05],0.4197405347260029,0.011507221100544685,0.9717097083981088,-0.018161529354594974,0.7368617792271854,0.43041506001768504,0.0003695235244081205,0.8625702707581353,0.8625702707581353,0.8625702707581353,0.8625702707581353
111,30s,MN,2mM 2DG_1h_yes_A_MN_8_8_0005,1.0990085413247903,0.5675676337246816,0.5164360533909155,0.39347498223630417,[0.0041362  0.00010189],[1.01891414e-04 1.33094202e-05],0.43243236627531845,0.00933937562581961,0.9785862441412013,-0.01667207529116187,0.7089497056924756,0.3577584707236507,0.0015881874614796336,1.0990085413247903,1.0990085413247903,1.0990085413247903,1.0990085413247903
111,30s,MN,2mM 2DG_1h_yes_A_MN_8_8_0011,1.1552618700897095,0.46415035807572147,0.4017706894798483,0.46383392008139956,[0.00473642 0.00013001],[1.30012505e-04 2.00020269e-05],0.5358496419242785,0.017156282634859802,0.9771022750340607,-0.021670387575252095,0.6427654976191889,0.4221639478385666,0.0004395755363404142,1.1552618700897095,1.1552618700897095,1.1552618700897095,1.1552618700897095
111,30s,MN,2mM 2DG_1h_yes_A_MN_8_8_0012,1.1387924232485758,0.3838108213421441,0.3370331708453647,0.5410899880244058,[6.73227447e-04 2.19090294e-05],[2.19090294e-05 3.93309602e-06],0.6161891786578559,0.0040718561976274105,0.9966849450109997,-0.023434323242992904,0.5815092466627105,0.36538313694778546,0.0013723265116509739,1.1387924232485758,1.1387924232485758,1.1387924232485758,1.1387924232485758
111,30s,MN,2mM 2DG_1h_yes_A_MN_8_8_0013,0.7992340982443238,0.26266770599996314,0.32864927381972925,0.9225485944853122,[3.71988418e-04 3.10078092e-05],[3.10078092e-05 9.53154097e-06],0.7373322940000369,0.009648683179125017,0.9958726474096691,-0.03438876471932296,0.5589059570301018,0.47855965028084013,0.00012791346714602554,0.7992340982443238,0.7992340982443238,0.7992340982443238,0.7992340982443238
111,30s,MN,2mM 2DG_1h_yes_A_MN_8_8_0015,1.143066509306273,0.6025233655765105,0.5271113803711929,0.3477283528013764,[3.65456396e-03 7.61088491e-05],[7.61088491e-05 8.77986016e-06],0.39747663442348946,0.0057330957604714945,0.9814336760874244,-0.016278191149956663,0.7363118431536301,0.44171754060160345,0.0002902406620228213,1.143066509306273,1.143066509306273,1.143066509306273,1.143066509306273
111,30s,MN,1mM 2DG_1h_yes_A_MN_10_1_0005,1.1264497344880304,0.2647044661723027,0.23499003823069872,0.6527548556455455,[1.54568930e-03 6.14324927e-05],[6.14324927e-05 1.33068130e-05],0.7352955338276973,0.018837184764283504,0.9918953839376182,-0.029685248385523146,0.5106487897484147,0.4253742090514547,0.00041097597910695415,1.1264497344880304,1.1264497344880304,1.1264497344880304,1.1264497344880304
111,30s,MN,1mM 2DG_1h_yes_A_MN_10_1_0007,1.0745809913367443,0.38378712123540754,0.35715048407657823,0.5734447973047088,[5.36375784e-04 1.97527509e-05],[1.97527509e-05 3.76161102e-06],0.6162128787645924,0.0035709536331098657,0.9970037575541578,-0.02454282525086343,0.59089498041013,0.3872038018791175,0.0008957982463374246,1.0745809913367443,1.0745809913367443,1.0745809913367443,1.0745809913367443
111,30s,MN,1mM 2DG_1h_yes_A_MN_10_1_0008,0.4990974343808503,0.24535118948652682,0.4915897630106924,1.5120270282487913,[8.75831386e-05 2.10546204e-05],[2.10546204e-05 1.08317768e-05],0.7546488105134732,0.005815804726683123,0.9976239206116464,-0.044913409537234855,0.6527725382481122,0.6342182959719244,1.917576850511217e-06,0.4990974343808503,0.4990974343808503,0.4990974343808503,0.4990974343808503
111,30s,MN,1mM 2DG_1h_yes_A_MN_10_1_0009,0.8082595569554055,0.6317212860591073,0.7815822041606388,0.4556441192333615,[0.00497717 0.00020222],[2.02224392e-04 3.06976739e-05],0.36827871394089273,0.015929047434237408,0.9429622672887791,-0.018636991749116514,0.7867520174397137,0.599013057150213,5.6578017432705384e-06,0.8082595569554055,0.8082595569554055,0.8082595569554055,0.8082595569554055
111,30s,MN,1mM 2DG_1h_yes_A_MN_10_1_0010,0.9019468001699273,0.2616251031425341,0.2900671116004223,0.8186457302341509,[3.1066651e-04 1.9957978e-05],[1.99579780e-05 5.43706345e-06],0.7383748968574659,0.0072050847291072395,0.9973328144222228,-0.03325118140284951,0.5426365286549033,0.4736686939201439,0.00014304053986952459,0.9019468001699273,0.9019468001699273,0.9019468001699273,0.9019468001699273
111,30s,MN,1mM 2DG_1h_yes_A_MN_10_1_0011,1.0822084093302689,0.28917046998207246,0.26720405006003173,0.6568323844922149,[9.41583060e-04 3.94004044e-05],[3.94004044e-05 8.59337660e-06],0.7108295300179275,0.011162862552474749,0.9946332761992103,-0.028877553495185497,0.5303087851652737,0.41912309907237416,0.00046835494272049816,1.0822084093302689,1.0822084093302689,1.0822084093302689,1.0822084093302689
111,30s,MN,1mM 2DG_1h_yes_A_MN_10_1_0012,0.9049834245717544,0.2521826478480313,0.2786599632665827,0.8263326507950596,[7.48332951e-04 4.83378588e-05],[4.83378588e-05 1.32916697e-05],0.7478173521519687,0.01757327946512019,0.9935293527121466,-0.034046364008205446,0.5383611591159335,0.49196870468812265,9.3678425304428e-05,0.9049834245717544,0.9049834245717544,0.9049834245717544,0.9049834245717544
111,30s,MN,1mM 2DG_1h_yes_A_MN_10_1_0013,1.0431705952311399,0.5854689394837775,0.5612398798051365,0.39737609784176575,[3.53365240e-03 9.32641382e-05],[9.32641382e-05 1.23127004e-05],0.41453106051622246,0.007948533658326696,0.9798483424289951,-0.016373178649967818,0.7252837454361083,0.35836721370084434,0.0015698566121013157,1.0431705952311399,1.0431705952311399,1.0431705952311399,1.0431705952311399
111,30s,MN,1mM 2DG_1h_yes_A_MN_10_2_0002,1.1728430952856055,0.35326709731187567,0.3012057612240533,0.551423208515914,[2.28531250e-03 7.33211408e-05],[7.33211408e-05 1.34064140e-05],0.6467329026881243,0.015141171086921722,0.9891951554072543,-0.025988143552467154,0.5671599972683564,0.4251658435700968,0.0004127786603230803,1.1728430952856055,1.1728430952856055,1.1728430952856055,1.1728430952856055
111,30s,MN,1mM 2DG_1h_yes_A_MN_10_2_0003,1.142248560144887,0.323584912355971,0.28328765178301146,0.592178542609176,[1.86208841e-03 6.60940772e-05],[6.60940772e-05 1.29847390e-05],0.676415087644029,0.014717680152217192,0.9908028039127657,-0.027703628361484205,0.5520311736476704,0.42864990182316304,0.00038357704421383866,1.142248560144887,1.142248560144887,1.142248560144887,1.142248560144887
111,30s,MN,1mM 2DG_1h_yes_A_MN_10_2_0004,0.989998939120116,0.3984975227402895,0.4025231815848845,0.6075789109373283,[1.66845872e-03 7.14682396e-05],[7.14682396e-05 1.44356713e-05],0.6015024772597105,0.012702376995956954,0.9877671575632045,-0.02580853759442062,0.6139634630071321,0.47149508762618475,0.0001502792245622599,0.989998939120116,0.989998939120116,0.989998939120116,0.989998939120116
111,30s,MN,1mM 2DG_1h_yes_A_MN_10_2_0005,1.0819257040445636,0.4074065983283184,0.37655690848762535,0.5477209751615932,[2.59419879e-03 9.05479426e-05],[9.05479426e-05 1.64682816e-05],0.5925934016716816,0.015325053148091562,0.9849620826729333,-0.024470863831269223,0.6103976799262127,0.4401066899093921,0.0003004851950466937,1.0819257040445636,1.0819257040445636,1.0819257040445636,1.0819257040445636
111,30s,MN,1mM 2DG_1h_yes_A_MN_10_2_0006,1.048419477777475,0.42274229023147925,0.40321865359430636,0.5505980401968864,[1.65432074e-03 6.01542414e-05],[6.01542414e-05 1.10029260e-05],0.5772577097685208,0.009608380214766562,0.9899067457774472,-0.024492359748413087,0.6261902336610792,0.4485293995265939,0.00025038841147426687,1.048419477777475,1.048419477777475,1.048419477777475,1.048419477777475
111,30s,MN,1mM 2DG_1h_yes_A_MN_10_2_0009,1.1347797463806717,0.35304219843313595,0.31111076802273563,0.5701175083802001,[2.60457378e-03 8.96643891e-05],[8.96643891e-05 1.69610917e-05],0.646957801566864,0.018323759357177043,0.986917948998205,-0.026728056215767196,0.5731268243790723,0.43551815229274266,0.0003315290891541519,1.1347797463806717,1.1347797463806717,1.1347797463806717,1.1347797463806717
111,30s,MN,1mM 2DG_1h_yes_A_MN_10_2_0010,0.7544654064913366,0.6641093901631172,0.880238357450446,0.44520346055222315,[0.01076803 0.00046363],[4.63633791e-04 6.88280510e-05],0.3358906098368828,0.03296926211870453,0.8983828913803595,-0.01412002561358485,0.7940925738917876,0.28545231274705274,0.005938288513038836,0.7544654064913366,0.7544654064913366,0.7544654064913366,0.7544654064913366
111,30s,MN,1mM 2DG_1h_yes_A_MN_10_2_0011,1.1989421298008018,0.3983704762154386,0.33226831079964286,0.5018003028090432,[1.76842556e-03 5.03720282e-05],[5.03720282e-05 8.37759714e-06],0.6016295237845615,0.00844760924975998,0.9920678816375024,-0.023385846238250588,0.591776707399937,0.40139447142386653,0.000673966565928705,1.1989421298008018,1.1989421298008018,1.1989421298008018,1.1989421298008018
111,30s,MN,1mM 2DG_1h_yes_A_MN_10_2_0012,0.8208034033884059,0.2564833855747588,0.31247846258428624,0.9058400724898159,[3.62606745e-04 2.87654839e-05],[2.87654839e-05 8.67949729e-06],0.7435166144252412,0.00988817050656997,0.9960358058012814,-0.03494866875560474,0.553867389491193,0.5130542756974199,5.650051036493042e-05,0.8208034033884059,0.8208034033884059,0.8208034033884059,0.8208034033884059
111,30s,MN,1mM 2DG_1h_yes_A_MN_10_3_0007,0.6645225684322534,0.32750633258328227,0.4928445596000413,1.0119952268939032,[2.59521421e-04 2.95502125e-05],[2.95502125e-05 9.99765213e-06],0.6724936674167177,0.007366679550196036,0.9956152348834644,-0.034372438439140666,0.6284217618848367,0.5521671015853579,2.0892367264387446e-05,0.6645225684322534,0.6645225684322534,0.6645225684322534,0.6645225684322534
111,30s,MN,1mM 2DG_1h_yes_A_MN_10_3_0009,0.8426019935630082,0.39734572910471155,0.4715698896278469,0.7152300558261414,[8.34521730e-04 5.06942131e-05],[5.06942131e-05 1.20740832e-05],0.6026542708952884,0.010472707645831327,0.991754992518075,-0.02807218712609118,0.6361218999913364,0.48748215040924964,0.00010405582831249403,0.8426019935630082,0.8426019935630082,0.8426019935630082,0.8426019935630082
111,30s,MN,1mM 2DG_1h_yes_A_MN_10_3_0010,1.3074797455283067,0.31084565349258575,0.23774414445478384,0.5270860591641143,[5.83558287e-04 1.58483927e-05],[1.58483927e-05 2.76254481e-06],0.6891543465074143,0.003726756162330361,0.9978897688545254,-0.024395306283955445,0.5144886621104681,0.3427107583663488,0.0021099479265588843,1.3074797455283067,1.3074797455283067,1.3074797455283067,1.3074797455283067
111,30s,MN,1mM 2DG_1h_yes_A_MN_10_3_0011,1.0434241284392964,0.5756640408303085,0.5517066599670827,0.4066763913197913,[0.00518801 0.00014009],[1.40093867e-04 1.89279496e-05],0.42433595916969147,0.012546761069740063,0.9691265840304192,-0.018158817047829182,0.7264794988763608,0.43925566999730165,0.00030603145390837395,1.0434241284392964,1.0434241284392964,1.0434241284392964,1.0434241284392964
111,30s,MN,1mM 2DG_1h_yes_A_MN_10_3_0013,0.9172199391192772,0.29025188775298477,0.3164474248474005,0.7738036232929277,[7.44277382e-04 4.43264988e-05],[4.43264988e-05 1.14122836e-05],0.7097481122470153,0.013831229091727397,0.9938042427395147,-0.03233631108569424,0.5613510105508077,0.49158079909650676,9.453642959521155e-05,0.9172199391192772,0.9172199391192772,0.9172199391192772,0.9172199391192772
111,30s,MN,1mM 2DG_1h_yes_A_MN_10_3_0014,0.9864640812531215,0.5737931630179544,0.5816665542338404,0.4320550997058384,[0.00543957 0.00016637],[1.66370362e-04 2.38976004e-05],0.42620683698204564,0.014812768637967523,0.9586298796891524,-0.0190594371665423,0.7305457297092574,0.526146589810238,4.084950716689633e-05,0.9864640812531215,0.9864640812531215,0.9864640812531215,0.9864640812531215
111,30s,MN,1mM 2DG_1h_yes_A_MN_10_3_0017,0.82242752444903,0.26353490668192203,0.3204354169183143,0.8954771957704832,[1.84731243e-04 1.44535272e-05],[1.44535272e-05 4.31112228e-06],0.736465093318078,0.004809343393502071,0.9980736441265508,-0.034375843114493716,0.5575818764412125,0.4850535706872547,0.00011010575831556462,0.82242752444903,0.82242752444903,0.82242752444903,0.82242752444903
111,30s,MN,1mM 2DG_1h_yes_A_MN_10_3_0018,1.2842828189475475,0.33847633148722844,0.26355279888008254,0.5150918931196801,[2.35379025e-03 6.37288534e-05],[6.37288534e-05 1.08614061e-05],0.6615236685127716,0.012309265217716706,0.9915681606526474,-0.02552972607747457,0.5481744725701742,0.38353791808688886,0.0009632212955522759,1.2842828189475475,1.2842828189475475,1.2842828189475475,1.2842828189475475
111,30s,MN,1mM 2DG_1h_yes_A_MN_10_3_0019,1.0440561138335225,0.3077217404639843,0.2947367831927196,0.6630661421004823,[1.32187886e-03 5.81592387e-05],[5.81592387e-05 1.28117215e-05],0.6922782595360157,0.015160855267514048,0.991932266624706,-0.029322864566696288,0.5518545236834884,0.44208862763971574,0.0002879268978359017,1.0440561138335225,1.0440561138335225,1.0440561138335225,1.0440561138335225
111,30s,MN,1mM 2DG_1h_yes_A_MN_10_4_0003,1.147848329397646,0.33134044749498714,0.288662220442368,0.5825330188491923,[8.11065528e-04 2.81640351e-05],[2.81640351e-05 5.44244831e-06],0.6686595525050129,0.005964711415055015,0.9961608585169599,-0.02480317657051186,0.5421306584107461,0.34157867962593763,0.002155050570596714,1.147848329397646,1.147848329397646,1.147848329397646,1.147848329397646
111,30s,MN,1mM 2DG_1h_yes_A_MN_10_4_0006,1.0741577863579743,0.40435946458384975,0.37644326533708405,0.5545186591587457,[9.17205433e-04 3.26770947e-05],[3.26770947e-05 6.01751018e-06],0.5956405354161503,0.005592229048948942,0.9947271046545008,-0.024718149743940415,0.6100194651284572,0.4321350776052814,0.0003562891503382237,1.0741577863579743,1.0741577863579743,1.0741577863579743,1.0741577863579743
111,30s,MN,1mM 2DG_1h_yes_A_MN_10_4_0007,0.9483694412574951,0.6144434211781931,0.647894580368879,0.40654681820048555,[2.05280537e-03 6.18082592e-05],[6.18082592e-05 8.35767025e-06],0.38555657882180694,0.004712609805215198,0.9842626224019393,-0.017366594012390837,0.7593944242296388,0.4838560053246317,0.00011320702666057032,0.9483694412574951,0.9483694412574951,0.9483694412574951,0.9483694412574951
111,30s,MN,1mM 2DG_1h_yes_A_MN_10_4_0009,1.0551089128726332,0.4063640306794608,0.38513941615097963,0.5626300394945101,[2.14436402e-03 7.91035768e-05],[7.91035768e-05 1.47838675e-05],0.5936359693205392,0.0137669071256814,0.9872977052718533,-0.025514338373588283,0.6174698822018995,0.4547161373096016,0.00021863984359818148,1.0551089128726332,1.0551089128726332,1.0551089128726332,1.0551089128726332
111,30s,MN,1mM 2DG_1h_yes_A_MN_10_4_0012,1.0339245741140346,0.5765563895415082,0.5576387330145014,0.4095498076553009,[0.03468244 0.00095302],[0.00095302 0.00012969],0.42344361045849177,0.08748921389633511,0.8160596892081459,-0.02348715330350674,0.759116423231078,0.6414360433508223,1.517187299014341e-06,1.0339245741140346,1.0339245741140346,1.0339245741140346,1.0339245741140346
111,30s,MN,1mM 2DG_1h_yes_A_MN_10_4_0014,1.085222676172508,0.3933134810324131,0.36242652284008453,0.5590433486953305,[2.19273616e-03 7.78487828e-05],[7.78487828e-05 1.44506538e-05],0.606686518967587,0.013650087890032053,0.9874836430421516,-0.025123239678928065,0.601601902157546,0.439484732050097,0.00030452937434078585,1.085222676172508,1.085222676172508,1.085222676172508,1.085222676172508
111,30s,MN,1mM 2DG_1h_yes_A_MN_10_4_0016,1.1367118404405214,0.3693297423056482,0.32491061425252515,0.5548198191108327,[1.16161691e-03 3.88419842e-05],[3.88419842e-05 7.15005841e-06],0.6306702576943518,0.0074483621100921975,0.9943525839595919,-0.024467481619740807,0.5749142949327193,0.37350551570963925,0.0011726074560245473,1.1367118404405214,1.1367118404405214,1.1367118404405214,1.1367118404405214
111,30s,MN,1mM 2DG_1h_yes_A_MN_10_4_0018,1.1652513051823696,0.3216298670220904,0.27601759860011754,0.5821663790127574,[2.47546953e-03 8.44641515e-05],[8.44641515e-05 1.63069894e-05],0.6783701329779096,0.019041807747610905,0.9882957138110119,-0.027710480199870997,0.5492557868346544,0.4314753818514355,0.0003613123258679065,1.1652513051823696,1.1652513051823696,1.1652513051823696,1.1652513051823696
111,30s,MN,1mM 2DG_1h_yes_A_MN_10_5_0005,1.200773487782919,0.28213371212645355,0.23495997787840806,0.5978365571669961,[1.52456596e-03 5.16484483e-05],[5.16484483e-05 1.02335063e-05],0.7178662878735464,0.014470091364194415,0.9932971686087256,-0.02812264425531707,0.5144853098016784,0.4013432785848649,0.0006746658680464878,1.200773487782919,1.200773487782919,1.200773487782919,1.200773487782919
111,30s,MN,1mM 2DG_1h_yes_A_MN_10_5_0008,1.1859990675046803,0.3253585155837866,0.274332859526049,0.568838123823863,[2.83159905e-03 9.25507077e-05],[9.25507077e-05 1.74529067e-05],0.6746414844162134,0.02102613469415026,0.986738389684491,-0.026644913576333626,0.5448415222842145,0.4197307956765744,0.0004624676857457316,1.1859990675046803,1.1859990675046803,1.1859990675046803,1.1859990675046803
111,30s,MN,1mM 2DG_1h_yes_A_MN_10_5_0009,0.6660655320942827,0.3264898341280312,0.49017674447356935,1.011177029014365,[1.10536332e-04 1.25410124e-05],[1.25410124e-05 4.23926747e-06],0.6735101658719689,0.003434524899787965,0.9981749237419819,-0.03495269414316933,0.6313514694894306,0.5594084320478606,1.7222576569210343e-05,0.6660655320942827,0.6660655320942827,0.6660655320942827,0.6660655320942827
111,30s,MN,1mM 2DG_1h_yes_A_MN_10_5_0014,1.1727673431327783,0.3682511856544449,0.3140019099361571,0.5386821333701051,[0.00452536 0.00014185],[1.41845647e-04 2.53365512e-05],0.6317488143455551,0.027146724881951193,0.9792643743489651,-0.026534923677923143,0.5844512179880967,0.45010842695900566,0.0002419037247369327,1.1727673431327783,1.1727673431327783,1.1727673431327783,1.1727673431327783
111,30s,MN,1mM 2DG_1h_yes_A_MN_10_5_0016,1.1596084118198582,0.3372961146537309,0.29087070360621775,0.5714893739915524,[1.41254233e-03 4.75715801e-05],[4.75715801e-05 9.01676843e-06],0.6627038853462691,0.010580604070013794,0.9933397266718084,-0.026157541953685026,0.5547609865638199,0.3963521654105953,0.0007461701803414749,1.1596084118198582,1.1596084118198582,1.1596084118198582,1.1596084118198582
111,30s,MN,1mM 2DG_1h_yes_A_MN_10_5_0017,1.071291660899791,0.6693721350614507,0.6248271684475138,0.30862544441058276,[0.01205916 0.00023984],[2.39841628e-04 2.45827582e-05],0.33062786493854934,0.014459975828774774,0.9319156169646245,-0.014050328293348128,0.7851954964676413,0.44178033307452214,0.00028984794014114335,1.071291660899791,1.071291660899791,1.071291660899791,1.071291660899791
111,30s,MN,1mM 2DG_1h_yes_A_MN_10_5_0018,1.0615815688430963,0.2411819790275195,0.2271911891710383,0.7147995436652455,[3.18336342e-04 1.48159870e-05],[1.48159870e-05 3.51759947e-06],0.7588180209724805,0.0056236150562028586,0.9981290973575795,-0.030527860063848892,0.4982659961798791,0.4019749971994412,0.0006660833832071504,1.0615815688430963,1.0615815688430963,1.0615815688430963,1.0615815688430963
111,30s,MN,1mM 2DG_1h_yes_A_MN_10_5_0021,1.2241014181762129,0.3004004670237504,0.24540488440191227,0.5715208908250283,[1.41266851e-03 4.47755464e-05],[4.47755464e-05 8.47752736e-06],0.6995995329762497,0.01128310265987853,0.9940556780543987,-0.02695709400723474,0.5232342203691427,0.39223333164383406,0.0008104060043089847,1.2241014181762129,1.2241014181762129,1.2241014181762129,1.2241014181762129
111,30s,MN,1mM 2DG_1h_yes_A_MN_10_6_0005,1.3434182401469466,0.5193467076617213,0.3865860177727778,0.3577838069890309,[0.04140126 0.00074054],[7.40540368e-04 8.75480235e-05],0.4806532923382787,0.07151128858892146,0.8909129220903238,-0.021143988739746745,0.6871836845648924,0.41657100470424074,0.0004938451154386943,1.3434182401469466,1.3434182401469466,1.3434182401469466,1.3434182401469466
111,30s,MN,1mM 2DG_1h_yes_A_MN_10_6_0008,1.0548482647053576,0.28707350431532463,0.2721467285112429,0.6758569166190092,[1.98231333e-04 8.78665497e-06],[8.78665497e-06 1.97264470e-06],0.7129264956846754,0.0023800316204553597,0.9988075711874846,-0.028181309963105843,0.525787433735879,0.390325772035006,0.0008418616223040603,1.0548482647053576,1.0548482647053576,1.0548482647053576,1.0548482647053576
111,30s,MN,1mM 2DG_1h_yes_A_MN_10_6_0009,1.1677363574702189,0.3358289446069852,0.287589696474403,0.5687679852941064,[1.59585094e-03 5.30707634e-05],[5.30707634e-05 1.00098262e-05],0.6641710553930148,0.01122983603873158,0.9924945422694033,-0.026672891356738233,0.5559304486581111,0.4173114314088113,0.00048632053140363674,1.1677363574702189,1.1677363574702189,1.1677363574702189,1.1677363574702189
111,30s,MN,1mM 2DG_1h_yes_A_MN_10_6_0010,1.0428226013316582,0.3470188230310773,0.33276879748093585,0.6261670739923378,[1.23509113e-03 5.13857915e-05],[5.13857915e-05 1.06898628e-05],0.6529811769689227,0.011439586537999601,0.9922187553746316,-0.027309870175351334,0.5747243589060318,0.44348704863592203,0.0002793599890660032,1.0428226013316582,1.0428226013316582,1.0428226013316582,1.0428226013316582
111,30s,MN,1mM 2DG_1h_yes_A_MN_10_6_0011,1.0140633555493948,0.30317752984405877,0.2989729667135093,0.6871587128581526,[6.29427369e-04 2.96678140e-05],[2.96678140e-05 6.77545534e-06],0.6968224701559412,0.007392130699163048,0.9960073215523687,-0.02891571721315079,0.5475639957208718,0.407272062056707,0.0005979994836559116,1.0140633555493948,1.0140633555493948,1.0140633555493948,1.0140633555493948
111,30s,MN,1mM 2DG_1h_yes_A_MN_10_6_0012,0.9866513087255016,0.3046374427144363,0.3087589708951475,0.7047703186891754,[9.52203292e-04 4.74957702e-05],[4.74957702e-05 1.11286068e-05],0.6953625572855637,0.01295768097730182,0.9932028542465615,-0.030107813890337003,0.556336706808837,0.4631924042417695,0.00018115687543186505,0.9866513087255016,0.9866513087255016,0.9866513087255016,0.9866513087255016
111,30s,MN,1mM 2DG_1h_yes_A_MN_10_7_0002,1.0901330012687156,0.2972119497324369,0.27263824633006845,0.6446810154812727,[7.66880227e-04 3.12373103e-05],[3.12373103e-05 6.68618580e-06],0.7027880502675631,0.008746231983029517,0.9957451688777418,-0.028559119622319922,0.5355167425649112,0.41651556202027973,0.0004944128689537659,1.0901330012687156,1.0901330012687156,1.0901330012687156,1.0901330012687156
111,30s,MN,1mM 2DG_1h_yes_A_MN_10_7_0004,0.9361126183885611,0.4628520475930748,0.49444056035676087,0.5738069777668204,[0.00381818 0.00016471],[1.64706550e-04 3.14386726e-05],0.5371479524069251,0.023800427272058725,0.9702216773053068,-0.023710610777994016,0.6624410264430853,0.4565276218366244,0.0002100740642558639,0.9361126183885611,0.9361126183885611,0.9361126183885611,0.9361126183885611
111,30s,MN,1mM 2DG_1h_yes_A_MN_10_7_0008,1.0230451453222764,0.4076006742317847,0.3984190493405681,0.5790549209649977,[1.51997375e-03 5.97686343e-05],[5.97686343e-05 1.15011389e-05],0.5923993257682153,0.008700450324606352,0.9892273069677118,-0.024480662865955908,0.6120318366465631,0.46225550995599746,0.0001849865704037237,1.0230451453222764,1.0230451453222764,1.0230451453222764,1.0230451453222764
111,30s,MN,1mM 2DG_1h_yes_A_MN_10_7_0009,0.9910887855591027,0.5778396665364601,0.5830352183941659,0.4259561197893957,[0.00352684 0.00010578],[1.05778798e-04 1.49788727e-05],0.42216033346353987,0.009694006842873524,0.9755161509917563,-0.01883659349731401,0.7338401450212783,0.48423088283322496,0.0001122276695608699,0.9910887855591027,0.9910887855591027,0.9910887855591027,0.9910887855591027
111,30s,MN,1mM 2DG_1h_yes_A_MN_10_7_0019,0.7130725744584876,0.5749944764960765,0.806361788535664,0.5960200107635267,[5.90720999e-04 3.64106421e-05],[3.64106421e-05 7.24326494e-06],0.4250055235039235,0.0038072460087866075,0.9912572401464333,-0.021658250898526167,0.7611113368476206,0.5712331145070842,1.2481045865376912e-05,0.7130725744584876,0.7130725744584876,0.7130725744584876,0.7130725744584876
111,30s,MN,1mM 2DG_1h_yes_A_MN_10_7_0021,1.0624704341454092,0.2888403968399332,0.2718573501504162,0.6693453109893672,[2.89984378e-04 1.26261965e-05],[1.26261965e-05 2.80704334e-06],0.7111596031600669,0.003475501371482876,0.9982953421644992,-0.02857689432257623,0.5294905460770195,0.4020435796367296,0.0006651577447783295,1.0624704341454092,1.0624704341454092,1.0624704341454092,1.0624704341454092
111,30s,MN,1mM 2DG_1h_yes_A_MN_10_7_0022,0.7588697507202901,0.5918420446590432,0.7798993754821423,0.5378498154044866,[0.00244681 0.0001264 ],[1.26401212e-04 2.26676932e-05],0.4081579553409568,0.011811208463588366,0.9682356071411173,-0.020929352921093512,0.7683376249092796,0.5929493621750132,6.753848897784606e-06,0.7588697507202901,0.7588697507202901,0.7588697507202901,0.7588697507202901
111,30s,MN,1mM 2DG_1h_yes_A_MN_10_7_0023,0.3945935055751704,0.7048537776185438,1.786278201895719,0.7479753675906117,[0.0011672  0.00018343],[1.83432976e-04 4.85566256e-05],0.29514622238145616,0.010051740979689803,0.9502446850523208,-0.0188972026831721,0.8825755538061354,0.7495653334605071,2.281927725166061e-08,0.3945935055751704,0.3945935055751704,0.3945935055751704,0.3945935055751704
111,30s,MN,1mM 2DG_1h_yes_A_MN_10_7_0024,1.0806649451807389,0.47877843851614643,0.4430405933414189,0.48231560004630336,[2.60938667e-03 8.03080546e-05],[8.03080546e-05 1.28619968e-05],0.5212215614838536,0.009967912316654665,0.9855019890918758,-0.021919880813186073,0.660411527448896,0.4361093631797785,0.0003273691663655993,1.0806649451807389,1.0806649451807389,1.0806649451807389,1.0806649451807389
111,30s,MN,1mM 2DG_1h_yes_A_MN_10_7_0026,1.2382250522749982,0.4332897822398534,0.349928134181882,0.45767949591952334,[1.86229126e-03 4.66663632e-05],[4.66663632e-05 7.07363856e-06],0.5667102177601466,0.006559010301959202,0.9922142517482164,-0.021485050940369843,0.6109267505104305,0.3896348990822349,0.0008535309199898623,1.2382250522749982,1.2382250522749982,1.2382250522749982,1.2382250522749982
111,30s,MN,1mM 2DG_1h_yes_A_MN_10_7_0028,1.5966107773480689,0.43576531012124897,0.2729314597544208,0.35339526569896446,[0.00691317 0.00010088],[1.00875548e-04 1.16884738e-05],0.564234689878751,0.011551190023196649,0.9844026667446948,-0.01672975099899391,0.5763567041483836,0.26695944371627106,0.008181982558034527,1.5966107773480689,1.5966107773480689,1.5966107773480689,1.5966107773480689
111,30s,MN,1mM 2DG_1h_yes_A_MN_10_8_0001,0.925839875822781,0.302424274040106,0.3266485727581627,0.7534518054107014,[2.07485055e-04 1.19029032e-05],[1.19029032e-05 2.98363261e-06],0.697575725959894,0.003205560426254835,0.9983149637596577,-0.03013867196374968,0.5586311994890282,0.44217465734182676,0.0002873929354104806,0.925839875822781,0.925839875822781,0.925839875822781,0.925839875822781
111,30s,MN,1mM 2DG_1h_yes_A_MN_10_8_0006,1.0261954030915708,0.34177739856315875,0.3330529424839577,0.6414203371539621,[7.02282339e-04 3.04825269e-05],[3.04825269e-05 6.49717208e-06],0.6582226014368413,0.005561916930071627,0.9957580678801136,-0.02655931477699447,0.5679162136035298,0.37875550055703655,0.0010582720400474544,1.0261954030915708,1.0261954030915708,1.0261954030915708,1.0261954030915708
111,30s,MN,1mM 2DG_1h_yes_A_MN_10_8_0007,1.187173936209062,0.5348904972453523,0.4505578171244132,0.3917787348329568,[2.81334250e-03 6.32616018e-05],[6.32616018e-05 8.21620748e-06],0.4651095027546477,0.0063100983992524185,0.9874612194811117,-0.018096918866194585,0.6851375911235398,0.3887391381526201,0.0008688844812703567,1.187173936209062,1.187173936209062,1.187173936209062,1.187173936209062
111,30s,MN,1mM 2DG_1h_yes_A_MN_10_8_0010,1.2096758032094768,0.5324809524366377,0.4401848421071784,0.38648292899878983,[0.00475668 0.00010332],[1.03316137e-04 1.32315996e-05],0.46751904756336227,0.010080250073830708,0.9802057068734678,-0.016964636088536336,0.6757797506635076,0.33273710940423573,0.002539527600697973,1.2096758032094768,1.2096758032094768,1.2096758032094768,1.2096758032094768
111,30s,MN,1mM 2DG_1h_yes_A_MN_10_8_0011,0.9833042867194633,0.4997503427798629,0.5082357003111914,0.5087434927077241,[0.00309439 0.00011185],[1.11851114e-04 1.89188359e-05],0.5002496572201371,0.01331613933642882,0.9785888575312566,-0.023011738445722633,0.6894284588642436,0.5021391281775701,7.358799950658336e-05,0.9833042867194633,0.9833042867194633,0.9833042867194633,0.9833042867194633
111,30s,MN,1mM 2DG_1h_yes_A_MN_10_8_0016,0.6729567129598084,0.6450727331216776,0.9585649726035259,0.5274147059433822,[0.00176706 0.00010329],[1.03286444e-04 1.82056713e-05],0.35492726687832243,0.008181411435114779,0.9717508367731277,-0.019429347697165224,0.8111612542451392,0.6178343763757663,3.2108473271263677e-06,0.6729567129598084,0.6729567129598084,0.6729567129598084,0.6729567129598084
111,30s,MN,1mM 2DG_1h_yes_A_MN_10_8_0019,0.9187125798052054,0.6227972276818184,0.6779021441220171,0.41057756322239525,[0.00731183 0.00023062],[2.30623649e-04 3.15043322e-05],0.37720277231818156,0.01792645466318362,0.939664393997931,-0.018750472242269042,0.7756410927202142,0.5825972954992852,9.085327651158523e-06,0.9187125798052054,0.9187125798052054,0.9187125798052054,0.9187125798052054
111,30s,MN,1mM 2DG_1h_yes_A_MN_10_8_0022,0.7036802170217905,0.4388807069566147,0.6236933998430484,0.7974066621031771,[7.78280877e-04 6.52029950e-05],[6.52029950e-05 1.73583163e-05],0.5611192930433853,0.01151056994798813,0.9889316598863961,-0.02894651497484512,0.6888238362875472,0.5443594563652094,2.564534199735748e-05,0.7036802170217905,0.7036802170217905,0.7036802170217905,0.7036802170217905
111,30s,MN,1mM 2DG_1h_yes_A_MN_10_8_0024,1.1528193498073371,0.335188555773003,0.2907554907271645,0.5766831068008205,[1.13221041e-03 3.87320731e-05],[3.87320731e-05 7.40886598e-06],0.664811444226997,0.00854800787157611,0.9945565184095922,-0.026676580102790344,0.5561475231120956,0.41090821194518556,0.000555061666161873,1.1528193498073371,1.1528193498073371,1.1528193498073371,1.1528193498073371
111,30s,MN,1mM 2DG_1h_yes_A_MN_10_8_0025,1.024239987479834,0.37112456313875125,0.3623414118520326,0.6139922718782063,[0.00287955 0.0001199 ],[1.19902458e-04 2.44642714e-05],0.6288754368612488,0.023719803292764522,0.9808996710269186,-0.02784685866808876,0.6001781354492759,0.49830810984215973,8.06357440812046e-05,1.024239987479834,1.024239987479834,1.024239987479834,1.024239987479834
111,30s,MN,1mM 2DG_1h_yes_A_MN_10_8_0027,0.8946639980299107,0.26657166382888947,0.2979572939292203,0.819780764383223,[3.09659221e-04 2.01086818e-05],[2.01086818e-05 5.48615937e-06],0.7334283361711105,0.006607312035597435,0.9972663348371943,-0.03293732794118004,0.5454536159188714,0.47406184389875405,0.00014176614203151788,0.8946639980299107,0.8946639980299107,0.8946639980299107,0.8946639980299107
111,30s,MN,1mM 2DG_1h_yes_A_MN_10_8_0028,1.0599432464979315,0.28496909549576876,0.2688531640135554,0.6745935755208632,[3.80375504e-04 1.67369355e-05],[1.67369355e-05 3.75024148e-06],0.7150309045042312,0.004663356993598429,0.9977247627149527,-0.029146537464272468,0.529285825342984,0.41822865845960305,0.00047714648330027525,1.0599432464979315,1.0599432464979315,1.0599432464979315,1.0599432464979315
