reporter,time_int,cell,cell_id,k,b,b/k,abs(1-b)/k,k_cov,b_cov,1-b,chi-sq,R-sq,lin_slope,lin_intercept,lin_r_sq,lin_pval,adj_k_0.70,adj_k_0.70_cond,adj_k_0.80,adj_k_0.80_cond
111,30s,MN,50mM 2DG_1h_yes_A_MN_0_1_0003,0.6018060719455478,0.48455531759668435,0.805168542135493,0.8564963140650295,[3.24717673e-04 3.52616788e-05],[3.52616788e-05 1.01335642e-05],0.5154446824033156,0.005278702011709541,0.9931641972515317,-0.02832008376325662,0.7329011820575713,0.6295521054957846,2.2257757991894088e-06,0.6018060719455478,0.6018060719455478,0.6018060719455478,0.6018060719455478
111,30s,MN,50mM 2DG_1h_yes_A_MN_0_1_0008,0.8074838397329015,0.34677704792184,0.4294538551217898,0.808961021801046,[3.09225374e-04 2.23314735e-05],[2.23314735e-05 6.01860576e-06],0.6532229520781601,0.005144298803302296,0.9965954937838728,-0.030959051297763107,0.6112217370764078,0.5035157711218186,7.1197398610112e-05,0.8074838397329015,0.8074838397329015,0.8074838397329015,0.8074838397329015
111,30s,MN,50mM 2DG_1h_yes_A_MN_0_1_0009,0.5492359800110758,0.6244336802238809,1.1369132812662577,0.6837977362090253,[0.00184709 0.00017886],[1.78863744e-04 4.12588823e-05],0.3755663197761191,0.015604584683773124,0.9577808588491149,-0.021310830783813423,0.8149053872775238,0.5942303172792235,6.507249115837673e-06,0.5492359800110758,0.5492359800110758,0.5492359800110758,0.5492359800110758
111,30s,MN,50mM 2DG_1h_yes_A_MN_0_1_0012,1.767182454438919e-05,-514.4382132152338,-29110645.135879193,29167232.38851336,[3.33820785e-04 9.73574115e+03],[9.73574115e+03 2.83938748e+11],515.4382132152338,0.006310398504527105,0.8378303321160875,-0.009735289465976533,1.005122517565009,0.842605921197371,1.0368594402923138e-10,1.767182454438919e-05,1.767182454438919e-05,1.767182454438919e-05,1.767182454438919e-05
111,30s,MN,50mM 2DG_1h_yes_A_MN_0_1_0014,0.8226853368838881,0.4478467219220946,0.5443718294754324,0.6711597415474965,[1.29432134e-03 7.58730588e-05],[7.58730588e-05 1.69618795e-05],0.5521532780779054,0.011575121093847097,0.9850142170630091,-0.02543383754245432,0.6642171617036153,0.5249115679553784,4.213374488142999e-05,0.8226853368838881,0.8226853368838881,0.8226853368838881,0.8226853368838881
111,30s,MN,50mM 2DG_1h_yes_A_MN_0_1_0015,0.6381326620075627,0.3384750079128639,0.5304147994055388,1.0366574718272237,[7.38238823e-04 9.04058657e-05],[9.04058657e-05 3.13717215e-05],0.6615249920871361,0.02403474835485791,0.9858107151503697,-0.03561687724926115,0.647206475361775,0.6327521638928992,2.009908583784517e-06,0.6381326620075627,0.6381326620075627,0.6381326620075627,0.6381326620075627
111,30s,MN,50mM 2DG_1h_yes_A_MN_0_1_0017,0.6945392212171628,0.3674185183965501,0.5290104679080012,0.910793029794439,[1.44174663e-04 1.40133058e-05],[1.40133058e-05 4.26227867e-06],0.6325814816034498,0.0028536208327927313,0.9977537531666344,-0.0319224897658753,0.64462329426763,0.5526148739070829,2.0646087669895098e-05,0.6945392212171628,0.6945392212171628,0.6945392212171628,0.6945392212171628
111,30s,MN,50mM 2DG_1h_yes_A_MN_0_1_0018,0.7844720932844443,0.4150989815548431,0.5291443572159437,0.7455982481113903,[6.84689637e-04 4.71495314e-05],[4.71495314e-05 1.17161178e-05],0.5849010184451569,0.008800760340144088,0.9916532112659816,-0.028417210737463935,0.6568952819835387,0.5439174669070552,2.5942070949762565e-05,0.7844720932844443,0.7844720932844443,0.7844720932844443,0.7844720932844443
111,30s,MN,50mM 2DG_1h_yes_A_MN_0_1_0019,0.7397797483054837,0.3510317800589903,0.4745085018386252,0.8772451819984476,[3.84983637e-04 3.34318894e-05],[3.34318894e-05 9.78239851e-06],0.6489682199410097,0.0075230282077676045,0.9946200344585467,-0.03207879481536106,0.6263437507492464,0.5562222683931656,1.8757257684475043e-05,0.7397797483054837,0.7397797483054837,0.7397797483054837,0.7397797483054837
111,30s,MN,50mM 2DG_1h_yes_A_MN_0_1_0020,0.7457879996042244,0.5075840670367425,0.6806010116897936,0.6602626124643644,[1.13326856e-03 7.33636722e-05],[7.33636722e-05 1.61549502e-05],0.4924159329632575,0.009915709399921152,0.9849143519450826,-0.02448000711156759,0.7172502410656628,0.5469457079660067,2.3970761114285904e-05,0.7457879996042244,0.7457879996042244,0.7457879996042244,0.7457879996042244
111,30s,MN,50mM 2DG_1h_yes_A_MN_0_2_0002,0.7221588603592164,0.4322961830133331,0.5986164634167893,0.786120406671019,[3.92854027e-04 3.14599342e-05],[3.14599342e-05 8.25257053e-06],0.5677038169866668,0.00541732053523438,0.9943926585786428,-0.027208672023448302,0.6700364499972257,0.5028559015428966,7.23342114965555e-05,0.7221588603592164,0.7221588603592164,0.7221588603592164,0.7221588603592164
111,30s,MN,50mM 2DG_1h_yes_A_MN_0_2_0004,1.0437288823508128,0.38223067971914015,0.36621644392769304,0.5918867732101509,[1.12167652e-03 4.40687991e-05],[4.40687991e-05 8.66569942e-06],0.6177693202808598,0.007078051936595119,0.9926027390533747,-0.02500128049465054,0.591796863941841,0.4357130518318915,0.00033015234983405436,1.0437288823508128,1.0437288823508128,1.0437288823508128,1.0437288823508128
111,30s,MN,50mM 2DG_1h_yes_A_MN_0_2_0005,1.0338548182402103,0.44867360413804647,0.43398124787169073,0.5332725505892607,[1.52081797e-03 5.44184860e-05],[5.44184860e-05 9.64238425e-06],0.5513263958619535,0.007443560580857065,0.98970340867413,-0.022615317973554507,0.6378055586322473,0.447755078966039,0.00025464887550208555,1.0338548182402103,1.0338548182402103,1.0338548182402103,1.0338548182402103
111,30s,MN,50mM 2DG_1h_yes_A_MN_0_2_0006,0.8735064103523869,0.4471519106947659,0.5119045554735855,0.6329067340011919,[0.00274204 0.00014134],[1.41342415e-04 2.97785217e-05],0.5528480893052341,0.022840973894941018,0.9742532674443698,-0.026454252048889293,0.6677689530081312,0.5373573616241057,3.07344325853597e-05,0.8735064103523869,0.8735064103523869,0.8735064103523869,0.8735064103523869
111,30s,MN,50mM 2DG_1h_yes_A_MN_0_2_0007,0.9268152552066014,0.4903513450591465,0.5290712925844533,0.5498923891010458,[2.05651404e-03 8.59988643e-05],[8.59988643e-05 1.57326795e-05],0.5096486549408534,0.01134970262711253,0.9829425369917214,-0.022973886188219734,0.6826199787577956,0.4929896834135063,9.145434115426282e-05,0.9268152552066014,0.9268152552066014,0.9268152552066014,0.9268152552066014
111,30s,MN,50mM 2DG_1h_yes_A_MN_0_2_0008,0.22513367828815714,0.729061709602875,3.2383502776946647,1.2034551758637408,[0.0004183  0.00018869],[1.88688834e-04 9.99735598e-05],0.270938290397125,0.005090349679475916,0.9676682572824771,-0.01871082265150595,0.9360800826699849,0.8763256848127117,6.365284691543805e-12,0.22513367828815714,0.22513367828815714,0.22513367828815714,0.22513367828815714
111,30s,MN,50mM 2DG_1h_yes_A_MN_0_2_0009,1.09056382159656,0.4394788559900299,0.4029831608998757,0.5139737197492763,[0.00422399 0.00013711],[1.37110400e-04 2.33974521e-05],0.5605211440099701,0.019270947022404547,0.9739414297786335,-0.023396863674358497,0.6313190083921477,0.48917961290286255,0.00010001093704347482,1.09056382159656,1.09056382159656,1.09056382159656,1.09056382159656
111,30s,MN,50mM 2DG_1h_yes_A_MN_0_2_0010,0.8613589256030889,0.41587368094224636,0.48281113549855925,0.6781450817947604,[8.37051646e-04 4.69899932e-05],[4.69899932e-05 1.06091378e-05],0.5841263190577537,0.00793833175787277,0.9915857873605217,-0.026791442353956234,0.6424106024852148,0.5094165191708537,6.173936209920682e-05,0.8613589256030889,0.8613589256030889,0.8613589256030889,0.8613589256030889
111,30s,MN,50mM 2DG_1h_yes_A_MN_0_3_0001,0.8554955153937911,0.4516785305419017,0.5279729962511734,0.6409402031823647,[1.50482995e-03 8.04802857e-05],[8.04802857e-05 1.71747021e-05],0.5483214694580982,0.012278782470254726,0.9843728384062127,-0.02488815183442126,0.6627013525131686,0.5062391891733926,6.667759078897584e-05,0.8554955153937911,0.8554955153937911,0.8554955153937911,0.8554955153937911
111,30s,MN,50mM 2DG_1h_yes_A_MN_0_3_0002,0.4770541971508892,0.36208285352734004,0.7589973124433397,1.3372005744472903,[0.00053589 0.0001203 ],[1.20296542e-04 5.50260733e-05],0.63791714647266,0.02608763607421752,0.982672049716255,-0.03888572162802374,0.713536699947728,0.7245463722435111,6.926162924229702e-08,0.4770541971508892,0.4770541971508892,0.4770541971508892,0.4770541971508892
111,30s,MN,50mM 2DG_1h_yes_A_MN_0_3_0003,1.101922285399122,0.4132334498363043,0.37501142803970877,0.5324935868332727,[5.64057329e-04 1.87480670e-05],[1.87480670e-05 3.31403287e-06],0.5867665501636957,0.0028573358332370643,0.9968991082049583,-0.022486314856705207,0.603348994496435,0.37809615366265464,0.0010720395997135027,1.101922285399122,1.101922285399122,1.101922285399122,1.101922285399122
111,30s,MN,50mM 2DG_1h_yes_A_MN_0_3_0007,0.3757577891393058,0.6223066239990692,1.6561376556544505,1.0051511556581663,[0.00060955 0.00013618],[1.36182888e-04 4.90363946e-05],0.3776933760009308,0.010061099001885843,0.9709996910998503,-0.024594480033087292,0.8554726823559577,0.8012453938773069,1.5520526750170387e-09,0.3757577891393058,0.3757577891393058,0.3757577891393058,0.3757577891393058
111,30s,MN,50mM 2DG_1h_yes_A_MN_0_3_0008,1.0199135445240115,0.47163228438023325,0.4624237876950067,0.5180514745162575,[1.37874484e-03 4.86733769e-05],[4.86733769e-05 8.37971039e-06],0.5283677156197668,0.006377464375354462,0.9905372730977741,-0.02162504811041434,0.653408959504648,0.4354327479514789,0.00033213404374929454,1.0199135445240115,1.0199135445240115,1.0199135445240115,1.0199135445240115
111,30s,MN,50mM 2DG_1h_yes_A_MN_0_3_0010,0.8582402085003406,0.5798055177520706,0.6755748705425988,0.4896000887469055,[0.00326533 0.0001329 ],[1.32902283e-04 2.16641661e-05],0.42019448224792944,0.012980020849725759,0.966912751686883,-0.020450144253338853,0.7496564908362222,0.5726951476747573,1.1986857825034734e-05,0.8582402085003406,0.8582402085003406,0.8582402085003406,0.8582402085003406
111,30s,MN,50mM 2DG_1h_yes_A_MN_0_3_0014,0.9146042819274971,0.4771691580130944,0.5217219812348536,0.571647052520963,[0.00255702 0.00011287],[1.12873715e-04 2.14689953e-05],0.5228308419869057,0.015990857656110587,0.9778869936218404,-0.02460437214350628,0.6809575937926862,0.5407196014904393,2.8184915472483516e-05,0.9146042819274971,0.9146042819274971,0.9146042819274971,0.9146042819274971
111,30s,MN,50mM 2DG_1h_yes_A_MN_0_3_0016,0.1456594655776914,0.6699186489386781,4.599211223807209,2.2661167247333065,[0.00025226 0.00029687],[0.00029687 0.00036968],0.33008135106132186,0.004643910454474392,0.9730577737051751,-0.020688952001324354,0.9490781421271435,0.9637648651906611,4.5052014448379226e-18,0.1456594655776914,0.1456594655776914,0.1456594655776914,0.1456594655776914
111,30s,MN,50mM 2DG_1h_yes_A_MN_0_3_0018,0.8542519302634044,0.3319535285373771,0.3885897318780665,0.7820251237320985,[4.74847332e-04 3.10381116e-05],[3.10381116e-05 8.08173546e-06],0.6680464714626229,0.00833839859624622,0.9953418954966907,-0.029573503771214614,0.5860982603917959,0.45314742560547283,0.00022631720744541333,0.8542519302634044,0.8542519302634044,0.8542519302634044,0.8542519302634044
111,30s,MN,50mM 2DG_1h_yes_A_MN_0_3_0022,0.9975797802191135,0.528542267280977,0.5298245591594541,0.47260153229596297,[2.14937858e-03 7.09930451e-05],[7.09930451e-05 1.11530384e-05],0.471457732719023,0.008028206255721055,0.9849230449462502,-0.020522298085407512,0.6992191280909376,0.4739843471973536,0.00014201651559542355,0.9975797802191135,0.9975797802191135,0.9975797802191135,0.9975797802191135
111,30s,MN,50mM 2DG_1h_yes_A_MN_0_3_0024,0.8748070212669785,0.3735336570825933,0.42698977946199657,0.7161194728525369,[1.07584861e-03 6.26389389e-05],[6.26389389e-05 1.49318743e-05],0.6264663429174067,0.013906628888324774,0.9898505333180097,-0.028858822621058655,0.616886305532401,0.5023349852468617,7.324342990571247e-05,0.8748070212669785,0.8748070212669785,0.8748070212669785,0.8748070212669785
111,30s,MN,50mM 2DG_1h_yes_A_MN_0_4_0003,0.19629050184313812,0.5247122078269884,2.6731410990344417,2.421348907410859,[0.01372571 0.01397089],[0.01397089 0.01597519],0.47528779217301165,0.6131254689053093,0.289108874035218,-0.028072932042293518,0.8646361249496674,0.4095971967667812,0.0005702021528959921,,,,
111,30s,MN,50mM 2DG_1h_yes_A_MN_0_4_0004,0.9768218408960382,0.3655563795540742,0.37423035015141504,0.6494977834074134,[0.00579072 0.00026926],[2.69256155e-04 5.81475177e-05],0.6344436204459258,0.05858795571525961,0.9589117574206802,-0.023886272949226392,0.5740962043190301,0.3388145267937285,0.0022689820475016802,0.9768218408960382,0.9768218408960382,0.9768218408960382,0.9768218408960382
111,30s,MN,50mM 2DG_1h_yes_A_MN_0_4_0005,0.9927521036177536,0.4135362665244114,0.4165554170244682,0.5907453948860117,[1.28585837e-03 5.33837725e-05],[5.33837725e-05 1.04837519e-05],0.5864637334755887,0.00829470921831242,0.9907407833728806,-0.023611797610892146,0.6144191756176299,0.41080823121668836,0.000556203054331395,0.9927521036177536,0.9927521036177536,0.9927521036177536,0.9927521036177536
111,30s,MN,50mM 2DG_1h_yes_A_MN_0_4_0008,0.8035902979755345,0.30277892074942186,0.37678269823840016,0.8676325249409684,[1.51772086e-04 1.18224323e-05],[1.18224323e-05 3.41757295e-06],0.6972210792505782,0.0032842747693614845,0.998252783270529,-0.03259925695066716,0.5819624290815388,0.50605352659402,6.697710899149779e-05,0.8035902979755345,0.8035902979755345,0.8035902979755345,0.8035902979755345
111,30s,MN,50mM 2DG_1h_yes_A_MN_0_4_0011,0.8095451714587171,0.2947333462916126,0.36407276169720515,0.8711887595321821,[6.67133275e-04 5.17297307e-05],[5.17297307e-05 1.50138051e-05],0.7052666537083874,0.013931042279496781,0.9921978132386133,-0.0331617898024837,0.5769182022421407,0.5299240486296576,3.7141845765718374e-05,0.8095451714587171,0.8095451714587171,0.8095451714587171,0.8095451714587171
111,30s,MN,50mM 2DG_1h_yes_A_MN_0_4_0015,1.1029785207763392,0.5816585469890974,0.5273525603922848,0.37928340863469406,[0.03336006 0.00078893],[7.88931650e-04 9.93304605e-05],0.41834145301090264,0.06674617921379575,0.8516915216102836,-0.010804979395124674,0.6864424220996754,0.13925414196226552,0.0661613545484002,1.1029785207763392,1.1029785207763392,1.1029785207763392,1.1029785207763392
111,30s,MN,50mM 2DG_1h_yes_A_MN_0_4_0020,0.7504921568170854,0.3955961690968011,0.5271156607079883,0.8053433009433941,[3.82202491e-04 2.99550711e-05],[2.99550711e-05 8.04484095e-06],0.6044038309031989,0.005608138030644299,0.9947949471213214,-0.029243030875867996,0.6472054817756683,0.5384665095354983,2.987083775529247e-05,0.7504921568170854,0.7504921568170854,0.7504921568170854,0.7504921568170854
111,30s,MN,50mM 2DG_1h_yes_A_MN_0_4_0022,0.4244037594036233,0.3018688273268578,0.7112774584067001,1.644969341586803,[1.65812116e-04 5.26311210e-05],[5.26311210e-05 3.01705851e-05],0.6981311726731422,0.012477348609391528,0.9935157381346162,-0.04327671239074958,0.70499131784537,0.7289702946501163,5.733816914013431e-08,0.4244037594036233,0.4244037594036233,0.4244037594036233,0.4244037594036233
111,30s,MN,50mM 2DG_1h_yes_A_MN_0_5_0003,0.9831965048605626,0.2726251835643443,0.27728453286457533,0.7398061454040791,[0.00222371 0.0001169 ],[1.16900734e-04 2.87535159e-05],0.7273748164356557,0.025535051212400676,0.9815844112935204,-0.02982474806549794,0.5231125149542846,0.4773637278897838,0.00013146934571919245,0.9831965048605626,0.9831965048605626,0.9831965048605626,0.9831965048605626
111,30s,MN,50mM 2DG_1h_yes_A_MN_0_5_0004,1.0268471058565278,0.3469156272232918,0.3378454545420545,0.6360093621064924,[8.84740132e-04 3.80506190e-05],[3.8050619e-05 8.0417833e-06],0.6530843727767082,0.007262806531820402,0.9945898980408516,-0.02780689130838939,0.5796867448879686,0.42768811135498164,0.0003914410599534822,1.0268471058565278,1.0268471058565278,1.0268471058565278,1.0268471058565278
111,30s,MN,50mM 2DG_1h_yes_A_MN_0_5_0005,0.7727365816397127,0.44132957682207385,0.5711255132837015,0.7229765439504007,[4.91564169e-04 3.34119368e-05],[3.34119368e-05 8.05215460e-06],0.5586704231779261,0.005063219399885368,0.9944172811767594,-0.026613807541674805,0.6719655831176142,0.46877509103432763,0.00015981376454242134,0.7727365816397127,0.7727365816397127,0.7727365816397127,0.7727365816397127
111,30s,MN,50mM 2DG_1h_yes_A_MN_0_5_0006,0.218568099639035,0.4563425480542304,2.0878735222929588,2.487359559073896,[0.00011511 0.00011011],[0.00011011 0.0001224 ],0.5436574519457695,0.006740487176902717,0.9908232750250596,-0.03786431402938102,0.8784277338091497,0.9071629151556525,2.314995175740266e-13,0.218568099639035,0.218568099639035,0.218568099639035,0.218568099639035
111,30s,MN,50mM 2DG_1h_yes_A_MN_0_6_0008,0.6485224524396387,0.4715891984087278,0.727174821218115,0.8147918389000635,[0.00147353 0.0001391 ],[1.39101279e-04 3.79185682e-05],0.5284108015912722,0.021520857342129697,0.9723853202962633,-0.028786236043653587,0.7188133312505851,0.6563036279528892,9.228246661640162e-07,0.6485224524396387,0.6485224524396387,0.6485224524396387,0.6485224524396387
111,30s,MN,50mM 2DG_1h_yes_A_MN_0_6_0009,0.8219812276395001,0.41487099616043716,0.5047207675920172,0.7118520279591902,[0.00232045 0.00014442],[1.44416619e-04 3.42429715e-05],0.5851290038395629,0.027161056439671115,0.9743110394584772,-0.028892742276496037,0.6564744632884671,0.5754769151531068,1.1095914011912341e-05,0.8219812276395001,0.8219812276395001,0.8219812276395001,0.8219812276395001
111,30s,MN,50mM 2DG_1h_yes_A_MN_0_6_0013,0.8830306371007028,0.3946971986232451,0.4469801862358632,0.685483352383078,[3.44876380e-04 1.90130178e-05],[1.90130178e-05 4.33802252e-06],0.605302801376755,0.0037431136996332816,0.9967876270945022,-0.027110974041250055,0.6246643696709574,0.48058909366347385,0.00012208169233300582,0.8830306371007028,0.8830306371007028,0.8830306371007028,0.8830306371007028
111,30s,MN,50mM 2DG_1h_yes_A_MN_0_6_0014,0.7870480142006038,0.4920764048792737,0.6252177707087799,0.6453527433604148,[0.00182357 0.00010827],[1.08273222e-04 2.32863742e-05],0.5079235951207264,0.013537435103131785,0.976562125730457,-0.024400914373779906,0.6990561789019077,0.5654134946748521,1.4639648605298142e-05,0.7870480142006038,0.7870480142006038,0.7870480142006038,0.7870480142006038
111,30s,MN,50mM 2DG_1h_yes_A_MN_0_6_0015,0.2267572080414343,0.5304926685528892,2.339474335280909,2.070528807010712,[0.00020392 0.00015726],[0.00015726 0.00014284],0.46950733144711077,0.007891206101289568,0.9830422590707291,-0.03188521443712886,0.8835957985981764,0.9149773039587488,8.388844040383793e-14,0.2267572080414343,0.2267572080414343,0.2267572080414343,0.2267572080414343
111,30s,MN,50mM 2DG_1h_yes_A_MN_0_6_0016,1.4144685919519988,0.4946021461782081,0.34967347383489505,0.3573058155531975,[5.56121261e-03 9.38150800e-05],[9.38150800e-05 1.10557782e-05],0.5053978538217919,0.00938631840604388,0.9835666683372926,-0.015578553165588234,0.6276943876534382,0.2658597217119438,0.008337877366857066,1.4144685919519988,1.4144685919519988,1.4144685919519988,1.4144685919519988
111,30s,MN,50mM 2DG_1h_yes_A_MN_0_6_0017,0.9980375421972908,0.44289807817634474,0.44376895602669947,0.5581973605893956,[0.00384485 0.00014992],[1.49915645e-04 2.78172785e-05],0.5571019218236553,0.022686178469165916,0.9724730430231956,-0.024884960183448716,0.6478343893179564,0.5100599733140989,6.078129381330282e-05,0.9980375421972908,0.9980375421972908,0.9980375421972908,0.9980375421972908
111,30s,MN,50mM 2DG_1h_yes_A_MN_0_6_0018,1.2537818649733667,0.44095289514642655,0.3516982558651009,0.4458886513448246,[0.02417967 0.00058212],[5.82118349e-04 8.59370144e-05],0.5590471048535735,0.08164904294416121,0.9101582746455793,-0.019327698828612593,0.604568313308933,0.2982853968193112,0.004736699441130689,1.2537818649733667,1.2537818649733667,1.2537818649733667,1.2537818649733667
111,30s,MN,50mM 2DG_1h_yes_A_MN_0_6_0019,0.5433424831447149,0.8972219160287953,1.6513008716637154,0.18915893227482192,[0.02076017 0.00056342],[5.63423800e-04 3.59812859e-05],0.10277808397120469,0.009807127740730772,0.4605044677694762,-0.0059090139110945005,0.9476218290470194,0.6775366955461521,4.36997494699712e-07,0.0,0.0,0.0,0.0
111,30s,MN,50mM 2DG_1h_yes_A_MN_0_6_0023,0.5907206931335544,0.2709357035449787,0.4586528061303646,1.2341946116490443,[1.06418977e-04 1.70307940e-05],[1.70307940e-05 7.05906747e-06],0.7290642964550214,0.004134232591352711,0.9976399050246672,-0.03973558218128549,0.6217391122748059,0.6254834043456184,2.5309413956052496e-06,0.5907206931335544,0.5907206931335544,0.5907206931335544,0.5907206931335544
111,30s,MN,50mM 2DG_1h_yes_A_MN_0_6_0024,0.43938195935214197,0.2915496845619122,0.6635449598153623,1.6123791620454344,[2.08630962e-04 6.23012286e-05],[6.23012286e-05 3.47876141e-05],0.7084503154380878,0.017665655395402678,0.9925148450093503,-0.04385091359984521,0.6968422592460561,0.7094705492505274,1.2903624156268612e-07,0.43938195935214197,0.43938195935214197,0.43938195935214197,0.43938195935214197
111,30s,MN,50mM 2DG_1h_yes_A_MN_0_7_0003,0.8371921470741263,0.30478074095343244,0.36405112257514605,0.8304177977257254,[6.62361985e-04 4.70688357e-05],[4.70688357e-05 1.30169539e-05],0.6952192590465676,0.0128016797027319,0.9929761474457314,-0.032590040999014996,0.5806711138584493,0.5210699313661523,4.6370024313728987e-05,0.8371921470741263,0.8371921470741263,0.8371921470741263,0.8371921470741263
111,30s,MN,50mM 2DG_1h_yes_A_MN_0_7_0005,0.5656688684287493,0.6228937708706971,1.101163252276726,0.6666554413305186,[0.0027508  0.00025059],[2.50590761e-04 5.62429484e-05],0.3771062291293029,0.022531509795824294,0.935782157444798,-0.022312176953687278,0.8166465080761117,0.7040151364557322,1.6037016313537914e-07,0.5656688684287493,0.5656688684287493,0.5656688684287493,0.5656688684287493
111,30s,MN,50mM 2DG_1h_yes_A_MN_0_7_0006,0.5033579283614436,0.3879484349198508,0.7707208192443107,1.215937071007366,[3.71796694e-04 7.11427342e-05],[7.11427342e-05 2.94063022e-05],0.6120515650801492,0.013606104869314531,0.9888268308743874,-0.035886102683728285,0.7111394304379483,0.6937714127402411,2.3872314552748546e-07,0.5033579283614436,0.5033579283614436,0.5033579283614436,0.5033579283614436
111,30s,MN,50mM 2DG_1h_yes_A_MN_0_7_0008,0.8171884730876874,0.38836273010688555,0.47524254550420314,0.7484653663580049,[7.11574334e-04 4.68837084e-05],[4.68837084e-05 1.16892368e-05],0.6116372698931145,0.009328577526969507,0.992091742308124,-0.029099666977055634,0.6351498698018325,0.5282569885316013,3.873812580150269e-05,0.8171884730876874,0.8171884730876874,0.8171884730876874,0.8171884730876874
111,30s,MN,50mM 2DG_1h_yes_A_MN_0_7_0009,0.7979642653355592,0.29779226854994223,0.3731899804118608,0.8799989698219958,[1.41099329e-04 1.12401254e-05],[1.12401254e-05 3.29582605e-06],0.7022077314500578,0.003306310530472747,0.9983838676360208,-0.032911689041581385,0.5803955174950158,0.49685731674450734,8.346337358845378e-05,0.7979642653355592,0.7979642653355592,0.7979642653355592,0.7979642653355592
111,30s,MN,50mM 2DG_1h_yes_A_MN_0_7_0014,0.7520195503309418,0.6714304449009837,0.8928364224115009,0.43691624101317905,[0.0425534  0.00180502],[0.00180502 0.00026299],0.3285695550990163,0.11324519577962043,0.3634064420649664,-0.01467806895731701,0.7938505509099838,0.5068465222538507,6.570641939670153e-05,,,,
111,30s,MN,50mM 2DG_1h_yes_A_MN_0_8_0003,0.1956062764580125,0.7688720044239157,3.930712338818823,1.1815980538114106,[0.00071762 0.00035744],[0.00035744 0.00019981],0.23112799557608432,0.006155064193003492,0.9325375597379381,-0.01525485323904467,0.948610771949375,0.9276434118851828,1.3041241080002909e-14,0.1956062764580125,0.1956062764580125,0.1956062764580125,0.1956062764580125
111,30s,MN,50mM 2DG_1h_yes_A_MN_0_8_0004,1.0276721881415662,0.28411373500688947,0.2764633881166701,0.6966095543440883,[4.51635362e-04 2.12550751e-05],[2.12550751e-05 4.92010887e-06],0.7158862649931106,0.005753986675508376,0.9969965190504148,-0.029608170537865026,0.5322456757536247,0.43984038273461123,0.0003022106940223433,1.0276721881415662,1.0276721881415662,1.0276721881415662,1.0276721881415662
111,30s,MN,50mM 2DG_1h_yes_A_MN_0_8_0006,0.9766101724951077,0.3774537068448635,0.3864937284858707,0.6374562857200374,[1.29815320e-03 5.92570336e-05],[5.92570336e-05 1.25596994e-05],0.6225462931551364,0.008789444135183096,0.9894665940105136,-0.02539138562790119,0.5920554417134888,0.45444780510870636,0.00021993577406642499,0.9766101724951077,0.9766101724951077,0.9766101724951077,0.9766101724951077
111,30s,MN,50mM 2DG_1h_yes_A_MN_0_8_0009,0.6898656034185989,0.38058910478281827,0.5516858688081063,0.8978718349599082,[1.70377236e-04 1.64574624e-05],[1.64574624e-05 4.93542705e-06],0.6194108952171817,0.0035923885021570223,0.9973736446775694,-0.031197577308998532,0.6526615963347082,0.5357187038271097,3.2052433431183994e-05,0.6898656034185989,0.6898656034185989,0.6898656034185989,0.6898656034185989
111,30s,MN,50mM 2DG_1h_yes_A_MN_0_8_0012,0.8652713611481102,0.33906653003549325,0.3918614960116016,0.7638453086989129,[1.26434991e-03 7.95267408e-05],[7.95267408e-05 2.02232441e-05],0.6609334699645067,0.016734690905340577,0.9868300894965466,-0.027908212671352645,0.5797113403993988,0.45276186270568175,0.00022824193293382512,0.8652713611481102,0.8652713611481102,0.8652713611481102,0.8652713611481102
111,30s,MN,0mM 2DG_1h_yes_A_MN_2_1_0005,1.0784038382273922,0.30010264333130493,0.2782841016446988,0.649012301197981,[7.29757895e-04 3.02936291e-05],[3.02936291e-05 6.52883843e-06],0.699897356668695,0.008468976193986174,0.9958315963033528,-0.028326421937412142,0.5372144203483271,0.4128522708366837,0.0005332949762253047,1.0784038382273922,1.0784038382273922,1.0784038382273922,1.0784038382273922
111,30s,MN,0mM 2DG_1h_yes_A_MN_2_1_0007,1.1026178321863975,0.38539192718786996,0.34952448249786644,0.5574080654884879,[0.00371335 0.00012911],[1.29106485e-04 2.38892669e-05],0.61460807281213,0.023659644747571745,0.9802903997895986,-0.021577150953376725,0.5729337013864562,0.3068981091782229,0.004062585041110547,1.1026178321863975,1.1026178321863975,1.1026178321863975,1.1026178321863975
111,30s,MN,0mM 2DG_1h_yes_A_MN_2_1_0008,1.526138119232604,0.49280562760711755,0.32291024082074404,0.3323384469604348,[0.01216491 0.00017547],[1.75473527e-04 1.91684974e-05],0.5071943723928825,0.017060868739936723,0.9698007919059128,-0.01846629057937485,0.6409428988846395,0.38819444214344073,0.0008783456395347262,1.526138119232604,1.526138119232604,1.526138119232604,1.526138119232604
111,30s,MN,0mM 2DG_1h_yes_A_MN_2_1_0009,1.4507254392045772,0.3410687273825843,0.2351021896807641,0.45420811878690376,[0.01639963 0.00034196],[3.41955783e-04 5.11742474e-05],0.6589312726174157,0.06498282331885294,0.9552377685699778,-0.026679837658204957,0.5516837489822487,0.45575940410336224,0.00021366806226006554,1.4507254392045772,1.4507254392045772,1.4507254392045772,1.4507254392045772
111,30s,MN,0mM 2DG_1h_yes_A_MN_2_1_0014,0.9824961486717152,0.3428809792540087,0.34898964206380484,0.6688260525340306,[0.00340889 0.00016214],[1.62144127e-04 3.60556832e-05],0.6571190207459914,0.039225265864700765,0.9762606479836915,-0.02925094639092483,0.5860854467066101,0.4721886605054889,0.00014793351688249383,0.9824961486717152,0.9824961486717152,0.9824961486717152,0.9824961486717152
111,30s,MN,0mM 2DG_1h_yes_A_MN_2_1_0016,1.9207199808115327,0.45141042469541137,0.23502146549476918,0.28561663375459934,[0.0675821  0.00064955],[6.49551421e-04 5.99023020e-05],0.5485895753045886,0.06084142388381589,0.9165996952293842,-0.009948250871987089,0.5462621994202894,0.094785182923966,0.13434340482865947,1.9207199808115327,1.9207199808115327,1.9207199808115327,1.9207199808115327
111,30s,MN,0mM 2DG_1h_yes_A_MN_2_2_0003,1.1706282202338376,0.46527013544906215,0.3974533736732595,0.4567888039160063,[0.0163111  0.00043443],[4.34429607e-04 6.58035980e-05],0.5347298645509379,0.05503529540190957,0.9247868731795836,-0.015009560748074125,0.6027885781904398,0.20126607422707557,0.024488280106718118,1.1706282202338376,1.1706282202338376,1.1706282202338376,1.1706282202338376
111,30s,MN,0mM 2DG_1h_yes_A_MN_2_2_0006,2.3740611928376456,0.5563779408058873,0.2343570344709039,0.18686209965121592,[2.00736    0.00994496],[0.00994496 0.00058022],0.4436220591941127,0.5093976808549562,0.4079075618429754,0.005247238240618046,0.5501772296824473,0.018681462270444624,0.514735704200519,,,,
111,30s,MN,0mM 2DG_1h_yes_A_MN_2_2_0008,0.7612457260924033,0.4487330256030892,0.5894719802323332,0.7241642947890857,[0.00167815 0.00011629],[1.16292632e-04 2.80779242e-05],0.5512669743969107,0.016306160869700128,0.9773673577380284,-0.025640264298781936,0.6705600349828047,0.5108430948415402,5.9633756844782805e-05,0.7612457260924033,0.7612457260924033,0.7612457260924033,0.7612457260924033
111,30s,MN,0mM 2DG_1h_yes_A_MN_2_2_0009,0.8898744338512086,0.6053597513267204,0.6802754729190698,0.44347857816900205,[0.00944153 0.00033375],[3.33747488e-04 4.92607503e-05],0.3946402486732796,0.028063901019200647,0.9173108876352265,-0.0200017757272993,0.7685250997004954,0.5905763920027527,7.233494118922889e-06,0.8898744338512086,0.8898744338512086,0.8898744338512086,0.8898744338512086
111,30s,MN,0mM 2DG_1h_yes_A_MN_2_2_0012,0.8939389364965391,0.3968751334267592,0.4439622408462971,0.6746823993783784,[7.09299899e-04 3.79436380e-05],[3.79436380e-05 8.51979132e-06],0.6031248665732408,0.006746108604656214,0.9933360277315469,-0.02681715618543211,0.6234767409604871,0.4935068960878543,9.034633242684341e-05,0.8939389364965391,0.8939389364965391,0.8939389364965391,0.8939389364965391
111,30s,MN,0mM 2DG_1h_yes_A_MN_2_2_0013,0.926855680978706,0.7097763691572889,0.7657895222779518,0.31312709928718535,[0.01309423 0.00031179],[3.11790013e-04 3.24799197e-05],0.2902236308427111,0.016911270480591337,0.9044959253742201,-0.01175810742556569,0.8117137825089453,0.350210899278901,0.0018326539020007383,0.926855680978706,0.926855680978706,0.926855680978706,0.926855680978706
111,30s,MN,0mM 2DG_1h_yes_A_MN_2_2_0016,0.8726922321940014,0.4866993778967287,0.5576987624527571,0.5881805786362992,[0.0089568  0.00042953],[4.29528953e-04 8.41004068e-05],0.5133006221032713,0.0590600593333297,0.9217074726352035,-0.01962678792707654,0.6622538935225455,0.31863327114629986,0.003287762815308912,0.8726922321940014,0.8726922321940014,0.8726922321940014,0.8726922321940014
111,30s,MN,0mM 2DG_1h_yes_A_MN_2_3_0002,1.4298957206027276,0.39800830320986463,0.2783477826215864,0.4210039152620057,[3.60923618e-03 7.08829388e-05],[7.08829388e-05 9.83821919e-06],0.6019916967901353,0.010273071658903326,0.9892774644616115,-0.021190111159887576,0.5715927825092932,0.35961004199782703,0.0015330416720799375,1.4298957206027276,1.4298957206027276,1.4298957206027276,1.4298957206027276
111,30s,MN,0mM 2DG_1h_yes_A_MN_2_3_0003,1.392458653602233,0.3732978170476294,0.26808538701089857,0.45006879114946646,[1.99922053e-03 4.32272990e-05],[4.32272990e-05 6.42055877e-06],0.6267021829523707,0.007004919236816081,0.9936140844811329,-0.021879799173020145,0.5538136145490273,0.3524347597960097,0.001757208016716936,1.392458653602233,1.392458653602233,1.392458653602233,1.392458653602233
111,30s,MN,0mM 2DG_1h_yes_A_MN_2_3_0004,1.1588193630019938,0.6404241411957138,0.5526522611226093,0.3102950039364052,[4.11715349e-03 7.53428808e-05],[7.53428808e-05 7.75385847e-06],0.3595758588042862,0.004754045080332757,0.978811539610781,-0.014723752948035566,0.7606602102350607,0.464697463637828,0.00017515771952759666,1.1588193630019938,1.1588193630019938,1.1588193630019938,1.1588193630019938
111,30s,MN,0mM 2DG_1h_yes_A_MN_2_3_0005,1.5025632904046913,0.49753013462159706,0.33112091703477947,0.33440845293316784,[0.01356608 0.00020032],[2.00324001e-04 2.20364903e-05],0.502469865378403,0.019214677218786034,0.9645139345759814,-0.018222474375580337,0.6440442694236342,0.3878838027404528,0.0008837840580942235,1.5025632904046913,1.5025632904046913,1.5025632904046913,1.5025632904046913
111,30s,MN,0mM 2DG_1h_yes_A_MN_2_3_0006,1.244150314501596,0.33769864340995687,0.2714291347868511,0.532332266343042,[3.30253213e-03 9.57429570e-05],[9.57429570e-05 1.68778149e-05],0.6623013565900431,0.020476688914448597,0.9862091397703521,-0.026066077440321373,0.5505607576820124,0.42508917747562597,0.0004134437798076723,1.244150314501596,1.244150314501596,1.244150314501596,1.244150314501596
111,30s,MN,0mM 2DG_1h_yes_A_MN_2_3_0010,0.9746719335480984,0.3026673657680896,0.3105325549554808,0.7154536929091723,[3.10916633e-04 1.59653157e-05],[1.59653157e-05 3.79802377e-06],0.6973326342319104,0.004093139848043494,0.997737991595144,-0.029181167189878114,0.5499695011434962,0.42663474788958916,0.0004002248674018117,0.9746719335480984,0.9746719335480984,0.9746719335480984,0.9746719335480984
111,30s,MN,0mM 2DG_1h_yes_A_MN_2_3_0014,1.5372121763312978,0.3895053926445173,0.2533842748852723,0.39714400962688556,[0.00717832 0.00012275],[1.22749751e-04 1.60177687e-05],0.6104946073554827,0.017072559012949823,0.9833708802547257,-0.017251023629277357,0.5386783554387273,0.22284691656997144,0.017191716260031284,1.5372121763312978,1.5372121763312978,1.5372121763312978,1.5372121763312978
111,30s,MN,0mM 2DG_1h_yes_A_MN_2_4_0001,1.0468792861599976,0.3866478832524283,0.3693337793229924,0.585886190371935,[0.07403378 0.00286933],[0.00286933 0.00055848],0.6133521167475717,0.5692011864695037,0.6772967282903088,-0.019011349380957065,0.5601245663541969,0.17032896693445956,0.04033298636739323,,,,
111,30s,MN,0mM 2DG_1h_yes_A_MN_2_4_0002,1.2635121929842625,0.397063845413439,0.31425406705068853,0.47719061037511556,[3.45810008e-03 8.83312495e-05],[8.83312495e-05 1.39528272e-05],0.602936154586561,0.013903629584507275,0.9857448094136584,-0.020967397383086474,0.5733155490350369,0.3422177889519365,0.002129478800897531,1.2635121929842625,1.2635121929842625,1.2635121929842625,1.2635121929842625
111,30s,MN,0mM 2DG_1h_yes_A_MN_2_4_0003,1.1659866863146449,0.5421090625440993,0.4649358941289057,0.3927068317590871,[0.01555226 0.0003577 ],[3.57702358e-04 4.65842521e-05],0.4578909374559007,0.03502221069296859,0.9306483787043606,-0.01437471993531937,0.6697188770574839,0.2407775604566002,0.012756682963884769,1.1659866863146449,1.1659866863146449,1.1659866863146449,1.1659866863146449
111,30s,MN,0mM 2DG_1h_yes_A_MN_2_4_0007,1.3351236230646737,0.5194338750655366,0.3890530180817384,0.3599412942985465,[0.00847107 0.00015349],[1.53488498e-04 1.82587541e-05],0.4805661249344634,0.015003395067711442,0.9706825767989637,-0.017724379118370708,0.6646950399895798,0.37789807014469756,0.0010762080958807657,1.3351236230646737,1.3351236230646737,1.3351236230646737,1.3351236230646737
111,30s,MN,0mM 2DG_1h_yes_A_MN_2_4_0012,1.1710793934194608,0.3607923062724316,0.3080852658665149,0.5458278040920279,[1.27078960e-03 4.04261262e-05],[4.04261262e-05 7.31693522e-06],0.6392076937275684,0.0072224893778696665,0.9939763826569803,-0.02470805867074324,0.5664954815759582,0.39276892450360484,0.0008017722765044926,1.1710793934194608,1.1710793934194608,1.1710793934194608,1.1710793934194608
111,30s,MN,0mM 2DG_1h_yes_A_MN_2_5_0002,1.2024721591205196,0.5996208848825982,0.4986567716637673,0.3329633140198742,[0.00704472 0.00013271],[1.32708976e-04 1.46442779e-05],0.40037911511740176,0.009968311692442906,0.9674269728342711,-0.016428848695762208,0.7328035054944426,0.46490660726604005,0.00017433875032238876,1.2024721591205196,1.2024721591205196,1.2024721591205196,1.2024721591205196
111,30s,MN,0mM 2DG_1h_yes_A_MN_2_5_0004,1.219083336123403,0.6211516400743937,0.50952352613531,0.3107649400986127,[0.02398433 0.00041526],[4.15264876e-04 4.27557741e-05],0.3788483599256063,0.02719262487343649,0.8926440701093278,-0.016362407998758963,0.7510121554582619,0.5181834568293816,4.9807399210564e-05,1.219083336123403,1.219083336123403,1.219083336123403,1.219083336123403
111,30s,MN,0mM 2DG_1h_yes_A_MN_2_5_0006,1.4481956999420205,0.4504628233450426,0.3110510709036612,0.3794633395727929,[0.01323846 0.00023106],[2.31061619e-04 2.88906018e-05],0.5495371766549574,0.026242173316564282,0.9596695699351467,-0.0204065517689617,0.613825048201448,0.42572094647740855,0.0004079923146704513,1.4481956999420205,1.4481956999420205,1.4481956999420205,1.4481956999420205
111,30s,MN,0mM 2DG_1h_yes_A_MN_2_5_0007,1.0368004016970047,0.2939094956492023,0.283477412979528,0.6810283861725838,[0.00305088 0.00013896],[1.38964852e-04 3.14443515e-05],0.7060905043507977,0.03376786678044049,0.9800427463921964,-0.029053750795466425,0.5368651803992894,0.4387045888883228,0.00030967329946043025,1.0368004016970047,1.0368004016970047,1.0368004016970047,1.0368004016970047
111,30s,MN,0mM 2DG_1h_yes_A_MN_2_5_0008,0.736846422912282,0.37219824401103185,0.5051232284469409,0.8520116763377501,[1.82925716e-04 1.55012140e-05],[1.55012140e-05 4.40557679e-06],0.6278017559889681,0.0031474535982630187,0.9974780953677366,-0.03004643335815839,0.6333931046742121,0.5093161886976321,6.188999666168965e-05,0.736846422912282,0.736846422912282,0.736846422912282,0.736846422912282
111,30s,MN,0mM 2DG_1h_yes_A_MN_2_5_0009,0.6873122831129963,0.3135042092817339,0.45613066576054895,0.9988120503375377,[4.94159270e-04 5.33351618e-05],[5.33351618e-05 1.77943507e-05],0.686495790718266,0.01574697100411703,0.9920846602612373,-0.035631389565216914,0.6207988638109696,0.5858235333085896,8.289614195225774e-06,0.6873122831129963,0.6873122831129963,0.6873122831129963,0.6873122831129963
111,30s,MN,0mM 2DG_1h_yes_A_MN_2_5_0010,1.3268714024266595,0.5562298855579483,0.41920406494606993,0.3344484730249361,[4.86597076e-03 8.24897761e-05],[8.24897761e-05 9.11964239e-06],0.4437701144420517,0.006764528222731108,0.9825253540780026,-0.016422528247897406,0.6907564543666513,0.3878695569684734,0.0008840342093832434,1.3268714024266595,1.3268714024266595,1.3268714024266595,1.3268714024266595
111,30s,MN,0mM 2DG_1h_yes_A_MN_2_5_0011,1.2637852782417043,0.7434931411780759,0.5883065374938476,0.20296712047382,[0.04862306 0.00052814],[5.28138952e-04 3.54835734e-05],0.25650685882192414,0.02027940098216917,0.843463048240507,-0.011180134418913135,0.8326354919624068,0.42010371511655964,0.0004588889193853518,1.2637852782417043,1.2637852782417043,1.2637852782417043,1.2637852782417043
111,30s,MN,0mM 2DG_1h_yes_A_MN_2_5_0012,1.220906707621128,0.2766034059460852,0.22655572634622695,0.5925076744507488,[3.42770273e-04 1.12962949e-05],[1.12962949e-05 2.21744350e-06],0.7233965940539149,0.00308410764397644,0.9985304454576841,-0.026785756786496702,0.5004560445044809,0.36633873494483504,0.0013472876631909511,1.220906707621128,1.220906707621128,1.220906707621128,1.220906707621128
111,30s,MN,0mM 2DG_1h_yes_A_MN_2_5_0013,1.127577490325795,0.3573420123411076,0.3169112681008376,0.569945740468096,[1.23997124e-03 4.29814364e-05],[4.29814364e-05 8.12891634e-06],0.6426579876588925,0.008390715322588197,0.9933188130462247,-0.02478154238521022,0.5647877711404091,0.39989667669510065,0.0006947070678225641,1.127577490325795,1.127577490325795,1.127577490325795,1.127577490325795
111,30s,MN,0mM 2DG_1h_yes_A_MN_2_5_0016,1.5189697660628443,0.5620596111150109,0.3700268587780152,0.2883140920046925,[6.11091380e-03 7.68698088e-05],[7.68698088e-05 7.28653702e-06],0.4379403888849891,0.0055361762905473955,0.9840408605997971,-0.015306370171889315,0.686000545073666,0.37121234763507216,0.0012260648724468537,1.5189697660628443,1.5189697660628443,1.5189697660628443,1.5189697660628443
111,30s,MN,0mM 2DG_1h_yes_A_MN_2_5_0017,1.019659644515757,0.67665635063197,0.663610013666196,0.3171093914593314,[0.00815609 0.0001763 ],[1.76298651e-04 1.85790745e-05],0.32334364936802995,0.010493688843991166,0.9446364658808356,-0.01500371744603905,0.7982106249308365,0.5531759455312623,2.034126263104766e-05,1.019659644515757,1.019659644515757,1.019659644515757,1.019659644515757
111,30s,MN,0mM 2DG_1h_yes_A_MN_2_6_0005,1.1657700656292436,0.3662103470761774,0.314136001492292,0.5436660895746402,[2.04287178e-03 6.50614603e-05],[6.50614603e-05 1.17302297e-05],0.6337896529238226,0.010889879201355153,0.9896317019273612,-0.023132015523916877,0.5611355677109371,0.3702168771192363,0.001249968793350136,1.1657700656292436,1.1657700656292436,1.1657700656292436,1.1657700656292436
111,30s,MN,0mM 2DG_1h_yes_A_MN_2_6_0008,1.3705226863280024,0.4527182200770183,0.33032522890224586,0.39932340075981976,[0.01360665 0.00026567],[2.65674833e-04 3.50315369e-05],0.5472817799229817,0.031210574042118203,0.954763235719706,-0.01655281257049783,0.5949917997446713,0.2630636954748108,0.008746954744341407,1.3705226863280024,1.3705226863280024,1.3705226863280024,1.3705226863280024
111,30s,MN,0mM 2DG_1h_yes_A_MN_2_6_0009,1.1948874919969228,0.3717992533787949,0.3111583775619206,0.5257404992760799,[1.39815989e-03 4.18841514e-05],[4.18841514e-05 7.29880842e-06],0.6282007466212052,0.005976735700454954,0.9932265083626057,-0.021495149947863442,0.5552496648664692,0.332766469860015,0.0025381511034158776,1.1948874919969228,1.1948874919969228,1.1948874919969228,1.1948874919969228
111,30s,MN,0mM 2DG_1h_yes_A_MN_2_6_0012,1.3255893108445451,0.3623269361963415,0.2733327232138736,0.4810487370310727,[1.07648691e-03 2.62764344e-05],[2.62764344e-05 4.17846764e-06],0.6376730638036585,0.004209281408364207,0.9961016034969058,-0.02189531766120813,0.5455739916572194,0.3357928399943991,0.0023999433553198494,1.3255893108445451,1.3255893108445451,1.3255893108445451,1.3255893108445451
111,30s,MN,0mM 2DG_1h_yes_A_MN_2_6_0013,1.6254223324907298,0.5438365241367926,0.3345816734924763,0.28064304688382213,[0.01011169 0.00011488],[1.14879203e-04 1.05591295e-05],0.4561634758632074,0.00865152547519536,0.9791924403455395,-0.013625723797843985,0.6581367481675012,0.260432658821183,0.009149133001907518,1.6254223324907298,1.6254223324907298,1.6254223324907298,1.6254223324907298
111,30s,MN,0mM 2DG_1h_yes_A_MN_2_6_0014,1.796487333270391,0.4219448897145141,0.23487217633001078,0.32176965547158815,[0.01364309 0.0001591 ],[1.59098018e-04 1.66399995e-05],0.5780551102854858,0.01706047483262499,0.9770674666164789,-0.01686017687397218,0.5609354696508537,0.2729713428984743,0.0073771923331019335,1.796487333270391,1.796487333270391,1.796487333270391,1.796487333270391
111,30s,MN,0mM 2DG_1h_yes_A_MN_2_6_0017,1.210189715845679,0.3532849736955524,0.2919252816891419,0.5343914411407175,[3.14905378e-03 9.45293105e-05],[9.45293105e-05 1.67392396e-05],0.6467150263044477,0.01826447895693703,0.9862809635000254,-0.020887307346338826,0.5352998368051375,0.27629639682866564,0.006964735645865761,1.210189715845679,1.210189715845679,1.210189715845679,1.210189715845679
111,30s,MN,0mM 2DG_1h_yes_A_MN_2_7_0004,1.5187151856738226,0.483718906896253,0.3185053467952498,0.3399459608844852,[0.01573201 0.00023338],[2.33377125e-04 2.60838295e-05],0.5162810931037469,0.023929573669404864,0.9626495726770083,-0.013301033270504711,0.6022733874070417,0.1832748141786542,0.032765083376787844,1.5187151856738226,1.5187151856738226,1.5187151856738226,1.5187151856738226
111,30s,MN,0mM 2DG_1h_yes_A_MN_2_7_0005,1.2063820971395975,0.5802915556169305,0.4810180431165513,0.34790672489107954,[4.62862610e-03 9.07768789e-05],[9.07768789e-05 1.04659413e-05],0.41970844438306953,0.007038858144203068,0.9780372585046672,-0.01635991418096635,0.7144085303273572,0.4344643623958515,0.00033906533612026204,1.2063820971395975,1.2063820971395975,1.2063820971395975,1.2063820971395975
111,30s,MN,0mM 2DG_1h_yes_A_MN_2_7_0008,1.19492728180229,0.3787884870745469,0.3169971033745469,0.5198739056225159,[9.49033776e-04 2.81115585e-05],[2.81115585e-05 4.84410374e-06],0.6212115129254532,0.00497648813241524,0.9957893612485177,-0.02227628513727324,0.5677824456910908,0.33474423295702055,0.0024470153150865774,1.19492728180229,1.19492728180229,1.19492728180229,1.19492728180229
111,30s,MN,0mM 2DG_1h_yes_A_MN_2_7_0011,0.9121867253728005,0.27656362647234206,0.3031875149896679,0.793079260424446,[4.59372145e-04 2.82188308e-05],[2.82188308e-05 7.44660239e-06],0.7234363735276579,0.0069746347479228855,0.9959266405796534,-0.030893504068034008,0.5397826952068612,0.45333236797001536,0.000225399310283421,0.9121867253728005,0.9121867253728005,0.9121867253728005,0.9121867253728005
111,30s,MN,0mM 2DG_1h_yes_A_MN_2_7_0012,1.1897399615658266,0.3581259320026669,0.3010119383830181,0.5395078662000706,[1.14874218e-03 3.54850133e-05],[3.54850133e-05 6.34619479e-06],0.6418740679973332,0.005604719006637159,0.9947778822019612,-0.02474287718773763,0.563685163167489,0.391539323199337,0.0008217217301399839,1.1897399615658266,1.1897399615658266,1.1897399615658266,1.1897399615658266
111,30s,MN,0mM 2DG_1h_yes_A_MN_2_7_0013,0.8826437547955983,0.36454253276443294,0.413012079657045,0.7199478428108582,[6.80208493e-04 3.94052946e-05],[3.94052946e-05 9.44281222e-06],0.6354574672355671,0.008611038880106767,0.9935655636115486,-0.02869784243314278,0.6070692334397292,0.4956299657389703,8.592659701079645e-05,0.8826437547955983,0.8826437547955983,0.8826437547955983,0.8826437547955983
111,30s,MN,0mM 2DG_1h_yes_A_MN_2_7_0015,0.8233022667048131,0.2885983432183433,0.3505375302480704,0.8640831995142833,[5.04204543e-04 3.80190051e-05],[3.80190051e-05 1.09424166e-05],0.7114016567816567,0.009048636350689181,0.9946481946219075,-0.03133363110463312,0.5607857596721147,0.44083335374635335,0.00029582312266068046,0.8233022667048131,0.8233022667048131,0.8233022667048131,0.8233022667048131
111,30s,MN,0mM 2DG_1h_yes_A_MN_2_8_0003,1.382830617149916,0.4135703851047426,0.29907523016602866,0.42407913711363915,[0.00557355 0.00011443],[1.14430419e-04 1.60189633e-05],0.5864296148952575,0.016854628605103703,0.9827037773679924,-0.019168128684506666,0.5753894728643494,0.2942131877759446,0.00509072307745842,1.382830617149916,1.382830617149916,1.382830617149916,1.382830617149916
111,30s,MN,0mM 2DG_1h_yes_A_MN_2_8_0005,1.0602056787777476,0.3180045548970511,0.29994609655709537,0.6432671119901787,[1.94537831e-03 8.16008370e-05],[8.16008370e-05 1.74351429e-05],0.6819954451029488,0.019842345662673656,0.9881024038326328,-0.027060341388062518,0.5459620961981791,0.40544242386179524,0.0006207504825479553,1.0602056787777476,1.0602056787777476,1.0602056787777476,1.0602056787777476
111,30s,MN,0mM 2DG_1h_yes_A_MN_2_8_0007,1.3103287966497423,0.3777783049025509,0.28830802304616754,0.47485920838216317,[2.60142222e-03 6.34954118e-05],[6.34954118e-05 9.97060993e-06],0.6222216950974491,0.01082042815942881,0.9907427930883481,-0.02223582722620634,0.5628779827792058,0.3458383544465762,0.001989875064868074,1.3103287966497423,1.3103287966497423,1.3103287966497423,1.3103287966497423
111,30s,MN,0mM 2DG_1h_yes_A_MN_2_8_0009,0.648390917507112,0.43103647602286943,0.664778707388574,0.8775007616772945,[7.07696348e-05 7.19655816e-06],[7.19655816e-06 2.11275566e-06],0.5689635239771306,0.0012906575738895797,0.9987683449850736,-0.029818874533248,0.6922082509655699,0.5638249975107851,1.5285773463711854e-05,0.648390917507112,0.648390917507112,0.648390917507112,0.648390917507112
111,30s,MN,0mM 2DG_1h_yes_A_MN_2_8_0010,1.351122702891966,0.3407527859080796,0.25219973373160454,0.48792549535349855,[8.71389453e-04 2.11212345e-05],[2.11212345e-05 3.40461515e-06],0.6592472140919203,0.0041052585360715965,0.997048367571493,-0.023233522979928957,0.5333924825396539,0.3493728656156387,0.0018618594395955234,1.351122702891966,1.351122702891966,1.351122702891966,1.351122702891966
111,30s,MN,0mM 2DG_1h_yes_A_MN_2_8_0013,0.8721338457006089,0.7570602561628872,0.8680551269681778,0.2785578670461444,[0.02366569 0.00053788],[5.37881283e-04 4.98769220e-05],0.2429397438371128,0.02369518348823371,0.8233430784374116,-0.00954941606555262,0.8420819869062005,0.28708092052501843,0.005771323128860771,0.8721338457006089,0.8721338457006089,0.8721338457006089,0.8721338457006089
111,30s,MN,0mM 2DG_1h_yes_A_MN_2_8_0014,1.6551804437239883,0.44684966951346355,0.26997036559234416,0.3341933700243607,[5.66848336e-03 7.51658323e-05],[7.51658323e-05 8.21739480e-06],0.5531503304865364,0.008380540425533285,0.9889061552253752,-0.017093032539157404,0.5885667219653431,0.2796371876138314,0.006572263199698377,1.6551804437239883,1.6551804437239883,1.6551804437239883,1.6551804437239883
111,30s,MN,0mM 2DG_1h_yes_A_MN_2_8_0017,1.203184001308739,0.615762995689529,0.5117779117905036,0.3193501608170696,[0.00566456 0.00010228],[1.02278848e-04 1.08247686e-05],0.38423700431047103,0.007085147464081402,0.9744202808959482,-0.015317663992368554,0.741154489585665,0.42927571416357907,0.00037853893210776525,1.203184001308739,1.203184001308739,1.203184001308739,1.203184001308739
111,30s,MN,0mM 2DG_1h_yes_A_MN_2_8_0020,1.131670785862656,0.34324929321650527,0.3033119680250925,0.5803372455911402,[1.26599130e-03 4.45013184e-05],[4.45013184e-05 8.56927155e-06],0.6567507067834948,0.007926278846648949,0.9930201359830021,-0.02515270714310152,0.5535032730859696,0.4077187578129953,0.0005925636070257226,1.131670785862656,1.131670785862656,1.131670785862656,1.131670785862656
111,30s,MN,0mM 2DG_1h_yes_A_MN_2_8_0023,2.1636130113618854,0.5454757268790149,0.2521133511466847,0.2100765112495256,[0.0667049  0.00041279],[4.12788812e-04 2.75519282e-05],0.4545242731209851,0.02397220715606767,0.9386419330783471,-0.007740841516014618,0.6188967454179523,0.08995321646996682,0.14522276325833683,2.1636130113618854,2.1636130113618854,2.1636130113618854,2.1636130113618854
111,30s,MN,0mM 2DG_1h_yes_A_MN_2_8_0024,2.3705327854185887,0.6831348067784733,0.2881777510020159,0.13366834458928384,[0.19433792 0.00068989],[6.89893527e-04 2.88014935e-05],0.31686519322152673,0.02047605183875479,0.8715964990804421,-0.009782729198587126,0.7596251790579595,0.2837405589599994,0.006118665674470684,2.3705327854185887,2.3705327854185887,2.3705327854185887,2.3705327854185887
111,30s,MN,0mM 2DG_1h_yes_A_MN_2_8_0025,1.4843423646476328,0.4672144110387365,0.3147618919774268,0.35893713044277437,[3.99034034e-03 6.41052049e-05],[6.41052049e-05 7.57347073e-06],0.5327855889612635,0.005989847414864693,0.98852381729443,-0.017857929884513582,0.6136461033195808,0.3516285554070914,0.0017842181891153468,1.4843423646476328,1.4843423646476328,1.4843423646476328,1.4843423646476328
111,30s,MN,0mM 2DG_1h_yes_A_MN_2_9_0005,1.777661834032353,0.444215550769758,0.24988754456303044,0.3126491431553831,[0.01996151 0.00022883],[2.28834847e-04 2.32768155e-05],0.555784449230242,0.02277051670387568,0.9654577835234954,-0.014017696457480086,0.5647912011460909,0.20360872645858105,0.02357169802415111,1.777661834032353,1.777661834032353,1.777661834032353,1.777661834032353
111,30s,MN,0mM 2DG_1h_yes_A_MN_2_9_0007,1.1043272498350036,0.3843342726229033,0.3480257076698291,0.5575029751996816,[7.33019236e-04 2.54455310e-05],[2.54455310e-05 4.70900686e-06],0.6156657273770967,0.004343878135170001,0.9961247173019299,-0.02289688326949784,0.5801127678077224,0.344509165447946,0.002040104191623904,1.1043272498350036,1.1043272498350036,1.1043272498350036,1.1043272498350036
111,30s,MN,0mM 2DG_1h_yes_A_MN_2_9_0009,1.2651593824826162,0.44871684232228065,0.35467218481339935,0.4357420616807497,[3.10726757e-03 7.23704706e-05],[7.23704706e-05 1.04383536e-05],0.5512831576777193,0.008672096560193306,0.987174681088383,-0.020028424243325897,0.61492814000358,0.37536435771536614,0.0011308735195225096,1.2651593824826162,1.2651593824826162,1.2651593824826162,1.2651593824826162
111,30s,MN,0mM 2DG_1h_yes_A_MN_2_9_0010,1.3698565210596998,0.5081073796021242,0.3709201451324699,0.3590833148112149,[0.01197332 0.00021034],[2.10338450e-04 2.49405083e-05],0.49189262039787585,0.021034601091128015,0.9635307370046141,-0.01616237422907879,0.6448909881790731,0.28403844414017626,0.006086910102138268,1.3698565210596998,1.3698565210596998,1.3698565210596998,1.3698565210596998
111,30s,MN,0mM 2DG_1h_yes_A_MN_2_9_0012,1.2764532210262465,0.4867840183373491,0.3813567237082007,0.4020640734879685,[4.46690693e-03 9.50491092e-05],[9.50491092e-05 1.26468216e-05],0.5132159816626509,0.010920336095451599,0.9825773900111565,-0.020152813803852327,0.6506713552093857,0.4249236982609733,0.000414882783996087,1.2764532210262465,1.2764532210262465,1.2764532210262465,1.2764532210262465
111,30s,MN,0mM 2DG_1h_yes_A_MN_2_9_0013,1.7576335178650873,0.6996989847072971,0.39809151202190757,0.17085530757143508,[0.0275529  0.00017479],[1.74788465e-04 9.72525439e-06],0.3003010152927029,0.006429168801141576,0.95492551366606,-0.009562606594322152,0.7774212894340164,0.2966231328342044,0.004878324834819165,1.7576335178650873,1.7576335178650873,1.7576335178650873,1.7576335178650873
111,30s,MN,0mM 2DG_1h_yes_A_MN_2_9_0015,1.3031926830324916,0.40018679883577446,0.3070818337504408,0.460264402166898,[2.25546981e-03 5.36849639e-05],[5.36849639e-05 8.17230477e-06],0.5998132011642255,0.008291228312468747,0.9915052306790323,-0.02100251583653431,0.5755720212399348,0.34600112854552756,0.001983803808477344,1.3031926830324916,1.3031926830324916,1.3031926830324916,1.3031926830324916
111,30s,MN,0mM 2DG_1h_yes_A_MN_2_9_0017,1.117153151965418,0.3453949669215617,0.3091742312268511,0.5859581848082204,[3.91682139e-04 1.41054315e-05],[1.41054315e-05 2.74309292e-06],0.6546050330784383,0.002643442524867032,0.9978895386049157,-0.0251053139385092,0.5567662037033635,0.3855169997744422,0.0009262582077174112,1.117153151965418,1.117153151965418,1.117153151965418,1.117153151965418
111,30s,MN,0mM 2DG_1h_yes_A_MN_2_9_0018,1.229689047380364,0.3956564128492476,0.3217532218345149,0.49146049437311,[0.00624827 0.00016944],[1.69435275e-04 2.75830377e-05],0.6043435871507524,0.02633541044758179,0.9710962677052516,-0.02422955306719356,0.5916769482310413,0.4728405140991183,0.00014575976384206685,1.229689047380364,1.229689047380364,1.229689047380364,1.229689047380364
111,30s,MN,50mM 2DG_1h_yes_A_MN_4_1_0001,0.6969752821399997,0.26530019243025355,0.3806450518814286,1.0541260592684392,[3.37422141e-05 3.77990998e-06],[3.77990998e-06 1.33052256e-06],0.7346998075697464,0.0013435593411860393,0.9994927319775396,-0.037148470530998116,0.5881782667721955,0.5399476800698572,2.8752396189367177e-05,0.6969752821399997,0.6969752821399997,0.6969752821399997,0.6969752821399997
111,30s,MN,50mM 2DG_1h_yes_A_MN_4_1_0003,0.727411144867401,0.45042434628099637,0.6192156244225592,0.7555227296100683,[1.63252284e-04 1.24566491e-05],[1.24566491e-05 3.14003960e-06],0.5495756537190036,0.0020712890758646852,0.9977894363043066,-0.02681372857669397,0.6837618627291521,0.5033784683193192,7.143257585964979e-05,0.727411144867401,0.727411144867401,0.727411144867401,0.727411144867401
111,30s,MN,50mM 2DG_1h_yes_A_MN_4_1_0007,0.7612586586650678,0.6123858093556955,0.8044385471155973,0.5091754113168566,[1.10862466e-03 5.40165510e-05],[5.40165510e-05 9.17001072e-06],0.38761419064430447,0.0048049446057551225,0.9858783190062783,-0.018730559594958816,0.7733805590178731,0.5208173586473211,4.666183813410162e-05,0.7612586586650678,0.7612586586650678,0.7612586586650678,0.7612586586650678
111,30s,MN,50mM 2DG_1h_yes_A_MN_4_1_0009,1.035471183222358,0.3857039396223963,0.37249123478462837,0.5932526856671484,[7.39112929e-04 2.93696343e-05],[2.93696343e-05 5.78919366e-06],0.6142960603776038,0.005280708079440326,0.9951739894272409,-0.02521336230174041,0.5970946387357111,0.43418414774291647,0.0003410958152869492,1.035471183222358,1.035471183222358,1.035471183222358,1.035471183222358
111,30s,MN,50mM 2DG_1h_yes_A_MN_4_2_0001,0.80337382461734,0.533821410734876,0.6644744879373482,0.5802760495553517,[0.00297965 0.00015528],[1.55280282e-04 3.00211587e-05],0.466178589265124,0.01811968507696031,0.970282617867531,-0.02003924340769514,0.7117824785717606,0.3703130481456419,0.001247640700104727,0.80337382461734,0.80337382461734,0.80337382461734,0.80337382461734
111,30s,MN,50mM 2DG_1h_yes_A_MN_4_2_0002,1.0848873486884512,0.5922105736632473,0.5458728727726304,0.37588181559102896,[0.00740801 0.0001769 ],[1.76898828e-04 2.20784469e-05],0.40778942633675275,0.014576093580155757,0.9591942957276242,-0.015803458684576284,0.725805001048499,0.3711173119510634,0.0012283284473343762,1.0848873486884512,1.0848873486884512,1.0848873486884512,1.0848873486884512
111,30s,MN,50mM 2DG_1h_yes_A_MN_4_2_0004,0.5607850507550437,0.46143117609773554,0.8228307360841063,0.9603837034834163,[0.00521303 0.00069135],[0.00069135 0.00022366],0.5385688239022645,0.09933131687797501,0.8883439603699824,-0.030742985121990217,0.7330546232005045,0.5898003913099046,7.397011269441268e-06,0.5607850507550437,0.5607850507550437,0.5607850507550437,0.5607850507550437
111,30s,MN,50mM 2DG_1h_yes_A_MN_4_2_0010,0.8138079896336189,0.49780346910049444,0.6116964633446379,0.6170946185052784,[1.09562250e-03 5.98071198e-05],[5.98071198e-05 1.22946793e-05],0.5021965308995056,0.007900741202532343,0.9878162923482211,-0.024326827359495963,0.7033020472656557,0.542099121451126,2.719635713230112e-05,0.8138079896336189,0.8138079896336189,0.8138079896336189,0.8138079896336189
111,30s,MN,50mM 2DG_1h_yes_A_MN_4_2_0011,0.9890655906372734,0.6599242777363077,0.6672199336255407,0.3438353588305253,[0.0060649  0.00014718],[1.47176298e-04 1.68234238e-05],0.3400757222636923,0.009714912193535236,0.9596676785914152,-0.01608673389581806,0.7914378309259418,0.5184623962674187,4.9465259881553006e-05,0.9890655906372734,0.9890655906372734,0.9890655906372734,0.9890655906372734
111,30s,MN,50mM 2DG_1h_yes_A_MN_4_2_0012,0.5031345025393258,0.6749552190867051,1.3415005643226574,0.6460395366900701,[4.83388701e-04 4.91702242e-05],[4.91702242e-05 1.07989193e-05],0.3250447809132949,0.0033691613543044415,0.987057249404328,-0.019514674244907174,0.8508830894716416,0.6475012835889258,1.2417158497959263e-06,0.5031345025393258,0.5031345025393258,0.5031345025393258,0.5031345025393258
111,30s,MN,50mM 2DG_1h_yes_A_MN_4_3_0006,0.9903477288743701,0.42869819748019805,0.432876438225851,0.5768699072689792,[1.35445435e-03 5.50632986e-05],[5.50632986e-05 1.05598937e-05],0.571301802519802,0.008926760275180672,0.9906779750467943,-0.024643029304947044,0.6351888279437614,0.44774496911251527,0.0002547049424402678,0.9903477288743701,0.9903477288743701,0.9903477288743701,0.9903477288743701
111,30s,MN,50mM 2DG_1h_yes_A_MN_4_3_0007,0.7673598266390156,0.3621277298225845,0.47191384960648725,0.8312557525603773,[1.41197099e-04 1.11259767e-05],[1.11259767e-05 3.08318839e-06],0.6378722701774155,0.002742927849705256,0.9982376943031758,-0.030814595431933878,0.6268206801439753,0.5204534378559504,4.708527496784016e-05,0.7673598266390156,0.7673598266390156,0.7673598266390156,0.7673598266390156
111,30s,MN,50mM 2DG_1h_yes_A_MN_4_3_0008,0.7954099528847666,0.3942001792705653,0.4955937222571745,0.7616196132979477,[7.77617946e-04 5.38152653e-05],[5.38152653e-05 1.36574996e-05],0.6057998207294347,0.011312760427361334,0.9911449344625473,-0.028796332541542433,0.6407241109991713,0.5039323229906322,7.048827332814035e-05,0.7954099528847666,0.7954099528847666,0.7954099528847666,0.7954099528847666
111,30s,MN,50mM 2DG_1h_yes_A_MN_4_4_0008,0.9799494326600106,0.39942019771109327,0.40759266182428666,0.6128681565319866,[0.00551585 0.00024113],[2.41126796e-04 4.91342917e-05],0.6005798022889067,0.045867782880150115,0.9619808359790002,-0.021700485504548568,0.5916490625931901,0.30577798800563455,0.004144861973507456,0.9799494326600106,0.9799494326600106,0.9799494326600106,0.9799494326600106
111,30s,MN,50mM 2DG_1h_yes_A_MN_4_4_0009,1.2085092396762263,0.5710474688406005,0.47252222001512445,0.3549435263517893,[0.0238008  0.00047528],[4.75284803e-04 5.59031676e-05],0.42895253115939946,0.040513293898149214,0.9122856884256534,-0.011684322506841134,0.6799013210628172,0.16560245367244553,0.043499400145268916,1.2085092396762263,1.2085092396762263,1.2085092396762263,1.2085092396762263
111,30s,MN,50mM 2DG_1h_yes_A_MN_4_4_0011,1.0998975263632873,0.5189095107921701,0.47177986890096746,0.43739573703607876,[1.60612547e-03 4.39415807e-05],[4.39415807e-05 6.38041600e-06],0.48109048920782993,0.0044662780756389645,0.9918536651364633,-0.019193384917542685,0.6805024008433015,0.37614774350642644,0.0011137022834297986,1.0998975263632873,1.0998975263632873,1.0998975263632873,1.0998975263632873
111,30s,MN,50mM 2DG_1h_yes_A_MN_4_4_0014,0.7890834453098251,0.3443591072891621,0.4364039181609661,0.8308891747860806,[2.41410385e-04 1.83984151e-05],[1.83984151e-05 5.09440276e-06],0.6556408927108379,0.004393192809540086,0.9971768445191792,-0.031186879020577565,0.6117438892599893,0.5077145477331901,6.434099858090481e-05,0.7890834453098251,0.7890834453098251,0.7890834453098251,0.7890834453098251
111,30s,MN,50mM 2DG_1h_yes_A_MN_4_5_0007,0.7388355322469551,0.3505593418597404,0.47447547736857665,0.8790057188575829,[6.59180168e-05 5.74449229e-06],[5.74449229e-06 1.68428570e-06],0.6494406581402596,0.0014162462001591357,0.9991206188881389,-0.031987839960667536,0.6266407476483106,0.5255251533849848,4.149113204242724e-05,0.7388355322469551,0.7388355322469551,0.7388355322469551,0.7388355322469551
111,30s,MN,50mM 2DG_1h_yes_A_MN_4_5_0008,0.7189630592279939,0.4141094251119285,0.5759815053037493,0.8149105400730706,[6.09333599e-04 5.08504707e-05],[5.08504707e-05 1.38287382e-05],0.5858905748880715,0.010319343952603678,0.9912412668436089,-0.029999844315806642,0.6712477302060101,0.5716719242496207,1.2330789788000482e-05,0.7189630592279939,0.7189630592279939,0.7189630592279939,0.7189630592279939
111,30s,MN,50mM 2DG_1h_yes_A_MN_4_5_0012,0.3707716151740891,0.5475398738482228,1.476757797630046,1.2203202932331614,[9.16187991e-05 2.52317641e-05],[2.52317641e-05 1.10698018e-05],0.4524601261517772,0.0024402601941754583,0.995768021062838,-0.029884499183735876,0.8320822363255425,0.7843253756862383,4.009918658505821e-09,0.3707716151740891,0.3707716151740891,0.3707716151740891,0.3707716151740891
111,30s,MN,50mM 2DG_1h_yes_A_MN_4_5_0015,0.7702022039840095,0.543633051475092,0.7058315967716688,0.5925287491573873,[3.52393347e-04 1.97069107e-05],[1.97069107e-05 3.89254255e-06],0.456366948524908,0.002334633869798241,0.9956791874361222,-0.02208016448071443,0.7331489744184542,0.5176999798634787,5.040558691209514e-05,0.7702022039840095,0.7702022039840095,0.7702022039840095,0.7702022039840095
111,30s,MN,50mM 2DG_1h_yes_A_MN_4_5_0016,0.8970370227711051,0.489503581528996,0.5456893852795879,0.5690918050338556,[7.04547185e-04 3.16637341e-05],[3.16637341e-05 5.99680689e-06],0.510496418471004,0.004109619038926963,0.9940711067244479,-0.02225369367442647,0.6800907036917507,0.4287908064019176,0.00038243730644336863,0.8970370227711051,0.8970370227711051,0.8970370227711051,0.8970370227711051
111,30s,MN,50mM 2DG_1h_yes_A_MN_4_5_0022,0.6641579997216702,0.33103615098344025,0.49842981808872,1.0072360030247374,[1.50550059e-04 1.70728928e-05],[1.70728928e-05 5.74915439e-06],0.6689638490165597,0.004733198928219057,0.9975599438488971,-0.03422520239936878,0.63170411914412,0.5300109570020706,3.706031251915545e-05,0.6641579997216702,0.6641579997216702,0.6641579997216702,0.6641579997216702
111,30s,MN,50mM 2DG_1h_yes_A_MN_4_6_0010,0.5912136812734057,0.3628970602502559,0.6138170880427154,1.0776187357124387,[1.70606617e-04 2.38152457e-05],[2.38152457e-05 8.61847605e-06],0.6371029397497441,0.006079188333738996,0.9964179570080552,-0.03559784194424845,0.6758644863667627,0.6235403140636095,2.689828773912925e-06,0.5912136812734057,0.5912136812734057,0.5912136812734057,0.5912136812734057
111,30s,MN,50mM 2DG_1h_yes_A_MN_4_6_0011,1.7094177514263293,0.5328878833236764,0.3117364862269843,0.27325802384266085,[0.0648719  0.00067875],[6.78745231e-04 6.05333746e-05],0.4671121166763236,0.0459242896484146,0.8545980199691026,-0.01219931161790629,0.6351308901512525,0.2516529808095219,0.010621359755025261,1.7094177514263293,1.7094177514263293,1.7094177514263293,1.7094177514263293
111,30s,MN,50mM 2DG_1h_yes_A_MN_4_6_0012,0.8937152932736031,0.42820953312666854,0.47913416761413297,0.6397904021300918,[1.98647982e-04 1.00799281e-05],[1.00799281e-05 2.14628230e-06],0.5717904668733315,0.0015337645173407089,0.9982389629772934,-0.024916035774550926,0.641094010168144,0.4469504330197325,0.0002591471204694708,0.8937152932736031,0.8937152932736031,0.8937152932736031,0.8937152932736031
111,30s,MN,50mM 2DG_1h_yes_A_MN_4_6_0015,0.5814016758698212,0.38706764056598,0.6657490967615415,1.0542321855488748,[0.00221603 0.00030881],[0.00030881 0.00010943],0.61293235943402,0.061951359935279046,0.9501996590581601,-0.03242943975940056,0.6767297076683693,0.5761866572567379,1.0878562153626673e-05,0.5814016758698212,0.5814016758698212,0.5814016758698212,0.5814016758698212
111,30s,MN,50mM 2DG_1h_yes_A_MN_4_6_0017,1.2102966152648877,0.6486186486074033,0.5359170970377748,0.29032664138756825,[0.10764385 0.00175534],[0.00175534 0.00016887],0.35138135139259674,0.10412081039942968,0.7211723973359971,-0.007465432616480396,0.7263581464581215,0.07110488523598789,0.19757317253509418,1.2102966152648877,1.2102966152648877,,
111,30s,MN,50mM 2DG_1h_yes_A_MN_4_6_0021,0.7987313359366839,0.4246468456100801,0.5316516662165139,0.7203337699468056,[5.31499210e-04 3.46186389e-05],[3.46186389e-05 8.30901946e-06],0.57535315438992,0.0055823641144162614,0.9942565712845586,-0.028094637137050845,0.6639168666270924,0.5100709029572361,6.076513915701622e-05,0.7987313359366839,0.7987313359366839,0.7987313359366839,0.7987313359366839
111,30s,MN,50mM 2DG_1h_yes_A_MN_4_6_0026,0.7756558302987946,0.3807228515744319,0.49083992758459843,0.7983916632032703,[6.89576876e-04 5.15304158e-05],[5.15304158e-05 1.37133710e-05],0.6192771484255681,0.011503966361027062,0.9918587997261032,-0.030504198766718,0.6410901933294272,0.526047330790172,4.095137375036279e-05,0.7756558302987946,0.7756558302987946,0.7756558302987946,0.7756558302987946
111,30s,MN,50mM 2DG_1h_yes_A_MN_4_7_0006,0.8779394434446021,0.4145609456910699,0.47219765416226983,0.6668330699574854,[6.43317367e-04 3.47334177e-05],[3.47334177e-05 7.70963062e-06],0.5854390543089301,0.006722397720147197,0.9940953991215653,-0.026239266292637453,0.6378420889633882,0.4670246328470317,0.00016624186451981147,0.8779394434446021,0.8779394434446021,0.8779394434446021,0.8779394434446021
111,30s,MN,50mM 2DG_1h_yes_A_MN_4_7_0010,0.6244309040537289,0.5000018517566853,0.8007320722128495,0.8007261411909435,[5.78540351e-04 5.61747162e-05],[5.61747162e-05 1.50687135e-05],0.4999981482433147,0.007769807354867782,0.9892407251900643,-0.027181863611665972,0.737693804932185,0.5931275488152454,6.719039270434484e-06,0.6244309040537289,0.6244309040537289,0.6244309040537289,0.6244309040537289
111,30s,MN,50mM 2DG_1h_yes_A_MN_4_7_0013,0.7991129618638516,0.4863033300629451,0.6085539257537393,0.6428336098302153,[7.41093266e-04 4.30527823e-05],[4.30527823e-05 9.22153814e-06],0.5136966699370549,0.005900511349194944,0.9913429350153719,-0.0245261621836381,0.6951731687258017,0.5277902608387369,3.919622174630312e-05,0.7991129618638516,0.7991129618638516,0.7991129618638516,0.7991129618638516
111,30s,MN,50mM 2DG_1h_yes_A_MN_4_7_0014,0.6258609747726327,0.7955215031582622,1.2710834118507948,0.3267155248272545,[0.00551311 0.00021782],[2.17817161e-04 2.38382821e-05],0.2044784968417378,0.00842182060919801,0.91857073802183,-0.011549612613158594,0.896534063686681,0.5112414037894096,5.905779080595794e-05,0.6258609747726327,0.6258609747726327,0.6258609747726327,0.6258609747726327
111,30s,MN,50mM 2DG_1h_yes_A_MN_4_7_0017,0.9426243974877494,0.5175278242670552,0.549028675309437,0.5118392617662064,[4.60327790e-04 1.75721101e-05],[1.75721101e-05 2.99166896e-06],0.48247217573294476,0.0020991207391781626,0.9964755034734862,-0.020789588295986445,0.6939081510407069,0.43508339607138863,0.0003346192971384575,0.9426243974877494,0.9426243974877494,0.9426243974877494,0.9426243974877494
111,30s,MN,50mM 2DG_1h_yes_A_MN_4_7_0020,0.8901485231203352,0.35767175508992743,0.4018113222680429,0.7215967091182143,[0.00241942 0.00013911],[1.39108482e-04 3.34085162e-05],0.6423282449100726,0.01603524646469653,0.9821776069722564,-0.03016264869896309,0.6139818627801183,0.426746288305242,0.00039928618964873736,0.8901485231203352,0.8901485231203352,0.8901485231203352,0.8901485231203352
111,30s,MN,50mM 2DG_1h_yes_A_MN_4_7_0022,1.074580687185456,0.5768851441681364,0.5368467450118755,0.39374879976680666,[3.27069441e-03 8.27039342e-05],[8.27039342e-05 1.08143418e-05],0.4231148558318636,0.007183390365623885,0.9827936390866021,-0.015896626344432587,0.7139423409522726,0.3244788203703682,0.002955626132580143,1.074580687185456,1.074580687185456,1.074580687185456,1.074580687185456
111,30s,MN,50mM 2DG_1h_yes_A_MN_4_7_0025,0.5925859201426675,0.420767335346071,0.7100528734209033,0.977466127636776,[1.54315973e-04 1.94844959e-05],[1.94844959e-05 6.39514070e-06],0.579232664653929,0.004021920787163096,0.9967639403020774,-0.031133208495617466,0.6976775543728277,0.5793482862523109,9.957070622666584e-06,0.5925859201426675,0.5925859201426675,0.5925859201426675,0.5925859201426675
111,30s,MN,50mM 2DG_1h_yes_A_MN_4_7_0026,0.9957601414961106,0.41284657194046687,0.4146044360845502,0.5896534753613921,[4.61031578e-04 1.90388791e-05],[1.90388791e-05 3.73189908e-06],0.5871534280595332,0.0031048200334979174,0.9969262121131928,-0.024187716869257272,0.6184295638692917,0.4014905262078042,0.0006726562561782229,0.9957601414961106,0.9957601414961106,0.9957601414961106,0.9957601414961106
111,30s,MN,50mM 2DG_1h_yes_A_MN_4_8_0003,0.6021186098688371,0.404337551020082,0.6715247534172065,0.9892775928478187,[2.72724723e-04 3.41854881e-05],[3.41854881e-05 1.13470557e-05],0.595662448979918,0.00644745317608748,0.9946090161139554,-0.03214132348429034,0.689200994323936,0.5708361804009676,1.2618411153596267e-05,0.6021186098688371,0.6021186098688371,0.6021186098688371,0.6021186098688371
111,30s,MN,50mM 2DG_1h_yes_A_MN_4_8_0005,0.8213919087546692,0.4692052052940495,0.5712318325675038,0.6462138098130288,[3.94270340e-04 2.22941065e-05],[2.22941065e-05 4.79881770e-06],0.5307947947059505,0.0032067214204115468,0.9959623026854844,-0.0252412399752027,0.6843238852789958,0.4928097886866827,9.184265202958575e-05,0.8213919087546692,0.8213919087546692,0.8213919087546692,0.8213919087546692
111,30s,MN,50mM 2DG_1h_yes_A_MN_4_8_0009,1.046989205242131,0.6643352339533285,0.6345196594454778,0.3206000256411854,[0.03642376 0.00077239],[7.72385067e-04 8.22645644e-05],0.3356647660466715,0.048658471370423714,0.827274797328501,-0.008421683552334195,0.7485069753940609,0.12144818822247055,0.08777437121811758,1.046989205242131,1.046989205242131,1.046989205242131,1.046989205242131
111,30s,MN,50mM 2DG_1h_yes_A_MN_4_8_0012,0.8393754580682382,0.385220076491632,0.4589365495367092,0.7324254213045964,[7.13396716e-04 4.45774060e-05],[4.45774060e-05 1.08729052e-05],0.614779923508368,0.008900251927996747,0.9930383134689168,-0.028214966737320088,0.6269374040833695,0.462746326110231,0.00018297105899686776,0.8393754580682382,0.8393754580682382,0.8393754580682382,0.8393754580682382
111,30s,MN,50mM 2DG_1h_yes_A_MN_4_8_0016,0.5855099350959949,0.6672985777835599,1.1396878819385972,0.5682250672004282,[0.00142043 0.00010579],[1.05785655e-04 2.01965598e-05],0.33270142221644006,0.007719826532552406,0.9700497781705589,-0.019225310034994496,0.834818904669149,0.6551956739824571,9.583393878724537e-07,0.5855099350959949,0.5855099350959949,0.5855099350959949,0.5855099350959949
111,30s,MN,6mM 2DG_1h_yes_A_MN_6_1_0003,1.0550281950452072,0.35995649273906577,0.3411818702377351,0.6066600971109677,[0.00307206 0.0001222 ],[1.22204709e-04 2.46265096e-05],0.6400435072609343,0.022707282823139746,0.9792906750249691,-0.026615273528191825,0.5798401418432884,0.4843018050576177,0.00011204326884901691,1.0550281950452072,1.0550281950452072,1.0550281950452072,1.0550281950452072
111,30s,MN,6mM 2DG_1h_yes_A_MN_6_1_0004,0.840091749142459,0.46898565976402773,0.558255286095542,0.6320908886178398,[1.08981985e-03 5.87113315e-05],[5.87113315e-05 1.23584778e-05],0.5310143402359723,0.009010932526984473,0.9887011399939929,-0.024954884847341284,0.6800902872171067,0.5166364965318136,5.174475639436324e-05,0.840091749142459,0.840091749142459,0.840091749142459,0.840091749142459
111,30s,MN,6mM 2DG_1h_yes_A_MN_6_1_0005,0.943927424601787,0.31431506186807895,0.33298647086207767,0.7264170107370168,[9.30867693e-04 5.03508615e-05],[5.03508615e-05 1.21658547e-05],0.685684938131921,0.013189834242624446,0.9923407043271272,-0.030136859637640304,0.5668361498912433,0.4882615384772152,0.00010218024533014188,0.943927424601787,0.943927424601787,0.943927424601787,0.943927424601787
111,30s,MN,6mM 2DG_1h_yes_A_MN_6_1_0008,0.8537124224945709,0.39661490868216714,0.46457671017981395,0.7067779212521299,[6.62077567e-04 3.91410180e-05],[3.91410180e-05 9.21099429e-06],0.6033850913178329,0.005980666678799249,0.9935817422884314,-0.027467139966540325,0.630952629655242,0.47273638040756427,0.0001461050303355494,0.8537124224945709,0.8537124224945709,0.8537124224945709,0.8537124224945709
111,30s,MN,6mM 2DG_1h_yes_A_MN_6_1_0009,1.0231084523651548,0.36314888295675224,0.35494661598899757,0.6224668710057251,[1.23062872e-03 5.20151865e-05],[5.20151865e-05 1.07595428e-05],0.6368511170432478,0.01029701304000878,0.9921511674442438,-0.027265305750746087,0.5905225902767254,0.44655286941504324,0.00026139664536417784,1.0231084523651548,1.0231084523651548,1.0231084523651548,1.0231084523651548
111,30s,MN,6mM 2DG_1h_yes_A_MN_6_1_0011,1.1024033902399604,0.3729683181841984,0.33832290564982237,0.5687860608622725,[1.26462007e-03 4.48759492e-05],[4.48759492e-05 8.47316115e-06],0.6270316818158016,0.008771072855512561,0.9929196856863611,-0.025322053367708843,0.5834658123215223,0.4281226900576436,0.00038786945812793326,1.1024033902399604,1.1024033902399604,1.1024033902399604,1.1024033902399604
111,30s,MN,6mM 2DG_1h_yes_A_MN_6_1_0012,0.8981742349684029,0.4876727324551602,0.5429600554866909,0.5704096684123466,[3.80911243e-04 1.71333942e-05],[1.71333942e-05 3.25237319e-06],0.5123272675448398,0.0022268630898647362,0.9965659605613795,-0.022425533891128318,0.6783355266283818,0.46472394958806834,0.00017505380914409433,0.8981742349684029,0.8981742349684029,0.8981742349684029,0.8981742349684029
111,30s,MN,6mM 2DG_1h_yes_A_MN_6_1_0015,0.22573495676996821,0.7064155704873896,3.12940264368204,1.300571403355056,[0.00039977 0.00019443],[0.00019443 0.00011118],0.29358442951261043,0.005623978476536409,0.9665989756174617,-0.019807686408153405,0.9265268896831205,0.9052921466975418,2.9147495205172276e-13,0.22573495676996821,0.22573495676996821,0.22573495676996821,0.22573495676996821
111,30s,MN,6mM 2DG_1h_yes_A_MN_6_2_0006,0.982614021042494,0.5522799560550451,0.5620517764127867,0.4556418230934167,[0.00493885 0.00016002],[1.60016427e-04 2.42407952e-05],0.4477200439449549,0.016662328992391846,0.9652140142762812,-0.020371594298864273,0.7203289953061129,0.4991425559313087,7.904967001203348e-05,0.982614021042494,0.982614021042494,0.982614021042494,0.982614021042494
111,30s,MN,6mM 2DG_1h_yes_A_MN_6_2_0007,1.1115491476755859,0.397681181187746,0.3577720175660755,0.5418733126392045,[2.47228221e-03 8.28032256e-05],[8.28032256e-05 1.48925520e-05],0.602318818812254,0.014539562450898385,0.9865326232768449,-0.021713038390336167,0.5838886592975585,0.3395889404203866,0.0022365088326999657,1.1115491476755859,1.1115491476755859,1.1115491476755859,1.1115491476755859
111,30s,MN,6mM 2DG_1h_yes_A_MN_6_2_0008,0.5521272865826852,0.47600727826313965,0.8621332251287929,0.9490433356048026,[0.00143064 0.00019106],[1.91055925e-04 6.11436152e-05],0.5239927217368603,0.028953386276955984,0.9641164188737303,-0.03001453322129252,0.741119300811386,0.6721347036617142,5.30886323691213e-07,0.5521272865826852,0.5521272865826852,0.5521272865826852,0.5521272865826852
111,30s,MN,6mM 2DG_1h_yes_A_MN_6_2_0009,1.0659256853860581,0.4710058765674641,0.4418749665431645,0.49627673925593063,[0.00317367 0.00010208],[1.02078466e-04 1.68253515e-05],0.5289941234325359,0.01338875948153687,0.9803968092724439,-0.022089743248810363,0.6537796448658153,0.4602905679257406,0.0001932626423226525,1.0659256853860581,1.0659256853860581,1.0659256853860581,1.0659256853860581
111,30s,MN,6mM 2DG_1h_yes_A_MN_6_2_0010,0.8415370155443034,0.4143513517302631,0.49237448154584385,0.6959273774676938,[5.80544027e-04 3.43649100e-05],[3.43649100e-05 7.96406635e-06],0.585648648269737,0.006143847653297385,0.9939612776373704,-0.026988572974610027,0.6438467504168445,0.5006687710015569,7.622289903322097e-05,0.8415370155443034,0.8415370155443034,0.8415370155443034,0.8415370155443034
111,30s,MN,6mM 2DG_1h_yes_A_MN_6_2_0011,0.8192445377100429,0.2810764408286145,0.3430922366773186,0.877544525570991,[4.53149025e-04 3.49029010e-05],[3.4902901e-05 1.0202606e-05],0.7189235591713855,0.010901488468323976,0.9952517969520039,-0.03250796786883016,0.5621135783847903,0.45282091448860734,0.0002279461694665922,0.8192445377100429,0.8192445377100429,0.8192445377100429,0.8192445377100429
111,30s,MN,6mM 2DG_1h_yes_A_MN_6_3_0002,0.6780535968409381,0.5480310024345488,0.8082414207192964,0.6665682472170069,[0.00748349 0.00054785],[0.00054785 0.00012202],0.45196899756545117,0.05952130041083924,0.8771060290143712,-0.022045973673130884,0.7408053922101971,0.513209835340615,5.6285897945936635e-05,0.6780535968409381,0.6780535968409381,0.6780535968409381,0.6780535968409381
111,30s,MN,6mM 2DG_1h_yes_A_MN_6_3_0003,3.573859264525857,0.7159107124441212,0.20031866379022087,0.0794908994810597,[8.52033329 0.01085663],[0.01085663 0.0002285 ],0.2840892875558788,0.16200145662667934,0.31335994310522053,-0.011565875876210528,0.7971024004250938,0.25591012043223754,0.009881556382736181,,,,
111,30s,MN,6mM 2DG_1h_yes_A_MN_6_3_0006,1.1559587072158048,0.6172640815899331,0.5339845426456886,0.3310982615736414,[0.0116546  0.00022821],[2.28208481e-04 2.50616743e-05],0.38273591841006693,0.016751150923742287,0.9468866661339849,-0.015031698939730618,0.7424212366693792,0.3759630985129279,0.0011177275981376412,1.1559587072158048,1.1559587072158048,1.1559587072158048,1.1559587072158048
111,30s,MN,6mM 2DG_1h_yes_A_MN_6_3_0007,0.7968847785180011,0.34875234764907775,0.4376446345200201,0.8172419274491275,[0.00193778 0.00014359],[1.43585211e-04 3.91001398e-05],0.6512476523509223,0.03254159058547182,0.9765611502552618,-0.031862350961863836,0.6174587536381511,0.5697630899895765,1.2996759574646403e-05,0.7968847785180011,0.7968847785180011,0.7968847785180011,0.7968847785180011
111,30s,MN,6mM 2DG_1h_yes_A_MN_6_3_0013,0.8302540071976475,0.4247098323080329,0.5115420445142493,0.6929086312196688,[1.38265307e-03 8.27856150e-05],[8.27856150e-05 1.91050603e-05],0.5752901676919671,0.01401786605795836,0.9844760398908547,-0.02743628220962884,0.6554431248418437,0.5587832934919649,1.7514255994687195e-05,0.8302540071976475,0.8302540071976475,0.8302540071976475,0.8302540071976475
111,30s,MN,6mM 2DG_1h_yes_A_MN_6_3_0014,0.8922734448171915,0.3422706468878368,0.3835938958801593,0.7371387739180318,[4.70282648e-04 2.75458447e-05],[2.75458447e-05 6.75777990e-06],0.6577293531121632,0.005666950765418517,0.9956299846009203,-0.0286470983177151,0.5862442552849563,0.4660404718301375,0.0001699599571121525,0.8922734448171915,0.8922734448171915,0.8922734448171915,0.8922734448171915
111,30s,MN,6mM 2DG_1h_yes_A_MN_6_4_0004,0.8922226993389764,0.3343891987270499,0.37478221409832974,0.7460141977626024,[1.02355145e-04 6.06782810e-06],[6.06782810e-06 1.50653529e-06],0.66561080127295,0.0015067501388247632,0.9990990096555591,-0.029438948884295144,0.5851529190484454,0.4551784342328017,0.00021642368347704304,0.8922226993389764,0.8922226993389764,0.8922226993389764,0.8922226993389764
111,30s,MN,6mM 2DG_1h_yes_A_MN_6_4_0008,1.1673211867837063,0.41623938874877053,0.3565765733213714,0.5000856815249382,[2.23045319e-03 6.52437576e-05],[6.52437576e-05 1.08198808e-05],0.5837606112512295,0.010537408131898752,0.9894284369970351,-0.02361379924326847,0.6105694611708312,0.4262579363782471,0.00040341108407421293,1.1673211867837063,1.1673211867837063,1.1673211867837063,1.1673211867837063
111,30s,MN,6mM 2DG_1h_yes_A_MN_6_4_0010,0.8098509283465645,0.5335900393929678,0.6588743936891869,0.575920758107026,[0.00361967 0.00018546],[1.85461961e-04 3.55839386e-05],0.4664099606070322,0.021405463186575522,0.9582607102356427,-0.02234845850995301,0.7223926600618357,0.5431248620060137,2.6482111210984904e-05,0.8098509283465645,0.8098509283465645,0.8098509283465645,0.8098509283465645
111,30s,MN,6mM 2DG_1h_yes_A_MN_6_4_0011,1.1655613924716808,0.4088660742425052,0.35078896477127375,0.5071667005921847,[0.00537247 0.00015965],[1.59647651e-04 2.68512950e-05],0.5911339257574948,0.026657650648395797,0.9737420436589163,-0.024692709756726806,0.6097179683541862,0.466755055893681,0.00016725276634404446,1.1655613924716808,1.1655613924716808,1.1655613924716808,1.1655613924716808
111,30s,MN,6mM 2DG_1h_yes_A_MN_6_4_0012,1.104673488391193,0.44155931523945974,0.3997193015671363,0.5055255608368345,[0.00571513 0.00017983],[1.79830762e-04 3.01769622e-05],0.5584406847605403,0.025566559132400066,0.9660423347034393,-0.02374700733225924,0.6347941613438295,0.5066430620417995,6.603030578342892e-05,1.104673488391193,1.104673488391193,1.104673488391193,1.104673488391193
111,30s,MN,6mM 2DG_1h_yes_A_MN_6_4_0014,1.0293396220041753,0.47680221685215257,0.46321175893705036,0.5082848964165543,[1.96436473e-03 6.73306680e-05],[6.73306680e-05 1.13719168e-05],0.5231977831478474,0.00912696880781567,0.9873532474747423,-0.021415592415442736,0.6570224405233842,0.41891917239167853,0.00047034605026636666,1.0293396220041753,1.0293396220041753,1.0293396220041753,1.0293396220041753
111,30s,MN,6mM 2DG_1h_yes_A_MN_6_4_0016,1.1634681010437353,0.5898846495575155,0.507005434036684,0.3524938501318379,[0.02115103 0.00043772],[4.37721993e-04 5.11702034e-05],0.4101153504424845,0.03493537606421999,0.9023320853394406,-0.014464165738175707,0.713118502540687,0.3127909845915769,0.0036543406265315847,1.1634681010437353,1.1634681010437353,1.1634681010437353,1.1634681010437353
111,30s,MN,6mM 2DG_1h_yes_A_MN_6_5_0008,0.8520095415995788,0.3446828535456296,0.4045528092308867,0.7691429666668587,[4.72402397e-04 3.04628110e-05],[3.04628110e-05 7.80148625e-06],0.6553171464543703,0.006770040591243985,0.9951425049396307,-0.030093516910497085,0.5998032775274328,0.5076264322626494,6.447840365110183e-05,0.8520095415995788,0.8520095415995788,0.8520095415995788,0.8520095415995788
111,30s,MN,6mM 2DG_1h_yes_A_MN_6_5_0009,0.7400370620225838,0.2958514983958341,0.3997792996843252,0.9515043742264322,[1.75293704e-04 1.65042414e-05],[1.65042414e-05 5.23802253e-06],0.704148501604166,0.0054968294302779885,0.9976242508901078,-0.03481343485340541,0.5953564087950545,0.5401328968978301,2.8615282636745272e-05,0.7400370620225838,0.7400370620225838,0.7400370620225838,0.7400370620225838
111,30s,MN,6mM 2DG_1h_yes_A_MN_6_5_0014,0.8937116636995605,0.5431167946779207,0.6077091938463283,0.5112199201147161,[0.00521573 0.00021148],[2.11475608e-04 3.59798849e-05],0.45688320532207927,0.020646840636952223,0.9587426870164252,-0.01998386372690288,0.714753364299804,0.4018100775435523,0.0006683141507028922,0.8937116636995605,0.8937116636995605,0.8937116636995605,0.8937116636995605
111,30s,MN,6mM 2DG_1h_yes_A_MN_6_5_0020,0.7435687046710461,0.4345524088184205,0.5844146022937665,0.7604510351625582,[2.53931876e-04 1.90000380e-05],[1.9000038e-05 4.8189655e-06],0.5654475911815795,0.003384626269277366,0.996629807900364,-0.02747570155759699,0.6720832613676505,0.517067865930567,5.119766124345976e-05,0.7435687046710461,0.7435687046710461,0.7435687046710461,0.7435687046710461
111,30s,MN,6mM 2DG_1h_yes_A_MN_6_6_0001,0.865631554575296,0.37312991785808614,0.43104934875110296,0.7241765608342161,[9.36048792e-04 5.57921631e-05],[5.57921631e-05 1.34507988e-05],0.6268700821419139,0.011125223091898073,0.9905067820506195,-0.028793422583565785,0.6158236394323642,0.5221887539102327,4.50974781075177e-05,0.865631554575296,0.865631554575296,0.865631554575296,0.865631554575296
111,30s,MN,6mM 2DG_1h_yes_A_MN_6_6_0005,1.664673150945024,0.7165646392376553,0.43045365321766993,0.17026487187676467,[0.13588906 0.00091226],[9.12263695e-04 5.07915775e-05],0.28343536076234466,0.03191472144544345,0.7496181175396899,-0.007468205584151816,0.7799856040849582,0.19467120483071465,0.02725624890118482,1.664673150945024,1.664673150945024,0.0,0.0
111,30s,MN,6mM 2DG_1h_yes_A_MN_6_6_0009,1.2744234497130935,0.3917767525862677,0.307414896261103,0.47725365344670917,[0.00532542 0.00013475],[1.34747345e-04 2.12826762e-05],0.6082232474137323,0.02172284057361862,0.9783041582525656,-0.02345905872755716,0.5828526299601667,0.42628080691635795,0.0004032170296421083,1.2744234497130935,1.2744234497130935,1.2744234497130935,1.2744234497130935
111,30s,MN,6mM 2DG_1h_yes_A_MN_6_6_0010,0.7207948309891428,0.49121972069471953,0.6814972854628014,0.7058600553601142,[0.00395185 0.0002848 ],[2.84795980e-04 6.70825803e-05],0.5087802793052805,0.04044555283340136,0.94344017496004,-0.023635282015176076,0.6990274438617184,0.4714893660575926,0.00015029871727116883,0.7207948309891428,0.7207948309891428,0.7207948309891428,0.7207948309891428
111,30s,MN,6mM 2DG_1h_yes_A_MN_6_6_0014,1.1074312819823424,0.47186023950542255,0.4260853446913433,0.47690522119728096,[0.01495895 0.0004428 ],[4.42797234e-04 7.00951041e-05],0.5281397604945774,0.05819520696051111,0.9268331613853154,-0.01763756033531594,0.6276603813049018,0.25900806022433276,0.009374121048510941,1.1074312819823424,1.1074312819823424,1.1074312819823424,1.1074312819823424
111,30s,MN,6mM 2DG_1h_yes_A_MN_6_7_0006,1.0879301818519416,0.3779159008272597,0.34737146476067793,0.5718051668663062,[1.14980240e-03 4.16357584e-05],[4.16357584e-05 7.90474925e-06],0.6220840991727403,0.007886276137964117,0.9933631655017893,-0.024558913007725516,0.5839777117708652,0.40669680005756037,0.0006050679899965166,1.0879301818519416,1.0879301818519416,1.0879301818519416,1.0879301818519416
111,30s,MN,6mM 2DG_1h_yes_A_MN_6_7_0008,0.8854483696096282,0.532008377841613,0.6008350075523455,0.5285363192488712,[1.90291714e-03 8.06321123e-05],[8.06321123e-05 1.41845270e-05],0.46799162215838697,0.00899010501935624,0.9821426936035058,-0.02155286667080915,0.7128489037709399,0.5156272010112875,5.304593065544108e-05,0.8854483696096282,0.8854483696096282,0.8854483696096282,0.8854483696096282
111,30s,MN,6mM 2DG_1h_yes_A_MN_6_7_0009,1.224015572262425,0.6532548137669555,0.5336981232677486,0.28328494676920946,[0.0287192  0.00045123],[4.51230602e-04 4.23466381e-05],0.3467451862330445,0.024294915171881325,0.8846791468545234,-0.013720971969032946,0.7652369583466176,0.39466988669997266,0.0007718131329169469,1.224015572262425,1.224015572262425,1.224015572262425,1.224015572262425
111,30s,MN,6mM 2DG_1h_yes_A_MN_6_7_0011,0.9343161852046941,0.38618393608473345,0.41333324007453276,0.6569682444073138,[6.63715876e-04 3.28530532e-05],[3.28530532e-05 7.17986523e-06],0.6138160639152666,0.006382532372781532,0.9945726039379839,-0.026306408726317985,0.6092950645576998,0.448898188066812,0.00024838251586404794,0.9343161852046941,0.9343161852046941,0.9343161852046941,0.9343161852046941
111,30s,MN,6mM 2DG_1h_yes_A_MN_6_7_0013,0.7026814670147781,0.38396126501010036,0.5464229285017208,0.8766970012842872,[9.48646226e-04 8.75268359e-05],[8.75268359e-05 2.56190918e-05],0.6160387349898997,0.0180740730647229,0.9851921551379206,-0.03210278717318824,0.6583980060543188,0.6075670177008994,4.387736168172502e-06,0.7026814670147781,0.7026814670147781,0.7026814670147781,0.7026814670147781
111,30s,MN,6mM 2DG_1h_yes_A_MN_6_7_0014,0.9259419631079661,0.28947245003877625,0.3126248313308416,0.7673564632240081,[6.88961426e-04 4.02482920e-05],[4.02482920e-05 1.02749822e-05],0.7105275499612238,0.011888746674609903,0.9943605471971828,-0.03123168933810441,0.5533680640536762,0.46142915956981223,0.00018842632240334865,0.9259419631079661,0.9259419631079661,0.9259419631079661,0.9259419631079661
111,30s,MN,6mM 2DG_1h_yes_A_MN_6_8_0002,0.7294486504217499,0.29674230841219573,0.40680356079982655,0.9640948560000726,[1.03030932e-04 9.99856980e-06],[9.99856980e-06 3.21605091e-06],0.7032576915878043,0.0025682547064237765,0.998546448893041,-0.03456366569773572,0.5955090912882988,0.535917729571249,3.188962356037739e-05,0.7294486504217499,0.7294486504217499,0.7294486504217499,0.7294486504217499
111,30s,MN,6mM 2DG_1h_yes_A_MN_6_8_0004,0.957385814407269,0.4024679789272864,0.4203822250870303,0.6241287598800009,[4.71223615e-04 2.15460505e-05],[2.15460505e-05 4.47224949e-06],0.5975320210727135,0.0037222555860168074,0.9962932156962782,-0.025404060672864416,0.6169655286692344,0.45371292619241244,0.00022352135493166874,0.957385814407269,0.957385814407269,0.957385814407269,0.957385814407269
111,30s,MN,6mM 2DG_1h_yes_A_MN_6_8_0007,0.9023815023148178,0.4129780644537375,0.45765351283725675,0.6505252313355439,[8.76289971e-04 4.47091051e-05],[4.47091051e-05 9.67854089e-06],0.5870219355462625,0.008223534640555648,0.9927098701525731,-0.024786215760188083,0.6269459363611852,0.40402723439038285,0.0006388954454624152,0.9023815023148178,0.9023815023148178,0.9023815023148178,0.9023815023148178
111,30s,MN,6mM 2DG_1h_yes_A_MN_6_9_0001,0.9500414065228369,0.5055806066446724,0.5321669173295337,0.5204187838137588,[1.82112941e-03 7.00490963e-05],[7.00490963e-05 1.21248261e-05],0.4944193933553276,0.008754687459986163,0.9862404964520256,-0.02106124847568894,0.6843208722415219,0.42852160157949787,0.00038461756266008586,0.9500414065228369,0.9500414065228369,0.9500414065228369,0.9500414065228369
111,30s,MN,6mM 2DG_1h_yes_A_MN_6_9_0003,1.0042001988437768,0.41125684212050045,0.40953670651929397,0.58628066251866,[0.00413629 0.00016821],[1.68206674e-04 3.27790712e-05],0.5887431578794995,0.0289380196677206,0.9703742227314394,-0.021232681881390304,0.5968891052151929,0.338231547615703,0.0022937175156174036,1.0042001988437768,1.0042001988437768,1.0042001988437768,1.0042001988437768
111,30s,MN,6mM 2DG_1h_yes_A_MN_6_9_0005,0.8677897637359461,0.3995058693228,0.46037172367979556,0.6919811177444591,[7.50478101e-04 4.26191582e-05],[4.26191582e-05 9.81790078e-06],0.6004941306772,0.008427505400895227,0.993102896031706,-0.027389571467109165,0.632464228665355,0.4696861076000738,0.00015655985330041453,0.8677897637359461,0.8677897637359461,0.8677897637359461,0.8677897637359461
111,30s,MN,6mM 2DG_1h_yes_A_MN_6_9_0006,0.8956421781920825,0.33022482474305004,0.3687017346700134,0.7478155803347034,[9.39736973e-04 5.55972207e-05],[5.55972207e-05 1.38366176e-05],0.66977517525695,0.01433700810115492,0.9914773642896838,-0.030694712913526732,0.5878162679589511,0.5086362621149707,6.291978613919593e-05,0.8956421781920825,0.8956421781920825,0.8956421781920825,0.8956421781920825
111,30s,MN,2mM 2DG_1h_yes_A_MN_8_1_0003,0.9965916185411698,0.5315361999951146,0.5333540741323789,0.470065964121424,[0.00605572 0.00019917],[1.99169972e-04 3.11221812e-05],0.4684638000048854,0.022282458359451446,0.9599682431038171,-0.020852322616373428,0.7044161785546635,0.4658272933246154,0.00017077538252232172,0.9965916185411698,0.9965916185411698,0.9965916185411698,0.9965916185411698
111,30s,MN,2mM 2DG_1h_yes_A_MN_8_1_0005,0.9635030906402253,0.4267754947570562,0.4429414901756816,0.5949378998484058,[0.00940364 0.00040687],[4.06873111e-04 8.04979268e-05],0.5732245052429439,0.06537984347632303,0.934276853621444,-0.022420369807492565,0.6212104514134298,0.3470839473162312,0.0019438534826381527,0.9635030906402253,0.9635030906402253,0.9635030906402253,0.9635030906402253
111,30s,MN,2mM 2DG_1h_yes_A_MN_8_1_0009,1.0001189849610512,0.3453046620078082,0.34526358083409026,0.6546174483605952,[1.78883222e-03 8.16025280e-05],[8.1602528e-05 1.7756620e-05],0.6546953379921918,0.01833319890289419,0.9885677718645054,-0.026440688099323578,0.5716143105148872,0.3743017762836817,0.001154557918920421,1.0001189849610512,1.0001189849610512,1.0001189849610512,1.0001189849610512
111,30s,MN,2mM 2DG_1h_yes_A_MN_8_1_0011,1.0855822970770606,0.354996616635855,0.3270103221024204,0.594154294060268,[5.58408858e-04 2.10624378e-05],[2.10624378e-05 4.15523748e-06],0.645003383364145,0.004185929701563854,0.9969541474355258,-0.025459381146992928,0.5699159460023906,0.381904276413239,0.000994759761892928,1.0855822970770606,1.0855822970770606,1.0855822970770606,1.0855822970770606
111,30s,MN,2mM 2DG_1h_yes_A_MN_8_2_0001,0.9794467762819122,0.28354814624545516,0.28949826893283076,0.7314862543876809,[3.43479558e-04 1.79319673e-05],[1.79319673e-05 4.36122804e-06],0.7164518537545448,0.0052331190036083285,0.9975601139745747,-0.030302673683880885,0.5395446582135098,0.43119421283723575,0.0003634731054210586,0.9794467762819122,0.9794467762819122,0.9794467762819122,0.9794467762819122
111,30s,MN,2mM 2DG_1h_yes_A_MN_8_2_0002,0.9610339160784954,0.4108535587672459,0.4275120283410353,0.613033974531065,[6.60781503e-04 2.95469444e-05],[2.95469444e-05 6.02370028e-06],0.5891464412327541,0.0053757562327827555,0.994978231664308,-0.024729558810348717,0.6206699022251483,0.43167703946561864,0.0003597699167259035,0.9610339160784954,0.9610339160784954,0.9610339160784954,0.9610339160784954
111,30s,MN,2mM 2DG_1h_yes_A_MN_8_2_0005,1.182749396947484,0.376563415081342,0.31837971429383194,0.5271079288035685,[9.77437189e-04 2.96951232e-05],[2.96951232e-05 5.18929958e-06],0.623436584918658,0.005164409712432669,0.9956023428572754,-0.022883187746367127,0.5699991591344443,0.34559882604431996,0.001998840655830067,1.182749396947484,1.182749396947484,1.182749396947484,1.182749396947484
111,30s,MN,2mM 2DG_1h_yes_A_MN_8_2_0006,0.994978662812742,0.4885392839471812,0.49100478453086766,0.5140418937296118,[1.98484291e-03 7.15201166e-05],[7.15201166e-05 1.22214410e-05],0.5114607160528188,0.009062093337395431,0.9863645415942193,-0.022038235378492706,0.6728697790813165,0.4516409301092532,0.00023392387365459645,0.994978662812742,0.994978662812742,0.994978662812742,0.994978662812742
111,30s,MN,2mM 2DG_1h_yes_A_MN_8_2_0007,0.4451909833061196,0.41785369268668454,0.9385942401249453,1.307632744468734,[1.11265855e-04 2.65290127e-05],[2.65290127e-05 1.19870445e-05],0.5821463073133155,0.004607180569562076,0.9961334872565005,-0.03621286124078553,0.7510146178359105,0.7109513516352678,1.215585387252218e-07,0.4451909833061196,0.4451909833061196,0.4451909833061196,0.4451909833061196
111,30s,MN,2mM 2DG_1h_yes_A_MN_8_2_0008,0.8743574866446385,0.40251965879584706,0.4603605103680452,0.6833364502853332,[0.00461336 0.00025646],[2.56459753e-04 5.83365159e-05],0.5974803412041529,0.05188901554069037,0.9591808265417352,-0.028952327878653573,0.643841844220385,0.5206158983353689,4.6895810088771716e-05,0.8743574866446385,0.8743574866446385,0.8743574866446385,0.8743574866446385
111,30s,MN,2mM 2DG_1h_yes_A_MN_8_2_0009,0.9114741930819982,0.47183564061279615,0.5176620953110724,0.5794616714284625,[0.00470468 0.00021135],[2.11351196e-04 4.07507323e-05],0.5281643593872039,0.029343679419167757,0.9635922437563726,-0.025382938270345067,0.6827192926684447,0.5000353362618614,7.7384602428247e-05,0.9114741930819982,0.9114741930819982,0.9114741930819982,0.9114741930819982
111,30s,MN,2mM 2DG_1h_yes_A_MN_8_3_0001,0.9496997824232514,0.3421587504419273,0.3602809611779377,0.6926833739811195,[1.25738067e-03 6.44005906e-05],[6.44005906e-05 1.48370071e-05],0.6578412495580728,0.014847793364188495,0.9902000638116376,-0.028816104283666398,0.5842414424208611,0.4669803989610087,0.0001664073517716395,0.9496997824232514,0.9496997824232514,0.9496997824232514,0.9496997824232514
111,30s,MN,2mM 2DG_1h_yes_A_MN_8_3_0004,1.1708980961434168,0.49120106406599673,0.419507953496435,0.43453733301799075,[2.16701127e-03 5.48904293e-05],[5.48904293e-05 7.90927170e-06],0.5087989359340033,0.006221868873607865,0.9901219978888779,-0.020124473245547534,0.6581841737212638,0.39530930039706125,0.0007619717477165872,1.1708980961434168,1.1708980961434168,1.1708980961434168,1.1708980961434168
111,30s,MN,2mM 2DG_1h_yes_A_MN_8_3_0005,1.1129586174395807,0.3359908720525213,0.3018898158365365,0.596616188187721,[9.08837280e-04 3.34665727e-05],[3.34665727e-05 6.62706490e-06],0.6640091279474787,0.007602464563642481,0.9952465858802283,-0.026975162897541757,0.5602948685485708,0.4155306606058253,0.0005045999393224773,1.1129586174395807,1.1129586174395807,1.1129586174395807,1.1129586174395807
111,30s,MN,2mM 2DG_1h_yes_A_MN_8_3_0006,0.9810639799434469,0.3647287125867974,0.3717685289065674,0.647532985004528,[8.65619899e-04 3.99291069e-05],[3.99291069e-05 8.59642803e-06],0.6352712874132026,0.008831713167238154,0.9938878338218462,-0.027217581060834366,0.5936967120318954,0.4417764141286457,0.00028987243595208605,0.9810639799434469,0.9810639799434469,0.9810639799434469,0.9810639799434469
111,30s,MN,2mM 2DG_1h_yes_A_MN_8_3_0008,0.9411993359819525,0.29630604162267443,0.31481752089586695,0.7476566668453525,[3.20372083e-04 1.78951788e-05],[1.78951788e-05 4.45042184e-06],0.7036939583773256,0.004498738183713375,0.9975523117041226,-0.029660989844854838,0.5498288635564063,0.4137502265318942,0.0005235104326609453,0.9411993359819525,0.9411993359819525,0.9411993359819525,0.9411993359819525
111,30s,MN,2mM 2DG_1h_yes_A_MN_8_4_0002,0.7270429202034183,0.6407101213408581,0.8812548799204244,0.4941797364021049,[0.00667513 0.00033335],[3.33350230e-04 5.49636924e-05],0.35928987865914186,0.02517089165182245,0.9183056345711913,-0.016229147263382253,0.7857187076081895,0.3894719790564431,0.0008563045358761462,0.7270429202034183,0.7270429202034183,0.7270429202034183,0.7270429202034183
111,30s,MN,2mM 2DG_1h_yes_A_MN_8_4_0003,1.1805640726035649,0.4768263936964701,0.4038970901807115,0.4431556223371642,[0.00413819 0.00010592],[1.05916947e-04 1.55618892e-05],0.5231736063035299,0.012382220506196962,0.9794558718009173,-0.02068998287656496,0.646625229631526,0.4404041591156664,0.00029856856188392814,1.1805640726035649,1.1805640726035649,1.1805640726035649,1.1805640726035649
111,30s,MN,2mM 2DG_1h_yes_A_MN_8_4_0006,1.1341177134755223,0.339601830459806,0.2994414304835171,0.5823012564686896,[3.31453912e-04 1.16620640e-05],[1.1662064e-05 2.2531863e-06],0.6603981695401939,0.002466444187891759,0.9983329851588272,-0.025104925490037885,0.5514276852413229,0.3686403657677196,0.0012887132822088977,1.1341177134755223,1.1341177134755223,1.1341177134755223,1.1341177134755223
111,30s,MN,2mM 2DG_1h_yes_A_MN_8_4_0008,1.0540058001046468,0.3710368306572602,0.35202541638805196,0.5967359660452468,[4.40179194e-04 1.72425789e-05],[1.72425789e-05 3.41790366e-06],0.6289631693427398,0.0034911723593286452,0.9973958904665904,-0.025156452973917724,0.5837517589517537,0.39215778927239636,0.000811630662239991,1.0540058001046468,1.0540058001046468,1.0540058001046468,1.0540058001046468
111,30s,MN,2mM 2DG_1h_yes_A_MN_8_4_0009,1.1113166987195324,0.41769107000129446,0.3758524194611323,0.5239810853824534,[0.00588631 0.00019068],[1.90683196e-04 3.31629880e-05],0.5823089299987055,0.030391425836802,0.9719801467242712,-0.02471938738559906,0.6221080414008858,0.4112637405341612,0.0005510204809791884,1.1113166987195324,1.1113166987195324,1.1113166987195324,1.1113166987195324
111,30s,MN,2mM 2DG_1h_yes_A_MN_8_4_0010,1.4189211599192508,0.6450831218862201,0.4546292916816682,0.2501315000010133,[0.28570439 0.00336229],[0.00336229 0.00027735],0.3549168781137799,0.18711565803235877,0.5940521452473935,-0.013795449685218165,0.7577894185111909,0.2051189396060545,0.0229983696507291,,,,
111,30s,MN,2mM 2DG_1h_yes_A_MN_8_5_0004,1.3708203812648099,0.4181053038177102,0.3050037113045682,0.4244864638249652,[0.00923396 0.00019161],[1.91611356e-04 2.68575135e-05],0.5818946961822897,0.027695027701642616,0.9707171952774243,-0.01736975274637788,0.5688809626576935,0.2445638524664821,0.01197088033245036,1.3708203812648099,1.3708203812648099,1.3708203812648099,1.3708203812648099
111,30s,MN,2mM 2DG_1h_yes_A_MN_8_5_0008,1.0928030254856251,0.37794300443110085,0.3458473262033189,0.5692306674320072,[9.00457785e-04 3.22961698e-05],[3.22961698e-05 6.10355196e-06],0.6220569955688992,0.006110570002092989,0.9949897235384678,-0.02477324928506253,0.5855675488155417,0.40389692094978197,0.0006405907579356226,1.0928030254856251,1.0928030254856251,1.0928030254856251,1.0928030254856251
111,30s,MN,2mM 2DG_1h_yes_A_MN_8_5_0009,0.7544763023683635,0.4581762705195046,0.6072772187559125,0.7181454576898783,[0.00489629 0.00034006],[3.40057467e-04 8.14322622e-05],0.5418237294804954,0.0447545702216876,0.9502369671433317,-0.02971402994476635,0.7090677640951408,0.5232274030778805,4.39449900106483e-05,0.7544763023683635,0.7544763023683635,0.7544763023683635,0.7544763023683635
111,30s,MN,2mM 2DG_1h_yes_A_MN_8_5_0010,0.6832833691846185,0.41059319530800104,0.600912028340414,0.8626096159714158,[7.04884426e-04 6.61683267e-05],[6.61683267e-05 1.90682021e-05],0.5894068046919989,0.01221893056678195,0.9889836477778682,-0.031198555041992475,0.6791555837491977,0.5860085738246026,8.245979441375943e-06,0.6832833691846185,0.6832833691846185,0.6832833691846185,0.6832833691846185
111,30s,MN,2mM 2DG_1h_yes_A_MN_8_5_0011,1.1133579395007158,0.41013147200132,0.36837342012869917,0.5298103216142742,[1.03240148e-03 3.37460710e-05],[3.37460710e-05 5.93411529e-06],0.58986852799868,0.005068409025386855,0.9948447544587947,-0.02379967340079409,0.6091659961218234,0.39171216654516583,0.0008188899092296218,1.1133579395007158,1.1133579395007158,1.1133579395007158,1.1133579395007158
111,30s,MN,2mM 2DG_1h_yes_A_MN_8_5_0012,0.7746212088015252,0.4253178446584556,0.5490655817654372,0.7418879689992977,[0.00542391 0.00037722],[3.77224607e-04 9.32847294e-05],0.5746821553415444,0.0700129985598248,0.9427201092680607,-0.028782655868696525,0.6711482046735333,0.484827937142687,0.00011068400754134678,0.7746212088015252,0.7746212088015252,0.7746212088015252,0.7746212088015252
111,30s,MN,2mM 2DG_1h_yes_A_MN_8_6_0004,1.0573876067143917,0.36524868628714563,0.34542554118075836,0.6003014501798539,[1.30129592e-03 5.10924269e-05],[5.10924269e-05 1.01878330e-05],0.6347513137128544,0.010664911760259056,0.9921322997296158,-0.026579690991471814,0.5862891246165418,0.44316229830406745,0.0002813281696449963,1.0573876067143917,1.0573876067143917,1.0573876067143917,1.0573876067143917
111,30s,MN,2mM 2DG_1h_yes_A_MN_8_6_0005,0.9185437413021138,0.34108932594866886,0.3713370530021203,0.7173427289562381,[9.75726201e-04 5.37810730e-05],[5.37810730e-05 1.28359553e-05],0.6589106740513311,0.013298932906391761,0.9919714188379583,-0.029915430429992007,0.5921923943849414,0.4843747037150013,0.00011185402069091304,0.9185437413021138,0.9185437413021138,0.9185437413021138,0.9185437413021138
111,30s,MN,2mM 2DG_1h_yes_A_MN_8_6_0009,1.0081357013447914,0.47767891413129465,0.47382402338703034,0.5181059307511487,[0.00322888 0.00011552],[1.15520369e-04 1.98931863e-05],0.5223210858687053,0.014233525128245172,0.9762861747532641,-0.020821347234687905,0.65372768941604,0.4282590930201528,0.00038675465979807024,1.0081357013447914,1.0081357013447914,1.0081357013447914,1.0081357013447914
111,30s,MN,2mM 2DG_1h_yes_A_MN_8_7_0004,0.872838320661674,0.47926144567588197,0.5490838730735006,0.5966036801974516,[0.00481827 0.00023433],[2.34326622e-04 4.65373665e-05],0.5207385543241181,0.03367202455805781,0.9579434906130992,-0.025419875845824152,0.6910565892301339,0.5188116336779451,4.903994733759534e-05,0.872838320661674,0.872838320661674,0.872838320661674,0.872838320661674
111,30s,MN,2mM 2DG_1h_yes_A_MN_8_7_0005,1.053592981501967,0.34198387175722483,0.32458822122154235,0.6245449047171228,[4.00191396e-04 1.64140254e-05],[1.64140254e-05 3.40530892e-06],0.6580161282427752,0.003634259811265082,0.9976073515284396,-0.026678411160976027,0.5665224529950796,0.40679373636025273,0.0006038714896135606,1.053592981501967,1.053592981501967,1.053592981501967,1.053592981501967
111,30s,MN,2mM 2DG_1h_yes_A_MN_8_7_0006,0.9436011589181389,0.43958145611337773,0.46585514648728105,0.5939146413609278,[1.27443275e-03 5.63827961e-05],[5.63827961e-05 1.11383780e-05],0.5604185438866223,0.009080397978602057,0.9903121117332316,-0.023323198628508866,0.6394340848733471,0.4040782162641652,0.0006382333296438493,0.9436011589181389,0.9436011589181389,0.9436011589181389,0.9436011589181389
111,30s,MN,2mM 2DG_1h_yes_A_MN_8_7_0007,1.0446600960232546,0.4425421989977872,0.4236231485077573,0.533626012062974,[1.80347082e-03 6.38161828e-05],[6.38161828e-05 1.13134832e-05],0.5574578010022129,0.009966355952831789,0.9889065397516672,-0.022998455309853318,0.6352266403811946,0.42336684192714064,0.00042865003446612867,1.0446600960232546,1.0446600960232546,1.0446600960232546,1.0446600960232546
111,30s,MN,2mM 2DG_1h_yes_A_MN_8_7_0010,0.16984351947819704,0.8590693404887859,5.0580048218976374,0.8297676587495908,[0.00188386 0.00073271],[0.00073271 0.00030937],0.14093065951121408,0.00599338707373314,0.8799645055368084,-0.01043256443523096,0.9844850962416491,0.7816676548553486,4.623487797205593e-09,0.16984351947819704,0.16984351947819704,0.16984351947819704,0.16984351947819704
111,30s,MN,2mM 2DG_1h_yes_A_MN_8_8_0002,1.2735295332973653,0.4188396304556529,0.32888097174410413,0.4563383528606775,[1.00328437e-03 2.42922662e-05],[2.42922662e-05 3.66876575e-06],0.581160369544347,0.003650543362149017,0.9962044222572045,-0.021308994993712263,0.5961874855989958,0.3570292848354236,0.0016104074287452506,1.2735295332973653,1.2735295332973653,1.2735295332973653,1.2735295332973653
111,30s,MN,2mM 2DG_1h_yes_A_MN_8_8_0004,0.6283300801740137,0.6374367158108803,1.0144933943546752,0.577026781988074,[0.00250049 0.00017365],[1.73653895e-04 3.35605347e-05],0.36256328418911965,0.013468274815332967,0.9524288402550939,-0.019156008270953748,0.8052282094498697,0.5815324473876933,9.362987252254781e-06,0.6283300801740137,0.6283300801740137,0.6283300801740137,0.6283300801740137
111,30s,MN,2mM 2DG_1h_yes_A_MN_8_8_0005,1.357577716070699,0.6878940671259379,0.5067069523776083,0.22989912782113495,[0.03007452 0.00034166],[3.41656048e-04 2.59449141e-05],0.3121059328740621,0.01514094855035819,0.9282541979130964,-0.010518414774003013,0.778525435109807,0.22809242580827765,0.0157617623750738,1.357577716070699,1.357577716070699,1.357577716070699,1.357577716070699
111,30s,MN,2mM 2DG_1h_yes_A_MN_8_8_0011,1.2150192488224651,0.5351824477952001,0.4404724026503051,0.38255982582603315,[0.00869884 0.0001861 ],[1.86101620e-04 2.35895812e-05],0.4648175522047999,0.01837138217309136,0.9633969873329643,-0.018684660602123676,0.6879371788163542,0.41803155805055453,0.0004791042400076508,1.2150192488224651,1.2150192488224651,1.2150192488224651,1.2150192488224651
111,30s,MN,2mM 2DG_1h_yes_A_MN_8_8_0012,1.2655390989547501,0.5604108573029342,0.4428238193239511,0.347353268705911,[0.02347645 0.00043572],[4.35724135e-04 5.00980359e-05],0.43958914269706584,0.03590663045919607,0.9228484524404009,-0.015469336937744,0.6918106208576612,0.2806398639418407,0.006458592738641144,1.2655390989547501,1.2655390989547501,1.2655390989547501,1.2655390989547501
111,30s,MN,2mM 2DG_1h_yes_A_MN_8_8_0013,0.8298820698462512,0.3522791110266725,0.42449297776964595,0.7804975098369434,[7.86250420e-04 5.30549216e-05],[5.30549216e-05 1.37916695e-05],0.6477208889733275,0.010104954422143434,0.9916921793964956,-0.028851947395654554,0.6012211096959217,0.4582178335711146,0.0002023624069009536,0.8298820698462512,0.8298820698462512,0.8298820698462512,0.8298820698462512
111,30s,MN,2mM 2DG_1h_yes_A_MN_8_8_0015,1.2515260994882176,0.6218801672040447,0.4968974817691362,0.30212700554193683,[3.52154050e-03 5.75612847e-05],[5.75612847e-05 5.75814271e-06],0.3781198327959553,0.0038025601984047032,0.9857682246603982,-0.01476893803891242,0.7427658875370234,0.41200280988831434,0.0005427068022850836,1.2515260994882176,1.2515260994882176,1.2515260994882176,1.2515260994882176
111,30s,MN,1mM 2DG_1h_yes_A_MN_10_1_0005,1.0751657772130598,0.29369132451572444,0.27315910786986036,0.6569300199594338,[1.38248024e-03 5.82877277e-05],[5.82877277e-05 1.27159090e-05],0.7063086754842756,0.0159863181807342,0.9919592076841746,-0.02955844349011416,0.5386682804690521,0.44576742871899616,0.0002658940415950531,1.0751657772130598,1.0751657772130598,1.0751657772130598,1.0751657772130598
111,30s,MN,1mM 2DG_1h_yes_A_MN_10_1_0007,0.7951990060262655,0.4485261880864749,0.56404269206501,0.6935041514567863,[7.30210176e-04 4.60292072e-05],[4.60292072e-05 1.06368130e-05],0.5514738119135252,0.005919458352528027,0.991805797006374,-0.026237247609314444,0.6733876679826762,0.497141744893886,8.290191438986933e-05,0.7951990060262655,0.7951990060262655,0.7951990060262655,0.7951990060262655
111,30s,MN,1mM 2DG_1h_yes_A_MN_10_1_0008,0.47049460844819957,0.3658444854790312,0.7775742355171109,1.3478486323415284,[3.89148153e-04 8.95265159e-05],[8.95265159e-05 4.13529969e-05],0.6341555145209687,0.019558528592235714,0.9884864948237719,-0.038968622303156154,0.7217474674053374,0.655770475836182,9.397609791853534e-07,0.47049460844819957,0.47049460844819957,0.47049460844819957,0.47049460844819957
111,30s,MN,1mM 2DG_1h_yes_A_MN_10_1_0009,0.757788628177304,0.7190230371579673,0.9488437941955149,0.37078540425957796,[0.02540359 0.00090623],[0.00090623 0.00011204],0.28097696284203266,0.050470051713417355,0.7190741316656721,-0.01662594667920618,0.85275033691011,0.6701675728758487,5.694348322577556e-07,0.757788628177304,0.757788628177304,,
111,30s,MN,1mM 2DG_1h_yes_A_MN_10_1_0010,1.0009505258944487,0.33488678737861793,0.3345687710982152,0.6644816056488281,[1.28401551e-03 5.94001274e-05],[5.94001274e-05 1.31200394e-05],0.6651132126213821,0.014599587252539827,0.9915553451708279,-0.027912498930459752,0.5704957915223294,0.4168612908715781,0.0004908823239862352,1.0009505258944487,1.0009505258944487,1.0009505258944487,1.0009505258944487
111,30s,MN,1mM 2DG_1h_yes_A_MN_10_1_0011,1.1513292906690997,0.356951596638989,0.3100343225277845,0.5585269206408366,[2.56892248e-03 8.52380493e-05],[8.52380493e-05 1.57918114e-05],0.643048403361011,0.01645471267726266,0.9867643768414943,-0.025351326441482355,0.566744547105612,0.4235215068908486,0.00042726365148761705,1.1513292906690997,1.1513292906690997,1.1513292906690997,1.1513292906690997
111,30s,MN,1mM 2DG_1h_yes_A_MN_10_1_0012,0.78556894635134,0.3165904092702071,0.4030077954845918,0.8699549465441101,[5.75530648e-04 4.61667398e-05],[4.61667398e-05 1.33850446e-05],0.6834095907297929,0.011916999586862665,0.99310166989093,-0.03293037481665577,0.5977146243044119,0.527921235571819,3.906716837843041e-05,0.78556894635134,0.78556894635134,0.78556894635134,0.78556894635134
111,30s,MN,1mM 2DG_1h_yes_A_MN_10_1_0013,1.100043760097286,0.6214762761942317,0.5649559578786841,0.3440987872812371,[4.15587104e-03 8.94337808e-05],[8.94337808e-05 1.02160402e-05],0.37852372380576826,0.006227199724997059,0.9791251403201713,-0.015275234306433232,0.7496173157467413,0.38127350275345895,0.0010071918556592832,1.100043760097286,1.100043760097286,1.100043760097286,1.100043760097286
111,30s,MN,1mM 2DG_1h_yes_A_MN_10_2_0002,1.2074542077368084,0.40071356451846263,0.331866469097441,0.49632228836637193,[0.00401495 0.00011222],[1.12220303e-04 1.84572458e-05],0.5992864354815374,0.01849459346315353,0.9821275657661609,-0.023844488626303187,0.5960817676582718,0.4257419240811812,0.00040781244793315847,1.2074542077368084,1.2074542077368084,1.2074542077368084,1.2074542077368084
111,30s,MN,1mM 2DG_1h_yes_A_MN_10_2_0003,1.1078047026160098,0.36088978899606966,0.32577022659666593,0.5769159577448196,[2.18349054e-03 7.81574369e-05],[7.81574369e-05 1.49668768e-05],0.6391102110039304,0.015358894388377797,0.9881490687705623,-0.02674314035098738,0.5810772922676052,0.45164800835986985,0.00023388758792507937,1.1078047026160098,1.1078047026160098,1.1078047026160098,1.1078047026160098
111,30s,MN,1mM 2DG_1h_yes_A_MN_10_2_0004,0.9955920051587835,0.42219100707841506,0.4240602625280034,0.5803672487601306,[1.37762841e-03 5.60057548e-05],[5.60057548e-05 1.08050819e-05],0.5778089929215849,0.00910796988884081,0.9899750954070344,-0.024386154539921212,0.6264277829303279,0.45974053149043015,0.0001956398403812329,0.9955920051587835,0.9955920051587835,0.9955920051587835,0.9955920051587835
111,30s,MN,1mM 2DG_1h_yes_A_MN_10_2_0005,0.9673957665302174,0.4361959841932408,0.45089713981047885,0.5828059573063558,[1.51286696e-03 6.38274149e-05],[6.38274149e-05 1.23698970e-05],0.5638040158067592,0.009356320306454325,0.9886512881720901,-0.02454072660064997,0.6417943578696942,0.4664029530507037,0.000168581686255738,0.9673957665302174,0.9673957665302174,0.9673957665302174,0.9673957665302174
111,30s,MN,1mM 2DG_1h_yes_A_MN_10_2_0006,1.0764617086268837,0.48381346205109316,0.4494479071329322,0.4795215043992095,[0.00818179 0.00025146],[2.51456531e-04 4.00418743e-05],0.5161865379489068,0.03139504818766833,0.953788354967148,-0.022677457338041943,0.6690727898141641,0.478643767759544,0.00012766672980085052,1.0764617086268837,1.0764617086268837,1.0764617086268837,1.0764617086268837
111,30s,MN,1mM 2DG_1h_yes_A_MN_10_2_0009,1.122973557320008,0.4070951613777046,0.36251535819707353,0.5279775598966651,[0.00576228 0.00018589],[1.85887310e-04 3.25697352e-05],0.5929048386222955,0.029060301580885607,0.9679514382975746,-0.024807994416387837,0.6095854197840463,0.48051664119321086,0.00012228559444998324,1.122973557320008,1.122973557320008,1.122973557320008,1.122973557320008
111,30s,MN,1mM 2DG_1h_yes_A_MN_10_2_0010,0.6812856302868179,0.7024382593187113,1.0310481068314743,0.43676503283361,[0.00989701 0.00047205],[4.72054566e-04 6.88836603e-05],0.2975617406812887,0.029123147058237122,0.8857836834230679,-0.013507496067077225,0.8270150537969699,0.3159862231573171,0.00344936903967483,0.6812856302868179,0.6812856302868179,0.6812856302868179,0.6812856302868179
111,30s,MN,1mM 2DG_1h_yes_A_MN_10_2_0011,1.0886696257918151,0.43951257395231436,0.40371529024027514,0.514837020129068,[0.00311702 0.00010155],[1.01547673e-04 1.73583610e-05],0.5604874260476856,0.015278019191737352,0.9818581263816963,-0.023549825259778716,0.6333531240403174,0.46538613694539227,0.00017247432873849835,1.0886696257918151,1.0886696257918151,1.0886696257918151,1.0886696257918151
111,30s,MN,1mM 2DG_1h_yes_A_MN_10_2_0012,0.4204099580162962,0.2383628071853343,0.5669770723558711,1.811653549807549,[0.0029209  0.00103252],[0.00103252 0.00065305],0.7616371928146657,0.19324523615665784,0.8774088976737918,-0.045309465216833954,0.6626406314399367,0.708719641294717,1.3298706717002863e-07,0.4204099580162962,0.4204099580162962,0.4204099580162962,0.4204099580162962
111,30s,MN,1mM 2DG_1h_yes_A_MN_10_3_0007,0.6223387616251215,0.33580789888145834,0.5395902032593289,1.0672516996757972,[1.50457418e-04 1.95506620e-05],[1.95506620e-05 6.99095443e-06],0.6641921011185417,0.004242685594400235,0.9972006046211697,-0.035917615872371765,0.6510516436051184,0.5825694789780687,9.092483494295256e-06,0.6223387616251215,0.6223387616251215,0.6223387616251215,0.6223387616251215
111,30s,MN,1mM 2DG_1h_yes_A_MN_10_3_0009,0.8622279056160723,0.4530954438313542,0.5254938292766249,0.6342923403504042,[0.00209147 0.00010969],[1.09688906e-04 2.31632685e-05],0.5469045561686459,0.01713730715985061,0.9801783488227098,-0.025478944661427784,0.6682718195393934,0.4968333914878211,8.351076138159607e-05,0.8622279056160723,0.8622279056160723,0.8622279056160723,0.8622279056160723
111,30s,MN,1mM 2DG_1h_yes_A_MN_10_3_0010,1.393603112918073,0.3663751011268984,0.26289773446310954,0.45466667876935996,[0.00682475 0.00014894],[1.48936866e-04 2.23469335e-05],0.6336248988731016,0.026490784653834292,0.9794343884450397,-0.022620256298889623,0.552505137796069,0.3484664932175255,0.0018939343950701252,1.393603112918073,1.393603112918073,1.393603112918073,1.393603112918073
111,30s,MN,1mM 2DG_1h_yes_A_MN_10_3_0011,0.8917752658287195,0.6581509130158475,0.7380232870713601,0.38333546587712874,[0.0082626  0.00025184],[2.51839938e-04 3.21295548e-05],0.3418490869841525,0.0170336609064793,0.926040697691057,-0.016702066185118485,0.7955127259995739,0.5640763790053065,1.5181807275500205e-05,0.8917752658287195,0.8917752658287195,0.8917752658287195,0.8917752658287195
111,30s,MN,1mM 2DG_1h_yes_A_MN_10_3_0013,0.9465214937269982,0.36111929174907365,0.3815225477100787,0.6749774965334241,[9.56987257e-04 4.79465723e-05],[4.79465723e-05 1.07642557e-05],0.6388807082509264,0.01086677425043287,0.9926319567229492,-0.02857978059456344,0.6003941085153918,0.47679101665922446,0.0001332043145079528,0.9465214937269982,0.9465214937269982,0.9465214937269982,0.9465214937269982
111,30s,MN,1mM 2DG_1h_yes_A_MN_10_3_0014,1.1310504998086046,0.6002781640531056,0.5307262267729728,0.3534075941034772,[0.0142708  0.00030567],[3.05670966e-04 3.58446943e-05],0.39972183594689437,0.023939680116251,0.9290842992653884,-0.018719852779142596,0.7491297423755703,0.5486538165503437,2.2920588203128556e-05,1.1310504998086046,1.1310504998086046,1.1310504998086046,1.1310504998086046
111,30s,MN,1mM 2DG_1h_yes_A_MN_10_3_0017,0.8214431312841077,0.30765333474042145,0.3745278559448021,0.842841870474075,[3.88812551e-04 2.86730835e-05],[2.86730835e-05 8.04985680e-06],0.6923466652595786,0.007725001166364393,0.9958855396872516,-0.032692906115088134,0.5860988977409001,0.5021972077817086,7.348566504307748e-05,0.8214431312841077,0.8214431312841077,0.8214431312841077,0.8214431312841077
111,30s,MN,1mM 2DG_1h_yes_A_MN_10_3_0018,1.0337959648702777,0.42474400528360035,0.4108586410829122,0.5564502225432691,[0.01342722 0.00050137],[5.01372432e-04 9.26991712e-05],0.5752559947163997,0.07864472650329168,0.9339548968968995,-0.024756575021086143,0.63367204363762,0.35799942773322835,0.0015809079170218264,1.0337959648702777,1.0337959648702777,1.0337959648702777,1.0337959648702777
111,30s,MN,1mM 2DG_1h_yes_A_MN_10_3_0019,1.1010253722227707,0.3512615981915826,0.3190313384717457,0.5892129447468882,[1.34731017e-03 4.95973437e-05],[4.95973437e-05 9.70113010e-06],0.6487384018084175,0.009364589394435697,0.9926116083955268,-0.026209405589605772,0.569584890203197,0.41822814893784205,0.00047715153470594037,1.1010253722227707,1.1010253722227707,1.1010253722227707,1.1010253722227707
111,30s,MN,1mM 2DG_1h_yes_A_MN_10_4_0003,1.0797829199742264,0.38009718818914656,0.3520125954559637,0.5740994790190328,[6.06291964e-04 2.22310469e-05],[2.22310469e-05 4.23809232e-06],0.6199028118108534,0.004013128187163822,0.9966598247507873,-0.024133587089710425,0.5849276986464038,0.3697440449704738,0.0012614739064989915,1.0797829199742264,1.0797829199742264,1.0797829199742264,1.0797829199742264
111,30s,MN,1mM 2DG_1h_yes_A_MN_10_4_0006,1.067592832165065,0.4595288035745197,0.43043451560329515,0.5062521779294934,[0.00409236 0.00013404],[1.34035428e-04 2.25363084e-05],0.5404711964254802,0.018575416606673292,0.9764659972227754,-0.023724795146914952,0.6540912270536665,0.4755915853627045,0.00013690654615193033,1.067592832165065,1.067592832165065,1.067592832165065,1.067592832165065
111,30s,MN,1mM 2DG_1h_yes_A_MN_10_4_0007,0.9818236764322559,0.6364712732433416,0.6482541504357957,0.3702586681120245,[2.51330007e-03 6.62315904e-05],[6.62315904e-05 8.15329449e-06],0.36352872675665837,0.004680084835550761,0.9824217972753695,-0.01628863726254342,0.7717134804106053,0.4796069667332035,0.00012487256566572088,0.9818236764322559,0.9818236764322559,0.9818236764322559,0.9818236764322559
111,30s,MN,1mM 2DG_1h_yes_A_MN_10_4_0009,0.9823953461453151,0.4749948587086773,0.48350682907084586,0.5344133024971236,[0.00306004 0.00011631],[1.16313676e-04 2.06665445e-05],0.5250051412913227,0.015085858916915306,0.9785520659656706,-0.02326213544785761,0.6685996921385902,0.47073600831356055,0.00015288580364028888,0.9823953461453151,0.9823953461453151,0.9823953461453151,0.9823953461453151
111,30s,MN,1mM 2DG_1h_yes_A_MN_10_4_0012,0.8255427932352762,0.6175269088478015,0.7480253160805062,0.46329892803412226,[0.03015373 0.00121523],[0.00121523 0.00018753],0.3824730911521985,0.10509862697442408,0.7467994083286229,-0.02336234453457747,0.8021663925699282,0.675473412285442,4.7089472440927884e-07,0.8255427932352762,0.8255427932352762,,
111,30s,MN,1mM 2DG_1h_yes_A_MN_10_4_0014,1.1012400109290184,0.454999920532722,0.413170531416561,0.49489672919485544,[2.52125925e-03 7.79390232e-05],[7.79390232e-05 1.28044171e-05],0.545000079467278,0.010653068433215908,0.9860597708297841,-0.021171390083741345,0.6330924968156605,0.3900746671243461,0.0008460857103027869,1.1012400109290184,1.1012400109290184,1.1012400109290184,1.1012400109290184
111,30s,MN,1mM 2DG_1h_yes_A_MN_10_4_0016,1.1248532485136296,0.457342115408439,0.406579361363597,0.4824254944443856,[1.77780484e-03 5.23039848e-05],[5.23039848e-05 8.37339379e-06],0.5426578845915611,0.007133289162158915,0.9909878589131601,-0.021307183948329853,0.6358456555638108,0.38747070251119914,0.00089106470982486,1.1248532485136296,1.1248532485136296,1.1248532485136296,1.1248532485136296
111,30s,MN,1mM 2DG_1h_yes_A_MN_10_4_0018,1.1885728211148292,0.3414651666569877,0.2872900680470788,0.5540551000697925,[0.00337817 0.00010728],[1.07284682e-04 1.97047213e-05],0.6585348333430123,0.022177941444980233,0.9847512128934149,-0.02679055478577978,0.5608227982053535,0.431834182920132,0.00035857220728571673,1.1885728211148292,1.1885728211148292,1.1885728211148292,1.1885728211148292
111,30s,MN,1mM 2DG_1h_yes_A_MN_10_5_0005,1.1401551735251236,0.3294499315907803,0.2889518367681386,0.5881217609494485,[2.55285941e-03 9.01780714e-05],[9.01780714e-05 1.75954630e-05],0.6705500684092197,0.019486265992740948,0.9875321391486579,-0.027988914584499036,0.5593840849975678,0.4379868351380742,0.0003144767207063737,1.1401551735251236,1.1401551735251236,1.1401551735251236,1.1401551735251236
111,30s,MN,1mM 2DG_1h_yes_A_MN_10_5_0008,1.2244737755639614,0.3589998755533756,0.2931870675531858,0.5234902839396426,[0.00767563 0.00022276],[2.22763205e-04 3.86318213e-05],0.6410001244466244,0.04278135200715555,0.9668319329214656,-0.026347254665716264,0.5721252153275893,0.4587406234269256,0.0002000306521919811,1.2244737755639614,1.2244737755639614,1.2244737755639614,1.2244737755639614
111,30s,MN,1mM 2DG_1h_yes_A_MN_10_5_0009,0.6841693132014046,0.3816863646642437,0.5578829060283848,0.9037435959273113,[2.29828067e-04 2.25679831e-05],[2.25679831e-05 6.81349230e-06],0.6183136353357563,0.005206024790628644,0.9964128227955369,-0.0319022758452669,0.6585051857272123,0.55781792695518,1.7973616695558154e-05,0.6841693132014046,0.6841693132014046,0.6841693132014046,0.6841693132014046
111,30s,MN,1mM 2DG_1h_yes_A_MN_10_5_0014,0.9781232038192245,0.4620717917763387,0.472406533218016,0.549959561457332,[2.53973262e-03 9.98417543e-05],[9.98417543e-05 1.82567851e-05],0.5379282082236613,0.013528425748563925,0.9824842355420514,-0.022737738445349074,0.6545370048492072,0.4165965745972119,0.0004935834738534806,0.9781232038192245,0.9781232038192245,0.9781232038192245,0.9781232038192245
111,30s,MN,1mM 2DG_1h_yes_A_MN_10_5_0016,1.0552373810393305,0.3902161846882016,0.36978995598494396,0.5778641150024525,[1.80571465e-03 6.84052613e-05],[6.84052613e-05 1.31305686e-05],0.6097838153117985,0.012550779651356392,0.9890633097988015,-0.026049899309525386,0.6057468283850639,0.4594841946375878,0.00019675690238949028,1.0552373810393305,1.0552373810393305,1.0552373810393305,1.0552373810393305
111,30s,MN,1mM 2DG_1h_yes_A_MN_10_5_0017,0.9948196347520127,0.7679333176464286,0.7719322084327959,0.23327513274446043,[0.0140655  0.00023004],[2.30041686e-04 1.78390394e-05],0.23206668235357142,0.00895545226334794,0.9164209863174811,-0.01031271676919973,0.8539607706219923,0.4153316325143536,0.0005066820054797994,0.9948196347520127,0.9948196347520127,0.9948196347520127,0.9948196347520127
111,30s,MN,1mM 2DG_1h_yes_A_MN_10_5_0018,1.0934117233098575,0.3122778309560807,0.28559949038298865,0.6289690830843858,[0.00468863 0.0001857 ],[1.85695534e-04 3.87766500e-05],0.6877221690439193,0.04834592569692581,0.9739113291601776,-0.028527084651982226,0.5481908355189908,0.4388624042311438,0.0003086262946589974,1.0934117233098575,1.0934117233098575,1.0934117233098575,1.0934117233098575
111,30s,MN,1mM 2DG_1h_yes_A_MN_10_5_0021,1.1199064511482482,0.5501443361936827,0.4912413314787282,0.40169039417986835,[0.01384859 0.00034094],[3.40939086e-04 4.54503886e-05],0.44985566380631725,0.03333215143737401,0.9342739330072634,-0.020954116303836867,0.7182287866644216,0.5043282200147766,6.982034976162688e-05,1.1199064511482482,1.1199064511482482,1.1199064511482482,1.1199064511482482
111,30s,MN,1mM 2DG_1h_yes_A_MN_10_6_0005,2.0399454727352646,0.6609697869347971,0.32401345808941384,0.16619572316833234,[0.66189852 0.00346153],[0.00346153 0.00018438],0.33903021306520287,0.13171660851700398,0.52732587416726,-0.014030034514309338,0.7649372433329857,0.34344344055011,0.0020812283111179535,,,,
111,30s,MN,1mM 2DG_1h_yes_A_MN_10_6_0008,0.9780545443730435,0.3439780785891396,0.3516962122083261,0.6707416525848119,[8.06076575e-04 3.86509293e-05],[3.86509293e-05 8.61979441e-06],0.6560219214108605,0.008508526582254063,0.9941612796554908,-0.026360163941254344,0.5697545464591267,0.39531853299582886,0.0007618305029033334,0.9780545443730435,0.9780545443730435,0.9780545443730435,0.9780545443730435
111,30s,MN,1mM 2DG_1h_yes_A_MN_10_6_0009,1.0422636390764237,0.47130709474806487,0.45219566055830374,0.5072544847870001,[2.10518809e-03 7.09962390e-05],[7.09962390e-05 1.19647387e-05],0.5286929052519351,0.008741185893623498,0.9864331893546896,-0.022251418230031177,0.6561301063924387,0.4587235603220117,0.0002001063637704597,1.0422636390764237,1.0422636390764237,1.0422636390764237,1.0422636390764237
111,30s,MN,1mM 2DG_1h_yes_A_MN_10_6_0010,1.0728581733507876,0.4046390730980079,0.37715989228494684,0.5549297583692171,[1.03946087e-03 3.71109978e-05],[3.71109978e-05 6.83920521e-06],0.5953609269019922,0.005694100350061489,0.9938535449647208,-0.02415172221129608,0.6064872410945503,0.4233302980034855,0.000428978213952302,1.0728581733507876,1.0728581733507876,1.0728581733507876,1.0728581733507876
111,30s,MN,1mM 2DG_1h_yes_A_MN_10_6_0011,0.9137508874218406,0.3848023693524527,0.42112393503461026,0.6732662469782491,[0.00226929 0.00011811],[1.18106720e-04 2.64579682e-05],0.6151976306475473,0.023006154127761025,0.9805172352655385,-0.02722008840223365,0.6144737865858814,0.47335573578327217,0.00014406254575168856,0.9137508874218406,0.9137508874218406,0.9137508874218406,0.9137508874218406
111,30s,MN,1mM 2DG_1h_yes_A_MN_10_6_0012,0.9955981573621434,0.43911545076018854,0.44105691388946866,0.5633643906351594,[0.00490228 0.00019346],[1.93456001e-04 3.62296457e-05],0.5608845492398115,0.031192063745301167,0.9680986459671299,-0.02456026712003817,0.6441556301131128,0.4425720452580729,0.0002849383222042868,0.9955981573621434,0.9955981573621434,0.9955981573621434,0.9955981573621434
111,30s,MN,1mM 2DG_1h_yes_A_MN_10_7_0002,1.1015874542419055,0.33647245654666913,0.30544325396136973,0.6023376000682212,[2.64947164e-03 9.96477025e-05],[9.96477025e-05 1.99248626e-05],0.6635275434533309,0.021971381029921924,0.9862207699005995,-0.02800944752824475,0.5678197661467773,0.4336357933531798,0.00034510186323700613,1.1015874542419055,1.1015874542419055,1.1015874542419055,1.1015874542419055
111,30s,MN,1mM 2DG_1h_yes_A_MN_10_7_0004,0.7783866846300567,0.5899217202335018,0.7578774558738418,0.5268310569333491,[0.01916513 0.00094113],[0.00094113 0.00016526],0.41007827976649824,0.09184524849368587,0.8157773367951362,-0.022669865221208705,0.7770451329371593,0.5443272565407874,2.5666853356264553e-05,0.7783866846300567,0.7783866846300567,0.7783866846300567,0.7783866846300567
111,30s,MN,1mM 2DG_1h_yes_A_MN_10_7_0008,1.036656875785076,0.468969804524869,0.4523867206974449,0.5122526149966196,[0.00332843 0.00011405],[1.14052788e-04 1.94116899e-05],0.531030195475131,0.012586553425835003,0.9756673290472302,-0.019923244230391456,0.6385593298414902,0.4074565200220396,0.0005957492216641679,1.036656875785076,1.036656875785076,1.036656875785076,1.036656875785076
111,30s,MN,1mM 2DG_1h_yes_A_MN_10_7_0009,0.9541206628492894,0.6398333438444331,0.6706000286522457,0.37748543782712096,[0.01596135 0.00044314],[4.43139380e-04 5.56340494e-05],0.36016665615556687,0.03180296868482917,0.8969960268859348,-0.01692503248224333,0.7800026114864637,0.4505799274895666,0.00023942219178849306,0.9541206628492894,0.9541206628492894,0.9541206628492894,0.9541206628492894
111,30s,MN,1mM 2DG_1h_yes_A_MN_10_7_0019,0.6765626942435105,0.6013226046162805,0.888790661578882,0.5892689602542973,[4.47408551e-04 2.90319525e-05],[2.90319525e-05 5.71664498e-06],0.3986773953837195,0.002830553945895816,0.992682441158666,-0.021020505382444914,0.7826383407493288,0.5940340140160899,6.544495144642879e-06,0.6765626942435105,0.6765626942435105,0.6765626942435105,0.6765626942435105
111,30s,MN,1mM 2DG_1h_yes_A_MN_10_7_0021,1.0211697724600484,0.33457554745471596,0.3276394939195144,0.6516296021397536,[8.31824000e-04 3.68856699e-05],[3.68856699e-05 7.98760071e-06],0.665424452545284,0.007409369538415335,0.9944918382838366,-0.02756498616574918,0.5661129729042448,0.43181471188112697,0.0003587204103193137,1.0211697724600484,1.0211697724600484,1.0211697724600484,1.0211697724600484
111,30s,MN,1mM 2DG_1h_yes_A_MN_10_7_0022,0.70106351387569,0.6094828255545028,0.869368913787994,0.5570353708562021,[0.00267614 0.00015732],[1.57316303e-04 2.92583912e-05],0.39051717444549716,0.013490506312455039,0.9585009552003969,-0.020507240741989303,0.7842873265542196,0.6094459354263478,4.146477644233112e-06,0.70106351387569,0.70106351387569,0.70106351387569,0.70106351387569
111,30s,MN,1mM 2DG_1h_yes_A_MN_10_7_0023,0.34760793683712116,0.7326710210690958,2.1077511282845185,0.7690531504065361,[5.29670696e-04 9.88453523e-05],[9.88453523e-05 2.78490756e-05],0.26732897893090424,0.004446116602528789,0.9736009477981536,-0.01790535787697969,0.9056574534278812,0.793364024135355,2.4381892824591037e-09,0.34760793683712116,0.34760793683712116,0.34760793683712116,0.34760793683712116
111,30s,MN,1mM 2DG_1h_yes_A_MN_10_7_0024,1.1192866044599385,0.5552564966845788,0.4960807129041742,0.3973455069892597,[0.00772995 0.00018836],[1.88363183e-04 2.48392110e-05],0.44474350331542123,0.015847352354726108,0.9607350871575439,-0.01816003733651398,0.7056260303193048,0.4141568694196035,0.0005191344086709347,1.1192866044599385,1.1192866044599385,1.1192866044599385,1.1192866044599385
111,30s,MN,1mM 2DG_1h_yes_A_MN_10_7_0026,0.9857040473983163,0.486904053008718,0.4939657641600039,0.5205375268018387,[0.00338942 0.00012501],[1.25006326e-04 2.16335159e-05],0.513095946991282,0.01578123372177576,0.975305392681375,-0.022086603203078006,0.6713571587968361,0.4660548532874727,0.00016990507652192203,0.9857040473983163,0.9857040473983163,0.9857040473983163,0.9857040473983163
111,30s,MN,1mM 2DG_1h_yes_A_MN_10_7_0028,1.5686977401027409,0.47114535943366764,0.30034170853258846,0.33712972680874476,[0.0092224 0.0001309],[1.30904692e-04 1.44846332e-05],0.5288546405663324,0.013836702335794876,0.9792125694434327,-0.014995408034446805,0.5997699048087912,0.23162775144033906,0.014862703162738416,1.5686977401027409,1.5686977401027409,1.5686977401027409,1.5686977401027409
111,30s,MN,1mM 2DG_1h_yes_A_MN_10_8_0001,0.9054640276605797,0.37465026858416184,0.41376604386165905,0.6906400611314572,[1.54554300e-03 8.33880535e-05],[8.33880535e-05 1.91641918e-05],0.6253497314158382,0.01718280048614662,0.9866995228583246,-0.026164455352219673,0.6000323716446005,0.41410527039748024,0.0005196878000123372,0.9054640276605797,0.9054640276605797,0.9054640276605797,0.9054640276605797
111,30s,MN,1mM 2DG_1h_yes_A_MN_10_8_0006,0.8991018691797145,0.38595625673286243,0.42926866238748373,0.6829523598114121,[7.05926915e-04 3.79720429e-05],[3.79720429e-05 8.63018251e-06],0.6140437432671375,0.007540906881068097,0.9940943404004837,-0.027392070572973635,0.6188385609779954,0.4491303775452018,0.00024712723392395083,0.8991018691797145,0.8991018691797145,0.8991018691797145,0.8991018691797145
111,30s,MN,1mM 2DG_1h_yes_A_MN_10_8_0007,1.0408026889430173,0.567410101960496,0.5451658686015953,0.4156310342345664,[2.43689851e-03 6.74460582e-05],[6.74460582e-05 9.31353842e-06],0.432589898039504,0.006355916287727964,0.9845473135409947,-0.018299440814978432,0.7194488414838779,0.45423279990009013,0.00022097927600927856,1.0408026889430173,1.0408026889430173,1.0408026889430173,1.0408026889430173
111,30s,MN,1mM 2DG_1h_yes_A_MN_10_8_0010,1.1491202608332751,0.6764769099326563,0.5886911344180066,0.2815398014414467,[0.0248869  0.00041715],[4.17145546e-04 3.89580602e-05],0.3235230900673437,0.02280556401422223,0.8774287705491682,-0.011966030507855867,0.7767886371614005,0.3544491449737301,0.0016913757730450856,1.1491202608332751,1.1491202608332751,1.1491202608332751,1.1491202608332751
111,30s,MN,1mM 2DG_1h_yes_A_MN_10_8_0011,0.928508162448108,0.5348493608157857,0.5760308659060142,0.5009655897453786,[0.0035876  0.00013639],[1.36389527e-04 2.27307129e-05],0.4651506391842143,0.01449961750110736,0.9711344129122614,-0.022139614349834504,0.7174846489370792,0.5357673050234394,3.2012605532263753e-05,0.928508162448108,0.928508162448108,0.928508162448108,0.928508162448108
111,30s,MN,1mM 2DG_1h_yes_A_MN_10_8_0016,0.6317207781108383,0.6716675771726003,1.0632348981479174,0.5197429532225902,[1.15020938e-03 7.14846189e-05],[7.14846189e-05 1.24412286e-05],0.3283324228273997,0.0050821309338303575,0.9785070426603617,-0.01815833135761213,0.828662101914216,0.6337952278169879,1.9438122679783854e-06,0.6317207781108383,0.6317207781108383,0.6317207781108383,0.6317207781108383
111,30s,MN,1mM 2DG_1h_yes_A_MN_10_8_0019,0.9291720698684394,0.6848686253511242,0.7370740550220092,0.3391528704618671,[0.01302614 0.00033498],[3.34983227e-04 3.77954483e-05],0.31513137464887575,0.01995140869999463,0.9005283979373646,-0.01634689342474274,0.816436951977298,0.6051276642143576,4.720190218399646e-06,0.9291720698684394,0.9291720698684394,0.9291720698684394,0.9291720698684394
111,30s,MN,1mM 2DG_1h_yes_A_MN_10_8_0022,0.7876708727121752,0.553646293147531,0.7028903979160346,0.5666753999872384,[0.00734339 0.0003825 ],[3.82497424e-04 7.22341012e-05],0.446353706852469,0.04324697444633977,0.9218939647776233,-0.023836791377525795,0.7516899659905314,0.5793750563712831,9.949584220420883e-06,0.7876708727121752,0.7876708727121752,0.7876708727121752,0.7876708727121752
111,30s,MN,1mM 2DG_1h_yes_A_MN_10_8_0024,1.0121620224314134,0.38629749144769715,0.3816557852266914,0.6063283298044201,[1.93526373e-03 8.06604260e-05],[8.06604260e-05 1.62545273e-05],0.6137025085523029,0.01479538323247584,0.9870602087881074,-0.026532730308286536,0.6069777972672059,0.4636166591207266,0.00017944687442311743,1.0121620224314134,1.0121620224314134,1.0121620224314134,1.0121620224314134
111,30s,MN,1mM 2DG_1h_yes_A_MN_10_8_0025,0.6064568505362238,0.5471553450003257,0.9022164470836397,0.746705482177789,[0.00229255 0.00021503],[2.15031064e-04 5.38556368e-05],0.4528446549996743,0.023677460574912518,0.9553350721419728,-0.02620833285063536,0.7732498165281029,0.6580248833774442,8.700390831079883e-07,0.6064568505362238,0.6064568505362238,0.6064568505362238,0.6064568505362238
111,30s,MN,1mM 2DG_1h_yes_A_MN_10_8_0027,0.8133755936718909,0.3379062399537051,0.41543690588042614,0.8140074096117741,[8.97445185e-04 6.46616993e-05],[6.46616993e-05 1.75343877e-05],0.6620937600462948,0.01652801626365812,0.9901975366311538,-0.03222917097131296,0.6102634626872914,0.5369405348994459,3.106487656810448e-05,0.8133755936718909,0.8133755936718909,0.8133755936718909,0.8133755936718909
111,30s,MN,1mM 2DG_1h_yes_A_MN_10_8_0028,1.001746508790829,0.3317360738409459,0.3311577039997595,0.6670988321842926,[9.9279687e-04 4.6067053e-05],[4.60670530e-05 1.02150682e-05],0.6682639261590542,0.01139458879368731,0.9931825583539317,-0.028373970294191586,0.5695352161044509,0.44649478599497067,0.00026172680464649147,1.001746508790829,1.001746508790829,1.001746508790829,1.001746508790829
