image_name,cell_id,cell_area_px,nucleus_area_px,bright_area_px,nucleus_fraction,threshold_used,nucleus_circularity,whole_cell_mean,whole_cell_median,whole_cell_integrated,bright_mean,bright_median,bright_integrated,nucleus_mean,nucleus_median,nucleus_integrated,used_whole_cell_fallback,ADP_image_name,ADP_whole_cell_mean,ADP_whole_cell_median,ADP_whole_cell_integrated,ADP_bright_mean,ADP_bright_median,ADP_bright_integrated,ADP_nucleus_mean,ADP_nucleus_median,ADP_nucleus_integrated,whole_cell_SN,bright_SN,nucleus_SN,whole_cell_median_SN,bright_median_SN,nucleus_median_SN,ADP_whole_cell_SN,ADP_bright_SN,ADP_nucleus_SN,ADP_whole_cell_median_SN,ADP_bright_median_SN,ADP_nucleus_median_SN,treatment,treat_time,pyruvate,cell_type,whole_cell_SN_ratio_488_405,whole_cell_median_SN_ratio_488_405,bright_SN_ratio_488_405,bright_median_SN_ratio_488_405,nucleus_SN_ratio_488_405,nucleus_median_SN_ratio_488_405
vLH92_MN_60x-1xzoom_0000_XY01_488.tif,1,3215,1397,1818,0.4345256609642302,303.6695251464844,0.7456534207826524,338.274658203125,306.0,1087553.0,381.4257507324219,380.0,693432.0,282.1195373535156,281.0,394121.0,False,vLH92_MN_60x-1xzoom_0000_XY01_Dapi-ex_Green-em.tif,287.0765075683594,266.0,922951.0,318.4356384277344,317.0,578916.0,246.26699829101562,246.0,344035.0,192.101858203125,235.25295073242188,135.94673735351563,159.8272,233.8272,134.8272,136.24610756835938,167.60523842773438,95.43659829101563,115.1696,166.1696,95.1696,50mM 2DG,1h,yes,MN,1.409962175299143,1.3877551020408163,1.403613353253603,1.4071599137266986,1.4244717413226746,1.4167044938719928
vLH92_MN_60x-1xzoom_0000_XY01_488.tif,2,1839,940,899,0.511147362697118,254.17691040039062,0.6532803343948917,264.3616027832031,257.0,486161.0,284.5517272949219,283.0,255812.0,245.0521240234375,246.0,230349.0,False,vLH92_MN_60x-1xzoom_0000_XY01_Dapi-ex_Green-em.tif,246.89723205566406,236.0,454044.0,270.4972229003906,256.0,243177.0,224.32659912109375,224.5,210867.0,118.18880278320313,138.37892729492188,98.8793240234375,110.8272,136.8272,99.8272,96.06683205566407,119.66682290039063,73.49619912109375,85.1696,105.1696,73.6696,50mM 2DG,1h,yes,MN,1.2302768838543663,1.3012530292498732,1.1563683562494762,1.301014741902603,1.3453664979398734,1.3550664045956542
vLH92_MN_60x-1xzoom_0000_XY01_488.tif,3,3217,1580,1637,0.4911408144233758,271.1954345703125,0.602181498048135,267.83245849609375,266.0,861617.0,297.76971435546875,291.0,487449.0,236.815185546875,235.0,374168.0,False,vLH92_MN_60x-1xzoom_0000_XY01_Dapi-ex_Green-em.tif,254.17904663085938,234.0,817694.0,291.07757568359375,259.0,476494.0,215.94937133789062,213.0,341200.0,121.65965849609375,151.59691435546875,90.642385546875,119.8272,144.8272,88.8272,103.34864663085938,140.24717568359375,65.11897133789063,83.1696,108.1696,62.1696,50mM 2DG,1h,yes,MN,1.177177084191897,1.440757199746061,1.0809266825984483,1.3388900393456202,1.3919505128013767,1.4287883467160798
vLH92_MN_60x-1xzoom_0000_XY01_488.tif,4,3609,1787,1822,0.49515101136048767,320.45538330078125,0.5968777388068677,330.21142578125,322.0,1191733.0,384.9758605957031,386.0,701426.0,274.3743591308594,271.0,490307.0,False,vLH92_MN_60x-1xzoom_0000_XY01_Dapi-ex_Green-em.tif,280.6087646484375,260.0,1012717.0,323.643798828125,300.5,589679.0,236.7308349609375,233.0,423038.0,184.03862578125,238.80306059570313,128.20155913085938,175.8272,239.8272,124.8272,129.7783646484375,172.813398828125,85.9004349609375,109.1696,149.6696,82.1696,50mM 2DG,1h,yes,MN,1.4180994365262698,1.6105875628380062,1.3818550078585599,1.6023775035144077,1.492443655135832,1.519140898823896
vLH92_MN_60x-1xzoom_0000_XY01_488.tif,5,3099,1455,1644,0.46950629235237173,537.71533203125,0.7003154286221207,622.7454223632812,538.0,1929888.0,749.6654663085938,743.5,1232450.0,479.3388366699219,477.0,697438.0,False,vLH92_MN_60x-1xzoom_0000_XY01_Dapi-ex_Green-em.tif,370.5553283691406,332.0,1148351.0,427.4032897949219,416.0,702651.0,306.3230285644531,306.0,445700.0,476.57262236328125,603.4926663085937,333.1660366699219,391.8272,597.3272,330.8272,219.72492836914063,276.5728897949219,155.49262856445313,181.1696,265.1696,155.1696,50mM 2DG,1h,yes,MN,2.168951087619122,2.162764613930814,2.182038401363496,2.252623226795228,2.1426484312844547,2.1320361720336973
vLH92_MN_60x-1xzoom_0000_XY01_488.tif,6,3417,1351,2066,0.39537606087211,938.7788696289062,0.6888011299232806,930.072265625,950.0,3178057.0,1055.5625,1118.0,2180792.0,738.1680297851562,704.0,997265.0,False,vLH92_MN_60x-1xzoom_0000_XY01_Dapi-ex_Green-em.tif,446.06964111328125,444.0,1524220.0,496.7952575683594,510.0,1026379.0,368.4981384277344,361.0,497841.0,783.899465625,909.3897,591.9952297851562,803.8272,971.8272,557.8272,295.23924111328125,345.9648575683594,217.66773842773438,293.1696,359.1696,210.1696,50mM 2DG,1h,yes,MN,2.6551330462342677,2.741850451069961,2.628560907578057,2.705761289374156,2.719719670270284,2.654176436554097
vLH92_MN_60x-1xzoom_0000_XY02_488.tif,1,2032,1366,666,0.672244094488189,297.4053192138672,0.23743930283793035,298.43896484375,296.0,606428.0,309.7612609863281,308.0,206301.0,292.9187316894531,288.0,400127.0,False,vLH92_MN_60x-1xzoom_0000_XY02_Dapi-ex_Green-em.tif,230.1402587890625,225.0,467645.0,237.2267303466797,230.0,157993.0,226.68521118164062,223.0,309652.0,150.44376484375,161.7660609863281,144.9235316894531,148.0048,160.0048,140.0048,79.3258587890625,86.41233034667968,75.87081118164062,74.1856,79.1856,72.1856,50mM 2DG,1h,yes,MN,1.8965286621579354,1.9950610361040417,1.8720252114175722,2.020630013537815,1.9101355242201763,1.9395114815143186
vLH92_MN_60x-1xzoom_0000_XY02_488.tif,2,4667,1418,3249,0.30383544032569104,376.79937744140625,0.35807317815103074,393.1546936035156,377.0,1834853.0,418.9113464355469,431.0,1361043.0,334.1396484375,332.0,473810.0,False,vLH92_MN_60x-1xzoom_0000_XY02_Dapi-ex_Green-em.tif,288.29461669921875,278.0,1345471.0,301.5848083496094,302.0,979849.0,257.84344482421875,255.0,365622.0,245.1594936035156,270.91614643554686,186.1444484375,229.0048,283.0048,184.0048,137.48021669921874,150.77040834960937,107.02904482421874,127.1856,151.1856,104.1856,50mM 2DG,1h,yes,MN,1.7832347045239185,1.8005560377904417,1.7968787735013705,1.8719031442147929,1.7391956430445397,1.766125069107439
vLH92_MN_60x-1xzoom_0000_XY02_488.tif,3,3064,1401,1663,0.4572454308093995,281.71836853027344,0.7909224003853701,296.4778137207031,283.0,908408.0,333.1352844238281,326.0,554004.0,252.96502685546875,252.0,354404.0,False,vLH92_MN_60x-1xzoom_0000_XY02_Dapi-ex_Green-em.tif,286.06951904296875,273.0,876517.0,317.87310791015625,314.0,528623.0,248.31834411621094,248.0,347894.0,148.4826137207031,185.1400844238281,104.96982685546874,135.0048,178.0048,104.00479999999999,135.25511904296874,167.05870791015624,97.50394411621093,122.1856,163.1856,97.1856,50mM 2DG,1h,yes,MN,1.0977966288546326,1.104915800225231,1.1082336667143144,1.0908119343863674,1.0765700588517684,1.070166773678405
vLH92_MN_60x-1xzoom_0000_XY02_488.tif,4,1858,932,926,0.5016146393972013,323.9268035888672,0.6200237564596994,379.8686828613281,328.0,705796.0,483.5539855957031,467.0,447771.0,276.8508605957031,276.0,258025.0,False,vLH92_MN_60x-1xzoom_0000_XY02_Dapi-ex_Green-em.tif,352.7529602050781,355.0,655415.0,371.4578857421875,368.0,343970.0,334.16845703125,331.0,311445.0,231.8734828613281,335.5587855957031,128.8556605957031,180.0048,319.0048,128.0048,201.93856020507812,220.6434857421875,183.35405703125,204.1856,217.1856,180.1856,50mM 2DG,1h,yes,MN,1.1482377740331002,0.8815744107321966,1.5208189105015737,1.4688119285993178,0.7027696178751124,0.710405271009448
vLH92_MN_60x-1xzoom_0000_XY02_488.tif,5,2963,1402,1561,0.47316908538643265,291.3708190917969,0.7160993014096912,296.9773864746094,287.0,879944.0,326.165283203125,311.0,509144.0,264.47930908203125,263.0,370800.0,False,vLH92_MN_60x-1xzoom_0000_XY02_Dapi-ex_Green-em.tif,274.4302978515625,266.0,813137.0,295.31903076171875,288.0,460993.0,251.172607421875,245.0,352144.0,148.98218647460936,178.170083203125,116.48410908203124,139.0048,163.0048,115.00479999999999,123.6158978515625,144.50463076171874,100.358207421875,115.1856,137.1856,94.1856,50mM 2DG,1h,yes,MN,1.2052024785153979,1.2067897376060897,1.2329714436412698,1.1882063423566323,1.1606834366059162,1.221044405938912
vLH92_MN_60x-1xzoom_0000_XY02_488.tif,6,2187,1103,1084,0.5043438500228624,463.831787109375,0.7150071976031964,495.5537414550781,468.0,1083776.0,556.1983642578125,528.0,602919.0,435.9537658691406,439.0,480857.0,False,vLH92_MN_60x-1xzoom_0000_XY02_Dapi-ex_Green-em.tif,330.0672302246094,315.0,721857.0,362.26751708984375,350.5,392698.0,298.42156982421875,299.0,329159.0,347.5585414550781,408.2031642578125,287.9585658691406,320.0048,380.0048,291.0048,179.25283022460937,211.45311708984374,147.60716982421874,164.1856,199.6856,148.1856,50mM 2DG,1h,yes,MN,1.9389291707114273,1.9490430342246823,1.930466525515309,1.9030155404295552,1.9508440288643325,1.9637859549105987
vLH92_MN_60x-1xzoom_0000_XY02_488.tif,7,3334,1601,1733,0.4802039592081584,858.6145935058594,0.6286479288354788,934.5869750976562,867.0,3115913.0,1067.84130859375,1134.0,1850569.0,790.3460083007812,819.0,1265344.0,False,vLH92_MN_60x-1xzoom_0000_XY02_Dapi-ex_Green-em.tif,531.73876953125,494.0,1772817.0,603.223876953125,635.0,1045387.0,454.3597717285156,466.0,727430.0,786.5917750976562,919.8461085937499,642.3508083007812,719.0047999999999,986.0047999999999,671.0047999999999,380.92436953125,452.409476953125,303.54537172851565,343.1856,484.1856,315.1856,50mM 2DG,1h,yes,MN,2.064955245750236,2.0950902368863957,2.0332158264868907,2.036419092182832,2.1161607724175275,2.1289195953114604
vLH92_MN_60x-1xzoom_0000_XY02_488.tif,8,2753,1413,1341,0.5132582637123139,666.9561157226562,0.21784334712690356,634.8082275390625,661.0,1747627.0,696.450439453125,697.0,933940.0,576.154296875,590.0,814106.0,False,vLH92_MN_60x-1xzoom_0000_XY02_Dapi-ex_Green-em.tif,425.02325439453125,418.0,1170089.0,443.7934265136719,431.0,595127.0,407.1776428222656,401.0,575342.0,486.8130275390625,548.4552394531249,428.159096875,513.0047999999999,549.0047999999999,442.0048,274.2088543945313,292.9790265136719,256.36324282226565,267.1856,280.1856,250.1856,50mM 2DG,1h,yes,MN,1.775336644813944,1.920031618470456,1.8719948863900373,1.9594326046734731,1.6701267005420075,1.7667075962805214
vLH92_MN_60x-1xzoom_0000_XY02_488.tif,9,1733,0,1733,0.0,336.26458740234375,,340.2232971191406,334.0,589607.0,340.2232971191406,334.0,589607.0,,,,True,vLH92_MN_60x-1xzoom_0000_XY02_Dapi-ex_Green-em.tif,336.7357177734375,260.0,583563.0,336.7357177734375,260.0,583563.0,,,,192.2280971191406,192.2280971191406,,186.0048,186.0048,,185.9213177734375,185.9213177734375,,109.1856,109.1856,,50mM 2DG,1h,yes,MN,1.033921765514746,1.7035653053149866,1.033921765514746,1.7035653053149866,,
vLH92_MN_60x-1xzoom_0000_XY02_488.tif,10,3262,1477,1786,0.45278969957081544,360.4932403564453,0.669439677987603,373.5502624511719,360.0,1218521.0,409.2945251464844,392.0,731000.0,330.2890930175781,329.0,487837.0,False,vLH92_MN_60x-1xzoom_0000_XY02_Dapi-ex_Green-em.tif,340.45892333984375,336.0,1110577.0,358.7368469238281,359.0,640704.0,318.3304138183594,317.0,470174.0,225.55506245117186,261.29932514648436,182.2938930175781,212.0048,244.0048,181.0048,189.64452333984374,207.92244692382812,167.51601381835937,185.1856,208.1856,166.1856,50mM 2DG,1h,yes,MN,1.1893571112885568,1.1448233555956835,1.25671532348891,1.1720541670509392,1.088217710428823,1.0891725877573026
vLH92_MN_60x-1xzoom_0000_XY02_488.tif,11,2295,1142,1153,0.49760348583877995,314.6824951171875,0.7443318421834463,355.1394348144531,322.0,815045.0,410.75714111328125,417.0,473603.0,298.9859924316406,298.0,341442.0,False,vLH92_MN_60x-1xzoom_0000_XY02_Dapi-ex_Green-em.tif,326.7690734863281,295.0,749935.0,375.4275817871094,369.0,432868.0,277.641845703125,277.0,317067.0,207.1442348144531,262.76194111328124,150.9907924316406,174.0048,269.0048,150.0048,175.95467348632812,224.61318178710937,126.827445703125,144.1856,218.1856,126.1856,50mM 2DG,1h,yes,MN,1.1772590674072005,1.2068112210928137,1.1698420325229606,1.2329172961002008,1.1905214332320204,1.1887632186239951
vLH92_MN_60x-1xzoom_0000_XY03_488.tif,1,4477,2216,2261,0.49497431315613133,394.11865234375,0.21981024556081644,428.7989807128906,394.0,1919733.0,508.129150390625,501.0,1148880.0,347.85784912109375,352.0,770853.0,False,vLH92_MN_60x-1xzoom_0000_XY03_Dapi-ex_Green-em.tif,300.994873046875,282.0,1347554.0,344.5997314453125,341.0,779140.0,256.5045166015625,256.0,568414.0,286.3861807128906,365.716350390625,205.44504912109375,251.5872,358.5872,209.5872,153.847673046875,197.4525314453125,109.3573166015625,134.8528,193.8528,108.8528,50mM 2DG,1h,yes,MN,1.861491792765908,1.865643130880486,1.8521735209655477,1.8497911817626569,1.878658470284359,1.9254185468816603
vLH92_MN_60x-1xzoom_0000_XY03_488.tif,2,2565,1261,1304,0.4916179337231969,273.3744812011719,0.6658535644080497,302.05731201171875,277.0,774777.0,346.75,339.0,452162.0,255.84060668945312,256.0,322615.0,False,vLH92_MN_60x-1xzoom_0000_XY03_Dapi-ex_Green-em.tif,266.0869445800781,245.0,682513.0,299.91717529296875,276.0,391092.0,231.10308837890625,230.0,291421.0,159.64451201171875,204.3372,113.42780668945312,134.5872,196.5872,113.5872,118.93974458007813,152.76997529296875,83.95588837890625,97.8528,128.8528,82.8528,50mM 2DG,1h,yes,MN,1.342230156751644,1.3754046894927892,1.3375481642131588,1.525672705598947,1.3510405151993083,1.3709518567869763
vLH92_MN_60x-1xzoom_0000_XY03_488.tif,3,2681,1388,1293,0.5177172696754943,310.9772033691406,0.6317020252114769,323.23760986328125,314.0,866600.0,349.2126770019531,345.0,451532.0,299.04034423828125,299.0,415068.0,False,vLH92_MN_60x-1xzoom_0000_XY03_Dapi-ex_Green-em.tif,267.3774719238281,262.0,716839.0,286.253662109375,281.0,370126.0,249.79322814941406,250.0,346713.0,180.82480986328125,206.79987700195312,156.62754423828125,171.5872,202.5872,156.5872,120.23027192382813,139.106462109375,102.64602814941406,114.8528,133.8528,102.8528,50mM 2DG,1h,yes,MN,1.5039873649944233,1.493974896563253,1.4866302676819783,1.5135073752659638,1.52589970661398,1.5224398363486458
vLH92_MN_60x-1xzoom_0000_XY03_488.tif,4,3827,1338,2489,0.3496211131434544,469.9210510253906,0.3379085271183178,502.3349914550781,476.0,1922436.0,550.3515625,599.0,1369825.0,413.0126953125,419.0,552611.0,False,vLH92_MN_60x-1xzoom_0000_XY03_Dapi-ex_Green-em.tif,324.9866638183594,308.0,1243724.0,347.0976257324219,359.0,863926.0,283.8550109863281,285.0,379798.0,359.9221914550781,407.9387625,270.5998953125,333.5872,456.5872,276.5872,177.83946381835938,199.95042573242188,136.70781098632813,160.8528,211.8528,137.8528,50mM 2DG,1h,yes,MN,2.0238600799128212,2.0738662926601217,2.0401995194844584,2.1552096550057396,1.979403322752071,2.0063952273729657
vLH92_MN_60x-1xzoom_0000_XY04_488.tif,1,3699,1620,2079,0.43795620437956206,454.5324401855469,0.6480570002701614,496.8626708984375,456.0,1837895.0,568.71044921875,575.0,1182349.0,404.65802001953125,401.0,655546.0,False,vLH92_MN_60x-1xzoom_0000_XY04_Dapi-ex_Green-em.tif,350.86724853515625,330.0,1297858.0,388.4444580078125,391.0,807576.0,302.6432189941406,301.0,490282.0,349.6658708984375,421.51364921875,257.46122001953125,308.8032,427.8032,253.8032,200.24804853515624,237.8252580078125,152.02401899414062,179.3808,240.3808,150.3808,50mM 2DG,1h,yes,MN,1.7461636877677185,1.721495277086511,1.7723670427171507,1.7796895592326842,1.6935562006780944,1.6877367323488106
vLH92_MN_60x-1xzoom_0000_XY04_488.tif,2,2421,1248,1173,0.5154894671623296,243.66290283203125,0.7087564426845027,256.7720031738281,248.0,621645.0,283.2480773925781,283.0,332250.0,231.88702392578125,231.0,289395.0,False,vLH92_MN_60x-1xzoom_0000_XY04_Dapi-ex_Green-em.tif,235.0462646484375,231.0,569047.0,251.9974365234375,251.0,295593.0,219.11378479003906,218.0,273454.0,109.57520317382813,136.05127739257813,84.69022392578125,100.8032,135.8032,83.8032,84.4270646484375,101.3782365234375,68.49458479003906,80.3808,100.3808,67.3808,50mM 2DG,1h,yes,MN,1.2978682088511537,1.2540706238305666,1.342016610844524,1.3528802320762539,1.2364513805783004,1.2437252154916536
vLH92_MN_60x-1xzoom_0000_XY04_488.tif,3,3357,1536,1821,0.4575513851653262,334.85223388671875,0.7835380167223351,346.77362060546875,335.0,1164119.0,385.39703369140625,384.0,701808.0,300.9837341308594,301.0,462311.0,False,vLH92_MN_60x-1xzoom_0000_XY04_Dapi-ex_Green-em.tif,296.49835205078125,286.0,995345.0,327.8907165527344,324.0,597089.0,259.28125,258.0,398256.0,199.57682060546875,238.20023369140625,153.78693413085938,187.8032,236.8032,153.8032,145.87915205078124,177.27151655273437,108.66205,135.3808,173.3808,107.3808,50mM 2DG,1h,yes,MN,1.3680969336591364,1.3872218217058845,1.343702803041948,1.3657982890839124,1.4152773128323954,1.432315646745042
vLH92_MN_60x-1xzoom_0000_XY04_488.tif,4,4574,1592,2982,0.34805421950153037,556.8674621582031,0.6371552971553105,601.9691772460938,565.0,2753407.0,645.1770629882812,696.0,1923918.0,521.0358276367188,525.0,829489.0,False,vLH92_MN_60x-1xzoom_0000_XY04_Dapi-ex_Green-em.tif,360.6055908203125,346.0,1649410.0,378.99664306640625,392.0,1130168.0,326.15704345703125,326.0,519242.0,454.77237724609375,497.98026298828125,373.83902763671875,417.8032,548.8032000000001,377.8032,209.9863908203125,228.37744306640624,175.53784345703124,195.3808,241.3808,175.3808,50mM 2DG,1h,yes,MN,2.165723099813869,2.1384045924676327,2.180514223742673,2.2735992257876356,2.129677682454999,2.1541879156669372
vLH92_MN_60x-1xzoom_0000_XY04_488.tif,5,3096,1390,1706,0.44896640826873385,306.08457946777344,0.49535656025730884,326.1014099121094,308.0,1009610.0,362.7156982421875,360.0,618793.0,281.1632995605469,281.0,390817.0,False,vLH92_MN_60x-1xzoom_0000_XY04_Dapi-ex_Green-em.tif,277.8385009765625,265.0,860188.0,300.21923828125,293.0,512174.0,250.36978149414062,249.0,348014.0,178.90460991210938,215.5188982421875,133.96649956054688,160.8032,212.8032,133.8032,127.2193009765625,149.60003828125,99.75058149414062,114.3808,142.3808,98.3808,50mM 2DG,1h,yes,MN,1.40626939889466,1.4058583258728738,1.4406339778938373,1.4946060142940623,1.3430147228606995,1.3600539942753058
vLH92_MN_60x-1xzoom_0000_XY04_488.tif,6,2674,1383,1291,0.5172026925953628,512.9480895996094,0.24598127656485425,502.0168151855469,520.0,1342393.0,591.3671875,592.0,763455.0,418.6102600097656,410.0,578938.0,False,vLH92_MN_60x-1xzoom_0000_XY04_Dapi-ex_Green-em.tif,339.5994873046875,337.0,908089.0,392.24554443359375,382.0,506389.0,290.4555358886719,283.0,401700.0,354.8200151855469,444.1703875,271.41346000976563,372.8032,444.8032,262.8032,188.9802873046875,241.62634443359374,139.83633588867187,186.3808,231.3808,132.3808,50mM 2DG,1h,yes,MN,1.8775504061621027,2.0002231989561157,1.8382531447106816,1.9223859542364794,1.9409365833630428,1.9852063139065486
vLH92_MN_60x-1xzoom_0000_XY04_488.tif,7,3366,2296,1070,0.6821152703505645,552.8538513183594,0.27088271514511386,560.9153442382812,554.0,1888041.0,643.9327392578125,655.0,689008.0,522.2269287109375,533.0,1199033.0,False,vLH92_MN_60x-1xzoom_0000_XY04_Dapi-ex_Green-em.tif,389.2002258300781,380.0,1310048.0,419.9831848144531,423.0,449382.0,374.8545227050781,368.0,860666.0,413.71854423828125,496.7359392578125,375.0301287109375,406.8032,507.8032,385.8032,238.58102583007812,269.36398481445315,224.23532270507812,229.3808,272.3808,217.3808,50mM 2DG,1h,yes,MN,1.7340798280117187,1.7734840928272986,1.8441067375803069,1.8643134905250296,1.6724846210076805,1.7747804773926676
vLH92_MN_60x-1xzoom_0000_XY04_488.tif,8,3673,1671,2002,0.4549414647427171,340.30670166015625,0.6586584803792559,377.872314453125,345.0,1387925.0,438.6048889160156,445.0,878087.0,305.1095275878906,303.0,509838.0,False,vLH92_MN_60x-1xzoom_0000_XY04_Dapi-ex_Green-em.tif,289.29486083984375,270.0,1062580.0,324.336669921875,320.0,649322.0,247.31178283691406,246.0,413258.0,230.675514453125,291.40808891601563,157.91272758789063,197.8032,297.8032,155.8032,138.67566083984374,173.717469921875,96.69258283691406,119.3808,169.3808,95.3808,50mM 2DG,1h,yes,MN,1.6634174523208634,1.6569096538136787,1.6774829212460267,1.7581874687095587,1.6331420979232,1.6334859846006744
vLH92_MN_60x-1xzoom_0000_XY05_488.tif,1,5374,2609,2765,0.48548567175288426,797.26708984375,0.71843999300946,845.7929077148438,795.0,4545291.0,1045.5504150390625,1047.0,2890947.0,634.0912475585938,626.0,1654344.0,False,vLH92_MN_60x-1xzoom_0000_XY05_Dapi-ex_Green-em.tif,547.8327026367188,520.0,2944053.0,653.875244140625,678.0,1807965.0,435.4495849609375,431.0,1136088.0,698.2841077148438,898.0416150390625,486.5824475585938,647.4912,899.4912,478.49120000000005,397.0167026367187,503.05924414062497,284.63358496093747,369.18399999999997,527.184,280.18399999999997,50mM 2DG,1h,yes,MN,1.758828036899478,1.7538441535927887,1.7851607449798186,1.7062187016297916,1.7095046869657753,1.7077748907860553
vLH92_MN_60x-1xzoom_0000_XY05_488.tif,2,3808,2005,1803,0.5265231092436975,906.3112182617188,0.6921418212751308,1042.716064453125,911.0,3970663.0,1297.03662109375,1328.0,2338557.0,814.0179443359375,806.0,1632106.0,False,vLH92_MN_60x-1xzoom_0000_XY05_Dapi-ex_Green-em.tif,483.2137756347656,425.0,1840078.0,592.3261108398438,592.0,1067964.0,385.0942687988281,383.0,772114.0,895.207264453125,1149.52782109375,666.5091443359375,763.4912,1180.4912,658.4912,332.3977756347656,441.5101108398437,234.27826879882812,274.18399999999997,441.18399999999997,232.184,50mM 2DG,1h,yes,MN,2.6931806710907935,2.784594287048114,2.603627398038767,2.675734387466454,2.844946514899599,2.8360748371980846
vLH92_MN_60x-1xzoom_0000_XY05_488.tif,3,3331,1588,1743,0.47673371359951966,775.77392578125,0.5911993028087525,764.4451904296875,774.0,2546367.0,907.4756469726562,913.0,1581730.0,607.4540405273438,580.5,964637.0,False,vLH92_MN_60x-1xzoom_0000_XY05_Dapi-ex_Green-em.tif,497.02642822265625,496.0,1655595.0,576.5318603515625,575.0,1004895.0,409.7607116699219,397.5,650700.0,616.9363904296875,759.9668469726563,459.9452405273438,626.4912,765.4912,432.99120000000005,346.2104282226562,425.71586035156247,258.94471166992184,345.18399999999997,424.18399999999997,246.684,50mM 2DG,1h,yes,MN,1.7819694039745129,1.8149485491795683,1.7851504201536312,1.8046206363276316,1.7762295184990624,1.7552463880916478
vLH92_MN_60x-1xzoom_0000_XY05_488.tif,4,673,378,295,0.5616641901931649,523.3016967773438,0.22692231953232186,521.5037231445312,519.0,350972.0,555.2101440429688,539.0,163787.0,495.19842529296875,503.0,187185.0,False,vLH92_MN_60x-1xzoom_0000_XY05_Dapi-ex_Green-em.tif,267.2005920410156,261.0,179826.0,279.2474670410156,265.0,82378.0,257.7989501953125,257.0,97448.0,373.9949231445313,407.7013440429688,347.6896252929688,371.49120000000005,391.49120000000005,355.49120000000005,116.38459204101562,128.43146704101562,106.9829501953125,110.184,114.184,106.184,50mM 2DG,1h,yes,MN,3.213440169234172,3.3715530385536927,3.1744661447553666,3.4285994535136277,3.2499536109091425,3.347879153168086
vLH92_MN_60x-1xzoom_0000_XY05_488.tif,5,3686,1737,1949,0.47124253933803584,887.2940368652344,0.448566160442513,914.5369262695312,897.0,3370983.0,1008.3360595703125,1029.0,1965247.0,809.28955078125,833.0,1405736.0,False,vLH92_MN_60x-1xzoom_0000_XY05_Dapi-ex_Green-em.tif,664.7257080078125,650.0,2450179.0,733.9055786132812,744.0,1430382.0,587.1024780273438,601.0,1019797.0,767.0281262695313,860.8272595703125,661.78075078125,749.4912,881.4912,685.4912,513.9097080078125,583.0895786132812,436.2864780273437,499.18399999999997,593.184,450.18399999999997,50mM 2DG,1h,yes,MN,1.4925348058571233,1.5014327382287895,1.4763207766764659,1.4860333387279496,1.5168490982655982,1.5226911662786773
vLH92_MN_60x-1xzoom_0000_XY05_488.tif,6,4066,2181,1886,0.5363994097393016,558.6239929199219,0.5251461524291245,564.2176513671875,556.0,2294109.0,693.1834716796875,670.0,1307344.0,452.6822509765625,452.0,987300.0,False,vLH92_MN_60x-1xzoom_0000_XY05_Dapi-ex_Green-em.tif,417.5044250488281,397.0,1697573.0,485.3658447265625,486.0,915400.0,358.77166748046875,341.0,782481.0,416.70885136718755,545.6746716796875,305.17345097656255,408.49120000000005,522.4912,304.49120000000005,266.6884250488281,334.54984472656247,207.95566748046875,246.184,335.18399999999997,190.184,50mM 2DG,1h,yes,MN,1.5625306996015749,1.6592922367010043,1.631071364345375,1.5588190367081964,1.467492829957253,1.6010347873638164
vLH92_MN_60x-1xzoom_0000_XY05_488.tif,7,1535,419,1116,0.2729641693811075,469.09344482421875,0.2672332888851747,461.0208435058594,468.0,707667.0,467.2060852050781,481.0,521402.0,444.5465393066406,443.0,186265.0,False,vLH92_MN_60x-1xzoom_0000_XY05_Dapi-ex_Green-em.tif,341.365478515625,339.0,523996.0,346.2070007324219,347.0,386367.0,328.47015380859375,321.0,137629.0,313.5120435058594,319.6972852050782,297.0377393066407,320.49120000000005,333.49120000000005,295.49120000000005,190.549478515625,195.39100073242187,177.65415380859375,188.184,196.184,170.184,50mM 2DG,1h,yes,MN,1.6453051771545602,1.7030735875526084,1.6361924756344715,1.699889899278229,1.6719999670070869,1.7363042354157856
vLH92_MN_60x-1xzoom_0000_XY05_488.tif,8,3636,1884,1752,0.5181518151815182,501.84600830078125,0.5723681355629698,502.0558166503906,508.0,1825475.0,616.281982421875,618.0,1079726.0,395.8327941894531,374.0,745749.0,False,vLH92_MN_60x-1xzoom_0000_XY05_Dapi-ex_Green-em.tif,344.2453308105469,332.0,1251676.0,410.119873046875,410.0,718530.0,282.9862060546875,276.0,533146.0,354.5470166503907,468.77318242187505,248.32399418945315,360.49120000000005,470.49120000000005,226.49120000000002,193.42933081054687,259.30387304687497,132.1702060546875,181.184,259.18399999999997,125.184,50mM 2DG,1h,yes,MN,1.8329537468009414,1.9896414694454259,1.807814040390881,1.8152787209086985,1.8788197552382206,1.8092663599182006
vLH92_MN_60x-1xzoom_0000_XY05_488.tif,9,2833,1389,1444,0.49029297564419344,475.4565124511719,0.6553801836333627,533.000732421875,478.0,1509991.0,652.830322265625,673.5,942687.0,408.42620849609375,403.0,567304.0,False,vLH92_MN_60x-1xzoom_0000_XY05_Dapi-ex_Green-em.tif,360.1192932128906,325.0,1020218.0,423.3725891113281,431.5,611350.0,294.3614196777344,292.0,408868.0,385.49193242187505,505.32152226562505,260.9174084960938,330.49120000000005,525.9912,255.49120000000002,209.30329321289062,272.5565891113281,143.54541967773437,174.184,280.68399999999997,141.184,50mM 2DG,1h,yes,MN,1.8417862734236867,1.8973683001883068,1.8540058925496097,1.8739621781077658,1.8176644652393965,1.8096328195829559
vLH92_MN_60x-1xzoom_0000_XY06_488.tif,1,2658,1402,1258,0.527464258841234,652.6649169921875,0.17676376001424943,634.89501953125,652.5,1687551.0,760.1494140625,765.5,956268.0,521.9714965820312,523.0,731804.0,False,vLH92_MN_60x-1xzoom_0000_XY06_Dapi-ex_Green-em.tif,389.2238464355469,391.0,1034557.0,440.496826171875,440.0,554145.0,343.10626220703125,341.0,481035.0,487.05821953124996,612.3126140625,374.1346965820312,504.66319999999996,617.6632,375.16319999999996,237.90864643554687,289.181626171875,191.79106220703125,239.6848,288.6848,189.6848,50mM 2DG,1h,yes,MN,2.0472489202413313,2.1055285942204094,2.1173980593724586,2.13957645154854,1.9507410422398457,1.9778242642531187
vLH92_MN_60x-1xzoom_0000_XY06_488.tif,2,2791,763,2028,0.27337871730562524,326.5927429199219,0.6050696945746348,369.24652099609375,325.0,1030567.0,395.024169921875,364.0,801109.0,300.7313232421875,298.0,229458.0,False,vLH92_MN_60x-1xzoom_0000_XY06_Dapi-ex_Green-em.tif,244.06198120117188,231.0,681177.0,253.9921112060547,243.5,515096.0,217.6684112548828,216.0,166081.0,221.40972099609374,247.187369921875,152.8945232421875,177.1632,216.1632,150.1632,92.74678120117187,102.67691120605468,66.35321125488281,79.6848,92.1848,64.6848,50mM 2DG,1h,yes,MN,2.387249650377044,2.223299801216794,2.4074289635165687,2.3448898299936647,2.3042520527736516,2.321460373998219
vLH92_MN_60x-1xzoom_0000_XY06_488.tif,3,2055,1006,1049,0.4895377128953771,302.4238586425781,0.627359882412416,344.641357421875,304.0,708238.0,427.36700439453125,405.0,448308.0,258.3797302246094,256.0,259930.0,False,vLH92_MN_60x-1xzoom_0000_XY06_Dapi-ex_Green-em.tif,249.42384338378906,232.0,512566.0,284.0981750488281,279.0,298019.0,213.26739501953125,213.0,214547.0,196.804557421875,279.5302043945312,110.54293022460936,156.1632,257.16319999999996,108.16319999999999,98.10864338378906,132.78297504882812,61.952195019531246,80.6848,127.6848,61.684799999999996,50mM 2DG,1h,yes,MN,2.0059859216684868,1.9354723566272705,2.105165999569899,2.0140470909614923,1.7843262888386642,1.753482219282546
vLH92_MN_60x-1xzoom_0000_XY06_488.tif,4,2571,1302,1269,0.5064177362893816,337.4485778808594,0.5122247763883193,351.4461364746094,337.0,903568.0,396.44366455078125,397.0,503087.0,307.5890808105469,306.0,400481.0,False,vLH92_MN_60x-1xzoom_0000_XY06_Dapi-ex_Green-em.tif,277.5149841308594,264.0,713491.0,308.5697326660156,302.0,391575.0,247.247314453125,247.0,321916.0,203.60933647460936,248.60686455078124,159.75228081054686,189.1632,249.1632,158.1632,126.19978413085937,157.25453266601562,95.932114453125,112.6848,150.6848,95.6848,50mM 2DG,1h,yes,MN,1.6133889441798277,1.6786931334128472,1.580920182941778,1.6535390430886194,1.665263834965361,1.6529605538183703
vLH92_MN_60x-1xzoom_0000_XY06_488.tif,5,2462,1230,1232,0.49959382615759546,312.96630859375,0.8517476240907413,354.86474609375,310.0,873677.0,435.22564697265625,419.0,536198.0,274.3731689453125,272.0,337479.0,False,vLH92_MN_60x-1xzoom_0000_XY06_Dapi-ex_Green-em.tif,268.86676025390625,249.0,661950.0,309.3059997558594,301.5,381065.0,228.36178588867188,228.0,280885.0,207.02794609375,287.3888469726562,126.53636894531249,162.1632,271.16319999999996,124.16319999999999,117.55156025390625,157.99079975585937,77.04658588867187,97.6848,150.1848,76.6848,50mM 2DG,1h,yes,MN,1.761167147816487,1.6600658444302492,1.8190226735781676,1.8055302533944844,1.642335834687739,1.6191370388916708
vLH92_MN_60x-1xzoom_0000_XY06_488.tif,6,3420,1444,1976,0.4222222222222222,576.6359252929688,0.7178114800432198,606.6608276367188,575.5,2074780.0,680.2788696289062,690.0,1344231.0,505.92034912109375,503.0,730549.0,False,vLH92_MN_60x-1xzoom_0000_XY06_Dapi-ex_Green-em.tif,390.8304138183594,372.0,1336640.0,432.7748107910156,428.0,855163.0,333.4328308105469,332.0,481477.0,458.8240276367187,532.4420696289062,358.0835491210937,427.66319999999996,542.1632,355.16319999999996,239.51521381835937,281.4596107910156,182.11763081054687,220.6848,276.6848,180.6848,50mM 2DG,1h,yes,MN,1.915636256762696,1.9378915086131894,1.8917174941460628,1.9594975943745372,1.9662212138790696,1.9656506800793425
vLH92_MN_60x-1xzoom_0000_XY06_488.tif,7,3161,1443,1718,0.45650110724454285,520.6010131835938,0.5548016586160159,532.1233520507812,523.0,1682042.0,588.965087890625,604.0,1011842.0,464.4490661621094,460.0,670200.0,False,vLH92_MN_60x-1xzoom_0000_XY06_Dapi-ex_Green-em.tif,400.92724609375,386.0,1267331.0,441.3672790527344,443.5,758269.0,352.7803039550781,351.0,509062.0,384.2865520507812,441.12828789062496,316.61226616210934,375.16319999999996,456.16319999999996,312.16319999999996,249.61204609375,290.05207905273437,201.46510395507812,234.6848,292.1848,199.6848,50mM 2DG,1h,yes,MN,1.5395352831106948,1.5985832912911273,1.5208589068945215,1.5612146833100147,1.5715489181327713,1.5632797288526716
vLH92_MN_60x-1xzoom_0000_XY06_488.tif,8,2076,1056,1020,0.5086705202312138,327.73687744140625,0.775503986233071,354.3916320800781,331.0,735717.0,400.73333740234375,387.0,408748.0,309.6297302246094,309.0,326969.0,False,vLH92_MN_60x-1xzoom_0000_XY06_Dapi-ex_Green-em.tif,270.9619445800781,260.0,562517.0,295.20391845703125,284.0,301108.0,247.54640197753906,247.0,261409.0,206.5548320800781,252.89653740234374,161.79293022460936,183.1632,239.1632,161.1632,119.64674458007812,143.88871845703125,96.23120197753906,108.6848,132.6848,95.6848,50mM 2DG,1h,yes,MN,1.7263723539242095,1.685269697326581,1.757584195024052,1.8024913177696316,1.6812938724632454,1.6843134959784625
vLH92_MN_60x-1xzoom_0000_XY06_488.tif,9,2556,1202,1354,0.4702660406885759,358.89793395996094,0.5403345970050961,393.0477294921875,357.0,1004630.0,458.2895202636719,443.0,620524.0,319.5557556152344,318.0,384106.0,False,vLH92_MN_60x-1xzoom_0000_XY06_Dapi-ex_Green-em.tif,288.0664978027344,269.0,736298.0,320.2023620605469,304.0,433554.0,251.86688232421875,251.5,302744.0,245.2109294921875,310.45272026367184,171.71895561523436,209.1632,295.16319999999996,170.1632,136.75129780273437,168.88716206054687,100.55168232421875,117.6848,152.6848,100.1848,50mM 2DG,1h,yes,MN,1.7931159223505697,1.7773170366946283,1.8382256914967463,1.9331537913400676,1.7077681013982833,1.6984931845948688
vLH92_MN_60x-1xzoom_0000_XY06_488.tif,10,3489,1692,1797,0.48495270851246775,314.8804626464844,0.7678135122139966,327.18084716796875,315.0,1141534.0,389.2871398925781,389.0,699549.0,261.220458984375,257.0,441985.0,False,vLH92_MN_60x-1xzoom_0000_XY06_Dapi-ex_Green-em.tif,254.1848602294922,242.0,886851.0,289.1702880859375,283.0,519639.0,217.0283660888672,215.0,367212.0,179.34404716796874,241.4503398925781,113.38365898437499,167.1632,241.1632,109.16319999999999,102.86966022949218,137.8550880859375,65.71316608886718,90.6848,131.6848,63.684799999999996,50mM 2DG,1h,yes,MN,1.7434105135359605,1.843343096086665,1.7514793486770714,1.8313670218582554,1.725432903826923,1.7141170263547973
vLH92_MN_60x-1xzoom_0000_XY06_488.tif,11,3054,1693,1361,0.554354944335298,376.5795135498047,0.47659913507396967,377.8460998535156,372.0,1153942.0,450.2314453125,436.0,612765.0,319.6556396484375,312.0,541177.0,False,vLH92_MN_60x-1xzoom_0000_XY06_Dapi-ex_Green-em.tif,317.5461730957031,316.0,969786.0,345.2667236328125,339.0,469908.0,295.26165771484375,281.0,499878.0,230.0092998535156,302.39464531249996,171.8188396484375,224.1632,288.16319999999996,164.1632,166.23097309570312,193.9515236328125,143.94645771484375,164.6848,187.6848,129.6848,50mM 2DG,1h,yes,MN,1.383672943556035,1.3611650862739002,1.5591248764046377,1.5353571519909974,1.193630203730394,1.2658630772457526
vLH92_MN_60x-1xzoom_0000_XY06_488.tif,12,3663,2053,1611,0.5604695604695604,422.24078369140625,0.3174195087457483,424.6609191894531,423.0,1555533.0,492.1111145019531,492.0,792791.0,371.67413330078125,360.0,763047.0,False,vLH92_MN_60x-1xzoom_0000_XY06_Dapi-ex_Green-em.tif,310.8252868652344,308.0,1138553.0,341.91619873046875,340.0,550827.0,286.39990234375,278.0,587979.0,276.8241191894531,344.2743145019531,223.83733330078124,275.16319999999996,344.16319999999996,212.1632,159.51008686523437,190.60099873046875,135.08470234375,156.6848,188.6848,126.6848,50mM 2DG,1h,yes,MN,1.735464663268186,1.7561575851646105,1.8062566135280105,1.824011261108473,1.6570146687015859,1.6747328803455506
vLH92_MN_60x-1xzoom_0000_XY06_488.tif,13,3643,1662,1981,0.45621740323908866,300.5962219238281,0.7671840813313932,294.8512268066406,297.0,1074143.0,331.2715759277344,323.0,656249.0,251.4404296875,244.5,417894.0,False,vLH92_MN_60x-1xzoom_0000_XY06_Dapi-ex_Green-em.tif,234.9102325439453,227.0,855778.0,260.50225830078125,250.0,516055.0,204.40614318847656,203.0,339723.0,147.0144268066406,183.43477592773436,103.60362968749999,149.1632,175.1632,96.66319999999999,83.59503254394531,109.18705830078125,53.09094318847656,75.6848,98.6848,51.684799999999996,50mM 2DG,1h,yes,MN,1.7586502730213807,1.9708475149567681,1.6800047439909997,1.7749764908070949,1.9514369771073734,1.8702442497600842
vLH92_MN_60x-1xzoom_0000_XY06_488.tif,14,4604,1758,2846,0.38184187662901825,292.79527282714844,0.5516979383207159,301.99066162109375,291.0,1390365.0,334.2301330566406,337.0,951219.0,249.7986297607422,247.0,439146.0,False,vLH92_MN_60x-1xzoom_0000_XY06_Dapi-ex_Green-em.tif,275.55169677734375,263.0,1268640.0,298.2979736328125,295.0,848956.0,238.7281036376953,238.0,419684.0,154.15386162109374,186.3933330566406,101.96182976074218,143.1632,189.1632,99.16319999999999,124.23649677734375,146.9827736328125,87.41290363769531,111.6848,143.6848,86.6848,50mM 2DG,1h,yes,MN,1.2408097911627998,1.2818503502714782,1.268130464882111,1.3165150384731021,1.1664391127349865,1.1439514193953264
vLH92_MN_60x-1xzoom_0000_XY06_488.tif,15,4438,2231,2207,0.5027039206849933,333.15272521972656,0.19676446139996245,346.7706298828125,336.0,1538968.0,391.98187255859375,395.0,865104.0,302.04571533203125,303.0,673864.0,False,vLH92_MN_60x-1xzoom_0000_XY06_Dapi-ex_Green-em.tif,351.7969665527344,340.0,1561275.0,392.3307800292969,396.0,865874.0,311.6992492675781,314.0,695401.0,198.9338298828125,244.14507255859374,154.20891533203124,188.1632,247.1632,155.1632,200.48176655273437,241.01558002929687,160.38404926757812,188.6848,244.6848,162.6848,50mM 2DG,1h,yes,MN,0.9922789154518213,0.9972356013838952,1.0129846067582704,1.01012894957104,0.9614978299665914,0.9537658097130156
vLH92_MN_60x-1xzoom_0000_XY06_488.tif,16,890,484,406,0.5438202247191011,259.68731689453125,0.503732684150362,271.84942626953125,261.0,241946.0,300.52215576171875,293.5,122012.0,247.79751586914062,248.0,119934.0,False,vLH92_MN_60x-1xzoom_0000_XY06_Dapi-ex_Green-em.tif,315.64495849609375,306.0,280924.0,289.7930908203125,279.0,117656.0,337.33056640625,340.5,163268.0,124.01262626953124,152.68535576171874,99.96071586914061,113.16319999999999,145.6632,100.16319999999999,164.32975849609375,138.4778908203125,186.01536640625,154.6848,127.6848,189.1848,50mM 2DG,1h,yes,MN,0.7546571442961083,0.7315728500796458,1.1025973522361177,1.1408029773316792,0.5373788080003589,0.529446340297952
vLH92_MN_60x-1xzoom_0000_XY06_488.tif,17,3828,1862,1966,0.4864158829676071,371.18505859375,0.5497365759575421,418.910400390625,373.0,1603589.0,495.408447265625,488.0,973973.0,338.1396484375,337.5,629616.0,False,vLH92_MN_60x-1xzoom_0000_XY06_Dapi-ex_Green-em.tif,281.41900634765625,257.0,1077272.0,324.0635681152344,305.0,637109.0,236.39259338378906,235.0,440163.0,271.07360039062496,347.57164726562496,190.3028484375,225.1632,340.16319999999996,189.6632,130.10380634765625,172.74836811523437,85.07739338378906,105.6848,153.6848,83.6848,50mM 2DG,1h,yes,MN,2.083517830879421,2.130516403494164,2.012011175895868,2.2133821952463744,2.236820392216682,2.266399632908246
vLH92_MN_60x-1xzoom_0000_XY06_488.tif,18,1623,838,785,0.5163277880468269,429.9346618652344,0.1618930360468093,414.403564453125,427.0,672577.0,461.5095520019531,458.0,362285.0,370.27685546875,385.0,310292.0,False,vLH92_MN_60x-1xzoom_0000_XY06_Dapi-ex_Green-em.tif,392.4787292480469,403.0,636993.0,430.8853454589844,440.0,338245.0,356.5011901855469,366.0,298748.0,266.56676445312496,313.6727520019531,222.44005546875,279.16319999999996,310.16319999999996,237.1632,241.16352924804687,279.57014545898437,205.18599018554687,251.6848,288.6848,214.6848,50mM 2DG,1h,yes,MN,1.1053361396903003,1.1091778287763105,1.121982289943659,1.0744008690447158,1.0840898799552567,1.1047041988999686
vLH92_MN_60x-1xzoom_0000_XY06_488.tif,19,5599,2515,3084,0.4491873548848009,296.945556640625,0.7432961277552269,300.3497009277344,298.0,1681658.0,341.6092834472656,347.0,1053523.0,249.75546264648438,245.0,628135.0,False,vLH92_MN_60x-1xzoom_0000_XY06_Dapi-ex_Green-em.tif,228.8739013671875,222.0,1281465.0,252.57522583007812,247.0,778942.0,199.81033325195312,199.0,502523.0,152.51290092773436,193.7724834472656,101.91866264648436,150.1632,199.1632,97.16319999999999,77.5587013671875,101.26002583007812,48.49513325195312,70.6848,95.6848,47.684799999999996,50mM 2DG,1h,yes,MN,1.9664189605972116,2.124405812848024,1.9136128186697314,2.0814507633396317,2.101626613065954,2.037613663054055
vLH92_MN_60x-1xzoom_0000_XY07_488.tif,1,3139,1524,1615,0.4855049378783052,689.1869506835938,0.7313281893475043,817.9066772460938,695.0,2567409.0,1018.878662109375,1081.0,1645489.0,604.9343872070312,601.5,921920.0,False,vLH92_MN_60x-1xzoom_0000_XY07_Dapi-ex_Green-em.tif,479.3647766113281,415.0,1504726.0,580.5101928710938,609.0,937524.0,372.1797790527344,372.0,567202.0,671.9706772460937,872.942662109375,458.9983872070312,549.064,935.064,455.56399999999996,328.9759766113281,430.12139287109375,221.79097905273437,264.6112,458.6112,221.6112,50mM 2DG,1h,yes,MN,2.042613215006882,2.074983976490791,2.029526260673562,2.0389035418236623,2.0695088193731133,2.0556903261207014
vLH92_MN_60x-1xzoom_0000_XY07_488.tif,2,3099,1904,1195,0.6143917392707325,638.1611938476562,0.4400469312394655,661.191650390625,641.0,2049033.0,765.2125244140625,713.0,914429.0,595.9054565429688,610.0,1134604.0,False,vLH92_MN_60x-1xzoom_0000_XY07_Dapi-ex_Green-em.tif,438.3846435546875,426.0,1358554.0,499.4292907714844,476.0,596818.0,400.0714416503906,407.0,761736.0,515.255650390625,619.2765244140625,449.9694565429687,495.06399999999996,567.064,464.06399999999996,287.9958435546875,349.0404907714844,249.68264165039062,275.6112,325.6112,256.6112,50mM 2DG,1h,yes,MN,1.789107939999777,1.7962405011117109,1.7742254574684881,1.741537146142393,1.8021655553173084,1.8084323677220635
vLH92_MN_60x-1xzoom_0000_XY07_488.tif,3,2498,1101,1397,0.44075260208166533,434.35438537597656,0.6997834989410389,440.3462829589844,437.0,1099985.0,492.5676574707031,492.0,688117.0,374.08538818359375,370.0,411868.0,False,vLH92_MN_60x-1xzoom_0000_XY07_Dapi-ex_Green-em.tif,343.27423095703125,337.0,857499.0,372.7673645019531,371.0,520756.0,305.8519592285156,300.0,336743.0,294.41028295898434,346.6316574707031,228.14938818359374,291.06399999999996,346.06399999999996,224.064,192.88543095703125,222.37856450195312,155.46315922851562,186.6112,220.6112,149.6112,50mM 2DG,1h,yes,MN,1.5263479543178644,1.559734892653817,1.5587458181818539,1.5686601586864128,1.4675463261893222,1.497641887773108
vLH92_MN_60x-1xzoom_0000_XY07_488.tif,4,1888,951,937,0.503707627118644,304.198486328125,0.7612244819028897,327.0036926269531,305.0,617383.0,376.3991394042969,363.0,352686.0,278.33544921875,278.0,264697.0,False,vLH92_MN_60x-1xzoom_0000_XY07_Dapi-ex_Green-em.tif,275.41473388671875,251.0,519983.0,318.5570983886719,292.0,298488.0,232.907470703125,232.0,221495.0,181.06769262695312,230.46313940429687,132.39944921875,159.064,217.064,132.064,125.02593388671875,168.16829838867187,82.518670703125,100.6112,141.6112,81.6112,50mM 2DG,1h,yes,MN,1.4482410728562258,1.5809770681594097,1.3704315356253929,1.5328166133752132,1.604478696646479,1.6182092653949458
vLH92_MN_60x-1xzoom_0000_XY07_488.tif,5,1225,631,594,0.5151020408163265,244.94497680664062,0.3840953798648824,249.67755126953125,245.0,305855.0,276.2070617675781,268.0,164067.0,224.70364379882812,224.0,141788.0,False,vLH92_MN_60x-1xzoom_0000_XY07_Dapi-ex_Green-em.tif,283.79266357421875,277.0,347646.0,303.41583251953125,295.0,180229.0,265.32012939453125,262.0,167417.0,103.74155126953124,130.27106176757812,78.76764379882812,99.064,122.064,78.064,133.40386357421875,153.02703251953125,114.93132939453125,126.6112,144.6112,111.6112,50mM 2DG,1h,yes,MN,0.7776502755620344,0.7824268311176262,0.8512944387845414,0.8440839990263548,0.6853452771649233,0.6994280143928208
vLH92_MN_60x-1xzoom_0000_XY08_488.tif,1,1800,912,889,0.5066666666666667,267.9231262207031,0.3717499963939019,276.4283447265625,266.5,497571.0,312.34307861328125,300.0,277673.0,241.38815307617188,240.0,220146.0,False,vLH92_MN_60x-1xzoom_0000_XY08_Dapi-ex_Green-em.tif,286.78167724609375,262.0,516207.0,324.17999267578125,332.0,288196.0,250.28509521484375,238.0,228260.0,129.65554472656248,165.57027861328123,94.61535307617186,119.72719999999998,153.22719999999998,93.22719999999998,136.28567724609374,173.68399267578124,99.78909521484374,111.50399999999999,181.504,87.50399999999999,50mM 2DG,1h,yes,MN,0.9513512156706012,1.0737480269766106,0.9532846180151673,0.8442083921015514,0.9481532312971379,1.065405010056683
vLH92_MN_60x-1xzoom_0000_XY08_488.tif,2,1741,931,810,0.5347501435956347,343.32257080078125,0.3969299393538018,407.9402770996094,339.0,710224.0,547.0950317382812,474.0,443147.0,286.87109375,281.0,267077.0,False,vLH92_MN_60x-1xzoom_0000_XY08_Dapi-ex_Green-em.tif,399.9753112792969,375.0,696357.0,428.8518371582031,390.5,347370.0,374.8517761230469,362.0,348987.0,261.16747709960936,400.32223173828123,140.09829374999998,192.22719999999998,327.2272,134.22719999999998,249.47931127929687,278.35583715820314,224.35577612304687,224.504,240.004,211.504,50mM 2DG,1h,yes,MN,1.0468502408491394,0.856230623953248,1.4381671885355818,1.3634239429342845,0.6244470107743681,0.6346319691353355
vLH92_MN_60x-1xzoom_0000_XY08_488.tif,3,3146,1561,1585,0.4961856325492689,765.5128479003906,0.24914909941908445,944.6815185546875,757.0,2971968.0,1237.1129150390625,1215.0,1960824.0,647.7540283203125,653.0,1011144.0,False,vLH92_MN_60x-1xzoom_0000_XY08_Dapi-ex_Green-em.tif,447.4151306152344,381.0,1407568.0,550.9375610351562,529.0,873236.0,342.30108642578125,345.0,534332.0,797.9087185546875,1090.3401150390625,500.9812283203125,610.2272,1068.2272,506.2272,296.9191306152344,400.44156103515627,191.80508642578124,230.504,378.504,194.504,50mM 2DG,1h,yes,MN,2.6872930582188235,2.6473605664109954,2.7228445324718367,2.8222349037262484,2.6119287952990056,2.602657014765763
vLH92_MN_60x-1xzoom_0000_XY08_488.tif,4,3666,1718,1948,0.4686306601200218,496.99285888671875,0.7646952388635432,541.7640380859375,495.0,1986107.0,672.2114868164062,679.5,1309468.0,393.85272216796875,389.0,676639.0,False,vLH92_MN_60x-1xzoom_0000_XY08_Dapi-ex_Green-em.tif,511.1164855957031,448.0,1873753.0,624.4866333007812,658.5,1216500.0,382.5686950683594,381.0,657253.0,394.9912380859375,525.4386868164063,247.07992216796873,348.2272,532.7272,242.22719999999998,360.62048559570314,473.99063330078127,232.07269506835937,297.504,508.004,230.504,50mM 2DG,1h,yes,MN,1.0953100388444597,1.1704958588792083,1.1085423421921874,1.048667333328084,1.064666061189098,1.0508589872626939
vLH92_MN_60x-1xzoom_0000_XY08_488.tif,5,4347,2070,2277,0.47619047619047616,324.0260314941406,0.5873257938344763,344.8603515625,322.0,1499108.0,400.1739196777344,368.0,911196.0,284.0154724121094,281.5,587912.0,False,vLH92_MN_60x-1xzoom_0000_XY08_Dapi-ex_Green-em.tif,295.5592346191406,284.0,1284796.0,328.5072326660156,319.0,748011.0,259.3164367675781,257.0,536785.0,198.08755156249998,253.40111967773436,137.24267241210936,175.22719999999998,221.22719999999998,134.72719999999998,145.06323461914062,178.01123266601562,108.82043676757812,133.504,168.504,106.50399999999999,50mM 2DG,1h,yes,MN,1.365525538449306,1.3125239693192714,1.4235119654115598,1.3128899017234013,1.2611847230978892,1.264996619845264
vLH92_MN_60x-1xzoom_0000_XY08_488.tif,6,2625,1367,1259,0.5207619047619048,393.53680419921875,0.17114246744747874,426.2026672363281,390.0,1118782.0,515.9674072265625,487.0,649603.0,343.44110107421875,341.0,469484.0,False,vLH92_MN_60x-1xzoom_0000_XY08_Dapi-ex_Green-em.tif,391.1489562988281,377.0,1026766.0,433.11517333984375,416.0,545292.0,352.4659729003906,352.0,481821.0,279.4298672363281,369.1946072265625,196.66830107421873,243.22719999999998,340.2272,194.22719999999998,240.65295629882812,282.61917333984377,201.96997290039062,226.504,265.504,201.504,50mM 2DG,1h,yes,MN,1.161132078050806,1.07383180870978,1.3063324857390817,1.2814390743642279,0.9737501978633892,0.9638875655073844
vLH92_MN_60x-1xzoom_0000_XY08_488.tif,7,3206,1690,1516,0.5271366188396757,401.88401794433594,0.6942958043961,442.95416259765625,402.5,1420111.0,521.7796630859375,529.0,791018.0,372.244384765625,370.0,629093.0,False,vLH92_MN_60x-1xzoom_0000_XY08_Dapi-ex_Green-em.tif,322.58203125,297.0,1034198.0,371.73944091796875,355.0,563557.0,278.4858093261719,278.0,470641.0,296.18136259765623,375.0068630859375,225.47158476562498,255.72719999999998,382.2272,223.22719999999998,172.08603125,221.24344091796874,127.98980932617187,146.504,204.504,127.50399999999999,50mM 2DG,1h,yes,MN,1.7211237916654334,1.7455304974608201,1.6949965229702795,1.8690451042522396,1.7616370080763895,1.750746643242565
vLH92_MN_60x-1xzoom_0000_XY08_488.tif,8,3641,1661,1980,0.4561933534743202,501.99224853515625,0.7941089643524741,547.573486328125,511.0,1993715.0,643.8585815429688,656.0,1274840.0,432.7965087890625,434.0,718875.0,False,vLH92_MN_60x-1xzoom_0000_XY08_Dapi-ex_Green-em.tif,335.2340087890625,317.0,1220587.0,375.8232421875,375.0,744130.0,286.8494873046875,287.0,476457.0,400.800686328125,497.08578154296873,286.0237087890625,364.2272,509.2272,287.2272,184.7380087890625,225.3272421875,136.3534873046875,166.504,224.504,136.504,50mM 2DG,1h,yes,MN,2.1695626631213023,2.187498198241484,2.2060616227190684,2.2682321918540427,2.0976633193834693,2.104166910859755
vLH92_MN_60x-1xzoom_0000_XY08_488.tif,9,4560,2090,2470,0.4583333333333333,503.62681579589844,0.5272912961048358,547.6394653320312,508.0,2497236.0,660.231201171875,678.0,1630771.0,414.5765686035156,407.0,866465.0,False,vLH92_MN_60x-1xzoom_0000_XY08_Dapi-ex_Green-em.tif,350.09869384765625,345.0,1596450.0,401.2388610839844,402.0,991060.0,289.6602783203125,284.0,605390.0,400.86666533203123,513.458401171875,267.8037686035156,361.2272,531.2272,260.2272,199.60269384765624,250.74286108398437,139.1642783203125,194.504,251.504,133.504,50mM 2DG,1h,yes,MN,2.008322921924023,1.8571710607493934,2.0477488330162115,2.1122017940072526,1.9243714826524332,1.949209012464046
vLH92_MN_60x-1xzoom_0000_XY08_488.tif,10,2685,1376,1309,0.5124767225325885,392.1034851074219,0.7622890526472799,440.6435852050781,395.0,1183128.0,522.0610961914062,495.0,683378.0,363.1903991699219,365.0,499750.0,False,vLH92_MN_60x-1xzoom_0000_XY08_Dapi-ex_Green-em.tif,312.71246337890625,300.0,839633.0,337.0259704589844,335.0,441167.0,289.5828552246094,282.0,398466.0,293.8707852050781,375.28829619140623,216.41759916992186,248.22719999999998,348.2272,218.22719999999998,162.21646337890624,186.52997045898437,139.08685522460937,149.504,184.504,131.504,50mM 2DG,1h,yes,MN,1.8115965487341001,1.6603381849315069,2.0119463658732926,1.8873693795256472,1.5559888734304343,1.6594719552256965
vLH92_MN_60x-1xzoom_0000_XY08_488.tif,11,4253,2058,2195,0.4838937220785328,608.3172607421875,0.7415206941344386,664.617431640625,610.0,2826618.0,834.5357666015625,864.0,1831806.0,483.38775634765625,475.0,994812.0,False,vLH92_MN_60x-1xzoom_0000_XY08_Dapi-ex_Green-em.tif,324.61981201171875,303.0,1380608.0,381.3726501464844,389.0,837113.0,264.08892822265625,263.0,543495.0,517.844631640625,687.7629666015625,336.61495634765623,463.2272,717.2272,328.2272,174.12381201171874,230.87665014648437,113.59292822265624,152.504,238.504,112.50399999999999,50mM 2DG,1h,yes,MN,2.974002381740721,3.0374757383412896,2.9789195493143086,3.0071914936437127,2.9633442998128294,2.9174713787954207
vLH92_MN_60x-1xzoom_0000_XY08_488.tif,12,1900,901,999,0.47421052631578947,407.6425018310547,0.6194513878722389,414.8889465332031,406.5,788289.0,471.10211181640625,456.0,470631.0,352.56158447265625,351.0,317658.0,False,vLH92_MN_60x-1xzoom_0000_XY08_Dapi-ex_Green-em.tif,326.33526611328125,302.0,620037.0,368.1991882324219,344.0,367831.0,279.9178771972656,276.0,252206.0,268.1161465332031,324.32931181640623,205.78878447265623,259.7272,309.2272,204.22719999999998,175.83926611328124,217.70318823242187,129.42187719726562,151.504,193.504,125.50399999999999,50mM 2DG,1h,yes,MN,1.5247797176341384,1.7143256943711056,1.4897775014215655,1.598040350587068,1.5900618112577034,1.6272565017848037
vLH92_MN_60x-1xzoom_0000_XY08_488.tif,13,3833,2033,1802,0.5303939472997652,532.4155883789062,0.10758630513947137,549.1148071289062,534.0,2104757.0,681.677001953125,643.0,1228382.0,431.3522033691406,448.0,876939.0,False,vLH92_MN_60x-1xzoom_0000_XY08_Dapi-ex_Green-em.tif,337.9527893066406,322.0,1295373.0,401.006103515625,385.0,722613.0,281.95672607421875,286.0,573218.0,402.34200712890623,534.904201953125,284.5794033691406,387.2272,496.2272,301.2272,187.45678930664062,250.510103515625,131.46072607421874,171.504,234.504,135.504,50mM 2DG,1h,yes,MN,2.1463186722501564,2.25783188730292,2.135259993295087,2.1160713676525775,2.1647484527696563,2.223013342779549
vLH92_MN_60x-1xzoom_0000_XY08_488.tif,14,3294,1609,1685,0.48846387370977534,246.88709259033203,0.7493161832490232,268.026123046875,249.0,882878.0,309.4771423339844,312.0,521469.0,224.61715698242188,224.0,361409.0,False,vLH92_MN_60x-1xzoom_0000_XY08_Dapi-ex_Green-em.tif,219.2550048828125,206.0,722226.0,243.54539489746094,233.0,410374.0,193.81727600097656,193.0,311852.0,121.25332304687498,162.70434233398436,77.84435698242186,102.22719999999998,165.22719999999998,77.22719999999998,68.75900488281249,93.04939489746093,43.32127600097655,55.50399999999999,82.50399999999999,42.50399999999999,50mM 2DG,1h,yes,MN,1.7634537214948025,1.8417987892764485,1.7485803375001219,2.002656840880442,1.796908220816651,1.8169395821569734
vLH92_MN_60x-1xzoom_0000_XY09_488.tif,1,3703,1218,2485,0.32892249527410206,800.1942138671875,0.7714825337685844,872.4744873046875,815.0,3230773.0,922.2736206054688,939.0,2291850.0,770.8727416992188,775.0,938923.0,False,vLH92_MN_60x-1xzoom_0000_XY09_Dapi-ex_Green-em.tif,440.778564453125,416.0,1632203.0,462.1094665527344,455.0,1148342.0,397.25860595703125,397.0,483861.0,724.3288873046874,774.1280206054687,622.7271416992187,666.8543999999999,790.8543999999999,626.8543999999999,289.724164453125,311.0550665527344,246.20420595703123,264.9456,303.9456,245.94559999999998,50mM 2DG,1h,yes,MN,2.5000637715943017,2.5169483848759895,2.488716963156193,2.6019603507996165,2.52931154964875,2.548752244398761
vLH92_MN_60x-1xzoom_0000_XY09_488.tif,2,4428,1583,2845,0.3574977416440831,485.5587615966797,0.811055997222164,561.37939453125,492.0,2485788.0,621.6101684570312,621.0,1768481.0,453.13140869140625,454.0,717307.0,False,vLH92_MN_60x-1xzoom_0000_XY09_Dapi-ex_Green-em.tif,346.7547302246094,318.0,1535430.0,375.0467529296875,362.0,1067008.0,295.90777587890625,296.0,468422.0,413.23379453125,473.46456845703125,304.98580869140625,343.8544,472.8544,305.8544,195.70033022460936,223.99235292968748,144.85337587890623,166.94559999999998,210.94559999999998,144.94559999999998,50mM 2DG,1h,yes,MN,2.111564114669469,2.059679320688895,2.113753269986206,2.2415940413073323,2.1054794673640655,2.110132353103509
vLH92_MN_60x-1xzoom_0000_XY09_488.tif,3,3537,1159,2378,0.32767882386202996,848.08056640625,0.5796712849487703,923.728271484375,852.0,3267227.0,987.912109375,968.0,2349255.0,792.0379638671875,802.0,917972.0,False,vLH92_MN_60x-1xzoom_0000_XY09_Dapi-ex_Green-em.tif,414.8668212890625,391.0,1467384.0,436.9486999511719,423.0,1039064.0,369.5599670410156,369.0,428320.0,775.5826714843749,839.7665093749999,643.8923638671874,703.8543999999999,819.8543999999999,653.8543999999999,263.8124212890625,285.8942999511719,218.5055670410156,239.94559999999998,271.9456,217.94559999999998,50mM 2DG,1h,yes,MN,2.9399020246835135,2.9333915687555847,2.9373321172140345,3.0147735429438827,2.9468007272616656,3.000080754096435
vLH92_MN_60x-1xzoom_0000_XY09_488.tif,4,3652,1837,1815,0.5030120481927711,376.7248077392578,0.5767297669091795,403.91949462890625,383.0,1475114.0,469.18402099609375,472.0,851569.0,339.43658447265625,337.0,623545.0,False,vLH92_MN_60x-1xzoom_0000_XY09_Dapi-ex_Green-em.tif,279.78668212890625,269.0,1021781.0,311.8457336425781,310.0,566000.0,248.11158752441406,247.0,455781.0,255.77389462890625,321.03842099609375,191.29098447265625,234.8544,323.8544,188.8544,128.73228212890623,160.7913336425781,97.05718752441405,117.94559999999998,158.94559999999998,95.94559999999998,50mM 2DG,1h,yes,MN,1.986866778084356,1.991209506755657,1.996615201349892,2.03751723860239,1.970910031001448,1.9683487309475372
vLH92_MN_60x-1xzoom_0000_XY09_488.tif,5,4240,1747,2494,0.41202830188679246,718.1109313964844,0.800724565863489,759.625244140625,727.0,3220811.0,914.5304565429688,970.0,2280839.0,538.34228515625,527.0,940484.0,False,vLH92_MN_60x-1xzoom_0000_XY09_Dapi-ex_Green-em.tif,446.2023620605469,410.0,1891898.0,523.4105834960938,537.0,1305386.0,335.9009704589844,332.0,586819.0,611.4796441406249,766.3848565429687,390.19668515625,578.8543999999999,821.8543999999999,378.8544,295.1479620605469,372.35618349609376,184.84657045898436,258.9456,385.9456,180.94559999999998,50mM 2DG,1h,yes,MN,2.071773221375608,2.2354285996749894,2.0582036515341193,2.1294565866277524,2.11092196185934,2.0937475130647
vLH92_MN_60x-1xzoom_0000_XY09_488.tif,6,4026,1692,2334,0.4202682563338301,460.1573486328125,0.8007257644169672,542.4205322265625,463.0,2183785.0,642.239501953125,679.0,1498987.0,404.7269592285156,408.0,684798.0,False,vLH92_MN_60x-1xzoom_0000_XY09_Dapi-ex_Green-em.tif,316.19720458984375,287.0,1273010.0,355.7257995605469,360.0,830264.0,261.67022705078125,263.0,442746.0,394.2749322265625,494.093901953125,256.5813592285156,314.8544,530.8543999999999,259.8544,165.14280458984373,204.67139956054686,110.61582705078123,135.94559999999998,208.94559999999998,111.94559999999998,50mM 2DG,1h,yes,MN,2.387478723071234,2.3160322952710497,2.4140837606719927,2.5406345000804036,2.3195718557591665,2.321256038647343
vLH92_MN_60x-1xzoom_0000_XY10_488.tif,1,3155,1402,1753,0.4443740095087163,731.5960083007812,0.6671131040815356,799.2659301757812,738.0,2521684.0,917.49169921875,923.0,1608363.0,651.4415283203125,646.0,913321.0,False,vLH92_MN_60x-1xzoom_0000_XY10_Dapi-ex_Green-em.tif,455.8332824707031,428.0,1438154.0,516.4044799804688,528.0,905257.0,380.09771728515625,380.0,532897.0,653.2195301757813,771.44529921875,505.3951283203125,591.9536,776.9536,499.9536,306.00928247070317,366.5804799804688,230.27371728515627,278.17600000000004,378.17600000000004,230.17600000000002,50mM 2DG,1h,yes,MN,2.1346395929617574,2.127982284596802,2.1044363825914907,2.0544762227111186,2.1947581959362883,2.172049214514111
vLH92_MN_60x-1xzoom_0000_XY10_488.tif,2,3998,2275,1723,0.5690345172586293,1021.2995910644531,0.246221813336753,1083.5322265625,1020.0,4331962.0,1361.5977783203125,1418.0,2346033.0,872.9358520507812,866.0,1985929.0,False,vLH92_MN_60x-1xzoom_0000_XY10_Dapi-ex_Green-em.tif,491.54351806640625,466.5,1965191.0,589.2443237304688,604.0,1015268.0,417.548583984375,416.0,949923.0,937.4858265625,1215.5513783203126,726.8894520507813,873.9536,1271.9536,719.9536,341.7195180664063,439.4203237304688,267.72458398437504,316.67600000000004,454.17600000000004,266.17600000000004,50mM 2DG,1h,yes,MN,2.743436581753339,2.7597721330318685,2.766261168807263,2.800574226731487,2.715064269530078,2.7048028372204853
vLH92_MN_60x-1xzoom_0000_XY10_488.tif,3,5773,2324,3452,0.40256365840983893,520.35400390625,0.36514750898047205,549.0180053710938,517.0,3169481.0,610.6552734375,636.0,2107982.0,457.1686706542969,456.0,1062460.0,False,vLH92_MN_60x-1xzoom_0000_XY10_Dapi-ex_Green-em.tif,315.9320983886719,302.0,1823876.0,342.6419372558594,340.0,1182800.0,276.19793701171875,274.0,641884.0,402.97160537109374,464.6088734375,311.12227065429687,370.9536,489.9536,309.9536,166.1080983886719,192.8179372558594,126.37393701171877,152.17600000000002,190.17600000000002,124.17600000000002,50mM 2DG,1h,yes,MN,2.425960018085279,2.437661654925875,2.4095728854364213,2.5763166750799256,2.461918003119949,2.4960829789975514
vLH92_MN_60x-1xzoom_0000_XY10_488.tif,4,2691,1364,1327,0.5068747677443329,464.4386901855469,0.17138142949908805,448.2764892578125,465.0,1206312.0,523.0678100585938,523.0,694111.0,375.513916015625,367.0,512201.0,False,vLH92_MN_60x-1xzoom_0000_XY10_Dapi-ex_Green-em.tif,300.6826477050781,295.0,809137.0,340.17633056640625,334.0,451414.0,262.26025390625,259.0,357723.0,302.2300892578125,377.02141005859374,229.467516015625,318.9536,376.9536,220.9536,150.85864770507814,190.35233056640627,112.43625390625002,145.17600000000002,184.17600000000002,109.17600000000002,50mM 2DG,1h,yes,MN,2.0033991677338823,2.197013280432027,1.9806503494690135,2.0467031535053426,2.040867674290859,2.0238294130578147
vLH92_MN_60x-1xzoom_0000_XY10_488.tif,5,3419,1598,1821,0.467388125182802,532.578857421875,0.7162678694434637,577.7868041992188,529.0,1975453.0,668.5205688476562,664.0,1217376.0,474.39111328125,473.0,758077.0,False,vLH92_MN_60x-1xzoom_0000_XY10_Dapi-ex_Green-em.tif,326.5817565917969,313.0,1116583.0,361.4535827636719,359.0,658207.0,286.84356689453125,286.0,458376.0,431.74040419921874,522.4741688476563,328.34471328125,382.9536,517.9536,326.9536,176.7577565917969,211.6295827636719,137.01956689453127,163.17600000000002,209.17600000000002,136.17600000000002,50mM 2DG,1h,yes,MN,2.4425542195371768,2.3468745403735842,2.4688144352252803,2.4761617011511836,2.3963344850884574,2.40096345905299
vLH92_MN_60x-1xzoom_0000_XY10_488.tif,6,2641,1227,1414,0.4645967436577054,474.2017517089844,0.7555736932664167,505.3165588378906,469.0,1334541.0,590.2008666992188,614.0,834544.0,407.4955139160156,400.0,499997.0,False,vLH92_MN_60x-1xzoom_0000_XY10_Dapi-ex_Green-em.tif,291.08746337890625,277.0,768762.0,324.7567138671875,321.0,459206.0,252.28688049316406,251.0,309556.0,359.2701588378906,444.15446669921874,261.4491139160156,322.9536,467.9536,253.9536,141.26346337890627,174.93271386718752,102.46288049316408,127.17600000000002,171.17600000000002,101.17600000000002,50mM 2DG,1h,yes,MN,2.5432631357354754,2.5394225325533117,2.539001750332587,2.733757068747955,2.5516471199875985,2.5100181861310977
vLH92_MN_60x-1xzoom_0000_XY10_488.tif,7,4335,2166,2169,0.4996539792387543,402.56982421875,0.8485925012897017,426.9474182128906,393.0,1850817.0,581.5486450195312,498.0,1261379.0,272.1320495605469,259.0,589438.0,False,vLH92_MN_60x-1xzoom_0000_XY10_Dapi-ex_Green-em.tif,289.51995849609375,284.0,1255069.0,352.6805114746094,338.0,764964.0,226.2719268798828,220.0,490105.0,280.9010182128906,435.50224501953124,126.08564956054687,246.9536,351.9536,112.9536,139.69595849609377,202.8565114746094,76.44792687988283,134.17600000000002,188.17600000000002,70.17600000000002,50mM 2DG,1h,yes,MN,2.0108027550470995,1.8405199141426183,2.1468487348706136,1.87034265793725,1.649301095615794,1.6095759233926124
vLH92_MN_60x-1xzoom_0000_XY10_488.tif,8,3051,1421,1630,0.46574893477548346,750.5821533203125,0.7677312005781637,837.68896484375,755.0,2555789.0,974.6122436523438,967.5,1588618.0,680.6270141601562,689.0,967171.0,False,vLH92_MN_60x-1xzoom_0000_XY10_Dapi-ex_Green-em.tif,386.7761535644531,359.0,1180054.0,438.0883483886719,438.0,714084.0,327.9169616699219,329.0,465970.0,691.64256484375,828.5658436523438,534.5806141601563,608.9536,821.4536,542.9536,236.95215356445314,288.2643483886719,178.0929616699219,209.17600000000002,288.17600000000004,179.17600000000002,50mM 2DG,1h,yes,MN,2.918912339218799,2.911202049948369,2.874326458626697,2.850527455443895,3.0016942227674885,3.030280841184087
vLH92_MN_60x-1xzoom_0000_XY10_488.tif,9,2436,1166,1271,0.47865353037766833,655.4676208496094,0.18020376520941062,671.9605712890625,654.0,1636896.0,781.2337036132812,756.0,992948.0,552.6098022460938,562.0,644343.0,False,vLH92_MN_60x-1xzoom_0000_XY10_Dapi-ex_Green-em.tif,358.4638671875,363.0,873218.0,379.59637451171875,383.0,482467.0,335.336181640625,338.0,391002.0,525.9141712890626,635.1873036132813,406.56340224609374,507.9536,609.9536,415.9536,208.63986718750002,229.77237451171877,185.51218164062502,213.17600000000002,233.17600000000002,188.17600000000002,50mM 2DG,1h,yes,MN,2.5206791893537543,2.3827898074830185,2.7644198087916165,2.6158506878924075,2.1915725352941515,2.2104497916843804
vLH92_MN_60x-1xzoom_0000_XY10_488.tif,10,2668,1304,1364,0.48875562218890556,251.27027130126953,0.8057242625597573,276.0693359375,253.0,736553.0,315.75732421875,283.0,430693.0,234.5552215576172,234.0,305860.0,False,vLH92_MN_60x-1xzoom_0000_XY10_Dapi-ex_Green-em.tif,250.77210998535156,240.0,669060.0,273.9640808105469,267.0,373687.0,226.51303100585938,226.0,295373.0,130.0229359375,169.71092421875,88.50882155761718,106.9536,136.9536,87.9536,100.94810998535158,124.14008081054689,76.68903100585939,90.17600000000002,117.17600000000002,76.17600000000002,50mM 2DG,1h,yes,MN,1.2880175364983795,1.1860539389638038,1.3670921036192158,1.1687854168089027,1.1541262211391705,1.1546103759714343
vLH92_MN_60x-1xzoom_0000_XY11_488.tif,1,2454,1259,1196,0.513039934800326,1154.8764038085938,0.10112093012810897,1091.29052734375,1165.0,2678027.0,1316.1513671875,1315.0,1574117.0,877.162841796875,914.0,1104348.0,False,vLH92_MN_60x-1xzoom_0000_XY11_Dapi-ex_Green-em.tif,485.0990295410156,501.0,1190433.0,550.2182006835938,548.0,658061.0,423.0841979980469,436.0,532663.0,942.8297273437499,1167.6905671875,728.7020417968749,1016.5391999999999,1166.5392,765.5391999999999,334.2286295410156,399.34780068359373,272.21379799804686,350.1296,397.1296,285.1296,50mM 2DG,1h,yes,MN,2.8209125251732767,2.903322655382464,2.9239939851645005,2.93742697597963,2.67694748449931,2.684881541586703
vLH92_MN_60x-1xzoom_0000_XY11_488.tif,2,3234,1589,1645,0.49134199134199136,389.6822204589844,0.7596864204431555,421.8033447265625,392.0,1364112.0,508.8753662109375,504.0,837100.0,331.6626892089844,328.0,527012.0,False,vLH92_MN_60x-1xzoom_0000_XY11_Dapi-ex_Green-em.tif,308.4656677246094,287.0,997578.0,358.43585205078125,353.0,589627.0,256.73443603515625,255.0,407951.0,273.3425447265625,360.4145662109375,183.20188920898437,243.5392,355.5392,179.5392,157.59526772460936,207.56545205078123,105.86403603515623,136.12959999999998,202.12959999999998,104.12959999999998,50mM 2DG,1h,yes,MN,1.7344590905116282,1.789024576579965,1.7363899562763532,1.7589665244476813,1.730539435962418,1.7241898557182591
vLH92_MN_60x-1xzoom_0000_XY11_488.tif,3,2496,1273,1223,0.5100160256410257,419.9396209716797,0.6683403600089978,474.2684326171875,419.0,1183774.0,575.6239013671875,572.0,703988.0,376.8939514160156,375.0,479786.0,False,vLH92_MN_60x-1xzoom_0000_XY11_Dapi-ex_Green-em.tif,298.0052185058594,284.0,743821.0,332.707275390625,323.0,406901.0,264.6661376953125,263.0,336920.0,325.8076326171875,427.1631013671875,228.43315141601562,270.5392,423.5392,226.5392,147.13481850585936,181.83687539062498,113.79573769531248,133.12959999999998,172.12959999999998,112.12959999999998,50mM 2DG,1h,yes,MN,2.2143476025983126,2.0321491238612603,2.3491555299195976,2.4605831884812375,2.007396375667815,2.020333613960988
vLH92_MN_60x-1xzoom_0000_XY11_488.tif,4,4358,2119,2240,0.48623221661312527,724.1375427246094,0.3080271771445635,771.8487548828125,716.5,3363717.0,932.8660888671875,963.0,2089620.0,601.4907836914062,590.0,1274559.0,False,vLH92_MN_60x-1xzoom_0000_XY11_Dapi-ex_Green-em.tif,450.98187255859375,429.0,1965379.0,517.2660522460938,516.0,1158676.0,380.86407470703125,377.0,807051.0,623.3879548828124,784.4052888671874,453.02998369140624,568.0391999999999,814.5391999999999,441.5392,300.11147255859373,366.39565224609373,229.99367470703123,278.1296,365.1296,226.12959999999998,50mM 2DG,1h,yes,MN,2.0771880180658613,2.042354355667286,2.1408695328631597,2.230822151915375,1.969749751894183,1.952593556969101
vLH92_MN_60x-1xzoom_0000_XY11_488.tif,5,3954,1824,2130,0.4613050075872534,634.3763732910156,0.569915077086855,687.4172973632812,632.0,2718048.0,790.822509765625,803.0,1684452.0,566.6644897460938,563.0,1033596.0,False,vLH92_MN_60x-1xzoom_0000_XY11_Dapi-ex_Green-em.tif,364.2526550292969,344.0,1440255.0,404.1361389160156,398.0,860810.0,317.6781921386719,316.0,579445.0,538.9564973632812,642.3617097656249,418.20368974609374,483.5392,654.5391999999999,414.5392,213.38225502929686,253.2657389160156,166.80779213867186,193.12959999999998,247.12959999999998,165.12959999999998,50mM 2DG,1h,yes,MN,2.5257793685294208,2.5037032127649,2.5363150677819704,2.6485665820686797,2.5070992450905987,2.510386993004283
vLH92_MN_60x-1xzoom_0000_XY11_488.tif,6,2701,1342,1359,0.4968530174009626,626.318603515625,0.655736693763646,684.4083862304688,625.0,1848587.0,829.265625,806.0,1126972.0,537.7161254882812,546.0,721615.0,False,vLH92_MN_60x-1xzoom_0000_XY11_Dapi-ex_Green-em.tif,402.8296813964844,379.0,1088043.0,467.7027282714844,453.0,635608.0,337.1348876953125,339.0,452435.0,535.9475862304687,680.8048249999999,389.25532548828124,476.5392,657.5391999999999,397.5392,251.95928139648436,316.83232827148436,186.26448769531248,228.12959999999998,302.1296,188.12959999999998,50mM 2DG,1h,yes,MN,2.12711983960257,2.088896837587056,2.1487858537486053,2.1763481631723605,2.0897989214402313,2.1131135132376833
vLH92_MN_60x-1xzoom_0000_XY11_488.tif,7,3312,1589,1723,0.4797705314009662,653.734375,0.78889321041304,706.465576171875,665.5,2339814.0,863.90771484375,898.0,1488513.0,535.7463989257812,520.0,851301.0,False,vLH92_MN_60x-1xzoom_0000_XY11_Dapi-ex_Green-em.tif,446.4293518066406,399.5,1478574.0,530.5211791992188,491.0,914088.0,355.2460632324219,326.0,564486.0,558.0047761718749,715.4469148437499,387.28559892578124,517.0391999999999,749.5391999999999,371.5392,295.5589518066406,379.65077919921873,204.37566323242186,248.62959999999998,340.1296,175.12959999999998,50mM 2DG,1h,yes,MN,1.8879643900514662,2.079556094688645,1.8844868864823925,2.2036870651657483,1.8949692580830868,2.1215100131559717
vLH92_MN_60x-1xzoom_0000_XY11_488.tif,8,3639,1806,1833,0.4962901896125309,412.7156677246094,0.7523532189476512,427.1615905761719,414.0,1554441.0,532.7736206054688,511.0,976574.0,319.97064208984375,311.0,577867.0,False,vLH92_MN_60x-1xzoom_0000_XY11_Dapi-ex_Green-em.tif,315.67626953125,299.0,1148746.0,377.38189697265625,362.0,691741.0,253.0481719970703,250.0,457005.0,278.70079057617187,384.31282060546874,171.50984208984374,265.5392,362.5392,162.5392,164.80586953124998,226.51149697265623,102.1777719970703,148.12959999999998,211.12959999999998,99.12959999999998,50mM 2DG,1h,yes,MN,1.691085344040647,1.7926140352772169,1.6966592236678468,1.7171405620055171,1.6785435690921249,1.639663632255149
vLH92_MN_60x-1xzoom_0000_XY11_488.tif,9,2576,1324,1252,0.5139751552795031,658.1697692871094,0.7153244965274376,742.6932983398438,658.0,1913178.0,970.9992065429688,969.0,1215691.0,526.8028564453125,511.0,697487.0,False,vLH92_MN_60x-1xzoom_0000_XY11_Dapi-ex_Green-em.tif,450.8334655761719,413.0,1161347.0,549.2715454101562,554.0,687688.0,357.7485046386719,354.0,473659.0,594.2324983398437,822.5384065429687,378.3420564453125,509.5392,820.5391999999999,362.5392,299.96306557617186,398.40114541015623,206.87810463867186,262.1296,403.1296,203.12959999999998,50mM 2DG,1h,yes,MN,1.9810188871034384,1.9438445715401849,2.0645984983204824,2.035422851609011,1.8288163317530162,1.784767951101169
vLH92_MN_60x-1xzoom_0000_XY11_488.tif,10,1182,673,509,0.5693739424703892,557.5648193359375,0.44237204715854234,564.6497192382812,557.0,667416.0,612.5088500976562,588.0,311767.0,528.4531860351562,538.0,355649.0,False,vLH92_MN_60x-1xzoom_0000_XY11_Dapi-ex_Green-em.tif,387.025390625,386.0,457464.0,406.01177978515625,405.0,206660.0,372.6656799316406,373.0,250804.0,416.18891923828124,464.04805009765624,379.99238603515624,408.5392,439.5392,389.5392,236.15499062499998,255.14137978515623,221.7952799316406,235.12959999999998,254.12959999999998,222.12959999999998,50mM 2DG,1h,yes,MN,1.762354960768813,1.7375064645199925,1.8187878833625948,1.729586793510083,1.7132573161713516,1.7536573243727986
vLH92_MN_60x-1xzoom_0000_XY11_488.tif,11,3337,1594,1743,0.47767455798621516,582.7987060546875,0.5573266006918245,605.6359252929688,581.0,2021007.0,693.6580810546875,697.0,1209046.0,509.3858337402344,503.0,811961.0,False,vLH92_MN_60x-1xzoom_0000_XY11_Dapi-ex_Green-em.tif,396.4905700683594,382.0,1323089.0,445.9575500488281,439.0,777304.0,342.3996276855469,342.0,545785.0,457.17512529296874,545.1972810546874,360.92503374023437,432.5392,548.5391999999999,354.5392,245.62017006835936,295.0871500488281,191.52922768554686,231.12959999999998,288.1296,191.12959999999998,50mM 2DG,1h,yes,MN,1.8613093752265168,1.8714141330232044,1.8475805570133215,1.9037932930181418,1.8844384123597153,1.854967519421377
vLH92_MN_60x-1xzoom_0000_XY11_488.tif,12,3717,1891,1826,0.5087436104385257,408.6590576171875,0.640258325353209,436.22894287109375,404.0,1621463.0,514.6976928710938,481.0,939838.0,360.4574279785156,357.0,681625.0,False,vLH92_MN_60x-1xzoom_0000_XY11_Dapi-ex_Green-em.tif,364.96905517578125,346.0,1356590.0,412.56463623046875,387.0,753343.0,319.009521484375,316.0,603247.0,287.76814287109374,366.23689287109374,211.99662797851562,255.5392,332.5392,208.5392,214.09865517578123,261.69423623046873,168.13912148437498,195.12959999999998,236.12959999999998,165.12959999999998,50mM 2DG,1h,yes,MN,1.3440913145149265,1.309587064187084,1.3994839861454054,1.4082910401745483,1.2608405831251848,1.2628820029843226
vLH92_MN_60x-1xzoom_0000_XY11_488.tif,13,4273,1828,2445,0.42780248069272175,1060.5567626953125,0.5355423046317711,1190.3585205078125,1068.0,5086402.0,1395.9361572265625,1469.0,3413064.0,915.3927612304688,922.0,1673338.0,False,vLH92_MN_60x-1xzoom_0000_XY11_Dapi-ex_Green-em.tif,641.37255859375,591.0,2740585.0,728.60205078125,751.0,1781432.0,524.7007446289062,523.0,959153.0,1041.8977205078124,1247.4753572265624,766.9319612304687,919.5391999999999,1320.5392,773.5391999999999,490.50215859375,577.73165078125,373.83034462890623,440.1296,600.1296,372.1296,50mM 2DG,1h,yes,MN,2.124145026180703,2.08924644013945,2.159264349702214,2.2004233752176194,2.051550849869575,2.078682265533298
vLH92_MN_60x-1xzoom_0000_XY11_488.tif,14,1666,863,803,0.5180072028811524,394.9871368408203,0.8095670763439096,450.7845153808594,393.0,751007.0,544.136962890625,468.0,436942.0,363.92236328125,363.0,314065.0,False,vLH92_MN_60x-1xzoom_0000_XY11_Dapi-ex_Green-em.tif,320.1812744140625,297.5,533422.0,362.2403564453125,332.0,290879.0,281.0463562011719,281.0,242543.0,302.32371538085937,395.676162890625,215.46156328125,244.5392,319.5392,214.5392,169.31087441406248,211.36995644531248,130.17595620117186,146.62959999999998,181.12959999999998,130.12959999999998,50mM 2DG,1h,yes,MN,1.785613100322806,1.6677342091910503,1.8719602801876807,1.7641467766726147,1.6551563711833168,1.6486579533019392
vLH92_MN_60x-1xzoom_0000_XY11_488.tif,15,2688,1531,1157,0.5695684523809523,805.1597900390625,0.28166902293271084,832.5282592773438,805.0,2237836.0,968.4883422851562,912.0,1120541.0,729.7811889648438,757.0,1117295.0,False,vLH92_MN_60x-1xzoom_0000_XY11_Dapi-ex_Green-em.tif,440.4449462890625,418.5,1183916.0,502.2765808105469,479.0,581134.0,393.71783447265625,395.0,602782.0,684.0674592773437,820.0275422851562,581.3203889648437,656.5391999999999,763.5391999999999,608.5391999999999,289.5745462890625,351.40618081054686,242.84743447265623,267.6296,328.1296,244.12959999999998,50mM 2DG,1h,yes,MN,2.3623190230072426,2.4531636261459866,2.3335603841506036,2.326943987985235,2.3937678824039557,2.4926891290527653
vLH92_MN_60x-1xzoom_0000_XY11_488.tif,16,4337,2237,2100,0.5157943278764122,523.279052734375,0.4606311629439389,570.9932861328125,523.0,2476398.0,703.5904541015625,688.5,1477540.0,446.5167541503906,436.0,998858.0,False,vLH92_MN_60x-1xzoom_0000_XY11_Dapi-ex_Green-em.tif,405.5662841796875,347.0,1758941.0,506.78570556640625,452.0,1064250.0,310.5458068847656,307.0,694691.0,422.5324861328125,555.1296541015624,298.0559541503906,374.5392,540.0391999999999,287.5392,254.69588417968748,355.91530556640623,159.6754068847656,196.12959999999998,301.1296,156.12959999999998,50mM 2DG,1h,yes,MN,1.6589686460528612,1.9096515773243816,1.5597240282154345,1.793378000701359,1.8666365720645468,1.8416699972330681
vLH92_MN_60x-1xzoom_0000_XY11_488.tif,17,3031,1532,1499,0.5054437479379743,776.582275390625,0.747524702991627,816.9010009765625,782.0,2476027.0,915.4629516601562,924.0,1372279.0,720.462158203125,730.0,1103748.0,False,vLH92_MN_60x-1xzoom_0000_XY11_Dapi-ex_Green-em.tif,762.642333984375,742.0,2311569.0,842.6404418945312,844.0,1263118.0,684.3674926757812,693.5,1048451.0,668.4402009765624,767.0021516601562,572.0013582031249,633.5391999999999,775.5391999999999,581.5391999999999,611.771933984375,691.7700418945312,533.4970926757812,591.1296,693.1296,542.6296,50mM 2DG,1h,yes,MN,1.0926297266092544,1.0717433199081892,1.1087530612912766,1.1188949368198962,1.072173337129587,1.0717056349303464
vLH92_MN_60x-1xzoom_0000_XY11_488.tif,18,4217,1951,2266,0.46265117382025134,503.09796142578125,0.45332202968943525,551.926025390625,506.0,2327472.0,646.3486328125,664.0,1464626.0,442.2583312988281,438.0,862846.0,False,vLH92_MN_60x-1xzoom_0000_XY11_Dapi-ex_Green-em.tif,325.1991882324219,302.0,1371365.0,367.44659423828125,364.0,832634.0,276.1307067871094,275.0,538731.0,403.465225390625,497.8878328125,293.7975312988281,357.5392,515.5391999999999,289.5392,174.32878823242186,216.57619423828123,125.26030678710936,151.12959999999998,213.12959999999998,124.12959999999998,50mM 2DG,1h,yes,MN,2.3143924160862612,2.3657787753027866,2.298903785633588,2.4189000495473176,2.3454958624535562,2.332555651512613
vLH92_MN_60x-1xzoom_0000_XY11_488.tif,19,3387,1721,1666,0.5081192795984647,512.3062133789062,0.4676985743282561,561.8134155273438,515.0,1902862.0,660.564208984375,667.0,1100500.0,466.2184753417969,467.0,802362.0,False,vLH92_MN_60x-1xzoom_0000_XY11_Dapi-ex_Green-em.tif,323.8125305175781,299.0,1096753.0,372.26171875,360.0,620188.0,276.91168212890625,276.0,476565.0,413.35261552734374,512.1034089843749,317.75767534179687,366.5392,518.5391999999999,318.5392,172.9421305175781,221.39131874999998,126.04128212890623,148.12959999999998,209.12959999999998,125.12959999999998,50mM 2DG,1h,yes,MN,2.3901209860793866,2.4744494010650135,2.313114226320019,2.479511269566814,2.5210603222586747,2.545674244942844
vLH92_MN_60x-1xzoom_0000_XY12_488.tif,1,2224,1173,1051,0.5274280575539568,405.3366241455078,0.6201942352654078,442.536865234375,409.0,984202.0,510.7145690917969,473.0,536761.0,381.45013427734375,384.0,447441.0,False,vLH92_MN_60x-1xzoom_0000_XY12_Dapi-ex_Green-em.tif,306.2320251464844,284.5,681060.0,347.119873046875,319.0,364823.0,269.5967712402344,271.0,316237.0,292.972065234375,361.1497690917969,231.88533427734376,259.4352,323.4352,234.4352,153.5680251464844,194.455873046875,116.93277124023439,131.836,166.336,118.33600000000001,50mM 2DG,1h,yes,MN,1.9077673555736416,1.9678631026426772,1.857232509530525,1.9444690265486724,1.9830654128682477,1.9810978907517576
vLH92_MN_60x-1xzoom_0000_XY12_488.tif,2,2808,1503,1305,0.5352564102564102,568.9822082519531,0.33369963106592193,596.9412231445312,575.0,1676211.0,657.7808227539062,624.0,858404.0,544.116455078125,551.0,817807.0,False,vLH92_MN_60x-1xzoom_0000_XY12_Dapi-ex_Green-em.tif,355.7378845214844,349.0,998912.0,380.1869812011719,369.0,496144.0,334.5096435546875,337.0,502768.0,447.37642314453126,508.21602275390626,394.551655078125,425.4352,474.4352,401.4352,203.0738845214844,227.5229812011719,181.8456435546875,196.336,216.336,184.336,50mM 2DG,1h,yes,MN,2.203022925368824,2.166873115475511,2.233690944408602,2.1930478514902743,2.1697063914509953,2.1777363076121863
vLH92_MN_60x-1xzoom_0000_XY12_488.tif,3,883,535,348,0.6058890147225368,239.2167205810547,0.4985549151607182,244.86410522460938,240.0,216215.0,266.39654541015625,262.0,92706.0,230.85794067382812,230.0,123509.0,False,vLH92_MN_60x-1xzoom_0000_XY12_Dapi-ex_Green-em.tif,287.05889892578125,279.0,253473.0,308.9540100097656,298.0,107516.0,272.81683349609375,272.0,145957.0,95.29930522460938,116.83174541015626,81.29314067382813,90.43520000000001,112.43520000000001,80.43520000000001,134.39489892578126,156.29001000976564,120.15283349609376,126.33600000000001,145.336,119.33600000000001,50mM 2DG,1h,yes,MN,0.7090991249395397,0.7158308004052685,0.7475317546070676,0.7736225023394067,0.6765811367775277,0.6740229268619695
vLH92_MN_60x-1xzoom_0000_XY12_488.tif,4,1450,789,661,0.5441379310344827,382.76609802246094,0.7093577321747435,395.2434387207031,381.0,573103.0,437.6853332519531,422.0,289310.0,359.68695068359375,357.0,283793.0,False,vLH92_MN_60x-1xzoom_0000_XY12_Dapi-ex_Green-em.tif,292.9965515136719,288.0,424845.0,314.1013488769531,309.0,207621.0,275.3155822753906,274.0,217224.0,245.67863872070313,288.12053325195313,210.12215068359376,231.4352,272.4352,207.4352,140.3325515136719,161.43734887695314,122.65158227539064,135.336,156.336,121.33600000000001,50mM 2DG,1h,yes,MN,1.7506888891474899,1.7100786191405095,1.7847204209947563,1.7426261385733293,1.7131629840029678,1.7095931957539394
vLH92_MN_60x-1xzoom_0000_XY12_488.tif,5,3189,1600,1589,0.5017246785826278,280.7791748046875,0.7312036299092933,308.7168273925781,280.0,984498.0,365.1913146972656,365.0,580289.0,252.63063049316406,251.0,404209.0,False,vLH92_MN_60x-1xzoom_0000_XY12_Dapi-ex_Green-em.tif,247.0652313232422,235.0,787891.0,276.57080078125,272.0,439471.0,217.7624969482422,216.0,348420.0,159.15202739257813,215.62651469726563,103.06583049316407,130.4352,215.4352,101.43520000000001,94.4012313232422,123.90680078125001,65.0984969482422,82.33600000000001,119.33600000000001,63.33600000000001,50mM 2DG,1h,yes,MN,1.6859105030910106,1.5841818888457053,1.7402314750902272,1.8052825635181335,1.5832290348440536,1.6015409877478841
vLH92_MN_60x-1xzoom_0000_XY12_488.tif,6,2708,0,2708,0.0,717.1888732910156,,695.0243530273438,714.0,1882126.0,695.0243530273438,714.0,1882126.0,,,,True,vLH92_MN_60x-1xzoom_0000_XY12_Dapi-ex_Green-em.tif,435.2784423828125,438.0,1178734.0,435.2784423828125,438.0,1178734.0,,,,545.4595530273438,545.4595530273438,,564.4352,564.4352,,282.6144423828125,282.6144423828125,,285.336,285.336,,50mM 2DG,1h,yes,MN,1.9300484024397349,1.978142260352707,1.9300484024397349,1.978142260352707,,
vLH92_MN_60x-1xzoom_0000_XY12_488.tif,7,4376,2231,2147,0.5098263254113345,674.8089294433594,0.19958873270850433,735.7922973632812,682.5,3219827.0,901.7666625976562,922.0,1936093.0,575.8179931640625,597.0,1284650.0,False,vLH92_MN_60x-1xzoom_0000_XY12_Dapi-ex_Green-em.tif,438.1515197753906,411.5,1917351.0,518.055908203125,522.0,1112266.0,361.1479187011719,365.0,805721.0,586.2274973632813,752.2018625976563,426.2531931640625,532.9352,772.4352,447.4352,285.48751977539064,365.391908203125,208.4839187011719,258.836,369.336,212.336,50mM 2DG,1h,yes,MN,2.0534260055378253,2.0589686133304483,2.05861664068242,2.0914159464552604,2.044537515505106,2.107203677190867
vLH92_MN_60x-1xzoom_0000_XY12_488.tif,8,1298,662,636,0.5100154083204931,312.2228088378906,0.6933132102045204,321.7542419433594,313.0,417637.0,348.7798767089844,343.5,221824.0,295.7900390625,295.0,195813.0,False,vLH92_MN_60x-1xzoom_0000_XY12_Dapi-ex_Green-em.tif,273.08319091796875,267.0,354462.0,289.3380432128906,283.5,184019.0,257.4667663574219,257.0,170443.0,172.18944194335938,199.21507670898438,146.2252390625,163.4352,193.9352,145.4352,120.41919091796876,136.67404321289064,104.80276635742189,114.33600000000001,130.836,104.33600000000001,50mM 2DG,1h,yes,MN,1.4299169478779943,1.4294290512174643,1.4575926198266964,1.4822770491302086,1.3952421691218524,1.3939119766906916
vLH92_MN_60x-1xzoom_0000_XY12_488.tif,9,4066,2041,2025,0.5019675356615839,419.6985778808594,0.6952673055807893,435.9161376953125,419.0,1772435.0,485.370361328125,472.0,982875.0,386.8495788574219,386.0,789560.0,False,vLH92_MN_60x-1xzoom_0000_XY12_Dapi-ex_Green-em.tif,350.62567138671875,342.0,1425644.0,376.89678955078125,374.0,763216.0,324.5605163574219,324.0,662428.0,286.3513376953125,335.805561328125,237.28477885742188,269.4352,322.4352,236.4352,197.96167138671876,224.23278955078126,171.8965163574219,189.336,221.336,171.336,50mM 2DG,1h,yes,MN,1.4464988888476509,1.423053196433853,1.4975756311147181,1.4567679907470994,1.3803931800691012,1.379950506606901
vLH92_MN_60x-1xzoom_0000_XY12_488.tif,10,2581,1432,1149,0.5548237117396358,521.5823974609375,0.33480562328649266,542.22509765625,523.0,1399483.0,604.7832641601562,593.0,694896.0,492.030029296875,489.0,704587.0,False,vLH92_MN_60x-1xzoom_0000_XY12_Dapi-ex_Green-em.tif,423.3448181152344,411.0,1092653.0,460.3272399902344,441.0,528916.0,393.67108154296875,391.0,563737.0,392.66029765625,455.21846416015626,342.465229296875,373.4352,443.4352,339.4352,270.6808181152344,307.6632399902344,241.00708154296876,258.336,288.336,238.336,50mM 2DG,1h,yes,MN,1.450639540660345,1.445540691192865,1.4795997863592851,1.5379113256756007,1.4209757950030089,1.424187701396348
vLH92_MN_60x-1xzoom_0000_XY12_488.tif,11,3028,1600,1429,0.5284015852047557,444.3428192138672,0.22189170122213678,453.1932067871094,441.0,1372269.0,516.3065185546875,482.0,737802.0,396.7950134277344,400.0,634872.0,False,vLH92_MN_60x-1xzoom_0000_XY12_Dapi-ex_Green-em.tif,372.0888366699219,375.0,1126685.0,392.2743225097656,394.0,560560.0,354.1031188964844,353.0,566565.0,303.6284067871094,366.7417185546875,247.23021342773438,291.4352,332.4352,250.4352,219.4248366699219,239.61032250976564,201.4391188964844,222.336,241.336,200.336,50mM 2DG,1h,yes,MN,1.383746759916034,1.31078727691422,1.5305756225913032,1.3774787018927968,1.2273197717608224,1.2500758725341425
vLH92_MN_60x-1xzoom_0000_XY12_488.tif,12,1819,914,905,0.502473886750962,300.81597900390625,0.7991830822400338,321.6443176269531,303.0,585071.0,360.5900573730469,344.0,326334.0,283.0820617675781,282.0,258737.0,False,vLH92_MN_60x-1xzoom_0000_XY12_Dapi-ex_Green-em.tif,277.7344665527344,263.0,505199.0,306.0010986328125,290.0,276931.0,249.7461700439453,250.0,228268.0,172.07951762695313,211.02525737304688,133.51726176757813,153.4352,194.4352,132.4352,125.07046655273439,153.3370986328125,97.08217004394533,110.33600000000001,137.336,97.33600000000001,50mM 2DG,1h,yes,MN,1.3758605238303638,1.3906177494199534,1.3762178836993444,1.415762800722316,1.3753015791379617,1.3605983397715131
vLH92_MN_60x-1xzoom_0000_XY12_488.tif,13,2408,1317,1092,0.5469269102990033,521.1987915039062,0.6462838397717797,557.41650390625,519.0,1342259.0,641.2362670898438,615.0,700230.0,487.7972717285156,486.0,642429.0,False,vLH92_MN_60x-1xzoom_0000_XY12_Dapi-ex_Green-em.tif,384.43023681640625,362.0,925708.0,426.21063232421875,407.0,465422.0,349.8785095214844,342.0,460790.0,407.85170390625,491.67146708984376,338.23247172851563,369.4352,465.4352,336.4352,231.76623681640626,273.54663232421876,197.2145095214844,209.336,254.336,189.336,50mM 2DG,1h,yes,MN,1.7597546109761015,1.7647953529254403,1.7973954309446385,1.830001258178158,1.7150486166012489,1.7769214518105378
vLH92_MN_60x-1xzoom_0000_XY12_488.tif,14,3239,1620,1619,0.5001543686322939,414.9022521972656,0.7666523276332664,480.9721984863281,414.0,1557869.0,603.917236328125,559.0,977742.0,358.10308837890625,356.0,580127.0,False,vLH92_MN_60x-1xzoom_0000_XY12_Dapi-ex_Green-em.tif,350.6112976074219,322.0,1135630.0,412.8727722167969,403.0,668441.0,288.3882751464844,286.0,467189.0,331.40739848632813,454.352436328125,208.53828837890626,264.4352,409.4352,206.4352,197.9472976074219,260.2087722167969,135.7242751464844,169.336,250.336,133.336,50mM 2DG,1h,yes,MN,1.6742203732611214,1.5616006047148863,1.7461072986024253,1.6355426307043333,1.5364848193430043,1.5482330353392932
vLH92_MN_60x-1xzoom_0000_XY12_488.tif,15,2573,1328,1245,0.5161290322580645,373.16943359375,0.7165408744628656,407.547607421875,375.0,1048620.0,482.4915771484375,491.0,600702.0,337.28765869140625,335.0,447918.0,False,vLH92_MN_60x-1xzoom_0000_XY12_Dapi-ex_Green-em.tif,299.547607421875,279.0,770736.0,342.5758972167969,332.0,426507.0,259.2085876464844,259.0,344229.0,257.982807421875,332.9267771484375,187.72285869140626,225.4352,341.4352,185.4352,146.883607421875,189.9118972167969,106.54458764648439,126.33600000000001,179.336,106.33600000000001,50mM 2DG,1h,yes,MN,1.7563757586706321,1.7844098277608915,1.7530590870164378,1.9038854440826158,1.761918299541145,1.743860969003912
vLH92_MN_60x-1xzoom_0000_XY12_488.tif,16,884,524,360,0.5927601809954751,341.8376007080078,0.31851775437196955,339.2635803222656,341.0,299909.0,357.4861145019531,359.0,128695.0,326.7442626953125,328.0,171214.0,False,vLH92_MN_60x-1xzoom_0000_XY12_Dapi-ex_Green-em.tif,254.53167724609375,254.0,225006.0,262.3500061035156,261.0,94446.0,249.16030883789062,248.0,130560.0,189.69878032226563,207.92131450195313,177.1794626953125,191.4352,209.4352,178.4352,101.86767724609376,109.68600610351564,96.49630883789064,101.33600000000001,108.33600000000001,95.33600000000001,50mM 2DG,1h,yes,MN,1.8622077723828718,1.8891134443830424,1.8956047529502387,1.9332004135282823,1.836126840799329,1.871645548376269
vLH92_MN_60x-1xzoom_0000_XY12_488.tif,17,2614,1309,1305,0.5007651109410864,297.6106262207031,0.7149666178412506,321.1488037109375,297.0,839483.0,366.6214599609375,338.0,478441.0,275.81512451171875,276.0,361042.0,False,vLH92_MN_60x-1xzoom_0000_XY12_Dapi-ex_Green-em.tif,278.3305358886719,267.0,727556.0,306.3954162597656,295.0,399846.0,250.35140991210938,249.0,327710.0,171.5840037109375,217.0566599609375,126.25032451171876,147.4352,188.4352,126.43520000000001,125.66653588867189,153.73141625976564,97.68740991210939,114.33600000000001,142.336,96.33600000000001,50mM 2DG,1h,yes,MN,1.3653913708812977,1.2894906241253847,1.4119212926144444,1.3238758992805755,1.2923909501266109,1.3124397940541437
vLH92_MN_60x-1xzoom_0000_XY12_488.tif,18,2170,1159,1011,0.5341013824884793,604.3977355957031,0.17903267260482345,598.6073608398438,606.0,1298978.0,670.1661987304688,672.0,677538.0,536.1863403320312,543.0,621440.0,False,vLH92_MN_60x-1xzoom_0000_XY12_Dapi-ex_Green-em.tif,534.17236328125,538.0,1159154.0,577.1276245117188,578.0,583476.0,496.70233154296875,501.0,575678.0,449.04256083984376,520.6013987304688,386.62154033203126,456.4352,522.4352,393.4352,381.50836328125,424.46362451171876,344.03833154296876,385.336,425.336,348.336,50mM 2DG,1h,yes,MN,1.1770189176922634,1.1845122179085266,1.226492374533488,1.2282882238982828,1.123774605573984,1.1294703963988793
vLH92_MN_60x-1xzoom_0000_XY12_488.tif,19,2764,1405,1359,0.5083212735166426,466.3427429199219,0.627186598016882,513.2474975585938,469.0,1418616.0,607.6961059570312,599.0,825859.0,421.89111328125,422.0,592757.0,False,vLH92_MN_60x-1xzoom_0000_XY12_Dapi-ex_Green-em.tif,367.0068664550781,348.0,1014407.0,412.82855224609375,407.0,561034.0,322.6853942871094,322.0,453373.0,363.68269755859376,458.13130595703126,272.32631328125,319.4352,449.4352,272.4352,214.34286645507814,260.16455224609376,170.0213942871094,195.336,254.336,169.336,50mM 2DG,1h,yes,MN,1.69673338596885,1.6353114633247328,1.7609290043621224,1.7670923502767992,1.6017179156958432,1.6088439552133036
vLH92_MN_60x-1xzoom_0000_XY12_488.tif,20,3275,1666,1609,0.5087022900763358,515.38818359375,0.6631346238365624,516.88916015625,514.0,1692812.0,578.0851440429688,574.0,930139.0,457.78692626953125,454.0,762673.0,False,vLH92_MN_60x-1xzoom_0000_XY12_Dapi-ex_Green-em.tif,400.56427001953125,392.0,1311848.0,447.1199645996094,451.0,719416.0,355.6014404296875,351.0,592432.0,367.32436015625,428.52034404296876,308.22212626953126,364.4352,424.4352,304.4352,247.90027001953126,294.4559645996094,202.9374404296875,239.336,298.336,198.336,50mM 2DG,1h,yes,MN,1.481742477034453,1.5226927833673163,1.4552951733399433,1.4226751045800707,1.5188036550422648,1.534946757018393
vLH92_MN_60x-1xzoom_0000_XY12_488.tif,21,4058,1544,2514,0.38048299655002465,925.0123291015625,0.655340408708348,992.1217651367188,917.0,4026030.0,1105.8297119140625,1168.0,2780056.0,806.9779663085938,806.0,1245974.0,False,vLH92_MN_60x-1xzoom_0000_XY12_Dapi-ex_Green-em.tif,587.841064453125,555.0,2385459.0,649.6090087890625,667.0,1633117.0,487.26812744140625,485.0,752342.0,842.5569651367188,956.2649119140625,657.4131663085938,767.4352,1018.4352,656.4352,435.177064453125,496.9450087890625,334.60412744140626,402.336,514.336,332.336,50mM 2DG,1h,yes,MN,1.9361244742884987,1.9074485007555873,1.9242871847012892,1.9800970571766316,1.9647491240935626,1.9752154446102739
vLH92_MN_60x-1xzoom_0000_XY12_488.tif,22,1302,561,744,0.4308755760368664,521.1881408691406,0.23850654968933438,510.6182861328125,519.0,664825.0,534.99462890625,542.0,398036.0,478.0855712890625,482.0,268206.0,False,vLH92_MN_60x-1xzoom_0000_XY12_Dapi-ex_Green-em.tif,408.08447265625,415.0,531326.0,440.93414306640625,440.0,328055.0,363.64349365234375,372.0,204004.0,361.0534861328125,385.42982890625,328.5207712890625,369.4352,392.4352,332.4352,255.42047265625,288.27014306640626,210.97949365234376,262.336,287.336,219.336,50mM 2DG,1h,yes,MN,1.4135651789303731,1.408252012686021,1.3370438742157973,1.365771083331013,1.557121811233492,1.5156435788014735
vLH92_MN_60x-1xzoom_0000_XY12_488.tif,23,1967,968,999,0.49211997966446364,298.7254943847656,0.7506760105365603,327.39349365234375,299.0,643983.0,379.78277587890625,363.0,379403.0,273.3264465332031,272.0,264580.0,False,vLH92_MN_60x-1xzoom_0000_XY12_Dapi-ex_Green-em.tif,280.15911865234375,252.0,551073.0,322.2462463378906,286.0,321924.0,236.7241668701172,236.0,229149.0,177.82869365234376,230.21797587890626,123.76164653320313,149.4352,213.4352,122.43520000000001,127.49511865234376,169.58224633789064,84.0601668701172,99.33600000000001,133.336,83.33600000000001,50mM 2DG,1h,yes,MN,1.394788251754568,1.5043408230651525,1.3575594193993612,1.6007319853602926,1.4722983684344735,1.4691753863876356
vLH92_MN_60x-1xzoom_0000_XY12_488.tif,24,2772,1396,1376,0.5036075036075036,258.15257263183594,0.6634372593260689,279.8603820800781,260.0,775773.0,319.6511535644531,309.0,439840.0,240.63967895507812,240.0,335933.0,False,vLH92_MN_60x-1xzoom_0000_XY12_Dapi-ex_Green-em.tif,228.2633514404297,219.0,632746.0,248.93894958496094,240.0,342540.0,207.8839569091797,208.0,290206.0,130.29558208007813,170.08635356445313,91.07487895507813,110.43520000000001,159.4352,90.43520000000001,75.5993514404297,96.27494958496095,55.2199569091797,66.33600000000001,87.33600000000001,55.33600000000001,50mM 2DG,1h,yes,MN,1.7235013210761156,1.6647853352629038,1.7666729953917548,1.825538151506824,1.649310938522988,1.6342923232615294
vLH92_MN_60x-1xzoom_0000_XY13_488.tif,1,3625,1823,1802,0.5028965517241379,527.2202758789062,0.5140895422275054,551.2127075195312,529.0,1998146.0,670.4295043945312,668.0,1208114.0,433.3691711425781,430.0,790032.0,False,vLH92_MN_60x-1xzoom_0000_XY13_Dapi-ex_Green-em.tif,366.8060607910156,340.0,1329672.0,441.81353759765625,443.0,796148.0,292.66265869140625,292.0,533524.0,402.3967075195312,521.6135043945312,284.5531711425781,380.18399999999997,519.184,281.18399999999997,216.71006079101562,291.71753759765625,142.56665869140625,189.904,292.904,141.904,50mM 2DG,1h,yes,MN,1.8568436834484696,2.00197994776308,1.788077291101891,1.7725398082648238,1.9959307018516148,1.9815086255496672
vLH92_MN_60x-1xzoom_0000_XY13_488.tif,2,1839,965,874,0.524741707449701,291.82696533203125,0.6910587545886775,300.9021301269531,293.0,553359.0,325.32037353515625,313.0,284330.0,278.7865295410156,279.0,269029.0,False,vLH92_MN_60x-1xzoom_0000_XY13_Dapi-ex_Green-em.tif,286.5530090332031,282.0,526971.0,302.6876525878906,298.0,264549.0,271.9399108886719,272.0,262422.0,152.08613012695312,176.50437353515625,129.97052954101562,144.184,164.184,130.184,136.45700903320312,152.59165258789062,121.84391088867187,131.904,147.904,121.904,50mM 2DG,1h,yes,MN,1.1145351287154994,1.09309801067443,1.1567105443955543,1.1100713976633492,1.0666969616542348,1.067922299514372
vLH92_MN_60x-1xzoom_0000_XY13_488.tif,3,4041,1812,2229,0.4484038604305865,433.38128662109375,0.5499505167893644,487.2271728515625,434.0,1968885.0,582.0847778320312,591.0,1297467.0,370.53973388671875,366.0,671418.0,False,vLH92_MN_60x-1xzoom_0000_XY13_Dapi-ex_Green-em.tif,316.7837219238281,293.0,1280123.0,362.4208068847656,361.0,807836.0,260.64404296875,258.0,472287.0,338.41117285156247,433.2687778320312,221.72373388671875,285.18399999999997,442.18399999999997,217.184,166.68772192382812,212.32480688476562,110.54804296875,142.904,210.904,107.904,50mM 2DG,1h,yes,MN,2.030210557477097,1.995633432234227,2.0405942395001344,2.0966126768577174,2.005677603441575,2.0127520759193356
vLH92_MN_60x-1xzoom_0000_XY13_488.tif,4,3478,1640,1838,0.4715353651523864,578.0177612304688,0.6748509570132987,645.9404907226562,579.0,2246581.0,757.4678955078125,794.0,1392226.0,520.9481811523438,523.5,854355.0,False,vLH92_MN_60x-1xzoom_0000_XY13_Dapi-ex_Green-em.tif,405.4361572265625,374.0,1410107.0,463.25189208984375,474.0,851457.0,340.6402587890625,340.0,558650.0,497.1244907226562,608.6518955078125,372.1321811523437,430.18399999999997,645.184,374.68399999999997,255.3401572265625,313.15589208984375,190.5442587890625,223.904,323.904,189.904,50mM 2DG,1h,yes,MN,1.946910725372348,1.9212876947263111,1.9436067175552028,1.9918988342224857,1.9529960310391918,1.973017945909512
vLH92_MN_60x-1xzoom_0000_XY13_488.tif,5,3158,1465,1695,0.46390120329322354,593.6588439941406,0.3691381571637863,612.4436645507812,594.0,1934097.0,699.7622680664062,707.0,1186097.0,511.13311767578125,509.0,748810.0,False,vLH92_MN_60x-1xzoom_0000_XY13_Dapi-ex_Green-em.tif,421.6358337402344,401.0,1331526.0,474.5150451660156,479.0,804303.0,360.2798767089844,357.0,527810.0,463.6276645507812,550.9462680664062,362.3171176757812,445.18399999999997,558.184,360.18399999999997,271.53983374023437,324.4190451660156,210.18387670898437,250.904,328.904,206.904,50mM 2DG,1h,yes,MN,1.7074020344076133,1.774320058667857,1.698255007761549,1.6971031060735047,1.7238102339193073,1.7408266635734446
vLH92_MN_60x-1xzoom_0000_XY13_488.tif,6,2505,1225,1280,0.48902195608782434,530.2594604492188,0.650933133223264,573.5728759765625,522.0,1436800.0,732.82421875,738.0,938015.0,407.1714172363281,397.0,498785.0,False,vLH92_MN_60x-1xzoom_0000_XY13_Dapi-ex_Green-em.tif,361.79840087890625,332.0,906305.0,438.23126220703125,439.5,560936.0,281.9338684082031,278.0,345369.0,424.75687597656247,584.00821875,258.3554172363281,373.18399999999997,589.184,248.184,211.70240087890625,288.13526220703125,131.83786840820312,181.904,289.404,127.904,50mM 2DG,1h,yes,MN,2.0063866739967837,2.051543671387105,2.026854381781213,2.035852994429932,1.9596449817922943,1.940392794595947
vLH92_MN_60x-1xzoom_0000_XY13_488.tif,7,4323,1888,2435,0.43673374971084894,376.4778137207031,0.47650596705116355,378.5972595214844,373.0,1636676.0,428.0932312011719,427.0,1042407.0,314.7611083984375,311.0,594269.0,False,vLH92_MN_60x-1xzoom_0000_XY13_Dapi-ex_Green-em.tif,303.2838439941406,293.0,1311096.0,345.97125244140625,338.0,842440.0,248.22882080078125,245.0,468656.0,229.78125952148437,279.27723120117184,165.9451083984375,224.184,278.18399999999997,162.184,153.18784399414062,195.87525244140625,98.13282080078125,142.904,187.904,94.904,50mM 2DG,1h,yes,MN,1.499996693799499,1.568773442310922,1.4257913019650827,1.48045810626703,1.691025561522597,1.7089269156199949
vLH92_MN_60x-1xzoom_0000_XY13_488.tif,8,3469,1727,1743,0.4978379936581147,1063.265625,0.6781230312922375,1226.51220703125,1079.0,4254771.0,1592.3115234375,1668.0,2775399.0,856.873779296875,858.0,1479821.0,False,vLH92_MN_60x-1xzoom_0000_XY13_Dapi-ex_Green-em.tif,554.0933837890625,499.0,1922150.0,692.9609985351562,713.0,1207831.0,413.7811279296875,411.0,714600.0,1077.69620703125,1443.4955234375,708.057779296875,930.184,1519.184,709.184,403.9973837890625,542.8649985351562,263.6851279296875,348.904,562.904,260.904,50mM 2DG,1h,yes,MN,2.6675821435367095,2.6660170132758583,2.6590322222515113,2.698833193581854,2.6852397207842564,2.7181798669242325
vLH92_MN_60x-1xzoom_0000_XY14_488.tif,1,3725,1667,2058,0.4475167785234899,878.2640380859375,0.6146183477791334,945.7594604492188,880.0,3522954.0,1188.1131591796875,1244.5,2445137.0,646.5609130859375,626.0,1077817.0,False,vLH92_MN_60x-1xzoom_0000_XY14_Dapi-ex_Green-em.tif,591.6776123046875,540.0,2203999.0,729.0928344726562,763.0,1500473.0,422.03118896484375,416.0,703526.0,795.9930604492188,1038.3467591796875,496.7945130859375,730.2336,1094.7336,476.2336,438.7272123046875,576.1424344726563,269.08078896484375,387.0496,610.0496,263.0496,50mM 2DG,1h,yes,MN,1.8143234295127724,1.8866667217844948,1.802239684237262,1.7944993325132905,1.8462652610656842,1.8104327092685182
vLH92_MN_60x-1xzoom_0000_XY14_488.tif,2,2402,1186,1216,0.49375520399666945,341.53599548339844,0.8801846513008003,388.42047119140625,344.0,932986.0,460.8552551269531,458.5,560400.0,314.1534423828125,314.0,372586.0,False,vLH92_MN_60x-1xzoom_0000_XY14_Dapi-ex_Green-em.tif,378.1573791503906,342.5,908334.0,437.8618469238281,437.0,532440.0,316.9426574707031,317.0,375894.0,238.65407119140625,311.08885512695315,164.3870423828125,194.2336,308.7336,164.2336,225.20697915039062,284.9114469238281,163.99225747070312,189.5496,284.0496,164.0496,50mM 2DG,1h,yes,MN,1.0597099259167977,1.02471121015291,1.0918791030889103,1.0869003160011492,1.0024073387256096,1.001121612000273
vLH92_MN_60x-1xzoom_0000_XY14_488.tif,3,3667,1679,1988,0.457867466593946,658.1611328125,0.8423249595976544,736.3220825195312,666.0,2700093.0,863.9547119140625,895.0,1717542.0,585.2001342773438,586.0,982551.0,False,vLH92_MN_60x-1xzoom_0000_XY14_Dapi-ex_Green-em.tif,483.9192810058594,443.0,1774532.0,556.6267700195312,572.0,1106574.0,397.8308410644531,399.0,667958.0,586.5556825195313,714.1883119140625,435.4337342773438,516.2336,745.2336,436.2336,330.9688810058594,403.67637001953125,244.88044106445312,290.0496,419.0496,246.0496,50mM 2DG,1h,yes,MN,1.7722381655245318,1.7798114529377045,1.7692101023389297,1.778389956702023,1.77814827670429,1.772949844259044
vLH92_MN_60x-1xzoom_0000_XY14_488.tif,4,3131,1540,1591,0.4918556371766209,495.4132995605469,0.5907417600686959,537.9137573242188,499.0,1684208.0,641.7479858398438,650.0,1021021.0,430.6408996582031,425.0,663187.0,False,vLH92_MN_60x-1xzoom_0000_XY14_Dapi-ex_Green-em.tif,320.1229553222656,303.0,1002305.0,362.33941650390625,360.0,576482.0,276.5084533691406,276.0,425823.0,388.1473573242188,491.9815858398438,280.87449965820315,349.2336,500.2336,275.2336,167.17255532226562,209.38901650390625,123.55805336914062,150.0496,207.0496,123.0496,50mM 2DG,1h,yes,MN,2.3218365991712613,2.327454388415564,2.3496055048840905,2.4160085312891213,2.273218879703986,2.2367695628429516
vLH92_MN_60x-1xzoom_0000_XY14_488.tif,5,3527,1687,1840,0.4783101786220584,308.30322265625,0.8552685594487578,320.9798583984375,309.0,1132096.0,367.72662353515625,362.0,676617.0,269.99346923828125,267.0,455479.0,False,vLH92_MN_60x-1xzoom_0000_XY14_Dapi-ex_Green-em.tif,316.5126037597656,296.0,1116340.0,362.2027282714844,348.0,666453.0,266.6787109375,265.0,449887.0,171.2134583984375,217.96022353515625,120.22706923828125,159.2336,212.2336,117.2336,163.56220375976562,209.25232827148437,113.7283109375,143.0496,195.0496,112.0496,50mM 2DG,1h,yes,MN,1.0467788673837495,1.1131355837415833,1.0416143291479856,1.0881006677275933,1.057142836706268,1.0462652254001799
vLH92_MN_60x-1xzoom_0000_XY14_488.tif,6,2864,1412,1452,0.4930167597765363,429.20045471191406,0.7570419893298556,482.82891845703125,432.5,1382822.0,603.2775268554688,627.0,875959.0,358.9681396484375,355.0,506863.0,False,vLH92_MN_60x-1xzoom_0000_XY14_Dapi-ex_Green-em.tif,347.22137451171875,315.0,994442.0,415.0447692871094,423.0,602645.0,277.47662353515625,276.0,391797.0,333.0625184570313,453.5111268554688,209.2017396484375,282.7336,477.2336,205.2336,194.27097451171875,262.0943692871094,124.52622353515625,162.0496,270.0496,123.0496,50mM 2DG,1h,yes,MN,1.7144224416135845,1.7447349453500658,1.7303352532487002,1.767207209342284,1.679981402386106,1.6678932723064521
vLH92_MN_60x-1xzoom_0000_XY14_488.tif,7,4191,2018,2173,0.48150799331901695,485.38995361328125,0.8430231611204856,507.58746337890625,490.0,2127299.0,626.307861328125,625.0,1360967.0,379.7482604980469,372.0,766332.0,False,vLH92_MN_60x-1xzoom_0000_XY14_Dapi-ex_Green-em.tif,324.69219970703125,314.0,1360785.0,381.3244323730469,378.0,828618.0,263.7101135253906,261.0,532167.0,357.8210633789063,476.541461328125,229.98186049804687,340.2336,475.2336,222.2336,171.74179970703125,228.37403237304687,110.75971352539062,161.0496,225.0496,108.0496,50mM 2DG,1h,yes,MN,2.08348266985266,2.1126013352408206,2.086670959812537,2.1116838243658287,2.0764035331792883,2.0567739260487774
vLH92_MN_60x-1xzoom_0000_XY14_488.tif,8,3322,1624,1698,0.48886213124623723,537.0986633300781,0.5985339381069558,516.8759765625,537.0,1717062.0,602.5217895507812,604.0,1023082.0,427.32757568359375,410.0,693980.0,False,vLH92_MN_60x-1xzoom_0000_XY14_Dapi-ex_Green-em.tif,321.0680236816406,311.0,1066588.0,368.0736083984375,346.0,624989.0,271.9205627441406,266.0,441599.0,367.1095765625,452.7553895507813,277.5611756835938,387.2336,454.2336,260.2336,168.11762368164062,215.1232083984375,118.97016274414062,158.0496,193.0496,113.0496,50mM 2DG,1h,yes,MN,2.183647190122581,2.450076431702453,2.1046329353373,2.3529372762233125,2.333031823117884,2.301941802536232
vLH92_MN_60x-1xzoom_0000_XY14_488.tif,9,3409,1673,1736,0.49075975359342916,505.89117431640625,0.6301702185935677,498.1493225097656,499.0,1698191.0,614.8623046875,578.0,1067401.0,377.0412292480469,360.0,630790.0,False,vLH92_MN_60x-1xzoom_0000_XY14_Dapi-ex_Green-em.tif,339.6192321777344,337.0,1157762.0,393.3629150390625,377.0,682878.0,283.8517761230469,275.0,474884.0,348.38292250976565,465.0959046875,227.27482924804687,349.2336,428.2336,210.2336,186.66883217773437,240.4125150390625,130.90137612304687,184.0496,224.0496,122.0496,50mM 2DG,1h,yes,MN,1.8663154338377028,1.897497196407925,1.9345744318340945,1.911333918917954,1.7362294880262317,1.7225259238866821
vLH92_MN_60x-1xzoom_0000_XY14_488.tif,10,2393,1205,1188,0.5035520267446719,333.9776916503906,0.7395120151944871,372.1412353515625,339.0,890534.0,429.919189453125,405.0,510744.0,315.1784362792969,316.0,379790.0,False,vLH92_MN_60x-1xzoom_0000_XY14_Dapi-ex_Green-em.tif,252.48934936523438,241.0,604207.0,276.5025329589844,266.0,328485.0,228.81494140625,228.0,275722.0,222.3748353515625,280.152789453125,165.41203627929687,189.2336,255.2336,166.2336,99.53894936523437,123.55213295898437,75.86454140625,88.0496,113.0496,75.0496,50mM 2DG,1h,yes,MN,2.2340484480664067,2.149170467554651,2.267486466997113,2.257713428442029,2.1803603266185383,2.2149831578049715
vLH92_MN_60x-1xzoom_0000_XY14_488.tif,11,2782,1403,1379,0.50431344356578,299.6867370605469,0.6724278976457678,331.63299560546875,300.0,922603.0,404.6054992675781,413.0,557951.0,259.90875244140625,257.0,364652.0,False,vLH92_MN_60x-1xzoom_0000_XY14_Dapi-ex_Green-em.tif,266.9927978515625,238.0,742774.0,317.62799072265625,310.0,438009.0,217.2238006591797,216.0,304765.0,181.86659560546875,254.83909926757812,110.14235244140625,150.2336,263.2336,107.2336,114.0423978515625,164.67759072265625,64.27340065917969,85.0496,157.0496,63.0496,50mM 2DG,1h,yes,MN,1.59472791726272,1.7664233576642336,1.5475032039834034,1.6761176087045113,1.7136537247415031,1.7007816068618993
vLH92_MN_60x-1xzoom_0000_XY14_488.tif,12,3070,1482,1588,0.4827361563517915,576.927490234375,0.781109519126903,649.666748046875,569.5,1994477.0,810.9603271484375,848.0,1287805.0,476.8367004394531,474.0,706672.0,False,vLH92_MN_60x-1xzoom_0000_XY14_Dapi-ex_Green-em.tif,500.5700378417969,440.0,1536750.0,609.3614501953125,636.0,967666.0,383.997314453125,383.0,569084.0,499.900348046875,661.1939271484375,327.07030043945315,419.7336,698.2336,324.2336,347.6196378417969,456.4110501953125,231.046914453125,287.0496,483.0496,230.0496,50mM 2DG,1h,yes,MN,1.438067052685849,1.462233704558376,1.4486808039934442,1.4454697819851212,1.4156012479699636,1.4094073625861554
vLH92_MN_60x-1xzoom_0000_XY15_488.tif,1,1695,1042,653,0.6147492625368731,208.14695739746094,0.34012886097613987,214.9799346923828,208.0,364391.0,235.56507873535156,226.0,153824.0,202.07965087890625,201.0,210567.0,False,vLH92_MN_60x-1xzoom_0000_XY15_Dapi-ex_Green-em.tif,266.7339172363281,266.0,452114.0,274.7243347167969,274.0,179395.0,261.72650146484375,262.0,272719.0,66.94473469238281,87.52987873535156,54.04445087890625,59.9648,77.9648,52.9648,116.06991723632814,124.06033471679689,111.06250146484376,115.33600000000001,123.33600000000001,111.33600000000001,50mM 2DG,1h,yes,MN,0.5767621472157828,0.5199139904279669,0.7055428226528929,0.6321333592787182,0.4866129446581367,0.4757203420277358
vLH92_MN_60x-1xzoom_0000_XY15_488.tif,2,1059,553,506,0.52219074598678,215.3206329345703,0.3931304014336148,219.4664764404297,217.0,232415.0,233.0770721435547,229.5,117937.0,207.01266479492188,207.0,114478.0,False,vLH92_MN_60x-1xzoom_0000_XY15_Dapi-ex_Green-em.tif,291.06610107421875,286.0,308239.0,318.15216064453125,314.0,160985.0,266.2821044921875,268.0,147254.0,71.43127644042968,85.04187214355468,58.97746479492187,68.9648,81.4648,58.9648,140.40210107421876,167.48816064453126,115.61810449218751,135.336,163.336,117.33600000000001,50mM 2DG,1h,yes,MN,0.508762161633678,0.5095820772004492,0.5077485585625567,0.4987559386785521,0.5101057922888458,0.5025294879661825
vLH92_MN_60x-1xzoom_0000_XY15_488.tif,3,964,550,415,0.5705394190871369,233.35768127441406,0.44786978948526196,235.53318786621094,232.0,227054.0,253.21446228027344,250.0,105084.0,222.1490936279297,221.0,122182.0,False,vLH92_MN_60x-1xzoom_0000_XY15_Dapi-ex_Green-em.tif,318.3682556152344,319.0,306907.0,344.6915588378906,344.0,143047.0,298.4490966796875,300.0,164147.0,87.49798786621093,105.17926228027343,74.11389362792968,83.9648,101.9648,72.9648,167.7042556152344,194.02755883789064,147.7850966796875,168.336,193.336,149.336,50mM 2DG,1h,yes,MN,0.521739818379794,0.4987928904096568,0.5420841395430345,0.527396863491538,0.5014977510794995,0.48859484652059776
vLH92_MN_60x-1xzoom_0000_XY15_488.tif,4,3709,1842,1867,0.4966298193583176,359.0523986816406,0.7703914436533564,419.7403564453125,360.0,1556817.0,546.1376342773438,522.0,1019639.0,291.6275634765625,288.0,537178.0,False,vLH92_MN_60x-1xzoom_0000_XY15_Dapi-ex_Green-em.tif,296.6004333496094,267.0,1100091.0,358.7814636230469,341.0,669845.0,233.57545471191406,233.0,430246.0,271.70515644531247,398.1024342773437,143.5923634765625,211.9648,373.96479999999997,139.9648,145.9364333496094,208.1174636230469,82.91145471191408,116.33600000000001,190.336,82.33600000000001,50mM 2DG,1h,yes,MN,1.8618048297398637,1.822005226241232,1.9128737557478954,1.9647612642905175,1.7318760595323242,1.6999222697240572
vLH92_MN_60x-1xzoom_0000_XY15_488.tif,5,4250,2476,1774,0.5825882352941176,526.9664611816406,0.7819172253314051,602.50732421875,528.0,2560656.0,795.5907592773438,805.0,1411378.0,464.1672058105469,451.0,1149278.0,False,vLH92_MN_60x-1xzoom_0000_XY15_Dapi-ex_Green-em.tif,380.1432800292969,360.0,1615609.0,449.9458923339844,423.0,798204.0,330.1312561035156,323.0,817405.0,454.47212421874997,647.5555592773437,316.13200581054684,379.96479999999997,656.9648,302.96479999999997,229.4792800292969,299.2818923339844,179.46725610351564,209.336,272.336,172.336,50mM 2DG,1h,yes,MN,1.9804494948769622,1.8150953491038329,2.1636977574129426,2.412331825392162,1.7615024192948256,1.7579890446569488
vLH92_MN_60x-1xzoom_0000_XY15_488.tif,6,2667,1336,1331,0.5009373828271466,502.7588195800781,0.8380374573194619,577.1019897460938,507.0,1539131.0,719.8587646484375,747.0,958132.0,434.8794860839844,431.0,580999.0,False,vLH92_MN_60x-1xzoom_0000_XY15_Dapi-ex_Green-em.tif,389.08624267578125,343.0,1037693.0,471.4012145996094,473.0,627435.0,307.079345703125,306.0,410258.0,429.0667897460937,571.8235646484375,286.84428608398434,358.96479999999997,598.9648,282.96479999999997,238.42224267578126,320.7372145996094,156.415345703125,192.336,322.336,155.336,50mM 2DG,1h,yes,MN,1.7996088994497073,1.8663422344230927,1.7828413374552448,1.8582001389854064,1.8338628143840332,1.8216305299479834
vLH92_MN_60x-1xzoom_0000_XY15_488.tif,7,2606,1310,1296,0.5026861089792786,455.1147003173828,0.6741343526256558,512.7440795898438,456.0,1336211.0,613.8950805664062,556.0,795608.0,412.6740417480469,415.0,540603.0,False,vLH92_MN_60x-1xzoom_0000_XY15_Dapi-ex_Green-em.tif,367.1976318359375,340.0,956917.0,418.73919677734375,398.0,542686.0,316.2068786621094,315.0,414231.0,364.7088795898437,465.8598805664062,264.63884174804684,307.96479999999997,407.96479999999997,266.96479999999997,216.5336318359375,268.07519677734376,165.5428786621094,189.336,247.336,164.336,50mM 2DG,1h,yes,MN,1.684305927432904,1.6265517387079051,1.7377955370982614,1.649435585600155,1.5986120568085738,1.624505890370947
vLH92_MN_60x-1xzoom_0000_XY15_488.tif,8,3982,1998,1984,0.5017579105976896,457.344970703125,0.6012496517946295,474.03717041015625,453.0,1887616.0,573.796875,548.5,1138413.0,374.9764709472656,370.0,749203.0,False,vLH92_MN_60x-1xzoom_0000_XY15_Dapi-ex_Green-em.tif,319.40380859375,309.0,1271866.0,367.8755187988281,353.0,729865.0,271.2717590332031,268.0,542001.0,326.0019704101562,425.76167499999997,226.94127094726562,304.96479999999997,400.46479999999997,221.9648,168.73980859375,217.21151879882814,120.60775903320314,158.336,202.336,117.33600000000001,50mM 2DG,1h,yes,MN,1.9319802074389165,1.9260610347615195,1.960124754683576,1.9792068638304599,1.8816473564092093,1.8917024613076974
vLH92_MN_60x-1xzoom_0000_XY15_488.tif,9,3191,1563,1628,0.48981510498276404,569.2518920898438,0.8103941046642025,581.3654174804688,567.0,1855137.0,719.9840087890625,732.0,1172134.0,436.9820861816406,424.0,683003.0,False,vLH92_MN_60x-1xzoom_0000_XY15_Dapi-ex_Green-em.tif,360.84893798828125,355.0,1151469.0,424.7561340332031,427.0,691503.0,294.2840576171875,291.0,459966.0,433.3302174804687,571.9488087890625,288.9468861816406,418.96479999999997,583.9648,275.96479999999997,210.18493798828126,274.09213403320314,143.6200576171875,204.336,276.336,140.336,50mM 2DG,1h,yes,MN,2.0616616091902302,2.050371936418448,2.086702746164096,2.1132418505008395,2.011883931642855,1.9664576445103177
vLH92_MN_60x-1xzoom_0000_XY15_488.tif,10,1986,1083,903,0.5453172205438066,463.07757568359375,0.6331550977645558,505.27996826171875,468.0,1003486.0,589.9900512695312,562.0,532761.0,434.64910888671875,435.0,470725.0,False,vLH92_MN_60x-1xzoom_0000_XY15_Dapi-ex_Green-em.tif,317.1601257324219,303.0,629880.0,354.38427734375,348.0,320009.0,286.122802734375,286.0,309871.0,357.2447682617187,441.9548512695312,286.6139088867187,319.96479999999997,413.96479999999997,286.96479999999997,166.4961257324219,203.72027734375,135.458802734375,152.336,197.336,135.336,50mM 2DG,1h,yes,MN,2.145664150983618,2.100388614641319,2.1694200353153508,2.097766246402075,2.1158751081592535,2.1203877756103324
vLH92_MN_60x-1xzoom_0000_XY15_488.tif,11,2856,1396,1460,0.4887955182072829,298.1331481933594,0.8199784001024542,328.9527282714844,300.0,939489.0,387.8315124511719,392.0,566234.0,267.3746337890625,267.0,373255.0,False,vLH92_MN_60x-1xzoom_0000_XY15_Dapi-ex_Green-em.tif,266.44012451171875,253.0,760953.0,298.1773986816406,291.0,435339.0,233.2478485107422,232.0,325614.0,180.91752827148437,239.79631245117187,119.3394337890625,151.9648,243.9648,118.9648,115.77612451171876,147.51339868164064,82.5838485107422,102.33600000000001,140.336,81.33600000000001,50mM 2DG,1h,yes,MN,1.5626497175863927,1.4849593495934956,1.6255900453401775,1.7384334739482383,1.445069900969065,1.4626340119996064
vLH92_MN_60x-1xzoom_0000_XY15_488.tif,12,1662,448,1214,0.2695547533092659,383.1199188232422,0.5964356104880494,380.9061279296875,384.0,633066.0,387.83526611328125,394.0,470832.0,362.12945556640625,363.0,162234.0,False,vLH92_MN_60x-1xzoom_0000_XY15_Dapi-ex_Green-em.tif,274.9747314453125,276.0,457008.0,276.6441650390625,279.0,335846.0,270.4508972167969,272.0,121162.0,232.8709279296875,239.80006611328125,214.09425556640625,235.9648,245.9648,214.9648,124.31073144531251,125.98016503906251,119.78689721679689,125.33600000000001,128.336,121.33600000000001,50mM 2DG,1h,yes,MN,1.8732970615021551,1.882657815791153,1.9034747735004691,1.9165690063583092,1.787292771920845,1.7716489747478075
vLH92_MN_60x-1xzoom_0000_XY15_488.tif,13,559,284,275,0.5080500894454383,807.9622802734375,0.18464868912715937,795.79248046875,805.0,444848.0,832.410888671875,834.0,228913.0,760.3345336914062,761.5,215935.0,False,vLH92_MN_60x-1xzoom_0000_XY15_Dapi-ex_Green-em.tif,425.2486572265625,426.0,237714.0,437.4945373535156,437.0,120311.0,413.3908386230469,413.0,117403.0,647.75728046875,684.375688671875,612.2993336914062,656.9648,685.9648,613.4648,274.5846572265625,286.83053735351564,262.7268386230469,275.336,286.336,262.336,50mM 2DG,1h,yes,MN,2.3590439721265235,2.386047592759392,2.3859931197925035,2.395663835493965,2.330554947870842,2.3384697487191994
vLH92_MN_60x-1xzoom_0000_XY16_488.tif,1,2437,1191,1246,0.48871563397620027,431.3006896972656,0.5698200242130655,475.5494384765625,432.0,1158914.0,552.2118530273438,530.0,688056.0,395.3467712402344,396.0,470858.0,False,vLH92_MN_60x-1xzoom_0000_XY16_Dapi-ex_Green-em.tif,313.757080078125,271.0,764626.0,370.12921142578125,308.0,461181.0,254.7816925048828,255.0,303445.0,327.25023847656246,403.9126530273437,247.04757124023436,283.70079999999996,381.70079999999996,247.7008,161.568280078125,217.94041142578126,102.59289250488283,118.81120000000001,155.8112,102.81120000000001,50mM 2DG,1h,yes,MN,2.025460927840064,2.3878287568848724,1.853316924497477,2.449764843605594,2.408037878730014,2.4092783665592847
vLH92_MN_60x-1xzoom_0000_XY16_488.tif,2,5089,2480,2609,0.4873256042444488,523.060791015625,0.7046074668610662,522.7940673828125,519.0,2660499.0,623.106201171875,616.0,1625684.0,417.26409912109375,408.0,1034815.0,False,vLH92_MN_60x-1xzoom_0000_XY16_Dapi-ex_Green-em.tif,349.32501220703125,335.0,1777715.0,400.8854064941406,381.0,1045910.0,295.0826721191406,288.0,731805.0,374.49486738281246,474.80700117187496,268.9648991210937,370.70079999999996,467.70079999999996,259.70079999999996,197.13621220703126,248.69660649414064,142.89387211914064,182.8112,228.8112,135.8112,50mM 2DG,1h,yes,MN,1.8996756769858203,2.0277794795942476,1.9091816646201867,2.044046794912137,1.8822703530410234,1.9122193162272325
vLH92_MN_60x-1xzoom_0000_XY16_488.tif,3,3334,1666,1668,0.4997000599880024,300.45164489746094,0.8435447212593149,323.27593994140625,303.0,1077802.0,372.959228515625,364.0,622096.0,273.53302001953125,273.0,455706.0,False,vLH92_MN_60x-1xzoom_0000_XY16_Dapi-ex_Green-em.tif,264.0926818847656,248.0,880485.0,298.2416076660156,287.0,497467.0,229.9027557373047,229.0,383018.0,174.97673994140624,224.660028515625,125.23382001953124,154.7008,215.7008,124.70079999999999,111.90388188476564,146.05280766601564,77.7139557373047,95.81120000000001,134.8112,76.81120000000001,50mM 2DG,1h,yes,MN,1.5636342278241127,1.6146421295213917,1.5382109533242483,1.600021363210178,1.611471438191323,1.623471577061678
vLH92_MN_60x-1xzoom_0000_XY16_488.tif,4,4531,2160,2371,0.47671595674244094,1047.21142578125,0.5492257134809345,1097.4652099609375,1054.0,4972615.0,1283.886962890625,1293.0,3044096.0,892.8328857421875,880.0,1928519.0,False,vLH92_MN_60x-1xzoom_0000_XY16_Dapi-ex_Green-em.tif,490.4769287109375,476.0,2222351.0,558.9076538085938,555.0,1325170.0,415.361572265625,407.0,897181.0,949.1660099609375,1135.587762890625,744.5336857421875,905.7008,1144.7008,731.7008,338.2881287109375,406.71885380859374,263.172772265625,323.8112,402.8112,254.8112,50mM 2DG,1h,yes,MN,2.805791659251474,2.7970026978683875,2.792070621405333,2.8417799703682523,2.8290680655623306,2.8715409683718764
vLH92_MN_60x-1xzoom_0000_XY16_488.tif,5,3270,1430,1840,0.43730886850152906,1130.8988647460938,0.7447147422263424,1330.8612060546875,1126.0,4351916.0,1648.588623046875,1728.0,3033403.0,922.0370483398438,911.0,1318513.0,False,vLH92_MN_60x-1xzoom_0000_XY16_Dapi-ex_Green-em.tif,547.1201782226562,478.0,1789083.0,653.3282470703125,665.5,1202124.0,410.4608459472656,406.0,586959.0,1182.5620060546876,1500.289423046875,773.7378483398437,977.7008,1579.7008,762.7008,394.93137822265624,501.1394470703125,258.2720459472656,325.8112,513.3112,253.8112,50mM 2DG,1h,yes,MN,2.9943480595962604,3.000820106859433,2.9937563921931227,3.0774719117759366,2.9958249856348242,3.004992687477936
vLH92_MN_60x-1xzoom_0000_XY17_488.tif,1,1860,985,875,0.5295698924731183,369.15428161621094,0.16325097789814286,358.8752746582031,366.0,667508.0,387.2674255371094,386.0,338859.0,333.65380859375,336.0,328649.0,False,vLH92_MN_60x-1xzoom_0000_XY17_Dapi-ex_Green-em.tif,334.72149658203125,334.0,622582.0,362.8331298828125,351.0,317479.0,309.7492370605469,309.0,305103.0,211.75207465820313,240.14422553710938,186.53060859375,218.8768,238.8768,188.8768,183.03829658203125,211.1499298828125,158.06603706054688,182.3168,199.3168,157.3168,50mM 2DG,1h,yes,MN,1.156873062153435,1.2005300663460525,1.1373161509946446,1.1984780008509066,1.1800802503974959,1.2006143018418884
vLH92_MN_60x-1xzoom_0000_XY17_488.tif,2,4267,2002,2265,0.4691820951488165,309.4886474609375,0.6656416317044572,327.5640869140625,310.0,1397716.0,377.4507751464844,379.0,854926.0,271.1238708496094,270.0,542790.0,False,vLH92_MN_60x-1xzoom_0000_XY17_Dapi-ex_Green-em.tif,257.1159973144531,244.0,1097114.0,286.1748352050781,281.0,648186.0,224.23976135253906,223.0,448928.0,180.4408869140625,230.32757514648438,124.00067084960938,162.8768,231.8768,122.8768,105.43279731445313,134.49163520507813,72.55656135253906,92.3168,129.3168,71.3168,50mM 2DG,1h,yes,MN,1.711430328229819,1.7643245866407848,1.7125791860235162,1.7930910755601748,1.7090207768683081,1.7229713054988447
vLH92_MN_60x-1xzoom_0000_XY17_488.tif,3,2689,1527,1168,0.5678690963183339,354.6716003417969,0.27019615627183335,366.5016784667969,349.0,985523.0,426.03680419921875,410.0,497611.0,320.7052917480469,312.0,489717.0,False,vLH92_MN_60x-1xzoom_0000_XY17_Dapi-ex_Green-em.tif,354.0650939941406,345.0,952081.0,374.28851318359375,368.0,437169.0,338.3837585449219,327.0,516712.0,219.37847846679688,278.91360419921875,173.58209174804688,201.8768,262.8768,164.8768,202.38189399414063,222.60531318359375,186.70055854492188,193.3168,216.3168,175.3168,50mM 2DG,1h,yes,MN,1.0839827325321323,1.044279648742375,1.2529512445607474,1.2152398704122842,0.929735256824534,0.9404506584651329
vLH92_MN_60x-1xzoom_0000_XY17_488.tif,4,3477,1451,2026,0.41731377624388843,655.5078735351562,0.675150788427935,716.4851684570312,660.0,2491219.0,811.2551879882812,841.5,1643603.0,584.159912109375,583.0,847616.0,False,vLH92_MN_60x-1xzoom_0000_XY17_Dapi-ex_Green-em.tif,413.1912536621094,391.0,1436666.0,458.567138671875,465.0,929057.0,349.8338928222656,350.0,507609.0,569.3619684570313,664.1319879882813,437.036712109375,512.8768,694.3768,435.8768,261.5080536621094,306.883938671875,198.15069282226563,239.3168,313.3168,198.3168,50mM 2DG,1h,yes,MN,2.177225368334909,2.143087321909703,2.1641145211525106,2.2162131108194645,2.2055775121683876,2.197881369606609
vLH92_MN_60x-1xzoom_0000_XY17_488.tif,5,1559,730,829,0.46824887748556765,487.3789978027344,0.5481281867596713,477.48236083984375,478.0,744395.0,547.2183227539062,538.0,453644.0,398.2890319824219,392.0,290751.0,False,vLH92_MN_60x-1xzoom_0000_XY17_Dapi-ex_Green-em.tif,327.6273193359375,324.0,510771.0,362.8057861328125,356.0,300766.0,287.6780700683594,281.0,210005.0,330.35916083984375,400.09512275390625,251.16583198242188,330.8768,390.8768,244.8768,175.9441193359375,211.1225861328125,135.99487006835938,172.3168,204.3168,129.3168,50mM 2DG,1h,yes,MN,1.8776368433722705,1.9201656483871568,1.8950844155642133,1.9130918260270324,1.846877252474086,1.8936193905200251
vLH92_MN_60x-1xzoom_0000_XY17_488.tif,6,1931,1195,736,0.6188503366131538,467.63775634765625,0.2538759203720441,483.2920837402344,471.0,933237.0,536.83154296875,507.0,395108.0,450.3171691894531,454.0,538129.0,False,vLH92_MN_60x-1xzoom_0000_XY17_Dapi-ex_Green-em.tif,431.64215087890625,427.0,833501.0,451.834228515625,439.0,332550.0,419.20587158203125,423.0,500951.0,336.1688837402344,389.70834296875,303.1939691894531,323.8768,359.8768,306.8768,279.95895087890625,300.151028515625,267.52267158203125,275.3168,287.3168,271.3168,50mM 2DG,1h,yes,MN,1.2007791952529543,1.176378630000058,1.298374171483017,1.2525435338274684,1.1333393442749164,1.1310644972961497
vLH92_MN_60x-1xzoom_0000_XY17_488.tif,7,3879,0,3879,0.0,897.6215209960938,,865.114990234375,901.0,3355781.0,865.114990234375,901.0,3355781.0,,,,True,vLH92_MN_60x-1xzoom_0000_XY17_Dapi-ex_Green-em.tif,339.1513366699219,345.0,1315568.0,339.1513366699219,345.0,1315568.0,,,,717.991790234375,717.991790234375,,753.8768,753.8768,,187.46813666992188,187.46813666992188,,193.3168,193.3168,,50mM 2DG,1h,yes,MN,3.8299403994106718,3.899696249886197,3.8299403994106718,3.899696249886197,,
vLH92_MN_60x-1xzoom_0000_XY17_488.tif,8,1122,665,561,0.5926916221033868,378.6495819091797,0.6722045489230432,400.8663024902344,383.0,449772.0,450.28521728515625,448.0,252610.0,349.49322509765625,349.0,232413.0,False,vLH92_MN_60x-1xzoom_0000_XY17_Dapi-ex_Green-em.tif,316.4518737792969,318.0,355059.0,313.78253173828125,309.0,176032.0,318.490234375,318.0,211796.0,253.74310249023438,303.16201728515625,202.37002509765625,235.8768,300.8768,201.8768,164.76867377929688,162.09933173828125,166.807034375,166.3168,157.3168,166.3168,50mM 2DG,1h,yes,MN,1.539996023941519,1.4182379651364143,1.8702237327827413,1.9125535225735586,1.2131983873216452,1.2138088274906684
vLH92_MN_60x-1xzoom_0000_XY17_488.tif,9,3638,1667,1971,0.45821880153930733,495.93040466308594,0.8265733182684425,517.489013671875,493.0,1882625.0,618.6397705078125,605.0,1219339.0,397.89202880859375,392.0,663286.0,False,vLH92_MN_60x-1xzoom_0000_XY17_Dapi-ex_Green-em.tif,330.1918640136719,318.0,1201238.0,376.9441833496094,363.0,742957.0,274.9136047363281,273.0,458281.0,370.365813671875,471.5165705078125,250.76882880859375,345.8768,457.8768,244.8768,178.50866401367188,225.26098334960938,123.23040473632813,166.3168,211.3168,121.3168,50mM 2DG,1h,yes,MN,2.074777802625361,2.079626351637357,2.0932012437147614,2.166778978292308,2.0349590618090985,2.0184904316632157
vLH92_MN_60x-1xzoom_0000_XY17_488.tif,10,2417,1204,1213,0.49813818783616054,606.9995727539062,0.6828451891442194,658.2647705078125,603.0,1591026.0,774.6504516601562,785.0,939651.0,541.0091552734375,538.0,651375.0,False,vLH92_MN_60x-1xzoom_0000_XY17_Dapi-ex_Green-em.tif,451.5614318847656,432.0,1091424.0,501.0074157714844,498.0,607722.0,401.745849609375,400.0,483702.0,511.1415705078125,627.5272516601563,393.8859552734375,455.8768,637.8768,390.8768,299.8782318847656,349.3242157714844,250.062649609375,280.3168,346.3168,248.3168,50mM 2DG,1h,yes,MN,1.7044970796820929,1.6262913960205025,1.7964035223674917,1.8418881209343583,1.5751490911926675,1.5741053364089743
vLH92_MN_60x-1xzoom_0000_XY17_488.tif,11,3660,1803,1859,0.4926229508196721,793.4228210449219,0.6186054406063046,867.0363159179688,809.0,3173353.0,1085.6966552734375,1116.0,2018310.0,641.1575317382812,621.0,1156007.0,False,vLH92_MN_60x-1xzoom_0000_XY17_Dapi-ex_Green-em.tif,527.4141845703125,490.5,1930336.0,641.6912231445312,626.0,1192904.0,409.4431457519531,398.0,738226.0,719.9131159179688,938.5734552734375,494.03433173828125,661.8768,968.8768,473.8768,375.7309845703125,490.00802314453125,257.7599457519531,338.8168,474.3168,246.3168,50mM 2DG,1h,yes,MN,1.91603340017663,1.9534946319072726,1.91542466845813,2.0426786485319517,1.9166450795799712,1.9238509106971184
vLH92_MN_60x-1xzoom_0000_XY17_488.tif,12,2449,1294,1155,0.5283789301755819,698.2921142578125,0.7324888976714119,733.2899169921875,705.0,1795827.0,816.998291015625,828.0,943633.0,658.5734252929688,668.0,852194.0,False,vLH92_MN_60x-1xzoom_0000_XY17_Dapi-ex_Green-em.tif,472.4356994628906,453.0,1156995.0,526.8138427734375,525.0,608470.0,423.8987731933594,426.0,548525.0,586.1667169921875,669.875091015625,511.45022529296875,557.8768,680.8768,520.8768,320.7524994628906,375.1306427734375,272.2155731933594,301.3168,373.3168,274.3168,50mM 2DG,1h,yes,MN,1.8274735753384328,1.851462646623089,1.785711468578162,1.823857913707607,1.8788426367130617,1.8988148009892212
vLH92_MN_60x-1xzoom_0000_XY17_488.tif,13,1421,551,870,0.3877551020408163,601.4803466796875,0.5837306300997379,613.3441162109375,605.0,871562.0,672.88623046875,672.0,585411.0,519.330322265625,524.0,286151.0,False,vLH92_MN_60x-1xzoom_0000_XY17_Dapi-ex_Green-em.tif,437.5503234863281,431.0,621759.0,476.65057373046875,468.0,414686.0,375.8130798339844,377.0,207073.0,466.2209162109375,525.76303046875,372.207122265625,457.8768,524.8768,376.8768,285.8671234863281,324.96737373046875,224.12987983398438,279.3168,316.3168,225.3168,50mM 2DG,1h,yes,MN,1.630900785389667,1.639274114553797,1.6178948195113987,1.659338991795567,1.660676044360186,1.6726529047101681
vLH92_MN_60x-1xzoom_0000_XY17_488.tif,14,3516,1676,1840,0.47667804323094426,827.2323303222656,0.5121225927112454,770.3026123046875,825.0,2708384.0,884.9853515625,892.0,1628373.0,644.39794921875,613.0,1080011.0,False,vLH92_MN_60x-1xzoom_0000_XY17_Dapi-ex_Green-em.tif,504.2864074707031,503.0,1773071.0,536.0010986328125,532.0,986242.0,469.4683837890625,445.0,786829.0,623.1794123046875,737.8621515625,497.27474921875,677.8768,744.8768,465.8768,352.6032074707031,384.3178986328125,317.7851837890625,351.3168,380.3168,293.3168,50mM 2DG,1h,yes,MN,1.7673673951376798,1.9295314086886821,1.9199265873054563,1.9585692769817162,1.5648141404503868,1.5883058863317752
vLH92_MN_60x-1xzoom_0000_XY17_488.tif,15,1996,928,1069,0.4649298597194389,985.5925903320312,0.25293051470350336,943.5916748046875,995.0,1883409.0,1131.551025390625,1147.0,1209628.0,726.5226440429688,738.5,674213.0,False,vLH92_MN_60x-1xzoom_0000_XY17_Dapi-ex_Green-em.tif,542.8271484375,563.0,1083483.0,589.561279296875,591.0,630241.0,488.8146667480469,492.0,453620.0,796.4684748046875,984.427825390625,579.3994440429688,847.8768,999.8768,591.3768,391.1439484375,437.878079296875,337.1314667480469,411.3168,439.3168,340.3168,50mM 2DG,1h,yes,MN,2.0362541156173695,2.0613716726377334,2.2481779105530357,2.275981250887742,1.7186157365606556,1.7377243791667059
vLH92_MN_60x-1xzoom_0000_XY17_488.tif,16,2816,1404,1412,0.49857954545454547,592.2466430664062,0.6505620273498613,601.483642578125,583.5,1693778.0,710.0630493164062,713.0,1002609.0,492.2856140136719,483.0,691169.0,False,vLH92_MN_60x-1xzoom_0000_XY17_Dapi-ex_Green-em.tif,392.26171875,381.0,1104609.0,444.5290222167969,441.0,627675.0,339.69659423828125,336.0,476934.0,454.360442578125,562.9398493164063,345.1624140136719,436.3768,565.8768,335.8768,240.57851875,292.8458222167969,188.01339423828125,229.3168,289.3168,184.3168,50mM 2DG,1h,yes,MN,1.8886160116825683,1.9029430028676486,1.9223079402500607,1.9559071578283735,1.8358394911812812,1.8222799006927204
vLH92_MN_60x-1xzoom_0000_XY17_488.tif,17,2172,1084,1088,0.4990791896869245,526.4713134765625,0.6383196816921277,574.0396118164062,519.0,1246814.0,696.0092163085938,677.0,757258.0,451.61993408203125,450.0,489556.0,False,vLH92_MN_60x-1xzoom_0000_XY17_Dapi-ex_Green-em.tif,392.26519775390625,357.0,852000.0,460.7564392089844,441.0,501303.0,323.5212097167969,322.0,350697.0,426.91641181640625,548.8860163085938,304.49673408203125,371.8768,529.8768,302.8768,240.58199775390625,309.0732392089844,171.83800971679688,205.3168,289.3168,170.3168,50mM 2DG,1h,yes,MN,1.7745151998160036,1.8112341513212753,1.7759092236952176,1.831476084347677,1.7719987247516822,1.7783142943033219
vLH92_MN_60x-1xzoom_0000_XY17_488.tif,18,3453,1809,1644,0.523892267593397,925.7269897460938,0.32043658012628745,1056.2340087890625,927.0,3647176.0,1314.1331787109375,1364.5,2160435.0,821.85791015625,834.0,1486741.0,False,vLH92_MN_60x-1xzoom_0000_XY17_Dapi-ex_Green-em.tif,487.139892578125,448.0,1682094.0,575.3297119140625,585.0,945842.0,406.9939270019531,404.0,736252.0,909.1108087890625,1167.0099787109375,674.73471015625,779.8768,1217.3768,686.8768,335.456692578125,423.6465119140625,255.31072700195313,296.3168,433.3168,252.3168,50mM 2DG,1h,yes,MN,2.7100690756895194,2.6319020723765916,2.7546785961680897,2.8094382677985252,2.6427981232104214,2.722279293332826
vLH92_MN_60x-1xzoom_0000_XY17_488.tif,19,3203,1594,1609,0.49765844520761787,659.0698852539062,0.72971202652539,633.3587036132812,656.0,2028648.0,737.7371215820312,737.0,1187019.0,527.9981079101562,514.0,841629.0,False,vLH92_MN_60x-1xzoom_0000_XY17_Dapi-ex_Green-em.tif,459.723388671875,451.0,1472494.0,524.4356689453125,520.0,843817.0,394.4021301269531,386.0,628677.0,486.23550361328125,590.6139215820313,380.87490791015625,508.8768,589.8768,366.8768,308.040188671875,372.7524689453125,242.71893012695313,299.3168,368.3168,234.3168,50mM 2DG,1h,yes,MN,1.5784807356134307,1.700127757613338,1.5844668266132445,1.6015473635739668,1.5692014945473813,1.565729815361084
vLH92_MN_60x-1xzoom_0000_XY17_488.tif,20,3335,1682,1653,0.5043478260869565,560.91455078125,0.8003453930564499,654.2737426757812,565.0,2182003.0,834.0986328125,869.0,1378765.0,477.5493469238281,471.0,803238.0,False,vLH92_MN_60x-1xzoom_0000_XY17_Dapi-ex_Green-em.tif,392.4614562988281,346.0,1308859.0,485.5614013671875,499.0,802633.0,300.9667053222656,298.0,506226.0,507.15054267578125,686.9754328125,330.4261469238281,417.8768,721.8768,323.8768,240.77825629882813,333.8782013671875,149.28350532226563,194.3168,347.3168,146.3168,50mM 2DG,1h,yes,MN,2.1062970987145966,2.1504923918055465,2.0575629975225262,2.07843905045768,2.2134136401106135,2.2135311871227366
vLH92_MN_60x-1xzoom_0000_XY17_488.tif,21,3843,1924,1919,0.5006505334374187,742.267578125,0.7200883573570757,767.067138671875,756.0,2947839.0,904.2047729492188,902.0,1735169.0,630.285888671875,622.0,1212670.0,False,vLH92_MN_60x-1xzoom_0000_XY17_Dapi-ex_Green-em.tif,597.1155395507812,575.0,2294715.0,654.1594848632812,644.0,1255332.0,540.2198486328125,534.0,1039383.0,619.943938671875,757.0815729492188,483.162688671875,608.8768,754.8768,474.8768,445.43233955078125,502.47628486328125,388.5366486328125,423.3168,492.3168,382.3168,50mM 2DG,1h,yes,MN,1.3917802629622464,1.4383478283876283,1.5067011036256428,1.533315133670027,1.2435446961619547,1.242102884309557
vLH92_MN_60x-1xzoom_0000_XY17_488.tif,22,2378,1150,1228,0.48359966358284273,309.5481719970703,0.8296087391744095,347.8713073730469,309.0,827238.0,410.24267578125,367.0,503778.0,281.2695617675781,280.0,323460.0,False,vLH92_MN_60x-1xzoom_0000_XY17_Dapi-ex_Green-em.tif,274.8830871582031,262.0,653672.0,304.3990173339844,294.0,373802.0,243.36521911621094,242.0,279870.0,200.74810737304688,263.11947578125,134.14636176757813,161.8768,219.8768,132.8768,123.19988715820313,152.71581733398438,91.68201911621094,110.3168,142.3168,90.3168,50mM 2DG,1h,yes,MN,1.629450415934738,1.4673812148285665,1.722935321138455,1.544981337410622,1.4631698021129071,1.4712301587301588
vLH92_MN_60x-1xzoom_0000_XY17_488.tif,23,4370,1881,2489,0.43043478260869567,973.5536804199219,0.6170431029799921,1016.9666137695312,970.0,4444144.0,1223.792724609375,1292.0,3046020.0,743.28759765625,717.0,1398124.0,False,vLH92_MN_60x-1xzoom_0000_XY17_Dapi-ex_Green-em.tif,600.4878540039062,569.0,2624132.0,708.085205078125,738.0,1762424.0,458.11163330078125,451.0,861708.0,869.8434137695313,1076.669524609375,596.16439765625,822.8768,1144.8768,569.8768,448.80465400390625,556.4020050781251,306.42843330078125,417.3168,586.3168000000001,299.3168,50mM 2DG,1h,yes,MN,1.9381336757750298,1.971827637900032,1.935056873956086,1.9526590403003972,1.945525717814418,1.9039252056683755
vLH92_MN_60x-1xzoom_0000_XY17_488.tif,24,2947,1371,1576,0.46521886664404477,805.4794921875,0.7042436427417544,821.2199096679688,809.0,2420135.0,955.246826171875,988.5,1505469.0,667.1524658203125,644.0,914666.0,False,vLH92_MN_60x-1xzoom_0000_XY17_Dapi-ex_Green-em.tif,622.3858032226562,584.0,1834171.0,712.0342407226562,732.0,1122166.0,519.3325805664062,512.0,712005.0,674.0967096679688,808.123626171875,520.0292658203125,661.8768,841.3768,496.8768,470.70260322265625,560.3510407226563,367.64938056640625,432.3168,580.3168000000001,360.3168,50mM 2DG,1h,yes,MN,1.43210746032161,1.530999489263429,1.4421738650287488,1.449857732879696,1.4144706704500563,1.3789998134974555
vLH92_MN_60x-1xzoom_0000_XY17_488.tif,25,2213,1321,892,0.59692724807953,615.861328125,0.3069553051705087,635.0958251953125,618.0,1405467.0,723.9989013671875,710.5,645807.0,575.0643310546875,574.0,759660.0,False,vLH92_MN_60x-1xzoom_0000_XY17_Dapi-ex_Green-em.tif,354.3465881347656,347.0,784169.0,398.5302734375,390.0,355489.0,324.51171875,323.0,428680.0,487.9726251953125,576.8757013671875,427.9411310546875,470.8768,563.3768,426.8768,202.66338813476563,246.8470734375,172.82851875,195.3168,238.3168,171.3168,50mM 2DG,1h,yes,MN,2.40779861467047,2.410836139031563,2.336976061064173,2.3639827322286973,2.4761025214462036,2.4917392806776686
vLH92_MN_60x-1xzoom_0000_XY18_488.tif,1,4162,1606,2556,0.38587217683805863,412.40403747558594,0.6941564884003203,454.2705383300781,412.0,1890674.0,509.32745361328125,506.0,1301841.0,366.64569091796875,368.0,588833.0,False,vLH92_MN_60x-1xzoom_0000_XY18_Dapi-ex_Green-em.tif,304.2479553222656,289.0,1266280.0,328.62481689453125,329.0,839965.0,265.4514465332031,265.0,426315.0,309.0993383300781,364.15625361328125,221.47449091796875,266.8288,360.8288,222.8288,154.20475532226564,178.58161689453127,115.40824653320314,138.95680000000002,178.95680000000002,114.95680000000002,50mM 2DG,1h,yes,MN,2.004473452742136,1.920228445099484,2.0391586768326144,2.0162899649524353,1.919052559682121,1.9383698919942098
vLH92_MN_60x-1xzoom_0000_XY18_488.tif,2,3027,1483,1544,0.4899240171787248,787.0596923828125,0.6674546200493868,854.0958251953125,782.0,2585348.0,1120.1114501953125,1170.0,1729452.0,577.1382446289062,556.0,855896.0,False,vLH92_MN_60x-1xzoom_0000_XY18_Dapi-ex_Green-em.tif,468.816650390625,426.0,1419108.0,582.1107788085938,603.0,898779.0,350.8624267578125,346.0,520329.0,708.9246251953125,974.9402501953125,431.96704462890625,636.8288,1024.8288,410.8288,318.77345039062504,432.0675788085938,200.81922675781252,275.95680000000004,452.95680000000004,195.95680000000002,50mM 2DG,1h,yes,MN,2.223913642515072,2.307711931722646,2.2564531522676727,2.262530996333425,2.1510243396657303,2.09652739787545
vLH92_MN_60x-1xzoom_0000_XY18_488.tif,3,2147,1148,999,0.5346995808104331,419.1481628417969,0.7637202493731061,457.8341979980469,422.0,982970.0,527.6746826171875,491.0,527147.0,397.058349609375,398.0,455823.0,False,vLH92_MN_60x-1xzoom_0000_XY18_Dapi-ex_Green-em.tif,461.3050842285156,436.0,990422.0,514.1781616210938,482.0,513664.0,415.29443359375,416.0,476758.0,312.6629979980469,382.5034826171875,251.887149609375,276.8288,345.8288,252.8288,311.26188422851567,364.1349616210938,265.25123359375004,285.95680000000004,331.95680000000004,265.95680000000004,50mM 2DG,1h,yes,MN,1.0045013984703073,0.9680790944646183,1.0504442663629958,1.0417885700789982,0.9496172598207666,0.950638599953075
vLH92_MN_60x-1xzoom_0000_XY18_488.tif,4,3741,1800,1942,0.48115477145148355,1055.6812744140625,0.557764512833611,1062.517822265625,1050.0,3974879.0,1292.8414306640625,1299.0,2510698.0,813.848876953125,790.0,1464928.0,False,vLH92_MN_60x-1xzoom_0000_XY18_Dapi-ex_Green-em.tif,545.3865356445312,543.0,2040291.0,634.7955932617188,636.0,1232773.0,448.8455505371094,441.0,807922.0,917.346622265625,1147.6702306640625,668.677676953125,904.8288,1153.8288,644.8288,395.3433356445313,484.7523932617188,298.8023505371094,392.95680000000004,485.95680000000004,290.95680000000004,50mM 2DG,1h,yes,MN,2.3203796284312412,2.3026164708181662,2.3675390707033253,2.374344386167659,2.23785949391345,2.2162355373718707
vLH92_MN_60x-1xzoom_0000_XY18_488.tif,5,1246,325,921,0.2608346709470305,779.3555908203125,0.4710591021265965,781.6709594726562,780.0,973962.0,831.8479614257812,839.0,766132.0,639.4769287109375,637.0,207830.0,False,vLH92_MN_60x-1xzoom_0000_XY18_Dapi-ex_Green-em.tif,458.13885498046875,453.0,570841.0,474.64385986328125,477.0,437147.0,411.36614990234375,410.0,133694.0,636.4997594726563,686.6767614257813,494.3057287109375,634.8288,693.8288,491.8288,308.0956549804688,324.6006598632813,261.3229499023438,302.95680000000004,326.95680000000004,259.95680000000004,50mM 2DG,1h,yes,MN,2.0659160529641554,2.09544331072945,2.1154509104048125,2.1220809599310977,1.8915511588081309,1.8919635877961258
vLH92_MN_60x-1xzoom_0000_XY18_488.tif,6,3195,1579,1616,0.49420970266040687,507.4398498535156,0.7725091478903163,510.8491516113281,512.0,1632163.0,597.0699462890625,592.0,964865.0,422.60797119140625,422.0,667298.0,False,vLH92_MN_60x-1xzoom_0000_XY18_Dapi-ex_Green-em.tif,435.022216796875,411.0,1389896.0,505.8106384277344,473.0,817390.0,362.5750427246094,354.0,572506.0,365.6779516113281,451.8987462890625,277.43677119140625,366.8288,446.8288,276.8288,284.97901679687504,355.7674384277344,212.5318427246094,260.95680000000004,322.95680000000004,203.95680000000002,50mM 2DG,1h,yes,MN,1.2831750060811424,1.4057069982464527,1.2702082806851782,1.3835559430858861,1.3053891954952754,1.3572913479717272
vLH92_MN_60x-1xzoom_0000_XY18_488.tif,7,1015,466,550,0.45911330049261084,543.327392578125,0.703208354762688,535.7852172851562,542.0,543822.0,568.3109130859375,568.0,312571.0,497.0772399902344,504.0,231638.0,False,vLH92_MN_60x-1xzoom_0000_XY18_Dapi-ex_Green-em.tif,387.2098388671875,389.0,393018.0,413.5218200683594,411.0,227437.0,355.96136474609375,354.0,165878.0,390.61401728515625,423.1397130859375,351.9060399902344,396.8288,422.8288,358.8288,237.16663886718752,263.4786200683594,205.91816474609377,238.95680000000002,260.95680000000004,203.95680000000002,50mM 2DG,1h,yes,MN,1.647002374157264,1.660671719741811,1.6059736193249914,1.6203019043765094,1.7089606466925835,1.7593372714221833
vLH92_MN_60x-1xzoom_0000_XY18_488.tif,8,2363,863,1501,0.3652137113838341,897.0969848632812,0.23415488365487047,858.4278564453125,892.0,2028465.0,932.968017578125,953.0,1400385.0,728.6013793945312,720.0,628783.0,False,vLH92_MN_60x-1xzoom_0000_XY18_Dapi-ex_Green-em.tif,446.4490051269531,449.0,1054959.0,473.2618103027344,466.0,710366.0,399.7948913574219,398.0,345023.0,713.2566564453125,787.796817578125,583.4301793945313,746.8288,807.8288,574.8288,296.40580512695317,323.2186103027344,249.7516913574219,298.95680000000004,315.95680000000004,247.95680000000002,50mM 2DG,1h,yes,MN,2.4063518463810736,2.4981161157732483,2.437349807426792,2.556769786249259,2.3360409542115135,2.3182618907809744
vLH92_MN_60x-1xzoom_0000_XY18_488.tif,9,4335,1989,2346,0.4588235294117647,710.5332641601562,0.6409105125557691,758.42724609375,715.0,3287782.0,893.7872924804688,919.0,2096825.0,598.771728515625,590.0,1190957.0,False,vLH92_MN_60x-1xzoom_0000_XY18_Dapi-ex_Green-em.tif,371.3635559082031,349.0,1609861.0,423.65899658203125,417.0,993904.0,309.6817626953125,308.0,615957.0,613.25604609375,748.6160924804688,453.600528515625,569.8288,773.8288,444.8288,221.32035590820314,273.6157965820313,159.63856269531252,198.95680000000002,266.95680000000004,157.95680000000002,50mM 2DG,1h,yes,MN,2.7708976139009542,2.8640830572264933,2.736011962145724,2.8987042098197158,2.8414220277175177,2.816142135064777
vLH92_MN_60x-1xzoom_0000_XY18_488.tif,10,2964,1527,1437,0.5151821862348178,969.8288269042969,0.538360024972026,1085.644775390625,973.0,3217851.0,1289.656982421875,1290.0,1853237.0,893.6568603515625,904.0,1364614.0,False,vLH92_MN_60x-1xzoom_0000_XY18_Dapi-ex_Green-em.tif,522.98583984375,484.0,1550130.0,600.3319702148438,595.0,862677.0,450.19842529296875,449.0,687453.0,940.473575390625,1144.485782421875,748.4856603515625,827.8288,1144.8288,758.8288,372.94263984375004,450.2887702148438,300.1552252929688,333.95680000000004,444.95680000000004,298.95680000000004,50mM 2DG,1h,yes,MN,2.5217646761567694,2.4788499590366175,2.541670719160535,2.5728987623068122,2.4936619364896857,2.5382556944682304
vLH92_MN_60x-1xzoom_0000_XY18_488.tif,11,2663,1277,1386,0.4795343597446489,423.7976989746094,0.748023146290469,442.2215576171875,425.0,1177636.0,544.1846923828125,557.5,754240.0,331.5552062988281,322.0,423396.0,False,vLH92_MN_60x-1xzoom_0000_XY18_Dapi-ex_Green-em.tif,337.3582458496094,314.0,898385.0,396.56060791015625,399.5,549633.0,273.1025695800781,266.0,348752.0,297.0503576171875,399.0134923828125,186.38400629882813,279.8288,412.3288,176.8288,187.3150458496094,246.51740791015627,123.05936958007814,163.95680000000002,249.45680000000002,115.95680000000002,50mM 2DG,1h,yes,MN,1.585832874608919,1.7067227464795602,1.6186016872619142,1.6529066355376962,1.5145860647168592,1.5249541208450041
vLH92_MN_60x-1xzoom_0000_XY19_488.tif,1,1782,987,795,0.5538720538720538,439.44334411621094,0.22583748668821974,466.9668884277344,442.0,832135.0,540.2905883789062,513.0,429531.0,407.90679931640625,408.0,402604.0,False,vLH92_MN_60x-1xzoom_0000_XY19_Dapi-ex_Green-em.tif,397.295166015625,374.5,707980.0,456.5773620605469,447.0,362979.0,349.5450744628906,343.0,345001.0,321.4196884277344,394.7433883789063,262.3595993164063,296.4528,367.4528,262.4528,247.835966015625,307.11816206054687,200.08587446289062,225.0408,297.5408,193.5408,50mM 2DG,1h,yes,MN,1.296904939162342,1.3173291243187903,1.2853143745405864,1.2349660954060755,1.3112349885801928,1.356059290857535
vLH92_MN_60x-1xzoom_0000_XY19_488.tif,2,3810,1928,1886,0.5060367454068242,552.6205139160156,0.1720742592241549,562.1907958984375,547.0,2141947.0,661.0917358398438,660.5,1246819.0,465.01763916015625,469.0,896554.0,False,vLH92_MN_60x-1xzoom_0000_XY19_Dapi-ex_Green-em.tif,584.8685302734375,554.0,2228349.0,683.1272583007812,684.0,1288378.0,488.1856994628906,511.0,941222.0,416.6435958984375,515.5445358398438,319.4704391601563,401.4528,514.9528,323.4528,435.4093302734375,533.6680583007812,338.7264994628906,404.5408,534.5408,361.5408,50mM 2DG,1h,yes,MN,0.9569009364975825,0.9923666537466679,0.9660397091805655,0.9633554632312445,0.9431515977248071,0.8946508941729399
vLH92_MN_60x-1xzoom_0000_XY19_488.tif,3,2915,1493,1423,0.5121783876500857,572.7142944335938,0.5107917219371496,618.9869384765625,571.0,1804347.0,760.1314086914062,781.0,1081667.0,484.2196960449219,482.0,722940.0,False,vLH92_MN_60x-1xzoom_0000_XY19_Dapi-ex_Green-em.tif,384.1715393066406,364.0,1119860.0,450.14898681640625,451.0,640562.0,321.177490234375,319.0,479518.0,473.4397384765625,614.5842086914063,338.6724960449219,425.4528,635.4528,336.4528,234.71233930664062,300.68978681640624,171.718290234375,214.5408,301.5408,169.5408,50mM 2DG,1h,yes,MN,2.017106300738777,1.9830857347413642,2.043914478101833,2.1073526368571023,1.972256394951722,1.9844945877334543
vLH92_MN_60x-1xzoom_0000_XY19_488.tif,4,3114,1890,1224,0.6069364161849711,451.9208221435547,0.377265739159602,456.302490234375,451.0,1420926.0,502.0555419921875,489.5,614516.0,426.6719665527344,429.0,806410.0,False,vLH92_MN_60x-1xzoom_0000_XY19_Dapi-ex_Green-em.tif,404.1322937011719,413.0,1258468.0,458.3431396484375,447.0,561012.0,369.02435302734375,388.0,697456.0,310.755290234375,356.5083419921875,281.1247665527344,305.4528,343.9528,283.4528,254.67309370117187,308.8839396484375,219.56515302734374,263.5408,297.5408,238.5408,50mM 2DG,1h,yes,MN,1.2202124917012587,1.159034198879263,1.1541821902360956,1.1559853304151901,1.2803705992349537,1.188278063962224
vLH92_MN_60x-1xzoom_0000_XY19_488.tif,5,4400,1499,2901,0.3406818181818182,536.2088623046875,0.785971570089482,542.7579345703125,531.0,2388135.0,584.0365600585938,589.0,1694290.0,462.8719177246094,462.0,693845.0,False,vLH92_MN_60x-1xzoom_0000_XY19_Dapi-ex_Green-em.tif,388.5133972167969,376.5,1709459.0,423.8049011230469,419.0,1229458.0,320.2141418457031,319.0,480001.0,397.2107345703125,438.4893600585938,317.3247177246094,385.4528,443.4528,316.4528,239.05419721679687,274.34570112304687,170.75494184570312,227.0408,269.5408,169.5408,50mM 2DG,1h,yes,MN,1.6615928069653778,1.6977248142184138,1.5983095716959195,1.6452158634240162,1.8583633029569888,1.866528882723215
vLH92_MN_60x-1xzoom_0000_XY19_488.tif,6,2726,1369,1357,0.5022010271460015,700.1736145019531,0.4115624191346499,735.856201171875,705.0,2005944.0,816.0198974609375,792.0,1107339.0,656.3952026367188,667.0,898605.0,False,vLH92_MN_60x-1xzoom_0000_XY19_Dapi-ex_Green-em.tif,498.9020690917969,485.0,1360007.0,542.2483520507812,535.0,735831.0,455.93572998046875,460.0,624176.0,590.309001171875,670.4726974609375,510.8480026367188,559.4528,646.4528,521.4528,349.44286909179687,392.78915205078124,306.47652998046874,335.5408,385.5408,310.5408,50mM 2DG,1h,yes,MN,1.6892861562924149,1.667316761478783,1.7069531934890512,1.6767429024373037,1.666842164616241,1.679176456040559
vLH92_MN_60x-1xzoom_0000_XY19_488.tif,7,2611,1219,1392,0.4668709306779012,779.3436889648438,0.8179111100907379,862.119140625,776.0,2250993.0,1027.9166259765625,1084.5,1430860.0,672.7916259765625,674.0,820133.0,False,vLH92_MN_60x-1xzoom_0000_XY19_Dapi-ex_Green-em.tif,483.8598327636719,445.0,1263358.0,563.56103515625,582.0,784477.0,392.847412109375,393.0,478881.0,716.571940625,882.3694259765625,527.2444259765625,630.4528,938.9528,528.4528,334.40063276367187,414.10183515625,243.388212109375,295.5408,432.5408,243.5408,50mM 2DG,1h,yes,MN,2.1428546193314677,2.1332174779252138,2.130802983868991,2.170784351441529,2.166269357940913,2.1698737952737286
vLH92_MN_60x-1xzoom_0000_XY19_488.tif,8,2790,1868,922,0.6695340501792114,602.4610900878906,0.305669068476733,624.1989135742188,608.0,1741515.0,764.08349609375,748.0,704485.0,555.1552734375,555.0,1037030.0,False,vLH92_MN_60x-1xzoom_0000_XY19_Dapi-ex_Green-em.tif,373.1000061035156,364.0,1040949.0,427.8698425292969,417.0,394496.0,346.0669250488281,340.0,646453.0,478.6517135742188,618.53629609375,409.6080734375,462.4528,602.4528,409.4528,223.64080610351562,278.41064252929687,196.60772504882812,214.5408,267.5408,190.5408,50mM 2DG,1h,yes,MN,2.140270024570862,2.155547103394786,2.2216690083198314,2.251816545364296,2.083377310508896,2.1488982936987777
vLH92_MN_60x-1xzoom_0000_XY19_488.tif,9,4000,2118,1882,0.5295,505.4223937988281,0.2276224023886133,516.5992431640625,504.0,2066397.0,600.7529296875,612.0,1130617.0,441.8224792480469,428.0,935780.0,False,vLH92_MN_60x-1xzoom_0000_XY19_Dapi-ex_Green-em.tif,386.61700439453125,372.0,1546468.0,446.4771423339844,447.0,840270.0,333.42681884765625,325.0,706198.0,371.0520431640625,455.2057296875,296.2752792480469,358.4528,466.4528,282.4528,237.15780439453124,297.01794233398437,183.96761884765624,222.5408,297.5408,175.5408,50mM 2DG,1h,yes,MN,1.5645786741505978,1.6107284596802027,1.5325866380679456,1.5676935734527837,1.6104751537464468,1.6090435955629692
vLH92_MN_60x-1xzoom_0000_XY19_488.tif,10,1832,1028,804,0.5611353711790393,451.9519805908203,0.3066826207292715,455.9061279296875,451.0,835220.0,501.578369140625,493.0,403269.0,420.185791015625,420.0,431951.0,False,vLH92_MN_60x-1xzoom_0000_XY19_Dapi-ex_Green-em.tif,425.1304626464844,426.0,778839.0,442.4415283203125,442.0,355723.0,411.5914306640625,411.0,423116.0,310.3589279296875,356.031169140625,274.638591015625,305.4528,347.4528,274.4528,275.67126264648437,292.9823283203125,262.1322306640625,276.5408,292.5408,261.5408,50mM 2DG,1h,yes,MN,1.1258298197287469,1.1045487682106945,1.215196736205135,1.1877071505923278,1.0477101206512456,1.04936897034803
vLH92_MN_60x-1xzoom_0000_XY19_488.tif,11,2453,1241,1212,0.5059111292295149,295.0821533203125,0.8105164913721717,326.3216552734375,300.0,800467.0,382.5932312011719,388.5,463703.0,271.3650207519531,270.0,336764.0,False,vLH92_MN_60x-1xzoom_0000_XY19_Dapi-ex_Green-em.tif,283.0962219238281,256.0,694435.0,330.61798095703125,319.5,400709.0,236.6849365234375,236.0,293726.0,180.7744552734375,237.04603120117187,125.81782075195312,154.4528,242.9528,124.4528,133.63702192382812,181.15878095703124,87.22573652343749,106.54079999999999,170.0408,86.54079999999999,50mM 2DG,1h,yes,MN,1.3527273555712525,1.4497056526701508,1.3084987100757564,1.4287912077571971,1.4424391901597295,1.438082384262683
vLH92_MN_60x-1xzoom_0000_XY19_488.tif,12,3465,1655,1810,0.47763347763347763,510.5907287597656,0.4137186137765324,563.0816650390625,513.0,1951078.0,659.7684936523438,676.0,1194181.0,457.3395690917969,465.0,756897.0,False,vLH92_MN_60x-1xzoom_0000_XY19_Dapi-ex_Green-em.tif,386.4891662597656,352.0,1339185.0,449.44696044921875,454.0,813499.0,317.6350402832031,320.0,525686.0,417.5344650390625,514.2212936523438,311.7923690917969,367.4528,530.4528,319.4528,237.02996625976562,299.98776044921874,168.17584028320312,202.5408,304.5408,170.5408,50mM 2DG,1h,yes,MN,1.7615260704272244,1.8142161974278765,1.714140913223658,1.7418119345585223,1.8539664708482968,1.873175216722333
vLH92_MN_60x-1xzoom_0000_XY19_488.tif,13,3307,1375,1932,0.41578469912307225,910.560546875,0.49649629191371764,964.0284423828125,923.0,3188042.0,1034.478759765625,1079.0,1998613.0,865.0392456054688,882.0,1189429.0,False,vLH92_MN_60x-1xzoom_0000_XY19_Dapi-ex_Green-em.tif,505.90625,478.0,1673032.0,550.9751586914062,558.0,1064484.0,442.5803527832031,447.0,608548.0,818.4812423828125,888.931559765625,719.4920456054688,777.4528,933.4528,736.4528,356.44705,401.51595869140624,293.1211527832031,328.5408,408.5408,297.5408,50mM 2DG,1h,yes,MN,2.2962211144202556,2.3663812835422573,2.213938301886607,2.2848459688726317,2.454589301296915,2.475132149943806
vLH92_MN_60x-1xzoom_0000_XY19_488.tif,14,2843,1323,1520,0.46535349982412944,442.10015869140625,0.5431569457761243,471.7756042480469,442.0,1341258.0,542.8072509765625,531.5,825067.0,390.16705322265625,389.0,516191.0,False,vLH92_MN_60x-1xzoom_0000_XY19_Dapi-ex_Green-em.tif,350.0467834472656,305.0,995183.0,418.2335510253906,344.0,635715.0,271.70672607421875,269.0,359468.0,326.2284042480469,397.2600509765625,244.61985322265625,296.4528,385.9528,243.4528,200.58758344726562,268.7743510253906,122.24752607421874,155.5408,194.5408,119.54079999999999,50mM 2DG,1h,yes,MN,1.6263638987096736,1.9059487928569228,1.4780430106555595,1.983916998387999,2.001020888342092,2.0365665948362404
vLH92_MN_60x-1xzoom_0000_XY19_488.tif,15,3831,1916,1916,0.5001305142260506,496.27703857421875,0.27640115878089266,505.4239196777344,498.0,1936279.0,581.0281982421875,584.0,1113250.0,429.7572937011719,424.0,823415.0,False,vLH92_MN_60x-1xzoom_0000_XY19_Dapi-ex_Green-em.tif,360.022705078125,347.0,1379247.0,406.3945617675781,407.0,778652.0,313.6169128417969,312.0,600890.0,359.8767196777344,435.4809982421875,284.2100937011719,352.4528,438.4528,278.4528,210.563505078125,256.9353617675781,164.15771284179687,197.5408,257.5408,162.5408,50mM 2DG,1h,yes,MN,1.7091125052473362,1.7842025546115032,1.6949048789793306,1.7024595714543096,1.7313234253883196,1.713125566011734
vLH92_MN_60x-1xzoom_0000_XY19_488.tif,16,4291,1881,2410,0.4383593567932883,423.3545837402344,0.333190274857682,442.7769775390625,423.0,1899956.0,496.0252990722656,501.0,1195421.0,374.5534362792969,372.0,704535.0,False,vLH92_MN_60x-1xzoom_0000_XY19_Dapi-ex_Green-em.tif,316.4285583496094,299.0,1357795.0,351.6153564453125,341.0,847393.0,271.3460998535156,267.0,510402.0,297.2297775390625,350.47809907226565,229.00623627929687,277.4528,355.4528,226.4528,166.96935834960937,202.1561564453125,121.88689985351562,149.5408,191.5408,117.54079999999999,50mM 2DG,1h,yes,MN,1.780145653531871,1.8553652247413417,1.7336998547807143,1.8557550140753303,1.878842078636161,1.9265888950900454
vLH92_MN_60x-1xzoom_0000_XY20_488.tif,1,1643,0,1643,0.0,468.5797424316406,,459.9239196777344,466.0,755655.0,459.9239196777344,466.0,755655.0,,,,True,vLH92_MN_60x-1xzoom_0000_XY20_Dapi-ex_Green-em.tif,277.10711669921875,276.0,455287.0,277.10711669921875,276.0,455287.0,,,,316.03591967773434,316.03591967773434,,322.11199999999997,322.11199999999997,,128.46071669921875,128.46071669921875,,127.3536,127.3536,,50mM 2DG,1h,yes,MN,2.460175591404406,2.5292728277802903,2.460175591404406,2.5292728277802903,,
vLH92_MN_60x-1xzoom_0000_XY20_488.tif,2,2668,1330,1338,0.4985007496251874,244.4192886352539,0.7231609812207888,271.40106201171875,249.0,724098.0,310.9013366699219,307.5,415986.0,231.6631622314453,232.0,308112.0,False,vLH92_MN_60x-1xzoom_0000_XY20_Dapi-ex_Green-em.tif,257.4299011230469,228.0,686823.0,300.41778564453125,269.5,401959.0,214.18345642089844,214.0,284864.0,127.51306201171874,167.01333666992187,87.77516223144531,105.112,163.612,88.112,108.78350112304688,151.77138564453125,65.53705642089844,79.3536,120.8536,65.3536,50mM 2DG,1h,yes,MN,1.1721728083331915,1.3246027905476248,1.1004270400554246,1.3538032793396306,1.339321095957181,1.3482348332762082
vLH92_MN_60x-1xzoom_0000_XY20_488.tif,3,2268,1056,1212,0.4656084656084656,535.6183471679688,0.7312564967803439,574.6618041992188,543.0,1303333.0,633.47607421875,610.0,767773.0,507.1590881347656,508.0,535560.0,False,vLH92_MN_60x-1xzoom_0000_XY20_Dapi-ex_Green-em.tif,367.53924560546875,354.0,833579.0,393.8127136230469,382.0,477301.0,337.38446044921875,338.0,356278.0,430.7738041992187,489.58807421874997,363.2710881347656,399.11199999999997,466.11199999999997,364.11199999999997,218.89284560546875,245.16631362304688,188.73806044921875,205.3536,233.3536,189.3536,50mM 2DG,1h,yes,MN,1.9679665774716228,1.9435354432549512,1.9969630696144962,1.9974493643980635,1.924736787429826,1.9229209267740353
vLH92_MN_60x-1xzoom_0000_XY20_488.tif,4,3896,1750,2146,0.4491786447638604,1097.1484375,0.6125197588514789,1146.48046875,1111.0,4466688.0,1275.2176513671875,1319.0,2736617.0,988.6119995117188,985.0,1730071.0,False,vLH92_MN_60x-1xzoom_0000_XY20_Dapi-ex_Green-em.tif,737.6506958007812,716.0,2873887.0,806.7637329101562,830.0,1731315.0,652.8983154296875,649.0,1142572.0,1002.59246875,1131.3296513671876,844.7239995117187,967.112,1175.112,841.112,589.0042958007813,658.1173329101563,504.25191542968753,567.3536,681.3536,500.35360000000003,50mM 2DG,1h,yes,MN,1.7021819295679745,1.7046018567609333,1.7190394399194961,1.7246727690291797,1.6752023614861338,1.6810351719264134
vLH92_MN_60x-1xzoom_0000_XY20_488.tif,5,1919,980,939,0.5106826472120897,386.9443359375,0.3705282728072786,399.93695068359375,388.0,767479.0,431.6602783203125,419.0,405329.0,369.5408020019531,370.0,362150.0,False,vLH92_MN_60x-1xzoom_0000_XY20_Dapi-ex_Green-em.tif,394.728515625,383.0,757484.0,426.8445129394531,408.0,400807.0,363.95611572265625,367.0,356677.0,256.0489506835937,287.77227832031247,225.65280200195312,244.112,275.11199999999997,226.112,246.082115625,278.19811293945315,215.30971572265625,234.3536,259.35360000000003,218.3536,50mM 2DG,1h,yes,MN,1.0405020699423033,1.04163964197691,1.0344149184899145,1.0607602901984008,1.0480381772117517,1.0355313583105568
vLH92_MN_60x-1xzoom_0000_XY20_488.tif,6,2498,1249,1249,0.5,362.48284912109375,0.469944486075956,380.3691101074219,366.0,950162.0,419.82464599609375,408.0,524361.0,340.9135437011719,341.0,425801.0,False,vLH92_MN_60x-1xzoom_0000_XY20_Dapi-ex_Green-em.tif,365.4327392578125,356.0,912851.0,393.39471435546875,390.0,491350.0,337.47076416015625,338.0,421501.0,236.48111010742187,275.9366459960937,197.02554370117187,222.112,264.11199999999997,197.112,216.7863392578125,244.74831435546875,188.82436416015625,207.3536,241.3536,189.3536,50mM 2DG,1h,yes,MN,1.0908487634277888,1.0711750362665513,1.1274302203990973,1.0942948437479283,1.0434328460603717,1.0409730789380292
vLH92_MN_60x-1xzoom_0000_XY20_488.tif,7,2547,1230,1317,0.4829210836277974,373.0624084472656,0.8604929546962328,399.4051818847656,377.0,1017285.0,447.79803466796875,447.0,589750.0,347.58941650390625,347.0,427535.0,False,vLH92_MN_60x-1xzoom_0000_XY20_Dapi-ex_Green-em.tif,364.8983154296875,353.0,929396.0,394.7547607421875,394.0,519892.0,332.9300842285156,332.0,409504.0,255.51718188476562,303.9100346679687,203.70141650390624,233.112,303.11199999999997,203.112,216.2519154296875,246.1083607421875,184.28368422851563,204.3536,245.3536,183.3536,50mM 2DG,1h,yes,MN,1.1815718782284954,1.1407286194126258,1.2348626993063911,1.235408814054491,1.1053687002008936,1.1077611784006423
vLH92_MN_60x-1xzoom_0000_XY20_488.tif,8,1904,960,944,0.5042016806722689,343.25840759277344,0.7595771864083435,376.87237548828125,344.0,717565.0,438.07733154296875,413.0,413545.0,316.6875,315.0,304020.0,False,vLH92_MN_60x-1xzoom_0000_XY20_Dapi-ex_Green-em.tif,322.1580810546875,301.0,613389.0,366.3389892578125,354.0,345824.0,278.7135314941406,278.0,267565.0,232.98437548828124,294.1893315429687,172.7995,200.112,269.11199999999997,171.112,173.5116810546875,217.6925892578125,130.06713149414063,152.3536,205.3536,129.3536,50mM 2DG,1h,yes,MN,1.3427590239002358,1.3134707680028566,1.351398008292149,1.3104810434294796,1.3285408697414414,1.3228236400069266
vLH92_MN_60x-1xzoom_0000_XY20_488.tif,9,2674,1389,1285,0.5194465220643231,279.03587341308594,0.2519261200381819,289.7961730957031,278.0,774915.0,320.0926208496094,306.0,411319.0,261.7681884765625,260.0,363596.0,False,vLH92_MN_60x-1xzoom_0000_XY20_Dapi-ex_Green-em.tif,299.1159362792969,294.0,799836.0,312.9393005371094,308.0,402127.0,286.32757568359375,285.0,397709.0,145.90817309570312,176.20462084960937,117.8801884765625,134.112,162.112,116.112,150.46953627929688,164.29290053710938,137.68117568359375,145.3536,159.3536,136.3536,50mM 2DG,1h,yes,MN,0.9696858028782178,0.9226603262664289,1.0725029521881833,1.0173099321257881,0.8561823204318354,0.8515506741296159
vLH92_MN_60x-1xzoom_0000_XY20_488.tif,10,1821,870,951,0.47775947281713343,372.3479919433594,0.8141328358920191,397.0614929199219,376.0,723049.0,438.78338623046875,430.0,417283.0,351.4551696777344,352.0,305766.0,False,vLH92_MN_60x-1xzoom_0000_XY20_Dapi-ex_Green-em.tif,411.84075927734375,390.0,749962.0,450.5793762207031,435.0,428501.0,369.4953918457031,368.0,321461.0,253.17349291992187,294.8953862304687,207.56716967773437,232.112,286.11199999999997,208.112,263.1943592773438,301.93297622070315,220.84899184570313,241.3536,286.35360000000003,219.3536,50mM 2DG,1h,yes,MN,0.9619259835775495,0.9617092929212574,0.9766915489711525,0.9991562878902166,0.9398601639202947,0.9487512400070024
vLH92_MN_60x-1xzoom_0000_XY20_488.tif,11,2635,1243,1392,0.47172675521821633,443.0965881347656,0.8298476147652842,476.8060607910156,451.0,1256384.0,529.0265502929688,527.5,736405.0,418.3258361816406,424.0,519979.0,False,vLH92_MN_60x-1xzoom_0000_XY20_Dapi-ex_Green-em.tif,492.91461181640625,469.0,1298830.0,542.2147827148438,536.0,754763.0,437.7047424316406,442.0,544067.0,332.9180607910156,385.1385502929687,274.4378361816406,307.11199999999997,383.61199999999997,280.11199999999997,344.2682118164063,393.5683827148438,289.05834243164065,320.35360000000003,387.35360000000003,293.35360000000003,50mM 2DG,1h,yes,MN,0.967031080315241,0.9586656744297549,0.9785810222769271,0.9903406086841582,0.9494202238655068,0.9548613004919658
vLH92_MN_60x-1xzoom_0000_XY20_488.tif,12,3250,1647,1603,0.5067692307692307,527.7255249023438,0.7870114611584733,554.3187866210938,523.0,1801536.0,666.60009765625,673.0,1068560.0,445.03704833984375,439.0,732976.0,False,vLH92_MN_60x-1xzoom_0000_XY20_Dapi-ex_Green-em.tif,401.05169677734375,385.0,1303418.0,463.8091125488281,463.0,743486.0,339.9708557128906,334.0,559932.0,410.4307866210937,522.71209765625,301.1490483398437,379.11199999999997,529.112,295.11199999999997,252.40529677734375,315.16271254882815,191.32445571289063,236.3536,314.35360000000003,185.3536,50mM 2DG,1h,yes,MN,1.6260783424967116,1.604003493071398,1.6585467659828768,1.6831746161011036,1.5740227626297831,1.5921568288935308
vLH92_MN_60x-1xzoom_0000_XY20_488.tif,13,3780,1955,1826,0.5171957671957672,515.6862182617188,0.33602315851560116,540.765625,517.0,2044094.0,612.3576049804688,601.0,1118165.0,473.8915710449219,474.0,926458.0,False,vLH92_MN_60x-1xzoom_0000_XY20_Dapi-ex_Green-em.tif,430.0301513671875,431.0,1625514.0,480.91619873046875,473.0,878153.0,382.4869689941406,369.0,747762.0,396.87762499999997,468.4696049804687,330.00357104492184,373.11199999999997,457.11199999999997,330.11199999999997,281.38375136718753,332.2697987304688,233.84056899414063,282.35360000000003,324.35360000000003,220.3536,50mM 2DG,1h,yes,MN,1.4104496904019892,1.3214352499844164,1.4099072704482623,1.4093014537221105,1.4112331853468538,1.4981012336535457
vLH92_MN_60x-1xzoom_0000_XY20_488.tif,14,2786,1299,1487,0.4662598707824838,689.6297607421875,0.4169471651157845,694.4013061523438,687.0,1934602.0,758.1640625,748.0,1127390.0,621.4103393554688,619.0,807212.0,False,vLH92_MN_60x-1xzoom_0000_XY20_Dapi-ex_Green-em.tif,525.9616088867188,509.0,1465329.0,550.8271484375,527.0,819080.0,497.497314453125,487.0,646249.0,550.5133061523437,614.2760625,477.5223393554687,543.112,604.112,475.11199999999997,377.3152088867188,402.18074843750003,348.85091445312503,360.35360000000003,378.35360000000003,338.35360000000003,50mM 2DG,1h,yes,MN,1.4590276065909238,1.5071640743980355,1.5273631691385152,1.596686274426885,1.368843593556448,1.4041878082573969
vLH92_MN_60x-1xzoom_0000_XY20_488.tif,15,2209,1077,1132,0.4875509280217293,478.6042175292969,0.6845293627243404,513.2286376953125,482.0,1133722.0,570.5874633789062,530.0,645905.0,452.9405822753906,453.0,487817.0,False,vLH92_MN_60x-1xzoom_0000_XY20_Dapi-ex_Green-em.tif,499.748291015625,489.0,1103944.0,530.9832153320312,520.0,601073.0,466.9183044433594,470.0,502871.0,369.34063769531247,426.6994633789062,309.0525822753906,338.11199999999997,386.11199999999997,309.11199999999997,351.10189101562503,382.3368153320313,318.2719044433594,340.35360000000003,371.35360000000003,321.35360000000003,50mM 2DG,1h,yes,MN,1.051947161625728,0.993413908358836,1.1160302808097338,1.0397421756514544,0.9710331887946788,0.9619061370403192
vLH92_MN_60x-1xzoom_0000_XY20_488.tif,16,2080,1035,1045,0.49759615384615385,694.92236328125,0.7767870962917435,734.5894165039062,693.0,1527946.0,856.953125,854.0,895516.0,611.04345703125,607.0,632430.0,False,vLH92_MN_60x-1xzoom_0000_XY20_Dapi-ex_Green-em.tif,537.9139404296875,505.0,1118861.0,612.7005004882812,609.0,640272.0,462.4048156738281,462.0,478589.0,590.7014165039062,713.065125,467.15545703124997,549.112,710.112,463.11199999999997,389.26754042968753,464.0541004882813,313.75841567382815,356.35360000000003,460.35360000000003,313.35360000000003,50mM 2DG,1h,yes,MN,1.517468977382159,1.5409189075120888,1.5365991255108131,1.5425359984151312,1.4889017591065599,1.477921428060823
vLH92_MN_60x-1xzoom_0000_XY20_488.tif,17,2831,1399,1432,0.4941716707877075,438.7621154785156,0.7453394191558634,482.3878479003906,445.0,1365640.0,563.1976318359375,562.0,806499.0,399.6719055175781,401.0,559141.0,False,vLH92_MN_60x-1xzoom_0000_XY20_Dapi-ex_Green-em.tif,471.0596923828125,443.0,1333570.0,538.3009643554688,545.0,770847.0,402.2322998046875,404.0,562723.0,338.4998479003906,419.30963183593747,255.78390551757812,301.11199999999997,418.11199999999997,257.11199999999997,322.41329238281253,389.6545643554688,253.5858998046875,294.35360000000003,396.35360000000003,255.3536,50mM 2DG,1h,yes,MN,1.0498942069003716,1.0229601404569195,1.076106044156114,1.0548964359097532,1.0086676968813468,1.0068861374971803
vLH92_MN_60x-1xzoom_0000_XY20_488.tif,18,3305,1530,1775,0.4629349470499244,571.322509765625,0.5853353289564945,574.9896850585938,573.0,1900341.0,608.9989013671875,614.0,1080973.0,535.53466796875,537.0,819368.0,False,vLH92_MN_60x-1xzoom_0000_XY20_Dapi-ex_Green-em.tif,402.3785095214844,401.0,1329861.0,420.1408386230469,422.0,745750.0,381.7718811035156,381.0,584111.0,431.1016850585937,465.11090136718747,391.64666796874997,429.11199999999997,470.11199999999997,393.11199999999997,253.73210952148438,271.4944386230469,233.12548110351563,252.3536,273.35360000000003,232.3536,50mM 2DG,1h,yes,MN,1.6990426866808943,1.700439383468276,1.7131507508076986,1.7197944347541056,1.6799822401003242,1.6918696331797742
vLH92_MN_60x-1xzoom_0000_XY20_488.tif,19,2133,1099,1034,0.5152367557430848,1329.2503662109375,0.4855406287588124,1357.2015380859375,1334.0,2894911.0,1538.4564208984375,1490.0,1590764.0,1186.6669921875,1244.0,1304147.0,False,vLH92_MN_60x-1xzoom_0000_XY20_Dapi-ex_Green-em.tif,685.9657592773438,680.0,1463165.0,760.55224609375,758.5,786411.0,615.7907104492188,633.0,676754.0,1213.3135380859376,1394.5684208984376,1042.7789921875,1190.112,1346.112,1100.112,537.3193592773438,611.90584609375,467.1443104492188,531.3536,609.8536,484.35360000000003,50mM 2DG,1h,yes,MN,2.2580864008282853,2.239774041241087,2.279057194503051,2.207270728581417,2.2322416625062504,2.271299315211036
vLH92_MN_60x-1xzoom_0001_XY01_488.tif,1,3931,1985,1947,0.50496056982956,1150.420166015625,0.40206743692682245,1272.678955078125,1154.0,5002901.0,1586.786865234375,1684.0,3089474.0,964.1163940429688,1064.0,1913771.0,False,vLH92_MN_60x-1xzoom_0001_XY01_Dapi-ex_Green-em.tif,550.6342163085938,502.0,2164543.0,663.5038452148438,696.0,1291842.0,439.77984619140625,458.0,872963.0,1128.310955078125,1442.418865234375,819.7483940429688,1009.6320000000001,1539.632,919.6320000000001,401.42301630859373,514.2926452148438,290.56864619140623,352.7888,546.7888,308.7888,10mM 2DG,1h,yes,MN,2.8107779306075877,2.8618595601674435,2.804665551131516,2.8157709155710577,2.8211866792502316,2.9781909188416162
vLH92_MN_60x-1xzoom_0001_XY01_488.tif,2,5129,2101,3028,0.40963150711639695,450.1986083984375,0.3942100698813896,445.0345153808594,447.0,2282582.0,497.3675842285156,498.5,1506029.0,369.61114501953125,365.0,776553.0,False,vLH92_MN_60x-1xzoom_0001_XY01_Dapi-ex_Green-em.tif,433.26300048828125,442.0,2222206.0,476.9508056640625,486.0,1444207.0,370.29937744140625,366.0,777999.0,300.6665153808594,352.99958422851563,225.24314501953126,302.632,354.132,220.632,284.05180048828123,327.7396056640625,221.08817744140623,292.7888,336.7888,216.78879999999998,10mM 2DG,1h,yes,MN,1.05849184854318,1.0336187723027657,1.0770733171331908,1.0514957742062683,1.0187932598939,1.0177278530994223
vLH92_MN_60x-1xzoom_0001_XY01_488.tif,3,3760,1681,2079,0.44707446808510637,424.91062927246094,0.6532588189863828,452.3470764160156,429.0,1700825.0,498.5473937988281,504.0,1036480.0,395.2082214355469,397.0,664345.0,False,vLH92_MN_60x-1xzoom_0001_XY01_Dapi-ex_Green-em.tif,360.6768493652344,339.0,1356145.0,394.9932556152344,391.0,821191.0,318.2355651855469,318.0,534954.0,307.97907641601563,354.17939379882813,250.84022143554688,284.632,359.632,252.632,211.46564936523436,245.78205561523436,169.02436518554686,189.78879999999998,241.78879999999998,168.78879999999998,10mM 2DG,1h,yes,MN,1.4564023865837776,1.4997302264411811,1.4410303181501871,1.4873807223494224,1.4840477061409845,1.4967343804802216
vLH92_MN_60x-1xzoom_0001_XY01_488.tif,4,3585,1803,1782,0.502928870292887,475.052978515625,0.6510420467784968,536.9065551757812,482.0,1924810.0,624.9736328125,597.5,1113703.0,449.865234375,452.0,811107.0,False,vLH92_MN_60x-1xzoom_0001_XY01_Dapi-ex_Green-em.tif,415.06414794921875,390.0,1488005.0,461.7126770019531,463.0,822772.0,368.9589538574219,367.0,665233.0,392.53855517578126,480.6056328125,305.497234375,337.632,453.132,307.632,265.85294794921873,312.5014770019531,219.74775385742186,240.78879999999998,313.7888,217.78879999999998,10mM 2DG,1h,yes,MN,1.476525117377149,1.4021914640548068,1.5379307561144624,1.4440668373122305,1.3902177793053334,1.4125244273351065
vLH92_MN_60x-1xzoom_0001_XY01_488.tif,5,3250,1655,1595,0.5092307692307693,572.1183471679688,0.5178127192515539,601.0277099609375,574.0,1953340.0,738.2344970703125,722.0,1177484.0,468.795166015625,459.0,775856.0,False,vLH92_MN_60x-1xzoom_0001_XY01_Dapi-ex_Green-em.tif,395.6067810058594,387.0,1285722.0,465.9962463378906,464.0,743264.0,327.7691955566406,323.0,542458.0,456.6597099609375,593.8664970703126,324.427166015625,429.632,577.6320000000001,314.632,246.39558100585936,316.7850463378906,178.5579955566406,237.78879999999998,314.7888,173.78879999999998,10mM 2DG,1h,yes,MN,1.853359983554567,1.806779797871052,1.8746670776779033,1.8349826931580797,1.8169288079441566,1.8104273693126371
vLH92_MN_60x-1xzoom_0001_XY02_488.tif,1,973,506,467,0.5200411099691675,207.68148803710938,0.342435528381297,211.11407470703125,207.0,205414.0,224.6702423095703,222.0,104921.0,198.60276794433594,199.0,100493.0,False,vLH92_MN_60x-1xzoom_0001_XY02_Dapi-ex_Green-em.tif,318.9958801269531,319.0,310383.0,334.8544006347656,335.0,156377.0,304.35968017578125,305.0,154006.0,66.07727470703125,79.63344230957031,53.56596794433594,61.9632,76.9632,53.9632,169.80388012695312,185.66240063476562,155.16768017578124,169.808,185.808,155.808,10mM 2DG,1h,yes,MN,0.3891387797359452,0.3649015358522567,0.4289152894571525,0.41420821493154225,0.34521343545030697,0.34634421852536457
vLH92_MN_60x-1xzoom_0001_XY02_488.tif,2,623,382,241,0.6131621187800963,189.4037628173828,0.5928634065266027,188.79293823242188,189.0,117618.0,194.64315795898438,194.0,46909.0,185.1020965576172,185.0,70709.0,False,vLH92_MN_60x-1xzoom_0001_XY02_Dapi-ex_Green-em.tif,260.59710693359375,263.0,162352.0,271.5560302734375,272.0,65445.0,253.68324279785156,258.0,96907.0,43.756138232421876,49.606357958984376,40.06529655761719,43.9632,48.9632,39.9632,111.40510693359374,122.36403027343749,104.49124279785156,113.80799999999999,122.80799999999999,108.80799999999999,10mM 2DG,1h,yes,MN,0.3927660000228176,0.38629270350063266,0.4053998372571814,0.39869715327991667,0.38343209904324127,0.36728181751341815
vLH92_MN_60x-1xzoom_0001_XY02_488.tif,3,972,562,410,0.5781893004115226,199.59418487548828,0.4030725604947457,202.8148193359375,200.0,197136.0,214.89756774902344,214.0,88108.0,194.0,194.0,109028.0,False,vLH92_MN_60x-1xzoom_0001_XY02_Dapi-ex_Green-em.tif,301.5792236328125,295.0,293135.0,322.92193603515625,324.5,132398.0,286.0089111328125,278.5,160737.0,57.7780193359375,69.86076774902344,48.9632,54.9632,68.9632,48.9632,152.3872236328125,173.72993603515624,136.8169111328125,145.808,175.308,129.308,10mM 2DG,1h,yes,MN,0.37915264783061875,0.3769559969274663,0.40212279670031253,0.39338307436055403,0.3578738885024957,0.37865561295511496
vLH92_MN_60x-1xzoom_0001_XY02_488.tif,4,683,366,317,0.5358711566617862,213.6284637451172,0.34538394126682614,214.78770446777344,214.0,146700.0,230.95584106445312,231.0,73213.0,200.78414916992188,199.0,73487.0,False,vLH92_MN_60x-1xzoom_0001_XY02_Dapi-ex_Green-em.tif,293.4656066894531,290.0,200437.0,331.13250732421875,334.0,104969.0,260.8415222167969,259.0,95468.0,69.75090446777344,85.91904106445313,55.747349169921876,68.9632,85.9632,53.9632,144.27360668945312,181.94050732421874,111.64952221679687,140.808,184.808,109.80799999999999,10mM 2DG,1h,yes,MN,0.4834626794761655,0.48976762683938413,0.4722370093832103,0.4651486948616943,0.4993066523085854,0.4914323182281801
vLH92_MN_60x-1xzoom_0001_XY02_488.tif,5,728,442,286,0.6071428571428571,210.49559020996094,0.31469556285759165,212.41346740722656,211.0,154637.0,221.86013793945312,219.0,63452.0,206.3009033203125,206.0,91185.0,False,vLH92_MN_60x-1xzoom_0001_XY02_Dapi-ex_Green-em.tif,341.32281494140625,338.0,248483.0,350.7377624511719,346.0,100311.0,335.23077392578125,333.0,148172.0,67.37666740722656,76.82333793945313,61.2641033203125,65.9632,73.9632,60.9632,192.13081494140624,201.54576245117187,186.03877392578124,188.808,196.808,183.808,10mM 2DG,1h,yes,MN,0.35068121387906614,0.34936655226473456,0.38117069297383505,0.37581399130116666,0.32930825132589486,0.33166782729805017
vLH92_MN_60x-1xzoom_0001_XY02_488.tif,6,452,185,267,0.4092920353982301,228.25159454345703,0.4752436896757406,227.13937377929688,227.0,102667.0,235.4419403076172,235.0,62863.0,215.15675354003906,216.0,39804.0,False,vLH92_MN_60x-1xzoom_0001_XY02_Dapi-ex_Green-em.tif,362.0929260253906,368.0,163666.0,381.681640625,397.0,101909.0,333.8216247558594,330.0,61757.0,82.10257377929688,90.40514030761719,70.11995354003906,81.9632,89.9632,70.9632,212.90092602539062,232.489640625,184.62962475585937,218.808,247.808,180.808,10mM 2DG,1h,yes,MN,0.38563746674124516,0.37458959453036456,0.38885663922307157,0.3630358987603306,0.3797871204730039,0.39247820892880847
vLH92_MN_60x-1xzoom_0001_XY02_488.tif,7,517,212,305,0.41005802707930367,219.06544494628906,0.702122333625943,221.72340393066406,220.0,114631.0,229.5901641845703,228.0,70025.0,210.40565490722656,209.0,44606.0,False,vLH92_MN_60x-1xzoom_0001_XY02_Dapi-ex_Green-em.tif,358.78143310546875,350.0,185490.0,380.57049560546875,371.0,116074.0,327.4339599609375,321.5,69416.0,76.68660393066406,84.55336418457031,65.36885490722656,74.9632,82.9632,63.9632,209.58943310546874,231.37849560546874,178.2419599609375,200.808,221.808,172.308,10mM 2DG,1h,yes,MN,0.36588964812970387,0.37330783634118164,0.36543311409866325,0.37403159489288035,0.3667422357875353,0.37121433711725516
vLH92_MN_60x-1xzoom_0001_XY02_488.tif,8,628,342,286,0.5445859872611465,206.64147186279297,0.3164409002243528,207.70860290527344,207.0,130441.0,214.76922607421875,214.0,61424.0,201.80409240722656,201.0,69017.0,False,vLH92_MN_60x-1xzoom_0001_XY02_Dapi-ex_Green-em.tif,307.4538269042969,305.0,193081.0,328.6748352050781,326.0,94001.0,289.7076110839844,287.0,99080.0,62.67180290527344,69.73242607421875,56.76729240722656,61.9632,68.9632,55.9632,158.26182690429687,179.48283520507812,140.51561108398437,155.808,176.808,137.808,10mM 2DG,1h,yes,MN,0.39600075476932256,0.39768946395563776,0.3885186346345715,0.3900456992896249,0.40399278037012903,0.4060954371299199
vLH92_MN_60x-1xzoom_0001_XY02_488.tif,9,3895,2020,1875,0.5186136071887034,959.1516723632812,0.1323756773242808,986.7352905273438,968.0,3843334.0,1271.199462890625,1287.0,2383499.0,722.6906127929688,789.5,1459835.0,False,vLH92_MN_60x-1xzoom_0001_XY02_Dapi-ex_Green-em.tif,425.2669982910156,420.0,1656415.0,499.2474670410156,502.0,936089.0,356.5970153808594,361.0,720326.0,841.6984905273438,1126.162662890625,577.6538127929688,822.9632,1141.9632,644.4632,276.0749982910156,350.0554670410156,207.40501538085937,270.808,352.808,211.808,10mM 2DG,1h,yes,MN,3.0488037516533617,3.038917609524091,3.217097771418818,3.236783746400308,2.7851487184734602,3.0426763861610517
vLH92_MN_60x-1xzoom_0001_XY02_488.tif,10,3027,1514,1513,0.5001651800462504,243.8235626220703,0.8671208872356573,255.69276428222656,244.0,773982.0,295.4051513671875,296.0,446948.0,216.00660705566406,215.0,327034.0,False,vLH92_MN_60x-1xzoom_0001_XY02_Dapi-ex_Green-em.tif,225.26132202148438,221.0,681866.0,246.06874084472656,246.0,372302.0,204.46763610839844,204.0,309564.0,110.65596428222656,150.3683513671875,70.96980705566406,98.9632,150.9632,69.9632,76.06932202148437,96.87674084472656,55.27563610839843,71.80799999999999,96.80799999999999,54.80799999999999,10mM 2DG,1h,yes,MN,1.454672676732597,1.3781639928698755,1.5521615411092016,1.559408313362532,1.2839256506517362,1.2765143774631442
vLH92_MN_60x-1xzoom_0001_XY02_488.tif,11,3408,1551,1857,0.4551056338028169,383.4272155761719,0.5553534343870666,397.9383850097656,378.0,1356174.0,459.0614013671875,458.0,852477.0,324.75628662109375,323.0,503697.0,False,vLH92_MN_60x-1xzoom_0001_XY02_Dapi-ex_Green-em.tif,386.7681884765625,356.0,1318106.0,429.7549743652344,432.0,798055.0,335.3004455566406,334.0,520051.0,252.90158500976563,314.02460136718753,179.71948662109375,232.9632,312.96320000000003,177.9632,237.5761884765625,280.56297436523437,186.10844555664062,206.808,282.808,184.808,10mM 2DG,1h,yes,MN,1.0645072918775065,1.1264709295578508,1.1192660117667312,1.1066278181663887,0.9656707737446422,0.9629626423098567
vLH92_MN_60x-1xzoom_0001_XY02_488.tif,12,1158,621,537,0.5362694300518135,207.96031188964844,0.3171880643191286,216.15025329589844,207.0,250302.0,235.6033477783203,220.0,126519.0,199.32850646972656,199.0,123783.0,False,vLH92_MN_60x-1xzoom_0001_XY02_Dapi-ex_Green-em.tif,289.4525146484375,288.0,335186.0,312.1806335449219,310.0,167641.0,269.7987060546875,269.0,167545.0,71.11345329589844,90.56654777832031,54.29170646972656,61.9632,74.9632,53.9632,140.2605146484375,162.98863354492187,120.60670605468749,138.808,160.808,119.80799999999999,10mM 2DG,1h,yes,MN,0.5070097844296669,0.44639502045991586,0.5556617403836259,0.46616586239490576,0.45015495610259615,0.45041399572649576
vLH92_MN_60x-1xzoom_0001_XY02_488.tif,13,2809,1431,1378,0.5094339622641509,846.0142822265625,0.3662163260041111,992.8333740234375,836.0,2788869.0,1308.872314453125,1404.0,1803626.0,688.4996337890625,708.0,985243.0,False,vLH92_MN_60x-1xzoom_0001_XY02_Dapi-ex_Green-em.tif,478.1092834472656,427.0,1343009.0,598.6226196289062,621.0,824902.0,362.05938720703125,364.0,518107.0,847.7965740234375,1163.835514453125,543.4628337890625,690.9632,1258.9632,562.9632,328.9172834472656,449.43061962890624,212.86738720703124,277.808,471.808,214.808,10mM 2DG,1h,yes,MN,2.5775373222652873,2.487196912975868,2.589577709267119,2.668380358111774,2.553058225215588,2.6207739004133925
vLH92_MN_60x-1xzoom_0001_XY02_488.tif,14,3943,1717,2227,0.4354552371290895,734.3662109375,0.46202384607587627,753.3438720703125,739.0,2970435.0,901.0125732421875,929.0,2006555.0,561.6156005859375,543.0,964294.0,False,vLH92_MN_60x-1xzoom_0001_XY02_Dapi-ex_Green-em.tif,476.2571716308594,482.0,1877882.0,548.9506225585938,554.0,1222513.0,381.94525146484375,365.0,655800.0,608.3070720703125,755.9757732421875,416.57880058593753,593.9632,783.9632,397.96320000000003,327.06517163085937,399.75862255859374,232.75325146484374,332.808,404.808,215.808,10mM 2DG,1h,yes,MN,1.8598955952328533,1.7847022908103172,1.8910805935934054,1.9366297108752792,1.7897872444925211,1.844061387900356
vLH92_MN_60x-1xzoom_0001_XY02_488.tif,15,3076,1555,1521,0.5055266579973993,256.04864501953125,0.7801163264885963,269.2152099609375,258.0,828106.0,298.2044677734375,292.0,453569.0,240.85980224609375,241.0,374537.0,False,vLH92_MN_60x-1xzoom_0001_XY02_Dapi-ex_Green-em.tif,257.17034912109375,248.0,791056.0,278.65155029296875,271.0,423829.0,236.15884399414062,236.0,367227.0,124.1784099609375,153.1676677734375,95.82300224609375,112.9632,146.9632,95.9632,107.97834912109374,129.45955029296874,86.96684399414062,98.80799999999999,121.80799999999999,86.80799999999999,10mM 2DG,1h,yes,MN,1.1500306401394966,1.143259655088657,1.1831314679126952,1.2065151714173126,1.101833731629376,1.1054649341074556
vLH92_MN_60x-1xzoom_0001_XY02_488.tif,16,1083,492,591,0.45429362880886426,213.73690795898438,0.5419279058039926,215.77931213378906,214.0,233689.0,224.9881591796875,223.0,132968.0,204.7174835205078,205.0,100721.0,False,vLH92_MN_60x-1xzoom_0001_XY02_Dapi-ex_Green-em.tif,313.05908203125,311.0,339043.0,335.56683349609375,338.0,198320.0,286.0223693847656,286.0,140723.0,70.74251213378906,79.9513591796875,59.68068352050781,68.9632,77.9632,59.9632,163.86708203125,186.37483349609374,136.83036938476562,161.808,188.808,136.808,10mM 2DG,1h,yes,MN,0.4317066689470814,0.42620389597547714,0.42898151901696113,0.4129231812211347,0.4361654783865001,0.43830185369276653
vLH92_MN_60x-1xzoom_0001_XY02_488.tif,17,2720,1358,1362,0.49926470588235294,317.19580078125,0.7727029212793508,373.12353515625,322.0,1014896.0,449.7415466308594,460.0,612548.0,296.2798156738281,295.0,402348.0,False,vLH92_MN_60x-1xzoom_0001_XY02_Dapi-ex_Green-em.tif,305.9404296875,282.0,832158.0,349.900146484375,349.0,476564.0,261.85125732421875,260.0,355594.0,228.08673515625,304.7047466308594,151.24301567382813,176.9632,314.96320000000003,149.9632,156.7484296875,200.708146484375,112.65925732421874,132.808,199.808,110.80799999999999,10mM 2DG,1h,yes,MN,1.4551133661177527,1.3324739473525693,1.518148375978254,1.5763292761050611,1.342481916408967,1.353360768175583
vLH92_MN_60x-1xzoom_0001_XY02_488.tif,18,3501,1813,1688,0.5178520422736361,630.15283203125,0.41206469668364315,681.3870239257812,632.0,2385536.0,828.6380615234375,851.5,1398741.0,544.2884521484375,553.0,986795.0,False,vLH92_MN_60x-1xzoom_0001_XY02_Dapi-ex_Green-em.tif,561.0568237304688,526.0,1964260.0,659.6131591796875,675.5,1113427.0,469.295654296875,474.0,850833.0,536.3502239257813,683.6012615234375,399.25165214843753,486.96320000000003,706.4632,407.96320000000003,411.86482373046874,510.4211591796875,320.103654296875,376.808,526.308,324.808,10mM 2DG,1h,yes,MN,1.3022481965509585,1.2923377422984652,1.3392886427789803,1.3422999460392016,1.2472574017482412,1.2560133986847615
vLH92_MN_60x-1xzoom_0001_XY02_488.tif,19,3657,1863,1794,0.5094339622641509,486.44775390625,0.46187945168989447,525.469482421875,487.0,1921642.0,625.71240234375,640.0,1122528.0,428.9393310546875,430.0,799114.0,False,vLH92_MN_60x-1xzoom_0001_XY02_Dapi-ex_Green-em.tif,352.9649963378906,335.0,1290793.0,403.80657958984375,407.0,724429.0,304.0064392089844,302.0,566364.0,380.43268242187503,480.67560234375003,283.90253105468753,341.96320000000003,494.96320000000003,284.96320000000003,203.77299633789062,254.61457958984374,154.81443920898437,185.808,257.808,152.808,10mM 2DG,1h,yes,MN,1.8669435561081524,1.8404116076810473,1.8878557666181799,1.9198907714267983,1.833824625824771,1.864844772524999
vLH92_MN_60x-1xzoom_0001_XY02_488.tif,20,2557,1313,1244,0.5134923738756355,525.9988403320312,0.5737484951660556,592.4681396484375,524.0,1514941.0,741.3384399414062,760.5,922225.0,451.4211730957031,448.0,592716.0,False,vLH92_MN_60x-1xzoom_0001_XY02_Dapi-ex_Green-em.tif,515.266357421875,453.0,1317536.0,631.1286010742188,655.0,785124.0,405.4927673339844,402.0,532412.0,447.43133964843753,596.3016399414063,306.38437309570315,378.96320000000003,615.4632,302.96320000000003,366.074357421875,481.93660107421874,256.30076733398437,303.808,505.808,252.808,10mM 2DG,1h,yes,MN,1.222241685540417,1.2473772909205816,1.2373030780651897,1.2167921424730332,1.195409503774349,1.1983924559349388
vLH92_MN_60x-1xzoom_0001_XY02_488.tif,21,4069,2109,1961,0.5183091668714672,704.2868041992188,0.20492986487632828,735.8652954101562,714.0,2994236.0,865.8587646484375,871.0,1697949.0,614.7600708007812,631.0,1296529.0,False,vLH92_MN_60x-1xzoom_0001_XY02_Dapi-ex_Green-em.tif,404.591796875,384.0,1646284.0,475.9433898925781,456.0,933325.0,338.1683349609375,333.0,713197.0,590.8284954101563,720.8219646484375,469.7232708007813,568.9632,725.9632,485.96320000000003,255.399796875,326.7513898925781,188.9763349609375,234.808,306.808,183.808,10mM 2DG,1h,yes,MN,2.3133475540676516,2.423099724029846,2.206025703166597,2.3661808036296317,2.485619540128534,2.6438631615598887
vLH92_MN_60x-1xzoom_0001_XY02_488.tif,22,441,217,224,0.49206349206349204,217.1776580810547,0.4890895395864189,219.52154541015625,219.0,96809.0,231.2767791748047,229.0,51806.0,207.38710021972656,207.0,45003.0,False,vLH92_MN_60x-1xzoom_0001_XY02_Dapi-ex_Green-em.tif,301.52606201171875,301.0,132973.0,316.2723083496094,316.5,70845.0,286.30413818359375,288.0,62128.0,74.48474541015625,86.23997917480469,62.35030021972656,73.9632,83.9632,61.9632,152.33406201171874,167.08030834960937,137.11213818359374,151.808,167.308,138.808,10mM 2DG,1h,yes,MN,0.48895660252548306,0.48721543001686346,0.5161588461660648,0.5018480885552394,0.45473946395788273,0.44639502045991586
vLH92_MN_60x-1xzoom_0001_XY02_488.tif,23,967,548,419,0.5667011375387797,216.1992950439453,0.41256516857886333,217.84591674804688,217.0,210657.0,226.2076416015625,225.0,94781.0,211.4525604248047,211.0,115876.0,False,vLH92_MN_60x-1xzoom_0001_XY02_Dapi-ex_Green-em.tif,324.2130432128906,317.0,313514.0,353.88067626953125,351.0,148276.0,301.5292053222656,298.0,165238.0,72.80911674804688,81.1708416015625,66.41576042480469,71.9632,79.9632,65.9632,175.02104321289062,204.68867626953124,152.33720532226562,167.808,201.808,148.808,10mM 2DG,1h,yes,MN,0.41600207273067125,0.42884248665141117,0.39655755795048403,0.3962340442400698,0.4359785929136863,0.44327724315897
vLH92_MN_60x-1xzoom_0001_XY02_488.tif,24,898,467,431,0.5200445434298441,211.97405242919922,0.360777971921161,213.3329620361328,213.0,191573.0,222.5336456298828,222.0,95912.0,204.84153747558594,204.0,95661.0,False,vLH92_MN_60x-1xzoom_0001_XY02_Dapi-ex_Green-em.tif,325.95989990234375,321.5,292712.0,370.48724365234375,369.0,159680.0,284.8650817871094,284.0,133032.0,68.29616203613281,77.49684562988281,59.80473747558594,67.9632,76.9632,58.9632,176.76789990234374,221.29524365234374,135.67308178710937,172.308,219.808,134.808,10mM 2DG,1h,yes,MN,0.3863606575281109,0.3944285813775333,0.35019661674984237,0.35013830251856165,0.44080031711395923,0.43738650525191386
vLH92_MN_60x-1xzoom_0001_XY02_488.tif,25,418,297,122,0.7105263157894737,225.49256134033203,0.7401171368218864,225.57177734375,224.0,94289.0,237.04098510742188,237.5,28919.0,220.83502197265625,217.0,65588.0,False,vLH92_MN_60x-1xzoom_0001_XY02_Dapi-ex_Green-em.tif,299.4210510253906,304.0,125158.0,329.9836120605469,332.0,40258.0,286.8249206542969,287.0,85187.0,80.53497734375,92.00418510742188,75.79822197265625,78.9632,92.4632,71.9632,150.22905102539062,180.79161206054687,137.63292065429687,154.808,182.808,137.808,10mM 2DG,1h,yes,MN,0.5360812492261471,0.5100718309131311,0.5088963147062918,0.5057940571528599,0.5507274103631387,0.5221990015093464
vLH92_MN_60x-1xzoom_0001_XY02_488.tif,26,1469,765,704,0.5207624234172906,209.0833740234375,0.33198850982688566,210.3607940673828,209.0,309020.0,218.546875,217.0,153857.0,202.82745361328125,203.0,155163.0,False,vLH92_MN_60x-1xzoom_0001_XY02_Dapi-ex_Green-em.tif,303.58203125,303.0,445962.0,320.85369873046875,322.0,225881.0,287.6875915527344,289.0,220081.0,65.32399406738281,73.510075,57.79065361328125,63.9632,71.9632,57.9632,154.39003125,171.66169873046874,138.49559155273437,153.808,172.808,139.808,10mM 2DG,1h,yes,MN,0.42311018100388403,0.41586393425569546,0.42822642175655273,0.41643442433220684,0.4172743187372614,0.414591439688716
vLH92_MN_60x-1xzoom_0001_XY02_488.tif,27,292,141,152,0.4828767123287671,218.02890014648438,0.3157401474024352,217.5993194580078,216.0,63539.0,222.6513214111328,221.0,33843.0,212.17730712890625,212.0,29917.0,False,vLH92_MN_60x-1xzoom_0001_XY02_Dapi-ex_Green-em.tif,341.9315185546875,342.0,99844.0,353.8881530761719,350.0,53791.0,328.9148864746094,331.0,46377.0,72.56251945800781,77.61452141113281,67.14050712890625,70.9632,75.9632,66.9632,192.7395185546875,204.69615307617187,179.72288647460937,192.808,200.808,181.808,10mM 2DG,1h,yes,MN,0.376479717300005,0.3680511182108626,0.3791694188910857,0.3782877176208119,0.37357794795039434,0.368318225820646
vLH92_MN_60x-1xzoom_0001_XY02_488.tif,28,978,554,424,0.5664621676891616,202.15505981445312,0.3930005715330459,203.20040893554688,202.0,198730.0,208.51651000976562,208.0,88411.0,199.13177490234375,199.0,110319.0,False,vLH92_MN_60x-1xzoom_0001_XY02_Dapi-ex_Green-em.tif,296.2525634765625,295.0,289735.0,310.08489990234375,309.0,131476.0,285.66607666015625,286.0,158259.0,58.163608935546876,63.479710009765626,54.09497490234375,56.9632,62.9632,53.9632,147.0605634765625,160.89289990234374,136.47407666015624,145.808,159.808,136.808,10mM 2DG,1h,yes,MN,0.39550786125484005,0.3906726654230221,0.3945463724520818,0.39399279134961956,0.39637545991279705,0.39444476931173617
vLH92_MN_60x-1xzoom_0001_XY02_488.tif,29,486,247,239,0.5082304526748971,195.32149505615234,0.7398863627873514,199.45884704589844,195.5,96937.0,211.75732421875,209.0,50610.0,187.55870056152344,188.0,46327.0,False,vLH92_MN_60x-1xzoom_0001_XY02_Dapi-ex_Green-em.tif,256.6234436035156,250.0,124719.0,283.56903076171875,284.0,67773.0,230.5506134033203,229.0,56946.0,54.42204704589844,66.72052421875,42.52190056152344,50.4632,63.9632,42.9632,107.43144360351562,134.37703076171874,81.3586134033203,100.80799999999999,134.808,79.80799999999999,10mM 2DG,1h,yes,MN,0.5065746602712273,0.5005872549797635,0.49651732770506574,0.4744762922081776,0.5226478031370688,0.5383319967923016
vLH92_MN_60x-1xzoom_0001_XY02_488.tif,30,926,535,391,0.5777537796976242,192.4482421875,0.359496206723139,192.54751586914062,192.0,178299.0,200.8746795654297,200.0,78542.0,186.46168518066406,186.0,99757.0,False,vLH92_MN_60x-1xzoom_0001_XY02_Dapi-ex_Green-em.tif,286.0410461425781,276.5,264874.0,325.5626525878906,312.0,127295.0,257.1570129394531,252.0,137579.0,47.510715869140626,55.83787956542969,41.42488518066406,46.9632,54.9632,40.9632,136.84904614257812,176.37065258789062,107.96501293945312,127.30799999999999,162.808,102.80799999999999,10mM 2DG,1h,yes,MN,0.347176083490132,0.36889433499858615,0.3165939386520331,0.33759520416687144,0.3836880490524757,0.398443700879309
vLH92_MN_60x-1xzoom_0001_XY02_488.tif,31,542,274,268,0.5055350553505535,220.96062469482422,0.48029833154813917,221.28782653808594,220.0,119938.0,226.44029235839844,226.0,60686.0,216.2481689453125,215.0,59252.0,False,vLH92_MN_60x-1xzoom_0001_XY02_Dapi-ex_Green-em.tif,356.08856201171875,349.5,193000.0,366.66046142578125,358.0,98265.0,345.7481689453125,339.5,94735.0,76.25102653808594,81.40349235839844,71.2113689453125,74.9632,80.9632,69.9632,206.89656201171874,217.46846142578124,196.5561689453125,200.308,208.808,190.308,10mM 2DG,1h,yes,MN,0.36854660994205907,0.37423967090680355,0.3743232090975189,0.3877399333358875,0.3622952631170051,0.3676314185425731
vLH92_MN_60x-1xzoom_0001_XY02_488.tif,32,354,199,155,0.5621468926553672,198.29695892333984,0.45144914498239097,199.44915771484375,200.0,70605.0,205.48387145996094,205.0,31850.0,194.74874877929688,196.0,38755.0,False,vLH92_MN_60x-1xzoom_0001_XY02_Dapi-ex_Green-em.tif,266.8559265136719,266.0,94467.0,282.3548278808594,284.0,43765.0,254.78392028808594,252.0,50702.0,54.41235771484375,60.44707145996094,49.711948779296876,54.9632,59.9632,50.9632,117.66392651367187,133.16282788085937,105.59192028808593,116.80799999999999,134.808,102.80799999999999,10mM 2DG,1h,yes,MN,0.4624387382527248,0.47054311348537775,0.4539335220039249,0.4448044626431666,0.4707931122349892,0.49571239592249633
vLH92_MN_60x-1xzoom_0001_XY02_488.tif,33,1146,627,519,0.5471204188481675,233.2616195678711,0.3478152416656992,265.09686279296875,233.0,303801.0,323.1156005859375,258.0,167697.0,217.07177734375,217.0,136104.0,False,vLH92_MN_60x-1xzoom_0001_XY02_Dapi-ex_Green-em.tif,296.9371643066406,297.0,340290.0,315.28131103515625,300.0,163631.0,281.7527770996094,293.0,176659.0,120.06006279296875,178.0788005859375,72.03497734375,87.9632,112.9632,71.9632,147.74516430664062,166.08931103515624,132.56077709960937,147.808,150.808,143.808,10mM 2DG,1h,yes,MN,0.8126158534961437,0.5951179909071228,1.0721870027400104,0.7490531006312663,0.5434109464341867,0.5004116599910993
vLH92_MN_60x-1xzoom_0001_XY02_488.tif,34,984,625,359,0.6351626016260162,204.60828399658203,0.42510708695808114,207.38516235351562,205.0,204067.0,218.2061309814453,213.0,78336.0,201.1696014404297,200.0,125731.0,False,vLH92_MN_60x-1xzoom_0001_XY02_Dapi-ex_Green-em.tif,278.0884094238281,274.0,273639.0,301.7715759277344,292.0,108336.0,264.48480224609375,264.0,165303.0,62.348362353515626,73.16933098144531,56.13280144042969,59.9632,67.9632,54.9632,128.89640942382812,152.57957592773437,115.29280224609374,124.80799999999999,142.808,114.80799999999999,10mM 2DG,1h,yes,MN,0.4837090701922202,0.48044356131017246,0.4795486587018711,0.47590611170242564,0.48687168970543027,0.478740157480315
vLH92_MN_60x-1xzoom_0001_XY02_488.tif,35,657,469,188,0.7138508371385084,195.31442260742188,0.5232969298625947,196.13394165039062,196.0,128860.0,201.58511352539062,201.0,37898.0,193.94882202148438,194.0,90962.0,False,vLH92_MN_60x-1xzoom_0001_XY02_Dapi-ex_Green-em.tif,260.6484069824219,258.0,171246.0,273.7340393066406,269.0,51462.0,255.40298461914062,255.0,119784.0,51.097141650390626,56.548313525390626,48.912022021484376,50.9632,55.9632,48.9632,111.45640698242187,124.54203930664062,106.21098461914062,108.80799999999999,119.80799999999999,105.80799999999999,10mM 2DG,1h,yes,MN,0.4584495681656893,0.46837732519667674,0.454050004642693,0.46710737179487183,0.4605175462488819,0.46275517919249964
vLH92_MN_60x-1xzoom_0001_XY02_488.tif,36,549,384,165,0.6994535519125683,199.0890350341797,0.5991945317452012,199.88523864746094,200.0,109737.0,206.15757751464844,207.0,34016.0,197.1901092529297,195.5,75721.0,False,vLH92_MN_60x-1xzoom_0001_XY02_Dapi-ex_Green-em.tif,265.63934326171875,263.0,145836.0,281.51513671875,283.0,46450.0,258.8177185058594,258.0,99386.0,54.84843864746094,61.12077751464844,52.15330925292969,54.9632,61.9632,50.4632,116.44734326171874,132.32313671875,109.62571850585937,113.80799999999999,133.808,108.80799999999999,10mM 2DG,1h,yes,MN,0.4710149421287139,0.482946717278223,0.46190544624527263,0.4630754513930408,0.47573972571173756,0.4637820748474377
vLH92_MN_60x-1xzoom_0001_XY02_488.tif,37,503,253,250,0.5029821073558648,192.4564666748047,0.31849145894397035,193.23260498046875,193.0,97196.0,200.29600524902344,200.0,50074.0,186.25296020507812,186.0,47122.0,False,vLH92_MN_60x-1xzoom_0001_XY02_Dapi-ex_Green-em.tif,262.6341857910156,255.0,132105.0,287.3160095214844,284.0,71829.0,238.24505615234375,237.0,60276.0,48.19580498046875,55.25920524902344,41.216160205078126,47.9632,54.9632,40.9632,113.44218579101562,138.12400952148437,89.05305615234374,105.80799999999999,134.808,87.80799999999999,10mM 2DG,1h,yes,MN,0.4248490510334098,0.45330409798880994,0.4000695131893648,0.4077146756869029,0.46282701555541594,0.4665087463556852
vLH92_MN_60x-1xzoom_0001_XY02_488.tif,38,876,541,335,0.617579908675799,195.71841430664062,0.5867632366654365,198.957763671875,197.0,174287.0,209.94924926757812,208.0,70333.0,192.1515655517578,191.0,103954.0,False,vLH92_MN_60x-1xzoom_0001_XY02_Dapi-ex_Green-em.tif,287.07305908203125,279.0,251476.0,318.93133544921875,312.0,106842.0,267.34564208984375,266.0,144634.0,53.920963671875,64.91244926757813,47.11476555175781,51.9632,62.9632,45.9632,137.88105908203124,169.73933544921874,118.15364208984374,129.808,162.808,116.80799999999999,10mM 2DG,1h,yes,MN,0.39106867927229333,0.4003081474177247,0.3824243160595978,0.3867328386811459,0.39875847005995685,0.3934935963290186
vLH92_MN_60x-1xzoom_0001_XY02_488.tif,39,1032,718,314,0.6957364341085271,196.24567413330078,0.5085717200802634,196.3061981201172,196.0,202588.0,202.50955200195312,202.0,63588.0,193.5933074951172,194.0,139000.0,False,vLH92_MN_60x-1xzoom_0001_XY02_Dapi-ex_Green-em.tif,292.7063903808594,296.0,302073.0,318.503173828125,318.0,100010.0,281.4248046875,285.0,202063.0,51.26939812011719,57.472752001953126,48.55650749511719,50.9632,56.9632,48.9632,143.51439038085937,169.311173828125,132.2328046875,146.808,168.808,135.808,10mM 2DG,1h,yes,MN,0.35724221093130903,0.34714184513105556,0.3394504373367358,0.33744372304630116,0.3672047009051094,0.36053251649387374
vLH92_MN_60x-1xzoom_0001_XY03_488.tif,1,3360,1578,1782,0.46964285714285714,462.6711120605469,0.7181742044551228,509.622314453125,467.0,1712331.0,615.8187255859375,642.0,1097389.0,389.69708251953125,386.0,614942.0,False,vLH92_MN_60x-1xzoom_0001_XY03_Dapi-ex_Green-em.tif,400.1142883300781,367.0,1344384.0,476.3260498046875,492.0,848813.0,314.050048828125,313.0,495571.0,366.310314453125,472.5067255859375,246.38508251953124,323.688,498.688,242.688,252.53988833007813,328.75164980468753,166.475648828125,219.4256,344.42560000000003,165.4256,10mM 2DG,1h,yes,MN,1.4505047771872976,1.4751606011331402,1.4372756026217826,1.4478830841842185,1.480006741249631,1.4670522579334757
vLH92_MN_60x-1xzoom_0001_XY03_488.tif,2,807,403,404,0.4993804213135068,315.4625244140625,0.6406151377584635,318.7125244140625,314.0,257201.0,348.01239013671875,340.0,140597.0,289.3399353027344,286.0,116604.0,False,vLH92_MN_60x-1xzoom_0001_XY03_Dapi-ex_Green-em.tif,378.03717041015625,367.0,305076.0,392.767333984375,381.0,158678.0,363.2704772949219,354.0,146398.0,175.4005244140625,204.70039013671874,146.02793530273436,170.688,196.688,142.688,230.46277041015625,245.192933984375,215.69607729492188,219.4256,233.4256,206.4256,10mM 2DG,1h,yes,MN,0.7610796490118595,0.7778855338666044,0.8348543606471275,0.8426153772336881,0.6770078396143938,0.6912320952440006
vLH92_MN_60x-1xzoom_0001_XY03_488.tif,3,3581,1845,1736,0.515219212510472,1308.8519287109375,0.12476830310571298,1309.397705078125,1305.0,4688953.0,1573.408935546875,1555.0,2731438.0,1060.9837646484375,1170.0,1957515.0,False,vLH92_MN_60x-1xzoom_0001_XY03_Dapi-ex_Green-em.tif,585.5693969726562,575.0,2096924.0,686.2154541015625,673.0,1191270.0,490.869384765625,521.0,905654.0,1166.085705078125,1430.096935546875,917.6717646484375,1161.688,1411.688,1026.688,437.9949969726563,538.6410541015625,343.29498476562503,427.42560000000003,525.4256,373.42560000000003,10mM 2DG,1h,yes,MN,2.662326540572159,2.717871835472653,2.6550091654863457,2.686751463956077,2.673128957228874,2.749377653808416
vLH92_MN_60x-1xzoom_0001_XY03_488.tif,4,4694,2295,2399,0.48892202812100555,521.90380859375,0.789754011566528,588.4710083007812,525.0,2762283.0,726.8470458984375,685.0,1743706.0,443.82440185546875,444.0,1018577.0,False,vLH92_MN_60x-1xzoom_0001_XY03_Dapi-ex_Green-em.tif,434.0875549316406,403.5,2037607.0,513.7569580078125,505.0,1232503.0,350.8078308105469,351.0,805104.0,445.15900830078124,583.5350458984375,300.51240185546874,381.688,541.688,300.688,286.51315493164066,366.18255800781253,203.23343081054688,255.9256,357.42560000000003,203.4256,10mM 2DG,1h,yes,MN,1.5537122838460664,1.4914021887611086,1.5935631917399729,1.5155265879108826,1.4786563443669107,1.4781227141520044
vLH92_MN_60x-1xzoom_0001_XY03_488.tif,5,3013,1544,1469,0.5124460670428145,324.0999755859375,0.755385765891481,358.71124267578125,325.0,1080797.0,419.1980895996094,416.0,615802.0,301.1625671386719,301.0,464995.0,False,vLH92_MN_60x-1xzoom_0001_XY03_Dapi-ex_Green-em.tif,297.3740539550781,276.0,895988.0,339.59564208984375,331.0,498866.0,257.203369140625,256.0,397122.0,215.39924267578124,275.88608959960936,157.85056713867186,181.688,272.688,157.688,149.79965395507813,192.02124208984375,109.628969140625,128.4256,183.4256,108.4256,10mM 2DG,1h,yes,MN,1.4379154890462904,1.4147335110756734,1.4367477608051642,1.4866409050863127,1.4398618209771843,1.4543428858129444
vLH92_MN_60x-1xzoom_0001_XY03_488.tif,6,808,517,291,0.6398514851485149,209.51270294189453,0.6931853111914633,212.87252807617188,210.0,172001.0,223.54983520507812,220.0,65053.0,206.8626708984375,206.0,106948.0,False,vLH92_MN_60x-1xzoom_0001_XY03_Dapi-ex_Green-em.tif,314.6460266113281,305.5,254234.0,343.45703125,333.0,99946.0,298.4294128417969,297.0,154288.0,69.56052807617186,80.23783520507811,63.55067089843749,66.68799999999999,76.68799999999999,62.68799999999999,167.07162661132813,195.88263125,150.85501284179688,157.9256,185.4256,149.4256,10mM 2DG,1h,yes,MN,0.4163515342913132,0.4222747926871893,0.4096220001388107,0.4135782761387855,0.42126986502651853,0.41952650683684717
vLH92_MN_60x-1xzoom_0001_XY03_488.tif,7,4191,1951,2240,0.46552135528513483,866.8060913085938,0.6686814093250255,1023.3922729492188,881.0,4289037.0,1263.6387939453125,1342.0,2830551.0,747.5581665039062,752.0,1458486.0,False,vLH92_MN_60x-1xzoom_0001_XY03_Dapi-ex_Green-em.tif,465.0269775390625,410.0,1948928.0,557.4821166992188,584.0,1248760.0,358.87646484375,360.0,700168.0,880.0802729492187,1120.3267939453126,604.2461665039062,737.688,1198.688,608.688,317.45257753906253,409.9077166992188,211.30206484375,262.42560000000003,436.42560000000003,212.4256,10mM 2DG,1h,yes,MN,2.7723204510472903,2.811036728124085,2.733119549362823,2.7466033156625094,2.859632095648113,2.865417350827772
vLH92_MN_60x-1xzoom_0001_XY04_488.tif,1,2627,1313,1315,0.49980966882375333,323.2376403808594,0.834528368855208,332.06396484375,318.0,872332.0,414.9581604003906,392.0,545670.0,249.00990295410156,244.0,326950.0,False,vLH92_MN_60x-1xzoom_0001_XY04_Dapi-ex_Green-em.tif,279.1020202636719,269.0,733201.0,329.894287109375,326.0,433811.0,228.1995391845703,226.0,299626.0,187.15996484375,270.05416040039063,104.10590295410157,173.096,247.096,99.096,130.62522026367188,181.417487109375,79.72273918457032,120.5232,177.5232,77.5232,10mM 2DG,1h,yes,MN,1.4328011425815064,1.4362048136790262,1.4885784424826554,1.3919082125603865,1.3058495483086765,1.2782754065879633
vLH92_MN_60x-1xzoom_0001_XY04_488.tif,2,3368,0,3368,0.0,745.3719787597656,,693.056396484375,742.0,2334214.0,693.056396484375,742.0,2334214.0,,,,True,vLH92_MN_60x-1xzoom_0001_XY04_Dapi-ex_Green-em.tif,377.3230285644531,386.0,1270824.0,377.3230285644531,386.0,1270824.0,,,,548.152396484375,548.152396484375,,597.096,597.096,,228.84622856445313,228.84622856445313,,237.5232,237.5232,,10mM 2DG,1h,yes,MN,2.3952870008954124,2.5138428582976315,2.3952870008954124,2.5138428582976315,,
vLH92_MN_60x-1xzoom_0001_XY04_488.tif,3,2278,1153,1125,0.5061457418788411,453.8017883300781,0.442259328231947,491.36480712890625,459.0,1119329.0,560.893310546875,524.0,631005.0,423.52471923828125,431.0,488324.0,False,vLH92_MN_60x-1xzoom_0001_XY04_Dapi-ex_Green-em.tif,413.0750732421875,389.0,940985.0,462.1440124511719,434.0,519912.0,365.19775390625,369.0,421073.0,346.46080712890625,415.989310546875,278.62071923828125,314.096,379.096,286.096,264.5982732421875,313.66721245117185,216.72095390625,240.5232,285.5232,220.5232,10mM 2DG,1h,yes,MN,1.309384233251552,1.305886500761673,1.326212284975853,1.3277239817990274,1.2856196607495927,1.2973510270121238
vLH92_MN_60x-1xzoom_0001_XY04_488.tif,4,3714,1760,1954,0.47388260635433493,354.2275390625,0.6023239522202389,396.5231628417969,358.0,1472687.0,464.00408935546875,438.0,906664.0,321.6039733886719,321.0,566023.0,False,vLH92_MN_60x-1xzoom_0001_XY04_Dapi-ex_Green-em.tif,309.654541015625,284.0,1150057.0,353.7420654296875,344.5,691212.0,260.7073974609375,259.0,458845.0,251.61916284179688,319.10008935546875,176.69997338867188,213.096,293.096,176.096,161.177741015625,205.2652654296875,112.2305974609375,135.5232,196.0232,110.5232,10mM 2DG,1h,yes,MN,1.5611284862058232,1.5723949847701353,1.5545742173547368,1.495210770969967,1.5744367167801392,1.593294439538486
vLH92_MN_60x-1xzoom_0001_XY04_488.tif,5,2584,1275,1313,0.4934210526315789,518.1737365722656,0.6341337219820389,549.8947143554688,512.0,1420928.0,684.7783813476562,653.0,899114.0,410.0486145019531,409.0,522812.0,False,vLH92_MN_60x-1xzoom_0001_XY04_Dapi-ex_Green-em.tif,351.527099609375,335.5,908346.0,403.2650451660156,395.0,529487.0,297.8917541503906,296.0,379812.0,404.99071435546875,539.8743813476563,265.14461450195313,367.096,508.096,264.096,203.050299609375,254.78824516601563,149.41495415039063,187.0232,246.5232,147.5232,10mM 2DG,1h,yes,MN,1.994533941267674,1.96283669619598,2.1189140063972864,2.0610473983787325,1.7745520587924362,1.790199778746665
vLH92_MN_60x-1xzoom_0001_XY04_488.tif,6,4575,2217,2358,0.4845901639344262,759.7385864257812,0.645664520455443,849.2330322265625,758.0,3885241.0,1052.005126953125,1089.0,2480628.0,633.564697265625,627.0,1404613.0,False,vLH92_MN_60x-1xzoom_0001_XY04_Dapi-ex_Green-em.tif,437.4574890136719,411.0,2001368.0,513.8252563476562,520.0,1211600.0,356.2327575683594,352.0,789768.0,704.3290322265625,907.101126953125,488.660697265625,613.096,944.096,482.096,288.98068901367185,365.3484563476562,207.75595756835938,262.5232,371.5232,203.5232,10mM 2DG,1h,yes,MN,2.4372875385913426,2.3353974048769786,2.482838263561598,2.541149516369368,2.3520899375645468,2.368752063646798
vLH92_MN_60x-1xzoom_0001_XY04_488.tif,7,4401,2643,1759,0.6005453306066802,749.222412109375,0.3934711884782208,904.2578735351562,756.0,3979639.0,1248.510498046875,1298.0,2196130.0,674.9103393554688,661.0,1783788.0,False,vLH92_MN_60x-1xzoom_0001_XY04_Dapi-ex_Green-em.tif,415.760498046875,363.0,1829762.0,542.5355224609375,562.0,954320.0,331.3182067871094,326.0,875674.0,759.3538735351563,1103.606498046875,530.0063393554688,611.096,1153.096,516.096,267.283698046875,394.0587224609375,182.84140678710938,214.5232,413.5232,177.5232,10mM 2DG,1h,yes,MN,2.8410033200078826,2.8486242979780276,2.8006143123916614,2.7884674910621703,2.89872162257305,2.90720311486048
vLH92_MN_60x-1xzoom_0001_XY04_488.tif,8,5859,2678,3181,0.45707458610684415,428.8689270019531,0.34642815702492674,457.6763916015625,426.0,2681526.0,521.066650390625,469.0,1657513.0,382.3797607421875,382.0,1024013.0,False,vLH92_MN_60x-1xzoom_0001_XY04_Dapi-ex_Green-em.tif,323.2344970703125,317.0,1893831.0,346.8211364746094,337.0,1103238.0,295.21771240234375,287.0,790593.0,312.7723916015625,376.162650390625,237.4757607421875,281.096,324.096,237.096,174.7576970703125,198.34433647460938,146.74091240234375,168.5232,188.5232,138.5232,10mM 2DG,1h,yes,MN,1.7897488742697312,1.6679958605106002,1.8965131905280221,1.7191305897629576,1.6183336797788272,1.7115977684604455
vLH92_MN_60x-1xzoom_0001_XY04_488.tif,9,2999,1435,1564,0.47849283094364786,352.2721862792969,0.8334187378353365,385.9716491699219,353.0,1157529.0,444.38427734375,435.0,695017.0,322.3080139160156,321.0,462512.0,False,vLH92_MN_60x-1xzoom_0001_XY04_Dapi-ex_Green-em.tif,286.879638671875,270.0,860352.0,318.852294921875,310.0,498685.0,252.03274536132812,251.0,361667.0,241.06764916992188,299.48027734375,177.40401391601563,208.096,290.096,176.096,138.402838671875,170.375494921875,103.55594536132813,121.5232,161.5232,102.5232,10mM 2DG,1h,yes,MN,1.741782549283142,1.7123973035601432,1.7577661475382682,1.7960020603851334,1.7131224411791743,1.7176209872497152
vLH92_MN_60x-1xzoom_0001_XY04_488.tif,10,3667,1835,1832,0.5004090537223889,541.2376098632812,0.6712998381092767,643.0482788085938,540.0,2358058.0,820.2472534179688,861.0,1502693.0,466.13897705078125,468.0,855365.0,False,vLH92_MN_60x-1xzoom_0001_XY04_Dapi-ex_Green-em.tif,359.0618896484375,321.0,1316680.0,426.8411560058594,432.0,781973.0,291.3934631347656,291.0,534707.0,498.14427880859375,675.3432534179688,321.23497705078125,395.096,716.096,323.096,210.5850896484375,278.36435600585935,142.91666313476563,172.5232,283.5232,142.5232,10mM 2DG,1h,yes,MN,2.365524926955767,2.2901035918647463,2.4261125350537096,2.5257051274816313,2.247708349780511,2.2669712720455335
vLH92_MN_60x-1xzoom_0001_XY04_488.tif,11,4358,2116,2242,0.48554382744378155,863.5021362304688,0.6738147326571595,953.5217895507812,870.0,4155448.0,1114.9393310546875,1164.0,2499694.0,782.492431640625,805.5,1655754.0,False,vLH92_MN_60x-1xzoom_0001_XY04_Dapi-ex_Green-em.tif,521.0821533203125,482.0,2270876.0,602.2225952148438,610.5,1350183.0,435.110107421875,440.0,920693.0,808.6177895507813,970.0353310546875,637.588431640625,725.096,1019.096,660.596,372.6053533203125,453.7457952148437,286.633307421875,333.5232,462.0232,291.5232,10mM 2DG,1h,yes,MN,2.170172227385171,2.1740496613129165,2.1378387222197537,2.2057247341691935,2.2244045445221214,2.2660151919298364
vLH92_MN_60x-1xzoom_0001_XY04_488.tif,12,4288,2206,2082,0.5144589552238806,462.6157531738281,0.3631454393071363,486.00372314453125,462.0,2083984.0,567.8357543945312,572.5,1182234.0,408.77154541015625,405.0,901750.0,False,vLH92_MN_60x-1xzoom_0001_XY04_Dapi-ex_Green-em.tif,351.4836730957031,333.0,1507162.0,401.103759765625,396.0,835098.0,304.65277099609375,301.0,672064.0,341.09972314453125,422.93175439453125,263.86754541015625,317.096,427.596,260.096,203.00687309570313,252.626959765625,156.17597099609375,184.5232,247.5232,152.5232,10mM 2DG,1h,yes,MN,1.6802373138555131,1.7184614184015885,1.6741354714750427,1.7274986748716887,1.6895527764431575,1.7052881135460047
vLH92_MN_60x-1xzoom_0001_XY04_488.tif,13,1591,484,1108,0.30421118793211815,728.60009765625,0.5331160699372612,706.4236450195312,722.0,1123920.0,743.2003784179688,752.0,823466.0,621.4607543945312,662.5,300787.0,False,vLH92_MN_60x-1xzoom_0001_XY04_Dapi-ex_Green-em.tif,426.13763427734375,430.0,677985.0,446.5902404785156,447.0,494822.0,379.0330505371094,386.5,183452.0,561.5196450195313,598.2963784179688,476.55675439453125,577.096,607.096,517.596,277.6608342773437,298.1134404785156,230.55625053710938,281.5232,298.5232,238.0232,10mM 2DG,1h,yes,MN,2.022322112807069,2.049905656088024,2.0069419797296484,2.0336643852136116,2.0669869209112015,2.174561135217071
vLH92_MN_60x-1xzoom_0001_XY05_488.tif,1,3542,1559,1983,0.4401468097120271,404.8157043457031,0.8097981618164766,520.9324951171875,408.0,1845143.0,652.091796875,689.0,1293098.0,354.10198974609375,353.0,552045.0,False,vLH92_MN_60x-1xzoom_0001_XY05_Dapi-ex_Green-em.tif,295.30096435546875,258.0,1045956.0,341.5547180175781,343.0,677303.0,236.4676055908203,237.0,368653.0,382.7468951171875,513.906196875,215.91638974609376,269.8144,550.8144,214.8144,153.21616435546875,199.46991801757812,94.38280559082031,115.9152,200.9152,94.9152,10mM 2DG,1h,yes,MN,2.4980843028363284,2.327687826963159,2.5763593928469577,2.7415267734845346,2.2876665764965756,2.263224436128249
vLH92_MN_60x-1xzoom_0001_XY05_488.tif,2,4089,1691,2398,0.41354854487649795,935.0217895507812,0.6815015175944187,1101.870849609375,932.0,4505550.0,1301.73388671875,1366.0,3121558.0,818.4458618164062,826.0,1383992.0,False,vLH92_MN_60x-1xzoom_0001_XY05_Dapi-ex_Green-em.tif,449.5121154785156,404.0,1838055.0,515.0154418945312,527.0,1235007.0,356.62213134765625,358.0,603048.0,963.685249609375,1163.54828671875,680.2602618164062,793.8144,1227.8144,687.8144,307.42731547851565,372.9306418945313,214.53733134765625,261.9152,384.9152,215.9152,10mM 2DG,1h,yes,MN,3.134676722233947,3.030806917658845,3.120012559997185,3.189830903014482,3.1708246650744862,3.185576559686395
vLH92_MN_60x-1xzoom_0001_XY05_488.tif,3,2939,1498,1441,0.5096971759101735,468.958740234375,0.5349894369361048,505.53045654296875,474.0,1485754.0,577.779296875,564.0,832580.0,436.03070068359375,441.0,653174.0,False,vLH92_MN_60x-1xzoom_0001_XY05_Dapi-ex_Green-em.tif,360.8533630371094,338.0,1060548.0,409.6495361328125,399.0,590305.0,313.91387939453125,316.0,470243.0,367.3448565429687,439.593696875,297.8451006835937,335.8144,425.8144,302.8144,218.76856303710937,267.5647361328125,171.82907939453125,195.9152,256.9152,173.9152,10mM 2DG,1h,yes,MN,1.679148280919396,1.7140803776327715,1.6429433236553135,1.6574122512019527,1.7333800642656132,1.7411612096010007
vLH92_MN_60x-1xzoom_0001_XY05_488.tif,4,3252,1546,1706,0.47539975399754,646.2811889648438,0.8592335140461246,672.6672973632812,641.5,2187514.0,860.0152587890625,881.0,1467186.0,465.9301452636719,454.0,720328.0,False,vLH92_MN_60x-1xzoom_0001_XY05_Dapi-ex_Green-em.tif,360.52398681640625,349.0,1172424.0,435.7790222167969,437.0,743439.0,277.4805908203125,275.0,428985.0,534.4816973632812,721.8296587890625,327.74454526367185,503.3144,742.8144,315.8144,218.43918681640625,293.6942222167969,135.3957908203125,206.9152,294.9152,132.9152,10mM 2DG,1h,yes,MN,2.4468214936750443,2.432467020305903,2.457759139218707,2.5187389459749783,2.4206405773620445,2.3760593220338984
vLH92_MN_60x-1xzoom_0001_XY05_488.tif,5,3438,1553,1885,0.45171611401977896,714.3887329101562,0.5381103665474813,778.0113525390625,716.0,2674803.0,881.8700561523438,872.0,1662325.0,651.9497680664062,658.0,1012478.0,False,vLH92_MN_60x-1xzoom_0001_XY05_Dapi-ex_Green-em.tif,465.6783142089844,429.0,1601002.0,527.0005493164062,507.0,993396.0,391.2466125488281,391.0,607606.0,639.8257525390625,743.6844561523437,513.7641680664062,577.8144,733.8144,519.8144,323.5935142089844,384.9157493164063,249.16181254882812,286.9152,364.9152,248.9152,10mM 2DG,1h,yes,MN,1.977251472740729,2.013885635895205,1.932070738786592,2.0109176049668522,2.061969941584544,2.088319234823747
vLH92_MN_60x-1xzoom_0001_XY05_488.tif,6,4713,2335,2379,0.49543814979842987,697.9746704101562,0.33161249046426067,711.4576416015625,695.0,3353100.0,925.873046875,940.0,2202652.0,492.87066650390625,458.0,1150853.0,False,vLH92_MN_60x-1xzoom_0001_XY05_Dapi-ex_Green-em.tif,409.4812316894531,408.0,1929885.0,497.8078918457031,504.0,1184285.0,319.44024658203125,304.0,745893.0,573.2720416015625,787.687446875,354.6850665039062,556.8144,801.8144,319.8144,267.39643168945315,355.72309184570315,177.35544658203125,265.9152,361.9152,161.9152,10mM 2DG,1h,yes,MN,2.1439031103726354,2.093954764526435,2.214327562453167,2.215475890484843,1.999854379097716,1.975196893188533
vLH92_MN_60x-1xzoom_0001_XY05_488.tif,7,4137,1867,2270,0.4512932076383853,1088.717529296875,0.799457823389329,1183.1820068359375,1098.0,4894824.0,1432.318115234375,1517.0,3251362.0,880.2688598632812,871.0,1643462.0,False,vLH92_MN_60x-1xzoom_0001_XY05_Dapi-ex_Green-em.tif,472.4358215332031,441.0,1954467.0,557.9735717773438,574.0,1266600.0,368.43438720703125,367.0,687867.0,1044.9964068359375,1294.132515234375,742.0832598632812,959.8144,1378.8144,732.8144,330.35102153320315,415.8887717773438,226.34958720703125,298.9152,431.9152,224.9152,10mM 2DG,1h,yes,MN,3.1632909805635525,3.2109922814229583,3.111727469110949,3.192326641896372,3.2784829388026795,3.25818086105341
vLH92_MN_60x-1xzoom_0001_XY06_488.tif,1,946,411,535,0.43446088794926,436.2004852294922,0.21898414845097852,435.0496826171875,437.0,411557.0,466.1626281738281,471.0,249397.0,394.54986572265625,397.0,162160.0,False,vLH92_MN_60x-1xzoom_0001_XY06_Dapi-ex_Green-em.tif,391.7822265625,396.0,370626.0,410.5570068359375,413.0,219648.0,367.34307861328125,367.0,150978.0,289.3200826171875,320.4330281738281,248.82026572265625,291.2704,325.2704,251.2704,242.94862656249998,261.72340683593745,218.50947861328123,247.16639999999998,264.16639999999995,218.16639999999998,10mM 2DG,1h,yes,MN,1.1908693895940103,1.1784384932579834,1.2243193379134525,1.2313087508479506,1.1387161202421756,1.1517373894421874
vLH92_MN_60x-1xzoom_0001_XY06_488.tif,2,4130,1923,2207,0.4656174334140436,328.80029296875,0.6849988795519675,343.0256652832031,331.0,1416696.0,383.49615478515625,389.0,846376.0,296.5782775878906,294.0,570320.0,False,vLH92_MN_60x-1xzoom_0001_XY06_Dapi-ex_Green-em.tif,246.85133361816406,239.0,1019496.0,269.1825866699219,268.0,594086.0,221.2220458984375,218.0,425410.0,197.29606528320312,237.76655478515625,150.84867758789062,185.2704,243.2704,148.2704,98.01773361816404,120.34898666992186,72.38844589843748,90.16639999999998,119.16639999999998,69.16639999999998,10mM 2DG,1h,yes,MN,2.0128609181251402,2.054760975263513,1.9756423495053814,2.0414344983149615,2.083877830441815,2.1436766985125733
vLH92_MN_60x-1xzoom_0001_XY06_488.tif,3,3380,1719,1661,0.5085798816568048,797.6448059082031,0.6251049237133415,974.701171875,792.0,3294490.0,1263.815185546875,1329.0,2099197.0,695.342041015625,683.0,1195293.0,False,vLH92_MN_60x-1xzoom_0001_XY06_Dapi-ex_Green-em.tif,519.36865234375,435.0,1755466.0,655.0565795898438,697.0,1088049.0,388.2588806152344,384.0,667417.0,828.971571875,1118.0855855468749,549.612441015625,646.2704,1183.2703999999999,537.2704,370.53505234374995,506.2229795898437,239.42528061523436,286.16639999999995,548.1664,235.16639999999998,10mM 2DG,1h,yes,MN,2.237228479819914,2.258372750958883,2.208682005018381,2.1585970975236717,2.295548906127726,2.2846393022132414
vLH92_MN_60x-1xzoom_0001_XY06_488.tif,4,4774,2347,2427,0.49162128194386256,321.1096496582031,0.5563197691471472,330.6661071777344,321.0,1578600.0,370.09063720703125,364.0,898210.0,289.8977355957031,288.0,680390.0,False,vLH92_MN_60x-1xzoom_0001_XY06_Dapi-ex_Green-em.tif,255.8881378173828,248.0,1221610.0,281.052734375,275.0,682115.0,229.86578369140625,229.0,539495.0,184.93650717773437,224.36103720703125,144.16813559570312,175.2704,218.2704,142.2704,107.0545378173828,132.21913437499998,81.03218369140623,99.16639999999998,126.16639999999998,80.16639999999998,10mM 2DG,1h,yes,MN,1.7274980673234537,1.767437357814744,1.6968878087697832,1.7300200370304615,1.7791466183946947,1.7746886476129653
vLH92_MN_60x-1xzoom_0001_XY06_488.tif,5,4202,2135,2067,0.5080913850547358,461.9692077636719,0.4030364131050154,500.9609680175781,461.0,2105038.0,588.552001953125,568.0,1216537.0,416.15972900390625,415.0,888501.0,False,vLH92_MN_60x-1xzoom_0001_XY06_Dapi-ex_Green-em.tif,371.49737548828125,346.0,1561032.0,427.4886169433594,422.0,883619.0,317.2894592285156,316.0,677413.0,355.2313680175781,442.822401953125,270.43012900390625,315.2704,422.2704,269.2704,222.66377548828123,278.6550169433593,168.4558592285156,197.16639999999998,273.16639999999995,167.16639999999998,10mM 2DG,1h,yes,MN,1.5953711700009952,1.5990067273125645,1.5891420395389295,1.5458357982533726,1.6053471232310144,1.61079259946975
vLH92_MN_60x-1xzoom_0001_XY06_488.tif,6,2974,1616,1359,0.543375924680565,429.1870574951172,0.41823846679254434,517.8056640625,431.0,1539954.0,651.7034301757812,477.0,885665.0,405.04949951171875,410.0,654560.0,False,vLH92_MN_60x-1xzoom_0001_XY06_Dapi-ex_Green-em.tif,407.5874328613281,394.0,1212165.0,448.9698181152344,415.0,610150.0,372.6788330078125,380.0,602249.0,372.0760640625,505.97383017578125,259.31989951171875,285.2704,331.2704,264.2704,258.7538328613281,300.1362181152343,223.84523300781248,245.16639999999998,266.16639999999995,231.16639999999998,10mM 2DG,1h,yes,MN,1.437953826415023,1.1635786959387584,1.685813972579336,1.244598867475384,1.1584785435331033,1.1432042026868958
vLH92_MN_60x-1xzoom_0001_XY06_488.tif,7,5369,2794,2577,0.5203948593779102,334.3278503417969,0.42063256940665317,341.0422668457031,332.0,1831056.0,389.48895263671875,391.0,1003713.0,296.3167419433594,291.0,827909.0,False,vLH92_MN_60x-1xzoom_0001_XY06_Dapi-ex_Green-em.tif,288.010986328125,273.0,1546331.0,326.40045166015625,313.0,841134.0,252.5970001220703,250.0,705756.0,195.31266684570312,243.75935263671875,150.58714194335937,186.2704,245.2704,145.2704,139.17738632812498,177.56685166015623,103.7634001220703,124.16639999999998,164.16639999999998,101.16639999999998,10mM 2DG,1h,yes,MN,1.4033362171727628,1.500167517138292,1.3727751005195936,1.4940353202604189,1.451254891090734,1.435955020639264
vLH92_MN_60x-1xzoom_0001_XY06_488.tif,8,2981,1393,1588,0.46729285474672927,284.9385681152344,0.5656025816945478,305.1462707519531,284.0,909641.0,337.4256896972656,307.0,535832.0,268.3481750488281,268.0,373809.0,False,vLH92_MN_60x-1xzoom_0001_XY06_Dapi-ex_Green-em.tif,252.30325317382812,241.0,752116.0,271.88726806640625,260.0,431757.0,229.97775268554688,230.0,320359.0,159.41667075195312,191.69608969726562,122.61857504882812,138.2704,161.2704,122.2704,103.4696531738281,123.05366806640623,81.14415268554686,92.16639999999998,111.16639999999998,81.16639999999998,10mM 2DG,1h,yes,MN,1.5407094337518896,1.5002256787723076,1.5578250751031357,1.4507117258452196,1.5111202839717193,1.5064164481854563
vLH92_MN_60x-1xzoom_0001_XY06_488.tif,9,1203,760,443,0.6317539484621779,542.8824462890625,0.1835455096545058,529.7871704101562,545.0,637334.0,584.1489868164062,585.0,258778.0,498.1000061035156,509.5,378556.0,False,vLH92_MN_60x-1xzoom_0001_XY06_Dapi-ex_Green-em.tif,431.54364013671875,436.0,519147.0,463.98193359375,464.0,205544.0,412.6355285644531,413.0,313603.0,384.05757041015625,438.41938681640625,352.3704061035156,399.2704,439.2704,363.7704,282.7100401367187,315.14833359374995,263.8019285644531,287.16639999999995,315.16639999999995,264.16639999999995,10mM 2DG,1h,yes,MN,1.3584857836121627,1.3903799330283768,1.3911524830766264,1.3937729402626677,1.3357385521062375,1.3770502228898152
vLH92_MN_60x-1xzoom_0001_XY06_488.tif,10,4545,2376,2169,0.5227722772277228,286.1040954589844,0.7145877728416526,298.7273864746094,286.0,1357716.0,344.5804443359375,326.0,747395.0,256.8691101074219,254.5,610321.0,False,vLH92_MN_60x-1xzoom_0001_XY06_Dapi-ex_Green-em.tif,263.1405944824219,255.0,1195974.0,289.0636291503906,285.0,626979.0,239.47601318359375,228.0,568995.0,152.99778647460937,198.8508443359375,111.13951010742187,140.2704,180.2704,108.7704,114.30699448242186,140.2300291503906,90.64241318359373,106.16639999999998,136.16639999999998,79.16639999999998,10mM 2DG,1h,yes,MN,1.338481404111604,1.3212315760918711,1.41803325251169,1.3238978191389361,1.2261314124802902,1.373946522767235
vLH92_MN_60x-1xzoom_0001_XY06_488.tif,11,3697,1736,1961,0.46956992155802,294.31964111328125,0.5076036133022622,295.7627868652344,292.0,1093435.0,329.96429443359375,324.0,647060.0,257.1284484863281,255.0,446375.0,False,vLH92_MN_60x-1xzoom_0001_XY06_Dapi-ex_Green-em.tif,292.46038818359375,281.0,1081226.0,323.6807861328125,313.0,634738.0,257.19354248046875,251.0,446488.0,150.03318686523437,184.23469443359375,111.39884848632812,146.2704,178.2704,109.2704,143.62678818359373,174.84718613281248,108.35994248046873,132.16639999999998,164.16639999999998,102.16639999999998,10mM 2DG,1h,yes,MN,1.04460448334646,1.1067139605830227,1.0536897876849478,1.0859128299091654,1.0280445516700707,1.0695336235787893
vLH92_MN_60x-1xzoom_0001_XY06_488.tif,12,4557,2182,2375,0.47882378757954797,615.765625,0.36823927674875,730.55126953125,618.0,3329122.0,977.021484375,1075.0,2320426.0,462.2804870605469,458.0,1008696.0,False,vLH92_MN_60x-1xzoom_0001_XY06_Dapi-ex_Green-em.tif,414.384033203125,369.0,1888348.0,521.7119750976562,554.0,1239066.0,297.5627746582031,297.0,649282.0,584.82166953125,831.291884375,316.55088706054687,472.2704,929.2704,312.2704,265.55043320312495,372.8783750976562,148.7291746582031,220.16639999999998,405.16639999999995,148.16639999999998,10mM 2DG,1h,yes,MN,2.2022998135495713,2.145061190081684,2.229391511796001,2.293552476217179,2.128371167176968,2.107565547924496
vLH92_MN_60x-1xzoom_0001_XY06_488.tif,13,2322,717,1609,0.3087855297157623,460.4539489746094,0.35153697983024795,475.23040771484375,460.0,1103485.0,525.367919921875,513.0,845317.0,361.80194091796875,365.0,259412.0,False,vLH92_MN_60x-1xzoom_0001_XY06_Dapi-ex_Green-em.tif,411.29412841796875,310.0,955025.0,470.1883239746094,338.0,756533.0,278.2566223144531,277.0,199510.0,329.50080771484375,379.638319921875,216.07234091796875,314.2704,367.2704,219.2704,262.4605284179687,321.3547239746093,129.4230223144531,161.16639999999998,189.16639999999998,128.16639999999998,10mM 2DG,1h,yes,MN,1.2554299486516056,1.9499746845496333,1.181368411910667,1.9415202699845218,1.669504675860434,1.7108259262958156
vLH92_MN_60x-1xzoom_0001_XY06_488.tif,14,4432,2180,2253,0.4918772563176895,273.7572784423828,0.787523749276861,288.2430114746094,273.0,1277493.0,338.6573486328125,326.0,762995.0,236.1087188720703,233.0,514717.0,False,vLH92_MN_60x-1xzoom_0001_XY06_Dapi-ex_Green-em.tif,262.0712890625,260.0,1161500.0,284.817138671875,281.0,641693.0,238.53073120117188,236.0,519997.0,142.51341147460937,192.9277486328125,90.37911887207031,127.2704,180.2704,87.2704,113.23768906249998,135.98353867187498,89.69713120117186,111.16639999999998,132.16639999999998,87.16639999999998,10mM 2DG,1h,yes,MN,1.2585333792528304,1.14486391571554,1.4187581123208046,1.3639654254031284,1.0076032272355389,1.0011931202848805
vLH92_MN_60x-1xzoom_0001_XY06_488.tif,15,3138,1549,1589,0.49362651370299554,270.6876220703125,0.771385477042717,293.7256164550781,274.0,921711.0,332.17999267578125,331.0,527834.0,254.2782440185547,254.0,393877.0,False,vLH92_MN_60x-1xzoom_0001_XY06_Dapi-ex_Green-em.tif,234.0111541748047,225.0,734327.0,254.18251037597656,248.0,403896.0,213.31890869140625,213.0,330431.0,147.99601645507812,186.45039267578125,108.54864401855468,128.2704,185.2704,108.2704,85.17755417480467,105.34891037597654,64.48530869140623,76.16639999999998,99.16639999999998,64.16639999999998,10mM 2DG,1h,yes,MN,1.737500188739336,1.6840811696496096,1.7698369352883108,1.8682779651172174,1.6833081243049186,1.6873379214043491
vLH92_MN_60x-1xzoom_0001_XY06_488.tif,16,4316,3335,981,0.7727062094531975,559.7853698730469,0.3931926238241339,572.7560424804688,564.0,2472015.0,603.0458984375,616.0,591588.0,563.84619140625,555.0,1880427.0,False,vLH92_MN_60x-1xzoom_0001_XY06_Dapi-ex_Green-em.tif,542.4650268554688,550.0,2341279.0,553.9551391601562,578.0,543430.0,539.0851440429688,545.0,1797849.0,427.02644248046875,457.3162984375,418.11659140625,418.2704,470.2704,409.2704,393.6314268554687,405.1215391601562,390.2515440429687,401.16639999999995,429.16639999999995,396.16639999999995,10mM 2DG,1h,yes,MN,1.0848382861393377,1.042635674373527,1.128837285189889,1.0957763701911427,1.0714027856868984,1.033077010064458
vLH92_MN_60x-1xzoom_0001_XY06_488.tif,17,3975,0,3975,0.0,770.6658325195312,,832.4329833984375,777.0,3308921.0,832.4329833984375,777.0,3308921.0,,,,True,vLH92_MN_60x-1xzoom_0001_XY06_Dapi-ex_Green-em.tif,392.2156066894531,375.0,1559057.0,392.2156066894531,375.0,1559057.0,,,,686.7033833984375,686.7033833984375,,631.2704,631.2704,,243.3820066894531,243.3820066894531,,226.16639999999998,226.16639999999998,,10mM 2DG,1h,yes,MN,2.8215043204678927,2.791176761888592,2.8215043204678927,2.791176761888592,,
vLH92_MN_60x-1xzoom_0001_XY07_488.tif,1,3854,1901,1953,0.4932537623248573,229.1241455078125,0.7748867797640435,242.06771850585938,233.0,932929.0,268.2386169433594,270.0,523870.0,215.1809539794922,215.0,409059.0,False,vLH92_MN_60x-1xzoom_0001_XY07_Dapi-ex_Green-em.tif,212.1315460205078,206.0,817555.0,228.8648223876953,223.0,446973.0,194.9405517578125,195.0,370582.0,98.58771850585939,124.75861694335939,71.7009539794922,89.52000000000001,126.52000000000001,71.52000000000001,63.73794602050782,80.47122238769532,46.54695175781251,57.60640000000001,74.60640000000001,46.60640000000001,10mM 2DG,1h,yes,MN,1.5467664815263826,1.5539940006665927,1.5503507122371731,1.6958330652598168,1.5404006335916036,1.534553194411068
vLH92_MN_60x-1xzoom_0001_XY07_488.tif,2,4873,1831,3042,0.3757438949312539,446.35931396484375,0.7279874198506838,528.8770751953125,456.0,2577218.0,595.3349609375,603.0,1811009.0,418.46478271484375,419.0,766209.0,False,vLH92_MN_60x-1xzoom_0001_XY07_Dapi-ex_Green-em.tif,344.3184814453125,309.0,1677864.0,378.66009521484375,368.0,1151884.0,287.2637939453125,288.0,525980.0,385.3970751953125,451.8549609375,274.98478271484373,312.52,459.52,275.52,195.9248814453125,230.26649521484376,138.8701939453125,160.6064,219.6064,139.6064,10mM 2DG,1h,yes,MN,1.967065501595755,1.9458751332450013,1.962313103849126,2.092470893380156,1.980156971791467,1.9735484906136107
vLH92_MN_60x-1xzoom_0001_XY07_488.tif,3,5287,2518,2770,0.47626253073576696,583.8198852539062,0.39835840312567267,697.8768920898438,584.0,3689675.0,884.1328735351562,931.0,2449048.0,492.7799987792969,495.0,1240820.0,False,vLH92_MN_60x-1xzoom_0001_XY07_Dapi-ex_Green-em.tif,360.18157958984375,323.0,1904280.0,425.4801330566406,439.5,1178580.0,288.2708435058594,289.0,725866.0,554.3968920898437,740.6528735351562,349.29999877929686,440.52,787.52,351.52,211.78797958984376,277.08653305664063,139.87724350585938,174.6064,291.1064,140.6064,10mM 2DG,1h,yes,MN,2.6176976293154537,2.522931576391243,2.6730020595542827,2.7052651539093606,2.4971896072906588,2.5000284482071935
vLH92_MN_60x-1xzoom_0001_XY07_488.tif,4,3300,1614,1686,0.4890909090909091,356.7396697998047,0.5431629886151308,391.0227355957031,363.0,1290375.0,443.3789978027344,442.0,747537.0,336.3308410644531,339.0,542838.0,False,vLH92_MN_60x-1xzoom_0001_XY07_Dapi-ex_Green-em.tif,304.0548400878906,286.0,1003381.0,335.5836181640625,334.0,565794.0,271.11956787109375,272.0,437587.0,247.54273559570314,299.89899780273436,192.85084106445314,219.52,298.52,195.52,155.66124008789063,187.1900181640625,122.72596787109376,137.6064,185.6064,123.60640000000001,10mM 2DG,1h,yes,MN,1.5902657299654923,1.595274638388912,1.6021099882574303,1.6083497120788937,1.5713939308021234,1.581795117404924
vLH92_MN_60x-1xzoom_0001_XY07_488.tif,5,4563,2271,2292,0.49769888231426695,314.3714599609375,0.3282972497401798,315.9612121582031,313.0,1441731.0,383.3350830078125,375.0,878604.0,247.96434020996094,236.0,563127.0,False,vLH92_MN_60x-1xzoom_0001_XY07_Dapi-ex_Green-em.tif,247.11570739746094,244.0,1127589.0,274.5449523925781,269.0,629257.0,219.43284606933594,215.0,498332.0,172.48121215820314,239.8550830078125,104.48434020996095,169.52,231.52,92.52000000000001,98.72210739746095,126.15135239257813,71.03924606933595,95.60640000000001,120.60640000000001,66.60640000000001,10mM 2DG,1h,yes,MN,1.7471386774978754,1.773103055862369,1.9013278768616984,1.9196327889730562,1.4707974252426865,1.389055706358548
vLH92_MN_60x-1xzoom_0001_XY07_488.tif,6,3650,1703,1947,0.46657534246575344,650.3089904785156,0.5545196460353378,694.5720825195312,658.0,2535188.0,780.114013671875,804.0,1518882.0,596.77392578125,603.0,1016306.0,False,vLH92_MN_60x-1xzoom_0001_XY07_Dapi-ex_Green-em.tif,358.13946533203125,343.0,1307209.0,390.6260986328125,397.0,760549.0,320.99822998046875,318.0,546660.0,551.0920825195312,636.634013671875,453.29392578125,514.52,660.52,459.52,209.74586533203126,242.2324986328125,172.60462998046876,194.6064,248.6064,169.6064,10mM 2DG,1h,yes,MN,2.6274276331842974,2.6439007144677666,2.6281940584566854,2.6568905707978554,2.626197952120652,2.7093317233311947
vLH92_MN_60x-1xzoom_0001_XY07_488.tif,7,2819,1566,1253,0.5555161404753459,620.2112426757812,0.4671838366362247,681.7190551757812,629.0,1921766.0,816.4285888671875,860.0,1022985.0,573.9342041015625,573.0,898781.0,False,vLH92_MN_60x-1xzoom_0001_XY07_Dapi-ex_Green-em.tif,400.1780700683594,371.0,1128102.0,472.85235595703125,487.0,592484.0,342.0293884277344,345.0,535618.0,538.2390551757812,672.9485888671875,430.4542041015625,485.52,716.52,429.52,251.78447006835938,324.45875595703126,193.63578842773438,222.6064,338.6064,196.6064,10mM 2DG,1h,yes,MN,2.137697591236066,2.18106936727785,2.07406512079553,2.116085224614774,2.2230095355653208,2.184669471594007
vLH92_MN_60x-1xzoom_0001_XY07_488.tif,8,3112,1546,1566,0.4967866323907455,305.94190979003906,0.6136925690438041,325.58514404296875,306.5,1013221.0,382.6015319824219,365.0,599154.0,267.8311767578125,266.0,414067.0,False,vLH92_MN_60x-1xzoom_0001_XY07_Dapi-ex_Green-em.tif,289.6972961425781,281.0,901538.0,317.596435546875,317.0,497356.0,261.437255859375,260.0,404182.0,182.10514404296876,239.12153198242189,124.35117675781251,163.02,221.52,122.52000000000001,141.30369614257813,169.202835546875,113.04365585937501,132.6064,168.6064,111.60640000000001,10mM 2DG,1h,yes,MN,1.2887500399085186,1.229352429445336,1.413224141365982,1.313829131041289,1.1000279123359558,1.0977865068669896
vLH92_MN_60x-1xzoom_0001_XY08_488.tif,1,4036,2175,1862,0.5388999008919723,639.6518859863281,0.5289490893313903,762.38134765625,630.0,3076971.0,985.4478759765625,1068.5,1834904.0,571.1806640625,558.0,1242318.0,False,vLH92_MN_60x-1xzoom_0001_XY08_Dapi-ex_Green-em.tif,396.9430236816406,352.0,1602062.0,487.1412353515625,513.0,907057.0,319.6266784667969,317.0,695188.0,617.65494765625,840.7214759765625,426.4542640625,485.2736,923.7736,413.2736,249.18942368164062,339.3876353515625,171.87307846679687,204.2464,365.2464,169.2464,10mM 2DG,1h,yes,MN,2.4786563511834814,2.3759224152788003,2.477171789436824,2.529179206146864,2.4812161850285595,2.441845734975751
vLH92_MN_60x-1xzoom_0001_XY08_488.tif,2,2698,1349,1349,0.5,261.6697998046875,0.8561851710380832,277.11639404296875,261.5,747660.0,325.23944091796875,312.0,438748.0,228.9933319091797,228.0,308912.0,False,vLH92_MN_60x-1xzoom_0001_XY08_Dapi-ex_Green-em.tif,235.08969116210938,222.0,634272.0,265.4425354003906,255.0,358082.0,204.73684692382812,204.0,276190.0,132.38999404296877,180.51304091796877,84.2669319091797,116.77360000000002,167.27360000000002,83.27360000000002,87.33609116210937,117.68893540039062,56.98324692382812,74.2464,107.2464,56.246399999999994,10mM 2DG,1h,yes,MN,1.515868093950213,1.5727846737350233,1.5338148850088895,1.559712960062063,1.4788018664823157,1.4805143084712982
vLH92_MN_60x-1xzoom_0001_XY08_488.tif,3,4340,2213,2127,0.5099078341013825,436.6911926269531,0.6349493155930769,440.35736083984375,445.0,1911151.0,530.5293579101562,539.0,1128436.0,353.6895751953125,329.0,782715.0,False,vLH92_MN_60x-1xzoom_0001_XY08_Dapi-ex_Green-em.tif,415.4142761230469,407.0,1802898.0,480.17913818359375,491.0,1021341.0,353.1662902832031,336.0,781557.0,295.63096083984374,385.80295791015624,208.96317519531252,300.2736,394.2736,184.27360000000002,267.66067612304687,332.42553818359374,205.41269028320312,259.2464,343.2464,188.2464,10mM 2DG,1h,yes,MN,1.1044990437965516,1.1582556209073684,1.160569551961086,1.1486605540509673,1.0172846424785846,0.9788957451510362
vLH92_MN_60x-1xzoom_0001_XY08_488.tif,4,3257,1615,1642,0.4958550813632177,311.82318115234375,0.67168558363505,332.21002197265625,314.0,1082008.0,371.2198486328125,352.0,609543.0,292.5479736328125,293.0,472465.0,False,vLH92_MN_60x-1xzoom_0001_XY08_Dapi-ex_Green-em.tif,286.4292297363281,251.0,932900.0,333.13702392578125,273.0,547011.0,238.9405517578125,238.0,385889.0,187.48362197265627,226.49344863281252,147.82157363281252,169.27360000000002,207.27360000000002,148.27360000000002,138.67562973632812,185.38342392578124,91.1869517578125,103.2464,125.2464,90.2464,10mM 2DG,1h,yes,MN,1.3519579635522807,1.6395109175719447,1.2217567452173599,1.654926608668992,1.6210825209446462,1.6429863130274451
vLH92_MN_60x-1xzoom_0001_XY08_488.tif,5,3605,1775,1830,0.492371705963939,617.731201171875,0.22635513641855012,618.2537841796875,616.0,2228805.0,676.7562866210938,667.0,1238464.0,557.9385986328125,562.0,990341.0,False,vLH92_MN_60x-1xzoom_0001_XY08_Dapi-ex_Green-em.tif,491.816650390625,474.0,1772999.0,566.8436889648438,599.0,1037324.0,414.46478271484375,378.0,735675.0,473.5273841796875,532.0298866210937,413.2121986328125,471.2736,522.2736,417.2736,344.063050390625,419.09008896484374,266.71118271484374,326.2464,451.2464,230.2464,10mM 2DG,1h,yes,MN,1.3762808405089642,1.4445327212806027,1.2694881139642609,1.157402252959802,1.5492871143487126,1.8122915276851235
vLH92_MN_60x-1xzoom_0001_XY08_488.tif,6,5392,2813,2581,0.5216988130563798,610.2617492675781,0.3600816589678835,598.077880859375,605.0,3224836.0,722.256103515625,689.0,1864143.0,483.9609069824219,471.0,1361382.0,False,vLH92_MN_60x-1xzoom_0001_XY08_Dapi-ex_Green-em.tif,463.0226135253906,443.0,2496618.0,569.3765869140625,502.0,1469561.0,365.3007507324219,351.0,1027591.0,453.351480859375,577.529703515625,339.23450698242186,460.2736,544.2736,326.2736,315.2690135253906,421.6229869140625,217.54715073242187,295.2464,354.2464,203.2464,10mM 2DG,1h,yes,MN,1.437982996774479,1.5589473741254762,1.3697775535026515,1.5364266228252426,1.5593608366752305,1.605310598367302
vLH92_MN_60x-1xzoom_0001_XY08_488.tif,7,3185,1585,1600,0.4976452119309262,449.566650390625,0.8448918479099494,546.6505737304688,454.0,1741082.0,715.0712280273438,710.0,1144114.0,376.6359558105469,372.0,596968.0,False,vLH92_MN_60x-1xzoom_0001_XY08_Dapi-ex_Green-em.tif,402.7855529785156,299.0,1282872.0,541.9450073242188,455.5,867112.0,262.30914306640625,259.0,415760.0,401.92417373046874,570.3448280273437,231.9095558105469,309.2736,565.2736,227.27360000000002,255.03195297851562,394.19140732421874,114.55554306640624,151.2464,307.7464,111.2464,10mM 2DG,1h,yes,MN,1.5759757514162456,2.0448328026319964,1.446872807042799,1.836816287696623,2.0244289329248097,2.042974873793669
vLH92_MN_60x-1xzoom_0001_XY08_488.tif,8,3049,1619,1430,0.5309937684486717,454.5782470703125,0.43591531372817816,497.4824523925781,458.0,1516824.0,582.18603515625,569.0,832526.0,422.6670837402344,424.0,684298.0,False,vLH92_MN_60x-1xzoom_0001_XY08_Dapi-ex_Green-em.tif,297.0206604003906,269.0,905616.0,344.2244873046875,312.0,492241.0,255.32736206054688,252.0,413375.0,352.7560523925781,437.45963515625,277.94068374023436,313.2736,424.2736,279.2736,149.26706040039062,196.4708873046875,107.57376206054687,121.2464,164.2464,104.2464,10mM 2DG,1h,yes,MN,2.363254501337088,2.5837765080035364,2.2265875680493905,2.583153116293569,2.583721889207501,2.678975964637628
vLH92_MN_60x-1xzoom_0001_XY08_488.tif,9,5818,0,5818,0.0,1284.7847900390625,,1425.4052734375,1291.0,8293008.0,1425.4052734375,1291.0,8293008.0,,,,True,vLH92_MN_60x-1xzoom_0001_XY08_Dapi-ex_Green-em.tif,559.2965087890625,518.0,3253987.0,559.2965087890625,518.0,3253987.0,,,,1280.6788734375,1280.6788734375,,1146.2736,1146.2736,,411.5429087890625,411.5429087890625,,370.2464,370.2464,,10mM 2DG,1h,yes,MN,3.1118963444317678,3.095975004753591,3.1118963444317678,3.095975004753591,,
vLH92_MN_60x-1xzoom_0001_XY08_488.tif,10,4968,2514,2454,0.5060386473429952,477.65037536621094,0.44795913398808435,504.7942810058594,484.0,2507818.0,627.380615234375,626.0,1539592.0,385.1336364746094,382.0,968226.0,False,vLH92_MN_60x-1xzoom_0001_XY08_Dapi-ex_Green-em.tif,339.4198913574219,323.0,1686238.0,398.9894104003906,393.0,979120.0,281.2720642089844,281.0,707118.0,360.06788100585936,482.654215234375,240.4072364746094,339.2736,481.2736,237.27360000000002,191.66629135742187,251.23581040039062,133.51846420898437,175.2464,245.2464,133.2464,10mM 2DG,1h,yes,MN,1.8786187099243234,1.9359804252754977,1.92112029915312,1.962408418635299,1.800554237190159,1.7807130248922298
vLH92_MN_60x-1xzoom_0001_XY08_488.tif,11,3230,1497,1733,0.4634674922600619,468.6449890136719,0.18928023791889176,490.17864990234375,475.0,1583277.0,546.6278076171875,544.0,947306.0,424.830322265625,435.0,635971.0,False,vLH92_MN_60x-1xzoom_0001_XY08_Dapi-ex_Green-em.tif,413.764404296875,413.0,1336459.0,447.6993713378906,445.0,775863.0,374.4796142578125,395.0,560596.0,345.45224990234374,401.9014076171875,280.103922265625,330.2736,399.2736,290.2736,266.010804296875,299.9457713378906,226.7260142578125,265.2464,297.2464,247.2464,10mM 2DG,1h,yes,MN,1.2986399210943704,1.2451577099632642,1.3399135644571007,1.3432411628870862,1.2354291287770618,1.174025587430191
vLH92_MN_60x-1xzoom_0001_XY09_488.tif,1,4113,2026,2087,0.4925844882081206,1410.060791015625,0.1977749736695826,1591.7457275390625,1416.0,6546850.0,1980.9649658203125,2035.0,4134274.0,1190.8074951171875,1266.5,2412576.0,False,vLH92_MN_60x-1xzoom_0001_XY09_Dapi-ex_Green-em.tif,548.183349609375,510.0,2254678.0,653.1461181640625,666.0,1363116.0,440.0602111816406,454.5,891562.0,1443.8945275390624,1833.1137658203124,1042.9562951171874,1268.1488,1887.1488,1118.6488,398.602549609375,503.5653181640625,290.4794111816406,360.4192,516.4192,304.9192,10mM 2DG,1h,yes,MN,3.622391600239535,3.5185384130479176,3.640270089496276,3.6542963545894493,3.5904654683598665,3.668672881209186
vLH92_MN_60x-1xzoom_0001_XY09_488.tif,2,4519,2150,2369,0.4757689754370436,562.9230346679688,0.7847817003233886,667.6401977539062,565.0,3017066.0,857.7860107421875,841.0,2032095.0,458.12603759765625,448.0,984971.0,False,vLH92_MN_60x-1xzoom_0001_XY09_Dapi-ex_Green-em.tif,415.453857421875,392.0,1877436.0,453.01898193359375,452.0,1073202.0,374.06231689453125,367.0,804234.0,519.7889977539062,709.9348107421874,310.27483759765624,417.1488,693.1487999999999,300.1488,265.873057421875,303.43818193359374,224.48151689453124,242.4192,302.4192,217.4192,10mM 2DG,1h,yes,MN,1.955026969615538,1.720774592111516,2.339635724872468,2.292013205510761,1.3821843414548625,1.3805073332989912
vLH92_MN_60x-1xzoom_0001_XY09_488.tif,3,4294,2088,2206,0.4862598975314392,818.0791931152344,0.7727608279017989,816.7100830078125,815.5,3506953.0,976.2710571289062,985.0,2153654.0,648.1317138671875,627.0,1353299.0,False,vLH92_MN_60x-1xzoom_0001_XY09_Dapi-ex_Green-em.tif,482.7906494140625,487.0,2073103.0,550.3313598632812,552.0,1214031.0,411.4329528808594,391.0,859072.0,668.8588830078124,828.4198571289062,500.2805138671875,667.6487999999999,837.1487999999999,479.1488,333.2098494140625,400.75055986328124,261.85215288085936,337.4192,402.4192,241.4192,10mM 2DG,1h,yes,MN,2.007320264343856,1.978692380279486,2.0671708042317576,2.0802904036387924,1.9105457349239787,1.9847170399040341
vLH92_MN_60x-1xzoom_0001_XY09_488.tif,4,2679,1284,1395,0.47928331466965285,593.4700317382812,0.8189201501875043,610.354248046875,589.0,1635139.0,700.000732421875,655.0,976501.0,512.9579467773438,507.0,658638.0,False,vLH92_MN_60x-1xzoom_0001_XY09_Dapi-ex_Green-em.tif,385.22247314453125,378.0,1032011.0,424.5104064941406,414.0,592192.0,342.53814697265625,341.0,439819.0,462.503048046875,552.1495324218749,365.10674677734374,441.1488,507.1488,359.1488,235.64167314453124,274.9296064941406,192.95734697265624,228.4192,264.4192,191.4192,10mM 2DG,1h,yes,MN,1.9627387714362303,1.9313122539611383,2.008330566732334,1.9179726736938922,1.8921629702396487,1.8762422996230264
vLH92_MN_60x-1xzoom_0001_XY09_488.tif,5,2645,1233,1412,0.4661625708884688,929.3794555664062,0.3944421774310529,1029.017822265625,931.0,2721752.0,1221.928466796875,1217.0,1725363.0,808.1013793945312,807.0,996389.0,False,vLH92_MN_60x-1xzoom_0001_XY09_Dapi-ex_Green-em.tif,542.1141967773438,515.0,1433892.0,625.2415161132812,620.5,882841.0,446.91888427734375,442.0,551051.0,881.1666222656249,1074.077266796875,660.2501793945312,783.1487999999999,1069.1488,659.1487999999999,392.53339677734374,475.66071611328124,297.33808427734374,365.4192,470.9192,292.4192,10mM 2DG,1h,yes,MN,2.2448194968884345,2.1431517555727777,2.258074359331952,2.270344466736544,2.2205368713503892,2.2541228482945033
vLH92_MN_60x-1xzoom_0001_XY09_488.tif,6,1923,973,950,0.5059802392095684,875.1109619140625,0.25712643067087115,911.084228515625,875.0,1752015.0,1101.7315673828125,1044.0,1046645.0,724.9434814453125,741.0,705370.0,False,vLH92_MN_60x-1xzoom_0001_XY09_Dapi-ex_Green-em.tif,480.89910888671875,464.0,924769.0,563.8894653320312,535.0,535695.0,399.8705139160156,402.0,389074.0,763.2330285156249,953.8803673828124,577.0922814453124,727.1487999999999,896.1487999999999,593.1487999999999,331.31830888671874,414.30866533203124,250.28971391601561,314.4192,385.4192,252.4192,10mM 2DG,1h,yes,MN,2.303624665597887,2.3126730174238723,2.3023423046639944,2.3251275494318913,2.3056971555729016,2.3498561123718003
vLH92_MN_60x-1xzoom_0001_XY09_488.tif,7,2545,1274,1271,0.5005893909626719,455.8157043457031,0.8510601446445991,519.3135375976562,464.0,1321653.0,616.4327392578125,591.0,783486.0,422.4230651855469,423.0,538167.0,False,vLH92_MN_60x-1xzoom_0001_XY09_Dapi-ex_Green-em.tif,314.09979248046875,294.0,799384.0,357.18646240234375,346.0,453984.0,271.1145935058594,271.0,345400.0,371.46233759765624,468.5815392578125,274.57186518554687,316.1488,443.1488,275.1488,164.51899248046874,207.60566240234374,121.53379350585936,144.4192,196.4192,121.41919999999999,10mM 2DG,1h,yes,MN,2.257869027746175,2.1891050497440783,2.257074946008421,2.256137892833287,2.2592223715316617,2.2661061841949217
vLH92_MN_60x-1xzoom_0001_XY09_488.tif,8,4303,2013,2290,0.46781315361375786,1119.4940185546875,0.5325929206121036,1255.16796875,1125.0,5400988.0,1467.1170654296875,1579.0,3359698.0,1014.0536499023438,1027.0,2041290.0,False,vLH92_MN_60x-1xzoom_0001_XY09_Dapi-ex_Green-em.tif,740.6304931640625,666.0,3186933.0,863.9445190429688,922.0,1978433.0,600.3477172851562,610.0,1208500.0,1107.31676875,1319.2658654296874,866.2024499023437,977.1487999999999,1431.1488,879.1487999999999,591.0496931640625,714.3637190429688,450.76691728515624,516.4192,772.4192,460.4192,10mM 2DG,1h,yes,MN,1.8734749066905156,1.8921620265086965,1.846770531959692,1.8528136017333592,1.9216193928321983,1.9094529507023164
vLH92_MN_60x-1xzoom_0001_XY09_488.tif,9,3128,1489,1639,0.4760230179028133,741.3847961425781,0.680476378084336,819.5508422851562,737.0,2563555.0,961.3135986328125,954.0,1575593.0,663.507080078125,663.0,987962.0,False,vLH92_MN_60x-1xzoom_0001_XY09_Dapi-ex_Green-em.tif,567.468994140625,520.0,1775043.0,646.41552734375,641.0,1059475.0,480.56951904296875,480.0,715568.0,671.6996422851562,813.4623986328124,515.6558800781249,589.1487999999999,806.1487999999999,515.1487999999999,417.888194140625,496.83472734375,330.98871904296874,370.4192,491.4192,330.4192,10mM 2DG,1h,yes,MN,1.6073668787568578,1.5904920695255536,1.6372897341171446,1.6404503527741692,1.557925845838821,1.5590764701324862
vLH92_MN_60x-1xzoom_0001_XY09_488.tif,10,4674,2343,2332,0.5012836970474968,1103.85009765625,0.2029791950319931,1217.1741943359375,1102.5,5689072.0,1550.104248046875,1634.0,3614843.0,885.4993896484375,862.0,2074725.0,False,vLH92_MN_60x-1xzoom_0001_XY09_Dapi-ex_Green-em.tif,498.9263916015625,465.0,2331982.0,604.2260131835938,625.0,1409055.0,394.0256042480469,387.0,923202.0,1069.3229943359374,1402.253048046875,737.6481896484374,954.6487999999999,1486.1488,714.1487999999999,349.3455916015625,454.64521318359374,244.44480424804686,315.4192,475.4192,237.4192,10mM 2DG,1h,yes,MN,3.0609316964146136,3.0266033266205734,3.0842798018872366,3.125975560095175,3.0176472431785437,3.007965657368907
vLH92_MN_60x-1xzoom_0001_XY10_488.tif,1,2272,1175,1097,0.5171654929577465,536.4987182617188,0.4170258864815686,607.6928100585938,539.0,1380678.0,732.6390380859375,714.0,803705.0,491.0408630371094,492.0,576973.0,False,vLH92_MN_60x-1xzoom_0001_XY10_Dapi-ex_Green-em.tif,341.25042724609375,317.0,775321.0,388.3190612792969,385.0,425986.0,297.306396484375,296.0,349335.0,463.65921005859377,588.6054380859375,347.0072630371094,394.9664,569.9664,347.9664,194.18962724609375,241.25826127929687,150.245596484375,169.9392,237.9392,148.9392,10mM 2DG,1h,yes,MN,2.387662083881571,2.324162994765187,2.4397317420957787,2.3954287481844103,2.309600222281369,2.3362983015888363
vLH92_MN_60x-1xzoom_0001_XY10_488.tif,2,1788,905,883,0.506152125279642,315.1904602050781,0.6731114231061722,344.5833435058594,314.0,616115.0,404.41448974609375,359.0,357098.0,286.2066345214844,285.0,259017.0,False,vLH92_MN_60x-1xzoom_0001_XY10_Dapi-ex_Green-em.tif,272.3568115234375,264.0,486974.0,295.1619567871094,284.0,260628.0,250.1060791015625,247.0,226346.0,200.54974350585937,260.38088974609377,142.17303452148437,169.9664,214.9664,140.9664,125.2960115234375,148.10115678710937,103.0452791015625,116.9392,136.9392,99.9392,10mM 2DG,1h,yes,MN,1.6006075617845594,1.4534595755743154,1.7581286695848222,1.5697944781333613,1.3797141971089928,1.4105215971310556
vLH92_MN_60x-1xzoom_0001_XY10_488.tif,3,2266,1137,1129,0.5017652250661959,294.8070831298828,0.8318996358912781,325.1098937988281,298.0,736699.0,374.1417236328125,374.0,422406.0,276.42303466796875,276.0,314293.0,False,vLH92_MN_60x-1xzoom_0001_XY10_Dapi-ex_Green-em.tif,276.4814758300781,261.0,626507.0,306.5775146484375,298.0,346126.0,246.59718322753906,246.0,280381.0,181.07629379882812,230.1081236328125,132.38943466796874,153.9664,229.9664,131.9664,129.42067583007812,159.5167146484375,99.53638322753906,113.9392,150.9392,98.9392,10mM 2DG,1h,yes,MN,1.3991295644026063,1.3513031511542999,1.4425329918557626,1.5235697552391956,1.3300607313139756,1.333813089250772
vLH92_MN_60x-1xzoom_0001_XY10_488.tif,4,4594,2413,2181,0.5252503265128429,496.8665313720703,0.34033025578039616,518.9229125976562,498.0,2383932.0,601.04541015625,599.0,1310880.0,444.69622802734375,445.0,1073052.0,False,vLH92_MN_60x-1xzoom_0001_XY10_Dapi-ex_Green-em.tif,369.8972473144531,356.0,1699308.0,419.1847839355469,413.0,914242.0,325.3485412597656,324.0,785066.0,374.88931259765627,457.01181015625,300.66262802734377,353.9664,454.9664,300.9664,222.83644731445312,272.1239839355469,178.28774125976562,208.9392,265.9392,176.9392,10mM 2DG,1h,yes,MN,1.6823518644085877,1.6941119713294586,1.6794249575020708,1.7107910379515316,1.6863897983276241,1.7009594256106053
vLH92_MN_60x-1xzoom_0001_XY10_488.tif,5,4619,2345,2274,0.5076856462437757,532.8472900390625,0.5844152893330915,620.5081176757812,537.0,2866127.0,771.9476928710938,760.0,1755409.0,473.6537170410156,473.0,1110718.0,False,vLH92_MN_60x-1xzoom_0001_XY10_Dapi-ex_Green-em.tif,365.0714416503906,334.0,1686265.0,425.9111633300781,428.0,968522.0,306.0737609863281,306.0,717743.0,476.47451767578127,627.9140928710938,329.62011704101565,392.9664,615.9664,328.9664,218.01064165039062,278.85036333007815,159.01296098632812,186.9392,280.9392,158.9392,10mM 2DG,1h,yes,MN,2.1855562373871282,2.102108065082123,2.251795857005304,2.192525642558959,2.072913522246506,2.069762525544359
vLH92_MN_60x-1xzoom_0001_XY10_488.tif,6,3283,1634,1649,0.4977155041120926,533.6076049804688,0.6742530686577797,593.9052734375,532.0,1949791.0,712.3274536132812,658.0,1174628.0,474.3959655761719,475.0,775163.0,False,vLH92_MN_60x-1xzoom_0001_XY10_Dapi-ex_Green-em.tif,386.4212646484375,366.0,1268621.0,435.3238220214844,423.0,717849.0,337.06976318359375,337.0,550772.0,449.8716734375,568.2938536132813,330.3623655761719,387.9664,513.9664,330.9664,239.3604646484375,288.2630220214844,190.00896318359375,218.9392,275.9392,189.9392,10mM 2DG,1h,yes,MN,1.879473596854236,1.772028033353552,1.971442086564006,1.8626074149667753,1.7386672714853113,1.7424860165779366
vLH92_MN_60x-1xzoom_0001_XY10_488.tif,7,2048,1027,1021,0.50146484375,334.5928649902344,0.667043923426948,367.97265625,337.0,753608.0,426.9284973144531,424.0,435894.0,309.3612365722656,309.0,317714.0,False,vLH92_MN_60x-1xzoom_0001_XY10_Dapi-ex_Green-em.tif,356.15380859375,336.0,729403.0,397.9902038574219,397.0,406348.0,314.56182861328125,315.0,323055.0,223.93905625,282.89489731445315,165.32763657226562,192.9664,279.9664,164.9664,209.09300859375,250.92940385742187,167.50102861328125,188.9392,249.9392,167.9392,10mM 2DG,1h,yes,MN,1.0710021236773852,1.0213147933303413,1.1273883927735868,1.1201380175658722,0.9870246048098399,0.9822983555953583
vLH92_MN_60x-1xzoom_0001_XY10_488.tif,8,2849,1610,1240,0.5651105651105651,767.2598876953125,0.33885198029947977,786.9073486328125,769.0,2241899.0,942.0677490234375,940.0,1168164.0,667.1546630859375,679.0,1074119.0,False,vLH92_MN_60x-1xzoom_0001_XY10_Dapi-ex_Green-em.tif,409.8501281738281,403.0,1167663.0,450.5064392089844,451.0,558628.0,378.4565124511719,375.0,609315.0,642.8737486328125,798.0341490234375,523.1210630859375,624.9664,795.9664,534.9664,262.78932817382815,303.4456392089844,231.39571245117187,255.9392,303.9392,227.9392,10mM 2DG,1h,yes,MN,2.44634648256176,2.4418549405483803,2.6299081150209833,2.6188342931744244,2.260720639740999,2.3469697182406537
vLH92_MN_60x-1xzoom_0001_XY10_488.tif,9,2868,1351,1518,0.4710599721059972,533.9365539550781,0.502966157490318,618.1185302734375,547.0,1772764.0,715.93212890625,736.0,1086785.0,508.0599670410156,513.0,686389.0,False,vLH92_MN_60x-1xzoom_0001_XY10_Dapi-ex_Green-em.tif,385.8525085449219,354.0,1106625.0,429.22857666015625,429.0,651569.0,337.12213134765625,334.0,455452.0,474.0849302734375,571.89852890625,364.02636704101565,402.9664,591.9664,368.9664,238.79170854492187,282.1677766601563,190.06133134765625,206.9392,281.9392,186.9392,10mM 2DG,1h,yes,MN,1.9853492115043514,1.9472695361729437,2.0268031157754995,2.0996243161646198,1.9153099920948473,1.9737240771331002
vLH92_MN_60x-1xzoom_0001_XY10_488.tif,10,2708,1107,1601,0.4087887740029542,1054.15283203125,0.4582838580919331,1046.461181640625,1060.5,2833817.0,1185.8001708984375,1235.0,1898466.0,844.9421997070312,863.0,935351.0,False,vLH92_MN_60x-1xzoom_0001_XY10_Dapi-ex_Green-em.tif,568.511474609375,580.0,1539529.0,613.26171875,625.0,981832.0,503.79132080078125,512.0,557697.0,902.427581640625,1041.7665708984375,700.9085997070313,916.4664,1090.9664,718.9664,421.450674609375,466.20091875,356.7305208007813,432.9392,477.9392,364.9392,10mM 2DG,1h,yes,MN,2.141241279248271,2.1168478160443773,2.2345871254215273,2.2826468303918155,1.964812537300274,1.9700991288411878
vLH92_MN_60x-1xzoom_0001_XY10_488.tif,11,3872,1704,2169,0.44008264462809915,931.5213012695312,0.2775990825927208,944.0369262695312,933.0,3655311.0,1011.5809326171875,998.0,2194119.0,857.8292236328125,882.0,1461741.0,False,vLH92_MN_60x-1xzoom_0001_XY10_Dapi-ex_Green-em.tif,449.51446533203125,441.0,1740520.0,479.9663391113281,471.0,1041047.0,410.6731262207031,412.0,699787.0,800.0033262695313,867.5473326171875,713.7956236328125,788.9664,853.9664,737.9664,302.4536653320313,332.90553911132815,263.61232622070315,293.9392,323.9392,264.9392,10mM 2DG,1h,yes,MN,2.6450442430290733,2.6841142658073505,2.6059864757223754,2.6361934585255504,2.7077475240486444,2.785417937398467
vLH92_MN_60x-1xzoom_0001_XY10_488.tif,12,3187,1588,1599,0.49827423909632884,412.3941955566406,0.849172818575734,444.88641357421875,413.0,1417853.0,510.23388671875,488.0,815864.0,379.0862731933594,379.0,601989.0,False,vLH92_MN_60x-1xzoom_0001_XY10_Dapi-ex_Green-em.tif,316.2645263671875,299.0,1007935.0,353.5878601074219,343.0,565387.0,278.6826171875,278.0,442548.0,300.85281357421877,366.20028671875,235.05267319335937,268.9664,343.9664,234.9664,169.2037263671875,206.52706010742187,131.6218171875,151.9392,195.9392,130.9392,10mM 2DG,1h,yes,MN,1.7780507559351308,1.7702238790252944,1.773134651354048,1.7554751678071565,1.7858184776351964,1.7944694942385473
vLH92_MN_60x-1xzoom_0001_XY10_488.tif,13,2588,1280,1308,0.4945904173106646,704.2953491210938,0.7629758147646557,811.8937377929688,701.0,2101181.0,996.4028930664062,1009.0,1303295.0,623.3484497070312,626.0,797886.0,False,vLH92_MN_60x-1xzoom_0001_XY10_Dapi-ex_Green-em.tif,456.33154296875,400.0,1180986.0,549.133056640625,559.0,718266.0,361.5,362.0,462720.0,667.8601377929688,852.3692930664063,479.31484970703127,556.9664,864.9664,481.9664,309.27074296875,402.072256640625,214.4392,252.9392,411.9392,214.9392,10mM 2DG,1h,yes,MN,2.1594675635401184,2.201977392195437,2.119940580302858,2.099742874676651,2.235201631544192,2.2423382984583546
vLH92_MN_60x-1xzoom_0001_XY10_488.tif,14,3909,1434,2475,0.3668457405986186,515.9237670898438,0.7003266776447354,554.369140625,518.0,2167029.0,602.3381958007812,635.0,1490787.0,471.577392578125,477.0,676242.0,False,vLH92_MN_60x-1xzoom_0001_XY10_Dapi-ex_Green-em.tif,458.6873779296875,424.0,1793009.0,494.7519226074219,508.0,1224511.0,396.4421081542969,398.0,568498.0,410.335540625,458.30459580078127,327.543792578125,373.9664,490.9664,332.9664,311.6265779296875,347.6911226074219,249.38130815429687,276.9392,360.9392,250.9392,10mM 2DG,1h,yes,MN,1.3167539923940128,1.3503556015183116,1.3181371798159283,1.3602468227335796,1.3134255931301297,1.3268807743070832
vLH92_MN_60x-1xzoom_0001_XY10_488.tif,15,3235,1559,1676,0.48191653786707883,264.32708740234375,0.7312370058054203,285.559814453125,269.0,923786.0,317.9952392578125,314.0,532960.0,250.690185546875,251.0,390826.0,False,vLH92_MN_60x-1xzoom_0001_XY10_Dapi-ex_Green-em.tif,247.96908569335938,237.0,802180.0,271.1288757324219,266.0,454412.0,223.07119750976562,223.0,347768.0,141.526214453125,173.9616392578125,106.656585546875,124.9664,169.9664,106.9664,100.90828569335937,124.06807573242187,76.01039750976562,89.9392,118.9392,75.9392,10mM 2DG,1h,yes,MN,1.4025232267169376,1.3894542090656798,1.4021466701312937,1.4290191963625112,1.4031841569197427,1.4085794951750874
vLH92_MN_60x-1xzoom_0001_XY11_488.tif,1,6685,3375,3310,0.5048616305160808,539.3399047851562,0.4937607669628918,547.0306396484375,532.0,3656900.0,704.6024169921875,695.0,2332234.0,392.4936218261719,373.0,1324666.0,False,vLH92_MN_60x-1xzoom_0001_XY11_Dapi-ex_Green-em.tif,338.0531005859375,323.0,2259885.0,413.0,407.0,1367030.0,264.54962158203125,258.0,892855.0,403.79863964843753,561.3704169921875,249.26162182617188,388.76800000000003,551.768,229.768,191.4915005859375,266.4384,117.98802158203125,176.4384,260.4384,111.4384,10mM 2DG,1h,yes,MN,2.1087026756428853,2.20342057057874,2.106942606591946,2.1186123090911324,2.1126010800416086,2.0618386480782207
vLH92_MN_60x-1xzoom_0001_XY11_488.tif,2,3718,1925,1793,0.5177514792899408,1511.588623046875,0.13503845914869628,1569.3741455078125,1514.0,5834933.0,1999.370361328125,2000.0,3584871.0,1168.8634033203125,1274.0,2250062.0,False,vLH92_MN_60x-1xzoom_0001_XY11_Dapi-ex_Green-em.tif,822.5408935546875,770.5,3058207.0,1036.5030517578125,1013.0,1858450.0,623.2503662109375,659.0,1199757.0,1426.1421455078125,1856.138361328125,1025.6314033203125,1370.768,1856.768,1130.768,675.9792935546875,889.9414517578125,476.6887662109375,623.9384,866.4384,512.4384,10mM 2DG,1h,yes,MN,2.109742353213717,2.1969604691745213,2.0856859264863776,2.1429890457301983,2.1515745199383716,2.2066418129476637
vLH92_MN_60x-1xzoom_0001_XY11_488.tif,3,3002,1366,1636,0.45502998001332445,1033.1228637695312,0.6895202870676795,1214.482666015625,1029.0,3645877.0,1492.8154296875,1528.5,2442246.0,881.1354370117188,901.0,1203631.0,False,vLH92_MN_60x-1xzoom_0001_XY11_Dapi-ex_Green-em.tif,543.0635986328125,474.0,1630277.0,652.7267456054688,671.0,1067861.0,411.7247314453125,415.0,562416.0,1071.250666015625,1349.5834296875,737.9034370117188,885.768,1385.268,757.768,396.5019986328125,506.16514560546875,265.1631314453125,327.4384,524.4384,268.4384,10mM 2DG,1h,yes,MN,2.7017535087072164,2.705143929361981,2.6662907183645457,2.6414312910725073,2.782828189536239,2.822874819697927
vLH92_MN_60x-1xzoom_0001_XY11_488.tif,4,5110,2738,2376,0.535812133072407,549.9141845703125,0.4816293176668782,587.2937622070312,555.0,3001071.0,754.33837890625,763.0,1792308.0,441.8769226074219,419.5,1209859.0,False,vLH92_MN_60x-1xzoom_0001_XY11_Dapi-ex_Green-em.tif,333.9616394042969,310.0,1706544.0,413.7887268066406,395.0,983162.0,264.5105895996094,259.0,724230.0,444.0617622070313,611.10637890625,298.6449226074219,411.76800000000003,619.768,276.26800000000003,187.40003940429688,267.2271268066406,117.94898959960938,163.4384,248.4384,112.4384,10mM 2DG,1h,yes,MN,2.3695926832171703,2.519407923719273,2.2868426054231854,2.4946546105593983,2.531983729756435,2.4570609329197146
vLH92_MN_60x-1xzoom_0001_XY11_488.tif,5,4134,1827,2307,0.44194484760522496,904.5395202636719,0.36241372666098903,946.6102905273438,914.0,3913287.0,1065.7520751953125,1110.0,2458690.0,796.1669311523438,818.0,1454597.0,False,vLH92_MN_60x-1xzoom_0001_XY11_Dapi-ex_Green-em.tif,438.36138916015625,403.0,1812186.0,501.2674560546875,487.0,1156424.0,358.92828369140625,361.0,655762.0,803.3782905273438,922.5200751953125,652.9349311523438,770.768,966.768,674.768,291.79978916015625,354.7058560546875,212.36668369140625,256.4384,340.4384,214.4384,10mM 2DG,1h,yes,MN,2.753183245401196,3.005665298176872,2.600803058219262,2.8397736565557823,3.074563861915059,3.1466752223482364
vLH92_MN_60x-1xzoom_0001_XY11_488.tif,6,2936,1623,1313,0.5527929155313351,630.7349243164062,0.18043673131605006,664.1471557617188,618.5,1949936.0,820.2330322265625,760.0,1076966.0,537.8743286132812,527.0,872970.0,False,vLH92_MN_60x-1xzoom_0001_XY11_Dapi-ex_Green-em.tif,361.7305908203125,343.0,1062041.0,421.75628662109375,407.0,553766.0,313.1700439453125,311.0,508275.0,520.9151557617188,677.0010322265625,394.6423286132813,475.26800000000003,616.768,383.76800000000003,215.1689908203125,275.19468662109375,166.6084439453125,196.4384,260.4384,164.4384,10mM 2DG,1h,yes,MN,2.42095830712305,2.4194251225829575,2.4600803181883464,2.3681914802118276,2.368681438155791,2.3338101076147666
vLH92_MN_60x-1xzoom_0001_XY11_488.tif,7,3091,1640,1451,0.5305726302167584,492.5386962890625,0.43050989411420126,547.9902954101562,493.0,1693838.0,665.7008666992188,643.0,965932.0,443.8451232910156,440.0,727906.0,False,vLH92_MN_60x-1xzoom_0001_XY11_Dapi-ex_Green-em.tif,357.9268798828125,315.0,1106352.0,447.645751953125,431.0,649534.0,278.54754638671875,274.0,456818.0,404.7582954101563,522.4688666992188,300.61312329101565,349.76800000000003,499.76800000000003,296.76800000000003,211.3652798828125,301.084151953125,131.98594638671875,168.4384,284.4384,127.4384,10mM 2DG,1h,yes,MN,1.9149705932524343,2.076533617037445,1.7352918222695446,1.7570342119770046,2.2776146364115113,2.3287172469208657
vLH92_MN_60x-1xzoom_0001_XY12_488.tif,1,4932,2454,2479,0.4975669099756691,947.6296081542969,0.3259097069660338,977.5831298828125,947.0,4821440.0,1129.6796875,1125.0,2800476.0,823.8704223632812,858.0,2021778.0,False,vLH92_MN_60x-1xzoom_0001_XY12_Dapi-ex_Green-em.tif,707.9107666015625,685.0,3491416.0,840.2803344726562,830.0,2083055.0,574.0712890625,639.0,1408771.0,832.7591298828125,984.8556875,679.0464223632813,802.176,980.176,713.176,560.2963666015625,692.6659344726562,426.45688906249995,537.3856,682.3856,491.38559999999995,10mM 2DG,1h,yes,MN,1.4862832949173908,1.4927381753437385,1.4218335830962947,1.4363960786980265,1.5922979315823944,1.4513571419268292
vLH92_MN_60x-1xzoom_0001_XY12_488.tif,2,2664,1294,1370,0.48573573573573575,483.1056365966797,0.3594479187933001,544.0986938476562,483.5,1449479.0,660.5934448242188,629.0,905013.0,420.7619934082031,421.5,544466.0,False,vLH92_MN_60x-1xzoom_0001_XY12_Dapi-ex_Green-em.tif,319.85772705078125,295.0,852101.0,368.12774658203125,358.0,504335.0,268.7527160644531,264.0,347766.0,399.2746938476563,515.7694448242188,275.93799340820317,338.67600000000004,484.17600000000004,276.67600000000004,172.24332705078123,220.51334658203123,121.13831606445311,147.38559999999998,210.38559999999998,116.38559999999998,10mM 2DG,1h,yes,MN,2.3180851222755416,2.2978907030266194,2.338948879143476,2.301374238541041,2.277875426808699,2.3772356717669547
vLH92_MN_60x-1xzoom_0001_XY12_488.tif,3,2772,1113,1659,0.4015151515151515,670.2933654785156,0.08873455194818826,663.195556640625,672.0,1838378.0,741.6937866210938,745.0,1230470.0,546.1886596679688,551.0,607908.0,False,vLH92_MN_60x-1xzoom_0001_XY12_Dapi-ex_Green-em.tif,510.5223693847656,508.0,1415168.0,571.8872680664062,587.0,948761.0,419.05389404296875,417.0,466407.0,518.371556640625,596.8697866210938,401.3646596679688,527.176,600.176,406.17600000000004,362.9079693847656,424.2728680664062,271.4394940429687,360.38559999999995,439.38559999999995,269.38559999999995,10mM 2DG,1h,yes,MN,1.428382952072988,1.462810944721432,1.4068064011287968,1.3659437177731817,1.4786524012767022,1.5077866077474078
vLH92_MN_60x-1xzoom_0001_XY12_488.tif,4,4421,1688,2733,0.3818140692151097,894.7119750976562,0.6577529627101497,897.9979858398438,886.0,3970049.0,1003.1840209960938,1019.0,2741702.0,727.6937255859375,730.0,1228347.0,False,vLH92_MN_60x-1xzoom_0001_XY12_Dapi-ex_Green-em.tif,614.1065673828125,584.0,2714965.0,679.25537109375,704.0,1856405.0,508.6255798339844,514.0,858560.0,753.1739858398438,858.3600209960938,582.8697255859375,741.176,874.176,585.176,466.49216738281245,531.64097109375,361.01117983398433,436.38559999999995,556.3856,366.38559999999995,10mM 2DG,1h,yes,MN,1.6145479785125196,1.6984428450434663,1.6145482904189676,1.5711693473015838,1.6145475767647355,1.5971588403037678
vLH92_MN_60x-1xzoom_0001_XY12_488.tif,5,3009,1382,1627,0.45928880026586905,762.7721557617188,0.8041908172242394,786.7278442382812,745.0,2367264.0,960.863525390625,974.0,1563325.0,581.721435546875,580.0,803939.0,False,vLH92_MN_60x-1xzoom_0001_XY12_Dapi-ex_Green-em.tif,387.8650817871094,381.0,1167086.0,460.263671875,461.0,748849.0,302.6316833496094,301.5,418237.0,641.9038442382813,816.039525390625,436.89743554687504,600.176,829.176,435.17600000000004,240.25068178710936,312.64927187499995,155.01728334960936,233.38559999999998,313.38559999999995,153.88559999999998,10mM 2DG,1h,yes,MN,2.6718086269868917,2.5716068172158013,2.610079724468014,2.645865030173691,2.818378867868194,2.8279189215885054
vLH92_MN_60x-1xzoom_0001_XY12_488.tif,6,4105,2058,2047,0.5013398294762484,784.326171875,0.42722422598896603,828.8385009765625,784.0,3402382.0,1041.1739501953125,1081.0,2131283.0,617.6380004882812,602.0,1271099.0,False,vLH92_MN_60x-1xzoom_0001_XY12_Dapi-ex_Green-em.tif,409.36614990234375,395.0,1680448.0,500.4128112792969,502.0,1024345.0,318.8061218261719,312.0,656103.0,684.0145009765625,896.3499501953125,472.8140004882813,639.176,936.176,457.17600000000004,261.7517499023437,352.79841127929683,171.19172182617186,247.38559999999998,354.38559999999995,164.38559999999998,10mM 2DG,1h,yes,MN,2.6132184454612424,2.583723547368966,2.5406859031621516,2.641687472628685,2.7618975698391353,2.7811195141180254
vLH92_MN_60x-1xzoom_0001_XY12_488.tif,7,2824,1425,1399,0.5046033994334278,532.2247314453125,0.5857057364652372,576.8045043945312,533.0,1628896.0,665.6554565429688,633.0,931252.0,489.5747375488281,492.0,697644.0,False,vLH92_MN_60x-1xzoom_0001_XY12_Dapi-ex_Green-em.tif,349.7974548339844,329.0,987828.0,390.85205078125,375.0,546802.0,309.491943359375,309.0,441026.0,431.9805043945313,520.8314565429688,344.75073754882817,388.17600000000004,488.17600000000004,347.17600000000004,202.18305483398436,243.23765078124998,161.87754335937498,181.38559999999998,227.38559999999998,161.38559999999998,10mM 2DG,1h,yes,MN,2.1365811529024388,2.1400596298713905,2.141245217876924,2.1469081595316504,2.1297008244279256,2.1512204310669607
vLH92_MN_60x-1xzoom_0001_XY12_488.tif,8,4045,2002,2044,0.4949320148331273,826.4916381835938,0.2375898389224621,866.1705932617188,825.0,3503660.0,1089.2490234375,1111.0,2226425.0,638.2427368164062,631.0,1277762.0,False,vLH92_MN_60x-1xzoom_0001_XY12_Dapi-ex_Green-em.tif,442.2615661621094,442.0,1788948.0,529.5205688476562,530.0,1082340.0,353.1513366699219,343.5,707009.0,721.3465932617188,944.4250234375,493.4187368164063,680.176,966.176,486.17600000000004,294.64716616210933,381.9061688476562,205.53693666992186,294.38559999999995,382.38559999999995,195.88559999999998,10mM 2DG,1h,yes,MN,2.4481708161579516,2.31049344804909,2.4729242428504334,2.526706026586776,2.4006329218032607,2.481938437537012
vLH92_MN_60x-1xzoom_0001_XY12_488.tif,9,3751,1718,2033,0.45801119701412957,1210.6697998046875,0.51232204434815,1132.5172119140625,1211.0,4248072.0,1427.0103759765625,1461.0,2901112.0,784.0279541015625,751.0,1346960.0,False,vLH92_MN_60x-1xzoom_0001_XY12_Dapi-ex_Green-em.tif,469.0719909667969,505.0,1759489.0,558.6148681640625,559.0,1135664.0,363.1111755371094,352.0,623825.0,987.6932119140625,1282.1863759765624,639.2039541015625,1066.176,1316.176,606.176,321.45759096679683,411.00046816406245,215.49677553710936,357.38559999999995,411.38559999999995,204.38559999999998,10mM 2DG,1h,yes,MN,3.072545927266906,2.983265134353483,3.119671327149782,3.19937304562921,2.9661880207181532,2.96584495189485
vLH92_MN_60x-1xzoom_0001_XY12_488.tif,10,2828,1422,1406,0.5028288543140028,366.46949768066406,0.8263362716829138,398.216064453125,365.0,1126155.0,488.975830078125,478.0,687500.0,308.4775085449219,307.0,438655.0,False,vLH92_MN_60x-1xzoom_0001_XY12_Dapi-ex_Green-em.tif,286.0760192871094,267.0,809023.0,333.8641662597656,324.0,469413.0,238.82559204101562,238.0,339610.0,253.39206445312502,344.15183007812504,163.6535085449219,220.17600000000002,333.17600000000004,162.17600000000002,138.46161928710936,186.2497662597656,91.21119204101561,119.38559999999998,176.38559999999998,90.38559999999998,10mM 2DG,1h,yes,MN,1.8300527305527154,1.8442425217111615,1.847797379772981,1.8889070309594438,1.7942261786396851,1.7942681135048066
vLH92_MN_60x-1xzoom_0001_XY13_488.tif,1,5399,2419,2981,0.4480459344323023,473.35504150390625,0.35288556942135413,481.2652282714844,470.0,2598351.0,549.9953002929688,531.0,1639536.0,396.5109558105469,394.0,959160.0,False,vLH92_MN_60x-1xzoom_0001_XY13_Dapi-ex_Green-em.tif,359.812744140625,347.0,1942629.0,397.23046875,407.0,1184144.0,313.6581115722656,308.0,758739.0,336.61402827148436,405.34410029296873,251.85975581054686,325.3488,386.3488,249.34879999999998,212.483144140625,249.90086875,166.32851157226563,199.6704,259.6704,160.6704,10mM 2DG,1h,yes,MN,1.584191676158121,1.6294292994855522,1.6220195724828537,1.4878430502667999,1.5142308040261638,1.55192742409305
vLH92_MN_60x-1xzoom_0001_XY13_488.tif,2,2351,1173,1178,0.49893662271373884,706.9132690429688,0.401188662820609,746.7822265625,706.0,1755685.0,882.0466918945312,796.5,1039051.0,610.941162109375,616.0,716634.0,False,vLH92_MN_60x-1xzoom_0001_XY13_Dapi-ex_Green-em.tif,478.3900451660156,475.0,1124695.0,527.3803100585938,518.0,621254.0,429.1909484863281,422.0,503441.0,602.1310265625,737.3954918945312,466.289962109375,561.3488,651.8488,471.3488,331.0604451660156,380.0507100585937,281.8613484863281,327.6704,370.6704,274.6704,10mM 2DG,1h,yes,MN,1.8187948314409825,1.7131507759016378,1.9402555300603028,1.7585671798989075,1.6543238887257106,1.7160524031712192
vLH92_MN_60x-1xzoom_0001_XY13_488.tif,3,2762,1367,1395,0.4949312092686459,556.4873046875,0.5255458893879734,573.595947265625,556.5,1584272.0,686.3914184570312,666.0,957516.0,458.4901123046875,447.0,626756.0,False,vLH92_MN_60x-1xzoom_0001_XY13_Dapi-ex_Green-em.tif,510.1495361328125,493.0,1409033.0,566.89892578125,559.0,790824.0,452.23773193359375,443.0,618209.0,428.944747265625,541.7402184570312,313.8389123046875,411.8488,521.3488,302.3488,362.8199361328125,419.56932578125,304.9081319335937,345.6704,411.6704,295.6704,10mM 2DG,1h,yes,MN,1.1822524193064383,1.1914494269685805,1.2911816597848176,1.2664228470154766,1.0292900694857126,1.0225873134409127
vLH92_MN_60x-1xzoom_0001_XY13_488.tif,4,3183,1589,1594,0.4992145774426642,1154.2899169921875,0.17689389380253612,1109.5689697265625,1150.0,3531758.0,1310.1888427734375,1311.0,2088441.0,908.3178100585938,918.0,1443317.0,False,vLH92_MN_60x-1xzoom_0001_XY13_Dapi-ex_Green-em.tif,579.8513793945312,569.0,1845667.0,618.9573364257812,601.0,986618.0,540.6223754882812,511.0,859049.0,964.9177697265625,1165.5376427734375,763.6666100585937,1005.3488,1166.3488,773.3488,432.5217793945312,471.6277364257812,393.2927754882812,421.6704,453.6704,363.6704,10mM 2DG,1h,yes,MN,2.2309114030680943,2.384205293992654,2.471308518889145,2.570916683125018,1.94172549727232,2.1265101586491504
vLH92_MN_60x-1xzoom_0001_XY13_488.tif,5,4653,2343,2310,0.5035460992907801,452.3193054199219,0.6270333610140812,500.518798828125,452.0,2328914.0,613.43115234375,610.0,1417026.0,389.1967468261719,392.0,911888.0,False,vLH92_MN_60x-1xzoom_0001_XY13_Dapi-ex_Green-em.tif,350.5820007324219,317.0,1631258.0,420.7363586425781,406.0,971901.0,281.41571044921875,281.0,659357.0,355.867598828125,468.77995234375,244.54554682617186,307.3488,465.3488,247.34879999999998,203.25240073242188,273.4067586425781,134.08611044921875,169.6704,258.6704,133.6704,10mM 2DG,1h,yes,MN,1.750865414360435,1.811446192146656,1.7145880177621406,1.799002900989058,1.8237947689502594,1.8504380925021544
vLH92_MN_60x-1xzoom_0001_XY13_488.tif,6,2091,1025,1066,0.49019607843137253,862.6339111328125,0.475938543971675,887.8154296875,860.0,1856422.0,1000.7711181640625,993.0,1066822.0,770.3414916992188,770.0,789600.0,False,vLH92_MN_60x-1xzoom_0001_XY13_Dapi-ex_Green-em.tif,445.20660400390625,441.0,930927.0,479.19793701171875,473.0,510825.0,409.8556213378906,408.0,420102.0,743.1642296875,856.1199181640625,625.6902916992187,715.3488,848.3488,625.3488,297.8770040039062,331.8683370117187,262.5260213378906,293.6704,325.6704,260.6704,10mM 2DG,1h,yes,MN,2.49486942495821,2.435890031817984,2.579697496522037,2.6049306292496954,2.383345805153191,2.3990019580282227
vLH92_MN_60x-1xzoom_0001_XY13_488.tif,7,2912,1520,1393,0.521978021978022,715.9992370605469,0.33417461706009655,785.5460205078125,723.0,2287510.0,920.3201904296875,848.0,1282006.0,661.8217163085938,674.0,1005969.0,False,vLH92_MN_60x-1xzoom_0001_XY13_Dapi-ex_Green-em.tif,377.5020751953125,362.0,1099286.0,420.2239685058594,407.0,585372.0,338.26776123046875,341.0,514167.0,640.8948205078125,775.6689904296875,517.1705163085937,578.3488,703.3488,529.3488,230.1724751953125,272.89436850585935,190.93816123046875,214.6704,259.6704,193.6704,10mM 2DG,1h,yes,MN,2.784411211479488,2.694124574231007,2.8423781504785173,2.7086213908092724,2.708575975466484,2.733245761871716
vLH92_MN_60x-1xzoom_0001_XY13_488.tif,8,4398,2076,2322,0.47203274215552526,734.8431701660156,0.4269874111760107,767.5038452148438,733.0,3375482.0,912.034423828125,860.0,2117744.0,605.8468017578125,602.0,1257738.0,False,vLH92_MN_60x-1xzoom_0001_XY13_Dapi-ex_Green-em.tif,429.4665832519531,407.0,1888794.0,493.22393798828125,468.0,1145266.0,358.1541442871094,357.0,743528.0,622.8526452148437,767.383223828125,461.1956017578125,588.3488,715.3488,457.3488,282.1369832519531,345.8943379882812,210.82454428710938,259.6704,320.6704,209.6704,10mM 2DG,1h,yes,MN,2.207624955919465,2.26575227673235,2.218548092724558,2.2307914918246277,2.1875802142360508,2.1812749916058727
vLH92_MN_60x-1xzoom_0001_XY13_488.tif,9,3569,1918,1652,0.5374054356962734,1129.3651123046875,0.6141238786705915,1256.10986328125,1122.0,4483056.0,1599.80029296875,1662.5,2642870.0,959.7262573242188,976.0,1840755.0,False,vLH92_MN_60x-1xzoom_0001_XY13_Dapi-ex_Green-em.tif,615.8245849609375,558.0,2197878.0,756.3317260742188,779.0,1249460.0,494.69134521484375,496.0,948818.0,1111.45866328125,1455.14909296875,815.0750573242187,977.3488,1517.8488,831.3488,468.4949849609375,609.0021260742187,347.3617452148437,410.6704,631.6704,348.6704,10mM 2DG,1h,yes,MN,2.3724024780626456,2.379886156879093,2.3893990360083106,2.402912658247086,2.346473290603989,2.384340052955456
vLH92_MN_60x-1xzoom_0001_XY13_488.tif,10,2913,1451,1462,0.4981119121180913,378.7325134277344,0.7854027331869857,432.83074951171875,379.0,1260836.0,544.6737060546875,541.5,796313.0,320.139892578125,317.0,464523.0,False,vLH92_MN_60x-1xzoom_0001_XY13_Dapi-ex_Green-em.tif,333.1112365722656,296.0,970353.0,406.8960266113281,411.0,594882.0,258.7670593261719,258.0,375471.0,288.17954951171873,400.0225060546875,175.48869257812498,234.34879999999998,396.8488,172.34879999999998,185.78163657226563,259.5664266113281,111.43745932617188,148.6704,263.6704,110.6704,10mM 2DG,1h,yes,MN,1.5511734896340101,1.5762976355750706,1.5411180531975222,1.50509423886792,1.5747729142359423,1.557316138732669
vLH92_MN_60x-1xzoom_0001_XY13_488.tif,11,3757,1711,2046,0.4554165557625765,439.0588684082031,0.6315701836047324,458.2166748046875,439.0,1721520.0,561.1588745117188,570.0,1148131.0,335.1192321777344,329.0,573389.0,False,vLH92_MN_60x-1xzoom_0001_XY13_Dapi-ex_Green-em.tif,304.0071716308594,291.0,1142155.0,359.80499267578125,354.0,736161.0,237.2846221923828,235.0,405994.0,313.5654748046875,416.50767451171873,190.46803217773436,294.3488,425.3488,184.34879999999998,156.67757163085938,212.47539267578125,89.95502219238281,143.6704,206.6704,87.6704,10mM 2DG,1h,yes,MN,2.001342448320965,2.0487783148094527,1.9602631121961158,2.058102176218752,2.117369631351864,2.1027484761105226
vLH92_MN_60x-1xzoom_0001_XY14_488.tif,1,7670,4434,3236,0.578096479791395,444.6247253417969,0.10449492661406645,451.8045654296875,443.0,3465341.0,570.3448486328125,554.0,1845636.0,365.29205322265625,355.0,1619705.0,False,vLH92_MN_60x-1xzoom_0001_XY14_Dapi-ex_Green-em.tif,282.9564514160156,271.0,2170276.0,324.5964050292969,318.0,1050394.0,252.56698608398438,247.0,1119882.0,309.3421654296875,427.8824486328125,222.82965322265625,300.5376,411.5376,212.5376,136.42365141601562,178.06360502929687,106.03418608398437,124.46719999999999,171.4672,100.46719999999999,10mM 2DG,1h,yes,MN,2.267511257900343,2.414592760180996,2.402975322005936,2.4000951785530993,2.1014887882117947,2.115492419416486
vLH92_MN_60x-1xzoom_0001_XY14_488.tif,2,7256,3546,3710,0.4886990077177508,633.1817932128906,0.26915091258561097,789.0205078125,625.0,5725133.0,1128.497802734375,1133.0,4186727.0,433.8426513671875,392.0,1538406.0,False,vLH92_MN_60x-1xzoom_0001_XY14_Dapi-ex_Green-em.tif,442.2914733886719,369.0,3209267.0,590.83935546875,589.0,2192014.0,286.8733825683594,274.0,1017253.0,646.5581078125,986.035402734375,291.3802513671875,482.5376,990.5376,249.5376,295.75867338867187,444.30655546875,140.34058256835937,222.4672,442.4672,127.46719999999999,10mM 2DG,1h,yes,MN,2.1861002431628584,2.1690280634628385,2.219268184540048,2.2386689906054054,2.0762365812843715,1.9576612650156278
vLH92_MN_60x-1xzoom_0001_XY14_488.tif,3,4323,2536,1791,0.5866296553319454,1571.349365234375,0.22613149909318705,1623.9222412109375,1581.0,7020216.0,2087.518798828125,2150.0,3738746.0,1294.634033203125,1484.0,3283192.0,False,vLH92_MN_60x-1xzoom_0001_XY14_Dapi-ex_Green-em.tif,691.9449462890625,673.0,2991278.0,838.6599731445312,860.0,1502040.0,587.7180786132812,627.0,1490453.0,1481.4598412109376,1945.056398828125,1152.171633203125,1438.5376,2007.5376,1341.5376,545.4121462890625,692.1271731445313,441.18527861328124,526.4672,713.4672,480.4672,10mM 2DG,1h,yes,MN,2.7162208456314425,2.7324353729918975,2.8102586840958415,2.8137770033436715,2.6115368963003305,2.792152305089713
vLH92_MN_60x-1xzoom_0001_XY14_488.tif,4,3636,1653,1983,0.4546204620462046,399.9386291503906,0.773033401089209,447.2274475097656,397.0,1626119.0,542.9066772460938,540.0,1076584.0,332.4470520019531,329.0,549535.0,False,vLH92_MN_60x-1xzoom_0001_XY14_Dapi-ex_Green-em.tif,298.24615478515625,274.0,1084423.0,344.7473449707031,333.0,683634.0,242.46157836914062,241.0,400789.0,304.7650475097656,400.44427724609375,189.98465200195312,254.5376,397.5376,186.5376,151.71335478515624,198.21454497070312,95.92877836914062,127.46719999999999,186.4672,94.46719999999999,10mM 2DG,1h,yes,MN,2.008821490641667,1.9968870423136307,2.0202567743213846,2.1319438485696143,1.9804760910316084,1.974628230750991
vLH92_MN_60x-1xzoom_0001_XY14_488.tif,5,3939,1890,2049,0.4798172124904798,632.3955078125,0.7258070970684193,684.3094482421875,628.0,2695495.0,828.9375,855.0,1698493.0,527.5142822265625,529.0,997002.0,False,vLH92_MN_60x-1xzoom_0001_XY14_Dapi-ex_Green-em.tif,322.0858154296875,309.0,1268696.0,369.5397644042969,368.0,757187.0,270.6396789550781,269.0,511509.0,541.8470482421875,686.4751,385.0518822265625,485.5376,712.5376,386.5376,175.5530154296875,223.00696440429687,124.10687895507812,162.4672,221.4672,122.46719999999999,10mM 2DG,1h,yes,MN,3.086515186970446,2.9885269149711453,3.0782675412569898,3.2173504699567252,3.102582914569436,3.156254082725824
vLH92_MN_60x-1xzoom_0001_XY14_488.tif,6,2474,1347,1128,0.5444624090541633,502.3594970703125,0.2172776291666713,501.51739501953125,503.0,1240754.0,559.3218383789062,537.0,630915.0,453.00445556640625,473.0,610197.0,False,vLH92_MN_60x-1xzoom_0001_XY14_Dapi-ex_Green-em.tif,441.4640197753906,434.0,1092182.0,480.28369140625,470.0,541760.0,408.82257080078125,413.0,550684.0,359.05499501953125,416.85943837890625,310.54205556640625,360.5376,394.5376,330.5376,294.9312197753906,333.75089140625,262.28977080078124,287.4672,323.4672,266.4672,10mM 2DG,1h,yes,MN,1.2174194216976253,1.2541869124547078,1.2490137078660097,1.219714394535211,1.1839655607548432,1.240443852001297
vLH92_MN_60x-1xzoom_0001_XY14_488.tif,7,3735,1832,1903,0.49049531459170015,732.8090209960938,0.7723125536301566,740.8208618164062,736.0,2766966.0,918.6226806640625,890.0,1748139.0,556.1282958984375,538.0,1018827.0,False,vLH92_MN_60x-1xzoom_0001_XY14_Dapi-ex_Green-em.tif,460.76812744140625,443.0,1720969.0,552.9232788085938,555.0,1052213.0,365.0414733886719,357.0,668756.0,598.3584618164062,776.1602806640625,413.6658958984375,593.5376,747.5376,395.5376,314.23532744140624,406.39047880859374,218.50867338867187,296.4672,408.4672,210.4672,10mM 2DG,1h,yes,MN,1.9041731134701234,2.0020346264274766,1.909887955395793,1.830104351096,1.893132613379745,1.8793313162335985
vLH92_MN_60x-1xzoom_0001_XY14_488.tif,8,2496,1125,1371,0.45072115384615385,1010.3755798339844,0.30310533428144865,1019.0865478515625,1014.0,2543640.0,1089.352294921875,1075.0,1493502.0,933.4559936523438,966.0,1050138.0,False,vLH92_MN_60x-1xzoom_0001_XY14_Dapi-ex_Green-em.tif,564.657470703125,566.0,1409385.0,590.5448608398438,589.0,809637.0,533.1093139648438,545.0,599748.0,876.6241478515625,946.889894921875,790.9935936523437,871.5376,932.5376,823.5376,418.124670703125,444.01206083984374,386.57651396484374,419.4672,442.4672,398.4672,10mM 2DG,1h,yes,MN,2.0965616460215504,2.077725266719305,2.132576969037381,2.107585827830854,2.0461501541821,2.0667638390311676
vLH92_MN_60x-1xzoom_0001_XY14_488.tif,9,4178,1920,2259,0.4595500239348971,528.27490234375,0.7432978932390852,552.0222778320312,525.0,2306349.0,635.964599609375,660.0,1436644.0,453.1244812011719,451.5,869999.0,False,vLH92_MN_60x-1xzoom_0001_XY14_Dapi-ex_Green-em.tif,378.4978332519531,357.0,1581364.0,424.1075744628906,431.0,958059.0,324.78802490234375,324.0,623593.0,409.55987783203125,493.502199609375,310.6620812011719,382.5376,517.5376,309.0376,231.96503325195312,277.5747744628906,178.25522490234374,210.4672,284.4672,177.4672,10mM 2DG,1h,yes,MN,1.765610411579491,1.8175639719633274,1.777907234417485,1.8193225791936645,1.7427936901785996,1.74137868856893
vLH92_MN_60x-1xzoom_0001_XY14_488.tif,10,4009,1992,2017,0.4968820154652033,879.1497802734375,0.2735600583832811,916.2282104492188,879.0,3673159.0,1145.5860595703125,1185.0,2310647.0,683.991943359375,690.0,1362512.0,False,vLH92_MN_60x-1xzoom_0001_XY14_Dapi-ex_Green-em.tif,444.2516784667969,441.0,1781005.0,529.1160278320312,537.0,1067227.0,358.3222961425781,355.0,713778.0,773.7658104492187,1003.1236595703125,541.529543359375,736.5376,1042.5376,547.5376,297.71887846679687,382.58322783203124,211.78949614257812,294.4672,390.4672,208.4672,10mM 2DG,1h,yes,MN,2.5989813425133974,2.5012551482813707,2.621975002026807,2.6699748403963257,2.5569235170889386,2.626492800785927
vLH92_MN_60x-1xzoom_0001_XY14_488.tif,11,3922,1998,1924,0.5094339622641509,407.2480773925781,0.6515180320947266,480.2116394042969,408.5,1883390.0,603.8851318359375,538.0,1161875.0,361.1186218261719,362.0,721515.0,False,vLH92_MN_60x-1xzoom_0001_XY14_Dapi-ex_Green-em.tif,270.0601806640625,246.0,1059176.0,318.1325378417969,296.0,612087.0,223.7682647705078,223.0,447089.0,337.7492394042969,461.4227318359375,218.65622182617187,266.0376,395.5376,219.5376,123.52738066406249,171.59973784179687,77.2354647705078,99.46719999999999,149.4672,76.46719999999999,10mM 2DG,1h,yes,MN,2.7342054659348687,2.6746264095098686,2.688947766699606,2.6463170515002625,2.831033935975812,2.871003515232675
vLH92_MN_60x-1xzoom_0001_XY15_488.tif,1,2745,1384,1361,0.5041894353369764,283.0246276855469,0.7501259950789331,313.999267578125,286.0,861928.0,368.8354187011719,379.0,501985.0,260.0744323730469,260.0,359943.0,False,vLH92_MN_60x-1xzoom_0001_XY15_Dapi-ex_Green-em.tif,262.29034423828125,241.0,719987.0,301.4959716796875,294.0,410336.0,223.73626708984375,223.0,309651.0,173.965667578125,228.80181870117187,120.04083237304687,145.9664,238.9664,119.9664,117.72554423828126,156.9311716796875,79.17146708984376,96.43520000000001,149.4352,78.43520000000001,10mM 2DG,1h,yes,MN,1.4777223473778252,1.5136215821608705,1.4579755968953043,1.5991305930597342,1.5162133125160426,1.529496960548325
vLH92_MN_60x-1xzoom_0001_XY15_488.tif,2,3851,1838,2013,0.4772786289275513,559.4442749023438,0.6299520401534582,612.6800537109375,568.0,2359431.0,698.3661499023438,706.0,1405811.0,518.835693359375,523.0,953620.0,False,vLH92_MN_60x-1xzoom_0001_XY15_Dapi-ex_Green-em.tif,636.5845336914062,603.0,2451487.0,708.100341796875,720.0,1425406.0,558.259521484375,565.0,1026081.0,472.6464537109375,558.3325499023438,378.802093359375,427.9664,565.9664,382.9664,492.01973369140626,563.535541796875,413.694721484375,458.4352,575.4352,420.4352,10mM 2DG,1h,yes,MN,0.9606249939710353,0.9335373897990381,0.9907672338146746,0.9835449760459561,0.9156560953937193,0.9108809157748924
vLH92_MN_60x-1xzoom_0001_XY15_488.tif,3,3443,1695,1748,0.4923032239326169,782.80224609375,0.36441353415170447,821.7220458984375,790.0,2829189.0,919.3169555664062,912.0,1606966.0,721.0755004882812,730.0,1222223.0,False,vLH92_MN_60x-1xzoom_0001_XY15_Dapi-ex_Green-em.tif,485.2991638183594,459.0,1670885.0,551.271728515625,551.0,963623.0,417.2637023925781,417.0,707262.0,681.6884458984375,779.2833555664063,581.0419004882813,649.9664,771.9664,589.9664,340.7343638183594,406.706928515625,272.69890239257813,314.4352,406.4352,272.4352,10mM 2DG,1h,yes,MN,2.00064483740136,2.06709172509948,1.9160808457593501,1.8993591106282133,2.1307086144843064,2.165529270813757
vLH92_MN_60x-1xzoom_0001_XY15_488.tif,4,3990,1944,2048,0.48721804511278194,432.9320526123047,0.5739462425679172,426.330322265625,434.0,1701058.0,495.025390625,496.0,1013812.0,353.8076171875,342.0,687802.0,False,vLH92_MN_60x-1xzoom_0001_XY15_Dapi-ex_Green-em.tif,425.7867126464844,409.5,1698889.0,483.38427734375,487.0,989971.0,364.9655456542969,354.0,709493.0,286.296722265625,354.991790625,213.7740171875,293.9664,355.9664,201.9664,281.2219126464844,338.81947734375,220.40074565429688,264.9352,342.4352,209.4352,10mM 2DG,1h,yes,MN,1.0180455696762152,1.1095784931560624,1.047731356556112,1.0395146293371709,0.9699332756469389,0.9643383729191654
vLH92_MN_60x-1xzoom_0001_XY15_488.tif,5,3393,1640,1753,0.4833480695549661,875.8634643554688,0.6334431233069139,1059.19482421875,885.0,3593848.0,1352.55224609375,1454.0,2371024.0,745.6243896484375,766.0,1222824.0,False,vLH92_MN_60x-1xzoom_0001_XY15_Dapi-ex_Green-em.tif,537.795166015625,457.0,1824739.0,670.8870239257812,702.0,1176065.0,395.5329284667969,400.0,648674.0,919.16122421875,1212.51864609375,605.5907896484375,744.9664,1313.9664,625.9664,393.230366015625,526.3222239257813,250.96812846679688,312.4352,557.4352,255.4352,10mM 2DG,1h,yes,MN,2.3374624740507124,2.3843869064689254,2.3037572630881953,2.3571643843087053,2.4130187101768072,2.4505878594649446
vLH92_MN_60x-1xzoom_0001_XY16_488.tif,1,3048,1499,1549,0.49179790026246717,734.6709899902344,0.7193313358477094,827.3270874023438,738.0,2521693.0,1007.7456665039062,1025.0,1560998.0,640.8905639648438,645.0,960695.0,False,vLH92_MN_60x-1xzoom_0001_XY16_Dapi-ex_Green-em.tif,496.3326721191406,420.5,1512822.0,615.8534545898438,593.0,953957.0,372.8252258300781,375.0,558865.0,694.8854874023438,875.3040665039063,508.44896396484376,605.5584,892.5584,512.5584,360.2942721191406,479.8150545898437,236.78682583007813,284.4616,456.9616,238.9616,10mM 2DG,1h,yes,MN,1.9286609340615937,2.128787857482346,1.8242530286010619,1.9532459620239426,2.1472856954031494,2.144940442313744
vLH92_MN_60x-1xzoom_0001_XY16_488.tif,2,3600,1892,1708,0.5255555555555556,475.8678741455078,0.6310237463530072,523.9366455078125,479.0,1886172.0,611.6129760742188,620.0,1044635.0,444.7869873046875,442.0,841537.0,False,vLH92_MN_60x-1xzoom_0001_XY16_Dapi-ex_Green-em.tif,302.977783203125,281.0,1090720.0,345.39111328125,341.0,589928.0,264.689208984375,264.0,500792.0,391.4950455078125,479.17137607421876,312.3453873046875,346.5584,487.5584,309.5584,166.939383203125,209.35271328125,128.650808984375,144.9616,204.9616,127.9616,10mM 2DG,1h,yes,MN,2.345132933859336,2.3906910519751436,2.288823338202869,2.3787792445023848,2.4278540474830805,2.419150745223567
vLH92_MN_60x-1xzoom_0001_XY16_488.tif,3,5236,2771,2465,0.5292207792207793,1904.6468505859375,0.07406768498845409,1777.7247314453125,1907.0,9308167.0,2026.3135986328125,2016.0,4994863.0,1556.5875244140625,1720.0,4313304.0,False,vLH92_MN_60x-1xzoom_0001_XY16_Dapi-ex_Green-em.tif,702.992919921875,730.0,3680871.0,770.4348754882812,764.0,1899122.0,642.99853515625,673.0,1781749.0,1645.2831314453124,1893.8719986328124,1424.1459244140624,1774.5584,1883.5584,1587.5584,566.954519921875,634.3964754882812,506.96013515625,593.9616,627.9616,536.9616,10mM 2DG,1h,yes,MN,2.901966689800848,2.9876651958645137,2.9853129262345606,2.999480222994527,2.8091872035956573,2.9565585323047308
vLH92_MN_60x-1xzoom_0001_XY16_488.tif,4,4229,2221,2010,0.5251832584535351,607.5020141601562,0.6330856819002146,677.2844848632812,606.0,2864236.0,857.4581909179688,862.0,1723491.0,513.945068359375,510.0,1141472.0,False,vLH92_MN_60x-1xzoom_0001_XY16_Dapi-ex_Green-em.tif,361.9408874511719,320.0,1530648.0,446.3616943359375,440.0,897187.0,285.43133544921875,284.0,633943.0,544.8428848632813,725.0165909179688,381.503468359375,473.5584,729.5584,377.5584,225.90248745117188,310.3232943359375,149.39293544921875,183.9616,303.9616,147.9616,10mM 2DG,1h,yes,MN,2.4118498694311516,2.574224185917061,2.336326676569465,2.4001663368004382,2.553691492922399,2.5517323413642456
vLH92_MN_60x-1xzoom_0001_XY16_488.tif,5,2667,1337,1330,0.5013123359580053,600.3729248046875,0.636971814177781,732.728515625,589.0,1954187.0,939.4308471679688,975.0,1249443.0,527.1084594726562,525.0,704744.0,False,vLH92_MN_60x-1xzoom_0001_XY16_Dapi-ex_Green-em.tif,372.7499084472656,316.0,994124.0,458.1616516113281,459.0,609355.0,287.78533935546875,286.0,384769.0,600.286915625,806.9892471679688,394.66685947265626,456.5584,842.5584,392.5584,236.71150844726563,322.1232516113281,151.74693935546875,179.9616,322.9616,149.9616,10mM 2DG,1h,yes,MN,2.5359430961453713,2.5369767772680394,2.5052188661676524,2.6088500923948854,2.600822534866058,2.6177261378913
vLH92_MN_60x-1xzoom_0001_XY16_488.tif,6,3213,2429,784,0.7559912854030502,864.39404296875,0.27100681795137704,840.0501098632812,866.0,2699081.0,938.3916015625,934.5,735699.0,808.3087768554688,837.0,1963382.0,False,vLH92_MN_60x-1xzoom_0001_XY16_Dapi-ex_Green-em.tif,411.2841491699219,418.0,1321456.0,428.7589416503906,430.0,336147.0,405.6438903808594,412.0,985309.0,707.6085098632813,805.9500015625,675.8671768554688,733.5584,802.0584,704.5584,275.24574916992185,292.7205416503906,269.60549038085935,281.9616,293.9616,275.9616,10mM 2DG,1h,yes,MN,2.5708244795687727,2.601625185840909,2.7533086575286627,2.7284461643969826,2.506874677888429,2.5531030404230157
vLH92_MN_60x-1xzoom_0001_XY16_488.tif,7,2681,1374,1308,0.5124953375606117,957.4024047851562,0.4615752420579777,1047.555419921875,965.0,2808496.0,1256.837158203125,1309.0,1643943.0,847.812255859375,874.0,1164894.0,False,vLH92_MN_60x-1xzoom_0001_XY16_Dapi-ex_Green-em.tif,637.7515869140625,595.0,1709812.0,754.0542602539062,777.0,986303.0,526.773681640625,540.0,723787.0,915.113819921875,1124.395558203125,715.370655859375,832.5584,1176.5584,741.5584,501.7131869140625,618.0158602539062,390.735281640625,458.9616,640.9616,403.9616,10mM 2DG,1h,yes,MN,1.823978009329508,1.8140044831637332,1.8193635964960142,1.835614489229932,1.8308319966798654,1.8357150778687876
vLH92_MN_60x-1xzoom_0001_XY16_488.tif,8,4598,2395,2203,0.5208786428882123,1353.4016723632812,0.1566371876820509,1459.521484375,1362.0,6710880.0,1791.558837890625,1838.0,3946804.0,1154.1026611328125,1248.0,2764076.0,False,vLH92_MN_60x-1xzoom_0001_XY16_Dapi-ex_Green-em.tif,649.1854858398438,622.0,2984955.0,773.2619018554688,778.0,1703496.0,535.0559692382812,572.0,1281459.0,1327.079884375,1659.117237890625,1021.6610611328125,1229.5584,1705.5584,1115.5584,513.1470858398437,637.2235018554687,399.0175692382812,485.9616,641.9616,435.9616,10mM 2DG,1h,yes,MN,2.586158863599567,2.5301554690740997,2.603666112532893,2.656791932726194,2.5604412935579473,2.55884554969979
vLH92_MN_60x-1xzoom_0001_XY17_488.tif,1,2558,0,2558,0.0,506.5739288330078,,492.3838806152344,511.0,1259518.0,492.3838806152344,511.0,1259518.0,,,,True,vLH92_MN_60x-1xzoom_0001_XY17_Dapi-ex_Green-em.tif,472.695068359375,494.0,1209154.0,472.695068359375,494.0,1209154.0,,,,349.3054806152344,349.3054806152344,,367.9216,367.9216,,326.30946835937505,326.30946835937505,,347.61440000000005,347.61440000000005,,10mM 2DG,1h,yes,MN,1.0704730156053366,1.0584187536534735,1.0704730156053366,1.0584187536534735,,
vLH92_MN_60x-1xzoom_0001_XY17_488.tif,2,3760,1850,1910,0.4920212765957447,562.9216918945312,0.42908970571649396,624.381103515625,564.5,2347673.0,750.9638671875,757.5,1434341.0,493.6929626464844,501.0,913332.0,False,vLH92_MN_60x-1xzoom_0001_XY17_Dapi-ex_Green-em.tif,373.2986755371094,340.0,1403603.0,437.1319274902344,418.0,834922.0,307.3951416015625,310.5,568681.0,481.302703515625,607.8854671875,350.6145626464844,421.4216,614.4216,357.9216,226.9130755371094,290.7463274902344,161.00954160156252,193.61440000000002,271.61440000000005,164.11440000000002,10mM 2DG,1h,yes,MN,2.1210884492943762,2.1766025667512334,2.09077608111118,2.2621098145017347,2.177601148099175,2.1809274506076246
vLH92_MN_60x-1xzoom_0001_XY17_488.tif,3,3811,2142,1670,0.5620572028339018,827.6209106445312,0.09275018602284046,785.1057739257812,823.0,2992038.0,876.7173461914062,872.0,1464118.0,713.4696655273438,771.0,1528252.0,False,vLH92_MN_60x-1xzoom_0001_XY17_Dapi-ex_Green-em.tif,357.7420654296875,351.0,1363355.0,377.9808349609375,366.0,631228.0,341.9220275878906,334.0,732397.0,642.0273739257813,733.6389461914063,570.3912655273438,679.9216,728.9216,627.9216,211.35646542968752,231.59523496093752,195.53642758789064,204.61440000000002,219.61440000000002,187.61440000000002,10mM 2DG,1h,yes,MN,3.037651924300211,3.3229411028744797,3.167763560917594,3.319097472661173,2.9170588445519265,3.3468731611219606
vLH92_MN_60x-1xzoom_0001_XY17_488.tif,4,3393,1888,1505,0.556439728853522,833.2529907226562,0.49328771502459073,950.4288330078125,847.0,3224805.0,1201.4764404296875,1237.0,1808222.0,750.3087768554688,773.0,1416583.0,False,vLH92_MN_60x-1xzoom_0001_XY17_Dapi-ex_Green-em.tif,776.8346557617188,712.0,2635800.0,946.4850463867188,998.0,1424460.0,641.5995483398438,666.5,1211340.0,807.3504330078125,1058.3980404296876,607.2303768554688,703.9216,1093.9216000000001,629.9216,630.4490557617188,800.0994463867188,495.2139483398438,565.6144,851.6144,520.1144,10mM 2DG,1h,yes,MN,1.2805958318588622,1.2445255990653703,1.3228331118206063,1.284526893861823,1.2261980481186951,1.2111212456336529
vLH92_MN_60x-1xzoom_0001_XY17_488.tif,5,3065,1618,1447,0.5278955954323001,919.5076904296875,0.35196468182724017,932.9546508789062,908.0,2859506.0,1178.371826171875,1171.0,1705104.0,713.4746704101562,697.0,1154402.0,False,vLH92_MN_60x-1xzoom_0001_XY17_Dapi-ex_Green-em.tif,494.0189208984375,470.0,1514168.0,607.7587890625,608.0,879427.0,392.29974365234375,382.0,634741.0,789.8762508789063,1035.2934261718751,570.3962704101563,764.9216,1027.9216000000001,553.9216,347.63332089843755,461.37318906250005,245.91414365234377,323.61440000000005,461.61440000000005,235.61440000000002,10mM 2DG,1h,yes,MN,2.2721534542129573,2.363682209444326,2.2439392897440964,2.2267970843197267,2.319493551442664,2.3509666641767226
vLH92_MN_60x-1xzoom_0001_XY17_488.tif,6,3203,1587,1618,0.49547299406806117,442.6217346191406,0.2892015189896226,476.57476806640625,443.0,1526469.0,561.109375,534.0,907875.0,390.183349609375,391.0,619221.0,False,vLH92_MN_60x-1xzoom_0001_XY17_Dapi-ex_Green-em.tif,417.6431579589844,411.0,1337711.0,444.16253662109375,444.0,718655.0,390.43731689453125,396.0,619624.0,333.49636806640626,418.030975,247.104949609375,299.9216,390.9216,247.9216,271.2575579589844,297.7769366210938,244.05171689453127,264.61440000000005,297.61440000000005,249.61440000000002,10mM 2DG,1h,yes,MN,1.229445441357371,1.133428868572534,1.403839329343103,1.3135170878828442,1.0125105971541402,0.9932183399675659
vLH92_MN_60x-1xzoom_0001_XY17_488.tif,7,3423,1819,1604,0.5314052001168565,829.7307739257812,0.13989979456767002,860.114501953125,831.0,2944172.0,1137.67333984375,1133.5,1824828.0,615.3623046875,655.0,1119344.0,False,vLH92_MN_60x-1xzoom_0001_XY17_Dapi-ex_Green-em.tif,432.5176696777344,426.0,1480508.0,522.9164428710938,518.0,838758.0,352.8037414550781,355.0,641750.0,717.036101953125,994.59493984375,472.2839046875,687.9216,990.4216,511.9216,286.1320696777344,376.5308428710938,206.41814145507814,279.61440000000005,371.61440000000005,208.61440000000002,10mM 2DG,1h,yes,MN,2.5059620292150764,2.4602509741987535,2.6414700380448033,2.66518627911082,2.2879961100235033,2.4539130568167873
vLH92_MN_60x-1xzoom_0001_XY18_488.tif,1,2699,1176,1523,0.43571693219711005,248.0221405029297,0.7196912701528879,260.5339050292969,249.0,703181.0,295.73931884765625,289.0,450411.0,214.9404754638672,213.0,252770.0,False,vLH92_MN_60x-1xzoom_0001_XY18_Dapi-ex_Green-em.tif,192.4145965576172,188.0,519327.0,205.64083862304688,205.0,313191.0,175.2857208251953,174.0,206136.0,140.66030502929686,175.86571884765624,95.06687546386719,129.1264,169.1264,93.1264,68.85139655761719,82.07763862304688,51.72252082519532,64.4368,81.4368,50.436800000000005,10mM 2DG,1h,yes,MN,2.0429550025406895,2.0039232239962255,2.142675176796257,2.076781013006405,1.838017056151636,1.846397868223202
vLH92_MN_60x-1xzoom_0001_XY18_488.tif,2,4391,2210,2183,0.5033022090639946,533.6823120117188,0.06206263152603415,494.55999755859375,533.0,2171613.0,616.3165283203125,612.0,1345419.0,374.0081481933594,383.5,826558.0,False,vLH92_MN_60x-1xzoom_0001_XY18_Dapi-ex_Green-em.tif,246.38214111328125,253.0,1081864.0,281.9660949707031,278.0,615532.0,211.14706420898438,213.0,466635.0,374.68639755859374,496.4429283203125,254.13454819335936,413.1264,492.1264,263.6264,122.81894111328126,158.40289497070313,87.58386420898438,129.4368,154.4368,89.4368,10mM 2DG,1h,yes,MN,3.0507216082656514,3.1917229103315283,3.1340521169902256,3.186587652683816,2.9016137902635513,2.9476278221045473
vLH92_MN_60x-1xzoom_0001_XY18_488.tif,3,2820,1408,1412,0.49929078014184397,220.9157485961914,0.768021593110669,230.3695068359375,221.0,649642.0,263.17279052734375,264.0,371600.0,197.47300720214844,196.5,278042.0,False,vLH92_MN_60x-1xzoom_0001_XY18_Dapi-ex_Green-em.tif,184.63084411621094,181.0,520659.0,200.29531860351562,199.0,282817.0,168.921875,168.0,237842.0,110.4959068359375,143.29919052734374,77.59940720214844,101.1264,144.1264,76.6264,61.06764411621094,76.73211860351563,45.358675000000005,57.436800000000005,75.4368,44.436800000000005,10mM 2DG,1h,yes,MN,1.8094018270242294,1.7606551897041618,1.8675255308378544,1.910558242131161,1.7107952823169643,1.7243905951823713
vLH92_MN_60x-1xzoom_0001_XY18_488.tif,4,5189,2776,2413,0.5349778377336674,334.81146240234375,0.17043266218175326,359.3921813964844,340.0,1864886.0,430.8723449707031,440.0,1039695.0,297.2590026855469,301.0,825191.0,False,vLH92_MN_60x-1xzoom_0001_XY18_Dapi-ex_Green-em.tif,229.11929321289062,222.0,1188900.0,257.46331787109375,258.0,621259.0,204.48162841796875,205.0,567641.0,239.51858139648436,310.9987449707031,177.38540268554686,220.1264,320.1264,181.1264,105.55609321289063,133.90011787109376,80.91842841796876,98.4368,134.4368,81.4368,10mM 2DG,1h,yes,MN,2.2691118447649603,2.236220600425857,2.322617410016793,2.3812408507194456,2.1921508629566593,2.2241345435969975
vLH92_MN_60x-1xzoom_0001_XY19_488.tif,1,3436,1618,1818,0.4708963911525029,566.4650268554688,0.7791714577077699,622.9781494140625,575.0,2140553.0,724.8707275390625,752.0,1317815.0,508.49072265625,518.0,822738.0,False,vLH92_MN_60x-1xzoom_0001_XY19_Dapi-ex_Green-em.tif,329.310546875,316.0,1131511.0,362.63201904296875,370.0,659265.0,291.8702087402344,291.0,472246.0,478.25654941406253,580.1491275390625,363.76912265625003,430.27840000000003,607.2784,373.27840000000003,181.638546875,214.96001904296875,144.19820874023438,168.328,222.328,143.328,10mM 2DG,1h,yes,MN,2.6330124174754,2.5561902951380637,2.6988699113535874,2.7314526285488108,2.5227020906449766,2.604364813574459
vLH92_MN_60x-1xzoom_0001_XY19_488.tif,2,4184,1866,2318,0.44598470363288717,557.855712890625,0.42826100947085854,560.4871215820312,564.5,2345078.0,618.6043701171875,629.0,1433925.0,488.2920837402344,496.0,911153.0,False,vLH92_MN_60x-1xzoom_0001_XY19_Dapi-ex_Green-em.tif,341.3515625,338.0,1428215.0,373.9361572265625,377.0,866784.0,300.8740539550781,301.0,561431.0,415.7655215820313,473.88277011718753,343.5704837402344,419.77840000000003,484.27840000000003,351.27840000000003,193.6795625,226.2641572265625,153.20205395507813,190.328,229.328,153.328,10mM 2DG,1h,yes,MN,2.1466669803223626,2.2055525198604515,2.09437842884978,2.11172817972511,2.242597111922377,2.2910257748095586
vLH92_MN_60x-1xzoom_0001_XY19_488.tif,3,3707,1917,1790,0.5171297545184785,683.9152221679688,0.17805363868941487,710.3903198242188,690.0,2633417.0,816.3776245117188,791.5,1461316.0,611.4246215820312,637.0,1172101.0,False,vLH92_MN_60x-1xzoom_0001_XY19_Dapi-ex_Green-em.tif,405.0428771972656,393.0,1501494.0,455.33294677734375,450.0,815046.0,358.0845031738281,365.0,686448.0,565.6687198242188,671.6560245117188,466.7030215820313,545.2784,646.7784,492.27840000000003,257.3708771972656,307.6609467773437,210.41250317382813,245.328,302.328,217.328,10mM 2DG,1h,yes,MN,2.1978738464284513,2.2226504924020087,2.1831045881744644,2.139326823846948,2.2180384461111315,2.2651402488404626
vLH92_MN_60x-1xzoom_0001_XY19_488.tif,4,2611,1466,1146,0.5614707008808886,546.062744140625,0.14875063277050363,530.0394287109375,543.0,1383933.0,569.653564453125,569.0,652823.0,498.8847351074219,508.0,731365.0,False,vLH92_MN_60x-1xzoom_0001_XY19_Dapi-ex_Green-em.tif,429.01226806640625,428.0,1120151.0,458.9895324707031,450.0,526002.0,405.47271728515625,392.0,594423.0,385.31782871093753,424.93196445312503,354.1631351074219,398.27840000000003,424.27840000000003,363.27840000000003,281.3402680664062,311.3175324707031,257.8007172851562,280.328,302.328,244.328,10mM 2DG,1h,yes,MN,1.3695793757471963,1.420758539996005,1.3649471042660077,1.403371173030616,1.373786461252077,1.48684718902459
vLH92_MN_60x-1xzoom_0001_XY19_488.tif,5,3305,1470,1835,0.44478063540090773,805.6992797851562,0.7015629388013173,885.3848876953125,816.0,2926197.0,1005.39453125,1026.0,1844899.0,735.5768432617188,743.0,1081298.0,False,vLH92_MN_60x-1xzoom_0001_XY19_Dapi-ex_Green-em.tif,413.3721618652344,389.0,1366195.0,460.5073547363281,466.0,845031.0,354.5333251953125,355.0,521164.0,740.6632876953125,860.67293125,590.8552432617188,671.2784,881.2784,598.2784,265.70016186523435,312.8353547363281,206.8613251953125,241.328,318.328,207.328,10mM 2DG,1h,yes,MN,2.7875906529217094,2.7816018033547705,2.751200969517702,2.7684602045688727,2.8562866582424253,2.885661367494984
vLH92_MN_60x-1xzoom_0001_XY19_488.tif,6,1458,764,694,0.52400548696845,437.4124450683594,0.4232477007431118,451.4903869628906,438.0,658273.0,492.14263916015625,482.0,341547.0,414.5628356933594,415.0,316726.0,False,vLH92_MN_60x-1xzoom_0001_XY19_Dapi-ex_Green-em.tif,330.3943786621094,322.0,481715.0,351.5936584472656,341.0,244006.0,311.1374206542969,310.0,237709.0,306.76878696289066,347.4210391601563,269.8412356933594,293.27840000000003,337.27840000000003,270.27840000000003,182.72237866210938,203.92165844726563,163.46542065429688,174.328,193.328,162.328,10mM 2DG,1h,yes,MN,1.678879123668635,1.6823367445275574,1.7036985762353427,1.7445915749399985,1.6507542366653207,1.6650140456359965
vLH92_MN_60x-1xzoom_0001_XY19_488.tif,7,4957,2460,2497,0.4962679039741779,344.7071228027344,0.6811403503860235,391.1920471191406,352.0,1939139.0,454.4649658203125,430.0,1134799.0,326.96746826171875,327.0,804340.0,False,vLH92_MN_60x-1xzoom_0001_XY19_Dapi-ex_Green-em.tif,396.1343688964844,357.0,1963638.0,455.4593505859375,439.0,1137282.0,335.9170837402344,335.0,826356.0,246.47044711914063,309.74336582031253,182.24586826171875,207.2784,285.27840000000003,182.2784,248.46236889648438,307.7873505859375,188.24508374023438,209.328,291.328,187.328,10mM 2DG,1h,yes,MN,0.9919830041619959,0.9902086677367576,1.006355086492838,0.9792344024604571,0.9681308252023509,0.9730440724291083
vLH92_MN_60x-1xzoom_0001_XY19_488.tif,8,3510,1535,1975,0.4373219373219373,837.5585021972656,0.2932847629481729,904.8262329101562,834.5,3175940.0,1050.336181640625,1067.0,2074414.0,717.6065063476562,708.0,1101526.0,False,vLH92_MN_60x-1xzoom_0001_XY19_Dapi-ex_Green-em.tif,381.6219482421875,367.0,1339493.0,419.8779602050781,426.0,829259.0,332.3999938964844,330.0,510234.0,760.1046329101563,905.614581640625,572.8849063476563,689.7784,922.2784,563.2784,233.9499482421875,272.2059602050781,184.72799389648438,219.328,278.328,182.328,10mM 2DG,1h,yes,MN,3.249005347602333,3.144962795447914,3.326946187946587,3.313638584691444,3.1012349252744147,3.0893686104163924
vLH92_MN_60x-1xzoom_0001_XY19_488.tif,9,4689,1872,2817,0.39923224568138194,1054.601806640625,0.6820008708923518,1284.4073486328125,1048.0,6022586.0,1567.1715087890625,1795.0,4414722.0,858.9017333984375,884.0,1607864.0,False,vLH92_MN_60x-1xzoom_0001_XY19_Dapi-ex_Green-em.tif,510.6922607421875,437.0,2394636.0,601.7206420898438,662.0,1695047.0,373.7120666503906,382.0,699589.0,1139.6857486328124,1422.4499087890624,714.1801333984375,903.2784,1650.2784,739.2784,363.0202607421875,454.0486420898437,226.04006665039063,289.328,514.328,234.328,10mM 2DG,1h,yes,MN,3.139454933734961,3.1219875020737713,3.1328139254903857,3.2086108475525346,3.159528945383999,3.154887166706497
vLH92_MN_60x-1xzoom_0001_XY19_488.tif,10,4449,2112,2337,0.47471341874578554,504.6466979980469,0.36292911087289825,516.4814453125,507.0,2297826.0,622.1275024414062,602.0,1453912.0,399.58050537109375,396.0,843914.0,False,vLH92_MN_60x-1xzoom_0001_XY19_Dapi-ex_Green-em.tif,341.40301513671875,332.0,1518902.0,396.7321472167969,396.0,927163.0,280.179443359375,279.0,591739.0,371.75984531250003,477.4059024414063,254.85890537109375,362.27840000000003,457.27840000000003,251.2784,193.73101513671875,249.06014721679688,132.507443359375,184.328,248.328,131.328,10mM 2DG,1h,yes,MN,1.9189485227759933,1.9654008072566296,1.9168297609084908,1.8414290776714668,1.9233553897790323,1.9133650097465886
vLH92_MN_60x-1xzoom_0001_XY20_488.tif,1,2785,1292,1493,0.46391382405745063,410.7860107421875,0.7528489228908078,480.2578125,411.0,1337518.0,568.8131103515625,524.0,849238.0,377.9256896972656,379.0,488280.0,False,vLH92_MN_60x-1xzoom_0001_XY20_Dapi-ex_Green-em.tif,286.7357177734375,262.0,798559.0,321.0442199707031,296.0,479319.0,247.08978271484375,247.0,319240.0,334.5138125,423.0691103515625,232.18168969726563,265.256,378.256,233.256,137.7549177734375,172.06341997070314,98.10898271484376,113.01920000000001,147.0192,98.01920000000001,10mM 2DG,1h,yes,MN,2.4283257389777364,2.3469994478814216,2.4587975202608288,2.572834024399534,2.3665691282530936,2.379697038947471
vLH92_MN_60x-1xzoom_0001_XY20_488.tif,2,4203,1878,2325,0.44682369735902927,338.3335876464844,0.6580190785589909,356.86627197265625,340.0,1499909.0,401.75958251953125,398.0,934091.0,301.28753662109375,299.0,565818.0,False,vLH92_MN_60x-1xzoom_0001_XY20_Dapi-ex_Green-em.tif,242.49131774902344,227.0,1019191.0,261.2886047363281,256.0,607496.0,219.21990966796875,217.0,411695.0,211.12227197265625,256.0155825195312,155.54353662109375,194.256,252.256,153.256,93.51051774902345,112.30780473632814,70.23910966796876,78.01920000000001,107.01920000000001,68.01920000000001,10mM 2DG,1h,yes,MN,2.2577382422295598,2.48984865263935,2.2795885212127027,2.3571097522687516,2.214486165277042,2.253128528415506
vLH92_MN_60x-1xzoom_0001_XY20_488.tif,3,3458,1542,1916,0.4459224985540775,668.3916320800781,0.7337292485689928,717.1295776367188,666.0,2479834.0,877.489013671875,924.0,1681269.0,517.8761596679688,516.0,798565.0,False,vLH92_MN_60x-1xzoom_0001_XY20_Dapi-ex_Green-em.tif,398.27239990234375,370.0,1377226.0,463.0208740234375,480.0,887148.0,317.8197021484375,317.0,490078.0,571.3855776367187,731.745013671875,372.1321596679687,520.256,778.256,370.256,249.29159990234376,314.0400740234375,168.8389021484375,221.0192,331.0192,168.0192,10mM 2DG,1h,yes,MN,2.292037027563506,2.3538950462222283,2.330100755285337,2.3510902086646333,2.2040664499275326,2.203652915857235
vLH92_MN_60x-1xzoom_0001_XY20_488.tif,4,3516,1718,1798,0.48862343572241185,258.2042541503906,0.5641518379217674,267.1695251464844,259.0,939368.0,299.09954833984375,301.0,537781.0,233.75262451171875,232.0,401587.0,False,vLH92_MN_60x-1xzoom_0001_XY20_Dapi-ex_Green-em.tif,235.9798126220703,230.0,829705.0,257.9310302734375,255.0,463760.0,213.00640869140625,212.0,365945.0,121.42552514648438,153.35554833984375,88.00862451171875,113.256,155.256,86.256,86.99901262207032,108.95023027343751,64.02560869140626,81.01920000000001,106.01920000000001,63.01920000000001,10mM 2DG,1h,yes,MN,1.3957115315085837,1.3978908703122221,1.4075743388055273,1.4644139929371283,1.374584737427597,1.3687257216848197
vLH92_MN_60x-1xzoom_0001_XY20_488.tif,5,3663,0,3663,0.0,783.9908447265625,,765.7567749023438,784.0,2804967.0,765.7567749023438,784.0,2804967.0,,,,True,vLH92_MN_60x-1xzoom_0001_XY20_Dapi-ex_Green-em.tif,366.8056335449219,363.0,1343609.0,366.8056335449219,363.0,1343609.0,,,,620.0127749023437,620.0127749023437,,638.256,638.256,,217.8248335449219,217.8248335449219,,214.0192,214.0192,,10mM 2DG,1h,yes,MN,2.8463824110967533,2.982237107698748,2.8463824110967533,2.982237107698748,,
vLH92_MN_60x-1xzoom_0001_XY20_488.tif,6,3886,1945,1942,0.5005146680391148,361.19403076171875,0.4091204332073087,395.5337219238281,359.0,1537044.0,473.7523193359375,485.0,920027.0,317.403076171875,316.0,617349.0,False,vLH92_MN_60x-1xzoom_0001_XY20_Dapi-ex_Green-em.tif,272.06329345703125,254.0,1057238.0,311.69720458984375,307.5,605316.0,232.4668426513672,232.0,452148.0,249.78972192382813,328.0083193359375,171.659076171875,213.256,339.256,170.256,123.08249345703126,162.71640458984376,83.4860426513672,105.01920000000001,158.5192,83.01920000000001,10mM 2DG,1h,yes,MN,2.029449639083165,2.030638207108795,2.015828214510651,2.1401571544645694,2.0561410113629797,2.050802705880085
vLH92_MN_60x-1xzoom_0001_XY20_488.tif,7,3100,1556,1544,0.5019354838709678,649.6965942382812,0.59303443731829,743.5506591796875,653.0,2305007.0,877.8827514648438,888.5,1355451.0,610.2545166015625,608.0,949556.0,False,vLH92_MN_60x-1xzoom_0001_XY20_Dapi-ex_Green-em.tif,389.7200012207031,356.0,1208132.0,445.79144287109375,443.0,688302.0,334.0809631347656,333.0,519830.0,597.8066591796875,732.1387514648437,464.5105166015625,507.256,742.756,462.256,240.73920122070314,296.81064287109376,185.10016313476564,207.0192,294.0192,184.0192,10mM 2DG,1h,yes,MN,2.4832127719474926,2.4502848045012247,2.4666863168475226,2.5262159750111555,2.5095089530708132,2.5119987479567345
vLH92_MN_60x-1xzoom_0001_XY20_488.tif,8,4484,2155,2329,0.4805976806422837,358.37046813964844,0.6656924282855412,377.37176513671875,366.0,1692135.0,412.8973693847656,422.0,961638.0,338.97772216796875,340.0,730497.0,False,vLH92_MN_60x-1xzoom_0001_XY20_Dapi-ex_Green-em.tif,297.443359375,285.0,1333736.0,321.0279235839844,324.0,747674.0,271.95452880859375,273.0,586062.0,231.62776513671875,267.1533693847656,193.23372216796875,220.256,276.256,194.256,148.462559375,172.0471235839844,122.97372880859376,136.0192,175.0192,124.01920000000001,10mM 2DG,1h,yes,MN,1.5601762903174303,1.6193008045922928,1.5527918387682624,1.5784325376872934,1.5713414892764073,1.566338115388585
vLH92_MN_60x-1xzoom_0001_XY20_488.tif,9,3885,1880,2005,0.4839124839124839,324.6956481933594,0.6621087750446066,355.161376953125,327.0,1379802.0,420.1820373535156,437.0,842465.0,285.81756591796875,282.5,537337.0,False,vLH92_MN_60x-1xzoom_0001_XY20_Dapi-ex_Green-em.tif,282.6378479003906,265.0,1098048.0,322.3845520019531,318.0,646381.0,240.24839782714844,236.0,451667.0,209.417376953125,274.4380373535156,140.07356591796875,181.256,291.256,136.756,133.65704790039064,173.40375200195314,91.26759782714845,116.01920000000001,169.0192,87.01920000000001,10mM 2DG,1h,yes,MN,1.5668262934341897,1.562293137687555,1.5826533981249982,1.7232125107680072,1.5347567948841367,1.57156121867358
vLH92_MN_60x-1xzoom_0001_XY21_488.tif,1,3906,1552,2354,0.3973374295954941,387.5036315917969,0.6049569635565654,428.73809814453125,395.0,1674651.0,475.35980224609375,478.0,1118997.0,358.02447509765625,363.0,555654.0,False,vLH92_MN_60x-1xzoom_0001_XY21_Dapi-ex_Green-em.tif,260.6979064941406,249.0,1018286.0,277.5607604980469,275.0,653378.0,235.1211395263672,236.0,364908.0,283.95569814453125,330.57740224609375,213.24207509765625,250.2176,333.2176,218.2176,113.59230649414064,130.4551604980469,88.0155395263672,101.89440000000002,127.89440000000002,88.89440000000002,10mM 2DG,1h,yes,MN,2.49977931524067,2.455656051755543,2.534030857683418,2.6054119648710183,2.4227775713829987,2.4547958026602346
vLH92_MN_60x-1xzoom_0001_XY21_488.tif,2,2838,1389,1449,0.4894291754756871,293.8332824707031,0.6904710150831249,324.98944091796875,298.0,922320.0,376.98828125,383.0,546256.0,270.7444152832031,271.0,376064.0,False,vLH92_MN_60x-1xzoom_0001_XY21_Dapi-ex_Green-em.tif,245.0602569580078,229.0,695481.0,274.0683288574219,268.0,397125.0,214.79913330078125,214.0,298356.0,180.20704091796875,232.20588125,125.96201528320313,153.2176,238.2176,126.2176,97.95465695800783,126.9627288574219,67.69353330078127,81.89440000000002,120.89440000000002,66.89440000000002,10mM 2DG,1h,yes,MN,1.8396985555798708,1.8709166927164735,1.8289295082083916,1.970460170198123,1.860768808203861,1.8868186275682264
vLH92_MN_60x-1xzoom_0001_XY21_488.tif,3,3099,1555,1544,0.5017747660535656,423.0932922363281,0.311173519810461,424.4562683105469,423.0,1315390.0,492.55181884765625,497.0,760500.0,356.8424377441406,352.0,554890.0,False,vLH92_MN_60x-1xzoom_0001_XY21_Dapi-ex_Green-em.tif,328.9996643066406,333.0,1019570.0,354.9721374511719,352.0,548077.0,303.2109375,289.0,471493.0,279.6738683105469,347.76941884765625,212.06003774414063,278.2176,352.2176,207.2176,181.89406430664064,207.8665374511719,156.10533750000002,185.89440000000002,204.89440000000002,141.89440000000002,10mM 2DG,1h,yes,MN,1.5375645674675074,1.4966432555257176,1.6730418619175187,1.7190201391546083,1.3584419414495716,1.4603648910739253
vLH92_MN_60x-1xzoom_0001_XY21_488.tif,4,1150,642,508,0.5582608695652174,318.60595703125,0.289293195852156,325.46173095703125,315.0,374281.0,365.0885925292969,351.0,185465.0,294.1059265136719,292.0,188816.0,False,vLH92_MN_60x-1xzoom_0001_XY21_Dapi-ex_Green-em.tif,336.7443542480469,328.0,387256.0,377.3759765625,368.0,191707.0,304.59344482421875,302.0,195549.0,180.67933095703125,220.30619252929688,149.32352651367188,170.2176,206.2176,147.2176,189.6387542480469,230.27037656250002,157.48784482421877,180.89440000000002,220.89440000000002,154.89440000000002,10mM 2DG,1h,yes,MN,0.9527553145635161,0.9409777195977321,0.9567283287501002,0.9335573921294519,0.948159057483709,0.95043849228894
vLH92_MN_60x-1xzoom_0001_XY21_488.tif,5,2593,1382,1211,0.5329733898958735,278.20233154296875,0.8469472835419931,297.49285888671875,285.0,771399.0,327.7786865234375,329.0,396940.0,270.95440673828125,271.0,374459.0,False,vLH92_MN_60x-1xzoom_0001_XY21_Dapi-ex_Green-em.tif,325.44696044921875,296.0,843884.0,374.2386474609375,343.0,453203.0,282.6924743652344,282.0,390681.0,152.71045888671875,182.9962865234375,126.17200673828125,140.2176,184.2176,126.2176,178.34136044921877,227.13304746093752,135.5868743652344,148.89440000000002,195.89440000000002,134.89440000000002,10mM 2DG,1h,yes,MN,0.8562817873658747,0.9417251421141426,0.8056788237955964,0.9403923746671675,0.9305621014494956,0.935677092599841
vLH92_MN_60x-1xzoom_0001_XY21_488.tif,6,2742,1412,1330,0.5149525893508388,482.9724426269531,0.35669117696873043,511.07037353515625,484.0,1401355.0,603.1624145507812,551.0,802206.0,424.32647705078125,424.0,599149.0,False,vLH92_MN_60x-1xzoom_0001_XY21_Dapi-ex_Green-em.tif,344.2870178222656,337.0,944035.0,376.273681640625,372.0,500444.0,314.1579284667969,309.0,443591.0,366.28797353515625,458.38001455078125,279.54407705078125,339.2176,406.2176,279.2176,197.18141782226564,229.16808164062502,167.0523284667969,189.89440000000002,224.89440000000002,161.89440000000002,10mM 2DG,1h,yes,MN,1.857619128519093,1.7863486232348083,2.000191349812842,1.806259293250521,1.673392281427212,1.7246896742567994
vLH92_MN_60x-1xzoom_0001_XY21_488.tif,7,3141,1468,1674,0.4673670805475963,827.0809936523438,0.47785727329366584,837.0665283203125,841.0,2629226.0,1039.1678466796875,1075.0,1739567.0,606.24658203125,591.0,889970.0,False,vLH92_MN_60x-1xzoom_0001_XY21_Dapi-ex_Green-em.tif,420.626220703125,421.0,1321187.0,497.36199951171875,504.5,832584.0,333.0149841308594,324.0,488866.0,692.2841283203124,894.3854466796874,461.46418203125,696.2176,930.2176,446.2176,273.520620703125,350.25639951171877,185.9093841308594,273.8944,357.3944,176.89440000000002,10mM 2DG,1h,yes,MN,2.531012566952701,2.541919805589307,2.553516360947356,2.6027760927423595,2.482199509124461,2.522508343961143
vLH92_MN_60x-1xzoom_0001_XY21_488.tif,8,3969,1508,2461,0.3799445704207609,499.69427490234375,0.6499471397831788,480.98992919921875,496.0,1909049.0,559.63916015625,570.0,1377272.0,352.63726806640625,337.0,531777.0,False,vLH92_MN_60x-1xzoom_0001_XY21_Dapi-ex_Green-em.tif,301.09222412109375,306.0,1195035.0,337.37139892578125,336.0,830271.0,241.8859405517578,237.0,364764.0,336.20752919921875,414.85676015625,207.85486806640625,351.2176,425.2176,192.2176,153.98662412109377,190.26579892578127,94.78034055175783,158.89440000000002,188.89440000000002,89.89440000000002,10mM 2DG,1h,yes,MN,2.1833554123170336,2.2103837517244154,2.1804063709740973,2.2510863212461563,2.1930166831685995,2.1382600028477854
vLH92_MN_60x-1xzoom_0001_XY21_488.tif,9,3332,1207,2125,0.3622448979591837,498.96435546875,0.6954508920875698,568.0399169921875,511.0,1892709.0,618.8739013671875,609.0,1315107.0,478.5434875488281,481.0,577602.0,False,vLH92_MN_60x-1xzoom_0001_XY21_Dapi-ex_Green-em.tif,331.8736572265625,309.0,1105803.0,353.8922424316406,344.0,752021.0,293.1085205078125,293.0,353782.0,423.2575169921875,474.0915013671875,333.76108754882813,366.2176,464.2176,336.2176,184.76805722656252,206.78664243164064,146.00292050781252,161.89440000000002,196.89440000000002,145.89440000000002,10mM 2DG,1h,yes,MN,2.2907504865583412,2.2620770082226436,2.2926601824579276,2.357698339820736,2.2859891184914263,2.3045271100193014
vLH92_MN_60x-1xzoom_0001_XY21_488.tif,10,3459,1698,1761,0.4908933217692975,246.16676330566406,0.6288250800831536,255.88522338867188,249.0,885107.0,290.2952880859375,292.0,511210.0,220.19847106933594,219.0,373897.0,False,vLH92_MN_60x-1xzoom_0001_XY21_Dapi-ex_Green-em.tif,220.13414001464844,212.0,761444.0,243.61669921875,240.0,429009.0,195.78033447265625,195.0,332435.0,111.10282338867188,145.5128880859375,75.41607106933594,104.2176,147.2176,74.2176,73.02854001464846,96.51109921875002,48.67473447265627,64.89440000000002,92.89440000000002,47.89440000000002,10mM 2DG,1h,yes,MN,1.5213616945701816,1.6059567543578486,1.5077321599676434,1.5847844434110128,1.5493884432323304,1.5496091401082377
vLH92_MN_60x-1xzoom_0001_XY22_488.tif,1,2349,1257,1092,0.5351213282247765,447.9557189941406,0.42059563414730844,470.0387268066406,450.0,1104121.0,521.893798828125,499.0,569908.0,424.9904479980469,429.0,534213.0,False,vLH92_MN_60x-1xzoom_0001_XY22_Dapi-ex_Green-em.tif,433.421875,424.0,1018108.0,460.6895751953125,450.0,503073.0,409.7334899902344,412.0,515035.0,325.56352680664065,377.418598828125,280.5152479980469,305.5248,354.5248,284.5248,285.802675,313.0703751953125,262.1142899902344,276.3808,302.3808,264.3808,10mM 2DG,1h,yes,MN,1.1391199428299286,1.1054487142377474,1.2055391654118284,1.172444811310771,1.0702020405239947,1.0761931274888343
vLH92_MN_60x-1xzoom_0001_XY22_488.tif,2,4623,2226,2397,0.48150551589876706,555.96826171875,0.6850913139027968,591.9820556640625,554.0,2736733.0,690.0137939453125,710.0,1653963.0,486.4195861816406,485.0,1082770.0,False,vLH92_MN_60x-1xzoom_0001_XY22_Dapi-ex_Green-em.tif,364.70257568359375,344.0,1686020.0,416.30621337890625,418.0,997886.0,309.134765625,308.0,688134.0,447.5068556640625,545.5385939453125,341.94438618164065,409.5248,565.5248,340.5248,217.08337568359374,268.6870133789063,161.515565625,196.3808,270.3808,160.3808,10mM 2DG,1h,yes,MN,2.0614515241200166,2.085360686991804,2.030386906627252,2.091586384832059,2.117098651504293,2.123226720405435
vLH92_MN_60x-1xzoom_0001_XY22_488.tif,3,3739,1774,1965,0.47445841133993044,492.3057556152344,0.6841676648129758,534.266357421875,496.0,1997622.0,635.4869995117188,645.0,1248732.0,422.1476745605469,429.0,748890.0,False,vLH92_MN_60x-1xzoom_0001_XY22_Dapi-ex_Green-em.tif,302.218505859375,288.0,1129995.0,344.4346008300781,338.0,676814.0,255.4571533203125,255.0,453181.0,389.791157421875,491.0117995117188,277.6724745605469,351.5248,500.5248,284.5248,154.599305859375,196.81540083007812,107.8379533203125,140.3808,190.3808,107.3808,10mM 2DG,1h,yes,MN,2.521299531425017,2.5040803300736285,2.4947834236591935,2.62907183917706,2.574904901391931,2.649680389790354
vLH92_MN_60x-1xzoom_0001_XY22_488.tif,4,3206,1356,1850,0.4229569557080474,786.3184814453125,0.5633147396217173,792.2947387695312,785.0,2540097.0,891.9978637695312,870.0,1650196.0,656.2691650390625,645.0,889901.0,False,vLH92_MN_60x-1xzoom_0001_XY22_Dapi-ex_Green-em.tif,382.1029357910156,369.0,1225022.0,423.96160888671875,417.0,784329.0,324.9948425292969,322.0,440693.0,647.8195387695313,747.5226637695313,511.7939650390625,640.5248,725.5248,500.5248,234.48373579101562,276.3424088867188,177.37564252929687,221.3808,269.3808,174.3808,10mM 2DG,1h,yes,MN,2.7627482843710003,2.893316854939543,2.705059519387644,2.693305536252027,2.885367786360691,2.8702976474474258
vLH92_MN_60x-1xzoom_0001_XY22_488.tif,5,3843,1799,2044,0.4681238615664845,684.3289184570312,0.6736111167279583,744.912841796875,687.0,2862700.0,862.2260131835938,895.0,1762390.0,611.6231079101562,624.0,1100310.0,False,vLH92_MN_60x-1xzoom_0001_XY22_Dapi-ex_Green-em.tif,426.323974609375,394.0,1638363.0,489.1159362792969,493.5,999753.0,354.98052978515625,359.0,638610.0,600.437641796875,717.7508131835938,467.1479079101563,542.5248,750.5248,479.5248,278.704774609375,341.4967362792969,207.36132978515624,246.3808,345.8808,211.3808,10mM 2DG,1h,yes,MN,2.1543859183554783,2.201976777411227,2.101779422561079,2.169894368233218,2.252820756860311,2.26853526904998
vLH92_MN_60x-1xzoom_0001_XY22_488.tif,6,2142,1129,1014,0.527077497665733,647.30810546875,0.35689611273009136,684.4794311523438,648.0,1466155.0,776.2958374023438,708.0,787164.0,601.7821044921875,610.0,679412.0,False,vLH92_MN_60x-1xzoom_0001_XY22_Dapi-ex_Green-em.tif,367.37066650390625,354.0,786908.0,398.20611572265625,381.5,403781.0,339.6014099121094,340.0,383410.0,540.0042311523438,631.8206374023438,457.3069044921875,503.5248,563.5248,465.5248,219.75146650390624,250.58691572265624,191.98220991210937,206.3808,233.8808,192.3808,10mM 2DG,1h,yes,MN,2.457340739260754,2.439785096288027,2.521363238700093,2.4094530205130136,2.3820275050565645,2.4198090453933037
vLH92_MN_60x-1xzoom_0001_XY22_488.tif,7,3863,1930,1933,0.4996117007507119,508.04571533203125,0.476858884530552,504.36993408203125,507.0,1948381.0,585.5106201171875,585.0,1131792.0,423.1031188964844,413.0,816589.0,False,vLH92_MN_60x-1xzoom_0001_XY22_Dapi-ex_Green-em.tif,319.240234375,308.0,1233225.0,359.23382568359375,352.0,694399.0,279.1844482421875,276.0,538826.0,359.8947340820313,441.0354201171875,278.6279188964844,362.5248,440.5248,268.5248,171.621034375,211.61462568359374,131.5652482421875,160.3808,204.3808,128.3808,10mM 2DG,1h,yes,MN,2.0970316103307267,2.2604002474111615,2.0841443198572853,2.1554118586481708,2.117792674123044,2.0916274084598325
vLH92_MN_60x-1xzoom_0001_XY22_488.tif,8,4763,2196,2568,0.46105395758975437,1359.367919921875,0.6192762669948444,1472.72119140625,1371.0,7014571.0,1789.512451171875,1903.0,4595468.0,1101.895751953125,1182.5,2419763.0,False,vLH92_MN_60x-1xzoom_0001_XY22_Dapi-ex_Green-em.tif,570.1196899414062,537.0,2715480.0,666.3640747070312,695.0,1711223.0,457.48907470703125,473.0,1004646.0,1328.24599140625,1645.037251171875,957.420551953125,1226.5248,1758.5248,1038.0248,422.5004899414063,518.7448747070313,309.8698747070313,389.3808,547.3808,325.3808,10mM 2DG,1h,yes,MN,3.1437738488550755,3.149936514589317,3.1711874784323095,3.212616883895087,3.089750343941389,3.190184546844804
vLH92_MN_60x-1xzoom_0001_XY22_488.tif,9,4694,2405,2289,0.5123561994034939,655.45458984375,0.3147107081733429,660.0662841796875,659.0,3098351.0,708.4674682617188,702.0,1621682.0,613.9995727539062,629.0,1476669.0,False,vLH92_MN_60x-1xzoom_0001_XY22_Dapi-ex_Green-em.tif,330.1431579589844,322.0,1549692.0,357.9786071777344,349.0,819413.0,303.6502990722656,304.0,730279.0,515.5910841796875,563.9922682617188,469.5243727539063,514.5248,557.5248,484.5248,182.52395795898437,210.35940717773437,156.03109907226562,174.3808,201.3808,156.3808,10mM 2DG,1h,yes,MN,2.824785797684422,2.9505817154182115,2.6810888841552836,2.7685102055409456,3.0091717327226326,3.0983650166772394
vLH92_MN_60x-1xzoom_0001_XY23_488.tif,1,3262,1559,1703,0.4779276517473942,399.1162414550781,0.73740772764123,424.3301696777344,403.0,1384165.0,505.76275634765625,510.0,861314.0,335.3758850097656,331.0,522851.0,False,vLH92_MN_60x-1xzoom_0001_XY23_Dapi-ex_Green-em.tif,284.1229248046875,262.0,926809.0,329.34234619140625,317.0,560870.0,234.72674560546875,232.0,365939.0,279.61336967773434,361.0459563476562,190.65908500976562,258.28319999999997,365.28319999999997,186.2832,135.9789248046875,181.19834619140624,86.58274560546874,113.856,168.856,83.856,10mM 2DG,1h,yes,MN,2.0562993131424983,2.2685075885328834,1.992545538833288,2.16328232339982,2.2020448032283606,2.2214653692043504
vLH92_MN_60x-1xzoom_0001_XY23_488.tif,2,3492,1617,1875,0.4630584192439863,486.5753631591797,0.8331899181344462,490.2560119628906,485.5,1711974.0,590.61279296875,596.0,1107399.0,373.8868408203125,366.0,604575.0,False,vLH92_MN_60x-1xzoom_0001_XY23_Dapi-ex_Green-em.tif,290.9779357910156,283.5,1016095.0,330.5594787597656,324.0,619799.0,245.0810089111328,242.0,396296.0,345.5392119628906,445.89599296874997,229.1700408203125,340.78319999999997,451.28319999999997,221.2832,142.83393579101562,182.41547875976562,96.9370089111328,135.356,175.856,93.856,10mM 2DG,1h,yes,MN,2.419167476197385,2.5176807825290344,2.444397789049351,2.5662087162223637,2.3641129780515984,2.357688373678827
vLH92_MN_60x-1xzoom_0001_XY23_488.tif,3,2200,1157,1044,0.5259090909090909,283.80372619628906,0.6231142127721607,309.983642578125,287.0,681964.0,355.44921875,334.0,371089.0,268.88677978515625,268.0,311102.0,False,vLH92_MN_60x-1xzoom_0001_XY23_Dapi-ex_Green-em.tif,257.36273193359375,248.0,566198.0,279.7442626953125,272.0,292053.0,237.16162109375,236.0,274396.0,165.266842578125,210.73241875,124.16997978515624,142.2832,189.2832,123.2832,109.21873193359374,131.6002626953125,89.01762109375,99.856,123.856,87.856,10mM 2DG,1h,yes,MN,1.5131730578835978,1.4248838327191156,1.601306976399418,1.5282521638031261,1.3948921377530985,1.4032416681843016
vLH92_MN_60x-1xzoom_0001_XY23_488.tif,4,3735,1805,1930,0.48326639892904955,855.6483154296875,0.4240468485869632,973.942138671875,862.0,3637674.0,1157.4927978515625,1219.0,2233961.0,777.6803588867188,785.0,1403713.0,False,vLH92_MN_60x-1xzoom_0001_XY23_Dapi-ex_Green-em.tif,438.8120422363281,394.0,1638963.0,512.39013671875,524.0,988913.0,360.1385192871094,362.0,650050.0,829.225338671875,1012.7759978515625,632.9635588867187,717.2832,1074.2832,640.2832,290.6680422363281,364.24613671875,211.99451928710937,245.856,375.856,213.856,10mM 2DG,1h,yes,MN,2.8528259670104084,2.917493166731745,2.780471488249634,2.858230811800264,2.9857543535334545,2.993992219063295
vLH92_MN_60x-1xzoom_0001_XY23_488.tif,5,3367,1656,1711,0.49183249183249184,284.45001220703125,0.7846566562293031,299.33056640625,289.0,1007846.0,333.6417236328125,334.0,570861.0,263.87982177734375,264.0,436985.0,False,vLH92_MN_60x-1xzoom_0001_XY23_Dapi-ex_Green-em.tif,265.1250305175781,250.0,892676.0,298.8755187988281,289.0,511376.0,230.2536163330078,229.0,381300.0,154.61376640625,188.9249236328125,119.16302177734374,144.2832,189.2832,119.2832,116.98103051757812,150.73151879882812,82.1096163330078,101.856,140.856,80.856,10mM 2DG,1h,yes,MN,1.3216994731724219,1.4165409990574929,1.2533869832822337,1.343806440620208,1.4512675506125898,1.475254773919066
vLH92_MN_60x-1xzoom_0001_XY23_488.tif,6,3579,1581,1998,0.44174350377200333,405.36083984375,0.38148671858736893,400.7820739746094,406.0,1434399.0,460.6251220703125,466.0,920329.0,325.15496826171875,319.0,514070.0,False,vLH92_MN_60x-1xzoom_0001_XY23_Dapi-ex_Green-em.tif,340.3702087402344,333.0,1218185.0,383.0690612792969,389.0,765372.0,286.40924072265625,283.0,452813.0,256.06527397460934,315.90832207031247,180.43816826171874,261.28319999999997,321.28319999999997,174.2832,192.22620874023437,234.92506127929687,138.26524072265624,184.856,240.856,134.856,10mM 2DG,1h,yes,MN,1.3321038564551004,1.4134418141688665,1.3447195473740305,1.3339223436410137,1.3050146755514382,1.2923651895355046
vLH92_MN_60x-1xzoom_0001_XY23_488.tif,7,1840,1135,705,0.6168478260869565,273.6446990966797,0.6875964993411579,282.9005432128906,275.5,520537.0,308.7262268066406,301.0,217652.0,266.8590393066406,267.0,302885.0,False,vLH92_MN_60x-1xzoom_0001_XY23_Dapi-ex_Green-em.tif,275.93096923828125,274.0,507713.0,288.4241027832031,285.0,203339.0,268.1709289550781,268.0,304374.0,138.18374321289062,164.00942680664062,122.14223930664062,130.7832,156.2832,122.2832,127.78696923828124,140.28010278320312,120.02692895507812,125.856,136.856,119.856,10mM 2DG,1h,yes,MN,1.081360204695228,1.0391495041952707,1.1691567339390259,1.1419535862512422,1.017623631379873,1.0202509678280602
vLH92_MN_60x-1xzoom_0001_XY23_488.tif,8,2612,1250,1362,0.4785604900459418,896.1859741210938,0.34155807875568445,1046.9532470703125,897.5,2734642.0,1279.8546142578125,1292.5,1743162.0,793.1840209960938,814.5,991480.0,False,vLH92_MN_60x-1xzoom_0001_XY23_Dapi-ex_Green-em.tif,492.50958251953125,427.0,1286435.0,591.2327270507812,590.5,805259.0,384.9407958984375,391.0,481176.0,902.2364470703125,1135.1378142578126,648.4672209960937,752.7832,1147.7832,669.7832,344.36558251953124,443.08872705078124,236.7967958984375,278.856,442.356,242.856,10mM 2DG,1h,yes,MN,2.619995995154773,2.699540981725335,2.5618747328855367,2.5947047174673794,2.738496602269155,2.7579438020884806
vLH92_MN_60x-1xzoom_0001_XY24_488.tif,1,2312,1128,1184,0.48788927335640137,498.65162658691406,0.48911168508215663,528.1591796875,500.0,1221104.0,585.2271728515625,552.0,692909.0,468.2579650878906,469.0,528195.0,False,vLH92_MN_60x-1xzoom_0001_XY24_Dapi-ex_Green-em.tif,281.9065856933594,272.0,651768.0,301.0067443847656,288.0,356392.0,261.858154296875,262.0,295376.0,383.6119796875,440.6799728515625,323.71076508789065,355.4528,407.4528,324.4528,133.69538569335936,152.7955443847656,113.64695429687498,123.78879999999998,139.78879999999998,113.78879999999998,10mM 2DG,1h,yes,MN,2.869298575250335,2.871445558887396,2.884115336124293,2.914774288068859,2.8483892691244073,2.851359712027898
vLH92_MN_60x-1xzoom_0001_XY24_488.tif,2,3262,1649,1613,0.5055180870631515,435.26136779785156,0.7038716410209018,518.3212890625,439.0,1690764.0,641.3013305664062,663.0,1034419.0,398.02606201171875,397.0,656345.0,False,vLH92_MN_60x-1xzoom_0001_XY24_Dapi-ex_Green-em.tif,289.8727722167969,254.0,945565.0,346.29449462890625,340.0,558573.0,234.68283081054688,234.0,386992.0,373.7740890625,496.7541305664063,253.47886201171875,294.4528,518.4528,252.4528,141.66157221679686,198.08329462890623,86.47163081054686,105.78879999999998,191.78879999999998,85.78879999999998,10mM 2DG,1h,yes,MN,2.638500217197092,2.7834024017665393,2.507804262328314,2.7032485734307743,2.931352856835472,2.942724458204335
vLH92_MN_60x-1xzoom_0001_XY24_488.tif,3,2792,1380,1412,0.49426934097421205,816.774169921875,0.7309875404152798,873.6117553710938,822.0,2439124.0,1089.7684326171875,1091.0,1538753.0,652.4427490234375,639.0,900371.0,False,vLH92_MN_60x-1xzoom_0001_XY24_Dapi-ex_Green-em.tif,394.972412109375,370.0,1102763.0,465.2471618652344,455.0,656929.0,323.068115234375,319.0,445834.0,729.0645553710938,945.2212326171875,507.8955490234375,677.4528,946.4528,494.4528,246.76121210937498,317.03596186523436,174.85691523437498,221.78879999999998,306.7888,170.78879999999998,10mM 2DG,1h,yes,MN,2.9545346658774783,3.0544950872181107,2.9814322231967556,3.085030483511784,2.904635188963866,2.8951125600741974
vLH92_MN_60x-1xzoom_0001_XY24_488.tif,4,3207,1600,1607,0.4989086373557842,375.8125915527344,0.7460374871316916,423.1216125488281,375.0,1356951.0,528.943359375,534.0,850012.0,316.8368835449219,314.0,506939.0,False,vLH92_MN_60x-1xzoom_0001_XY24_Dapi-ex_Green-em.tif,316.2073669433594,275.0,1014077.0,387.0516357421875,376.0,621992.0,245.05313110351562,244.0,392085.0,278.57441254882815,384.396159375,172.28968354492187,230.4528,389.4528,169.4528,167.99616694335936,238.84043574218748,96.8419311035156,126.78879999999998,227.78879999999998,95.78879999999998,10mM 2DG,1h,yes,MN,1.6582188606883557,1.8176116502404,1.6094266374138186,1.7097100472016187,1.77908145347452,1.7690251887485806
vLH92_MN_60x-1xzoom_0001_XY24_488.tif,5,5217,2575,2642,0.49357868506804675,2294.3154296875,0.5411924277835054,2227.423583984375,2319.0,11620469.0,2646.752197265625,2694.0,6992719.0,1797.1844482421875,1726.0,4627750.0,False,vLH92_MN_60x-1xzoom_0001_XY24_Dapi-ex_Green-em.tif,649.4354858398438,674.0,3388105.0,749.515869140625,761.0,1980221.0,546.7510375976562,524.0,1407884.0,2082.876383984375,2502.204997265625,1652.6372482421875,2174.4528,2549.4528,1581.4528,501.22428583984373,601.304669140625,398.53983759765623,525.7888,612.7888,375.7888,10mM 2DG,1h,yes,MN,4.155577538495245,4.135601214784339,4.161293144192172,4.16041024248485,4.14673037005299,4.208355331505357
vLH92_MN_60x-1xzoom_0001_XY24_488.tif,6,3339,1570,1769,0.47020065887990414,518.9788818359375,0.8669672379737648,538.7008056640625,520.0,1798722.0,620.1192626953125,625.0,1096991.0,446.9624328613281,444.0,701731.0,False,vLH92_MN_60x-1xzoom_0001_XY24_Dapi-ex_Green-em.tif,296.9143371582031,288.0,991397.0,326.6478271484375,324.0,577840.0,263.412109375,263.0,413557.0,394.1536056640625,475.5720626953125,302.41523286132815,375.4528,480.4528,299.4528,148.7031371582031,178.43662714843748,115.20090937499998,139.78879999999998,175.78879999999998,114.78879999999998,10mM 2DG,1h,yes,MN,2.6506071976459262,2.685857522204927,2.6652154902014296,2.7331252047912042,2.6251115073832567,2.6087283776814467
vLH92_MN_60x-1xzoom_0001_XY24_488.tif,7,3102,1567,1535,0.5051579626047711,645.6569519042969,0.7044129064118015,806.61962890625,647.0,2502134.0,1058.3387451171875,1134.0,1624550.0,560.0408325195312,560.0,877584.0,False,vLH92_MN_60x-1xzoom_0001_XY24_Dapi-ex_Green-em.tif,412.91650390625,342.0,1280867.0,521.3172607421875,524.0,800222.0,306.72943115234375,306.0,480645.0,662.07242890625,913.7915451171875,415.4936325195313,502.4528,989.4528,415.4528,264.70530390625,373.1060607421875,158.51823115234373,193.78879999999998,375.7888,157.78879999999998,10mM 2DG,1h,yes,MN,2.501167974861337,2.5927855479780053,2.449146881450978,2.6330023672871574,2.621109442737988,2.632967612403416
vLH92_MN_60x-1xzoom_0001_XY24_488.tif,8,4780,2140,2640,0.4476987447698745,618.8708190917969,0.7983005289120728,707.3280639648438,623.5,3381028.0,870.3056640625,904.0,2297607.0,506.271484375,501.5,1083421.0,False,vLH92_MN_60x-1xzoom_0001_XY24_Dapi-ex_Green-em.tif,345.1891174316406,317.0,1650004.0,402.44317626953125,402.0,1062450.0,274.5579528808594,274.0,587554.0,562.7808639648438,725.7584640625,361.724284375,478.9528,759.4528,356.9528,196.9779174316406,254.23197626953123,126.34675288085936,168.78879999999998,253.78879999999998,125.78879999999998,10mM 2DG,1h,yes,MN,2.857075916442013,2.837586380138967,2.854709603063726,2.9924598721456586,2.862948798661202,2.8377152814877005
vLH92_MN_60x-1xzoom_0001_XY24_488.tif,9,1295,621,674,0.47953667953667956,542.8529052734375,0.5638898921228953,565.5907592773438,550.0,732440.0,630.2062377929688,616.0,424759.0,495.4605407714844,498.0,307681.0,False,vLH92_MN_60x-1xzoom_0001_XY24_Dapi-ex_Green-em.tif,477.8169860839844,477.0,618773.0,516.7003173828125,520.0,348256.0,435.6151428222656,440.0,270517.0,421.0435592773438,485.6590377929688,350.9133407714844,405.4528,471.4528,353.4528,329.60578608398436,368.4891173828125,287.4039428222656,328.7888,371.7888,291.7888,10mM 2DG,1h,yes,MN,1.2774155583848301,1.2331709595947309,1.31797389633201,1.268066170901329,1.2209760844808377,1.2113309352517987
vLH92_MN_60x-1xzoom_0001_XY24_488.tif,10,2508,1260,1248,0.5023923444976076,344.5845184326172,0.6532927523204705,394.11444091796875,348.0,988439.0,479.10498046875,482.0,597923.0,309.9333190917969,308.0,390516.0,False,vLH92_MN_60x-1xzoom_0001_XY24_Dapi-ex_Green-em.tif,257.4645080566406,238.0,645721.0,289.838134765625,282.0,361718.0,225.39920043945312,225.0,284003.0,249.56724091796875,334.55778046875,165.38611909179687,203.4528,337.4528,163.4528,109.2533080566406,141.62693476562498,77.1880004394531,89.78879999999998,133.78879999999998,76.78879999999998,10mM 2DG,1h,yes,MN,2.284299170040551,2.265903988025233,2.3622468496010427,2.5222798918893066,2.142640282818663,2.128602087804472
vLH92_MN_60x-1xzoom_0001_XY24_488.tif,11,2491,1251,1240,0.502207948615014,440.8783874511719,0.6728531629774613,467.233642578125,435.0,1163879.0,566.8491821289062,576.0,702893.0,368.4940185546875,364.0,460986.0,False,vLH92_MN_60x-1xzoom_0001_XY24_Dapi-ex_Green-em.tif,440.60980224609375,404.0,1097559.0,533.9887084960938,536.5,662146.0,348.0519714355469,342.0,435413.0,322.686442578125,422.3019821289063,223.9468185546875,290.4528,431.4528,219.4528,292.39860224609373,385.77750849609373,199.84077143554686,255.78879999999998,388.2888,193.78879999999998,10mM 2DG,1h,yes,MN,1.103584080427785,1.1355180523932247,1.0946775611030273,1.111164679485991,1.120626271335804,1.1324328340956753
vLH92_MN_60x-1xzoom_0001_XY24_488.tif,12,3849,0,3849,0.0,2089.3037109375,,2021.4248046875,2092.0,7780464.0,2021.4248046875,2092.0,7780464.0,,,,True,vLH92_MN_60x-1xzoom_0001_XY24_Dapi-ex_Green-em.tif,581.085205078125,577.0,2236597.0,581.085205078125,577.0,2236597.0,,,,1876.8776046875,1876.8776046875,,1947.4528,1947.4528,,432.874005078125,432.874005078125,,428.7888,428.7888,,10mM 2DG,1h,yes,MN,4.335851963087415,4.541752956233932,4.335851963087415,4.541752956233932,,
vLH92_MN_60x-1xzoom_0001_XY24_488.tif,13,3372,1687,1685,0.5002965599051008,331.7162780761719,0.808543024467862,358.40301513671875,328.0,1208535.0,444.91156005859375,450.0,749676.0,271.9970397949219,269.0,458859.0,False,vLH92_MN_60x-1xzoom_0001_XY24_Dapi-ex_Green-em.tif,268.09014892578125,240.0,904000.0,322.7252197265625,305.0,543792.0,213.5198516845703,212.0,360208.0,213.85581513671875,300.3643600585938,127.44983979492187,183.4528,305.4528,124.4528,119.87894892578123,174.51401972656248,65.3086516845703,91.78879999999998,156.78879999999998,63.78879999999998,10mM 2DG,1h,yes,MN,1.78393134952426,1.998640356993446,1.7211474500972477,1.9481799720388195,1.9515000923688177,1.951013344035317
vLH92_MN_60x-1xzoom_0001_XY24_488.tif,14,3147,1551,1597,0.49285033365109626,590.6475830078125,0.8648011286111013,646.9749145507812,585.0,2036030.0,793.2348022460938,807.0,1266796.0,496.265625,495.0,769708.0,False,vLH92_MN_60x-1xzoom_0001_XY24_Dapi-ex_Green-em.tif,297.1089782714844,279.0,935002.0,343.6731262207031,338.0,548846.0,249.13539123535156,248.0,386409.0,502.4277145507813,648.6876022460938,351.718425,440.4528,662.4528,350.4528,148.89777827148436,195.4619262207031,100.92419123535154,130.78879999999998,189.78879999999998,99.78879999999998,10mM 2DG,1h,yes,MN,3.374313038000527,3.367664509499285,3.3187414796763908,3.490473621204202,3.484976403524557,3.5119452283222174
vLH92_MN_60x-1xzoom_0001_XY24_488.tif,15,3739,1867,1872,0.49933137202460554,382.98583984375,0.7077769228944065,426.84808349609375,384.0,1595985.0,540.559814453125,561.5,1011928.0,312.8318176269531,308.0,584057.0,False,vLH92_MN_60x-1xzoom_0001_XY24_Dapi-ex_Green-em.tif,243.8978271484375,225.0,911934.0,285.5224304199219,282.0,534498.0,202.16175842285156,201.0,377436.0,282.3008834960938,396.012614453125,168.28461762695312,239.4528,416.9528,163.4528,95.68662714843748,137.31123041992186,53.95055842285154,76.78879999999998,133.78879999999998,52.78879999999998,10mM 2DG,1h,yes,MN,2.950264753905098,3.1183297564228125,2.884051167861863,3.1165000358774435,3.1192377344452793,3.0963537720122463
vLH92_MN_60x-1xzoom_0001_XY25_488.tif,1,2227,1150,1077,0.5163897620116749,943.3239135742188,0.24068324595573193,886.3197021484375,943.0,1973834.0,1049.2608642578125,1035.0,1130054.0,733.7217407226562,780.0,843780.0,False,vLH92_MN_60x-1xzoom_0001_XY25_Dapi-ex_Green-em.tif,438.88055419921875,449.0,977387.0,490.0538635253906,486.0,527788.0,390.9556579589844,402.0,449599.0,740.2189021484376,903.1600642578126,587.6209407226563,796.8992000000001,888.8992000000001,633.8992000000001,288.29655419921875,339.4698635253906,240.37165795898437,298.416,335.416,251.416,10mM 2DG,1h,yes,MN,2.5675606987551136,2.670430539917431,2.66050145034527,2.650139528227634,2.4446348862931444,2.5213160658032905
vLH92_MN_60x-1xzoom_0001_XY25_488.tif,2,4699,2248,2451,0.4783996595020217,850.2425537109375,0.3263981398351631,929.2907104492188,854.0,4366737.0,1212.371337890625,1287.0,2971522.0,620.647216796875,588.0,1395215.0,False,vLH92_MN_60x-1xzoom_0001_XY25_Dapi-ex_Green-em.tif,456.57928466796875,432.0,2145466.0,555.962890625,579.0,1362665.0,348.2210998535156,336.0,782801.0,783.1899104492188,1066.270537890625,474.546416796875,707.8992000000001,1140.8992,441.8992,305.99528466796875,405.378890625,197.63709985351562,281.416,428.416,185.416,10mM 2DG,1h,yes,MN,2.559483592366619,2.5154902350967965,2.630306023697198,2.6630639378547953,2.401099880278544,2.383285153384821
vLH92_MN_60x-1xzoom_0001_XY25_488.tif,3,4026,2185,1885,0.5427223050173869,1103.0680541992188,0.1175985258600721,1174.0089111328125,1116.5,4726560.0,1538.4058837890625,1582.0,2899895.0,844.5679931640625,898.0,1845381.0,False,vLH92_MN_60x-1xzoom_0001_XY25_Dapi-ex_Green-em.tif,429.2590637207031,413.0,1728197.0,519.9734497070312,529.0,980150.0,347.127685546875,359.0,758474.0,1027.9081111328126,1392.3050837890626,698.4671931640626,970.3992000000001,1435.8992,751.8992000000001,278.6750637207031,369.38944970703125,196.543685546875,262.416,378.416,208.416,10mM 2DG,1h,yes,MN,3.6885543234790976,3.6979421986464245,3.7692064158662957,3.7944991755105493,3.5537503594715107,3.6076846307385235
vLH92_MN_60x-1xzoom_0001_XY25_488.tif,4,4809,2039,2770,0.42399667290496984,330.1701354980469,0.5717580833541289,368.6192626953125,329.0,1772690.0,441.6126403808594,396.0,1223267.0,269.45709228515625,266.0,549423.0,False,vLH92_MN_60x-1xzoom_0001_XY25_Dapi-ex_Green-em.tif,268.12872314453125,251.0,1289431.0,296.6519775390625,284.0,821726.0,229.3795928955078,222.0,467705.0,222.5184626953125,295.5118403808594,123.35629228515626,182.8992,249.8992,119.89920000000001,117.54472314453125,146.0679775390625,78.79559289550781,100.416,133.416,71.416,10mM 2DG,1h,yes,MN,1.893053611787465,1.8214149139579352,2.0231117412564408,1.8730826887329857,1.5655227374041232,1.6788842836339197
vLH92_MN_60x-1xzoom_0001_XY25_488.tif,5,4442,2335,2107,0.5256641152633948,982.6727905273438,0.15335813289605935,1194.884765625,989.0,5307678.0,1640.279541015625,1778.0,3456069.0,792.9802856445312,877.0,1851609.0,False,vLH92_MN_60x-1xzoom_0001_XY25_Dapi-ex_Green-em.tif,495.1803283691406,429.0,2199591.0,642.66015625,685.0,1354085.0,362.10107421875,384.0,845506.0,1048.783965625,1494.178741015625,646.8794856445313,842.8992000000001,1631.8992,730.8992000000001,344.5963283691406,492.07615625,211.51707421875,278.416,534.4159999999999,233.416,10mM 2DG,1h,yes,MN,3.0435146264864295,3.0274811792425727,3.0364786467249703,3.053612167300381,3.058284954223277,3.1313157624156016
vLH92_MN_60x-1xzoom_0001_XY25_488.tif,6,4166,1780,2386,0.4272683629380701,473.0550842285156,0.6641758972357216,491.9332580566406,475.0,2049394.0,568.9656372070312,541.0,1357552.0,388.67529296875,378.0,691842.0,False,vLH92_MN_60x-1xzoom_0001_XY25_Dapi-ex_Green-em.tif,307.8866882324219,296.0,1282656.0,343.54986572265625,333.0,819710.0,260.08203125,256.0,462946.0,345.83245805664063,422.86483720703126,242.57449296875,328.8992,394.8992,231.8992,157.30268823242187,192.96586572265625,109.49803125,145.416,182.416,105.416,10mM 2DG,1h,yes,MN,2.198515880069751,2.261781372063597,2.1913970930734537,2.1648276466976584,2.2153320036861395,2.1998482203840024
vLH92_MN_60x-1xzoom_0001_XY25_488.tif,7,3233,1523,1710,0.4710794927312094,495.213623046875,0.6888684862875796,514.967529296875,497.0,1664890.0,648.5625610351562,640.0,1109042.0,364.9691467285156,352.0,555848.0,False,vLH92_MN_60x-1xzoom_0001_XY25_Dapi-ex_Green-em.tif,429.2023010253906,408.0,1387611.0,519.609375,533.0,888532.0,327.6946716308594,319.0,499079.0,368.866729296875,502.46176103515626,218.86834672851563,350.8992,493.8992,205.8992,278.6183010253906,369.025375,177.11067163085937,257.416,382.416,168.416,10mM 2DG,1h,yes,MN,1.3239142150366496,1.3631600211331076,1.3615913567872027,1.2915233672231288,1.2357716489534247,1.222563176895307
vLH92_MN_60x-1xzoom_0001_XY25_488.tif,8,3664,1667,1997,0.45496724890829693,420.55645751953125,0.4778330784584165,471.1435546875,425.0,1726270.0,542.9268798828125,545.0,1084225.0,385.14996337890625,385.0,642045.0,False,vLH92_MN_60x-1xzoom_0001_XY25_Dapi-ex_Green-em.tif,315.926025390625,292.0,1157553.0,350.93341064453125,342.0,700814.0,273.9886169433594,274.0,456739.0,325.0427546875,396.8260798828125,239.04916337890626,278.8992,398.8992,238.8992,165.342025390625,200.34941064453125,123.40461694335937,141.416,191.416,123.416,10mM 2DG,1h,yes,MN,1.9658810512304885,1.9721898512190983,1.9806700633967864,2.083938646717098,1.937116854295863,1.9357230829065923
vLH92_MN_60x-1xzoom_0001_XY25_488.tif,9,3334,1545,1790,0.46340731853629274,329.29310607910156,0.6211601732982704,371.31854248046875,333.0,1237976.0,439.5413513183594,458.0,786779.0,292.1857604980469,291.0,451427.0,False,vLH92_MN_60x-1xzoom_0001_XY25_Dapi-ex_Green-em.tif,251.00210571289062,236.0,836841.0,282.5977783203125,280.0,505850.0,214.35728454589844,214.0,331182.0,225.21774248046876,293.4405513183594,146.08496049804688,186.8992,311.8992,144.8992,100.41810571289062,132.0137783203125,63.773284545898434,85.416,129.416,63.416,10mM 2DG,1h,yes,MN,2.242800149251946,2.1881052730167654,2.2228024608641075,2.4100513074117575,2.2906921219167833,2.2848997098524033
vLH92_MN_60x-1xzoom_0001_XY25_488.tif,10,4086,2063,2023,0.5048947626040137,463.79925537109375,0.2731933507023049,513.111572265625,466.0,2096574.0,637.1463012695312,655.0,1288947.0,391.4818115234375,391.0,807627.0,False,vLH92_MN_60x-1xzoom_0001_XY25_Dapi-ex_Green-em.tif,289.896728515625,270.0,1184518.0,334.6025695800781,339.0,676901.0,246.05767822265625,246.0,507617.0,367.010772265625,491.04550126953126,245.3810115234375,319.8992,508.8992,244.8992,139.312728515625,184.01856958007812,95.47367822265625,119.416,188.416,95.416,10mM 2DG,1h,yes,MN,2.634438189360866,2.678863803845381,2.6684562454217224,2.70093410326087,2.570143060280752,2.5666471032112015
vLH92_MN_60x-1xzoom_0001_XY25_488.tif,11,2963,1399,1564,0.47215659804252447,341.20196533203125,0.884864896553369,355.7110900878906,341.0,1053972.0,410.59783935546875,399.0,642175.0,294.3509521484375,292.0,411797.0,False,vLH92_MN_60x-1xzoom_0001_XY25_Dapi-ex_Green-em.tif,335.73876953125,324.0,994794.0,372.5262145996094,371.0,582631.0,294.6125793457031,293.0,412163.0,209.61029008789063,264.49703935546876,148.2501521484375,194.8992,252.8992,145.8992,185.15476953125,221.94221459960937,144.02857934570312,173.416,220.416,142.416,10mM 2DG,1h,yes,MN,1.132081504670681,1.1238824560594178,1.1917383082467192,1.1473722415795586,1.0293106605780065,1.0244579260757218
vLH92_MN_60x-1xzoom_0001_XY25_488.tif,12,4226,1908,2318,0.4514907714150497,287.65467834472656,0.7178975816116285,308.5991516113281,286.0,1304140.0,373.3011169433594,331.0,865312.0,229.99371337890625,226.0,438828.0,False,vLH92_MN_60x-1xzoom_0001_XY25_Dapi-ex_Green-em.tif,271.4602355957031,235.0,1147191.0,328.85504150390625,276.0,762286.0,201.732177734375,200.0,384905.0,162.49835161132813,227.20031694335938,83.89291337890626,139.8992,184.8992,79.89920000000001,120.87623559570312,178.27104150390625,51.148177734375,84.416,125.416,49.416,10mM 2DG,1h,yes,MN,1.3443366333382456,1.6572592873388932,1.274465639661285,1.474287172290617,1.640193592322735,1.616869030273596
vLH92_MN_60x-1xzoom_0001_XY25_488.tif,13,5191,2593,2660,0.499518397225968,359.4788513183594,0.352706151625313,400.27838134765625,359.0,2077845.0,524.4657592773438,525.5,1395079.0,270.59466552734375,279.0,701652.0,False,vLH92_MN_60x-1xzoom_0001_XY25_Dapi-ex_Green-em.tif,374.56329345703125,343.0,1944358.0,492.45074462890625,494.0,1309919.0,251.19012451171875,232.0,651336.0,254.17758134765626,378.36495927734376,124.49386552734376,212.8992,379.3992,132.8992,223.97929345703125,341.86674462890625,100.60612451171875,192.416,343.416,81.416,10mM 2DG,1h,yes,MN,1.1348262485541698,1.106452685847331,1.1067615239617883,1.1047802082605354,1.237438238790746,1.6323474501326523
vLH92_MN_60x-1xzoom_0002_XY01_488.tif,1,3249,1600,1649,0.4924592182209911,379.5301513671875,0.526167671272484,420.68450927734375,378.0,1366804.0,507.926025390625,523.0,837570.0,330.771240234375,330.0,529234.0,False,vLH92_MN_60x-1xzoom_0002_XY01_Dapi-ex_Green-em.tif,278.64080810546875,254.0,905304.0,325.3414306640625,323.0,536488.0,230.50999450683594,230.0,368816.0,284.90210927734375,372.143625390625,194.988840234375,242.2176,387.2176,194.2176,138.42640810546874,185.1270306640625,90.29559450683593,113.78559999999999,182.7856,89.78559999999999,6mM 2DG,1h,yes,MN,2.0581485366598073,2.1287192755498063,2.010206851240049,2.1184250838140426,2.15945020683831,2.1631263810677885
vLH92_MN_60x-1xzoom_0002_XY01_488.tif,2,3722,1733,1989,0.4656098871574422,572.4505310058594,0.7877640588557681,616.3065795898438,583.0,2293893.0,772.3318481445312,813.0,1536168.0,437.2331237792969,415.0,757725.0,False,vLH92_MN_60x-1xzoom_0002_XY01_Dapi-ex_Green-em.tif,313.1966552734375,291.0,1165718.0,368.0010070800781,368.0,731954.0,250.29660034179688,246.0,433764.0,480.52417958984375,636.5494481445312,301.4507237792969,447.2176,677.2176,279.2176,172.9822552734375,227.7866070800781,110.08220034179686,150.7856,227.7856,105.78559999999999,6mM 2DG,1h,yes,MN,2.7778813429751326,2.9659171698093187,2.7944990107375056,2.9730483401935857,2.7384147740807805,2.639466997398512
vLH92_MN_60x-1xzoom_0002_XY01_488.tif,3,3236,1647,1589,0.5089616810877626,423.73545837402344,0.6527417228176784,463.94158935546875,433.0,1501315.0,535.4506225585938,552.0,850831.0,394.9508056640625,403.0,650484.0,False,vLH92_MN_60x-1xzoom_0002_XY01_Dapi-ex_Green-em.tif,275.6687316894531,258.0,892064.0,313.40277099609375,309.0,497997.0,239.2635040283203,241.0,394067.0,328.15918935546875,399.66822255859375,259.1684056640625,297.2176,416.2176,267.2176,135.4543316894531,173.18837099609374,99.0491040283203,117.78559999999999,168.7856,100.78559999999999,6mM 2DG,1h,yes,MN,2.4226555567659283,2.523378069984786,2.3077081922989406,2.465954441611133,2.6165648665530643,2.651347017827944
vLH92_MN_60x-1xzoom_0002_XY01_488.tif,4,3620,1816,1805,0.5016574585635359,293.7189483642578,0.42143897098994143,355.80413818359375,289.0,1288011.0,488.5074768066406,340.0,881756.0,223.81497192382812,213.0,406448.0,False,vLH92_MN_60x-1xzoom_0002_XY01_Dapi-ex_Green-em.tif,235.16409301757812,215.0,851294.0,282.41607666015625,256.0,509761.0,188.17291259765625,184.0,341722.0,220.02173818359375,352.72507680664063,88.03257192382813,153.2176,204.2176,77.2176,94.94969301757811,142.20167666015624,47.95851259765624,74.78559999999999,115.78559999999999,43.78559999999999,6mM 2DG,1h,yes,MN,2.317245387437545,2.048758049678013,2.480456525485338,1.7637564602161238,1.8355984611609981,1.7635386976540237
vLH92_MN_60x-1xzoom_0002_XY01_488.tif,5,3844,1763,2081,0.45863683662851196,488.7632751464844,0.6690891821262369,532.7994384765625,500.0,2048081.0,595.7986450195312,619.0,1239857.0,458.436767578125,465.0,808224.0,False,vLH92_MN_60x-1xzoom_0002_XY01_Dapi-ex_Green-em.tif,301.488037109375,275.5,1158920.0,339.43585205078125,327.0,706366.0,256.6954040527344,257.0,452554.0,397.0170384765625,460.01624501953125,322.654367578125,364.2176,483.2176,329.2176,161.273637109375,199.22145205078124,116.48100405273436,135.2856,186.7856,116.78559999999999,6mM 2DG,1h,yes,MN,2.4617603074661703,2.692212622777295,2.3090698330131327,2.587017414618686,2.7700170530127806,2.8189913824992128
vLH92_MN_60x-1xzoom_0002_XY01_488.tif,6,3445,1673,1773,0.48563134978229316,308.4308776855469,0.6900167557794418,326.3140869140625,314.0,1124152.0,360.2351989746094,358.0,638697.0,290.3341369628906,291.0,485729.0,False,vLH92_MN_60x-1xzoom_0002_XY01_Dapi-ex_Green-em.tif,276.4702453613281,264.0,952440.0,308.4551696777344,299.0,546891.0,242.54034423828125,242.0,405770.0,190.5316869140625,224.45279897460938,154.55173696289063,178.2176,222.2176,155.2176,136.2558453613281,168.24076967773436,102.32594423828124,123.78559999999999,158.7856,101.78559999999999,6mM 2DG,1h,yes,MN,1.398337711008315,1.439728045911641,1.3341165723656003,1.3994820689029737,1.5103866190864932,1.524946554325956
vLH92_MN_60x-1xzoom_0002_XY01_488.tif,7,4185,2061,2125,0.4924731182795699,1364.2613525390625,0.1639234859134711,1489.134765625,1377.0,6232029.0,1821.4244384765625,1877.0,3870527.0,1145.9791259765625,1257.0,2361863.0,False,vLH92_MN_60x-1xzoom_0002_XY01_Dapi-ex_Green-em.tif,528.2219848632812,487.0,2210609.0,629.3985595703125,639.0,1337472.0,423.75787353515625,441.0,873365.0,1353.352365625,1685.6420384765624,1010.1967259765624,1241.2176,1741.2176,1121.2176,388.00758486328124,489.1841595703125,283.54347353515624,346.7856,498.7856,300.7856,6mM 2DG,1h,yes,MN,3.487953376225541,3.5792074411394244,3.4458230208377754,3.4909139317574525,3.562757814107505,3.7276305780595878
vLH92_MN_60x-1xzoom_0002_XY01_488.tif,8,2544,1250,1294,0.4913522012578616,284.3793640136719,0.8320809298103368,298.29913330078125,280.0,758873.0,355.5942687988281,359.0,460139.0,238.98719787597656,237.0,298734.0,False,vLH92_MN_60x-1xzoom_0002_XY01_Dapi-ex_Green-em.tif,316.3600769042969,286.0,804820.0,380.1862487792969,371.0,491961.0,250.28720092773438,249.0,312859.0,162.51673330078125,219.81186879882813,103.20479787597657,144.2176,223.2176,101.2176,176.14567690429686,239.97184877929686,110.07280092773436,145.7856,230.7856,108.78559999999999,6mM 2DG,1h,yes,MN,0.9226268629293669,0.9892444795645113,0.915990229341401,0.9672076594033597,0.937604903356036,0.9304319689370654
vLH92_MN_60x-1xzoom_0002_XY01_488.tif,9,2425,1218,1208,0.5022680412371134,241.5450439453125,0.7111049526216565,251.70721435546875,242.0,610390.0,284.3476867675781,286.0,343492.0,219.3103485107422,218.0,267120.0,False,vLH92_MN_60x-1xzoom_0002_XY01_Dapi-ex_Green-em.tif,223.52000427246094,211.0,542036.0,250.93128967285156,249.0,303125.0,196.31198120117188,196.0,239108.0,115.92481435546875,148.56528676757813,83.52794851074219,106.2176,150.2176,82.2176,83.30560427246093,110.71688967285155,56.09758120117186,70.78559999999999,108.78559999999999,55.78559999999999,6mM 2DG,1h,yes,MN,1.391560812359308,1.5005537849506116,1.3418484497402499,1.380859231368858,1.4889759366130624,1.473814030861011
vLH92_MN_60x-1xzoom_0002_XY01_488.tif,10,686,385,301,0.5612244897959183,302.9433898925781,0.5262524745711935,301.66326904296875,303.0,206941.0,311.1096496582031,311.0,93644.0,294.2779235839844,295.0,113297.0,False,vLH92_MN_60x-1xzoom_0002_XY01_Dapi-ex_Green-em.tif,232.46356201171875,232.0,159470.0,233.65780639648438,234.0,70331.0,231.52987670898438,231.0,89139.0,165.88086904296875,175.32724965820313,158.49552358398438,167.2176,175.2176,159.2176,92.24916201171874,93.44340639648436,91.31547670898436,91.78559999999999,93.78559999999999,90.78559999999999,6mM 2DG,1h,yes,MN,1.798182936576663,1.8218282606421925,1.8762934317086228,1.8682782857922755,1.7356917939452676,1.753775929222256
vLH92_MN_60x-1xzoom_0002_XY01_488.tif,11,4282,1889,2393,0.44114899579635686,537.9280090332031,0.4076168467228829,543.2498779296875,547.0,2326196.0,645.5081787109375,659.0,1544701.0,413.70831298828125,412.0,781495.0,False,vLH92_MN_60x-1xzoom_0002_XY01_Dapi-ex_Green-em.tif,284.6361389160156,278.5,1218812.0,322.4350280761719,322.0,771587.0,236.7522430419922,235.0,447225.0,407.4674779296875,509.7257787109375,277.92591298828125,411.2176,523.2176,276.2176,144.4217389160156,182.22062807617186,96.53784304199218,138.2856,181.7856,94.78559999999999,6mM 2DG,1h,yes,MN,2.8213721908350564,2.973683449325165,2.797300086672196,2.8782125756935644,2.8789322842793226,2.9141304164345643
vLH92_MN_60x-1xzoom_0002_XY02_488.tif,1,3337,1660,1677,0.4974528019178903,352.2934875488281,0.7730670380319322,454.5837707519531,357.0,1516946.0,601.0220336914062,524.0,1007914.0,306.6457824707031,305.0,509032.0,False,vLH92_MN_60x-1xzoom_0002_XY02_Dapi-ex_Green-em.tif,294.33563232421875,249.0,982198.0,362.0465087890625,339.0,607152.0,225.9313201904297,225.0,375046.0,307.17737075195316,453.6156336914063,159.23938247070313,209.5936,376.59360000000004,157.5936,144.30843232421876,212.0193087890625,75.9041201904297,98.9728,188.9728,74.9728,6mM 2DG,1h,yes,MN,2.1286169200550638,2.1176889003847523,2.1395015212633646,1.9928455312087243,2.0979016958657892,2.102010329079346
vLH92_MN_60x-1xzoom_0002_XY02_488.tif,2,2841,1402,1439,0.4934882083773319,404.1506652832031,0.5683381345647582,458.99578857421875,409.0,1304007.0,534.045166015625,507.0,768491.0,381.96575927734375,383.0,535516.0,False,vLH92_MN_60x-1xzoom_0002_XY02_Dapi-ex_Green-em.tif,292.1154479980469,270.0,829900.0,327.65948486328125,307.0,471502.0,255.6333770751953,255.0,358398.0,311.5893885742188,386.63876601562504,234.55935927734376,261.59360000000004,359.59360000000004,235.5936,142.08824799804688,177.63228486328126,105.60617707519532,119.9728,156.9728,104.9728,6mM 2DG,1h,yes,MN,2.1929286409281494,2.1804408999373193,2.1766244031213717,2.290801973335508,2.2210761318471857,2.244329959761005
vLH92_MN_60x-1xzoom_0002_XY02_488.tif,3,2193,1052,1141,0.4797081623347013,285.81658935546875,0.8265403230719863,282.77154541015625,282.0,620118.0,305.54339599609375,304.0,348625.0,258.07318115234375,257.0,271493.0,False,vLH92_MN_60x-1xzoom_0002_XY02_Dapi-ex_Green-em.tif,261.8873596191406,256.0,574319.0,282.97808837890625,279.0,322878.0,239.01235961914062,238.0,251441.0,135.36514541015626,158.13699599609376,110.66678115234376,134.5936,156.5936,109.59360000000001,111.86015961914063,132.95088837890626,88.98515961914063,105.9728,128.9728,87.9728,6mM 2DG,1h,yes,MN,1.2101283054757384,1.2700768499086559,1.1894391825755073,1.2141598848749504,1.2436543534450146,1.2457668733972318
vLH92_MN_60x-1xzoom_0002_XY02_488.tif,4,9108,4349,4759,0.47749231444883616,469.92431640625,0.5841705840618258,493.5806884765625,470.0,4495533.0,612.3593139648438,612.0,2914218.0,363.6042785644531,371.0,1581315.0,False,vLH92_MN_60x-1xzoom_0002_XY02_Dapi-ex_Green-em.tif,332.6498718261719,326.0,3029775.0,357.4276123046875,352.0,1700998.0,305.5362243652344,298.0,1328777.0,346.17428847656254,464.9529139648438,216.19787856445313,322.59360000000004,464.59360000000004,223.5936,182.62267182617188,207.4004123046875,155.50902436523438,175.9728,201.9728,147.9728,6mM 2DG,1h,yes,MN,1.8955712618533263,1.8332014947764657,2.241812872010068,2.300278057243352,1.3902593720650103,1.511045273185342
vLH92_MN_60x-1xzoom_0002_XY02_488.tif,5,4634,1798,2837,0.38800172637030644,1095.9148559570312,0.2989577641092912,1285.5634765625,1105.0,5957301.0,1466.668701171875,1564.0,4160939.0,999.4533081054688,1016.0,1797017.0,False,vLH92_MN_60x-1xzoom_0002_XY02_Dapi-ex_Green-em.tif,446.3845520019531,390.0,2068546.0,502.41522216796875,502.0,1425352.0,357.8737487792969,361.0,643457.0,1138.1570765625,1319.262301171875,852.0469081054688,957.5936,1416.5936,868.5936,296.35735200195313,352.38802216796876,207.84654877929688,239.9728,351.9728,210.9728,6mM 2DG,1h,yes,MN,3.8404887507396777,3.9904255815659107,3.743777365233593,4.024724637812922,4.099403685601823,4.117088079600783
vLH92_MN_60x-1xzoom_0002_XY02_488.tif,6,2723,1353,1370,0.49687844289386707,410.71923828125,0.7081184266565707,446.19207763671875,409.0,1214981.0,555.06494140625,566.5,760439.0,335.95123291015625,331.0,454542.0,False,vLH92_MN_60x-1xzoom_0002_XY02_Dapi-ex_Green-em.tif,264.93902587890625,244.0,721429.0,310.503662109375,297.0,425390.0,218.8019256591797,217.0,296039.0,298.7856776367188,407.65854140625004,188.54483291015626,261.59360000000004,419.09360000000004,183.5936,114.91182587890626,160.476462109375,68.7747256591797,93.9728,146.9728,66.9728,6mM 2DG,1h,yes,MN,2.600129928764497,2.783716139138134,2.540301151008704,2.8515044960700213,2.7414843331329273,2.741315877490563
vLH92_MN_60x-1xzoom_0002_XY02_488.tif,7,2463,1227,1236,0.4981729598051157,279.654052734375,0.8709630003623566,286.783203125,277.0,706347.0,330.77911376953125,323.0,408843.0,242.4645538330078,241.0,297504.0,False,vLH92_MN_60x-1xzoom_0002_XY02_Dapi-ex_Green-em.tif,218.29354858398438,204.0,537657.0,245.36326599121094,229.0,303269.0,191.0252685546875,191.0,234388.0,139.376803125,183.37271376953126,95.05815383300782,129.5936,175.5936,93.59360000000001,68.26634858398438,95.33606599121094,40.99806855468751,53.97280000000001,78.9728,40.97280000000001,6mM 2DG,1h,yes,MN,2.041661902475014,2.4010909198707497,1.9234348707700655,2.223469346407877,2.3186007825273363,2.2842861605748204
vLH92_MN_60x-1xzoom_0002_XY02_488.tif,8,3338,1597,1741,0.4784301977231875,535.3642883300781,0.7397266577211118,542.2271118164062,535.0,1809954.0,659.4129638671875,671.0,1148038.0,414.4746398925781,403.0,661916.0,False,vLH92_MN_60x-1xzoom_0002_XY02_Dapi-ex_Green-em.tif,287.447265625,278.0,959499.0,330.66400146484375,325.0,575686.0,240.33375549316406,238.0,383813.0,394.8207118164063,512.0065638671875,267.06823989257816,387.59360000000004,523.5936,255.5936,137.420065625,180.63680146484376,90.30655549316407,127.9728,174.9728,87.9728,6mM 2DG,1h,yes,MN,2.873093605513305,3.0287186027030746,2.834453221686591,2.9924285374641086,2.9573516389161183,2.905370750959387
vLH92_MN_60x-1xzoom_0002_XY02_488.tif,9,5419,2403,3017,0.44343974903118655,689.506103515625,0.5071758387439539,730.2548217773438,694.0,3957251.0,848.931396484375,891.0,2561226.0,581.1015625,581.0,1396387.0,False,vLH92_MN_60x-1xzoom_0002_XY02_Dapi-ex_Green-em.tif,312.61578369140625,300.0,1694065.0,351.7822265625,359.0,1061327.0,263.4340515136719,261.0,633032.0,582.8484217773438,701.524996484375,433.69516250000004,546.5936,743.5936,433.59360000000004,162.58858369140626,201.7550265625,113.40685151367188,149.9728,208.9728,110.9728,6mM 2DG,1h,yes,MN,3.5848053322341027,3.644618224104638,3.4771128553124573,3.5583272081342643,3.8242412756491655,3.9072060901410075
vLH92_MN_60x-1xzoom_0002_XY02_488.tif,10,3285,1655,1630,0.5038051750380518,440.3602294921875,0.6331568427601295,464.1771545410156,438.0,1524822.0,525.709228515625,495.0,856906.0,403.5746154785156,402.0,667916.0,False,vLH92_MN_60x-1xzoom_0002_XY02_Dapi-ex_Green-em.tif,291.63470458984375,282.0,958020.0,311.8036804199219,307.0,508240.0,271.7703857421875,265.0,449780.0,316.77075454101566,378.30282851562504,256.16821547851566,290.59360000000004,347.59360000000004,254.5936,141.60750458984376,161.77648041992188,121.7431857421875,131.9728,156.9728,114.9728,6mM 2DG,1h,yes,MN,2.2369630441445882,2.201920395717906,2.338429093856335,2.2143556081053535,2.104168819937049,2.214381140582816
vLH92_MN_60x-1xzoom_0002_XY02_488.tif,11,7278,2137,5159,0.293624622148942,837.35009765625,0.7227951157998685,954.7728881835938,845.0,6948837.0,1113.229248046875,1070.0,5743150.0,569.117431640625,533.0,1216204.0,False,vLH92_MN_60x-1xzoom_0002_XY02_Dapi-ex_Green-em.tif,376.2191467285156,346.0,2738123.0,418.81256103515625,406.0,2160654.0,272.4693603515625,267.0,582267.0,807.3664881835938,965.822848046875,421.71103164062504,697.5936,922.5936,385.59360000000004,226.19194672851563,268.78536103515626,122.4421603515625,195.9728,255.9728,116.9728,6mM 2DG,1h,yes,MN,3.5693865314870226,3.5596450119608436,3.593286644507952,3.6042642030715766,3.444165232218916,3.2964381463040984
vLH92_MN_60x-1xzoom_0002_XY02_488.tif,12,1284,651,634,0.5070093457943925,636.9474182128906,0.2497226531199487,605.6604614257812,630.0,777668.0,657.1908569335938,658.0,416659.0,555.4976806640625,575.0,361629.0,False,vLH92_MN_60x-1xzoom_0002_XY02_Dapi-ex_Green-em.tif,324.9735107421875,322.0,417266.0,341.0441589355469,335.0,216222.0,309.2764892578125,303.0,201339.0,458.2540614257813,509.7844569335938,408.09128066406254,482.59360000000004,510.59360000000004,427.59360000000004,174.9463107421875,191.01695893554688,159.2492892578125,171.9728,184.9728,152.9728,6mM 2DG,1h,yes,MN,2.619398256994941,2.806220518593638,2.6687916076896907,2.760371254584458,2.562594047144498,2.7952263408919755
vLH92_MN_60x-1xzoom_0002_XY02_488.tif,13,1648,0,1648,0.0,497.6572723388672,,483.4205017089844,491.0,796677.0,483.4205017089844,491.0,796677.0,,,,True,vLH92_MN_60x-1xzoom_0002_XY02_Dapi-ex_Green-em.tif,195.0958709716797,195.0,321518.0,195.0958709716797,195.0,321518.0,,,,336.0141017089844,336.0141017089844,,343.59360000000004,343.59360000000004,,45.068670971679694,45.068670971679694,,44.97280000000001,44.97280000000001,,6mM 2DG,1h,yes,MN,7.455602627380101,7.640031307812722,7.455602627380101,7.640031307812722,,
vLH92_MN_60x-1xzoom_0002_XY03_488.tif,1,4662,2409,2254,0.5167310167310167,721.2879028320312,0.08876165068847237,765.403076171875,731.0,3568309.0,957.4605102539062,973.5,2158116.0,585.4707641601562,649.0,1410399.0,False,vLH92_MN_60x-1xzoom_0002_XY03_Dapi-ex_Green-em.tif,364.00408935546875,349.0,1696987.0,427.7803955078125,424.5,964217.0,304.2851867675781,313.0,733023.0,620.884676171875,812.9421102539062,440.9523641601562,586.4816,828.9816,504.48159999999996,216.99448935546877,280.7707955078125,157.27558676757815,201.99040000000002,277.4904,165.99040000000002,6mM 2DG,1h,yes,MN,2.861292367451668,2.903512246126548,2.8953941195471873,2.987424429818112,2.8036923798719986,3.0392215453423805
vLH92_MN_60x-1xzoom_0002_XY03_488.tif,2,4204,1933,2271,0.45980019029495717,319.6101379394531,0.4016994295107563,330.66864013671875,320.0,1390131.0,375.7252197265625,383.0,853272.0,277.73358154296875,274.0,536859.0,False,vLH92_MN_60x-1xzoom_0002_XY03_Dapi-ex_Green-em.tif,309.064453125,292.0,1299307.0,349.343017578125,361.0,793358.0,261.7428894042969,263.0,505949.0,186.15024013671874,231.2068197265625,133.21518154296874,175.4816,238.4816,129.4816,162.05485312500002,202.33341757812502,114.7332894042969,144.99040000000002,213.99040000000002,115.99040000000002,6mM 2DG,1h,yes,MN,1.1486866116445946,1.2102980611130114,1.1427020928823528,1.1144499940184232,1.1610856991430394,1.1163130741854494
vLH92_MN_60x-1xzoom_0002_XY03_488.tif,3,4339,2208,2132,0.5088730122147961,541.4241333007812,0.6341236478287939,588.1887817382812,543.0,2552151.0,684.28564453125,649.0,1458897.0,495.2708435058594,499.0,1093558.0,False,vLH92_MN_60x-1xzoom_0002_XY03_Dapi-ex_Green-em.tif,321.4300537109375,297.0,1394685.0,369.3245849609375,345.0,787400.0,275.1576232910156,274.0,607548.0,443.6703817382812,539.76724453125,350.75244350585933,398.48159999999996,504.48159999999996,354.48159999999996,174.42045371093752,222.31498496093752,128.14802329101565,149.99040000000002,197.99040000000002,126.99040000000002,6mM 2DG,1h,yes,MN,2.5436832223448094,2.6567140296979,2.427939100128996,2.5480104085854665,2.7370882086048556,2.7914047046075914
vLH92_MN_60x-1xzoom_0002_XY03_488.tif,4,6201,2678,3523,0.43186582809224316,486.8060607910156,0.25828618064809605,521.1398315429688,487.0,3231588.0,569.3093872070312,525.0,2005677.0,457.7710876464844,457.0,1225911.0,False,vLH92_MN_60x-1xzoom_0002_XY03_Dapi-ex_Green-em.tif,402.52764892578125,400.0,2496074.0,400.9068908691406,405.0,1412395.0,404.6598205566406,398.0,1083679.0,376.6214315429687,424.7909872070312,313.25268764648433,342.48159999999996,380.48159999999996,312.48159999999996,255.51804892578127,253.89729086914065,257.65022055664065,252.99040000000002,257.9904,250.99040000000002,6mM 2DG,1h,yes,MN,1.47395236119842,1.3537335804046318,1.673082000020117,1.4747897596189623,1.2158060139429234,1.2449942308550443
vLH92_MN_60x-1xzoom_0002_XY03_488.tif,5,2996,1487,1509,0.496328437917223,345.0665588378906,0.7024851018200127,373.6285095214844,343.0,1119391.0,437.5274963378906,438.0,660229.0,308.78411865234375,309.0,459162.0,False,vLH92_MN_60x-1xzoom_0002_XY03_Dapi-ex_Green-em.tif,274.2286376953125,257.0,821589.0,309.3512268066406,304.0,466811.0,238.58641052246094,238.0,354778.0,229.11010952148436,293.0090963378906,164.26571865234374,198.4816,293.48159999999996,164.4816,127.21903769531252,162.34162680664065,91.57681052246096,109.99040000000002,156.99040000000002,90.99040000000002,6mM 2DG,1h,yes,MN,1.8009105686697557,1.804535668567438,1.8048919559422878,1.8694238628604036,1.7937479774102247,1.807680810283282
vLH92_MN_60x-1xzoom_0002_XY03_488.tif,6,4041,2051,1990,0.5075476367235833,701.3076171875,0.31908211384347507,738.5845336914062,695.0,2984620.0,923.7115478515625,948.0,1838186.0,558.9634399414062,550.0,1146434.0,False,vLH92_MN_60x-1xzoom_0002_XY03_Dapi-ex_Green-em.tif,393.817138671875,386.0,1591415.0,466.14471435546875,463.0,927628.0,323.6406555175781,318.0,663787.0,594.0661336914062,779.1931478515625,414.4450399414062,550.4816,803.4816,405.48159999999996,246.80753867187502,319.1351143554688,176.63105551757815,238.99040000000002,315.9904,170.99040000000002,6mM 2DG,1h,yes,MN,2.407001572513567,2.3033628128995973,2.441577603972648,2.542740538953082,2.3463882878747846,2.371370556475685
vLH92_MN_60x-1xzoom_0002_XY03_488.tif,7,3786,1546,2240,0.40834653988378233,910.4874877929688,0.5515049394166451,1026.8883056640625,917.0,3887799.0,1177.291015625,1227.5,2637132.0,808.9696044921875,848.0,1250667.0,False,vLH92_MN_60x-1xzoom_0002_XY03_Dapi-ex_Green-em.tif,444.3016357421875,406.0,1682126.0,506.9200744628906,516.0,1135501.0,353.57373046875,360.0,546625.0,882.3699056640625,1032.772615625,664.4512044921875,772.4816,1082.9816,703.4816,297.2920357421875,359.91047446289065,206.56413046875002,258.9904,368.9904,212.99040000000002,6mM 2DG,1h,yes,MN,2.96802402883492,2.9826649945326156,2.8695264208863316,2.934985842450102,3.216682407465263,3.3028793786011006
vLH92_MN_60x-1xzoom_0002_XY03_488.tif,8,4872,2285,2587,0.4690065681444992,552.8544311523438,0.6477094299683099,528.6605224609375,540.5,2575634.0,684.4522705078125,639.0,1770678.0,352.2783508300781,313.0,804956.0,False,vLH92_MN_60x-1xzoom_0002_XY03_Dapi-ex_Green-em.tif,306.7469177246094,304.0,1494471.0,358.9783630371094,344.0,928677.0,247.6122589111328,222.0,565794.0,384.14212246093746,539.9338705078125,207.7599508300781,395.98159999999996,494.48159999999996,168.4816,159.7373177246094,211.9687630371094,100.60265891113283,156.99040000000002,196.99040000000002,74.99040000000002,6mM 2DG,1h,yes,MN,2.404836439805549,2.5223300278233567,2.5472331997016284,2.510181206799925,2.065153675645914,2.246708912074078
vLH92_MN_60x-1xzoom_0002_XY03_488.tif,9,4057,1177,2880,0.29011584914961797,868.9464721679688,0.6452855829382107,909.05126953125,872.0,3688021.0,957.801025390625,985.0,2758467.0,789.7655029296875,816.0,929554.0,False,vLH92_MN_60x-1xzoom_0002_XY03_Dapi-ex_Green-em.tif,338.8720703125,329.0,1374804.0,351.7361145019531,351.0,1013000.0,307.39508056640625,313.0,361804.0,764.53286953125,813.282625390625,645.2471029296875,727.4816,840.4816,671.4816,191.86247031250002,204.72651450195315,160.38548056640627,181.99040000000002,203.99040000000002,165.99040000000002,6mM 2DG,1h,yes,MN,3.984796340243097,3.9973624982416647,3.9725319769602487,4.120201734983606,4.023101721246695,4.045303824799506
vLH92_MN_60x-1xzoom_0002_XY03_488.tif,10,3265,1486,1779,0.4551301684532925,809.8599243164062,0.6177813116732054,982.4808349609375,812.0,3207800.0,1235.0067138671875,1338.0,2197077.0,680.1635131835938,689.0,1010723.0,False,vLH92_MN_60x-1xzoom_0002_XY03_Dapi-ex_Green-em.tif,372.7356872558594,311.0,1216982.0,454.3799743652344,458.0,808342.0,274.9932556152344,276.0,408640.0,837.9624349609375,1090.4883138671876,535.6451131835937,667.4816,1193.4816,544.4816,225.7260872558594,307.3703743652344,127.9836556152344,163.99040000000002,310.9904,128.99040000000002,6mM 2DG,1h,yes,MN,3.712297701820841,4.070248014517922,3.5477990229839436,3.8376798769351077,4.185261864952026,4.221101725399719
vLH92_MN_60x-1xzoom_0002_XY03_488.tif,11,3742,1869,1873,0.4994655264564404,299.8385314941406,0.6903321658260415,340.1648864746094,307.0,1272897.0,400.3139343261719,403.0,749788.0,279.8871154785156,281.0,523109.0,False,vLH92_MN_60x-1xzoom_0002_XY03_Dapi-ex_Green-em.tif,214.5005340576172,202.0,802661.0,239.77842712402344,236.0,449105.0,189.1685333251953,189.0,353556.0,195.64648647460936,255.79553432617186,135.3687154785156,162.4816,258.48159999999996,136.4816,67.49093405761721,92.76882712402346,42.158933325195335,54.99040000000002,88.99040000000002,41.99040000000002,6mM 2DG,1h,yes,MN,2.8988558123611887,2.954726643195902,2.7573436277705285,2.9046009457199866,3.210914148001357,3.2503048315805496
vLH92_MN_60x-1xzoom_0002_XY04_488.tif,1,5552,1433,4119,0.25810518731988474,1105.3201293945312,0.7158037618750853,1182.0760498046875,1109.5,6562886.0,1246.87841796875,1292.0,5135892.0,995.8087768554688,1003.0,1426994.0,False,vLH92_MN_60x-1xzoom_0002_XY04_Dapi-ex_Green-em.tif,479.5174560546875,450.0,2662281.0,507.4319152832031,523.0,2090112.0,399.280517578125,398.0,572169.0,1036.9560498046876,1101.75841796875,850.6887768554687,964.38,1146.88,857.88,331.7990560546875,359.71351528320315,251.562117578125,302.2816,375.2816,250.2816,6mM 2DG,1h,yes,MN,3.125253164173485,3.1903364280194357,3.062877459862284,3.0560517755200363,3.38162512323136,3.4276590848068738
vLH92_MN_60x-1xzoom_0002_XY04_488.tif,2,5597,3072,2526,0.5488654636412363,979.2449340820312,0.1629025962205326,1008.0716552734375,988.0,5642177.0,1228.0379638671875,1257.0,3102024.0,827.0979614257812,888.0,2540845.0,False,vLH92_MN_60x-1xzoom_0002_XY04_Dapi-ex_Green-em.tif,441.95086669921875,432.0,2473599.0,515.0641479492188,516.0,1301052.0,381.7763671875,393.0,1172817.0,862.9516552734375,1082.9179638671876,681.9779614257812,842.88,1111.88,742.88,294.2324666992188,367.3457479492188,234.0579671875,284.2816,368.2816,245.2816,6mM 2DG,1h,yes,MN,2.93289066619421,2.9649474324050518,2.9479529024435265,3.019102773529821,2.9137139385623216,3.0286821351458895
vLH92_MN_60x-1xzoom_0002_XY04_488.tif,3,3553,2048,1505,0.5764142977765269,782.1577758789062,0.3369056493864405,895.941162109375,790.0,3183279.0,1173.317626953125,1210.0,1765843.0,692.107421875,730.0,1417436.0,False,vLH92_MN_60x-1xzoom_0002_XY04_Dapi-ex_Green-em.tif,378.3487243652344,338.0,1344273.0,468.3162841796875,480.0,704816.0,312.23486328125,315.0,639457.0,750.821162109375,1028.197626953125,546.987421875,644.88,1064.88,584.88,230.63032436523437,320.5978841796875,164.51646328125,190.2816,332.2816,167.2816,6mM 2DG,1h,yes,MN,3.2555179557409284,3.3890822864638515,3.207125429364483,3.204751632350392,3.3248187504486695,3.496379757247659
vLH92_MN_60x-1xzoom_0002_XY04_488.tif,4,3663,1705,1958,0.46546546546546547,674.3161010742188,0.179343072201472,750.6549072265625,675.0,2749649.0,950.8396606445312,942.0,1861744.0,520.765380859375,533.0,887905.0,False,vLH92_MN_60x-1xzoom_0002_XY04_Dapi-ex_Green-em.tif,329.9309387207031,310.0,1208537.0,385.3907165527344,372.0,754595.0,266.24163818359375,268.0,453942.0,605.5349072265625,805.7196606445312,375.645380859375,529.88,796.88,387.88,182.21253872070312,237.67231655273437,118.52323818359375,162.2816,224.2816,120.2816,6mM 2DG,1h,yes,MN,3.3232340182402673,3.2651884132273774,3.3900442101583983,3.5530333295285925,3.1693816893316424,3.2247658827285304
vLH92_MN_60x-1xzoom_0002_XY04_488.tif,5,2681,1483,1199,0.5531518090264826,895.6785888671875,0.3028843598158407,939.1328125,899.0,2517815.0,1183.941650390625,1231.0,1419546.0,740.88671875,808.0,1098735.0,False,vLH92_MN_60x-1xzoom_0002_XY04_Dapi-ex_Green-em.tif,395.5718078613281,373.0,1060528.0,476.33526611328125,488.0,571126.0,330.1753234863281,339.0,489650.0,794.0128125,1038.821650390625,595.76671875,753.88,1085.88,662.88,247.85340786132812,328.6168661132813,182.45692348632812,225.2816,340.2816,191.2816,6mM 2DG,1h,yes,MN,3.203558181230429,3.3463895853012406,3.1611939541548697,3.1911217062574058,3.265245885802969,3.4654666209400173
vLH92_MN_60x-1xzoom_0002_XY04_488.tif,6,3520,1825,1695,0.5184659090909091,636.3385009765625,0.6937025580277111,703.5610961914062,628.5,2476535.0,932.723876953125,940.0,1580967.0,490.7221984863281,481.0,895568.0,False,vLH92_MN_60x-1xzoom_0002_XY04_Dapi-ex_Green-em.tif,382.9789733886719,338.0,1348086.0,490.5474853515625,461.0,831478.0,283.0728759765625,279.0,516608.0,558.4410961914062,787.603876953125,345.6021984863281,483.38,794.88,335.88,235.26057338867187,342.8290853515625,135.3544759765625,190.2816,313.2816,131.2816,6mM 2DG,1h,yes,MN,2.3737130627018015,2.54034021156013,2.297365977992962,2.53726998329937,2.553311931451542,2.5584697322397045
vLH92_MN_60x-1xzoom_0002_XY04_488.tif,7,3058,1713,1346,0.5601700457815566,643.866943359375,0.4876222406041516,691.5451049804688,649.0,2114745.0,837.8372802734375,847.0,1127729.0,576.3601684570312,600.0,987305.0,False,vLH92_MN_60x-1xzoom_0002_XY04_Dapi-ex_Green-em.tif,395.0255126953125,385.0,1207988.0,451.9717712402344,452.0,608354.0,350.1873779296875,362.0,599871.0,546.4251049804687,692.7172802734375,431.24016845703125,503.88,701.88,454.88,247.3071126953125,304.2533712402344,202.4689779296875,237.2816,304.2816,214.2816,6mM 2DG,1h,yes,MN,2.2095001596402764,2.123552774424987,2.27677766543621,2.306679076224129,2.1299073708308556,2.1228140913638875
vLH92_MN_60x-1xzoom_0002_XY04_488.tif,8,3028,1818,1210,0.6003963011889035,603.955810546875,0.5006224251786885,656.1978149414062,607.0,1986967.0,788.4776611328125,728.0,954058.0,568.15673828125,574.0,1032909.0,False,vLH92_MN_60x-1xzoom_0002_XY04_Dapi-ex_Green-em.tif,415.8193664550781,393.0,1259101.0,502.6479187011719,477.0,608204.0,358.0291442871094,372.0,650897.0,511.07781494140625,643.3576611328125,423.03673828125,461.88,582.88,428.88,268.10096645507815,354.9295187011719,210.31074428710937,245.2816,329.2816,224.2816,6mM 2DG,1h,yes,MN,1.9062885960429399,1.8830601235477915,1.8126349802831665,1.7701566075966588,2.011484195518485,1.9122388996689876
vLH92_MN_60x-1xzoom_0002_XY05_488.tif,1,4673,2758,1916,0.5901990156216563,1040.772705078125,0.12147503893366746,1044.5540771484375,1043.0,4881201.0,1312.708740234375,1347.0,2515150.0,857.9876708984375,932.0,2366330.0,False,vLH92_MN_60x-1xzoom_0002_XY05_Dapi-ex_Green-em.tif,406.0233154296875,395.0,1897347.0,489.0391540527344,495.0,936999.0,348.2788391113281,362.0,960553.0,896.6948771484375,1164.8495402343751,710.1284708984375,895.1408,1199.1408000000001,784.1408,254.9337154296875,337.94955405273436,197.18923911132813,243.9104,343.9104,210.9104,6mM 2DG,1h,yes,MN,3.5173648006387457,3.6699574925874416,3.4468148463738157,3.486782603841001,3.6012536693116233,3.7178858889841373
vLH92_MN_60x-1xzoom_0002_XY05_488.tif,2,4247,1897,2350,0.44666823640216624,519.80859375,0.8023544513822621,518.3173828125,517.0,2201294.0,615.650634765625,624.0,1446779.0,397.7411804199219,393.0,754515.0,False,vLH92_MN_60x-1xzoom_0002_XY05_Dapi-ex_Green-em.tif,304.9875183105469,301.0,1295282.0,342.78680419921875,341.0,805549.0,258.1618347167969,255.0,489733.0,370.4581828125,467.791434765625,249.8819804199219,369.1408,476.1408,245.1408,153.89791831054688,191.69720419921876,107.07223471679688,149.9104,189.9104,103.91040000000001,6mM 2DG,1h,yes,MN,2.407168250742427,2.462409545968792,2.4402621661580364,2.5071865469189683,2.333770104648071,2.3591555801921653
vLH92_MN_60x-1xzoom_0002_XY05_488.tif,3,4679,2146,2533,0.45864500961743965,918.128173828125,0.2530754436009771,903.7595825195312,921.0,4228691.0,981.5416259765625,1003.0,2486245.0,811.9506225585938,812.0,1742446.0,False,vLH92_MN_60x-1xzoom_0002_XY05_Dapi-ex_Green-em.tif,385.81170654296875,383.0,1805213.0,413.532958984375,414.0,1047479.0,353.0913391113281,344.0,757734.0,755.9003825195313,833.6824259765625,664.0914225585938,773.1408,855.1408,664.1408,234.72210654296876,262.443358984375,202.00173911132813,231.9104,262.9104,192.9104,6mM 2DG,1h,yes,MN,3.2204055836604994,3.333790981344519,3.1766184871387706,3.2525940396424033,3.2875529957323617,3.4427423301180236
vLH92_MN_60x-1xzoom_0002_XY05_488.tif,4,4830,2328,2502,0.48198757763975153,684.0973510742188,0.40013397085642954,775.0795288085938,686.0,3743634.0,916.2781982421875,882.0,2292528.0,623.3273315429688,625.0,1451106.0,False,vLH92_MN_60x-1xzoom_0002_XY05_Dapi-ex_Green-em.tif,375.3085021972656,347.0,1812740.0,420.09832763671875,404.0,1051086.0,327.17095947265625,323.0,761654.0,627.2203288085938,768.4189982421875,475.46813154296876,538.1408,734.1408,477.1408,224.21890219726563,269.00872763671873,176.08135947265626,195.9104,252.9104,171.9104,6mM 2DG,1h,yes,MN,2.797357058936857,2.746872039462938,2.856483523760963,2.9027703091687806,2.7002752191767603,2.775520271024906
vLH92_MN_60x-1xzoom_0002_XY05_488.tif,5,2708,1371,1337,0.5062776957163959,277.4740905761719,0.7775587660437915,299.4959411621094,280.0,811035.0,338.0179443359375,313.0,451930.0,261.92926025390625,262.0,359105.0,False,vLH92_MN_60x-1xzoom_0002_XY05_Dapi-ex_Green-em.tif,233.52288818359375,221.0,632380.0,259.9192199707031,250.0,347512.0,207.78118896484375,207.0,284868.0,151.6367411621094,190.1587443359375,114.07006025390626,132.1408,165.1408,114.14080000000001,82.43328818359376,108.82961997070313,56.69158896484376,69.91040000000001,98.91040000000001,55.91040000000001,6mM 2DG,1h,yes,MN,1.8395085832847902,1.8901451000137317,1.7473068856358052,1.6695999611769843,2.0121161240452214,2.041494963369963
vLH92_MN_60x-1xzoom_0002_XY05_488.tif,6,1759,904,856,0.5139283683911313,497.9730529785156,0.5532320648114035,577.1029052734375,500.0,1015124.0,702.2955322265625,659.5,601165.0,458.5840759277344,459.0,414560.0,False,vLH92_MN_60x-1xzoom_0002_XY05_Dapi-ex_Green-em.tif,300.20806884765625,271.0,528066.0,348.9462585449219,315.0,298698.0,254.00221252441406,254.0,229618.0,429.2437052734375,554.4363322265625,310.7248759277344,352.1408,511.6408,311.1408,149.11846884765626,197.85665854492188,102.91261252441407,119.91040000000001,163.9104,102.91040000000001,6mM 2DG,1h,yes,MN,2.8785415286953175,2.9366994022203246,2.8022121484513085,3.1214663621100307,3.019308015856859,3.023414543136554
vLH92_MN_60x-1xzoom_0002_XY05_488.tif,7,5070,2234,2836,0.4406311637080868,380.5954284667969,0.6409745915205302,399.614990234375,380.0,2026048.0,451.62835693359375,443.0,1280818.0,333.58551025390625,332.0,745230.0,False,vLH92_MN_60x-1xzoom_0002_XY05_Dapi-ex_Green-em.tif,257.4189453125,246.0,1305114.0,278.2538757324219,273.0,789128.0,230.9695587158203,230.0,515986.0,251.755790234375,303.76915693359376,185.72631025390626,232.1408,295.1408,184.1408,106.32934531250001,127.16427573242188,79.87995871582032,94.91040000000001,121.91040000000001,78.91040000000001,6mM 2DG,1h,yes,MN,2.3676981128254795,2.4458942328764812,2.388793198278285,2.4209649053731264,2.3250676795495506,2.333542853666944
vLH92_MN_60x-1xzoom_0002_XY05_488.tif,8,4219,0,4219,0.0,1091.364013671875,,1054.06640625,1087.0,4447106.0,1054.06640625,1087.0,4447106.0,,,,True,vLH92_MN_60x-1xzoom_0002_XY05_Dapi-ex_Green-em.tif,454.2249450683594,452.0,1916375.0,454.2249450683594,452.0,1916375.0,,,,906.20720625,906.20720625,,939.1408,939.1408,,303.13534506835936,303.13534506835936,,300.9104,300.9104,,6mM 2DG,1h,yes,MN,2.9894475223456483,3.1209981442981034,2.9894475223456483,3.1209981442981034,,
vLH92_MN_60x-1xzoom_0002_XY05_488.tif,9,4753,2302,2451,0.484325689038502,1087.8992919921875,0.13676102227818257,1115.7149658203125,1093.0,5302993.0,1305.8482666015625,1326.0,3200634.0,913.2749633789062,970.0,2102359.0,False,vLH92_MN_60x-1xzoom_0002_XY05_Dapi-ex_Green-em.tif,419.00885009765625,404.0,1991549.0,481.5377502441406,481.0,1180249.0,352.43267822265625,357.0,811300.0,967.8557658203125,1157.9890666015626,765.4157633789063,945.1408,1178.1408000000001,822.1408,267.91925009765623,330.4481502441406,201.34307822265626,252.9104,329.9104,205.9104,6mM 2DG,1h,yes,MN,3.612490574930806,3.737057867133973,3.5042988309845917,3.5710932422863912,3.801549922329425,3.9927113929165308
vLH92_MN_60x-1xzoom_0002_XY05_488.tif,10,4022,1483,2539,0.36872202884137245,609.4052429199219,0.6865750178576178,638.4353637695312,603.0,2567787.0,736.8609619140625,753.0,1870890.0,469.9237976074219,462.0,696897.0,False,vLH92_MN_60x-1xzoom_0002_XY05_Dapi-ex_Green-em.tif,305.094482421875,284.0,1227090.0,337.3611755371094,325.0,856560.0,249.85165405273438,248.0,370530.0,490.57616376953126,589.0017619140625,322.0645976074219,455.1408,605.1408,314.1408,154.004882421875,186.27157553710938,98.76205405273438,132.9104,173.9104,96.91040000000001,6mM 2DG,1h,yes,MN,3.1854585130987334,3.424418254703921,3.16205926865487,3.4796124901098495,3.2610155863653283,3.24155921345903
vLH92_MN_60x-1xzoom_0002_XY05_488.tif,11,4025,1787,2238,0.4439751552795031,944.0736694335938,0.6828987501500948,1145.003173828125,943.0,4608638.0,1410.687255859375,1478.0,3157118.0,812.266357421875,815.0,1451520.0,False,vLH92_MN_60x-1xzoom_0002_XY05_Dapi-ex_Green-em.tif,416.5714416503906,361.0,1676700.0,492.30609130859375,487.5,1101781.0,321.7229919433594,321.0,574919.0,997.143973828125,1262.8280558593751,664.407157421875,795.1408,1330.1408000000001,667.1408,265.4818416503906,341.21649130859373,170.63339194335938,209.9104,336.4104,169.9104,6mM 2DG,1h,yes,MN,3.755978064749341,3.7880009756543744,3.7009584472788055,3.953922946496304,3.8937698527520364,3.9264271051095165
vLH92_MN_60x-1xzoom_0002_XY05_488.tif,12,3092,1568,1525,0.5071151358344114,758.9826965332031,0.25006544521120233,770.0245971679688,759.0,2380916.0,871.689208984375,824.0,1329326.0,671.08544921875,693.0,1052262.0,False,vLH92_MN_60x-1xzoom_0002_XY05_Dapi-ex_Green-em.tif,358.1329345703125,348.0,1107347.0,396.25640869140625,388.0,604291.0,321.03253173828125,317.0,503379.0,622.1653971679688,723.830008984375,523.22624921875,611.1408,676.1408,545.1408,207.0433345703125,245.16680869140626,169.94293173828126,196.9104,236.9104,165.9104,6mM 2DG,1h,yes,MN,3.0050008538511035,3.1036491724154742,2.952398054401673,2.8539937461588853,3.0788350175371746,3.28575423843231
vLH92_MN_60x-1xzoom_0002_XY06_488.tif,1,4223,2364,1859,0.559791617333649,920.3296508789062,0.28188231712115347,1010.197265625,930.0,4266063.0,1268.1839599609375,1273.0,2357554.0,807.3218994140625,859.0,1908509.0,False,vLH92_MN_60x-1xzoom_0002_XY06_Dapi-ex_Green-em.tif,394.44635009765625,365.0,1665747.0,472.6245422363281,471.0,878609.0,332.96868896484375,338.0,787138.0,865.008465625,1122.9951599609376,662.1330994140625,784.8112,1127.8112,713.8112,247.62235009765627,325.80054223632817,186.14468896484377,218.17600000000002,324.17600000000004,191.17600000000002,6mM 2DG,1h,yes,MN,3.4932568295384545,3.5971472572601932,3.4468793460335707,3.4790089334188834,3.557088322509789,3.7337908524082515
vLH92_MN_60x-1xzoom_0002_XY06_488.tif,2,2654,1418,1236,0.5342878673700076,762.4472045898438,0.6670783208357156,794.3511962890625,765.0,2108208.0,943.8875122070312,943.5,1166645.0,664.0077514648438,663.0,941563.0,False,vLH92_MN_60x-1xzoom_0002_XY06_Dapi-ex_Green-em.tif,431.65032958984375,417.0,1145600.0,498.90777587890625,503.0,616650.0,373.025390625,379.5,528950.0,649.1623962890625,798.6987122070312,518.8189514648437,619.8112,798.3112,517.8112,284.8263295898438,352.0837758789063,226.20139062500002,270.17600000000004,356.17600000000004,232.67600000000002,6mM 2DG,1h,yes,MN,2.2791516403131364,2.2941016226459783,2.2684905324400155,2.241339113247383,2.2936152162077086,2.225460296721621
vLH92_MN_60x-1xzoom_0002_XY06_488.tif,3,3275,1442,1833,0.4403053435114504,742.4612426757812,0.6637269745068705,794.1893310546875,747.0,2600970.0,879.5193481445312,863.0,1612159.0,685.721923828125,693.0,988811.0,False,vLH92_MN_60x-1xzoom_0002_XY06_Dapi-ex_Green-em.tif,344.9645690917969,330.0,1129759.0,379.1723937988281,374.0,695023.0,301.48126220703125,302.0,434736.0,649.0005310546875,734.3305481445312,540.533123828125,601.8112,717.8112,547.8112,198.1405690917969,232.34839379882814,154.65726220703127,183.17600000000002,227.17600000000002,155.17600000000002,6mM 2DG,1h,yes,MN,3.275455067225586,3.2854260383456344,3.160471807609435,3.1597140543015105,3.4950387464155592,3.5302572562767436
vLH92_MN_60x-1xzoom_0002_XY06_488.tif,4,3751,1830,1921,0.4878699013596374,721.106689453125,0.592585158696424,797.916015625,724.0,2992983.0,965.42529296875,975.0,1854582.0,622.0770263671875,621.0,1138401.0,False,vLH92_MN_60x-1xzoom_0002_XY06_Dapi-ex_Green-em.tif,384.7656555175781,351.0,1443256.0,448.05828857421875,442.0,860720.0,318.32568359375,317.0,582536.0,652.727215625,820.23649296875,476.8882263671875,578.8112,829.8112,475.8112,237.94165551757814,301.2342885742188,171.50168359375002,204.17600000000002,295.17600000000004,170.17600000000002,6mM 2DG,1h,yes,MN,2.743223813439338,2.8348640388684267,2.7229187515506164,2.8112421064043143,2.780662069165638,2.79599473486273
vLH92_MN_60x-1xzoom_0002_XY06_488.tif,5,3061,1505,1556,0.49166938908853314,757.5712280273438,0.5912277501061498,848.0169677734375,756.0,2595780.0,1022.968505859375,1049.5,1591739.0,667.1369018554688,686.0,1004041.0,False,vLH92_MN_60x-1xzoom_0002_XY06_Dapi-ex_Green-em.tif,440.1754455566406,396.0,1347377.0,518.2512817382812,528.0,806399.0,359.4538269042969,364.0,540978.0,702.8281677734375,877.779705859375,521.9481018554687,610.8112,904.3112,540.8112,293.35144555664067,371.4272817382813,212.6298269042969,249.17600000000002,381.17600000000004,217.17600000000002,6mM 2DG,1h,yes,MN,2.395857182294793,2.4513243651073937,2.3632612600543563,2.3724242869435637,2.454726646089938,2.4901978119129184
vLH92_MN_60x-1xzoom_0002_XY06_488.tif,6,2898,1354,1544,0.46721877156659763,471.1463623046875,0.671373888983486,470.8543701171875,468.0,1364536.0,565.7117919921875,553.0,873459.0,362.6861267089844,354.0,491077.0,False,vLH92_MN_60x-1xzoom_0002_XY06_Dapi-ex_Green-em.tif,303.969970703125,295.0,880905.0,346.82708740234375,340.5,535501.0,255.09896850585938,252.0,345404.0,325.6655701171875,420.5229919921875,217.4973267089844,322.8112,407.8112,208.8112,157.14597070312502,200.00308740234377,108.27496850585939,148.17600000000002,193.67600000000002,105.17600000000002,6mM 2DG,1h,yes,MN,2.0723762032207884,2.1785660295864373,2.1025825023702085,2.1056362171874676,2.0087498496682947,1.9853502700235794
vLH92_MN_60x-1xzoom_0002_XY06_488.tif,7,4322,1852,2470,0.4285053216103656,1110.7589721679688,0.6045284554009703,1225.49072265625,1115.5,5296571.0,1401.0728759765625,1427.5,3460650.0,991.3180541992188,1024.0,1835921.0,False,vLH92_MN_60x-1xzoom_0002_XY06_Dapi-ex_Green-em.tif,449.63836669921875,425.0,1943337.0,500.9996032714844,499.0,1237469.0,381.1382141113281,382.0,705868.0,1080.30192265625,1255.8840759765626,846.1292541992187,970.3112,1282.3112,878.8112,302.8143666992188,354.1756032714844,234.31421411132814,278.17600000000004,352.17600000000004,235.17600000000002,6mM 2DG,1h,yes,MN,3.5675385366682377,3.488119751524214,3.545936152507648,3.641108990959066,3.6110880315489653,3.736823485389665
vLH92_MN_60x-1xzoom_0002_XY06_488.tif,8,2446,1217,1229,0.4975470155355683,358.04859924316406,0.8838746443655375,369.6034240722656,358.0,904050.0,403.44671630859375,396.0,495836.0,335.42645263671875,336.0,408214.0,False,vLH92_MN_60x-1xzoom_0002_XY06_Dapi-ex_Green-em.tif,288.1970520019531,278.0,704930.0,315.97802734375,306.0,388337.0,260.14215087890625,259.0,316593.0,224.41462407226564,258.25791630859374,190.23765263671876,212.8112,250.8112,190.8112,141.37305200195314,169.15402734375002,113.31815087890627,131.17600000000002,159.17600000000002,112.17600000000002,6mM 2DG,1h,yes,MN,1.587393218823381,1.6223333536622553,1.526761853466068,1.5756847765994872,1.6787924190539432,1.700998431036942
vLH92_MN_60x-1xzoom_0002_XY06_488.tif,9,3206,1553,1653,0.48440424204616345,650.4862976074219,0.6610233816773011,710.0121459960938,652.0,2276299.0,804.68603515625,807.0,1330146.0,609.2421264648438,610.0,946153.0,False,vLH92_MN_60x-1xzoom_0002_XY06_Dapi-ex_Green-em.tif,404.44976806640625,367.5,1296666.0,458.6412658691406,442.0,758134.0,346.7688293457031,343.0,538532.0,564.8233459960937,659.49723515625,464.05332646484374,506.8112,661.8112,464.8112,257.6257680664063,311.81726586914067,199.94482934570314,220.67600000000002,295.17600000000004,196.17600000000002,6mM 2DG,1h,yes,MN,2.192417902274835,2.296630354003154,2.1150119231467412,2.24209014283004,2.3209068620749322,2.3693581273958078
vLH92_MN_60x-1xzoom_0002_XY06_488.tif,10,3617,1812,1805,0.5009676527508985,1379.30908203125,0.3965640598208178,1555.32373046875,1375.0,5625606.0,1894.9783935546875,1962.0,3420436.0,1216.981201171875,1201.0,2205170.0,False,vLH92_MN_60x-1xzoom_0002_XY06_Dapi-ex_Green-em.tif,581.5369262695312,519.0,2103419.0,688.3728637695312,691.0,1242513.0,475.1136779785156,477.0,860906.0,1410.13493046875,1749.7895935546876,1071.792401171875,1229.8112,1816.8112,1055.8112,434.7129262695313,541.5488637695313,328.28967797851567,372.17600000000004,544.176,330.17600000000004,6mM 2DG,1h,yes,MN,3.2438302273865127,3.304380723098749,3.2310834914785294,3.3386463203081354,3.2647764248074123,3.197722426826904
vLH92_MN_60x-1xzoom_0002_XY06_488.tif,11,1953,962,991,0.49257552483358935,522.7988891601562,0.8563874502755862,548.342529296875,520.0,1070913.0,618.8355102539062,593.0,613266.0,475.7245178222656,474.0,457647.0,False,vLH92_MN_60x-1xzoom_0002_XY06_Dapi-ex_Green-em.tif,311.1438903808594,302.0,607664.0,338.7396545410156,332.0,335691.0,282.7162170410156,283.0,271973.0,403.153729296875,473.64671025390624,330.5357178222656,374.8112,447.8112,328.8112,164.3198903808594,191.91565454101564,135.89221704101564,155.17600000000002,185.17600000000002,136.17600000000002,6mM 2DG,1h,yes,MN,2.4534688305989514,2.4153941331133675,2.467994137250955,2.418300427701214,2.4323373701563917,2.414604629303254
vLH92_MN_60x-1xzoom_0002_XY06_488.tif,12,5276,2585,2691,0.48995451099317666,816.0538330078125,0.1476982572343732,871.7549438476562,816.0,4599379.0,1064.8858642578125,1099.0,2865608.0,670.7044677734375,693.0,1733771.0,False,vLH92_MN_60x-1xzoom_0002_XY06_Dapi-ex_Green-em.tif,382.89178466796875,368.0,2020137.0,441.6235656738281,441.0,1188409.0,321.75164794921875,326.0,831728.0,726.5661438476562,919.6970642578125,525.5156677734375,670.8112,953.8112,547.8112,236.06778466796877,294.79956567382817,174.92764794921877,221.17600000000002,294.17600000000004,179.17600000000002,6mM 2DG,1h,yes,MN,3.0777860895741336,3.032929431764748,3.119736835960548,3.2423148047427386,3.0041887256495547,3.0573916149484304
vLH92_MN_60x-1xzoom_0002_XY06_488.tif,13,4762,2224,2538,0.46703065938681226,1067.1409912109375,0.3950881434488576,1104.5010986328125,1064.5,5259634.0,1459.4425048828125,1501.0,3704065.0,699.4464721679688,664.0,1555569.0,False,vLH92_MN_60x-1xzoom_0002_XY06_Dapi-ex_Green-em.tif,447.3924865722656,432.0,2130483.0,546.365234375,557.0,1386675.0,334.446044921875,325.0,743808.0,959.3122986328125,1314.2537048828126,554.2576721679687,919.3112,1355.8112,518.8112,300.56848657226567,399.54123437500004,187.62204492187502,285.17600000000004,410.17600000000004,178.17600000000002,6mM 2DG,1h,yes,MN,3.1916596100042747,3.223662580301287,3.2894069292714976,3.305437665782493,2.9541180643178637,2.9117905890804594
vLH92_MN_60x-1xzoom_0002_XY06_488.tif,14,2719,1391,1328,0.5115851415961751,987.2418212890625,0.6893595581315718,1035.3997802734375,984.0,2815252.0,1155.947998046875,1129.0,1535099.0,920.311279296875,921.0,1280153.0,False,vLH92_MN_60x-1xzoom_0002_XY06_Dapi-ex_Green-em.tif,424.4380187988281,415.0,1154047.0,453.821533203125,446.0,602675.0,396.3853454589844,394.0,551372.0,890.2109802734375,1010.759198046875,775.122479296875,838.8112,983.8112,775.8112,277.61401879882817,306.99753320312504,249.5613454589844,268.17600000000004,299.17600000000004,247.17600000000002,6mM 2DG,1h,yes,MN,3.2066499527839953,3.1278384344609504,3.292401692941636,3.2884028130598706,3.105939655323212,3.138699550118134
vLH92_MN_60x-1xzoom_0002_XY06_488.tif,15,4470,2286,2186,0.5114093959731544,662.3490600585938,0.18652641319979266,708.095947265625,669.5,3165189.0,852.003662109375,870.0,1862480.0,570.2313842773438,588.0,1303549.0,False,vLH92_MN_60x-1xzoom_0002_XY06_Dapi-ex_Green-em.tif,371.3257141113281,352.0,1659826.0,429.0141906738281,417.0,937825.0,316.1010437011719,318.0,722607.0,562.907147265625,706.814862109375,425.04258427734374,524.3112,724.8112,442.8112,224.50171411132814,282.19019067382817,169.2770437011719,205.17600000000002,270.17600000000004,171.17600000000002,6mM 2DG,1h,yes,MN,2.5073623579839794,2.5554216867469877,2.504746392571642,2.68273717872794,2.5109286822593604,2.5868766649530306
vLH92_MN_60x-1xzoom_0002_XY07_488.tif,1,3652,1694,1958,0.463855421686747,671.978515625,0.8487718559299474,739.6048583984375,680.0,2701037.0,874.8294067382812,903.0,1712916.0,583.306396484375,588.0,988121.0,False,vLH92_MN_60x-1xzoom_0002_XY07_Dapi-ex_Green-em.tif,319.8200988769531,300.0,1167983.0,366.272216796875,364.0,717161.0,266.1286926269531,266.0,450822.0,595.2880583984374,730.5126067382812,438.989596484375,535.6831999999999,758.6831999999999,443.6832,172.72569887695312,219.177816796875,119.03429262695312,152.9056,216.9056,118.90559999999999,6mM 2DG,1h,yes,MN,3.446435951737041,3.503358935186154,3.3329678040149946,3.497757549828128,3.6879254439738984,3.731390279347651
vLH92_MN_60x-1xzoom_0002_XY07_488.tif,2,3578,1673,1905,0.46757965343767466,395.7007293701172,0.7361365039096153,423.5953063964844,405.0,1515624.0,462.15118408203125,469.0,880398.0,379.6927795410156,380.0,635226.0,False,vLH92_MN_60x-1xzoom_0002_XY07_Dapi-ex_Green-em.tif,314.81524658203125,299.0,1126409.0,344.3999938964844,335.0,656082.0,281.1278991699219,281.0,470327.0,279.2785063964844,317.83438408203125,235.37597954101562,260.6832,324.6832,235.6832,167.72084658203124,197.30559389648437,134.03349916992187,151.9056,187.9056,133.9056,6mM 2DG,1h,yes,MN,1.6651389024553425,1.7160868328751542,1.610873659511052,1.727905927231546,1.7560981470954224,1.760069780502085
vLH92_MN_60x-1xzoom_0002_XY07_488.tif,3,3807,1550,2257,0.40714473338586815,581.3159790039062,0.7175935790150421,653.61962890625,589.0,2488330.0,735.8209838867188,732.0,1660748.0,533.9238891601562,543.0,827582.0,False,vLH92_MN_60x-1xzoom_0002_XY07_Dapi-ex_Green-em.tif,330.6175537109375,305.0,1258661.0,363.4031982421875,350.0,820201.0,282.8774108886719,285.0,438460.0,509.30282890625,591.5041838867187,389.60708916015625,444.6832,587.6831999999999,398.6832,183.5231537109375,216.3087982421875,135.78301088867187,157.9056,202.9056,137.9056,6mM 2DG,1h,yes,MN,2.775142093015901,2.8161331833703174,2.7345359444161317,2.8963380015140046,2.86933605765742,2.890986297873328
vLH92_MN_60x-1xzoom_0002_XY08_488.tif,1,3971,1950,2021,0.4910601863510451,696.9609375,0.41485963916113716,848.5651245117188,702.0,3369652.0,1073.940673828125,1155.0,2170434.0,614.9835815429688,623.0,1199218.0,False,vLH92_MN_60x-1xzoom_0002_XY08_Dapi-ex_Green-em.tif,387.9131164550781,345.0,1540403.0,465.7342834472656,485.0,941249.0,307.2584533691406,309.0,599154.0,704.2451245117188,929.6206738281251,470.66358154296876,557.6800000000001,1010.6800000000001,478.68,240.88751645507813,318.7086834472656,160.23285336914063,197.9744,337.9744,161.9744,6mM 2DG,1h,yes,MN,2.923543464914463,2.816929865679603,2.916835097723161,2.9904040069307025,2.9373725278340093,2.955281822312662
vLH92_MN_60x-1xzoom_0002_XY08_488.tif,2,3754,1813,1941,0.48295151838039424,901.5256042480469,0.4965187756897384,1023.4544677734375,904.0,3842048.0,1272.162841796875,1302.0,2469268.0,757.18701171875,755.0,1372780.0,False,vLH92_MN_60x-1xzoom_0002_XY08_Dapi-ex_Green-em.tif,464.8425598144531,408.5,1745019.0,578.6517333984375,599.0,1123163.0,342.99835205078125,344.0,621856.0,879.1344677734376,1127.842841796875,612.8670117187501,759.6800000000001,1157.68,610.6800000000001,317.8169598144531,431.6261333984375,195.97275205078125,261.4744,451.9744,196.9744,6mM 2DG,1h,yes,MN,2.766165997833127,2.9053704683900223,2.6130087001839493,2.5613840075898104,3.1273072674916635,3.1003013589583217
vLH92_MN_60x-1xzoom_0002_XY08_488.tif,3,2295,1152,1143,0.5019607843137255,844.4019775390625,0.19349879143041862,875.0091552734375,847.0,2008146.0,1019.7392578125,1026.0,1165562.0,731.4097290039062,747.0,842584.0,False,vLH92_MN_60x-1xzoom_0002_XY08_Dapi-ex_Green-em.tif,424.3747253417969,385.0,973940.0,474.88275146484375,442.0,542791.0,374.26129150390625,329.0,431149.0,730.6891552734376,875.4192578125001,587.0897290039063,702.6800000000001,881.6800000000001,602.6800000000001,277.3491253417969,327.85715146484375,227.23569150390625,237.9744,294.9744,181.9744,6mM 2DG,1h,yes,MN,2.6345464561063885,2.9527545820054595,2.6701240278004783,2.989005147565348,2.5836158268905307,3.3118944203140663
vLH92_MN_60x-1xzoom_0002_XY08_488.tif,4,3480,1918,1564,0.5511494252873563,831.5648803710938,0.1800767561826472,922.2646484375,830.0,3209481.0,1135.9468994140625,1091.0,1776621.0,747.7101440429688,750.0,1434108.0,False,vLH92_MN_60x-1xzoom_0002_XY08_Dapi-ex_Green-em.tif,391.6209716796875,365.0,1362841.0,442.2442321777344,433.0,691670.0,350.3534851074219,335.0,671978.0,777.9446484375001,991.6268994140626,603.3901440429688,685.6800000000001,946.6800000000001,605.6800000000001,244.5953716796875,295.2186321777344,203.32788510742188,217.9744,285.9744,187.9744,6mM 2DG,1h,yes,MN,3.1805370767860066,3.145690503104952,3.358957705681193,3.310366242572762,2.967572026454643,3.2221408872697563
vLH92_MN_60x-1xzoom_0002_XY08_488.tif,5,2119,1060,1059,0.5002359603586597,541.8495483398438,0.5734473810319122,570.4266357421875,545.0,1208734.0,621.7110595703125,591.0,658392.0,519.1905517578125,521.0,550342.0,False,vLH92_MN_60x-1xzoom_0002_XY08_Dapi-ex_Green-em.tif,476.41339111328125,464.0,1009520.0,499.2181396484375,481.0,528672.0,453.63018798828125,454.0,480848.0,426.1066357421875,477.3910595703125,374.8705517578125,400.68,446.68,376.68,329.38779111328125,352.1925396484375,306.60458798828125,316.9744,333.9744,306.9744,6mM 2DG,1h,yes,MN,1.2936321479979906,1.264076846584456,1.3554831685158621,1.337467781961731,1.222651475039703,1.2270730067393243
vLH92_MN_60x-1xzoom_0002_XY08_488.tif,6,2457,0,2457,0.0,2031.5478515625,,1894.708984375,2037.0,4655300.0,1894.708984375,2037.0,4655300.0,,,,True,vLH92_MN_60x-1xzoom_0002_XY08_Dapi-ex_Green-em.tif,654.4293823242188,679.0,1607933.0,654.4293823242188,679.0,1607933.0,,,,1750.388984375,1750.388984375,,1892.68,1892.68,,507.40378232421875,507.40378232421875,,531.9744000000001,531.9744000000001,,6mM 2DG,1h,yes,MN,3.4496963667814047,3.5578403772813125,3.4496963667814047,3.5578403772813125,,
vLH92_MN_60x-1xzoom_0002_XY08_488.tif,7,2930,1470,1460,0.5017064846416383,379.6991882324219,0.7521942669011352,471.0003356933594,382.0,1380031.0,597.6212158203125,526.0,872527.0,345.2408142089844,345.0,507504.0,False,vLH92_MN_60x-1xzoom_0002_XY08_Dapi-ex_Green-em.tif,394.8392639160156,344.0,1156879.0,472.80206298828125,460.0,690291.0,317.40679931640625,318.0,466588.0,326.6803356933594,453.3012158203125,200.92081420898438,237.68,381.68,200.68,247.81366391601563,325.77646298828125,170.38119931640625,196.9744,312.9744,170.9744,6mM 2DG,1h,yes,MN,1.318249891999788,1.2066542657319936,1.391448638315588,1.219524663998078,1.179242868433298,1.1737429697077457
vLH92_MN_60x-1xzoom_0002_XY08_488.tif,8,950,441,509,0.46421052631578946,576.3902587890625,0.3611023188878117,620.6463012695312,580.0,589614.0,688.039306640625,634.0,350212.0,542.8616943359375,545.0,239402.0,False,vLH92_MN_60x-1xzoom_0002_XY08_Dapi-ex_Green-em.tif,377.20526123046875,278.0,358345.0,472.8369445800781,447.0,240674.0,266.8276672363281,256.0,117671.0,476.32630126953126,543.7193066406251,398.5416943359375,435.68,489.68,400.68,230.17966123046875,325.8113445800781,119.80206723632813,130.9744,299.9744,108.9744,6mM 2DG,1h,yes,MN,2.06936746158735,3.326451581377735,1.6688163739092559,1.6324059653090397,3.3266679242667183,3.67682685107695
vLH92_MN_60x-1xzoom_0002_XY08_488.tif,9,2739,1302,1437,0.47535596933187296,604.3915405273438,0.568941767483781,678.4220581054688,604.0,1858198.0,795.269287109375,759.0,1142802.0,549.4592895507812,548.0,715396.0,False,vLH92_MN_60x-1xzoom_0002_XY08_Dapi-ex_Green-em.tif,540.1770629882812,519.0,1479545.0,580.3604736328125,580.0,833978.0,495.8271789550781,496.0,645567.0,534.1020581054688,650.9492871093751,405.13928955078126,459.68,614.6800000000001,403.68,393.15146298828125,433.3348736328125,348.8015789550781,371.9744,432.9744,348.9744,6mM 2DG,1h,yes,MN,1.358514741483714,1.2357839679289757,1.5021853229863948,1.4196682298075822,1.1615179345359523,1.156761069006781
vLH92_MN_60x-1xzoom_0002_XY08_488.tif,10,3779,1752,2028,0.4636147128870071,851.0301513671875,0.17205322324107605,916.245849609375,852.0,3462493.0,1105.3643798828125,1107.0,2241679.0,697.0028686523438,723.0,1221149.0,False,vLH92_MN_60x-1xzoom_0002_XY08_Dapi-ex_Green-em.tif,391.8354187011719,361.0,1480746.0,421.5276184082031,403.5,854858.0,357.3875427246094,314.0,626143.0,771.9258496093751,961.0443798828126,552.6828686523438,707.6800000000001,962.6800000000001,578.6800000000001,244.80981870117188,274.5020184082031,210.36194272460938,213.9744,256.4744,166.9744,6mM 2DG,1h,yes,MN,3.153165398776875,3.307311528855789,3.501046678839623,3.7535130211826213,2.627294944579763,3.4656809666631534
vLH92_MN_60x-1xzoom_0002_XY09_488.tif,1,4413,2332,2087,0.5284387038295943,1274.75537109375,0.18959837162460644,1286.0260009765625,1299.0,5675233.0,1583.25830078125,1587.0,3304260.0,1018.0570068359375,1075.5,2374109.0,False,vLH92_MN_60x-1xzoom_0002_XY09_Dapi-ex_Green-em.tif,414.79718017578125,402.0,1830500.0,490.9348449707031,492.0,1024581.0,346.1921081542969,354.0,807320.0,1140.6932009765624,1437.9255007812499,872.7242068359375,1153.6671999999999,1441.6671999999999,930.1672,267.2963801757812,343.4340449707031,198.69130815429688,254.4992,344.4992,206.4992,6mM 2DG,1h,yes,MN,4.267522067550679,4.533087726798355,4.186904361516964,4.184820167942335,4.392362277660428,4.5044590971781
vLH92_MN_60x-1xzoom_0002_XY09_488.tif,2,3601,1720,1881,0.4776450985837267,414.3193359375,0.2605211699127185,426.668701171875,417.0,1536434.0,482.1180114746094,479.0,906864.0,366.0290832519531,372.0,629570.0,False,vLH92_MN_60x-1xzoom_0002_XY09_Dapi-ex_Green-em.tif,283.7456359863281,272.0,1021768.0,311.35089111328125,306.0,585651.0,253.556396484375,250.0,436117.0,281.335901171875,336.78521147460935,220.6962832519531,271.6672,333.6672,226.66719999999998,136.24483598632813,163.85009111328125,106.055596484375,124.4992,158.4992,102.4992,6mM 2DG,1h,yes,MN,2.064928913710215,2.1820798848506655,2.055447202905525,2.105166461408007,2.0809489604300886,2.211404576816209
vLH92_MN_60x-1xzoom_0002_XY09_488.tif,3,4244,2127,2117,0.5011781338360037,328.0626220703125,0.34659880569298146,326.6750793457031,326.0,1386409.0,375.48370361328125,377.0,794899.0,278.0959167480469,267.0,591510.0,False,vLH92_MN_60x-1xzoom_0002_XY09_Dapi-ex_Green-em.tif,268.8758239746094,257.0,1141109.0,299.8082275390625,294.0,634694.0,238.08885192871094,232.0,506415.0,181.3422793457031,230.15090361328123,132.76311674804685,180.66719999999998,231.66719999999998,121.66719999999998,121.37502397460938,152.3074275390625,90.58805192871094,109.4992,146.4992,84.4992,6mM 2DG,1h,yes,MN,1.4940658580931638,1.6499408214854536,1.5110944182564838,1.5813547104694086,1.4655698397458194,1.4398621525410888
vLH92_MN_60x-1xzoom_0002_XY09_488.tif,4,2328,1149,1179,0.49355670103092786,362.8250732421875,0.5662680976471406,384.2646179199219,363.0,894568.0,437.5699768066406,432.0,515895.0,329.56744384765625,327.0,378673.0,False,vLH92_MN_60x-1xzoom_0002_XY09_Dapi-ex_Green-em.tif,352.2237854003906,339.0,819977.0,379.7981262207031,377.0,447782.0,323.92950439453125,322.0,372195.0,238.93181791992185,292.2371768066406,184.23464384765623,217.66719999999998,286.6672,181.66719999999998,204.72298540039063,232.29732622070313,176.42870439453125,191.4992,229.4992,174.4992,6mM 2DG,1h,yes,MN,1.167098151937491,1.1366480904358869,1.2580307382831832,1.2490989075343182,1.0442441578875354,1.0410775522180042
vLH92_MN_60x-1xzoom_0002_XY09_488.tif,5,2374,1174,1200,0.4945240101095198,344.16502380371094,0.2539908861119731,358.6735534667969,346.0,851491.0,401.1875,394.0,481425.0,315.2180480957031,317.0,370066.0,False,vLH92_MN_60x-1xzoom_0002_XY09_Dapi-ex_Green-em.tif,336.5370788574219,324.0,798939.0,369.6483459472656,361.0,443578.0,302.6925048828125,303.0,355361.0,213.34075346679685,255.85469999999998,169.8852480957031,200.66719999999998,248.66719999999998,171.66719999999998,189.03627885742188,222.14754594726563,155.1917048828125,176.4992,213.4992,155.4992,6mM 2DG,1h,yes,MN,1.1285704244512045,1.1369297991152367,1.1517331821470398,1.1647219287004353,1.0946799522821526,1.103974811445975
vLH92_MN_60x-1xzoom_0002_XY09_488.tif,6,4766,2439,2327,0.5117498950902224,352.34288024902344,0.322279630464215,372.0549621582031,359.0,1773214.0,417.4812927246094,421.0,971479.0,328.7146301269531,333.0,801735.0,False,vLH92_MN_60x-1xzoom_0002_XY09_Dapi-ex_Green-em.tif,266.5251770019531,252.0,1270259.0,289.9097595214844,276.0,674620.0,244.2144317626953,229.0,595639.0,226.7221621582031,272.14849272460935,183.3818301269531,213.66719999999998,275.6672,187.66719999999998,119.02437700195313,142.40895952148438,96.71363176269531,104.4992,128.4992,81.4992,6mM 2DG,1h,yes,MN,1.9048380497255846,2.0446778539931403,1.9110349070667283,2.145283394760434,1.8961321872072197,2.302687633743644
vLH92_MN_60x-1xzoom_0002_XY09_488.tif,7,2923,0,2923,0.0,652.0667724609375,,621.3421020507812,657.0,1816183.0,621.3421020507812,657.0,1816183.0,,,,True,vLH92_MN_60x-1xzoom_0002_XY09_Dapi-ex_Green-em.tif,560.6472778320312,587.0,1638772.0,560.6472778320312,587.0,1638772.0,,,,476.00930205078123,476.00930205078123,,511.6672,511.6672,,413.1464778320312,413.1464778320312,,439.4992,439.4992,,6mM 2DG,1h,yes,MN,1.1521562631941582,1.1642050770513348,1.1521562631941582,1.1642050770513348,,
vLH92_MN_60x-1xzoom_0002_XY09_488.tif,8,3281,1558,1723,0.4748552270649192,365.2920227050781,0.7338416288382237,422.285888671875,370.0,1385520.0,527.4695434570312,537.0,908830.0,305.9627685546875,302.0,476690.0,False,vLH92_MN_60x-1xzoom_0002_XY09_Dapi-ex_Green-em.tif,285.0746765136719,263.0,935330.0,331.3284912109375,330.0,570879.0,233.92233276367188,232.0,364451.0,276.953088671875,382.13674345703123,160.62996855468748,224.66719999999998,391.6672,156.66719999999998,137.57387651367188,183.8276912109375,86.42153276367188,115.4992,182.4992,84.4992,6mM 2DG,1h,yes,MN,2.0131226631849093,1.945184035906742,2.0787768205092627,2.1461310515333762,1.8586799310068454,1.8540672574414903
vLH92_MN_60x-1xzoom_0002_XY09_488.tif,9,3626,1866,1760,0.5146166574738004,548.2862243652344,0.6819008360018747,611.6994018554688,559.0,2218022.0,728.5324096679688,745.5,1282217.0,501.5032043457031,515.0,935805.0,False,vLH92_MN_60x-1xzoom_0002_XY09_Dapi-ex_Green-em.tif,337.1221618652344,305.0,1222405.0,392.5761413574219,380.0,690934.0,284.8183288574219,285.0,531471.0,466.36660185546873,583.1996096679687,356.1704043457031,413.6672,600.1672,369.6672,189.62136186523438,245.07534135742188,137.31752885742188,157.4992,232.4992,137.4992,6mM 2DG,1h,yes,MN,2.459462358396728,2.626471753507319,2.379674782610711,2.5813731832195552,2.5937723123135887,2.6885043694799675
vLH92_MN_60x-1xzoom_0002_XY09_488.tif,10,2236,1374,862,0.6144901610017889,480.62506103515625,0.2441417694889296,485.284423828125,481.0,1085096.0,544.2169189453125,519.0,469115.0,448.3122253417969,460.0,615981.0,False,vLH92_MN_60x-1xzoom_0002_XY09_Dapi-ex_Green-em.tif,434.27996826171875,446.0,971050.0,453.7552185058594,457.0,391137.0,422.0618591308594,435.0,579913.0,339.951623828125,398.8841189453125,302.97942534179685,335.6672,373.6672,314.6672,286.7791682617187,306.25441850585935,274.56105913085935,298.4992,309.4992,287.4992,6mM 2DG,1h,yes,MN,1.1854125454394244,1.1245162466097063,1.3024599641414836,1.2073284842093293,1.1035047224136505,1.0944976542543423
vLH92_MN_60x-1xzoom_0002_XY09_488.tif,11,4181,1781,2400,0.42597464721358524,891.5953369140625,0.7627408113676962,982.3786010742188,880.0,4107325.0,1178.376708984375,1253.5,2828104.0,718.2599487304688,726.0,1279221.0,False,vLH92_MN_60x-1xzoom_0002_XY09_Dapi-ex_Green-em.tif,449.9483337402344,422.0,1881234.0,523.149169921875,528.0,1255558.0,351.3059997558594,348.0,625676.0,837.0458010742187,1033.0439089843749,572.9271487304687,734.6672,1108.1671999999999,580.6672,302.44753374023435,375.648369921875,203.80519975585938,274.4992,380.4992,200.4992,6mM 2DG,1h,yes,MN,2.7675735712665435,2.676391042305406,2.7500289944003242,2.9124034951978874,2.8111507921131786,2.896107316138917
vLH92_MN_60x-1xzoom_0002_XY09_488.tif,12,2766,1337,1429,0.4833694866232827,511.0022735595703,0.6707495360226708,559.9638671875,516.5,1548860.0,643.6577758789062,639.0,919787.0,470.5108337402344,476.0,629073.0,False,vLH92_MN_60x-1xzoom_0002_XY09_Dapi-ex_Green-em.tif,527.9544677734375,501.0,1460322.0,587.224609375,592.0,839144.0,464.6058349609375,468.0,621178.0,414.6310671875,498.32497587890623,325.17803374023435,371.1672,493.6672,330.6672,380.4536677734375,439.723809375,317.1050349609375,353.4992,444.4992,320.4992,6mM 2DG,1h,yes,MN,1.0898332761886143,1.049980311129417,1.1332681225226326,1.1106143723093316,1.025458437707529,1.0317255082071968
vLH92_MN_60x-1xzoom_0002_XY09_488.tif,13,2508,1282,1227,0.511164274322169,760.1322326660156,0.18906448163799763,692.3656005859375,756.0,1736453.0,822.5549926757812,821.0,1009275.0,567.5421142578125,565.5,727589.0,False,vLH92_MN_60x-1xzoom_0002_XY09_Dapi-ex_Green-em.tif,414.7914733886719,420.0,1040297.0,487.2991027832031,469.0,597916.0,345.2964172363281,346.0,442670.0,547.0328005859375,677.2221926757812,422.2093142578125,610.6672,675.6672,420.1672,267.29067338867185,339.7983027832031,197.79561723632813,272.4992,321.4992,198.4992,6mM 2DG,1h,yes,MN,2.046583944178583,2.2409871295034995,1.9930122873740783,2.101613938697204,2.1345736581885566,2.116719865873515
vLH92_MN_60x-1xzoom_0002_XY09_488.tif,14,2391,1229,1162,0.5140108741112506,413.2379150390625,0.6648743691398299,466.4219970703125,414.0,1115215.0,556.7676391601562,525.0,646964.0,381.0016174316406,380.0,468251.0,False,vLH92_MN_60x-1xzoom_0002_XY09_Dapi-ex_Green-em.tif,310.8000793457031,283.0,743123.0,359.02496337890625,336.5,417187.0,265.2042236328125,262.0,325936.0,321.0891970703125,411.43483916015623,235.6688174316406,268.6672,379.6672,234.66719999999998,163.29927934570313,211.52416337890625,117.7034236328125,135.4992,188.9992,114.4992,6mM 2DG,1h,yes,MN,1.9662621804384666,1.9827954703791608,1.9450961657895658,2.0088296670038814,2.0022256800858473,2.049509516223694
vLH92_MN_60x-1xzoom_0002_XY09_488.tif,15,3302,1441,1861,0.4364021804966687,449.77947998046875,0.5267583861786038,559.75830078125,447.0,1848322.0,691.8909301757812,739.0,1287609.0,389.1138000488281,390.0,560713.0,False,vLH92_MN_60x-1xzoom_0002_XY09_Dapi-ex_Green-em.tif,298.6505126953125,272.0,986144.0,343.8065490722656,356.0,639824.0,240.33309936523438,239.0,346320.0,414.42550078125,546.5581301757812,243.7810000488281,301.6672,593.6672,244.66719999999998,151.1497126953125,196.30574907226563,92.83229936523438,124.4992,208.4992,91.4992,6mM 2DG,1h,yes,MN,2.741821293545219,2.423045288644425,2.7842186627686485,2.847335625268586,2.6260364303776353,2.6739818490216307
vLH92_MN_60x-1xzoom_0002_XY09_488.tif,16,3474,1604,1870,0.46171560161197467,823.329833984375,0.3737028362394814,888.4657592773438,830.0,3086530.0,1007.4449462890625,1042.0,1883922.0,749.755615234375,784.0,1202608.0,False,vLH92_MN_60x-1xzoom_0002_XY09_Dapi-ex_Green-em.tif,321.0584411621094,308.0,1115357.0,346.5074768066406,350.0,647969.0,291.3890380859375,293.0,467388.0,743.1329592773437,862.1121462890625,604.422815234375,684.6672,896.6672,638.6672,173.55764116210938,199.00667680664063,143.8882380859375,160.4992,202.4992,145.4992,6mM 2DG,1h,yes,MN,4.2817645728615865,4.265860515192599,4.332076491718467,4.428003666187323,4.200640881246891,4.389489426745989
vLH92_MN_60x-1xzoom_0002_XY09_488.tif,17,3853,1958,1916,0.5081754477030885,300.374755859375,0.45337964249270624,318.1829833984375,302.0,1225959.0,365.16961669921875,354.0,699665.0,271.2272644042969,271.0,531063.0,False,vLH92_MN_60x-1xzoom_0002_XY09_Dapi-ex_Green-em.tif,208.4477081298828,194.0,803149.0,235.306884765625,223.0,450848.0,181.7267608642578,181.0,355821.0,172.85018339843748,219.83681669921873,125.89446440429685,156.66719999999998,208.66719999999998,125.66719999999998,60.946908129882814,87.806084765625,34.225960864257814,46.4992,75.4992,33.4992,6mM 2DG,1h,yes,MN,2.83607796855059,3.369245062280641,2.5036626708275933,2.7638332591603616,3.678332506239978,3.7513492859530966
vLH92_MN_60x-1xzoom_0002_XY10_488.tif,1,4422,2181,2241,0.4932157394843962,1145.9788208007812,0.16133102670528573,1317.616943359375,1167.5,5826502.0,1735.655029296875,1843.0,3889603.0,888.0784301757812,969.0,1936899.0,False,vLH92_MN_60x-1xzoom_0002_XY10_Dapi-ex_Green-em.tif,467.37359619140625,423.0,2066726.0,577.2396240234375,603.0,1293594.0,354.485107421875,372.0,773132.0,1173.132143359375,1591.170229296875,743.5936301757813,1023.0152,1698.5152,824.5152,321.00079619140627,430.8668240234375,208.112307421875,276.6272,456.6272,225.6272,6mM 2DG,1h,yes,MN,3.654608204335606,3.698172847789371,3.6929513728592887,3.71969781913999,3.5730401502319853,3.654325365026912
vLH92_MN_60x-1xzoom_0002_XY10_488.tif,2,685,373,313,0.5445255474452555,725.0233154296875,0.2990460497718183,715.572265625,724.0,490167.0,753.9744262695312,750.0,235994.0,683.0616455078125,691.0,254782.0,False,vLH92_MN_60x-1xzoom_0002_XY10_Dapi-ex_Green-em.tif,244.7489013671875,245.0,167653.0,250.03195190429688,249.0,78260.0,240.30563354492188,241.0,89634.0,571.087465625,609.4896262695313,538.5768455078125,579.5152,605.5152,546.5152,98.37610136718749,103.65915190429686,93.93283354492186,98.62719999999999,102.62719999999999,94.62719999999999,6mM 2DG,1h,yes,MN,5.805144315420914,5.875815190941243,5.879747374667328,5.900143431760782,5.733637804615432,5.775455682932604
vLH92_MN_60x-1xzoom_0002_XY10_488.tif,3,4625,2357,2269,0.5096216216216216,801.7911987304688,0.18815461908771852,963.5435791015625,812.0,4456389.0,1270.77880859375,1346.0,2883397.0,667.5973510742188,730.0,1573527.0,False,vLH92_MN_60x-1xzoom_0002_XY10_Dapi-ex_Green-em.tif,474.63525390625,420.0,2195188.0,594.0224609375,621.0,1347837.0,359.6351318359375,375.0,847660.0,819.0587791015625,1126.29400859375,523.1125510742188,667.5152,1201.5152,585.5152,328.26245390625,447.6496609375,213.2623318359375,273.6272,474.6272,228.6272,6mM 2DG,1h,yes,MN,2.495133906893541,2.439506014021998,2.516016668559481,2.5314925061184863,2.4529064583081124,2.5610041149959413
vLH92_MN_60x-1xzoom_0002_XY10_488.tif,4,3133,1531,1602,0.4886690073412065,671.2081298828125,0.3353472420453621,674.263671875,677.0,2112468.0,770.1516723632812,781.0,1233783.0,573.9288330078125,582.0,878685.0,False,vLH92_MN_60x-1xzoom_0002_XY10_Dapi-ex_Green-em.tif,328.3817443847656,324.0,1028820.0,359.83270263671875,357.0,576452.0,295.47222900390625,294.0,452368.0,529.778871875,625.6668723632813,429.4440330078125,532.5152,636.5152,437.5152,182.0089443847656,213.45990263671874,149.09942900390624,177.6272,210.6272,147.6272,6mM 2DG,1h,yes,MN,2.910729874654134,2.997937252853167,2.9310744764466876,3.021999058051382,2.880252700341069,2.9636489752565924
vLH92_MN_60x-1xzoom_0002_XY10_488.tif,5,2757,1380,1377,0.500544069640914,391.6170349121094,0.8686130698471918,419.5299377441406,392.0,1156644.0,488.1604919433594,483.0,672197.0,351.0485534667969,350.0,484447.0,False,vLH92_MN_60x-1xzoom_0002_XY10_Dapi-ex_Green-em.tif,316.11968994140625,298.0,871542.0,355.9026794433594,351.0,490078.0,276.4231872558594,275.0,381464.0,275.0451377441406,343.67569194335937,206.56375346679687,247.5152,338.5152,205.5152,169.74688994140624,209.52987944335936,130.05038725585936,151.6272,204.6272,128.6272,6mM 2DG,1h,yes,MN,1.620325048895338,1.6323931326305572,1.6402228305403221,1.654302067369343,1.588336319678973,1.5977584834311873
vLH92_MN_60x-1xzoom_0002_XY10_488.tif,6,2448,1224,1224,0.5,358.8952331542969,0.8550125971328973,390.5964050292969,355.0,956180.0,472.4517822265625,458.0,578281.0,308.74102783203125,308.0,377899.0,False,vLH92_MN_60x-1xzoom_0002_XY10_Dapi-ex_Green-em.tif,259.3753967285156,244.0,634951.0,294.1805419921875,282.0,360077.0,224.5702667236328,224.0,274874.0,246.11160502929687,327.9669822265625,164.25622783203124,210.5152,313.5152,163.5152,113.00259672851561,147.8077419921875,78.1974667236328,97.62719999999999,135.6272,77.62719999999999,6mM 2DG,1h,yes,MN,2.17792875698751,2.156317091957979,2.2188755325407614,2.3115953142142582,2.100531317882064,2.106416307685966
vLH92_MN_60x-1xzoom_0002_XY10_488.tif,7,4754,0,4754,0.0,1503.7955322265625,,1648.56201171875,1514.0,7837264.0,1648.56201171875,1514.0,7837264.0,,,,True,vLH92_MN_60x-1xzoom_0002_XY10_Dapi-ex_Green-em.tif,520.2938842773438,481.0,2473477.0,520.2938842773438,481.0,2473477.0,,,,1504.07721171875,1504.07721171875,,1369.5152,1369.5152,,373.92108427734377,373.92108427734377,,334.6272,334.6272,,6mM 2DG,1h,yes,MN,4.022445577321737,4.092659532757648,4.022445577321737,4.092659532757648,,
vLH92_MN_60x-1xzoom_0002_XY10_488.tif,8,3992,2016,1978,0.5050100200400801,887.629150390625,0.15839089069999454,957.2021484375,895.0,3821151.0,1146.4837646484375,1182.5,2267745.0,771.06201171875,809.0,1554461.0,False,vLH92_MN_60x-1xzoom_0002_XY10_Dapi-ex_Green-em.tif,399.6001892089844,376.0,1595204.0,461.2118225097656,465.5,912277.0,339.0689392089844,342.0,683563.0,812.7173484375,1001.9989646484375,626.57721171875,750.5152,1038.0152,664.5152,253.22738920898436,314.83902250976564,192.69613920898436,229.6272,319.1272,195.6272,6mM 2DG,1h,yes,MN,3.2094369845861257,3.2684072270184026,3.1825755164049196,3.2526691551205915,3.251633448863288,3.3968446105654024
vLH92_MN_60x-1xzoom_0002_XY10_488.tif,9,2836,1573,1263,0.5546544428772919,963.0809936523438,0.25567991901146275,1015.263427734375,968.0,2879287.0,1189.771240234375,1213.0,1502681.0,875.1468505859375,913.0,1376606.0,False,vLH92_MN_60x-1xzoom_0002_XY10_Dapi-ex_Green-em.tif,519.3585815429688,488.0,1472901.0,605.2715454101562,619.0,764458.0,450.3769836425781,459.0,708443.0,870.778627734375,1045.286440234375,730.6620505859375,823.5152,1068.5152,768.5152,372.98578154296877,458.89874541015627,304.00418364257814,341.6272,472.6272,312.6272,6mM 2DG,1h,yes,MN,2.33461614577407,2.410566840111092,2.277814987923131,2.260799209186437,2.4034605110730545,2.4582480347199476
vLH92_MN_60x-1xzoom_0002_XY10_488.tif,10,2443,1260,1183,0.5157593123209169,577.175537109375,0.3572820201761892,574.246826171875,573.0,1402885.0,649.9534912109375,636.0,768895.0,503.1666564941406,506.0,633990.0,False,vLH92_MN_60x-1xzoom_0002_XY10_Dapi-ex_Green-em.tif,324.6700744628906,319.0,793169.0,363.583251953125,358.0,430119.0,288.1349182128906,288.0,363050.0,429.762026171875,505.4686912109375,358.6818564941406,428.5152,491.5152,361.5152,178.2972744628906,217.210451953125,141.7621182128906,172.6272,211.6272,141.6272,6mM 2DG,1h,yes,MN,2.4103678952272616,2.4823156489823157,2.3270919362573768,2.3225521105037537,2.5301671632437923,2.5525831196267386
vLH92_MN_60x-1xzoom_0002_XY10_488.tif,11,4011,1997,2014,0.49788082772375963,402.7825622558594,0.6343699823821973,458.37396240234375,405.0,1838538.0,587.17724609375,544.0,1182575.0,328.4742126464844,324.0,655963.0,False,vLH92_MN_60x-1xzoom_0002_XY10_Dapi-ex_Green-em.tif,284.6522216796875,263.0,1141740.0,338.53973388671875,323.0,681819.0,230.3059539794922,229.0,459921.0,313.88916240234374,442.69244609375,183.98941264648437,260.5152,399.5152,179.5152,138.2794216796875,192.16693388671874,83.93315397949218,116.62719999999999,176.6272,82.62719999999999,6mM 2DG,1h,yes,MN,2.269962938733149,2.2337430719420515,2.303686888997847,2.261912095079354,2.192094588646573,2.172592076217033
vLH92_MN_60x-1xzoom_0002_XY10_488.tif,12,1978,0,1978,0.0,973.519775390625,,934.8488159179688,986.0,1849131.0,934.8488159179688,986.0,1849131.0,,,,True,vLH92_MN_60x-1xzoom_0002_XY10_Dapi-ex_Green-em.tif,445.9044494628906,461.0,881999.0,445.9044494628906,461.0,881999.0,,,,790.3640159179688,790.3640159179688,,841.5152,841.5152,,299.53164946289064,299.53164946289064,,314.6272,314.6272,,6mM 2DG,1h,yes,MN,2.638666122044936,2.6746422432644095,2.638666122044936,2.6746422432644095,,
vLH92_MN_60x-1xzoom_0002_XY11_488.tif,1,3248,1615,1633,0.49722906403940886,1098.59716796875,0.5130232957172003,1163.8553466796875,1111.0,3780202.0,1361.2210693359375,1418.0,2222874.0,964.289794921875,976.0,1557328.0,False,vLH92_MN_60x-1xzoom_0002_XY11_Dapi-ex_Green-em.tif,611.7885131835938,579.0,1987089.0,714.5584716796875,727.0,1166874.0,507.8730773925781,519.0,820215.0,1016.0633466796875,1213.4290693359376,816.497794921875,963.208,1270.208,828.208,460.91331318359374,563.6832716796876,356.9978773925781,428.1248,576.1248,368.1248,6mM 2DG,1h,yes,MN,2.2044564945663936,2.249829956124943,2.1526788718070518,2.204744527574581,2.287122267743908,2.2498022409791463
vLH92_MN_60x-1xzoom_0002_XY11_488.tif,2,3279,1618,1661,0.4934431229033242,383.0932312011719,0.6949007924362199,423.6828308105469,375.0,1389256.0,541.2119140625,507.0,898953.0,303.0302734375,300.0,490303.0,False,vLH92_MN_60x-1xzoom_0002_XY11_Dapi-ex_Green-em.tif,285.4236145019531,254.0,935904.0,350.2811584472656,320.0,581817.0,218.84239196777344,217.0,354087.0,275.89083081054684,393.41991406249997,155.2382734375,227.208,359.20799999999997,152.208,134.54841450195312,199.40595844726562,67.96719196777343,103.1248,169.1248,66.1248,6mM 2DG,1h,yes,MN,2.050494848503339,2.203233363846524,1.9729596704430614,2.1239226890438303,2.2840177583194263,2.3018292682926833
vLH92_MN_60x-1xzoom_0002_XY11_488.tif,3,2173,1091,1082,0.5020708697653015,584.7293090820312,0.5244635947474753,658.0819091796875,582.0,1430012.0,814.5720825195312,835.5,881367.0,502.8826904296875,502.0,548645.0,False,vLH92_MN_60x-1xzoom_0002_XY11_Dapi-ex_Green-em.tif,640.1380615234375,471.0,1391020.0,864.5406494140625,722.5,935433.0,417.58660888671875,414.0,455587.0,510.28990917968747,666.7800825195312,355.09069042968747,434.20799999999997,687.708,354.20799999999997,489.2628615234375,713.6654494140626,266.71140888671874,320.1248,571.6248,263.1248,6mM 2DG,1h,yes,MN,1.042976995210258,1.3563710153040314,0.9343034373696731,1.2030758637483887,1.3313667079780092,1.346159693042997
vLH92_MN_60x-1xzoom_0002_XY11_488.tif,4,1421,708,713,0.49824067558057705,499.0597839355469,0.5658079418444933,549.9957885742188,490.0,781544.0,649.8611450195312,603.0,463351.0,449.4251403808594,449.0,318193.0,False,vLH92_MN_60x-1xzoom_0002_XY11_Dapi-ex_Green-em.tif,362.1231384277344,342.0,514577.0,396.0420837402344,383.0,282378.0,327.9646911621094,309.0,232199.0,402.2037885742187,502.0691450195312,301.63314038085934,342.20799999999997,455.20799999999997,301.20799999999997,211.24793842773437,245.16688374023437,177.08949116210937,191.1248,232.1248,158.1248,6mM 2DG,1h,yes,MN,1.9039418399427754,1.7904950064041925,2.047866895234907,1.9610485394063881,1.7032808576130674,1.904875136600963
vLH92_MN_60x-1xzoom_0002_XY11_488.tif,5,2804,1405,1399,0.5010699001426534,736.2974548339844,0.7854970402730926,790.573486328125,735.0,2216768.0,977.652587890625,1000.0,1367736.0,604.293212890625,605.0,849032.0,False,vLH92_MN_60x-1xzoom_0002_XY11_Dapi-ex_Green-em.tif,410.03851318359375,372.5,1149748.0,500.1329650878906,480.0,699686.0,320.3288269042969,318.0,450062.0,642.781486328125,829.860587890625,456.50121289062497,587.208,852.208,457.20799999999997,259.16331318359374,349.2577650878906,169.45362690429687,221.6248,329.1248,167.1248,6mM 2DG,1h,yes,MN,2.4802178920778517,2.649559074616198,2.3760691123983766,2.589315663845447,2.6939595288122415,2.7357280307889673
vLH92_MN_60x-1xzoom_0002_XY11_488.tif,6,4279,1832,2447,0.42813741528394483,774.8233032226562,0.5737674292738548,849.92919921875,777.0,3636847.0,1008.0571899414062,1015.0,2466716.0,638.7177734375,631.0,1170131.0,False,vLH92_MN_60x-1xzoom_0002_XY11_Dapi-ex_Green-em.tif,403.7041320800781,387.0,1727450.0,466.053955078125,463.0,1140434.0,320.423583984375,318.0,587016.0,702.13719921875,860.2651899414062,490.92577343749997,629.208,867.208,483.20799999999997,252.82893208007812,315.178755078125,169.548383984375,236.1248,312.1248,167.1248,6mM 2DG,1h,yes,MN,2.777123620473796,2.6647264497418313,2.7294517034568773,2.778401459928849,2.895490726014481,2.8913003934784065
vLH92_MN_60x-1xzoom_0002_XY12_488.tif,1,3291,1656,1636,0.5031905195989061,318.96905517578125,0.6879418944052831,396.8638610839844,317.0,1306079.0,517.9425659179688,445.0,847354.0,277.2149658203125,276.0,459068.0,False,vLH92_MN_60x-1xzoom_0002_XY12_Dapi-ex_Green-em.tif,254.0306854248047,228.0,836015.0,299.0079345703125,283.0,489177.0,209.57427978515625,210.0,347055.0,248.98386108398438,370.06256591796875,129.3349658203125,169.12,297.12,128.12,105.2706854248047,150.2479345703125,60.81427978515626,79.24000000000001,134.24,61.24000000000001,6mM 2DG,1h,yes,MN,2.3651775428196924,2.134275618374558,2.4630126662059912,2.213349225268176,2.1267203406375126,2.0920966688438924
vLH92_MN_60x-1xzoom_0002_XY12_488.tif,2,3419,1719,1700,0.5027785902310618,976.046875,0.28297688584268693,1003.82861328125,976.0,3432090.0,1149.12646484375,1105.5,1953515.0,860.13671875,904.0,1478575.0,False,vLH92_MN_60x-1xzoom_0002_XY12_Dapi-ex_Green-em.tif,413.68646240234375,398.0,1414394.0,465.33941650390625,447.0,791077.0,362.60443115234375,369.0,623317.0,855.94861328125,1001.24646484375,712.25671875,828.12,957.62,756.12,264.92646240234376,316.57941650390626,213.84443115234376,249.24,298.24,220.24,6mM 2DG,1h,yes,MN,3.2308913406367123,3.32258064516129,3.1627023509641083,3.2109039699570814,3.3307237177599682,3.43316382128587
vLH92_MN_60x-1xzoom_0002_XY12_488.tif,3,3487,1721,1766,0.49354746200172067,724.0671997070312,0.5956167587776646,864.6859741210938,733.0,3015160.0,1067.614990234375,1080.0,1885408.0,656.450927734375,659.0,1129752.0,False,vLH92_MN_60x-1xzoom_0002_XY12_Dapi-ex_Green-em.tif,383.36822509765625,345.0,1336805.0,448.7757568359375,462.0,792538.0,316.25042724609375,315.0,544267.0,716.8059741210938,919.734990234375,508.570927734375,585.12,932.12,511.12,234.60822509765626,300.0157568359375,167.49042724609376,196.24,313.24,166.24,6mM 2DG,1h,yes,MN,3.0553318146570585,2.981655116184264,3.0656222857565734,2.9757374537096157,3.036417878301376,3.0745909528392685
vLH92_MN_60x-1xzoom_0002_XY12_488.tif,4,3073,1559,1514,0.5073218353400586,1133.193359375,0.6392228281259288,1286.6768798828125,1144.0,3953958.0,1587.62548828125,1642.0,2403665.0,994.4150390625,1001.0,1550293.0,False,vLH92_MN_60x-1xzoom_0002_XY12_Dapi-ex_Green-em.tif,503.4217529296875,448.0,1547015.0,606.9068603515625,614.0,918857.0,402.9236755371094,403.0,628158.0,1138.7968798828124,1439.74548828125,846.5350390625,996.12,1494.12,853.12,354.6617529296875,458.1468603515625,254.16367553710938,299.24,465.24,254.24,6mM 2DG,1h,yes,MN,3.210937944325171,3.3288330437107336,3.142541426948665,3.2115037400051585,3.330668858457317,3.355569540591567
vLH92_MN_60x-1xzoom_0002_XY12_488.tif,5,4403,2097,2307,0.4762661821485351,740.3385009765625,0.6340491452037587,847.7122192382812,740.0,3732477.0,1053.6124267578125,1068.0,2430684.0,621.0257568359375,627.0,1302291.0,False,vLH92_MN_60x-1xzoom_0002_XY12_Dapi-ex_Green-em.tif,382.5696105957031,343.0,1684454.0,455.19940185546875,450.0,1050145.0,302.6289978027344,302.0,634613.0,699.8322192382813,905.7324267578125,473.1457568359375,592.12,920.12,479.12,233.80961059570313,306.43940185546876,153.86899780273438,194.24,301.24,153.24,6mM 2DG,1h,yes,MN,2.9931713134256532,3.0483937397034597,2.955665692054178,3.054441641216306,3.074990827213468,3.12659879926912
vLH92_MN_60x-1xzoom_0002_XY12_488.tif,6,3949,2022,1927,0.5120283616105343,478.3289489746094,0.5291261857722047,598.7528686523438,479.0,2364475.0,784.8027954101562,729.0,1512315.0,421.4441223144531,418.0,852160.0,False,vLH92_MN_60x-1xzoom_0002_XY12_Dapi-ex_Green-em.tif,300.6864929199219,268.0,1187411.0,357.4281311035156,352.0,688764.0,246.61077880859375,246.0,498647.0,450.87286865234375,636.9227954101563,273.56412231445313,331.12,581.12,270.12,151.92649291992188,208.66813110351563,97.85077880859376,119.24000000000001,203.24,97.24000000000001,6mM 2DG,1h,yes,MN,2.9677040520509608,2.776920496477692,3.052324243485906,2.8592796693564257,2.795727593027878,2.777869189633895
vLH92_MN_60x-1xzoom_0002_XY13_488.tif,1,3565,1687,1878,0.47321178120617113,948.6495971679688,0.6075742854600503,1112.1763916015625,954.0,3964909.0,1344.855224609375,1397.5,2525638.0,853.1541137695312,859.0,1439271.0,False,vLH92_MN_60x-1xzoom_0002_XY13_Dapi-ex_Green-em.tif,429.26312255859375,368.0,1530323.0,522.05322265625,538.0,980416.0,325.9674072265625,328.0,549907.0,971.6019916015625,1204.280824609375,712.5797137695313,813.4256,1256.9256,718.4256,284.8679225585937,377.65802265624995,181.57220722656248,223.60479999999998,393.60479999999995,183.60479999999998,6mM 2DG,1h,yes,MN,3.410710419323244,3.6377823731869805,3.1888130328573205,3.1933695930537436,3.924497722718033,3.9128911662440204
vLH92_MN_60x-1xzoom_0002_XY13_488.tif,2,2629,1306,1323,0.49676683149486495,408.45098876953125,0.7416954440272121,463.0521240234375,415.0,1217364.0,547.306884765625,532.0,724087.0,377.70062255859375,380.0,493277.0,False,vLH92_MN_60x-1xzoom_0002_XY13_Dapi-ex_Green-em.tif,433.8041076660156,401.0,1140471.0,494.05517578125,498.0,653635.0,372.7687683105469,373.0,486836.0,322.47772402343753,406.73248476562503,237.12622255859375,274.42560000000003,391.42560000000003,239.4256,289.4089076660156,349.65997578124995,228.37356831054686,256.60479999999995,353.60479999999995,228.60479999999998,6mM 2DG,1h,yes,MN,1.1142632983349086,1.069448428088641,1.1632228820495032,1.1069578241019356,1.0383260388353912,1.0473340892229734
vLH92_MN_60x-1xzoom_0002_XY13_488.tif,3,3061,1703,1358,0.5563541326363933,1299.0450439453125,0.4372026025103975,1337.7918701171875,1309.0,4094981.0,1550.1318359375,1566.5,2105079.0,1168.4686279296875,1193.0,1989902.0,False,vLH92_MN_60x-1xzoom_0002_XY13_Dapi-ex_Green-em.tif,588.7984619140625,564.0,1802312.0,671.3085327148438,676.0,911637.0,523.0035400390625,521.0,890675.0,1197.2174701171875,1409.5574359375,1027.8942279296875,1168.4256,1425.9256,1052.4256,444.40326191406245,526.9133327148437,378.60834003906245,419.60479999999995,531.6048,376.60479999999995,6mM 2DG,1h,yes,MN,2.693988934646259,2.784585876996641,2.67512197627447,2.682303846767373,2.7149275893490246,2.7945092574497195
vLH92_MN_60x-1xzoom_0002_XY13_488.tif,4,3730,1645,2085,0.4410187667560322,1331.0565185546875,0.6469525768290563,1383.433837890625,1345.5,5160208.0,1535.83544921875,1589.0,3202217.0,1190.26806640625,1226.0,1957991.0,False,vLH92_MN_60x-1xzoom_0002_XY13_Dapi-ex_Green-em.tif,618.5906372070312,602.0,2307343.0,683.2326049804688,702.0,1424540.0,536.6583862304688,548.0,882803.0,1242.859437890625,1395.26104921875,1049.69366640625,1204.9256,1448.4256,1085.4256,474.1954372070312,538.8374049804687,392.2631862304687,457.60479999999995,557.6048,403.60479999999995,6mM 2DG,1h,yes,MN,2.620985653533396,2.633113988314808,2.5893915981377056,2.5975845258146992,2.6759933209473226,2.689327778064087
vLH92_MN_60x-1xzoom_0002_XY13_488.tif,5,3225,1397,1828,0.43317829457364343,535.11083984375,0.7144607551647396,563.9181518554688,531.0,1818636.0,663.62255859375,656.0,1213102.0,433.453125,425.0,605534.0,False,vLH92_MN_60x-1xzoom_0002_XY13_Dapi-ex_Green-em.tif,347.10357666015625,332.0,1119409.0,392.2171630859375,390.0,716973.0,288.07159423828125,283.0,402436.0,423.3437518554688,523.04815859375,292.87872500000003,390.42560000000003,515.4256,284.42560000000003,202.70837666015623,247.82196308593748,143.67639423828123,187.60479999999998,245.60479999999998,138.60479999999998,6mM 2DG,1h,yes,MN,2.088437383942999,2.0811066667803813,2.1105803217787122,2.0985974215487646,2.0384609911233786,2.052061689061274
vLH92_MN_60x-1xzoom_0002_XY13_488.tif,6,3949,1860,2089,0.4710053178019752,855.5186157226562,0.7573070985841699,902.8123779296875,871.0,3565206.0,1082.29443359375,1114.0,2260913.0,701.2327880859375,702.0,1304293.0,False,vLH92_MN_60x-1xzoom_0002_XY13_Dapi-ex_Green-em.tif,399.6837158203125,385.0,1578351.0,465.4810791015625,472.0,972390.0,325.7854919433594,323.0,605961.0,762.2379779296875,941.72003359375,560.6583880859375,730.4256,973.4256,561.4256,255.28851582031248,321.08587910156245,181.39029194335936,240.60479999999998,327.60479999999995,178.60479999999998,6mM 2DG,1h,yes,MN,2.985790314462076,3.0357898096796077,2.9329226069635883,2.9713410792515864,3.0908952297238037,3.143395922170065
vLH92_MN_60x-1xzoom_0002_XY13_488.tif,7,3847,1825,2022,0.47439563296074866,654.52734375,0.7430566961914573,689.2194213867188,649.0,2651427.0,801.1127319335938,818.0,1619850.0,565.2476806640625,567.0,1031577.0,False,vLH92_MN_60x-1xzoom_0002_XY13_Dapi-ex_Green-em.tif,328.92852783203125,310.0,1265388.0,375.22698974609375,374.0,758709.0,277.63232421875,277.0,506679.0,548.6450213867188,660.5383319335938,424.67328066406253,508.42560000000003,677.4256,426.42560000000003,184.53332783203123,230.83178974609373,133.23712421874998,165.60479999999998,229.60479999999998,132.60479999999998,6mM 2DG,1h,yes,MN,2.9731486871906134,3.070113909741747,2.861557035363981,2.9503982495139476,3.1873494955267114,3.2157629286421012
vLH92_MN_60x-1xzoom_0002_XY14_488.tif,1,2549,1269,1280,0.49784229109454686,248.802978515625,0.6975753334085879,269.6857604980469,252.0,687429.0,317.6796875,321.0,406630.0,221.2758026123047,220.0,280799.0,False,vLH92_MN_60x-1xzoom_0002_XY14_Dapi-ex_Green-em.tif,221.7351837158203,209.0,565203.0,252.046875,244.0,322620.0,191.16075134277344,191.0,242583.0,129.98976049804688,177.9836875,81.57980261230469,112.304,181.304,80.304,77.83118371582032,108.142875,47.25675134277344,65.096,100.096,47.096000000000004,6mM 2DG,1h,yes,MN,1.670150115828504,1.7252058498218015,1.6458198240059736,1.8113011508951407,1.726310004269474,1.7051129607609987
vLH92_MN_60x-1xzoom_0002_XY14_488.tif,2,3927,1848,2079,0.47058823529411764,641.3043212890625,0.3388068641117446,671.8607177734375,646.0,2638397.0,758.8980102539062,795.0,1577749.0,573.9437255859375,604.5,1060648.0,False,vLH92_MN_60x-1xzoom_0002_XY14_Dapi-ex_Green-em.tif,298.5673522949219,278.0,1172474.0,334.8148193359375,321.0,696080.0,257.7889709472656,261.0,476394.0,532.1647177734375,619.2020102539062,434.2477255859375,506.304,655.304,464.804,154.66335229492188,190.9108193359375,113.88497094726563,134.096,177.096,117.096,6mM 2DG,1h,yes,MN,3.4407938912294624,3.7756830927097003,3.243409736586606,3.700275556760175,3.8130380327972833,3.9694267951082867
vLH92_MN_60x-1xzoom_0002_XY14_488.tif,3,4328,2102,2226,0.4856746765249538,481.3182067871094,0.4410557174088576,510.2398376464844,482.0,2208318.0,590.9209594726562,606.0,1315390.0,424.7992248535156,426.0,892928.0,False,vLH92_MN_60x-1xzoom_0002_XY14_Dapi-ex_Green-em.tif,314.4283752441406,298.0,1360846.0,361.1783447265625,354.0,803983.0,264.9205627441406,264.0,556863.0,370.54383764648435,451.2249594726562,285.1032248535156,342.304,466.304,286.304,170.52437524414063,217.2743447265625,121.01656274414063,154.096,210.096,120.096,6mM 2DG,1h,yes,MN,2.1729669856052825,2.2213684975599626,2.0767521358332393,2.219480618383977,2.355902517709872,2.3839594990674122
vLH92_MN_60x-1xzoom_0002_XY14_488.tif,4,3132,1566,1566,0.5,263.5339813232422,0.8663902850988009,292.15582275390625,263.0,915032.0,349.2733154296875,347.5,546962.0,235.03831481933594,235.0,368070.0,False,vLH92_MN_60x-1xzoom_0002_XY14_Dapi-ex_Green-em.tif,233.7059326171875,215.0,731967.0,267.6941223144531,256.0,419209.0,199.71775817871094,200.0,312758.0,152.45982275390625,209.5773154296875,95.34231481933594,123.304,207.804,95.304,89.8019326171875,123.79012231445313,55.81375817871094,71.096,112.096,56.096000000000004,6mM 2DG,1h,yes,MN,1.697734317186916,1.7343310453471361,1.6930051567225755,1.8538038823865257,1.7082224514260067,1.698944666286366
vLH92_MN_60x-1xzoom_0002_XY14_488.tif,5,5212,2520,2692,0.4834996162701458,596.6814575195312,0.4633703896140314,635.4639282226562,599.0,3312038.0,757.8480834960938,782.0,2040127.0,504.7265930175781,501.0,1271911.0,False,vLH92_MN_60x-1xzoom_0002_XY14_Dapi-ex_Green-em.tif,336.0335693359375,315.0,1751407.0,397.8421325683594,392.0,1070991.0,270.00634765625,267.0,680416.0,495.7679282226562,618.1520834960937,365.0305930175781,459.304,642.304,361.304,192.1295693359375,253.93813256835938,126.10234765625,171.096,248.096,123.096,6mM 2DG,1h,yes,MN,2.580383279555521,2.684481226913545,2.4342625396352755,2.588933316135689,2.8947168692896743,2.9351400532917395
vLH92_MN_60x-1xzoom_0002_XY14_488.tif,6,3672,1527,2145,0.4158496732026144,706.4822998046875,0.6376008962262784,814.6045532226562,703.0,2991228.0,968.3496704101562,1057.0,2077110.0,598.6365356445312,600.0,914118.0,False,vLH92_MN_60x-1xzoom_0002_XY14_Dapi-ex_Green-em.tif,464.6653137207031,423.0,1706251.0,544.4969482421875,576.0,1167946.0,352.5245666503906,353.0,538305.0,674.9085532226562,828.6536704101562,458.9405356445312,563.304,917.304,460.304,320.76131372070313,400.5929482421875,208.62056665039063,279.096,432.096,209.096,6mM 2DG,1h,yes,MN,2.10408339270714,2.0183162782698427,2.0685677919352066,2.1229171295267717,2.199881550574208,2.2014003137314915
vLH92_MN_60x-1xzoom_0002_XY14_488.tif,7,5477,2778,2701,0.5072119773598686,932.397216796875,0.09227229755752829,1019.9691162109375,940.0,5586371.0,1251.8160400390625,1285.0,3381155.0,794.1303100585938,855.5,2206094.0,False,vLH92_MN_60x-1xzoom_0002_XY14_Dapi-ex_Green-em.tif,467.5605163574219,455.0,2560829.0,540.0462646484375,552.0,1458665.0,396.92694091796875,398.0,1102663.0,880.2731162109375,1112.1200400390626,654.4343100585937,800.304,1145.304,715.804,323.6565163574219,396.1422646484375,253.02294091796875,311.096,408.096,254.096,6mM 2DG,1h,yes,MN,2.719775662538585,2.5725306657751945,2.807375378201643,2.806457304163726,2.586462348766883,2.8170612681821043
vLH92_MN_60x-1xzoom_0002_XY14_488.tif,8,3261,1608,1653,0.49310027598896045,482.6793518066406,0.7348596480588399,579.3358154296875,487.0,1889214.0,719.4421997070312,728.0,1189238.0,435.3084716796875,438.0,699976.0,False,vLH92_MN_60x-1xzoom_0002_XY14_Dapi-ex_Green-em.tif,385.84698486328125,329.0,1258247.0,473.07684326171875,486.0,781996.0,296.1759948730469,296.0,476251.0,439.6398154296875,579.7461997070312,295.6124716796875,347.304,588.304,298.304,241.94298486328125,329.17284326171875,152.27199487304688,185.096,342.096,152.096,6mM 2DG,1h,yes,MN,1.8171215655544717,1.8763452478713747,1.7612212294380756,1.7197044104578831,1.9413449723709686,1.9612876078266357
vLH92_MN_60x-1xzoom_0002_XY14_488.tif,9,2950,1544,1465,0.5233898305084745,320.06396484375,0.48689886371489355,311.25457763671875,312.0,918201.0,391.0013732910156,365.0,572817.0,231.54986572265625,220.0,357513.0,False,vLH92_MN_60x-1xzoom_0002_XY14_Dapi-ex_Green-em.tif,264.9084777832031,244.0,781480.0,323.44573974609375,282.0,473848.0,206.45013427734375,197.0,318759.0,171.55857763671875,251.30537329101563,91.85386572265625,172.304,225.304,80.304,121.00447778320313,179.54173974609375,62.546134277343754,100.096,138.096,53.096000000000004,6mM 2DG,1h,yes,MN,1.4177870173043559,1.7213874680306904,1.399704456726382,1.6315027227435985,1.4685778231370041,1.5124303149013107
vLH92_MN_60x-1xzoom_0002_XY15_488.tif,1,3986,1661,2325,0.4167084796788761,711.8867797851562,0.4270587410075016,743.1768798828125,717.0,2962303.0,834.8778686523438,855.0,1941091.0,614.8175659179688,646.0,1021212.0,False,vLH92_MN_60x-1xzoom_0002_XY15_Dapi-ex_Green-em.tif,322.4049072265625,299.0,1285106.0,360.6490173339844,342.0,838509.0,268.87237548828125,274.0,446597.0,601.6072798828125,693.3082686523437,473.24796591796877,575.4304,713.4304,504.4304,176.6305072265625,214.87461733398436,123.09797548828124,153.2256,196.2256,128.2256,6mM 2DG,1h,yes,MN,3.4060213568380675,3.7554455652319194,3.226571277959366,3.6357661793364375,3.844482121178519,3.9339289502252286
vLH92_MN_60x-1xzoom_0002_XY15_488.tif,2,4694,2594,2100,0.5526203664252237,1180.850341796875,0.39473103806071835,1324.1280517578125,1173.0,6215457.0,1645.9656982421875,1744.0,3456528.0,1063.5809326171875,1054.0,2758929.0,False,vLH92_MN_60x-1xzoom_0002_XY15_Dapi-ex_Green-em.tif,508.72900390625,463.0,2387974.0,611.0156860351562,645.0,1283133.0,425.9217529296875,427.0,1104841.0,1182.5584517578125,1504.3960982421875,922.0113326171875,1031.4304,1602.4304,912.4304,362.95460390625,465.24128603515624,280.1473529296875,317.2256,499.2256,281.2256,6mM 2DG,1h,yes,MN,3.2581442390609916,3.251409722292274,3.2335825374889597,3.209832188092918,3.291165606153693,3.2444784543085694
vLH92_MN_60x-1xzoom_0002_XY15_488.tif,3,4104,1383,2721,0.3369883040935672,809.7730407714844,0.4975528989983212,890.2008056640625,809.0,3653384.0,977.3932495117188,937.0,2659487.0,718.6529541015625,727.0,993897.0,False,vLH92_MN_60x-1xzoom_0002_XY15_Dapi-ex_Green-em.tif,404.5163269042969,369.0,1660135.0,435.29437255859375,414.0,1184436.0,343.961669921875,340.0,475699.0,748.6312056640625,835.8236495117187,577.0833541015625,667.4304,795.4304,585.4304,258.74192690429686,289.51997255859374,198.187269921875,223.2256,268.2256,194.2256,6mM 2DG,1h,yes,MN,2.8933509718390757,2.9899366380916885,2.8869291542315367,2.965527526082522,2.91180838370218,3.0141773278084867
vLH92_MN_60x-1xzoom_0002_XY15_488.tif,4,3445,1674,1772,0.48592162554426704,344.43798828125,0.6594060617146524,406.08447265625,333.0,1398961.0,519.8865966796875,468.0,921239.0,285.5400390625,287.0,477994.0,False,vLH92_MN_60x-1xzoom_0002_XY15_Dapi-ex_Green-em.tif,254.8896942138672,231.0,878095.0,295.2816162109375,285.0,523239.0,212.1314239501953,212.0,355108.0,264.51487265625,378.3169966796875,143.97043906250002,191.43040000000002,326.4304,145.43040000000002,109.11529421386717,149.5072162109375,66.3570239501953,85.22559999999999,139.2256,66.22559999999999,6mM 2DG,1h,yes,MN,2.4241777888423046,2.2461607779822033,2.5304263317024493,2.3446147834880944,2.1696337552835097,2.1959846343407996
vLH92_MN_60x-1xzoom_0002_XY15_488.tif,5,3530,1519,2011,0.4303116147308782,597.94921875,0.47344162452371835,677.1385498046875,614.0,2390299.0,783.9423217773438,835.0,1576508.0,535.7412719726562,551.0,813791.0,False,vLH92_MN_60x-1xzoom_0002_XY15_Dapi-ex_Green-em.tif,334.12945556640625,308.0,1179477.0,378.5320739746094,383.0,761228.0,275.344970703125,277.0,418249.0,535.5689498046875,642.3727217773437,394.17167197265627,472.4304,693.4304,409.4304,188.35505556640624,232.75767397460936,129.570570703125,162.2256,237.2256,131.2256,6mM 2DG,1h,yes,MN,2.8434009811638314,2.9121815545758505,2.759834770678357,2.9230841865296155,3.042138888743427,3.1200497463909485
vLH92_MN_60x-1xzoom_0002_XY15_488.tif,6,3515,1769,1748,0.503271692745377,375.5478515625,0.5387152438779965,421.7325744628906,384.0,1482390.0,489.631591796875,495.0,855876.0,354.367431640625,356.0,626876.0,False,vLH92_MN_60x-1xzoom_0002_XY15_Dapi-ex_Green-em.tif,319.7157897949219,294.0,1123801.0,363.248291015625,355.5,634958.0,276.5392761230469,278.0,489198.0,280.16297446289065,348.061991796875,212.79783164062502,242.43040000000002,353.4304,214.43040000000002,173.94138979492186,217.473891015625,130.76487612304686,148.2256,209.7256,132.2256,6mM 2DG,1h,yes,MN,1.6106745771849058,1.6355501343897414,1.6004771431245859,1.6852039045304914,1.6273317266051395,1.621701092677969
vLH92_MN_60x-1xzoom_0002_XY15_488.tif,7,3366,1575,1792,0.4679144385026738,287.91664123535156,0.6517183904455349,291.6221008300781,285.0,981600.0,331.7706604003906,316.0,594533.0,245.88571166992188,245.0,387270.0,False,vLH92_MN_60x-1xzoom_0002_XY15_Dapi-ex_Green-em.tif,252.23114013671875,248.0,849010.0,260.37945556640625,256.0,466600.0,242.9066619873047,238.0,382578.0,150.05250083007815,190.20106040039065,104.3161116699219,143.43040000000002,174.43040000000002,103.43040000000002,106.45674013671874,114.60505556640624,97.13226198730467,102.22559999999999,110.22559999999999,92.22559999999999,6mM 2DG,1h,yes,MN,1.4095162094703526,1.4030771157126987,1.6596219028939905,1.582485375448172,1.0739594603856355,1.121493381447234
vLH92_MN_60x-1xzoom_0002_XY15_488.tif,8,5881,2257,3624,0.38377826900187045,728.703857421875,0.5988724936936917,843.906494140625,739.0,4963014.0,986.275634765625,983.5,3574263.0,615.308349609375,603.0,1388751.0,False,vLH92_MN_60x-1xzoom_0002_XY15_Dapi-ex_Green-em.tif,350.7218017578125,318.0,2062595.0,394.31732177734375,379.0,1429006.0,280.72174072265625,279.0,633589.0,702.336894140625,844.706034765625,473.738749609375,597.4304,841.9304,461.4304,204.9474017578125,248.54292177734374,134.94734072265624,172.2256,233.2256,133.2256,6mM 2DG,1h,yes,MN,3.4269128962687727,3.4688826748172166,3.3986324322780423,3.6099399036812425,3.5105452769388235,3.4635265294357844
vLH92_MN_60x-1xzoom_0002_XY15_488.tif,9,4379,1811,2568,0.4135647408084037,530.4111938476562,0.4085808621033085,585.7090454101562,537.0,2564820.0,649.5681762695312,647.0,1668091.0,495.1568298339844,500.0,896729.0,False,vLH92_MN_60x-1xzoom_0002_XY15_Dapi-ex_Green-em.tif,307.02923583984375,283.0,1344481.0,334.8991394042969,320.0,860021.0,267.5096740722656,268.0,484460.0,444.13944541015627,507.99857626953127,353.5872298339844,395.4304,505.4304,358.4304,161.25483583984374,189.12473940429686,121.73527407226561,137.2256,174.2256,122.22559999999999,6mM 2DG,1h,yes,MN,2.7542705500706344,2.8816080964484767,2.686050370087065,2.9010111028459655,2.9045585392454507,2.9325313191344535
vLH92_MN_60x-1xzoom_0002_XY15_488.tif,10,3630,1700,1930,0.46831955922865015,474.8625946044922,0.836766838704611,538.495849609375,477.0,1954740.0,648.495361328125,672.0,1251596.0,413.6141052246094,413.0,703144.0,False,vLH92_MN_60x-1xzoom_0002_XY15_Dapi-ex_Green-em.tif,431.6402282714844,388.0,1566854.0,503.2880859375,520.0,971346.0,350.298828125,351.0,595508.0,396.926249609375,506.925761328125,272.0445052246094,335.4304,530.4304,271.4304,285.86582827148436,357.5136859375,204.524428125,242.2256,374.2256,205.2256,6mM 2DG,1h,yes,MN,1.3885054118200428,1.3847850929051266,1.417919876266625,1.4174081089054302,1.330132090912597,1.322595231783949
vLH92_MN_60x-1xzoom_0002_XY15_488.tif,11,2146,1099,1047,0.5121155638397018,277.2330627441406,0.4583576735558102,303.933349609375,280.0,652241.0,346.2053527832031,323.0,362477.0,263.6614990234375,263.0,289764.0,False,vLH92_MN_60x-1xzoom_0002_XY15_Dapi-ex_Green-em.tif,264.6197509765625,255.0,567874.0,283.6036376953125,276.0,296933.0,246.53411865234375,246.0,270941.0,162.36374960937502,204.63575278320315,122.09189902343752,138.43040000000002,181.43040000000002,121.43040000000002,118.84535097656249,137.8292376953125,100.75971865234374,109.22559999999999,130.2256,100.22559999999999,6mM 2DG,1h,yes,MN,1.3661767016986202,1.2673805408255943,1.4847049595933643,1.3932007224385992,1.2117133776911115,1.2115706965086768
vLH92_MN_60x-1xzoom_0002_XY15_488.tif,12,5657,1882,3775,0.3326851688173944,1111.86767578125,0.6597106211675271,1201.001220703125,1143.0,6794064.0,1340.4267578125,1487.0,5060111.0,921.3352661132812,922.5,1733953.0,False,vLH92_MN_60x-1xzoom_0002_XY15_Dapi-ex_Green-em.tif,418.0316467285156,403.0,2364805.0,448.7621154785156,469.0,1694077.0,356.3910827636719,349.0,670728.0,1059.431620703125,1198.8571578125,779.7656661132812,1001.4304,1345.4304,780.9304,272.2572467285156,302.9877154785156,210.61668276367186,257.2256,323.2256,203.2256,6mM 2DG,1h,yes,MN,3.891288968185112,3.8931988106938036,3.956784703033642,4.162511880247109,3.7022977281825216,3.8426773004975754
vLH92_MN_60x-1xzoom_0002_XY16_488.tif,1,4354,2451,1903,0.5629306384933395,1315.2568359375,0.19658998072731548,1445.489013671875,1327.0,6293659.0,1848.8355712890625,1826.0,3518334.0,1132.323486328125,1231.0,2775325.0,False,vLH92_MN_60x-1xzoom_0002_XY16_Dapi-ex_Green-em.tif,558.7379150390625,518.0,2432745.0,693.7109985351562,675.0,1320132.0,453.9424743652344,478.0,1112613.0,1303.562613671875,1706.9091712890624,990.3970863281249,1185.0736,1684.0736,1089.0736,413.55551503906247,548.5285985351562,308.76007436523435,372.81759999999997,529.8176,332.81759999999997,6mM 2DG,1h,yes,MN,3.1520861559511464,3.1786954263961786,3.1117961321385206,3.178591273676073,3.207659177969292,3.272283677305527
vLH92_MN_60x-1xzoom_0002_XY16_488.tif,2,3910,1989,1922,0.508695652173913,1274.7276000976562,0.46491571564901335,1434.2059326171875,1288.5,5607745.0,1839.404296875,1794.0,3535335.0,1042.2418212890625,1049.0,2073019.0,False,vLH92_MN_60x-1xzoom_0002_XY16_Dapi-ex_Green-em.tif,540.8298950195312,511.5,2114645.0,653.3823852539062,632.0,1255801.0,431.9632873535156,424.0,859175.0,1292.2795326171874,1697.477896875,900.3154212890624,1146.5736,1652.0736,907.0735999999999,395.6474950195312,508.1999852539062,286.7808873535156,366.31759999999997,486.81759999999997,278.81759999999997,6mM 2DG,1h,yes,MN,3.266239642319469,3.1299986678226763,3.340176989629207,3.3936192939614345,3.1393843208917933,3.253286736561824
vLH92_MN_60x-1xzoom_0002_XY16_488.tif,3,3167,1542,1625,0.4868961161982949,550.4522705078125,0.7009418227095177,690.0239868164062,565.0,2185306.0,891.2867431640625,957.0,1448341.0,477.9280090332031,471.0,736965.0,False,vLH92_MN_60x-1xzoom_0002_XY16_Dapi-ex_Green-em.tif,359.7202453613281,313.0,1139234.0,435.4159851074219,448.0,707551.0,279.9500732421875,280.0,431683.0,548.0975868164062,749.3603431640624,336.0016090332031,423.0736,815.0735999999999,329.0736,214.53784536132812,290.23358510742185,134.7676732421875,167.8176,302.81759999999997,134.8176,6mM 2DG,1h,yes,MN,2.5547827512357615,2.5210323589420893,2.581921533604416,2.691632190467133,2.4931914379005664,2.4408801224765906
vLH92_MN_60x-1xzoom_0002_XY16_488.tif,4,3742,1884,1858,0.5034740780331374,632.1446228027344,0.1280623318949951,591.1210327148438,630.5,2211975.0,708.5123901367188,708.0,1316416.0,475.34979248046875,466.0,895559.0,False,vLH92_MN_60x-1xzoom_0002_XY16_Dapi-ex_Green-em.tif,333.8484802246094,334.0,1249261.0,385.89398193359375,375.0,716991.0,282.521240234375,277.0,532270.0,449.19463271484375,566.5859901367187,333.42339248046875,488.5736,566.0735999999999,324.0736,188.66608022460937,240.71158193359375,137.338840234375,188.8176,229.8176,131.8176,6mM 2DG,1h,yes,MN,2.3808976800709054,2.5875426866986975,2.3537961305618667,2.4631429446656825,2.4277428869463766,2.4585002306217074
vLH92_MN_60x-1xzoom_0002_XY16_488.tif,5,4075,2247,1828,0.5514110429447853,1994.1630859375,0.1283243848815288,2082.08544921875,2007.0,8484498.0,2615.513671875,2701.0,4781159.0,1648.1259765625,1830.0,3703339.0,False,vLH92_MN_60x-1xzoom_0002_XY16_Dapi-ex_Green-em.tif,725.6076049804688,683.0,2956851.0,897.3172607421875,925.0,1640296.0,585.916748046875,620.0,1316555.0,1940.15904921875,2473.587271875,1506.1995765625,1865.0736,2559.0736,1688.0736,580.4252049804687,752.1348607421875,440.73434804687497,537.8176,779.8176,474.81759999999997,6mM 2DG,1h,yes,MN,3.3426512711212055,3.467855272865745,3.288754983958764,3.281630986528132,3.4174771792515384,3.555204356367582
vLH92_MN_60x-1xzoom_0002_XY16_488.tif,6,4469,1868,2601,0.4179906019243679,556.4324340820312,0.7605643334167902,596.9098510742188,560.0,2667590.0,697.151123046875,729.0,1813290.0,457.33404541015625,451.0,854300.0,False,vLH92_MN_60x-1xzoom_0002_XY16_Dapi-ex_Green-em.tif,373.53814697265625,346.0,1669342.0,427.9669494628906,436.0,1113142.0,297.7516174316406,296.0,556200.0,454.98345107421875,555.2247230468749,315.40764541015625,418.0736,587.0735999999999,309.0736,228.35574697265625,282.7845494628906,152.56921743164062,200.8176,290.81759999999997,150.8176,6mM 2DG,1h,yes,MN,1.9924326718551968,2.081857367083363,1.9634195860468546,2.0187003812699094,2.0673085352323852,2.04932050370779
vLH92_MN_60x-1xzoom_0002_XY16_488.tif,7,597,290,307,0.48576214405360135,2481.03076171875,0.1754405071573878,2393.1640625,2521.0,1428719.0,2823.75244140625,2848.0,866892.0,1937.33447265625,1974.0,561827.0,False,vLH92_MN_60x-1xzoom_0002_XY16_Dapi-ex_Green-em.tif,758.86767578125,794.0,453044.0,874.75244140625,882.0,268549.0,636.1896362304688,646.0,184495.0,2251.2376625,2681.82604140625,1795.40807265625,2379.0736,2706.0736,1832.0736,613.68527578125,729.57004140625,491.0072362304687,648.8176,736.8176,500.81759999999997,6mM 2DG,1h,yes,MN,3.6683911955261914,3.6667833918192114,3.6758993505777964,3.672650599008493,3.656581696106658,3.6581653679902626
vLH92_MN_60x-1xzoom_0002_XY16_488.tif,8,984,0,984,0.0,887.65673828125,,842.8709106445312,897.0,829385.0,842.8709106445312,897.0,829385.0,,,,True,vLH92_MN_60x-1xzoom_0002_XY16_Dapi-ex_Green-em.tif,449.7073059082031,468.0,442512.0,449.7073059082031,468.0,442512.0,,,,700.9445106445312,700.9445106445312,,755.0735999999999,755.0735999999999,,304.5249059082031,304.5249059082031,,322.81759999999997,322.81759999999997,,6mM 2DG,1h,yes,MN,2.301764148170613,2.339010016802058,2.301764148170613,2.339010016802058,,
vLH92_MN_60x-1xzoom_0002_XY17_488.tif,1,3431,1666,1765,0.4855727193238123,421.84136962890625,0.5701543774993852,453.2964172363281,428.0,1555260.0,554.6532592773438,567.0,978963.0,345.91656494140625,337.0,576297.0,False,vLH92_MN_60x-1xzoom_0002_XY17_Dapi-ex_Green-em.tif,285.0443115234375,269.0,977987.0,327.08782958984375,320.0,577310.0,240.5023956298828,237.0,400677.0,308.4772172363281,409.8340592773437,201.09736494140625,283.1808,422.1808,192.1808,137.1275115234375,179.17102958984376,92.58559562988282,121.0832,172.0832,89.0832,6mM 2DG,1h,yes,MN,2.249564757715332,2.3387290722412355,2.2873902115511147,2.4533527967866706,2.172015674504127,2.1573181026276558
vLH92_MN_60x-1xzoom_0002_XY17_488.tif,2,4267,2016,2251,0.4724630888211859,295.3740539550781,0.5121474806218563,307.1633605957031,291.0,1310666.0,359.68768310546875,336.0,809657.0,248.51637268066406,245.0,501009.0,False,vLH92_MN_60x-1xzoom_0002_XY17_Dapi-ex_Green-em.tif,279.8577575683594,274.0,1194153.0,307.4700012207031,305.0,692115.0,249.0267791748047,242.5,502038.0,162.34416059570313,214.86848310546875,103.69717268066407,146.1808,191.1808,100.1808,131.94095756835938,159.55320122070313,101.10997917480469,126.0832,157.0832,94.5832,6mM 2DG,1h,yes,MN,1.2304303651244284,1.15939950762671,1.3466886371540134,1.2170671338500871,1.0255879145359776,1.0591817574368387
vLH92_MN_60x-1xzoom_0002_XY17_488.tif,3,3608,1710,1898,0.47394678492239467,618.5922546386719,0.21932117320446717,683.850341796875,622.0,2467332.0,856.0526733398438,897.0,1624788.0,492.7157897949219,499.0,842544.0,False,vLH92_MN_60x-1xzoom_0002_XY17_Dapi-ex_Green-em.tif,334.59674072265625,319.0,1207225.0,386.6854553222656,388.0,733929.0,276.7812805175781,273.0,473296.0,539.031141796875,711.2334733398437,347.89658979492185,477.1808,752.1808,354.1808,186.67994072265626,238.76865532226563,128.86448051757813,171.0832,240.0832,125.0832,6mM 2DG,1h,yes,MN,2.88746150073882,2.789173922395653,2.978755617565853,3.1330005598059336,2.6997089376188965,2.8315617125241435
vLH92_MN_60x-1xzoom_0002_XY17_488.tif,4,2502,1178,1324,0.4708233413269384,379.57806396484375,0.8423143342158145,396.88690185546875,383.0,993011.0,439.41314697265625,441.0,581783.0,349.0899963378906,349.0,411228.0,False,vLH92_MN_60x-1xzoom_0002_XY17_Dapi-ex_Green-em.tif,364.43646240234375,356.0,911820.0,393.0793151855469,392.5,520437.0,332.2436218261719,332.0,391383.0,252.06770185546875,294.5939469726562,204.27079633789063,238.1808,296.1808,204.1808,216.51966240234376,245.16251518554688,184.32682182617188,208.0832,244.5832,184.0832,6mM 2DG,1h,yes,MN,1.1641792669483684,1.144642143142743,1.2016272012452558,1.2109613415802882,1.1081989821889664,1.1091767200917846
vLH92_MN_60x-1xzoom_0002_XY17_488.tif,5,3000,1132,1868,0.37733333333333335,291.20689392089844,0.8325956841953707,291.861328125,284.0,875584.0,313.92987060546875,311.0,586421.0,255.44435119628906,255.0,289163.0,False,vLH92_MN_60x-1xzoom_0002_XY17_Dapi-ex_Green-em.tif,246.80433654785156,230.0,740413.0,268.9689636230469,254.0,502434.0,210.2288055419922,209.0,237979.0,147.042128125,169.11067060546875,110.62515119628907,139.1808,166.1808,110.1808,98.88753654785157,121.05216362304688,62.31200554199219,82.0832,106.0832,61.083200000000005,6mM 2DG,1h,yes,MN,1.4869632034351112,1.6956064091068574,1.3970065923982553,1.5665138306536757,1.775342491933413,1.8037823820624983
vLH92_MN_60x-1xzoom_0002_XY17_488.tif,6,3028,1453,1575,0.4798546895640687,441.69154357910156,0.7910854242450258,496.37054443359375,441.0,1503010.0,597.510498046875,622.0,941079.0,386.73846435546875,387.0,561931.0,False,vLH92_MN_60x-1xzoom_0002_XY17_Dapi-ex_Green-em.tif,293.3854064941406,275.0,888371.0,331.0971374511719,329.0,521478.0,252.50723266601562,252.0,366893.0,351.5513444335937,452.691298046875,241.91926435546875,296.1808,477.1808,242.1808,145.46860649414063,183.18033745117188,104.59043266601563,127.0832,181.0832,104.0832,6mM 2DG,1h,yes,MN,2.41668187319684,2.3306054616188447,2.4712876084068975,2.635146717089161,2.3130152365654677,2.326800098382832
vLH92_MN_60x-1xzoom_0002_XY17_488.tif,7,4152,1984,2168,0.47784200385356457,369.9062805175781,0.47143965705692015,423.42822265625,368.0,1758074.0,509.0765686035156,513.0,1103678.0,329.8367004394531,331.0,654396.0,False,vLH92_MN_60x-1xzoom_0002_XY17_Dapi-ex_Green-em.tif,305.5014343261719,279.0,1268442.0,346.3648376464844,337.0,750919.0,260.8482971191406,258.0,517523.0,278.60902265625,364.2573686035156,185.01750043945313,223.1808,368.1808,186.1808,157.58463432617188,198.44803764648438,112.93149711914063,131.0832,189.0832,110.0832,6mM 2DG,1h,yes,MN,1.7679961237818362,1.7025888901094877,1.8355302119560597,1.9471893854134052,1.6383161930835213,1.6912735094910032
vLH92_MN_60x-1xzoom_0002_XY17_488.tif,8,3900,2159,1742,0.5535897435897436,544.8617553710938,0.11124895257142618,581.8256225585938,547.0,2269120.0,708.439697265625,696.0,1234102.0,479.52801513671875,501.0,1035301.0,False,vLH92_MN_60x-1xzoom_0002_XY17_Dapi-ex_Green-em.tif,343.7317810058594,325.0,1340554.0,399.9730224609375,386.0,696753.0,298.30523681640625,301.0,644041.0,437.0064225585937,563.620497265625,334.7088151367187,402.1808,551.1808,356.1808,195.81498100585938,252.0562224609375,150.38843681640626,177.0832,238.0832,153.0832,6mM 2DG,1h,yes,MN,2.231731302241462,2.271140345329201,2.2360903919083857,2.315076410263303,2.2256286601697326,2.326713839271716
vLH92_MN_60x-1xzoom_0002_XY17_488.tif,9,4099,1758,2341,0.4288850939253476,384.9174499511719,0.6951630657547183,401.07659912109375,392.0,1644013.0,455.5668640136719,466.0,1066482.0,328.51593017578125,320.0,577531.0,False,vLH92_MN_60x-1xzoom_0002_XY17_Dapi-ex_Green-em.tif,371.4754943847656,356.0,1522678.0,413.96282958984375,417.0,969087.0,314.898193359375,310.0,553591.0,256.2573991210937,310.74766401367185,183.69673017578125,247.1808,321.1808,175.1808,223.55869438476563,266.0460295898438,166.981393359375,208.0832,269.08320000000003,162.0832,6mM 2DG,1h,yes,MN,1.1462645182568947,1.1878940731399747,1.1680221820740697,1.193611492653573,1.100102990399845,1.0808078813843753
vLH92_MN_60x-1xzoom_0002_XY17_488.tif,10,4012,1883,2129,0.4693419740777667,247.39324188232422,0.799613555841223,271.98577880859375,248.0,1091207.0,317.5218505859375,314.0,676004.0,220.50079345703125,220.0,415203.0,False,vLH92_MN_60x-1xzoom_0002_XY17_Dapi-ex_Green-em.tif,221.61141967773438,208.0,889105.0,247.56787109375,238.0,527072.0,192.26394653320312,192.0,362033.0,127.16657880859375,172.7026505859375,75.68159345703125,103.1808,169.1808,75.1808,73.69461967773438,99.65107109375,44.34714653320313,60.083200000000005,90.0832,44.083200000000005,6mM 2DG,1h,yes,MN,1.725588372186349,1.7172986791648912,1.7330737009686714,1.8780505133032575,1.7065718850787328,1.705429732868757
vLH92_MN_60x-1xzoom_0002_XY17_488.tif,11,3376,1679,1697,0.49733412322274884,303.38214111328125,0.1646067327132358,295.4449157714844,301.0,997422.0,324.9068908691406,323.0,551367.0,265.66705322265625,265.0,446055.0,False,vLH92_MN_60x-1xzoom_0002_XY17_Dapi-ex_Green-em.tif,288.2674865722656,286.0,973191.0,314.8933410644531,319.0,534374.0,261.3561706542969,260.0,438817.0,150.62571577148438,180.08769086914063,120.84785322265625,156.1808,178.1808,120.1808,140.35068657226563,166.97654106445313,113.43937065429688,138.0832,171.0832,112.0832,6mM 2DG,1h,yes,MN,1.0732096824758188,1.1310630112859494,1.0785209091115775,1.0414862476268856,1.0653078602748645,1.072246331296751
vLH92_MN_60x-1xzoom_0002_XY18_488.tif,1,2812,1361,1451,0.48399715504978663,538.6236572265625,0.7648185868115772,650.2578125,545.0,1828525.0,853.8779907226562,899.0,1238977.0,433.17266845703125,429.0,589548.0,False,vLH92_MN_60x-1xzoom_0002_XY18_Dapi-ex_Green-em.tif,325.96337890625,289.5,916609.0,396.6588439941406,406.0,575552.0,250.5929412841797,249.0,341057.0,503.7730125,707.3931907226563,286.68786845703124,398.5152,752.5152,282.5152,176.08977890625,246.78524399414061,100.71934128417968,139.6264,256.1264,99.12639999999999,6mM 2DG,1h,yes,MN,2.8608873020858763,2.854153655755645,2.866432284498549,2.9380618319704648,2.846403330301191,2.8500500371243183
vLH92_MN_60x-1xzoom_0002_XY18_488.tif,2,2786,1271,1515,0.4562096195262024,481.1394805908203,0.43451779300484994,461.7957763671875,482.0,1286563.0,524.2600708007812,530.0,794254.0,387.33990478515625,380.0,492309.0,False,vLH92_MN_60x-1xzoom_0002_XY18_Dapi-ex_Green-em.tif,445.8122863769531,457.0,1242033.0,501.1802062988281,503.0,759288.0,379.8150939941406,367.0,482745.0,315.3109763671875,377.77527080078124,240.85510478515624,335.5152,383.5152,233.5152,295.9386863769531,351.3066062988281,229.94149399414061,307.1264,353.1264,217.1264,6mM 2DG,1h,yes,MN,1.0654604851680622,1.092433603884264,1.0753434863659763,1.0860564375815571,1.0474625549370995,1.07548045746625
vLH92_MN_60x-1xzoom_0002_XY18_488.tif,3,2716,1435,1284,0.5283505154639175,387.15179443359375,0.5944733706499724,392.2025146484375,389.0,1065222.0,445.98675537109375,440.0,572647.0,343.9226379394531,351.0,493529.0,False,vLH92_MN_60x-1xzoom_0002_XY18_Dapi-ex_Green-em.tif,330.27392578125,314.0,897024.0,391.3216552734375,390.5,502457.0,275.4682922363281,267.0,395297.0,245.7177146484375,299.50195537109374,197.43783793945312,242.5152,293.5152,204.5152,180.40032578125,241.4480552734375,125.59469223632811,164.1264,240.6264,117.12639999999999,6mM 2DG,1h,yes,MN,1.3620691292231375,1.4776123768022695,1.2404405371246863,1.2197963315745903,1.572023741002842,1.7461067701218513
vLH92_MN_60x-1xzoom_0002_XY18_488.tif,4,2542,1244,1298,0.4893784421715185,406.48854064941406,0.7906727272322002,444.64752197265625,406.0,1130294.0,516.2681274414062,517.5,670116.0,369.9179992675781,369.0,460178.0,False,vLH92_MN_60x-1xzoom_0002_XY18_Dapi-ex_Green-em.tif,427.5704040527344,393.0,1086884.0,491.0069274902344,488.0,637327.0,361.3802185058594,360.0,449557.0,298.16272197265624,369.78332744140624,223.43319926757812,259.5152,371.0152,222.5152,277.69680405273436,341.13332749023436,211.50661850585936,243.1264,338.1264,210.1264,6mM 2DG,1h,yes,MN,1.073698788107174,1.0674085578530346,1.083984757988772,1.09726776732015,1.0563886881931703,1.0589587981329334
vLH92_MN_60x-1xzoom_0002_XY18_488.tif,5,3518,1678,1840,0.4769755542922115,533.6823425292969,0.4808229310611258,623.328857421875,539.0,2192871.0,745.5451049804688,734.5,1371803.0,489.3134765625,489.0,821068.0,False,vLH92_MN_60x-1xzoom_0002_XY18_Dapi-ex_Green-em.tif,321.7441711425781,290.0,1131896.0,368.6858825683594,356.0,678382.0,270.27056884765625,269.0,453514.0,476.844057421875,599.0603049804688,342.8286765625,392.5152,588.0152,342.5152,171.87057114257811,218.81228256835936,120.39696884765624,140.1264,206.1264,119.12639999999999,6mM 2DG,1h,yes,MN,2.774436916406713,2.8011509608467784,2.7377818920805588,2.8526923285906127,2.8474859445697236,2.8752249711231097
vLH92_MN_60x-1xzoom_0002_XY18_488.tif,6,2152,1081,1071,0.5023234200743495,338.2677001953125,0.6071335430120043,367.254638671875,341.0,790332.0,417.7731018066406,392.0,447435.0,317.2035217285156,317.0,342897.0,False,vLH92_MN_60x-1xzoom_0002_XY18_Dapi-ex_Green-em.tif,332.4400634765625,320.0,715411.0,357.88702392578125,349.0,383297.0,307.2284851074219,307.0,332114.0,220.769838671875,271.2883018066406,170.71872172851562,194.5152,245.5152,170.5152,182.5664634765625,208.01342392578124,157.35488510742186,170.1264,199.1264,157.1264,6mM 2DG,1h,yes,MN,1.2092573546521976,1.1433569393110063,1.3041865120370102,1.2329615761646875,1.084928005965437,1.085210378395992
vLH92_MN_60x-1xzoom_0002_XY18_488.tif,7,5012,2113,2899,0.4215881883479649,759.3687438964844,0.4866454263717815,867.9297485351562,770.5,4350064.0,1019.0196533203125,1085.0,2954138.0,660.6370239257812,663.0,1395926.0,False,vLH92_MN_60x-1xzoom_0002_XY18_Dapi-ex_Green-em.tif,501.9912109375,449.5,2515980.0,577.0296630859375,598.0,1672809.0,399.0397644042969,399.0,843171.0,721.4449485351563,872.5348533203125,514.1522239257813,624.0152,938.5152,516.5152,352.1176109375,427.1560630859375,249.16616440429686,299.6264,448.1264,249.1264,6mM 2DG,1h,yes,MN,2.048874938729523,2.0826442529763733,2.042660584089079,2.094309105645193,2.0634913458454904,2.073305759646509
vLH92_MN_60x-1xzoom_0002_XY18_488.tif,8,3240,1593,1647,0.49166666666666664,319.4907531738281,0.7119617821614915,317.2623596191406,318.0,1027930.0,372.31268310546875,370.0,613199.0,260.34588623046875,257.0,414731.0,False,vLH92_MN_60x-1xzoom_0002_XY18_Dapi-ex_Green-em.tif,241.885498046875,236.0,783709.0,270.0060729980469,262.0,444700.0,212.81167602539062,211.0,339009.0,170.77755961914062,225.82788310546874,113.86108623046874,171.5152,223.5152,110.5152,92.01189804687499,120.13247299804686,62.938076025390615,86.12639999999999,112.12639999999999,61.12639999999999,6mM 2DG,1h,yes,MN,1.8560377868972866,1.991435843132884,1.8798238100795635,1.9934217097846718,1.8090970271244813,1.8079782221756886
vLH92_MN_60x-1xzoom_0002_XY18_488.tif,9,3404,1624,1780,0.4770857814336075,496.69317626953125,0.7863743086796791,524.5684204101562,490.5,1785631.0,684.594970703125,636.0,1218579.0,349.1699523925781,339.0,567052.0,False,vLH92_MN_60x-1xzoom_0002_XY18_Dapi-ex_Green-em.tif,309.1216125488281,282.0,1052250.0,374.90447998046875,349.0,667330.0,237.0196990966797,235.0,384920.0,378.08362041015624,538.110170703125,202.68515239257812,344.0152,489.5152,192.5152,159.24801254882811,225.03087998046874,87.14609909667968,132.1264,199.1264,85.12639999999999,6mM 2DG,1h,yes,MN,2.3741810924907427,2.6036825343004883,2.391272570012745,2.4583139151815128,2.3258086649147622,2.261521690098489
vLH92_MN_60x-1xzoom_0002_XY19_488.tif,1,1057,736,321,0.6963103122043519,333.8194274902344,0.5859148657187393,332.5222473144531,333.0,351476.0,364.2741394042969,363.0,116932.0,318.6739196777344,321.5,234544.0,False,vLH92_MN_60x-1xzoom_0002_XY19_Dapi-ex_Green-em.tif,250.7180633544922,247.0,265009.0,272.5046691894531,266.0,87474.0,241.21603393554688,241.0,177535.0,187.94784731445313,219.69973940429688,174.09951967773438,188.4256,218.4256,176.9256,103.42686335449218,125.21346918945312,93.92483393554687,99.7088,118.7088,93.7088,6mM 2DG,1h,yes,MN,1.8172053296276427,1.8897589781443564,1.7546014883740835,1.8400118609572333,1.8536047643928228,1.8880361289441334
vLH92_MN_60x-1xzoom_0002_XY19_488.tif,2,760,376,384,0.49473684210526314,490.3274688720703,0.1641081108130408,477.8223571777344,493.0,363145.0,529.671875,529.0,203394.0,424.86968994140625,432.0,159751.0,False,vLH92_MN_60x-1xzoom_0002_XY19_Dapi-ex_Green-em.tif,446.45263671875,459.0,339304.0,498.4609375,498.0,191409.0,393.3377685546875,395.5,147895.0,333.2479571777344,385.09747500000003,280.2952899414063,348.42560000000003,384.42560000000003,287.42560000000003,299.16143671875,351.1697375,246.0465685546875,311.7088,350.7088,248.2088,6mM 2DG,1h,yes,MN,1.113940221817527,1.1177919904731597,1.096613500188068,1.096139019038017,1.1391960944137554,1.1579992329039102
vLH92_MN_60x-1xzoom_0002_XY19_488.tif,3,4151,2283,1868,0.5499879547097085,355.0625,0.5998522423465769,401.60467529296875,354.0,1667061.0,510.7516174316406,540.0,954084.0,312.29827880859375,305.0,712977.0,False,vLH92_MN_60x-1xzoom_0002_XY19_Dapi-ex_Green-em.tif,377.06768798828125,328.0,1565208.0,463.50482177734375,494.5,865827.0,306.34295654296875,305.0,699381.0,257.0302752929688,366.17721743164066,167.72387880859375,209.4256,395.42560000000003,160.4256,229.77648798828125,316.21362177734375,159.05175654296875,180.7088,347.2088,157.7088,6mM 2DG,1h,yes,MN,1.1186099915761507,1.1589120175663832,1.158005829646004,1.138869752149139,1.0545239012389165,1.0172266861456052
vLH92_MN_60x-1xzoom_0002_XY19_488.tif,4,1952,0,1952,0.0,429.39903259277344,,413.16033935546875,430.0,806489.0,413.16033935546875,430.0,806489.0,,,,True,vLH92_MN_60x-1xzoom_0002_XY19_Dapi-ex_Green-em.tif,394.0046081542969,419.0,769097.0,394.0046081542969,419.0,769097.0,,,,268.5859393554688,268.5859393554688,,285.42560000000003,285.42560000000003,,246.71340815429687,246.71340815429687,,271.7088,271.7088,,6mM 2DG,1h,yes,MN,1.0886556242111196,1.0504834587617333,1.0886556242111196,1.0504834587617333,,
vLH92_MN_60x-1xzoom_0002_XY19_488.tif,5,3634,1888,1746,0.519537699504678,294.0326232910156,0.6512672335959406,305.4267883300781,296.0,1109921.0,334.1575012207031,326.0,583439.0,278.85699462890625,278.0,526482.0,False,vLH92_MN_60x-1xzoom_0002_XY19_Dapi-ex_Green-em.tif,254.5858612060547,247.0,925165.0,273.150634765625,266.0,476921.0,237.41737365722656,236.0,448244.0,160.85238833007813,189.58310122070313,134.28259462890625,151.4256,181.4256,133.4256,107.29466120605468,125.859434765625,90.12617365722656,99.7088,118.7088,88.7088,6mM 2DG,1h,yes,MN,1.4991648840865268,1.518678391475978,1.506308220545755,1.5283247745744208,1.4899400382803127,1.5040852767707376
vLH92_MN_60x-1xzoom_0002_XY19_488.tif,6,3845,2086,1760,0.5425227568270481,862.5761108398438,0.17678744637623012,854.1680297851562,866.0,3284276.0,971.6835327148438,989.5,1710163.0,754.7200317382812,813.0,1574346.0,False,vLH92_MN_60x-1xzoom_0002_XY19_Dapi-ex_Green-em.tif,392.5136413574219,370.0,1509215.0,451.0170593261719,429.0,793790.0,343.0589599609375,348.0,715621.0,709.5936297851563,827.1091327148438,610.1456317382813,721.4256,844.9256,668.4256,245.22244135742187,303.72585932617187,195.7677599609375,222.7088,281.7088,200.7088,6mM 2DG,1h,yes,MN,2.8936732945697012,3.239322379717371,2.7232094578638084,2.999287207215394,3.116680866451282,3.330325327040967
vLH92_MN_60x-1xzoom_0002_XY19_488.tif,7,2984,1476,1508,0.49463806970509383,347.85191345214844,0.6662376196665633,390.5583190917969,351.5,1165426.0,463.08355712890625,472.0,698330.0,316.460693359375,314.0,467096.0,False,vLH92_MN_60x-1xzoom_0002_XY19_Dapi-ex_Green-em.tif,253.63270568847656,232.0,756840.0,291.1193542480469,272.0,439008.0,215.3333282470703,215.0,317832.0,245.98391909179688,318.5091571289063,171.886293359375,206.9256,327.42560000000003,169.4256,106.34150568847656,143.82815424804687,68.04212824707031,84.7088,124.7088,67.7088,6mM 2DG,1h,yes,MN,2.3131506131989283,2.4427875262074306,2.2145118860359116,2.6255212142206488,2.526174559608604,2.5022685382106906
vLH92_MN_60x-1xzoom_0002_XY19_488.tif,8,5013,2431,2582,0.48493915818870936,637.73095703125,0.12920345068278097,722.4279174804688,645.0,3621531.0,899.276123046875,927.0,2321931.0,534.5947875976562,580.0,1299600.0,False,vLH92_MN_60x-1xzoom_0002_XY19_Dapi-ex_Green-em.tif,292.0791931152344,268.0,1464193.0,335.3694763183594,320.0,865924.0,246.09996032714844,249.0,598269.0,577.8535174804688,754.701723046875,390.0203875976563,500.42560000000003,782.4256,435.42560000000003,144.78799311523437,188.07827631835937,98.80876032714843,120.7088,172.7088,101.7088,6mM 2DG,1h,yes,MN,3.991032025843225,4.145725912278144,4.012700125820987,4.530316926526037,3.9472247835751393,4.28110055373773
vLH92_MN_60x-1xzoom_0002_XY19_488.tif,9,1428,804,624,0.5630252100840336,303.0574493408203,0.43438134079158597,319.6148376464844,305.0,456410.0,355.0785217285156,325.0,221569.0,292.0907897949219,293.0,234841.0,False,vLH92_MN_60x-1xzoom_0002_XY19_Dapi-ex_Green-em.tif,221.87884521484375,219.5,316843.0,229.47756958007812,225.0,143194.0,215.98133850097656,216.0,173649.0,175.04043764648438,210.50412172851563,147.51638979492188,160.4256,180.4256,148.4256,74.58764521484375,82.18636958007812,68.69013850097656,72.2088,77.7088,68.7088,6mM 2DG,1h,yes,MN,2.346775221852016,2.2216904310831924,2.561302108902759,2.3218168341294683,2.147562852749593,2.160212374542999
vLH92_MN_60x-1xzoom_0002_XY19_488.tif,10,2403,1285,1118,0.5347482313774449,580.3223876953125,0.10174885886955704,547.519775390625,578.0,1315690.0,618.795166015625,616.0,691813.0,485.50738525390625,517.0,623877.0,False,vLH92_MN_60x-1xzoom_0002_XY19_Dapi-ex_Green-em.tif,294.29547119140625,297.0,707192.0,303.9266662597656,303.0,339790.0,285.91595458984375,283.0,367402.0,402.94537539062503,474.22076601562503,340.9329852539063,433.42560000000003,471.42560000000003,372.42560000000003,147.00427119140625,156.63546625976562,138.62475458984375,149.7088,155.7088,135.7088,6mM 2DG,1h,yes,MN,2.7410453596002786,2.895124401504788,3.0275439997042124,3.02761051398508,2.4593946893730663,2.744299559055861
vLH92_MN_60x-1xzoom_0002_XY20_488.tif,1,3436,1773,1663,0.5160069848661234,1066.0233154296875,0.1341613878266976,1200.3140869140625,1080.0,4124279.0,1635.02587890625,1699.0,2719048.0,792.5724487304688,844.0,1405231.0,False,vLH92_MN_60x-1xzoom_0002_XY20_Dapi-ex_Green-em.tif,414.3725280761719,380.0,1423784.0,520.0932006835938,530.0,864915.0,315.2109375,324.0,558869.0,1053.4484869140624,1488.16027890625,645.7068487304688,933.1344,1552.1344,697.1344,266.0317280761719,371.75240068359375,166.8701375,231.6592,381.6592,175.6592,6mM 2DG,1h,yes,MN,3.959860331442994,4.028048098240864,4.003095275698984,4.066807245836076,3.8695170891824118,3.968675708417208
vLH92_MN_60x-1xzoom_0002_XY20_488.tif,2,3291,1445,1848,0.43907626861136434,871.942626953125,0.29181521481901285,888.181396484375,873.0,2923005.0,1027.6292724609375,1046.5,1899059.0,709.012451171875,727.0,1024523.0,False,vLH92_MN_60x-1xzoom_0002_XY20_Dapi-ex_Green-em.tif,354.519287109375,341.0,1166723.0,399.42425537109375,394.0,738136.0,296.89202880859375,296.0,429009.0,741.315796484375,880.7636724609375,562.146851171875,726.1344,899.6344,580.1344,206.178487109375,251.08345537109375,148.55122880859375,192.6592,245.6592,147.6592,6mM 2DG,1h,yes,MN,3.595505073674911,3.769009733249178,3.5078522842502524,3.662123787751487,3.7841952280057787,3.9288740559342057
vLH92_MN_60x-1xzoom_0002_XY20_488.tif,3,3794,1785,2009,0.470479704797048,334.15037536621094,0.7693339817725294,378.8407897949219,339.0,1437322.0,444.4922790527344,410.0,892985.0,304.9507141113281,304.0,544337.0,False,vLH92_MN_60x-1xzoom_0002_XY20_Dapi-ex_Green-em.tif,267.14971923828125,244.0,1013566.0,303.4086608886719,288.0,609548.0,226.3406219482422,226.0,404018.0,231.97518979492187,297.6266790527344,158.08511411132812,192.1344,263.1344,157.1344,118.80891923828125,155.06786088867187,77.99982194824219,95.6592,139.6592,77.6592,6mM 2DG,1h,yes,MN,1.9525065229292775,2.0085302825028855,1.9193318160647745,1.884117909883488,2.026736858658826,2.023384222345839
vLH92_MN_60x-1xzoom_0002_XY20_488.tif,4,4150,1547,2603,0.3727710843373494,623.5397033691406,0.7832915268836494,694.980712890625,618.0,2884170.0,806.2401123046875,811.0,2098643.0,507.7744140625,508.0,785527.0,False,vLH92_MN_60x-1xzoom_0002_XY20_Dapi-ex_Green-em.tif,345.48193359375,325.0,1433750.0,385.46368408203125,379.0,1003362.0,278.2081298828125,276.0,430388.0,548.115112890625,659.3745123046875,360.9088140625,471.1344,664.1344,361.1344,197.14113359375,237.12288408203125,129.8673298828125,176.6592,230.6592,127.6592,6mM 2DG,1h,yes,MN,2.780318358218074,2.6669112053037716,2.780729134842088,2.8792885781273845,2.7790577844956914,2.8288944314236657
vLH92_MN_60x-1xzoom_0002_XY20_488.tif,5,2990,1518,1472,0.5076923076923077,721.8120422363281,0.4088324987919671,780.6826171875,729.0,2334241.0,900.8165893554688,880.0,1326002.0,664.1890869140625,682.0,1008239.0,False,vLH92_MN_60x-1xzoom_0002_XY20_Dapi-ex_Green-em.tif,373.09832763671875,355.0,1115564.0,414.96942138671875,398.0,610835.0,332.49603271484375,336.0,504729.0,633.8170171875,753.9509893554688,517.3234869140625,582.1344,733.1344,535.1344,224.75752763671875,266.62862138671875,184.15523271484375,206.6592,249.6592,187.6592,6mM 2DG,1h,yes,MN,2.82000351157072,2.8168811260277793,2.8277196402779903,2.9365406922717048,2.80917071585533,2.8516289102799117
vLH92_MN_60x-1xzoom_0002_XY20_488.tif,6,3395,1509,1886,0.44447717231222383,634.5352783203125,0.6076632218057798,739.8380126953125,634.0,2511750.0,887.3070068359375,921.0,1673461.0,555.5261840820312,566.0,838289.0,False,vLH92_MN_60x-1xzoom_0002_XY20_Dapi-ex_Green-em.tif,318.807373046875,290.0,1082351.0,360.23382568359375,356.0,679401.0,267.0311584472656,267.0,402950.0,592.9724126953125,740.4414068359375,408.6605840820313,487.1344,774.1344,419.1344,170.466573046875,211.89302568359375,118.69035844726562,141.6592,207.6592,118.6592,6mM 2DG,1h,yes,MN,3.478526036493129,3.4387770084823295,3.4944114108861286,3.7279080339325206,3.443081556313608,3.5322537148404844
vLH92_MN_60x-1xzoom_0002_XY21_488.tif,1,2889,1480,1409,0.5122879889235029,468.08197021484375,0.6775243408140389,529.23779296875,477.0,1528968.0,618.0964965820312,625.0,870898.0,444.64190673828125,446.0,658070.0,False,vLH92_MN_60x-1xzoom_0002_XY21_Dapi-ex_Green-em.tif,300.766357421875,276.0,868914.0,343.43365478515625,332.0,483898.0,260.14593505859375,260.0,385016.0,385.45219296875,474.31089658203126,300.85630673828126,333.2144,481.2144,302.2144,154.350357421875,197.01765478515625,113.72993505859375,129.584,185.584,113.584,6mM 2DG,1h,yes,MN,2.4972549426317205,2.571416224225213,2.4074537741262714,2.592973532201052,2.64535723671415,2.660712776447387
vLH92_MN_60x-1xzoom_0002_XY21_488.tif,2,2117,1140,977,0.538497874350496,407.6070251464844,0.4616022888521555,428.4955139160156,410.0,907125.0,478.6960144042969,456.0,467686.0,385.4728088378906,388.0,439439.0,False,vLH92_MN_60x-1xzoom_0002_XY21_Dapi-ex_Green-em.tif,295.601806640625,288.0,625789.0,304.03582763671875,298.0,297043.0,288.3736877441406,277.0,328746.0,284.70991391601564,334.9104144042969,241.68720883789064,266.2144,312.2144,244.2144,149.185806640625,157.61982763671875,141.95768774414063,141.584,151.584,130.584,6mM 2DG,1h,yes,MN,1.9084249388539745,1.8802576562323428,2.124798760573425,2.0596791218070507,1.7025299064711372,1.870170924462415
vLH92_MN_60x-1xzoom_0002_XY21_488.tif,3,2880,1511,1370,0.5246527777777777,665.6267395019531,0.3948929410481764,706.0916748046875,673.0,2033544.0,791.0591430664062,787.0,1083751.0,628.9642333984375,634.0,950365.0,False,vLH92_MN_60x-1xzoom_0002_XY21_Dapi-ex_Green-em.tif,313.6517333984375,300.0,903317.0,346.0693359375,344.0,474115.0,284.24554443359375,284.0,429495.0,562.3060748046876,647.2735430664063,485.1786333984375,529.2144000000001,643.2144000000001,490.2144,167.2357333984375,199.6533359375,137.82954443359375,153.584,197.584,137.584,6mM 2DG,1h,yes,MN,3.3623560191230113,3.4457651838733203,3.2419871174555808,3.255397198153697,3.52013521768692,3.5630189556925225
vLH92_MN_60x-1xzoom_0002_XY21_488.tif,4,3449,1684,1765,0.48825746593215424,1000.7088623046875,0.84483337222302,996.677001953125,1008.0,3437539.0,1276.6787109375,1299.0,2253338.0,703.2072143554688,682.0,1184201.0,False,vLH92_MN_60x-1xzoom_0002_XY21_Dapi-ex_Green-em.tif,381.77703857421875,372.0,1316749.0,463.7325744628906,446.0,818488.0,295.87945556640625,288.0,498261.0,852.8914019531251,1132.8931109375,559.4216143554688,864.2144000000001,1155.2144,538.2144000000001,235.36103857421875,317.3165744628906,149.46345556640625,225.584,299.584,141.584,6mM 2DG,1h,yes,MN,3.6237578110625743,3.8310092914391096,3.57022986541155,3.8560617389446703,3.7428655201064793,3.8013786868572725
vLH92_MN_60x-1xzoom_0002_XY21_488.tif,5,2721,1369,1352,0.5031238515251746,744.8749389648438,0.8067937605429556,809.9239501953125,743.0,2203803.0,989.8173217773438,1010.0,1338233.0,632.264404296875,625.0,865570.0,False,vLH92_MN_60x-1xzoom_0002_XY21_Dapi-ex_Green-em.tif,350.693115234375,321.0,954236.0,410.05548095703125,412.0,554395.0,292.06793212890625,291.0,399841.0,666.1383501953126,846.0317217773438,488.478804296875,599.2144000000001,866.2144000000001,481.2144,204.277115234375,263.63948095703125,145.65193212890625,174.584,265.584,144.584,6mM 2DG,1h,yes,MN,3.2609543630524955,3.432241213398708,3.2090478964159113,3.261545876257606,3.353740641521713,3.328268688098268
vLH92_MN_60x-1xzoom_0002_XY22_488.tif,1,4945,2458,2487,0.49706774519716884,461.33038330078125,0.4662539251070118,496.7085876464844,460.0,2456224.0,633.240478515625,600.0,1574869.0,358.56591796875,347.5,881355.0,False,vLH92_MN_60x-1xzoom_0002_XY22_Dapi-ex_Green-em.tif,318.3579406738281,293.0,1574280.0,386.7780456542969,380.0,961917.0,249.13059997558594,246.0,612363.0,352.2461876464844,488.778078515625,214.10351796875,315.5376,455.5376,203.0376,171.79154067382814,240.2116456542969,102.56419997558595,146.4336,233.4336,99.43360000000001,6mM 2DG,1h,yes,MN,2.0504280144694453,2.1548169272625954,2.0347809415495828,1.9514654274277567,2.0875073175602648,2.041941556978727
vLH92_MN_60x-1xzoom_0002_XY22_488.tif,2,4116,2010,2111,0.48833819241982507,740.5449523925781,0.21991040175707435,771.1345825195312,744.0,3173990.0,899.1852416992188,921.0,1898180.0,635.8651733398438,661.0,1278089.0,False,vLH92_MN_60x-1xzoom_0002_XY22_Dapi-ex_Green-em.tif,395.4071960449219,377.0,1627496.0,448.4377136230469,453.0,946652.0,339.50946044921875,341.0,682414.0,626.6721825195312,754.7228416992187,491.40277333984375,599.5376,776.5376,516.5376,248.8407960449219,301.8713136230469,192.94306044921876,230.4336,306.4336,194.4336,6mM 2DG,1h,yes,MN,2.518365929059323,2.601780295929066,2.5001476047560356,2.534113752538886,2.546879748853043,2.6566272496111782
vLH92_MN_60x-1xzoom_0002_XY22_488.tif,3,5515,2953,2562,0.5354487760652765,528.5611572265625,0.4573489478914154,566.1978149414062,535.0,3122581.0,692.6358032226562,720.0,1774533.0,456.5011901855469,436.0,1348048.0,False,vLH92_MN_60x-1xzoom_0002_XY22_Dapi-ex_Green-em.tif,307.59637451171875,289.0,1696394.0,362.22247314453125,358.5,928014.0,260.20318603515625,257.0,768380.0,421.73541494140625,548.1734032226562,312.0387901855469,390.5376,575.5376,291.5376,161.02997451171876,215.65607314453126,113.63678603515626,142.4336,211.9336,110.43360000000001,6mM 2DG,1h,yes,MN,2.618987031577248,2.7418923624762694,2.541887159631596,2.715650562251573,2.7459311467064036,2.639935671752075
vLH92_MN_60x-1xzoom_0002_XY22_488.tif,4,3964,0,3964,0.0,890.1847839355469,,887.8269653320312,895.0,3519346.0,887.8269653320312,895.0,3519346.0,,,,True,vLH92_MN_60x-1xzoom_0002_XY22_Dapi-ex_Green-em.tif,361.6483459472656,340.0,1433574.0,361.6483459472656,340.0,1433574.0,,,,743.3645653320312,743.3645653320312,,750.5376,750.5376,,215.08194594726564,215.08194594726564,,193.4336,193.4336,,6mM 2DG,1h,yes,MN,3.4561922994424243,3.880078745367919,3.4561922994424243,3.880078745367919,,
vLH92_MN_60x-1xzoom_0002_XY22_488.tif,5,3502,1534,1968,0.4380354083380925,470.86309814453125,0.5301411474633061,554.8749389648438,476.0,1943172.0,661.8053588867188,681.5,1302433.0,417.691650390625,429.0,640739.0,False,vLH92_MN_60x-1xzoom_0002_XY22_Dapi-ex_Green-em.tif,265.44232177734375,235.0,929579.0,305.1600646972656,298.0,600555.0,214.48760986328125,216.0,329024.0,410.41253896484375,517.3429588867187,273.229250390625,331.5376,537.0376,284.5376,118.87592177734376,158.59366469726564,67.92120986328126,88.43360000000001,151.4336,69.43360000000001,6mM 2DG,1h,yes,MN,3.4524446399965845,3.749000379946083,3.262065731782276,3.5463569511653947,4.022738271897817,4.097981380772421
vLH92_MN_60x-1xzoom_0002_XY23_488.tif,1,4435,2131,2304,0.48049605411499435,739.9036865234375,0.07397504956882592,704.7041625976562,752.0,3125363.0,850.0421142578125,863.0,1958497.0,547.5673217773438,545.0,1166866.0,False,vLH92_MN_60x-1xzoom_0002_XY23_Dapi-ex_Green-em.tif,625.2958374023438,659.0,2773187.0,776.5811767578125,797.0,1789243.0,461.728759765625,452.0,983944.0,562.1393625976563,707.4773142578125,405.00252177734376,609.4352,720.4352,402.4352,479.1598374023438,630.4451767578125,315.59275976562503,512.864,650.864,305.86400000000003,6mM 2DG,1h,yes,MN,1.1731771294630349,1.1882978723404254,1.1221868932301977,1.1068905331989478,1.2833073929773258,1.315732482410483
vLH92_MN_60x-1xzoom_0002_XY23_488.tif,2,7591,3593,3998,0.473323672770386,545.9302978515625,0.6673610226852869,575.943115234375,546.0,4371984.0,725.8434448242188,755.0,2901922.0,409.1461181640625,396.0,1470062.0,False,vLH92_MN_60x-1xzoom_0002_XY23_Dapi-ex_Green-em.tif,314.66302490234375,307.0,2388607.0,376.8586730957031,373.0,1506681.0,245.45672607421875,239.0,881926.0,433.378315234375,583.2786448242188,266.5813181640625,403.4352,612.4352,253.4352,168.52702490234375,230.72267309570313,99.32072607421875,160.864,226.864,92.864,6mM 2DG,1h,yes,MN,2.571565690935946,2.5079271931569522,2.5280508282871548,2.6995697863036887,2.684045200846156,2.7291006202618884
vLH92_MN_60x-1xzoom_0002_XY23_488.tif,3,6752,3327,3426,0.49274289099526064,841.9435119628906,0.2892760876594807,816.9232788085938,838.0,5515866.0,982.091064453125,983.0,3364644.0,646.7271118164062,610.0,2151661.0,False,vLH92_MN_60x-1xzoom_0002_XY23_Dapi-ex_Green-em.tif,610.0986328125,562.0,4119386.0,714.510498046875,778.0,2447913.0,502.4992370605469,518.0,1671815.0,674.3584788085938,839.526264453125,504.16231181640626,695.4352,840.4352,467.4352,463.96263281250003,568.374498046875,356.3632370605469,415.86400000000003,631.864,371.86400000000003,6mM 2DG,1h,yes,MN,1.4534758429158248,1.6722659330935112,1.4770653281208397,1.3300887532760213,1.4147427663273469,1.2570057870619364
vLH92_MN_60x-1xzoom_0002_XY23_488.tif,4,2101,1049,1052,0.49928605425987627,554.0595703125,0.658009949646793,584.0299682617188,560.0,1227047.0,650.6026611328125,609.5,684434.0,517.2669067382812,522.0,542613.0,False,vLH92_MN_60x-1xzoom_0002_XY23_Dapi-ex_Green-em.tif,508.74774169921875,499.0,1068879.0,549.4676513671875,525.0,578040.0,467.9113464355469,475.0,490839.0,441.46516826171876,508.0378611328125,374.70210673828126,417.4352,466.9352,379.4352,362.6117416992188,403.33165136718753,321.7753464355469,352.86400000000003,378.86400000000003,328.86400000000003,6mM 2DG,1h,yes,MN,1.217459661380485,1.1829917475287928,1.259603255560774,1.23246125258668,1.1644835780274292,1.1537754208426583
vLH92_MN_60x-1xzoom_0002_XY23_488.tif,5,3341,1619,1722,0.4845854534570488,342.5614929199219,0.8147202037645571,359.8458557128906,338.0,1202245.0,426.1777038574219,413.0,733878.0,289.29400634765625,286.0,468367.0,False,vLH92_MN_60x-1xzoom_0002_XY23_Dapi-ex_Green-em.tif,317.850341796875,301.0,1061938.0,359.3832702636719,358.0,618858.0,273.67510986328125,272.0,443080.0,217.28105571289063,283.6129038574219,146.72920634765626,195.4352,270.4352,143.4352,171.714341796875,213.24727026367188,127.53910986328125,154.864,211.864,125.864,6mM 2DG,1h,yes,MN,1.2653634719103288,1.2619795433412544,1.3299720249958917,1.276456594796662,1.150464406603953,1.1396046526409458
vLH92_MN_60x-1xzoom_0002_XY23_488.tif,6,6113,2648,3465,0.43317520039260593,461.036865234375,0.5275504232060753,495.0552978515625,459.0,3026273.0,567.836669921875,508.0,1967554.0,399.818359375,386.0,1058719.0,False,vLH92_MN_60x-1xzoom_0002_XY23_Dapi-ex_Green-em.tif,318.57025146484375,284.0,1947420.0,368.8265380859375,327.0,1277984.0,252.8081512451172,240.0,669436.0,352.4904978515625,425.271869921875,257.253559375,316.4352,365.4352,243.4352,172.43425146484375,222.6905380859375,106.67215124511719,137.864,180.864,93.864,6mM 2DG,1h,yes,MN,2.0442023255653994,2.2952707015609586,1.9096988743983376,2.020497169143666,2.4116281182318007,2.5934884513764596
vLH92_MN_60x-1xzoom_0002_XY23_488.tif,7,2916,1664,1252,0.5706447187928669,977.2594604492188,0.5151080142731308,1091.177978515625,981.0,3181875.0,1343.69970703125,1207.5,1682312.0,901.1796875,926.0,1499563.0,False,vLH92_MN_60x-1xzoom_0002_XY23_Dapi-ex_Green-em.tif,410.4331359863281,373.0,1196823.0,490.7923278808594,494.0,614472.0,349.9705505371094,354.0,582351.0,948.613178515625,1201.13490703125,758.6148875,838.4352,1064.9352,783.4352,264.29713598632816,344.6563278808594,203.83455053710938,226.864,347.86400000000003,207.864,6mM 2DG,1h,yes,MN,3.5891920469569367,3.6957613371888005,3.4850220636205975,3.0613550123036584,3.721718842566336,3.768979717507601
vLH92_MN_60x-1xzoom_0002_XY23_488.tif,8,3731,2233,1498,0.5984990619136961,1271.918212890625,0.20317871245877714,1220.684326171875,1270.0,4554373.0,1491.8050537109375,1408.0,2234724.0,1038.8038330078125,1142.0,2319649.0,False,vLH92_MN_60x-1xzoom_0002_XY23_Dapi-ex_Green-em.tif,452.9421081542969,461.0,1689927.0,526.1455078125,511.5,788166.0,403.8338623046875,420.0,901761.0,1078.119526171875,1349.2402537109374,896.2390330078125,1127.4352,1265.4352,999.4352,306.8061081542969,380.00950781250003,257.69786230468753,314.86400000000003,365.36400000000003,273.86400000000003,6mM 2DG,1h,yes,MN,3.5140093287506327,3.580705320392296,3.5505434100261097,3.4634917506924596,3.4778675499766063,3.649385096252154
vLH92_MN_60x-1xzoom_0002_XY23_488.tif,9,2265,1111,1154,0.49050772626931566,343.8543701171875,0.7106165651890943,409.40087890625,349.0,927293.0,503.9150695800781,448.5,581518.0,311.2286376953125,311.0,345775.0,False,vLH92_MN_60x-1xzoom_0002_XY23_Dapi-ex_Green-em.tif,276.0348815917969,240.0,625219.0,328.0545959472656,286.0,378575.0,222.00180053710938,221.0,246644.0,266.83607890625,361.35026958007813,168.6638376953125,206.4352,305.9352,168.4352,129.89888159179688,181.91859594726563,75.86580053710938,93.864,139.864,74.864,6mM 2DG,1h,yes,MN,2.054183035576657,2.1993011165089915,1.9863294771955362,2.1873763084138877,2.2231866862435785,2.2498824535157085
vLH92_MN_60x-1xzoom_0002_XY24_488.tif,1,4403,1734,2669,0.3938223938223938,1298.2476806640625,0.4220959016299735,1420.9141845703125,1312.0,6256285.0,1629.468017578125,1702.0,4349050.0,1099.90478515625,1196.0,1907235.0,False,vLH92_MN_60x-1xzoom_0002_XY24_Dapi-ex_Green-em.tif,471.72222900390625,436.0,2076993.0,534.0401000976562,547.0,1425353.0,375.8016052246094,389.0,651640.0,1276.9621845703125,1485.516017578125,955.95278515625,1168.048,1558.048,1052.048,325.1286290039062,387.4465000976562,229.20800522460937,289.40639999999996,400.40639999999996,242.4064,6mM 2DG,1h,yes,MN,3.9275599582926013,4.036013025282095,3.83411907761123,3.891166574760044,4.1706780014924725,4.340017425282501
vLH92_MN_60x-1xzoom_0002_XY24_488.tif,2,7685,4675,3010,0.6083279115159401,764.8551635742188,0.14365403531469453,766.4654541015625,765.0,5890287.0,894.7305908203125,880.0,2693139.0,683.8818969726562,698.0,3197148.0,False,vLH92_MN_60x-1xzoom_0002_XY24_Dapi-ex_Green-em.tif,358.49005126953125,355.0,2754996.0,398.3468322753906,398.0,1199024.0,332.8282470703125,331.0,1555972.0,622.5134541015625,750.7785908203125,539.9298969726563,621.048,736.048,554.048,211.89645126953124,251.75323227539062,186.2346470703125,208.4064,251.4064,184.4064,6mM 2DG,1h,yes,MN,2.937819158234644,2.979985259569764,2.982200403286352,2.927721808195814,2.8991914526452582,3.0044944210179256
vLH92_MN_60x-1xzoom_0002_XY24_488.tif,3,1968,1005,963,0.510670731707317,427.58428955078125,0.6418961039642003,477.4873046875,430.0,939695.0,553.6033325195312,510.0,533120.0,404.55224609375,405.0,406575.0,False,vLH92_MN_60x-1xzoom_0002_XY24_Dapi-ex_Green-em.tif,274.3226623535156,251.0,539867.0,309.8733215332031,278.0,298408.0,240.25770568847656,240.0,241459.0,333.5353046875,409.65133251953125,260.60024609375,286.048,366.048,261.048,127.72906235351562,163.27972153320312,93.66410568847655,104.40639999999999,131.4064,93.40639999999999,6mM 2DG,1h,yes,MN,2.611271847939936,2.739755417292427,2.5088928905126053,2.7856177476896105,2.7822851046109065,2.794754963257336
vLH92_MN_60x-1xzoom_0002_XY24_488.tif,4,4286,1775,2511,0.41413905739617357,941.690673828125,0.3347082298163544,1060.0888671875,946.0,4543541.0,1224.7674560546875,1184.0,3075391.0,827.1267700195312,850.0,1468150.0,False,vLH92_MN_60x-1xzoom_0002_XY24_Dapi-ex_Green-em.tif,473.6836242675781,420.0,2030208.0,537.4735107421875,494.0,1349596.0,383.4433898925781,387.0,680612.0,916.1368671875,1080.8154560546875,683.1747700195313,802.048,1040.048,706.048,327.0900242675781,390.87991074218746,236.84978989257812,273.40639999999996,347.40639999999996,240.4064,6mM 2DG,1h,yes,MN,2.800870705974354,2.9335377664897386,2.7650831530391966,2.993750259062585,2.8844221070636427,2.936893526961013
vLH92_MN_60x-1xzoom_0002_XY24_488.tif,5,3909,1822,2087,0.4661038628805321,796.3931884765625,0.7026795294753336,897.2557983398438,808.0,3507373.0,1043.243408203125,1107.0,2177249.0,730.03515625,733.0,1330124.0,False,vLH92_MN_60x-1xzoom_0002_XY24_Dapi-ex_Green-em.tif,349.6436462402344,319.0,1366757.0,397.1988525390625,401.0,828954.0,295.1717834472656,296.0,537803.0,753.3037983398438,899.291408203125,586.08315625,664.048,963.048,589.048,203.05004624023437,250.6052525390625,148.57818344726562,172.4064,254.4064,149.4064,6mM 2DG,1h,yes,MN,3.709941525689624,3.8516435584757875,3.5884778913919617,3.785470805765893,3.9446111310010505,3.9425888047633837
vLH92_MN_60x-1xzoom_0003_XY01_488.tif,1,4705,2500,2205,0.5313496280552603,864.02001953125,0.1495457231544514,911.2427368164062,870.0,4287397.0,1138.67431640625,1157.0,2510777.0,710.6480102539062,730.0,1776620.0,False,vLH92_MN_60x-1xzoom_0003_XY01_Dapi-ex_Green-em.tif,543.0059814453125,523.0,2554843.0,673.0739135742188,686.0,1484128.0,428.2860107421875,419.0,1070715.0,780.9547368164062,1008.38631640625,580.3600102539062,739.712,1026.712,599.712,405.2075814453125,535.2755135742187,290.4876107421875,385.2016,548.2016,281.2016,2mM 2DG,1h,yes,MN,1.9272954716959194,1.9203243184867353,1.8838640865017489,1.8728730452446691,1.9978821429633544,2.1326763432356004
vLH92_MN_60x-1xzoom_0003_XY01_488.tif,2,5486,0,5486,0.0,1467.8765258789062,,1396.55908203125,1497.0,7661523.0,1396.55908203125,1497.0,7661523.0,,,,True,vLH92_MN_60x-1xzoom_0003_XY01_Dapi-ex_Green-em.tif,551.5608520507812,567.5,3025863.0,551.5608520507812,567.5,3025863.0,,,,1266.27108203125,1266.27108203125,,1366.712,1366.712,,413.76245205078123,413.76245205078123,,429.7016,429.7016,,2mM 2DG,1h,yes,MN,3.0603818102756217,3.180607193457041,3.0603818102756217,3.180607193457041,,
vLH92_MN_60x-1xzoom_0003_XY01_488.tif,3,2867,1447,1422,0.504708754795954,366.44561767578125,0.6068859295848178,383.04254150390625,364.0,1098183.0,466.8115234375,433.5,663806.0,300.5431823730469,296.0,434886.0,False,vLH92_MN_60x-1xzoom_0003_XY01_Dapi-ex_Green-em.tif,323.84967041015625,292.0,928477.0,398.6181335449219,381.0,566835.0,250.23565673828125,241.0,362091.0,252.75454150390627,336.5235234375,170.2551823730469,233.71200000000002,303.212,165.71200000000002,186.05127041015623,260.81973354492186,112.43725673828123,154.20159999999998,243.20159999999998,103.20159999999998,2mM 2DG,1h,yes,MN,1.3585209117180466,1.5156262970034036,1.2902533058509524,1.2467516661074598,1.5142239086226348,1.6057115393559793
vLH92_MN_60x-1xzoom_0003_XY01_488.tif,4,5065,2490,2575,0.491609081934847,541.623046875,0.37043729154172655,581.684326171875,541.0,2946231.0,746.7242431640625,755.0,1922815.0,411.01043701171875,394.0,1023416.0,False,vLH92_MN_60x-1xzoom_0003_XY01_Dapi-ex_Green-em.tif,458.9433288574219,337.0,2324548.0,640.545654296875,662.0,1649405.0,271.1417541503906,260.0,675143.0,451.396326171875,616.4362431640625,280.72243701171874,410.712,624.712,263.712,321.14492885742186,502.747254296875,133.3433541503906,199.20159999999998,524.2016,122.20159999999998,2mM 2DG,1h,yes,MN,1.4055844748284367,2.0617906683480456,1.2261354744267854,1.1917399717971102,2.1052600543939173,2.1580077511260085
vLH92_MN_60x-1xzoom_0003_XY01_488.tif,5,1429,763,666,0.5339398180545836,315.39276123046875,0.5192887770042163,326.2232360839844,316.0,466173.0,358.72222900390625,345.0,238909.0,297.8558349609375,298.0,227264.0,False,vLH92_MN_60x-1xzoom_0003_XY01_Dapi-ex_Green-em.tif,242.1868438720703,238.0,346085.0,257.0450439453125,254.0,171192.0,229.21755981445312,227.0,174893.0,195.9352360839844,228.43422900390627,167.56783496093752,185.71200000000002,214.71200000000002,167.71200000000002,104.3884438720703,119.24664394531248,91.41915981445311,100.20159999999998,116.20159999999998,89.20159999999998,2mM 2DG,1h,yes,MN,1.8769820567888353,1.8533835787053305,1.915644930927097,1.847754247790048,1.8329618791185338,1.8801456476117024
vLH92_MN_60x-1xzoom_0003_XY01_488.tif,6,2746,1690,1056,0.6154406409322651,492.6757354736328,0.2857161271490189,502.70501708984375,493.0,1380428.0,567.1657104492188,538.5,598927.0,462.4266357421875,477.0,781501.0,False,vLH92_MN_60x-1xzoom_0003_XY01_Dapi-ex_Green-em.tif,278.6154479980469,274.0,765078.0,304.6278381347656,297.0,321687.0,262.3615417480469,264.0,443391.0,372.41701708984374,436.87771044921874,332.1386357421875,362.712,408.212,346.712,140.81704799804686,166.8294381347656,124.56314174804686,136.20159999999998,159.20159999999998,126.20159999999998,2mM 2DG,1h,yes,MN,2.644687006185566,2.663052416418016,2.6187087562826106,2.564119958593381,2.6664278941679425,2.7472868806734625
vLH92_MN_60x-1xzoom_0003_XY02_488.tif,1,5220,1774,3446,0.3398467432950192,1053.4307861328125,0.09052304566610302,1002.81591796875,1052.0,5234699.0,1244.71240234375,1169.0,4289279.0,532.9312133789062,499.0,945420.0,False,vLH92_MN_60x-1xzoom_0003_XY02_Dapi-ex_Green-em.tif,336.58563232421875,335.0,1756977.0,388.8792724609375,369.0,1340078.0,235.00506591796875,228.0,416899.0,868.6223179687499,1110.51880234375,398.73761337890625,917.8063999999999,1034.8064,364.8064,196.47363232421876,248.7672724609375,94.89306591796876,194.888,228.888,87.888,2mM 2DG,1h,yes,MN,4.421063059165916,4.709404375846639,4.46408722239831,4.521016392296668,4.201967862684497,4.150810121973421
vLH92_MN_60x-1xzoom_0003_XY02_488.tif,2,3028,1467,1561,0.4844782034346103,356.64227294921875,0.7549275536655244,413.33917236328125,357.0,1251591.0,514.2869873046875,541.0,802802.0,305.9229736328125,303.0,448789.0,False,vLH92_MN_60x-1xzoom_0003_XY02_Dapi-ex_Green-em.tif,256.4537658691406,230.0,776542.0,299.48431396484375,298.0,467495.0,210.66598510742188,209.0,309047.0,279.14557236328125,380.0933873046875,171.7293736328125,222.8064,406.8064,168.8064,116.34176586914063,159.37231396484376,70.55398510742188,89.888,157.888,68.888,2mM 2DG,1h,yes,MN,2.3993582208238076,2.4787112851548594,2.3849398797618826,2.5765504661532224,2.434013803349962,2.4504471025432584
vLH92_MN_60x-1xzoom_0003_XY02_488.tif,3,3821,1876,1945,0.4909709500130856,478.43792724609375,0.4910521593711575,515.1190795898438,478.0,1968270.0,644.6174926757812,583.0,1253781.0,380.857666015625,368.0,714489.0,False,vLH92_MN_60x-1xzoom_0003_XY02_Dapi-ex_Green-em.tif,268.5893859863281,260.0,1026280.0,305.95526123046875,300.0,595083.0,229.84915161132812,226.0,431197.0,380.92547958984375,510.42389267578125,246.664066015625,343.8064,448.8064,233.8064,128.47738598632813,165.84326123046876,89.73715161132813,119.888,159.888,85.888,2mM 2DG,1h,yes,MN,2.9649223998873997,2.8677298812224743,3.0777487664479555,2.8070049034324027,2.74873964223851,2.722224292101341
vLH92_MN_60x-1xzoom_0003_XY02_488.tif,4,6346,2251,4095,0.3547116293728333,504.4565124511719,0.3016596848349397,469.4196472167969,500.0,2978937.0,531.953857421875,548.0,2178351.0,355.6579284667969,332.0,800586.0,False,vLH92_MN_60x-1xzoom_0003_XY02_Dapi-ex_Green-em.tif,288.6526794433594,279.0,1831790.0,309.055908203125,302.0,1265584.0,251.5353240966797,246.0,566206.0,335.22604721679687,397.760257421875,221.46432846679687,365.8064,413.8064,197.8064,148.54067944335938,168.943908203125,111.42332409667969,138.888,161.888,105.888,2mM 2DG,1h,yes,MN,2.2567962424368955,2.6338229364667933,2.3543924232156335,2.5561276932200037,1.9875939823392532,1.8680719250528859
vLH92_MN_60x-1xzoom_0003_XY03_488.tif,1,3898,1694,2204,0.4345818368394048,1077.9724731445312,0.6076687858548706,1159.3409423828125,1083.5,4519111.0,1441.8720703125,1556.0,3177886.0,791.7503051757812,765.0,1341225.0,False,vLH92_MN_60x-1xzoom_0003_XY03_Dapi-ex_Green-em.tif,409.7065124511719,385.0,1597036.0,477.9450988769531,497.0,1053391.0,320.9238586425781,315.0,543645.0,1022.1313423828125,1304.6624703125,654.5407051757812,946.2904,1418.7904,627.7904,267.51771245117186,335.7562988769531,178.73505864257814,242.8112,354.8112,172.8112,2mM 2DG,1h,yes,MN,3.820798753911949,3.8972271460295076,3.885742351450653,3.9987193188941053,3.662072288149612,3.6328108363346816
vLH92_MN_60x-1xzoom_0003_XY03_488.tif,2,4244,1872,2386,0.4410933081998115,435.7138977050781,0.6521635969416812,429.6748352050781,437.0,1823540.0,516.0301513671875,506.0,1231248.0,318.3125,301.0,595881.0,False,vLH92_MN_60x-1xzoom_0003_XY03_Dapi-ex_Green-em.tif,291.23114013671875,289.0,1235985.0,327.79296875,327.0,782114.0,244.0042724609375,239.0,456776.0,292.4652352050781,378.8205513671875,181.1029,299.7904,368.7904,163.7904,149.04234013671876,185.60416875,101.81547246093751,146.8112,184.8112,96.81120000000001,2mM 2DG,1h,yes,MN,1.9622963175215538,2.0420131434114017,2.0410131621420677,1.995498108339754,1.7787365281782872,1.69185383509346
vLH92_MN_60x-1xzoom_0003_XY03_488.tif,3,3789,1605,2186,0.4235946159936659,1536.1241455078125,0.3641102718005536,1500.3502197265625,1535.0,5684827.0,1749.68896484375,1773.0,3824820.0,1159.8916015625,1205.0,1861626.0,False,vLH92_MN_60x-1xzoom_0003_XY03_Dapi-ex_Green-em.tif,570.1253662109375,569.0,2160205.0,617.9053344726562,634.0,1350741.0,504.7233581542969,511.0,810081.0,1363.1406197265626,1612.47936484375,1022.6820015625,1397.7904,1635.7904,1067.7904,427.9365662109375,475.71653447265624,362.53455815429686,426.8112,491.8112,368.8112,2mM 2DG,1h,yes,MN,3.1853800945223423,3.274961856671053,3.3895802394827923,3.3260535750304183,2.820922801867734,2.8952222709071744
vLH92_MN_60x-1xzoom_0003_XY03_488.tif,4,3754,1845,1909,0.49147575919019715,764.7808227539062,0.4692545624473908,765.41796875,762.5,2873379.0,965.4699096679688,959.0,1843082.0,558.4265747070312,525.0,1030297.0,False,vLH92_MN_60x-1xzoom_0003_XY03_Dapi-ex_Green-em.tif,420.4488525390625,394.5,1578365.0,495.2860107421875,515.0,945501.0,343.0157165527344,335.0,632864.0,628.20836875,828.2603096679687,421.2169747070312,625.2904,821.7904,387.7904,278.2600525390625,353.0972107421875,200.8269165527344,252.3112,372.8112,192.8112,2mM 2DG,1h,yes,MN,2.2576304540221823,2.478250668222417,2.345700516656643,2.20430716673748,2.0974129461198268,2.011244160090285
vLH92_MN_60x-1xzoom_0003_XY03_488.tif,5,4265,2303,1963,0.5399765533411489,1254.88037109375,0.30511618394615747,1523.6435546875,1262.0,6498340.0,2069.9501953125,2178.0,4063312.0,1057.49365234375,1115.0,2435408.0,False,vLH92_MN_60x-1xzoom_0003_XY03_Dapi-ex_Green-em.tif,523.9395141601562,446.0,2234602.0,684.5990600585938,722.0,1343868.0,386.89447021484375,399.0,891018.0,1386.4339546875,1932.7405953125,920.28405234375,1124.7904,2040.7904,977.7904,381.75071416015624,542.4102600585937,244.70567021484376,303.8112,579.8112,256.8112,2mM 2DG,1h,yes,MN,3.6317782868792436,3.702267724165535,3.5632449045187977,3.5197498772014066,3.7607794357023683,3.8074289594846333
vLH92_MN_60x-1xzoom_0003_XY03_488.tif,6,4062,2025,2037,0.4985228951255539,790.5551147460938,0.30763918908699533,796.0076293945312,783.0,3233383.0,1051.404541015625,986.0,2141711.0,539.0972900390625,514.0,1091672.0,False,vLH92_MN_60x-1xzoom_0003_XY03_Dapi-ex_Green-em.tif,336.85992431640625,329.0,1368325.0,408.2562561035156,396.0,831618.0,265.0404968261719,259.0,536707.0,658.7980293945312,914.194941015625,401.8876900390625,645.7904,848.7904,376.7904,194.67112431640626,266.0674561035156,122.85169682617189,186.8112,253.8112,116.81120000000001,2mM 2DG,1h,yes,MN,3.3841589589001506,3.45691478883493,3.435951748491745,3.3441802410610717,3.271323884176468,3.2256358979275954
vLH92_MN_60x-1xzoom_0003_XY03_488.tif,7,3776,1712,2064,0.4533898305084746,674.2278442382812,0.770520775134559,714.3704833984375,673.0,2697463.0,874.7340087890625,902.0,1805451.0,521.0350341796875,512.0,892012.0,False,vLH92_MN_60x-1xzoom_0003_XY03_Dapi-ex_Green-em.tif,381.8048095703125,372.0,1441695.0,447.2359619140625,450.0,923095.0,302.9205627441406,292.0,518600.0,577.1608833984375,737.5244087890625,383.8254341796875,535.7904,764.7904,374.7904,239.6160095703125,305.0471619140625,160.73176274414064,229.8112,307.8112,149.8112,2mM 2DG,1h,yes,MN,2.408690823427958,2.3314372841706583,2.4177389625963377,2.4846087471800895,2.3879874620094625,2.501751537935748
vLH92_MN_60x-1xzoom_0003_XY03_488.tif,8,4541,2328,2214,0.5126624091609777,491.43939208984375,0.17836287237827736,485.8429870605469,491.0,2206213.0,557.6797485351562,555.0,1234703.0,417.4853820800781,411.0,971906.0,False,vLH92_MN_60x-1xzoom_0003_XY03_Dapi-ex_Green-em.tif,273.5740966796875,273.0,1242300.0,296.48193359375,294.0,656411.0,251.7744903564453,243.0,586131.0,348.63338706054685,420.4701485351562,280.2757820800781,353.7904,417.7904,273.7904,131.3852966796875,154.29313359375,109.58569035644533,130.8112,151.8112,100.81120000000001,2mM 2DG,1h,yes,MN,2.653519045669944,2.704587986349792,2.7251384344960137,2.752039375223962,2.5575947112112485,2.7158728395257663
vLH92_MN_60x-1xzoom_0003_XY03_488.tif,9,4921,2385,2536,0.4846575899207478,620.5210571289062,0.3648789654387768,627.6610717773438,620.0,3088720.0,725.015380859375,718.0,1838639.0,524.1430053710938,517.0,1250081.0,False,vLH92_MN_60x-1xzoom_0003_XY03_Dapi-ex_Green-em.tif,310.92645263671875,302.0,1530069.0,348.20623779296875,340.0,883051.0,271.286376953125,268.0,647018.0,490.4514717773437,587.805780859375,386.9334053710937,482.7904,580.7904,379.7904,168.73765263671876,206.01743779296876,129.097576953125,159.8112,197.8112,125.81120000000001,2mM 2DG,1h,yes,MN,2.9065917660550484,3.021004785647063,2.8531846000826073,2.9360845088650183,2.997216636463969,3.018732831417234
vLH92_MN_60x-1xzoom_0003_XY03_488.tif,10,1996,930,1068,0.46593186372745493,518.647216796875,0.6044034578913225,565.0465698242188,524.0,1127833.0,641.6563720703125,572.0,685289.0,476.70538330078125,487.0,443336.0,False,vLH92_MN_60x-1xzoom_0003_XY03_Dapi-ex_Green-em.tif,257.451904296875,247.0,513874.0,277.9578552246094,264.0,296859.0,233.82150268554688,234.0,217454.0,427.8369698242187,504.4467720703125,339.4957833007812,386.7904,434.7904,349.7904,115.26310429687501,135.7690552246094,91.63270268554689,104.81120000000001,121.81120000000001,91.81120000000001,2mM 2DG,1h,yes,MN,3.711829318098785,3.6903537026577307,3.715476779563513,3.5693794987653016,3.70496311197781,3.8098881182252264
vLH92_MN_60x-1xzoom_0003_XY03_488.tif,11,3985,1996,1989,0.5008782936010038,360.1821594238281,0.788906508164989,398.06298828125,359.0,1586281.0,485.499755859375,423.0,965659.0,310.932861328125,308.0,620622.0,False,vLH92_MN_60x-1xzoom_0003_XY03_Dapi-ex_Green-em.tif,270.47076416015625,254.0,1077826.0,307.5666198730469,296.0,611750.0,233.5050048828125,232.0,466076.0,260.85338828125,348.290155859375,173.723261328125,221.7904,285.7904,170.7904,128.28196416015626,165.3778198730469,91.31620488281251,111.81120000000001,153.8112,89.81120000000001,2mM 2DG,1h,yes,MN,2.033437747769298,1.983615237113992,2.106027012127392,1.8580597511754668,1.9024362822684837,1.9016603719803318
vLH92_MN_60x-1xzoom_0003_XY03_488.tif,12,2394,1304,1090,0.5446950710108605,453.71302795410156,0.653363931601329,506.32330322265625,455.0,1212138.0,637.7559814453125,542.0,695154.0,396.4601135253906,404.0,516984.0,False,vLH92_MN_60x-1xzoom_0003_XY03_Dapi-ex_Green-em.tif,290.9197998046875,277.0,696462.0,334.40826416015625,314.5,364505.0,254.56825256347656,251.0,331957.0,369.1137032226562,500.5463814453125,259.2505135253906,317.7904,404.7904,266.7904,148.7309998046875,192.21946416015626,112.37945256347658,134.8112,172.3112,108.81120000000001,2mM 2DG,1h,yes,MN,2.4817536606852215,2.357299690233452,2.6040358796768874,2.3491821773628176,2.3069209505087698,2.4518652491655266
vLH92_MN_60x-1xzoom_0003_XY03_488.tif,13,3991,1908,2083,0.4780756702580807,871.0822143554688,0.6489998918351447,917.160888671875,873.0,3660389.0,1178.613525390625,1217.0,2455052.0,631.7279663085938,603.0,1205337.0,False,vLH92_MN_60x-1xzoom_0003_XY03_Dapi-ex_Green-em.tif,361.5512390136719,359.0,1442951.0,434.0859375,428.0,904201.0,282.3637390136719,277.0,538750.0,779.951288671875,1041.403925390625,494.5183663085937,735.7904,1079.7904,465.7904,219.3624390136719,291.8971375,140.1749390136719,216.8112,285.8112,134.8112,2mM 2DG,1h,yes,MN,3.5555370927621026,3.3936918387979955,3.567708591834427,3.77798490751937,3.5278657496712813,3.455131324400346
vLH92_MN_60x-1xzoom_0003_XY03_488.tif,14,3951,1565,2386,0.39610225259427995,511.61456298828125,0.3410230115817995,543.7501831054688,509.0,2148357.0,608.259033203125,638.0,1451306.0,445.3999938964844,441.0,697051.0,False,vLH92_MN_60x-1xzoom_0003_XY03_Dapi-ex_Green-em.tif,269.7041320800781,258.0,1065601.0,287.7464294433594,287.0,686563.0,242.19680786132812,240.0,379038.0,406.5405831054687,471.049433203125,308.19039389648435,371.7904,500.7904,303.7904,127.51533208007814,145.5576294433594,100.00800786132814,115.81120000000001,144.8112,97.81120000000001,2mM 2DG,1h,yes,MN,3.188170210388238,3.2103147191290646,3.2361713707794597,3.458229750185068,3.081657164132531,3.105885624550153
vLH92_MN_60x-1xzoom_0003_XY03_488.tif,15,3039,1597,1442,0.5255018098058571,462.5631103515625,0.4198803964469466,482.1697998046875,461.0,1465314.0,564.0679321289062,547.0,813386.0,408.2204284667969,406.0,651928.0,False,vLH92_MN_60x-1xzoom_0003_XY03_Dapi-ex_Green-em.tif,294.8680419921875,288.0,896104.0,325.6449279785156,323.0,469580.0,267.0782775878906,266.0,426524.0,344.9601998046875,426.8583321289062,271.01082846679685,323.7904,409.7904,268.7904,152.6792419921875,183.45612797851564,124.88947758789064,145.8112,180.8112,123.81120000000001,2mM 2DG,1h,yes,MN,2.259378519984654,2.220614054338761,2.326759737232082,2.2663994265841936,2.1700053014960665,2.1709699930216324
vLH92_MN_60x-1xzoom_0003_XY04_488.tif,1,2654,1319,1335,0.49698568198944987,1052.9013671875,0.6070674607589694,1154.2825927734375,1057.0,3063466.0,1339.5684814453125,1300.0,1788324.0,966.7490234375,987.0,1275142.0,False,vLH92_MN_60x-1xzoom_0003_XY04_Dapi-ex_Green-em.tif,393.2490539550781,371.0,1043683.0,440.692138671875,431.0,588324.0,345.23046875,349.0,455359.0,1012.3689927734375,1197.6548814453124,824.8354234375,915.0864,1158.0864,845.0864,248.66025395507813,296.103338671875,200.64166875,226.4112,286.4112,204.4112,2mM 2DG,1h,yes,MN,4.071293971075601,4.041701117259217,4.044719275430007,4.043439642025172,4.110987655636213,4.134247047128533
vLH92_MN_60x-1xzoom_0003_XY04_488.tif,2,2502,1203,1299,0.48081534772182255,699.9737548828125,0.7000300673811574,808.4136962890625,704.0,2022651.0,966.2378540039062,921.0,1255143.0,637.9949951171875,637.0,767508.0,False,vLH92_MN_60x-1xzoom_0003_XY04_Dapi-ex_Green-em.tif,324.368896484375,296.0,811571.0,368.5696716308594,353.0,478772.0,276.6408996582031,277.0,332799.0,666.5000962890625,824.3242540039063,496.0813951171875,562.0864,779.0864,495.0864,179.780096484375,223.98087163085938,132.05209965820313,151.4112,208.4112,132.4112,2mM 2DG,1h,yes,MN,3.7073074790956584,3.7123171865753655,3.680333271327146,3.7382175238182977,3.756709635069939,3.7390069722198724
vLH92_MN_60x-1xzoom_0003_XY04_488.tif,3,3589,1596,1993,0.4446921147952076,971.1336059570312,0.6345537531849762,1001.5104370117188,964.0,3594421.0,1187.72607421875,1183.0,2367138.0,768.9743041992188,760.0,1227283.0,False,vLH92_MN_60x-1xzoom_0003_XY04_Dapi-ex_Green-em.tif,424.3226623535156,417.0,1522894.0,475.4284973144531,474.0,947529.0,360.50439453125,355.0,575365.0,859.5968370117188,1045.81247421875,627.0607041992188,822.0864,1041.0864,618.0864,279.73386235351563,330.83969731445313,215.91559453125,272.4112,329.4112,210.4112,2mM 2DG,1h,yes,MN,3.0729094782432784,3.0178142455229446,3.1610852104750196,3.1604462750507567,2.904193676054569,2.9375166340955237
vLH92_MN_60x-1xzoom_0003_XY04_488.tif,4,1926,702,1225,0.3644859813084112,1785.9682006835938,0.48263582051754905,1930.4610595703125,1789.0,3718068.0,2134.119140625,2230.0,2614296.0,1573.4700927734375,1622.0,1104576.0,False,vLH92_MN_60x-1xzoom_0003_XY04_Dapi-ex_Green-em.tif,591.8862915039062,567.5,1139973.0,640.4293823242188,659.0,784526.0,506.8376159667969,510.5,355800.0,1788.5474595703124,1992.205540625,1431.5564927734374,1647.0864,2088.0864,1480.0864,447.29749150390626,495.84058232421876,362.2488159667969,422.9112,514.4112,365.9112,2mM 2DG,1h,yes,MN,3.998563581380364,3.8946388745438756,4.017834787315457,4.059177560675195,3.9518596878026826,4.04493330622293
vLH92_MN_60x-1xzoom_0003_XY04_488.tif,5,3341,1677,1664,0.5019455252918288,428.397705078125,0.7093033289235917,481.4187316894531,424.0,1608420.0,632.9681396484375,615.5,1053259.0,331.04412841796875,326.0,555161.0,False,vLH92_MN_60x-1xzoom_0003_XY04_Dapi-ex_Green-em.tif,267.2792663574219,242.0,892980.0,317.74578857421875,309.0,528729.0,217.2039337158203,217.0,364251.0,339.50513168945315,491.0545396484375,189.13052841796875,282.0864,473.5864,184.0864,122.69046635742188,173.15698857421876,72.61513371582032,97.41120000000001,164.4112,72.41120000000001,2mM 2DG,1h,yes,MN,2.7671679941325413,2.8958312801813344,2.835892121316034,2.8804996253296613,2.604560767706247,2.5422365600901515
vLH92_MN_60x-1xzoom_0003_XY04_488.tif,6,2802,1387,1415,0.49500356887937186,1171.8756713867188,0.3307705362496107,1356.462158203125,1181.5,3800807.0,1706.2777099609375,1668.0,2414383.0,999.584716796875,1031.0,1386424.0,False,vLH92_MN_60x-1xzoom_0003_XY04_Dapi-ex_Green-em.tif,452.0792236328125,409.0,1266726.0,541.5286254882812,526.0,766263.0,360.8240661621094,364.0,500463.0,1214.548558203125,1564.3641099609374,857.671116796875,1039.5864,1526.0864,889.0864,307.4904236328125,396.93982548828126,216.23526616210938,264.4112,381.4112,219.4112,2mM 2DG,1h,yes,MN,3.94987441837691,3.9317033469081486,3.9410611118110688,4.001157805539009,3.966379453358398,4.052146836624566
vLH92_MN_60x-1xzoom_0003_XY04_488.tif,7,2821,1217,1604,0.4314073023750443,1594.08544921875,0.7633919053576236,1786.8082275390625,1616.0,5040586.0,2018.4893798828125,2056.0,3237657.0,1481.45361328125,1512.0,1802929.0,False,vLH92_MN_60x-1xzoom_0003_XY04_Dapi-ex_Green-em.tif,521.3519897460938,484.0,1470734.0,588.4114990234375,605.0,943812.0,432.96795654296875,436.0,526922.0,1644.8946275390624,1876.5757798828124,1339.54001328125,1474.0864,1914.0864,1370.0864,376.76318974609376,443.8226990234375,288.37915654296876,339.4112,460.4112,291.4112,2mM 2DG,1h,yes,MN,4.36585811009717,4.343069409612882,4.22821046334927,4.157341089877917,4.645065299931471,4.701557112423956
vLH92_MN_60x-1xzoom_0003_XY04_488.tif,8,1848,952,897,0.5151515151515151,737.6900024414062,0.570155004887689,787.9534912109375,745.0,1456138.0,891.0724487304688,829.0,799292.0,690.489501953125,699.0,657346.0,False,vLH92_MN_60x-1xzoom_0003_XY04_Dapi-ex_Green-em.tif,351.75054931640625,336.0,650035.0,380.60980224609375,370.0,341407.0,324.5073547363281,323.0,308931.0,646.0398912109375,749.1588487304688,548.575901953125,603.0864,687.0864,557.0864,207.16174931640626,236.02100224609376,179.91855473632813,191.4112,225.4112,178.4112,2mM 2DG,1h,yes,MN,3.118528846868422,3.1507372609335293,3.1741194283606076,3.048146675941568,3.049023502645776,3.12248558386469
vLH92_MN_60x-1xzoom_0003_XY04_488.tif,9,1892,939,953,0.4963002114164905,374.4467468261719,0.8373285214833331,416.68817138671875,380.0,788374.0,479.66107177734375,449.0,457117.0,352.7763671875,353.0,331257.0,False,vLH92_MN_60x-1xzoom_0003_XY04_Dapi-ex_Green-em.tif,354.97833251953125,330.0,671619.0,396.6432189941406,380.0,378001.0,312.6922302246094,314.0,293618.0,274.7745713867188,337.7474717773438,210.8627671875,238.0864,307.0864,211.0864,210.38953251953126,252.05441899414063,168.10343022460938,185.4112,235.4112,169.4112,2mM 2DG,1h,yes,MN,1.3060277671428848,1.2840993424345455,1.339978378975356,1.3044680966750946,1.254363262580414,1.2460002644453259
vLH92_MN_60x-1xzoom_0003_XY04_488.tif,10,1861,939,922,0.5045674368619022,340.23773193359375,0.7160858148715503,381.0171813964844,342.0,709073.0,451.5943603515625,433.5,416370.0,311.7177734375,311.0,292703.0,False,vLH92_MN_60x-1xzoom_0003_XY04_Dapi-ex_Green-em.tif,247.12841796875,233.0,459906.0,275.0628967285156,262.0,253608.0,219.69967651367188,219.0,206298.0,239.10358139648437,309.6807603515625,169.8041734375,200.0864,291.5864,169.0864,102.53961796875001,130.47409672851563,75.11087651367188,88.41120000000001,117.41120000000001,74.41120000000001,2mM 2DG,1h,yes,MN,2.3318165810736065,2.2631340825596755,2.373503769073272,2.4834632471178217,2.260713512064951,2.2723245962973313
vLH92_MN_60x-1xzoom_0003_XY05_488.tif,1,3926,1201,2725,0.30590932246561386,689.0242919921875,0.6580815245269293,779.01708984375,693.0,3058421.0,845.1023559570312,816.0,2302904.0,629.0732421875,631.0,755517.0,False,vLH92_MN_60x-1xzoom_0003_XY05_Dapi-ex_Green-em.tif,439.740966796875,405.0,1726423.0,463.3908386230469,448.0,1262740.0,386.0807800292969,387.0,463683.0,631.0874898437501,697.1727559570313,481.1436421875,545.0704000000001,668.0704000000001,483.0704,290.04336679687503,313.6932386230469,236.38318002929688,255.3024,298.30240000000003,237.3024,2mM 2DG,1h,yes,MN,2.1758383817331604,2.13499912260911,2.2224666333812726,2.2395743379872237,2.0354394171694787,2.0356743126070365
vLH92_MN_60x-1xzoom_0003_XY05_488.tif,2,2370,1195,1175,0.5042194092827004,496.64442443847656,0.4549436362250139,573.8320922851562,495.0,1359982.0,703.935302734375,703.0,827124.0,445.9062805175781,448.0,532858.0,False,vLH92_MN_60x-1xzoom_0003_XY05_Dapi-ex_Green-em.tif,286.5371398925781,263.0,679093.0,329.2536315917969,334.0,386873.0,244.5355682373047,243.0,292220.0,425.90249228515626,556.0057027343751,297.97668051757813,347.0704,555.0704000000001,300.0704,136.83953989257813,179.55603159179688,94.8379682373047,113.3024,184.3024,93.3024,2mM 2DG,1h,yes,MN,3.1124227150975408,3.063221961758974,3.0965582041732787,3.0117372318537363,3.1419555485623367,3.216105909387111
vLH92_MN_60x-1xzoom_0003_XY05_488.tif,3,2531,1275,1256,0.5037534571315686,578.5198974609375,0.5374991844314683,595.3895874023438,583.0,1506931.0,728.7245483398438,727.0,915278.0,464.04156494140625,449.0,591653.0,False,vLH92_MN_60x-1xzoom_0003_XY05_Dapi-ex_Green-em.tif,402.97430419921875,391.0,1019928.0,424.46734619140625,413.0,533131.0,381.80157470703125,370.0,486797.0,447.45998740234376,580.7949483398438,316.11196494140626,435.0704,579.0704000000001,301.0704,253.27670419921876,274.7697461914063,232.10397470703126,241.3024,263.30240000000003,220.3024,2mM 2DG,1h,yes,MN,1.766684341606037,1.8030090044690812,2.113751446038963,2.1992598624243453,1.361941196140275,1.36662333229234
vLH92_MN_60x-1xzoom_0003_XY05_488.tif,4,3108,1592,1516,0.5122265122265123,346.4258728027344,0.7144359265158557,418.4565734863281,348.0,1300563.0,522.6088256835938,468.0,792275.0,319.2763671875,320.0,508288.0,False,vLH92_MN_60x-1xzoom_0003_XY05_Dapi-ex_Green-em.tif,241.0865478515625,228.0,749297.0,267.8232116699219,258.0,406020.0,215.62625122070312,215.0,343277.0,270.52697348632813,374.67922568359376,171.3467671875,200.0704,320.0704,172.0704,91.3889478515625,118.12561166992188,65.92865122070313,78.3024,108.3024,65.3024,2mM 2DG,1h,yes,MN,2.9601716602069716,2.5550992051329207,3.1718712003842064,2.9553398631978607,2.5989727381787104,2.634978193757044
vLH92_MN_60x-1xzoom_0003_XY05_488.tif,5,2761,1453,1308,0.5262586019558131,318.8260192871094,0.6244661652346104,347.7236633300781,318.0,960065.0,417.84710693359375,374.0,546544.0,284.59808349609375,287.0,413521.0,False,vLH92_MN_60x-1xzoom_0003_XY05_Dapi-ex_Green-em.tif,253.7037353515625,244.0,700476.0,272.377685546875,263.0,356270.0,236.89332580566406,226.0,344206.0,199.79406333007813,269.91750693359376,136.66848349609376,170.0704,226.0704,139.0704,104.0061353515625,122.680085546875,87.19572580566407,94.3024,113.3024,76.3024,2mM 2DG,1h,yes,MN,1.9209834367437304,1.8034578123144267,2.2001737749886114,1.9952834185330584,1.5673759491456178,1.8226215689152634
vLH92_MN_60x-1xzoom_0003_XY05_488.tif,6,2935,1564,1371,0.5328790459965929,663.7435913085938,0.3840874404211269,744.1761474609375,666.0,2184157.0,899.062744140625,860.0,1232615.0,608.40283203125,618.0,951542.0,False,vLH92_MN_60x-1xzoom_0003_XY05_Dapi-ex_Green-em.tif,359.4531555175781,336.0,1054995.0,411.11962890625,397.0,563645.0,314.16241455078125,318.0,491350.0,596.2465474609376,751.1331441406251,460.47323203125,518.0704000000001,712.0704000000001,470.0704,209.75555551757813,261.42202890625003,164.46481455078126,186.3024,247.3024,168.3024,2mM 2DG,1h,yes,MN,2.8425780952007744,2.780803682614932,2.873258796449755,2.8793509484744186,2.7998282385748303,2.793010676021257
vLH92_MN_60x-1xzoom_0003_XY05_488.tif,7,3621,1807,1815,0.49903341618337477,542.0801391601562,0.8142567054592617,547.7821044921875,547.0,1983519.0,698.849609375,669.0,1268412.0,395.89984130859375,389.0,715391.0,False,vLH92_MN_60x-1xzoom_0003_XY05_Dapi-ex_Green-em.tif,285.4855041503906,273.0,1033743.0,333.2798767089844,326.0,604903.0,237.42556762695312,236.0,429028.0,399.8525044921875,550.9200093750001,247.97024130859376,399.0704,521.0704000000001,241.0704,135.78790415039063,183.58227670898438,87.72796762695313,123.3024,176.3024,86.3024,2mM 2DG,1h,yes,MN,2.9446842632561334,3.23651769957438,3.000943333153676,2.955549101997477,2.8265813972009597,2.793322086060179
vLH92_MN_60x-1xzoom_0003_XY05_488.tif,8,3273,1649,1624,0.5038191261839291,679.0386352539062,0.6769960722485481,762.8450927734375,670.0,2496792.0,960.8294067382812,989.0,1560387.0,567.8623657226562,564.0,936405.0,False,vLH92_MN_60x-1xzoom_0003_XY05_Dapi-ex_Green-em.tif,322.9257507324219,310.0,1056936.0,368.8990173339844,369.0,599092.0,277.64947509765625,275.0,457844.0,614.9154927734376,812.8998067382813,419.93276572265626,522.0704000000001,841.0704000000001,416.0704,173.22815073242188,219.20141733398438,127.95187509765626,160.3024,219.3024,125.3024,2mM 2DG,1h,yes,MN,3.549743446278955,3.2567846769605446,3.7084605411091545,3.8352083698126425,3.2819586692430454,3.3205301734045
vLH92_MN_60x-1xzoom_0003_XY05_488.tif,9,4957,2474,2483,0.4990921928585838,525.643310546875,0.25897944803731665,583.7318725585938,534.0,2893559.0,671.2569580078125,609.0,1666731.0,495.888427734375,504.0,1226828.0,False,vLH92_MN_60x-1xzoom_0003_XY05_Dapi-ex_Green-em.tif,271.41839599609375,256.0,1345421.0,296.43536376953125,275.0,736049.0,246.3104248046875,247.0,609372.0,435.80227255859376,523.3273580078126,347.958827734375,386.0704,461.0704,356.0704,121.72079599609376,146.73776376953126,96.6128248046875,106.3024,125.3024,97.3024,2mM 2DG,1h,yes,MN,3.5803435969362165,3.6318126401661672,3.566412248381808,3.679661363230074,3.6015801053101244,3.659420528167856
vLH92_MN_60x-1xzoom_0003_XY05_488.tif,10,2400,1215,1185,0.50625,499.4944305419922,0.5055659654679695,544.697509765625,493.0,1307274.0,672.1299438476562,633.0,796474.0,420.4115295410156,413.0,510800.0,False,vLH92_MN_60x-1xzoom_0003_XY05_Dapi-ex_Green-em.tif,316.35040283203125,312.0,759241.0,327.2691955566406,324.0,387814.0,305.70123291015625,300.0,371427.0,396.767909765625,524.2003438476563,272.48192954101563,345.0704,485.0704,265.0704,166.65280283203126,177.57159555664063,156.00363291015626,162.3024,174.3024,150.3024,2mM 2DG,1h,yes,MN,2.3808055011563525,2.1260954859570775,2.9520506486661056,2.7829243888781794,1.7466383600049888,1.7635806214671224
vLH92_MN_60x-1xzoom_0003_XY05_488.tif,11,4133,2130,2003,0.5153641422695379,993.298095703125,0.37609164941360446,979.1950073242188,996.0,4047013.0,1184.53515625,1197.0,2372624.0,786.09814453125,774.0,1674389.0,False,vLH92_MN_60x-1xzoom_0003_XY05_Dapi-ex_Green-em.tif,373.1485595703125,370.0,1542223.0,430.5292053222656,427.0,862350.0,319.189208984375,312.0,679873.0,831.2654073242188,1036.60555625,638.1685445312501,848.0704000000001,1049.0704,626.0704000000001,223.4509595703125,280.83160532226566,169.491608984375,220.3024,277.30240000000003,162.3024,2mM 2DG,1h,yes,MN,3.7201245809045074,3.849574040046772,3.6911997674209536,3.7831277334779645,3.7651925564650295,3.8574315598537052
vLH92_MN_60x-1xzoom_0003_XY05_488.tif,12,4677,2221,2456,0.47487705794312596,323.2595520019531,0.5887762943427836,348.45562744140625,324.0,1629727.0,400.2548828125,420.0,983026.0,291.17559814453125,286.0,646701.0,False,vLH92_MN_60x-1xzoom_0003_XY05_Dapi-ex_Green-em.tif,220.27581787109375,212.0,1030230.0,238.73045349121094,233.0,586322.0,199.8685302734375,199.0,443908.0,200.52602744140626,252.3252828125,143.24599814453126,176.0704,272.0704,138.0704,70.57821787109376,89.03285349121094,50.170930273437506,62.302400000000006,83.3024,49.302400000000006,2mM 2DG,1h,yes,MN,2.8411885917501234,2.826061275328077,2.8340693678587847,3.266057160417947,2.8551592996945367,2.8004803011618096
vLH92_MN_60x-1xzoom_0003_XY06_488.tif,1,2947,1443,1504,0.4896504920257889,601.6809692382812,0.37276312759357116,699.4468994140625,605.0,2061270.0,839.2107543945312,794.5,1262173.0,553.7747802734375,554.0,799097.0,False,vLH92_MN_60x-1xzoom_0003_XY06_Dapi-ex_Green-em.tif,324.70648193359375,299.0,956910.0,365.3544006347656,347.0,549493.0,282.34027099609375,281.0,407417.0,551.2820994140625,691.0459543945312,405.6099802734375,456.8352,646.3352,405.8352,176.75288193359376,217.40080063476563,134.38667099609376,151.0464,199.0464,133.0464,2mM 2DG,1h,yes,MN,3.118942635521947,3.024469302148214,3.1786725365169732,3.247158451496736,3.0182307312696763,3.0503283065156213
vLH92_MN_60x-1xzoom_0003_XY06_488.tif,2,3740,1712,2028,0.4577540106951872,1099.3684692382812,0.8150378087463621,1067.6470947265625,1091.0,3993000.0,1303.323486328125,1276.0,2643140.0,788.4696044921875,763.0,1349860.0,False,vLH92_MN_60x-1xzoom_0003_XY06_Dapi-ex_Green-em.tif,427.5285949707031,429.0,1598957.0,474.5892639160156,464.0,962467.0,371.78155517578125,352.0,636490.0,919.4822947265625,1155.158686328125,640.3048044921875,942.8352,1127.8352,614.8352,279.57499497070313,326.63566391601563,223.82795517578126,281.0464,316.0464,204.0464,2mM 2DG,1h,yes,MN,3.288857413099178,3.354731460712537,3.5365356999875517,3.5685747409241175,2.860700773454906,3.013212681037254
vLH92_MN_60x-1xzoom_0003_XY06_488.tif,3,3567,1778,1789,0.49845808802915614,777.6785278320312,0.6654454778486903,850.1395874023438,768.0,3032448.0,1032.21630859375,1003.0,1846635.0,666.9364624023438,661.0,1185813.0,False,vLH92_MN_60x-1xzoom_0003_XY06_Dapi-ex_Green-em.tif,389.7148742675781,362.0,1390113.0,450.7758483886719,426.0,806438.0,328.2761535644531,324.0,583675.0,701.9747874023437,884.05150859375,518.7716624023437,619.8352,854.8352,512.8352,241.76127426757813,302.8222483886719,180.32255356445313,214.0464,278.0464,176.0464,2mM 2DG,1h,yes,MN,2.903586562938974,2.8957982942016307,2.9193743633363134,3.0744336197123934,2.876909472208189,2.9130683728835125
vLH92_MN_60x-1xzoom_0003_XY06_488.tif,4,3167,1552,1616,0.4900536785601516,1540.1236572265625,0.1454126482070903,1536.3148193359375,1539.0,4865509.0,1796.8372802734375,1804.0,2903689.0,1264.4290771484375,1304.0,1962394.0,False,vLH92_MN_60x-1xzoom_0003_XY06_Dapi-ex_Green-em.tif,485.9662170410156,488.0,1539055.0,505.9541931152344,507.0,817622.0,465.0373840332031,462.0,721738.0,1388.1500193359375,1648.6724802734375,1116.2642771484375,1390.8352,1655.8352,1155.8352,338.01261704101563,358.0005931152344,317.08378403320313,340.0464,359.0464,314.0464,2mM 2DG,1h,yes,MN,4.106799419169298,4.090133581770017,4.605222762138713,4.6117582574285665,3.520407959530182,3.6804599575094636
vLH92_MN_60x-1xzoom_0003_XY06_488.tif,5,3723,1944,1779,0.5221595487510072,1085.2159423828125,0.47494490785265575,1178.9288330078125,1087.0,4389152.0,1567.4462890625,1593.0,2788487.0,823.3873291015625,789.0,1600665.0,False,vLH92_MN_60x-1xzoom_0003_XY06_Dapi-ex_Green-em.tif,444.38946533203125,412.0,1654462.0,558.3091430664062,562.0,993232.0,340.1388854980469,331.0,661230.0,1030.7640330078125,1419.2814890625,675.2225291015625,938.8352,1444.8352,640.8352,296.43586533203126,410.35554306640626,192.18528549804688,264.0464,414.0464,183.0464,2mM 2DG,1h,yes,MN,3.477190696386473,3.555569021202334,3.4586628913474264,3.489548997407054,3.513393480420355,3.500944022936261
vLH92_MN_60x-1xzoom_0003_XY06_488.tif,6,4277,2183,2094,0.5104044891278934,1014.7430419921875,0.702707199145154,1231.9677734375,1015.0,5269126.0,1583.1925048828125,1709.5,3315205.0,895.0623168945312,895.0,1953921.0,False,vLH92_MN_60x-1xzoom_0003_XY06_Dapi-ex_Green-em.tif,557.0542602539062,474.0,2382521.0,697.619873046875,740.5,1460816.0,422.21942138671875,424.0,921705.0,1083.8029734375,1435.0277048828125,746.8975168945312,866.8352,1561.3352,746.8352,409.10066025390626,549.666273046875,274.26582138671876,326.0464,592.5464,276.0464,2mM 2DG,1h,yes,MN,2.649233009706812,2.6586252754209214,2.6107254078520383,2.6349585450185846,2.723261371461211,2.705469805076248
vLH92_MN_60x-1xzoom_0003_XY06_488.tif,7,2638,1307,1331,0.4954510993176649,1148.8889770507812,0.7070714405742535,1318.5489501953125,1153.0,3478332.0,1610.274169921875,1665.0,2143275.0,1021.4667358398438,1027.0,1335057.0,False,vLH92_MN_60x-1xzoom_0003_XY06_Dapi-ex_Green-em.tif,474.7528381347656,432.0,1252398.0,557.64013671875,569.0,742219.0,390.3435363769531,391.0,510179.0,1170.3841501953125,1462.109369921875,873.3019358398437,1004.8352,1516.8352,878.8352,326.79923813476563,409.68653671875,242.38993637695313,284.0464,421.0464,243.0464,2mM 2DG,1h,yes,MN,3.581355197996725,3.537574142816103,3.5688489586017655,3.6025369175463795,3.6028803377452383,3.615915314935749
vLH92_MN_60x-1xzoom_0003_XY06_488.tif,8,3440,1820,1621,0.5290697674418605,1111.5108032226562,0.5241160659098304,1314.7508544921875,1123.0,4522743.0,1632.5977783203125,1667.0,2646441.0,1031.1961669921875,1046.0,1876777.0,False,vLH92_MN_60x-1xzoom_0003_XY06_Dapi-ex_Green-em.tif,436.6842956542969,377.0,1502194.0,527.101806640625,536.0,854432.0,356.0912170410156,350.0,648086.0,1166.5860544921875,1484.4329783203125,883.0313669921875,974.8352,1518.8352,897.8352,288.7306956542969,379.148206640625,208.13761704101563,229.0464,388.0464,202.0464,2mM 2DG,1h,yes,MN,4.040394984151476,4.256059907512189,3.915178688230826,3.9140556387071235,4.2425361621113264,4.44370797994916
vLH92_MN_60x-1xzoom_0003_XY07_488.tif,1,1187,634,553,0.5341196293176074,355.34881591796875,0.5566076133460442,360.1128845214844,359.0,427454.0,384.777587890625,383.0,212782.0,338.599365234375,340.0,214672.0,False,vLH92_MN_60x-1xzoom_0003_XY07_Dapi-ex_Green-em.tif,328.050537109375,325.0,389396.0,346.2911376953125,342.0,191499.0,312.140380859375,312.5,197897.0,216.12888452148437,240.793587890625,194.615365234375,215.016,239.016,196.016,181.397737109375,199.6383376953125,165.487580859375,178.3472,195.3472,165.8472,2mM 2DG,1h,yes,MN,1.1914640610492733,1.2056034521427867,1.2061490326478452,1.223544540182813,1.176011905085202,1.181907201327487
vLH92_MN_60x-1xzoom_0003_XY07_488.tif,2,1919,1001,918,0.5216258467952058,327.3060302734375,0.6093177103720243,341.9994812011719,330.0,656297.0,370.86383056640625,357.0,340453.0,315.5284729003906,316.0,315844.0,False,vLH92_MN_60x-1xzoom_0003_XY07_Dapi-ex_Green-em.tif,295.70660400390625,292.0,567461.0,309.3965148925781,306.0,284026.0,283.15185546875,283.0,283435.0,198.01548120117187,226.87983056640624,171.54447290039062,186.016,213.016,172.016,149.05380400390624,162.7437148925781,136.49905546875,145.3472,159.3472,136.3472,2mM 2DG,1h,yes,MN,1.3284832448555455,1.2798044957178398,1.3940927348018466,1.3368041609767853,1.2567447614292386,1.261602731849279
vLH92_MN_60x-1xzoom_0003_XY07_488.tif,3,2056,987,1069,0.4800583657587549,496.80616760253906,0.8910251092288588,564.4834594726562,499.0,1160578.0,672.2404174804688,635.0,718625.0,447.7740478515625,446.0,441953.0,False,vLH92_MN_60x-1xzoom_0003_XY07_Dapi-ex_Green-em.tif,277.4445495605469,264.0,570426.0,305.0364685058594,296.0,326084.0,247.56028747558594,248.0,244342.0,420.4994594726562,528.2564174804687,303.79004785156246,355.01599999999996,491.01599999999996,302.01599999999996,130.79174956054686,158.38366850585936,100.90748747558592,117.34719999999999,149.3472,101.34719999999999,2mM 2DG,1h,yes,MN,3.2150304654958086,3.0253470044449293,3.3352960091395154,3.287748280516809,3.0105798434934075,2.9800132613431844
vLH92_MN_60x-1xzoom_0003_XY07_488.tif,4,3016,1509,1507,0.5003315649867374,432.6820831298828,0.6441129813829842,466.530517578125,431.0,1407056.0,555.3085327148438,539.0,836850.0,377.8701171875,377.0,570206.0,False,vLH92_MN_60x-1xzoom_0003_XY07_Dapi-ex_Green-em.tif,250.15914916992188,239.0,754480.0,278.9933776855469,275.0,420443.0,221.3631591796875,221.0,334037.0,322.54651757812496,411.3245327148437,233.8861171875,287.01599999999996,395.01599999999996,233.016,103.50634916992186,132.34057768554686,74.71035917968749,92.34719999999999,128.3472,74.34719999999999,2mM 2DG,1h,yes,MN,3.116200312008053,3.1080097718176622,3.108075693096851,3.077714200231871,3.130571446256542,3.1341597262573444
vLH92_MN_60x-1xzoom_0003_XY07_488.tif,5,2449,1284,1165,0.5242956308697427,782.372314453125,0.14889469410072867,777.697021484375,783.0,1904580.0,829.6901245117188,822.0,966589.0,730.5225830078125,740.0,937991.0,False,vLH92_MN_60x-1xzoom_0003_XY07_Dapi-ex_Green-em.tif,324.7701110839844,323.0,795362.0,336.1287536621094,333.0,391590.0,314.46417236328125,313.0,403772.0,633.713021484375,685.7061245117187,586.5385830078125,639.016,678.016,596.016,178.11731108398436,189.47595366210936,167.81137236328124,176.3472,186.3472,166.3472,2mM 2DG,1h,yes,MN,3.5578407153562517,3.623624304780569,3.6189611993431727,3.638455528175363,3.49522547100123,3.582963825059875
vLH92_MN_60x-1xzoom_0003_XY07_488.tif,6,4810,2530,2301,0.525987525987526,1042.14208984375,0.10190000027429733,1120.40771484375,1059.0,5389161.0,1365.3780517578125,1385.0,3141735.0,894.3209228515625,967.0,2262632.0,False,vLH92_MN_60x-1xzoom_0003_XY07_Dapi-ex_Green-em.tif,365.354248046875,347.0,1757354.0,417.6314697265625,417.0,960970.0,317.2735290527344,319.0,802702.0,976.42371484375,1221.3940517578126,750.3369228515625,915.016,1241.016,823.016,218.701448046875,270.9786697265625,170.62072905273436,200.3472,270.3472,172.3472,2mM 2DG,1h,yes,MN,4.4646422031667115,4.5671514251259815,4.507343891643905,4.590452573579457,4.397689114431419,4.775337226250267
vLH92_MN_60x-1xzoom_0003_XY07_488.tif,7,2331,1155,1176,0.4954954954954955,662.490966796875,0.15653861032027397,671.4131469726562,660.0,1565064.0,724.7125854492188,695.0,852262.0,617.1445922851562,625.0,712802.0,False,vLH92_MN_60x-1xzoom_0003_XY07_Dapi-ex_Green-em.tif,307.3376159667969,299.0,716404.0,319.9949035644531,315.0,376314.0,294.4502258300781,289.0,340090.0,527.4291469726562,580.7285854492187,473.1605922851562,516.016,551.016,481.01599999999996,160.68481596679686,173.3421035644531,147.7974258300781,152.3472,168.3472,142.3472,2mM 2DG,1h,yes,MN,3.2823832407515194,3.3871052438115044,3.3501877126654844,3.2730927511713888,3.2014129449666218,3.3791743005833625
vLH92_MN_60x-1xzoom_0003_XY07_488.tif,8,6268,2424,3844,0.38672622846202936,566.18115234375,0.438168161006631,570.9896240234375,574.0,3578963.0,643.9159545898438,669.0,2475213.0,455.3424072265625,433.0,1103750.0,False,vLH92_MN_60x-1xzoom_0003_XY07_Dapi-ex_Green-em.tif,342.2401123046875,322.0,2145161.0,368.0234069824219,358.0,1414682.0,301.35272216796875,293.0,730479.0,427.00562402343746,499.9319545898437,311.35840722656246,430.01599999999996,525.016,289.01599999999996,195.5873123046875,221.37060698242186,154.69992216796874,175.3472,211.3472,146.3472,2mM 2DG,1h,yes,MN,2.1831969517442147,2.452368786042777,2.2583483932423842,2.484139841928353,2.0126603999742056,1.9748652519487901
vLH92_MN_60x-1xzoom_0003_XY07_488.tif,9,3516,1738,1779,0.4943117178612059,1271.5917358398438,0.4776934316249511,1433.4215087890625,1258.0,5039910.0,1823.3046875,1861.0,3243659.0,1033.82568359375,1066.0,1796789.0,False,vLH92_MN_60x-1xzoom_0003_XY07_Dapi-ex_Green-em.tif,517.88623046875,456.0,1820888.0,638.6087646484375,640.0,1136085.0,394.2008056640625,397.0,685121.0,1289.4375087890626,1679.3206875,889.84168359375,1114.016,1717.016,922.016,371.23343046875,491.9559646484375,247.5480056640625,309.3472,493.3472,250.3472,2mM 2DG,1h,yes,MN,3.4733873702077753,3.601183395227111,3.4135589527816363,3.480340012064526,3.5946227124985146,3.6829491202617803
vLH92_MN_60x-1xzoom_0003_XY07_488.tif,10,3524,1746,1778,0.49545970488081725,746.8735656738281,0.23252618334898123,771.51416015625,745.0,2718816.0,939.57421875,897.0,1670563.0,600.3740234375,610.0,1048253.0,False,vLH92_MN_60x-1xzoom_0003_XY07_Dapi-ex_Green-em.tif,336.8232116699219,328.0,1186965.0,375.3638916015625,363.0,667397.0,297.576171875,296.0,519568.0,627.53016015625,795.59021875,456.39002343749996,601.016,753.016,466.01599999999996,190.17041166992186,228.7110916015625,150.923371875,181.3472,216.3472,149.3472,2mM 2DG,1h,yes,MN,3.2998306868339324,3.314173033826825,3.47858170401284,3.4805904583003615,3.0239850711492062,3.120353110068351
vLH92_MN_60x-1xzoom_0003_XY07_488.tif,11,3249,1656,1594,0.5096952908587258,925.0414428710938,0.243884579601781,983.410888671875,931.0,3195102.0,1259.701416015625,1293.0,2007964.0,717.158203125,725.0,1187614.0,False,vLH92_MN_60x-1xzoom_0003_XY07_Dapi-ex_Green-em.tif,417.28839111328125,400.0,1355770.0,500.8876953125,505.0,798415.0,336.7173767089844,337.0,557604.0,839.426888671875,1115.717416015625,573.174203125,787.016,1149.016,581.016,270.63559111328124,354.2348953125,190.06457670898436,253.3472,358.3472,190.3472,2mM 2DG,1h,yes,MN,3.101686977750506,3.1064720667921333,3.1496541723574643,3.20643219760054,3.0156813702461265,3.0524010860154496
vLH92_MN_60x-1xzoom_0003_XY08_488.tif,1,3002,0,3002,0.0,414.0545959472656,,410.9480285644531,417.0,1233666.0,410.9480285644531,417.0,1233666.0,,,,True,vLH92_MN_60x-1xzoom_0003_XY08_Dapi-ex_Green-em.tif,385.0956115722656,393.0,1156057.0,385.0956115722656,393.0,1156057.0,,,,262.99442856445313,262.99442856445313,,269.0464,269.0464,,235.27801157226563,235.27801157226563,,243.1824,243.1824,,2mM 2DG,1h,yes,MN,1.117802835917263,1.1063563810538921,1.117802835917263,1.1063563810538921,,
vLH92_MN_60x-1xzoom_0003_XY08_488.tif,2,2556,1245,1311,0.48708920187793425,353.79193115234375,0.8311828482564592,391.5911560058594,357.0,1000907.0,454.4683532714844,410.0,595808.0,325.3807373046875,324.0,405099.0,False,vLH92_MN_60x-1xzoom_0003_XY08_Dapi-ex_Green-em.tif,338.3239440917969,317.0,864756.0,373.3829040527344,344.0,489505.0,301.40643310546875,300.0,375251.0,243.63755600585938,306.5147532714844,177.4271373046875,209.0464,262.0464,176.0464,188.50634409179688,223.56530405273438,151.58883310546875,167.1824,194.1824,150.1824,2mM 2DG,1h,yes,MN,1.2924634297040702,1.2504091339758252,1.3710300646614824,1.3494858442371709,1.1704499181759755,1.1722172504900708
vLH92_MN_60x-1xzoom_0003_XY08_488.tif,3,188,84,104,0.44680851063829785,1236.0694580078125,0.7164256426441464,1222.6915283203125,1238.0,229866.0,1299.2884521484375,1308.5,135126.0,1127.857177734375,1134.0,94740.0,False,vLH92_MN_60x-1xzoom_0003_XY08_Dapi-ex_Green-em.tif,603.2819213867188,606.0,113417.0,617.1538696289062,623.5,64184.0,586.1071166992188,587.5,49233.0,1074.7379283203124,1151.3348521484374,979.903577734375,1090.0464,1160.5464,986.0464,453.4643213867188,467.3362696289063,436.2895166992188,456.18240000000003,473.68240000000003,437.68240000000003,2mM 2DG,1h,yes,MN,2.3700606147661296,2.3894968328458086,2.463611166029694,2.4500517646423003,2.245993864688543,2.252881084548979
vLH92_MN_60x-1xzoom_0003_XY08_488.tif,4,4524,2291,2234,0.5064102564102564,708.0338134765625,0.5053054791808411,739.3952026367188,707.0,3345024.0,874.3026123046875,873.0,1953192.0,607.8048706054688,603.0,1392481.0,False,vLH92_MN_60x-1xzoom_0003_XY08_Dapi-ex_Green-em.tif,534.1529541015625,501.0,2416508.0,615.3128662109375,617.0,1374609.0,454.9808044433594,452.0,1042361.0,591.4416026367187,726.3490123046874,459.85127060546876,559.0464,725.0464,455.0464,384.33535410156253,465.49526621093753,305.1632044433594,351.18240000000003,467.18240000000003,302.18240000000003,2mM 2DG,1h,yes,MN,1.5388685852731292,1.5918975438404654,1.560378944810891,1.551955724359479,1.5069027455137392,1.5058666553710605
vLH92_MN_60x-1xzoom_0003_XY08_488.tif,5,2227,1100,1127,0.4939380332285586,527.7816772460938,0.752442504863887,609.6650390625,533.0,1357724.0,730.19873046875,746.0,822934.0,486.1727294921875,485.0,534790.0,False,vLH92_MN_60x-1xzoom_0003_XY08_Dapi-ex_Green-em.tif,291.2779541015625,271.0,648676.0,327.5634460449219,328.0,369164.0,254.10182189941406,254.0,279512.0,461.7114390625,582.24513046875,338.2191294921875,385.0464,598.0464,337.0464,141.4603541015625,177.74584604492188,104.28422189941406,121.1824,178.1824,104.1824,2mM 2DG,1h,yes,MN,3.263892855315567,3.177411901398223,3.2757172301039237,3.3563718975611505,3.2432435447273336,3.2351568019166383
vLH92_MN_60x-1xzoom_0003_XY08_488.tif,6,3259,1630,1629,0.5001534212948757,541.3419799804688,0.7037001140994346,556.1519165039062,536.0,1812499.0,683.7808227539062,651.0,1113879.0,428.6012268066406,420.0,698620.0,False,vLH92_MN_60x-1xzoom_0003_XY08_Dapi-ex_Green-em.tif,339.2755432128906,306.0,1105699.0,408.0006103515625,373.0,664633.0,270.5926513671875,267.0,441066.0,408.19831650390626,535.8272227539062,280.64762680664063,388.0464,503.0464,272.0464,189.45794321289063,258.18301035156253,120.7750513671875,156.1824,223.1824,117.1824,2mM 2DG,1h,yes,MN,2.15455899911898,2.4845718851804044,2.0753775472068483,2.2539698470847163,2.323721858361285,2.321563647783285
vLH92_MN_60x-1xzoom_0003_XY08_488.tif,7,7082,3390,3693,0.4786783394521322,1450.8805541992188,0.2879730837723764,1419.367431640625,1446.0,10051960.0,1733.5145263671875,1767.0,6401869.0,1076.9229736328125,1025.5,3650769.0,False,vLH92_MN_60x-1xzoom_0003_XY08_Dapi-ex_Green-em.tif,476.8462219238281,462.0,3377025.0,562.7362670898438,569.0,2078185.0,383.2244873046875,380.0,1299131.0,1271.413831640625,1585.5609263671874,928.9693736328124,1298.0464,1619.0464,877.5464,327.02862192382815,412.9186670898438,233.4068873046875,312.18240000000003,419.18240000000003,230.1824,2mM 2DG,1h,yes,MN,3.8877754007010554,4.157974312453232,3.839886768844474,3.8623911690948853,3.9800426815175474,3.8123957348607016
vLH92_MN_60x-1xzoom_0003_XY08_488.tif,8,3551,1908,1644,0.5373134328358209,618.0738525390625,0.5543774987239805,654.7764282226562,627.0,2325111.0,730.5018310546875,731.0,1200945.0,589.4669799804688,593.0,1124703.0,False,vLH92_MN_60x-1xzoom_0003_XY08_Dapi-ex_Green-em.tif,327.0484313964844,311.0,1161349.0,363.961669921875,354.0,598353.0,295.32598876953125,292.0,563482.0,506.82282822265626,582.5482310546874,441.51337998046876,479.0464,583.0464,445.0464,177.23083139648438,214.144069921875,145.50838876953125,161.1824,204.1824,142.1824,2mM 2DG,1h,yes,MN,2.8596764131227217,2.9720763557311467,2.720356586419672,2.8555174197188395,3.0342812789974314,3.13010893050054
vLH92_MN_60x-1xzoom_0003_XY08_488.tif,9,2269,1101,1168,0.48523578669017187,707.4224853515625,0.6835789317940523,779.0709838867188,712.0,1767712.0,901.7722778320312,855.0,1053270.0,648.90283203125,651.0,714442.0,False,vLH92_MN_60x-1xzoom_0003_XY08_Dapi-ex_Green-em.tif,312.2229919433594,298.0,708434.0,343.4828796386719,335.0,401188.0,279.06085205078125,280.0,307246.0,631.1173838867187,753.8186778320312,500.94923203125,564.0464,707.0464,503.0464,162.40539194335938,193.66527963867188,129.24325205078125,148.1824,185.1824,130.1824,2mM 2DG,1h,yes,MN,3.886061763927319,3.8064331526551056,3.8923790533773386,3.8181079843440844,3.8760184696870748,3.8641659702079543
vLH92_MN_60x-1xzoom_0003_XY08_488.tif,10,2833,1432,1401,0.5054712319096364,551.0324096679688,0.7162116307563754,645.3194580078125,558.0,1828190.0,810.7894287109375,832.0,1135916.0,483.4315490722656,478.0,692274.0,False,vLH92_MN_60x-1xzoom_0003_XY08_Dapi-ex_Green-em.tif,351.9283447265625,296.0,997013.0,436.8979187011719,418.0,612094.0,268.7981872558594,268.0,384919.0,497.3658580078125,662.8358287109374,335.47794907226563,410.0464,684.0464,330.0464,202.1107447265625,287.0803187011719,118.98058725585938,146.1824,268.18240000000003,118.1824,2mM 2DG,1h,yes,MN,2.4608580740262145,2.805032616785605,2.3088863482867232,2.5506759578555487,2.8196023974133184,2.7926865590815555
vLH92_MN_60x-1xzoom_0003_XY08_488.tif,11,4382,1984,2398,0.45276129621177547,813.5235290527344,0.40986767457110806,819.4413452148438,814.0,3590792.0,891.37158203125,884.0,2137509.0,732.5015258789062,751.5,1453283.0,False,vLH92_MN_60x-1xzoom_0003_XY08_Dapi-ex_Green-em.tif,613.3329467773438,614.0,2687625.0,634.5963134765625,646.0,1521762.0,587.632568359375,583.0,1165863.0,671.4877452148437,743.41798203125,584.5479258789062,666.0464,736.0464,603.5464,463.5153467773438,484.77871347656253,437.81496835937503,464.18240000000003,496.18240000000003,433.18240000000003,2mM 2DG,1h,yes,MN,1.4486850325096192,1.434880771007259,1.5335202668035295,1.4834190007545611,1.3351483346249762,1.393284676385744
vLH92_MN_60x-1xzoom_0003_XY09_488.tif,1,4242,2723,1520,0.641914191419142,963.2014465332031,0.23796535986331255,1028.7825927734375,973.0,4364096.0,1272.6717529296875,1203.0,1934461.0,892.4649047851562,916.0,2430182.0,False,vLH92_MN_60x-1xzoom_0003_XY09_Dapi-ex_Green-em.tif,385.2546081542969,368.0,1634250.0,458.31317138671875,442.0,696636.0,344.4461975097656,349.0,937927.0,886.1409927734375,1130.0301529296876,749.8233047851562,830.3584,1060.3584,773.3584,240.04180815429686,313.10037138671873,199.2333975097656,222.78719999999998,296.7872,203.78719999999998,2mM 2DG,1h,yes,MN,3.691611055536765,3.7271369270766006,3.6091626079036385,3.5727902011946613,3.763542228146779,3.794931183116506
vLH92_MN_60x-1xzoom_0003_XY09_488.tif,2,2523,1287,1236,0.5101070154577884,1136.8157958984375,0.40503805104830987,1220.377685546875,1138.0,3079013.0,1436.3826904296875,1356.0,1775369.0,1012.932373046875,1029.0,1303644.0,False,vLH92_MN_60x-1xzoom_0003_XY09_Dapi-ex_Green-em.tif,474.3598937988281,458.0,1196810.0,528.5266723632812,516.0,653259.0,422.33953857421875,424.0,543551.0,1077.736085546875,1293.7410904296876,870.290773046875,995.3584,1213.3584,886.3584,329.1470937988281,383.31387236328123,277.12673857421873,312.7872,370.7872,278.7872,2mM 2DG,1h,yes,MN,3.2743296412198557,3.1822222904262065,3.375148106311059,3.2723848072425374,3.140407084225826,3.179336784472171
vLH92_MN_60x-1xzoom_0003_XY09_488.tif,3,4619,2156,2463,0.46676769863606843,421.07122802734375,0.7055037507227596,426.5399475097656,421.0,1970188.0,513.8327026367188,495.0,1265570.0,326.8172607421875,319.0,704618.0,False,vLH92_MN_60x-1xzoom_0003_XY09_Dapi-ex_Green-em.tif,273.4912414550781,266.0,1263256.0,308.98577880859375,310.0,761032.0,232.94248962402344,231.0,502224.0,283.8983475097656,371.1911026367187,184.1756607421875,278.35839999999996,352.35839999999996,176.3584,128.2784414550781,163.77297880859373,87.72968962402342,120.78719999999998,164.78719999999998,85.78719999999998,2mM 2DG,1h,yes,MN,2.2131415403046044,2.304535579928999,2.266497839491218,2.1382631660711513,2.099353839407108,2.0557658951451967
vLH92_MN_60x-1xzoom_0003_XY09_488.tif,4,3915,1968,1948,0.5026819923371647,1283.17578125,0.23111130245363226,1347.2587890625,1292.0,5274518.0,1546.564697265625,1481.5,3012708.0,1149.6895751953125,1164.0,2262589.0,False,vLH92_MN_60x-1xzoom_0003_XY09_Dapi-ex_Green-em.tif,512.326171875,488.0,2005757.0,570.4368286132812,545.0,1111211.0,454.76116943359375,452.0,894970.0,1204.6171890625,1403.923097265625,1007.0479751953125,1149.3584,1338.8584,1021.3584,367.113371875,425.22402861328123,309.54836943359373,342.7872,399.7872,306.7872,2mM 2DG,1h,yes,MN,3.281322014804368,3.352979341118922,3.301608100191391,3.3489276294988937,3.253281472740404,3.3292079982476452
vLH92_MN_60x-1xzoom_0003_XY09_488.tif,5,3791,1893,1898,0.4993405433922448,1001.4105224609375,0.6256245070125689,1144.8804931640625,1016.0,4340242.0,1445.696533203125,1480.0,2743932.0,843.2699584960938,863.0,1596310.0,False,vLH92_MN_60x-1xzoom_0003_XY09_Dapi-ex_Green-em.tif,471.3954162597656,434.0,1787060.0,566.3419189453125,583.0,1074917.0,376.1980895996094,374.0,712143.0,1002.2388931640625,1303.054933203125,700.6283584960937,873.3584,1337.3584,720.3584,326.1826162597656,421.1291189453125,230.98528959960936,288.7872,437.7872,228.78719999999998,2mM 2DG,1h,yes,MN,3.0726312292678974,3.024228220641358,3.0941933829380694,3.054813845630937,3.0332163563773484,3.148595725635001
vLH92_MN_60x-1xzoom_0003_XY09_488.tif,6,2085,1007,1079,0.4829736211031175,706.7452392578125,0.3740787920089529,715.3131713867188,706.0,1491428.0,835.9258422851562,847.0,901964.0,585.8292236328125,578.0,589930.0,False,vLH92_MN_60x-1xzoom_0003_XY09_Dapi-ex_Green-em.tif,352.61822509765625,354.0,735209.0,392.0074157714844,391.0,422976.0,310.3584899902344,305.0,312531.0,572.6715713867187,693.2842422851562,443.18762363281246,563.3584,704.3584,435.35839999999996,207.40542509765623,246.79461577148436,165.14568999023436,208.78719999999998,245.78719999999998,159.78719999999998,2mM 2DG,1h,yes,MN,2.761121465926352,2.698242037826074,2.809154649172298,2.8657244966377418,2.6836160462862804,2.724613736269238
vLH92_MN_60x-1xzoom_0003_XY09_488.tif,7,4726,2461,2265,0.5207363520947947,885.054443359375,0.6560649600450896,990.8544311523438,896.0,4682778.0,1179.49267578125,1238.0,2671551.0,817.23974609375,839.0,2011227.0,False,vLH92_MN_60x-1xzoom_0003_XY09_Dapi-ex_Green-em.tif,376.26934814453125,352.0,1778249.0,426.8052978515625,432.0,966714.0,329.75823974609375,329.0,811535.0,848.2128311523437,1036.85107578125,674.59814609375,753.3584,1095.3584,696.3584,231.05654814453123,281.5924978515625,184.54543974609373,206.78719999999998,286.7872,183.78719999999998,2mM 2DG,1h,yes,MN,3.671018363096842,3.643157797000975,3.6820976542060135,3.8194117450151195,3.655458227642437,3.788938511495904
vLH92_MN_60x-1xzoom_0003_XY09_488.tif,8,6425,3193,3233,0.4969649805447471,1192.578125,0.1786843069885454,1229.176025390625,1187.0,7897456.0,1475.937255859375,1464.0,4771705.0,979.1105346679688,1010.0,3126300.0,False,vLH92_MN_60x-1xzoom_0003_XY09_Dapi-ex_Green-em.tif,562.3665161132812,543.0,3613205.0,648.0751342773438,621.0,2095227.0,475.50079345703125,469.0,1518274.0,1086.534425390625,1333.295655859375,836.4689346679687,1044.3584,1321.3584,867.3584,417.15371611328123,502.86233427734373,330.28799345703123,397.7872,475.7872,323.7872,2mM 2DG,1h,yes,MN,2.604638010933045,2.625419822457837,2.6514128519397566,2.7772045990308274,2.5325441773189645,2.678791502567118
vLH92_MN_60x-1xzoom_0003_XY09_488.tif,9,2514,1257,1257,0.5,310.559814453125,0.8140760048977103,350.9610290527344,313.0,882316.0,414.6443786621094,385.0,521208.0,287.27764892578125,287.0,361108.0,False,vLH92_MN_60x-1xzoom_0003_XY09_Dapi-ex_Green-em.tif,304.26690673828125,283.0,764927.0,341.0262451171875,347.0,428670.0,267.507568359375,266.0,336257.0,208.31942905273436,272.00277866210934,144.63604892578124,170.3584,242.3584,144.3584,159.05410673828123,195.81344511718748,122.29476835937498,137.78719999999998,201.78719999999998,120.78719999999998,2mM 2DG,1h,yes,MN,1.3097393919889018,1.2363877050988772,1.3890914308735296,1.2010593337932238,1.1826838618374438,1.1951465055899964
vLH92_MN_60x-1xzoom_0003_XY09_488.tif,10,3160,2365,795,0.7484177215189873,966.7447204589844,0.4701502588604225,922.6958618164062,962.0,2915719.0,1030.446533203125,1022.0,819205.0,886.4752807617188,928.0,2096514.0,False,vLH92_MN_60x-1xzoom_0003_XY09_Dapi-ex_Green-em.tif,388.9531555175781,390.0,1229092.0,425.9710693359375,424.0,338647.0,376.509521484375,378.0,890445.0,780.0542618164062,887.804933203125,743.8336807617187,819.3584,879.3584,785.3584,243.7403555175781,280.7582693359375,231.29672148437498,244.78719999999998,278.7872,232.78719999999998,2mM 2DG,1h,yes,MN,3.2003492411421797,3.3472273060029285,3.162168420908857,3.1542280276856327,3.2159283365024596,3.3737181425782863
vLH92_MN_60x-1xzoom_0003_XY09_488.tif,11,3499,1744,1755,0.498428122320663,473.9932556152344,0.6725977493990021,508.51641845703125,468.0,1779299.0,633.8204956054688,583.0,1112355.0,382.4220275878906,376.0,666944.0,False,vLH92_MN_60x-1xzoom_0003_XY09_Dapi-ex_Green-em.tif,271.1806335449219,256.0,948861.0,313.329345703125,300.0,549893.0,228.76605224609375,227.0,398968.0,365.8748184570312,491.1788956054687,239.7804275878906,325.35839999999996,440.35839999999996,233.3584,125.96783354492186,168.11654570312498,83.55325224609373,110.78719999999998,154.78719999999998,81.78719999999998,2mM 2DG,1h,yes,MN,2.904509890825067,2.9367869212327777,2.921657077542122,2.8449277459634907,2.8697916734785243,2.853238648590489
vLH92_MN_60x-1xzoom_0003_XY09_488.tif,12,4515,2255,2260,0.4994462901439646,1332.0833740234375,0.18966822746585693,1472.2493896484375,1342.0,6647206.0,1815.5531005859375,1881.0,4103150.0,1128.1844482421875,1210.0,2544056.0,False,vLH92_MN_60x-1xzoom_0003_XY09_Dapi-ex_Green-em.tif,472.6695556640625,429.0,2134103.0,567.5725708007812,581.5,1282714.0,377.55609130859375,388.0,851389.0,1329.6077896484376,1672.9115005859376,985.5428482421875,1199.3584,1738.3584,1067.3584,327.4567556640625,422.35977080078123,232.34329130859373,283.7872,436.2872,242.78719999999998,2mM 2DG,1h,yes,MN,4.060407264928993,4.226259676264469,3.9608684733731825,3.9844359403622205,4.241752979788898,4.396271302605739
vLH92_MN_60x-1xzoom_0003_XY09_488.tif,13,4108,0,4108,0.0,1915.3466186523438,,1832.4627685546875,1924.0,7527757.0,1832.4627685546875,1924.0,7527757.0,,,,True,vLH92_MN_60x-1xzoom_0003_XY09_Dapi-ex_Green-em.tif,536.4815063476562,556.0,2203866.0,536.4815063476562,556.0,2203866.0,,,,1689.8211685546876,1689.8211685546876,,1781.3584,1781.3584,,391.26870634765623,391.26870634765623,,410.7872,410.7872,,2mM 2DG,1h,yes,MN,4.31882525011653,4.336450600213444,4.31882525011653,4.336450600213444,,
vLH92_MN_60x-1xzoom_0003_XY09_488.tif,14,3911,1870,2042,0.4781385834824853,438.6062316894531,0.5325248366770574,478.74456787109375,442.0,1872370.0,585.4676513671875,606.0,1195525.0,362.098388671875,356.0,677124.0,False,vLH92_MN_60x-1xzoom_0003_XY09_Dapi-ex_Green-em.tif,251.04397583007812,234.0,981833.0,287.8041076660156,276.0,587696.0,210.8716583251953,209.0,394330.0,336.1029678710937,442.82605136718746,219.456788671875,299.35839999999996,463.35839999999996,213.3584,105.83117583007811,142.5913076660156,65.6588583251953,88.78719999999998,130.78719999999998,63.787199999999984,2mM 2DG,1h,yes,MN,3.1758408166109633,3.3716391551935416,3.1055613320020634,3.5428421129896503,3.34237899149798,3.3448466149948586
vLH92_MN_60x-1xzoom_0003_XY10_488.tif,1,3515,1886,1629,0.5365576102418208,506.4437255859375,0.6312525122232466,594.6964721679688,509.0,2090358.0,743.9859008789062,781.0,1211953.0,465.7502746582031,469.0,878405.0,False,vLH92_MN_60x-1xzoom_0003_XY10_Dapi-ex_Green-em.tif,293.0682678222656,271.0,1030135.0,338.7237548828125,343.0,551781.0,253.63414001464844,253.0,478354.0,453.33967216796873,602.6291008789062,324.3934746582031,367.6432,639.6432,327.6432,148.16906782226562,193.8245548828125,108.73494001464843,126.10079999999999,198.1008,108.10079999999999,2mM 2DG,1h,yes,MN,3.059610746230561,2.9154707979648027,3.1091473484526224,3.2288774199801313,2.983341643583027,3.030904489143466
vLH92_MN_60x-1xzoom_0003_XY10_488.tif,2,4334,2092,2242,0.4826949700046147,483.47520446777344,0.6948469557014365,558.0071411132812,486.0,2418403.0,693.8933715820312,686.0,1555709.0,412.37762451171875,411.0,862694.0,False,vLH92_MN_60x-1xzoom_0003_XY10_Dapi-ex_Green-em.tif,344.26995849609375,302.0,1492066.0,418.9018859863281,389.0,939178.0,264.28680419921875,263.0,552888.0,416.65034111328123,552.5365715820312,271.02082451171873,344.6432,544.6432,269.6432,199.37075849609374,274.0026859863281,119.38760419921874,157.1008,244.1008,118.10079999999999,2mM 2DG,1h,yes,MN,2.0898267341519126,2.1937711329286675,2.0165370627410604,2.2312225113559645,2.2700918267818984,2.2831615027163235
vLH92_MN_60x-1xzoom_0003_XY10_488.tif,3,5117,2553,2565,0.4989251514559312,589.1133422851562,0.44343310220290205,552.9315795898438,583.0,2829351.0,663.7279052734375,654.0,1702462.0,441.5687561035156,415.0,1127325.0,False,vLH92_MN_60x-1xzoom_0003_XY10_Dapi-ex_Green-em.tif,331.396728515625,309.0,1695757.0,406.32281494140625,374.0,1042218.0,256.0955810546875,246.0,653812.0,411.57477958984373,522.3711052734375,300.2119561035156,441.6432,512.6432,273.6432,186.497528515625,261.42361494140624,111.19638105468749,164.1008,229.1008,101.10079999999999,2mM 2DG,1h,yes,MN,2.2068645245095646,2.69129218139095,1.9981787237947815,2.2376316451099254,2.699835671413338,2.7066373362030767
vLH92_MN_60x-1xzoom_0003_XY10_488.tif,4,3398,1707,1691,0.5023543260741613,702.7518310546875,0.40151716984011526,753.7145385742188,691.0,2561122.0,919.0585327148438,911.0,1554128.0,589.9203491210938,584.0,1006994.0,False,vLH92_MN_60x-1xzoom_0003_XY10_Dapi-ex_Green-em.tif,338.43377685546875,318.0,1149998.0,393.41455078125,390.0,665264.0,283.9683532714844,283.0,484734.0,612.3577385742187,777.7017327148437,448.56354912109373,549.6432,769.6432,442.6432,193.53457685546874,248.51535078125,139.06915327148437,173.1008,245.1008,138.1008,2mM 2DG,1h,yes,MN,3.164074081870788,3.1752782193958664,3.1293911232042886,3.14010888581351,3.225471203131788,3.2052182174180017
vLH92_MN_60x-1xzoom_0003_XY10_488.tif,5,4852,2031,2821,0.4185902720527617,468.1951904296875,0.5572669029666154,502.00390625,475.0,2435723.0,598.9989624023438,564.0,1689776.0,367.2806396484375,351.0,745947.0,False,vLH92_MN_60x-1xzoom_0003_XY10_Dapi-ex_Green-em.tif,289.3400573730469,270.0,1403878.0,318.78765869140625,318.0,899300.0,248.43820190429688,245.0,504578.0,360.64710625,457.64216240234373,225.9238396484375,333.6432,422.6432,209.6432,144.44085737304687,173.88845869140624,103.53900190429687,125.10079999999999,173.1008,100.10079999999999,2mM 2DG,1h,yes,MN,2.4968496643477964,2.666994935284187,2.6318144737512754,2.441601656375938,2.182016781050906,2.094320924508096
vLH92_MN_60x-1xzoom_0003_XY10_488.tif,6,2618,1367,1251,0.5221543162719633,571.9373779296875,0.4336232673549582,616.3919067382812,567.5,1613714.0,777.9791870117188,733.0,973252.0,468.5164489746094,456.0,640462.0,False,vLH92_MN_60x-1xzoom_0003_XY10_Dapi-ex_Green-em.tif,334.53131103515625,321.0,875803.0,373.29736328125,373.0,466995.0,299.05487060546875,292.0,408808.0,475.03510673828123,636.6223870117187,327.15964897460935,426.1432,591.6432,314.6432,189.63211103515624,228.39816328125,154.15567060546874,176.1008,228.1008,147.1008,2mM 2DG,1h,yes,MN,2.505035165959913,2.4198822492572436,2.7873358430986177,2.593779592180299,2.122268014466431,2.138963214340099
vLH92_MN_60x-1xzoom_0003_XY11_488.tif,1,2581,1275,1306,0.49399457574583494,236.8157501220703,0.7878055481316646,251.9519500732422,242.0,650288.0,276.8828430175781,273.0,361609.0,226.41490173339844,226.0,288679.0,False,vLH92_MN_60x-1xzoom_0003_XY11_Dapi-ex_Green-em.tif,237.2971649169922,232.0,612464.0,251.88973999023438,248.0,328968.0,222.3498077392578,222.0,283496.0,110.67355007324218,135.60444301757812,85.13650173339843,100.7216,131.7216,84.7216,92.04276491699218,106.63533999023437,77.09540773925781,86.7456,102.7456,76.7456,2mM 2DG,1h,yes,MN,1.20241444477523,1.1611148000590232,1.2716651255577816,1.2820169428179893,1.1043005573216005,1.1039277821790434
vLH92_MN_60x-1xzoom_0003_XY11_488.tif,2,5047,1408,3639,0.2789776104616604,749.7632446289062,0.71916392038862,769.78759765625,746.0,3885118.0,817.8213500976562,844.0,2976052.0,645.6434936523438,643.0,909066.0,False,vLH92_MN_60x-1xzoom_0003_XY11_Dapi-ex_Green-em.tif,457.0099182128906,436.0,2306529.0,474.55755615234375,470.0,1726915.0,411.6576843261719,409.0,579614.0,628.50919765625,676.5429500976562,504.3650936523437,604.7216,702.7216,501.72159999999997,311.7555182128906,329.3031561523437,266.40328432617184,290.74559999999997,324.74559999999997,263.74559999999997,2mM 2DG,1h,yes,MN,2.016032310379365,2.079899403464747,2.054468466086219,2.163914153109388,1.8932390226646847,1.9022937254687853
vLH92_MN_60x-1xzoom_0003_XY11_488.tif,3,3136,1537,1599,0.4901147959183674,393.5767822265625,0.8383872078203825,442.22320556640625,390.5,1386812.0,544.2933349609375,495.0,870325.0,336.0357971191406,334.0,516487.0,False,vLH92_MN_60x-1xzoom_0003_XY11_Dapi-ex_Green-em.tif,360.7235412597656,340.0,1131229.0,404.1388244628906,399.0,646218.0,315.5569152832031,314.0,485011.0,300.9448055664062,403.01493496093747,194.75739711914062,249.2216,353.72159999999997,192.7216,215.46914125976562,258.8844244628906,170.30251528320312,194.7456,253.7456,168.7456,2mM 2DG,1h,yes,MN,1.3966956187178223,1.2797290413750042,1.556736894454255,1.3940009206070962,1.1435967154993012,1.142083704701041
vLH92_MN_60x-1xzoom_0003_XY11_488.tif,4,2222,967,1255,0.4351935193519352,332.3759765625,0.7510860686480627,368.6885681152344,336.0,819226.0,412.01593017578125,381.0,517080.0,312.45709228515625,312.0,302146.0,False,vLH92_MN_60x-1xzoom_0003_XY11_Dapi-ex_Green-em.tif,245.0652618408203,229.0,544535.0,264.0342712402344,243.0,331363.0,220.44674682617188,220.0,213172.0,227.41016811523437,270.7375301757812,171.17869228515625,194.7216,239.7216,170.7216,99.81086184082031,118.77987124023437,75.19234682617187,83.7456,97.7456,74.7456,2mM 2DG,1h,yes,MN,2.2784110258251364,2.325156187310139,2.279321633782628,2.4525052790100017,2.276544083414282,2.2840354482404317
vLH92_MN_60x-1xzoom_0003_XY11_488.tif,5,3487,1810,1677,0.5190708345282478,670.370361328125,0.505084811427467,719.5374145507812,677.0,2509027.0,830.4734497070312,844.0,1392704.0,616.7530517578125,625.0,1116323.0,False,vLH92_MN_60x-1xzoom_0003_XY11_Dapi-ex_Green-em.tif,524.0628051757812,499.0,1827407.0,597.6851806640625,603.0,1002318.0,455.85028076171875,463.0,825089.0,578.2590145507812,689.1950497070312,475.47465175781247,535.7216,702.7216,483.72159999999997,378.8084051757812,452.43078066406247,310.5958807617187,353.74559999999997,457.74559999999997,317.74559999999997,2mM 2DG,1h,yes,MN,1.5265210767497293,1.5144261865023905,1.5233160058107766,1.5351793660059212,1.5308466119761084,1.5223549909109677
vLH92_MN_60x-1xzoom_0003_XY11_488.tif,6,2978,1480,1498,0.49697783747481533,389.8935089111328,0.8432612135083991,396.5782470703125,386.0,1181010.0,442.1862487792969,431.0,662395.0,350.41552734375,350.0,518615.0,False,vLH92_MN_60x-1xzoom_0003_XY11_Dapi-ex_Green-em.tif,290.1903991699219,275.0,864187.0,327.4005432128906,316.0,490446.0,252.5277099609375,250.0,373741.0,255.2998470703125,300.90784877929684,209.13712734375,244.7216,289.72159999999997,208.7216,144.93599916992187,182.14614321289062,107.2733099609375,129.7456,170.7456,104.7456,2mM 2DG,1h,yes,MN,1.761466085254643,1.8861649258240742,1.6520132870867252,1.6968027287379586,1.9495728007265292,1.9926526746708215
vLH92_MN_60x-1xzoom_0003_XY11_488.tif,7,3064,1508,1556,0.49216710182767626,714.9340515136719,0.6178100540942871,780.7026977539062,718.0,2392073.0,928.6638793945312,951.5,1445001.0,628.0318603515625,651.0,947072.0,False,vLH92_MN_60x-1xzoom_0003_XY11_Dapi-ex_Green-em.tif,362.9941101074219,335.0,1112214.0,415.6645202636719,419.0,646774.0,308.647216796875,309.5,465440.0,639.4242977539062,787.3854793945312,486.75346035156247,576.7216,810.2216,509.72159999999997,217.73971010742187,270.41012026367184,163.392816796875,189.7456,273.74559999999997,164.2456,2mM 2DG,1h,yes,MN,2.9366453066298575,3.0394465009992326,2.9118195673548253,2.9597611797230714,2.979038307153243,3.1034109893963673
vLH92_MN_60x-1xzoom_0003_XY11_488.tif,8,3985,2151,1834,0.5397741530740277,338.91900634765625,0.4771668815961083,369.5264892578125,340.0,1472563.0,426.6275939941406,380.0,782435.0,320.8405456542969,321.0,690128.0,False,vLH92_MN_60x-1xzoom_0003_XY11_Dapi-ex_Green-em.tif,281.84918212890625,256.0,1123169.0,320.73773193359375,290.0,588233.0,248.6917724609375,238.0,534936.0,228.2480892578125,285.3491939941406,179.56214565429687,198.7216,238.7216,179.7216,136.59478212890625,175.48333193359375,103.4373724609375,110.7456,144.7456,92.7456,2mM 2DG,1h,yes,MN,1.6709868832501364,1.7943972491909386,1.6260757694190704,1.649249441779232,1.7359503763700828,1.9377911189317876
vLH92_MN_60x-1xzoom_0003_XY11_488.tif,9,3409,1586,1823,0.4652390730419478,400.52117919921875,0.7108891370070923,430.1322937011719,408.0,1466321.0,478.21337890625,482.0,871783.0,374.8663330078125,379.0,594538.0,False,vLH92_MN_60x-1xzoom_0003_XY11_Dapi-ex_Green-em.tif,294.3998107910156,283.0,1003609.0,320.3291320800781,318.0,583960.0,264.5958251953125,265.0,419649.0,288.85389370117184,336.93497890624997,233.5879330078125,266.72159999999997,340.72159999999997,237.7216,149.14541079101562,175.07473208007812,119.3414251953125,137.7456,172.7456,119.7456,2mM 2DG,1h,yes,MN,1.9367266627192268,1.9363348085165695,1.9245208883263516,1.9723894559398327,1.9573080564902403,1.9852220039817747
vLH92_MN_60x-1xzoom_0003_XY11_488.tif,10,4854,2440,2416,0.5026782035434693,1375.746826171875,0.272512667303861,1500.3082275390625,1390.5,7282496.0,1911.23876953125,2019.0,4617553.0,1092.69140625,1102.0,2666167.0,False,vLH92_MN_60x-1xzoom_0003_XY11_Dapi-ex_Green-em.tif,548.7086791992188,539.5,2663432.0,633.5322875976562,662.0,1530614.0,464.5651550292969,441.0,1133539.0,1359.0298275390626,1769.96036953125,951.41300625,1249.2216,1877.7216,960.7216,403.4542791992187,488.2778875976562,319.31075502929684,394.24559999999997,516.7456,295.74559999999997,2mM 2DG,1h,yes,MN,3.3684853466828573,3.168638026651408,3.6249037986125385,3.6337447285472777,2.9795833408827948,3.248473011939992
vLH92_MN_60x-1xzoom_0003_XY11_488.tif,11,2711,1431,1280,0.5278495020287717,268.38934326171875,0.549539659208946,282.3338317871094,271.0,765407.0,314.47344970703125,310.0,402526.0,253.58560180664062,253.0,362881.0,False,vLH92_MN_60x-1xzoom_0003_XY11_Dapi-ex_Green-em.tif,275.1195068359375,265.0,745849.0,301.94061279296875,296.0,386484.0,251.1285858154297,249.0,359365.0,141.05543178710937,173.19504970703125,112.30720180664062,129.7216,168.7216,111.7216,129.8651068359375,156.68621279296875,105.87418581542968,119.7456,150.7456,103.7456,2mM 2DG,1h,yes,MN,1.0861688349073546,1.0833099504282413,1.1053624094921217,1.1192472616116158,1.0607609488721415,1.076880368902392
vLH92_MN_60x-1xzoom_0003_XY11_488.tif,12,2958,1467,1491,0.49594320486815413,312.4227752685547,0.7865301688009191,347.1595764160156,318.0,1026898.0,407.0261535644531,415.0,606876.0,286.3135681152344,288.0,420022.0,False,vLH92_MN_60x-1xzoom_0003_XY11_Dapi-ex_Green-em.tif,231.05712890625,216.0,683467.0,262.6867980957031,258.0,391666.0,198.91001892089844,198.0,291801.0,205.88117641601562,265.7477535644531,145.03516811523437,176.7216,273.72159999999997,146.7216,85.80272890625,117.43239809570312,53.65561892089843,70.7456,112.7456,52.745599999999996,2mM 2DG,1h,yes,MN,2.399471194453105,2.497987153971413,2.2629849843301195,2.427780773706468,2.7030751118359446,2.781684159436996
vLH92_MN_60x-1xzoom_0003_XY12_488.tif,1,2816,1409,1407,0.5003551136363636,1019.5208129882812,0.43114158148189574,1068.2894287109375,1030.0,3008303.0,1234.9146728515625,1251.0,1737525.0,901.900634765625,927.0,1270778.0,False,vLH92_MN_60x-1xzoom_0003_XY12_Dapi-ex_Green-em.tif,406.1143493652344,388.0,1143618.0,462.04833984375,459.0,650102.0,350.259765625,353.0,493516.0,925.0702287109375,1091.6954728515625,758.681434765625,886.7808,1107.7808,783.7808,260.9447493652344,316.87873984375,205.090165625,242.8304,313.8304,207.8304,2mM 2DG,1h,yes,MN,3.5450808301804613,3.651852486344379,3.445152153122887,3.529870911167306,3.699257994422057,3.7712519438927123
vLH92_MN_60x-1xzoom_0003_XY12_488.tif,2,2937,1266,1671,0.4310520939734423,1108.055419921875,0.7680293969208061,1125.0054931640625,1110.0,3304141.0,1224.6212158203125,1217.0,2046342.0,993.5220947265625,1036.0,1257799.0,False,vLH92_MN_60x-1xzoom_0003_XY12_Dapi-ex_Green-em.tif,428.4164123535156,415.0,1258259.0,459.0933532714844,448.0,767145.0,387.9257507324219,392.0,491114.0,981.7862931640625,1081.4020158203125,850.3028947265625,966.7808,1073.7808,892.7808,283.2468123535156,313.9237532714844,242.75615073242187,269.8304,302.8304,246.8304,2mM 2DG,1h,yes,MN,3.466186556545291,3.5829202343397926,3.44479194247243,3.5458157437298237,3.5027038126988983,3.6169807284678064
vLH92_MN_60x-1xzoom_0003_XY12_488.tif,3,3254,1636,1620,0.5027658266748617,588.4723815917969,0.5519519548446544,652.1552124023438,595.0,2122113.0,772.2111206054688,768.0,1250982.0,533.0164794921875,541.0,872015.0,False,vLH92_MN_60x-1xzoom_0003_XY12_Dapi-ex_Green-em.tif,333.4434509277344,317.0,1085025.0,376.9493713378906,369.0,610658.0,290.29400634765625,290.0,474921.0,508.93601240234375,628.9919206054687,389.7972794921875,451.7808,624.7808,397.7808,188.27385092773437,231.77977133789062,145.12440634765625,171.8304,223.8304,144.8304,2mM 2DG,1h,yes,MN,2.7031688675539436,2.6292250963740993,2.713748128125119,2.791313423020287,2.6859526202532695,2.7465283531634244
vLH92_MN_60x-1xzoom_0003_XY12_488.tif,4,2461,1231,1230,0.5002031694433158,742.3532104492188,0.8124904901055277,827.4965209960938,748.0,2036469.0,1042.219482421875,1058.0,1281930.0,612.947998046875,607.0,754539.0,False,vLH92_MN_60x-1xzoom_0003_XY12_Dapi-ex_Green-em.tif,354.5416564941406,327.0,872527.0,427.4349670410156,422.0,525745.0,281.7075500488281,281.0,346782.0,684.2773209960937,899.000282421875,469.728798046875,604.7808,914.7808,463.7808,209.37205649414062,282.2653670410156,136.53795004882812,181.8304,276.8304,135.8304,2mM 2DG,1h,yes,MN,3.2682361364456654,3.326070888036324,3.184947171684872,3.304481010756044,3.4402801410076287,3.414410912431974
vLH92_MN_60x-1xzoom_0003_XY12_488.tif,5,2944,1410,1534,0.4789402173913043,1139.602783203125,0.6957737668256866,1273.1636962890625,1138.0,3748194.0,1526.6734619140625,1590.0,2341917.0,997.3595581054688,1013.0,1406277.0,False,vLH92_MN_60x-1xzoom_0003_XY12_Dapi-ex_Green-em.tif,504.4755554199219,455.0,1485176.0,590.1310424804688,599.0,905261.0,411.2872314453125,412.0,579915.0,1129.9444962890625,1383.4542619140625,854.1403581054687,994.7808,1446.7808,869.7808,359.3059554199219,444.96144248046875,266.1176314453125,309.8304,453.8304,266.8304,2mM 2DG,1h,yes,MN,3.1447975722208477,3.21072690091095,3.109155378052309,3.1879327607846455,3.2096346020612905,3.259676558593024
vLH92_MN_60x-1xzoom_0003_XY12_488.tif,6,2173,1066,1107,0.49056603773584906,393.5762634277344,0.7605982679291251,424.0593566894531,397.0,921481.0,480.0117492675781,470.0,531373.0,365.9549865722656,366.0,390108.0,False,vLH92_MN_60x-1xzoom_0003_XY12_Dapi-ex_Green-em.tif,257.6419677734375,250.0,559856.0,278.2149963378906,273.0,307984.0,236.27767944335938,235.0,251872.0,280.8401566894531,336.7925492675781,222.73578657226562,253.7808,326.7808,222.7808,112.4723677734375,133.04539633789062,91.10807944335937,104.8304,127.8304,89.8304,2mM 2DG,1h,yes,MN,2.4969702536641973,2.4208702819029595,2.5314107705932054,2.5563621798883522,2.4447424194770493,2.480015673981191
vLH92_MN_60x-1xzoom_0003_XY12_488.tif,7,4180,2381,1800,0.5696172248803828,1045.7156982421875,0.1893411189852023,1132.308349609375,1048.5,4733049.0,1417.0322265625,1389.5,2550658.0,916.7564086914062,951.0,2182797.0,False,vLH92_MN_60x-1xzoom_0003_XY12_Dapi-ex_Green-em.tif,432.1031188964844,401.0,1806191.0,523.9283447265625,519.0,943071.0,362.5959777832031,366.0,863341.0,989.089149609375,1273.8130265625,773.5372086914062,905.2808,1246.2808,807.7808,286.9335188964844,378.7587447265625,217.42637778320312,255.8304,373.8304,220.8304,2mM 2DG,1h,yes,MN,3.4471021490040834,3.5385974458078477,3.3631250612632178,3.333813408433343,3.5576971689364383,3.657923909027018
vLH92_MN_60x-1xzoom_0003_XY13_488.tif,1,3218,1201,2017,0.37321317588564323,1058.2996826171875,0.724125439147141,1220.1298828125,1048.0,3926378.0,1415.74462890625,1500.0,2855557.0,891.6078491210938,903.0,1070821.0,False,vLH92_MN_60x-1xzoom_0003_XY13_Dapi-ex_Green-em.tif,433.9465637207031,383.0,1396440.0,487.4486999511719,500.0,983184.0,344.09326171875,345.0,413256.0,1078.7442828125,1274.35902890625,750.2222491210938,906.6144,1358.6144,761.6144,289.7993637207031,343.3014999511719,199.94606171875,238.8528,355.8528,200.8528,2mM 2DG,1h,yes,MN,3.722383199751087,3.795703462550994,3.7120695047574896,3.817911226214884,3.752123160977176,3.7919033242255025
vLH92_MN_60x-1xzoom_0003_XY13_488.tif,2,3267,1605,1663,0.49127640036730946,826.7550048828125,0.4944592098903885,876.1698608398438,830.0,2862447.0,998.585693359375,993.0,1660648.0,749.1258544921875,766.0,1202347.0,False,vLH92_MN_60x-1xzoom_0003_XY13_Dapi-ex_Green-em.tif,363.83349609375,348.0,1188644.0,402.1539306640625,402.0,668782.0,324.089111328125,322.0,520163.0,734.7842608398438,857.200093359375,607.7402544921875,688.6144,851.6144,624.6144,219.68629609375,258.0067306640625,179.941911328125,203.8528,257.8528,177.8528,2mM 2DG,1h,yes,MN,3.344697752682208,3.3779982418686427,3.322394307904672,3.3027153476712297,3.37742469226066,3.5119739469943685
vLH92_MN_60x-1xzoom_0003_XY13_488.tif,3,3115,1549,1566,0.49727126805778493,1064.045166015625,0.692296798850063,1221.2950439453125,1064.0,3804334.0,1589.2330322265625,1637.0,2488739.0,849.3189086914062,851.0,1315595.0,False,vLH92_MN_60x-1xzoom_0003_XY13_Dapi-ex_Green-em.tif,444.0564880371094,396.0,1383236.0,550.7362670898438,563.5,862453.0,336.2059326171875,335.0,520783.0,1079.9094439453124,1447.8474322265624,707.9333086914063,922.6144,1495.6144,709.6144,299.9092880371094,406.58906708984375,192.0587326171875,251.8528,419.3528,190.8528,2mM 2DG,1h,yes,MN,3.600786927985003,3.663308091075422,3.560960068576149,3.5664824462838927,3.6860250978666134,3.7181241249800894
vLH92_MN_60x-1xzoom_0003_XY13_488.tif,4,2455,1538,917,0.6264765784114052,1488.969970703125,0.2590395546321379,1467.2529296875,1494.0,3602106.0,1615.8614501953125,1589.0,1481745.0,1378.648193359375,1441.5,2120361.0,False,vLH92_MN_60x-1xzoom_0003_XY13_Dapi-ex_Green-em.tif,452.9319763183594,454.0,1111948.0,477.8843994140625,474.0,438220.0,438.05462646484375,440.5,673728.0,1325.8673296875,1474.4758501953124,1237.262593359375,1352.6144,1447.6144,1300.1144,308.7847763183594,333.7371994140625,293.90742646484375,309.8528,329.8528,296.3528,2mM 2DG,1h,yes,MN,4.2938235022328985,4.365345092895723,4.41807461914353,4.388667914900222,4.209701701795454,4.3870494896623216
vLH92_MN_60x-1xzoom_0003_XY13_488.tif,5,3988,1714,2274,0.42978936810431295,1530.0764770507812,0.2851509369577439,1521.897216796875,1533.0,6069326.0,1731.248046875,1784.0,3936858.0,1244.14697265625,1224.0,2132468.0,False,vLH92_MN_60x-1xzoom_0003_XY13_Dapi-ex_Green-em.tif,550.3013916015625,545.0,2194602.0,605.3681030273438,620.0,1376607.0,477.2432861328125,472.0,817995.0,1380.511616796875,1589.862446875,1102.76137265625,1391.6144,1642.6144,1082.6144,406.1541916015625,461.22090302734375,333.0960861328125,400.8528,475.8528,327.8528,2mM 2DG,1h,yes,MN,3.398984044343331,3.471634475298663,3.4470737046814723,3.4519380783301052,3.310640438496643,3.3021355925586113
vLH92_MN_60x-1xzoom_0003_XY13_488.tif,6,2748,1425,1323,0.5185589519650655,576.634033203125,0.5472355096944431,640.4144897460938,575.0,1759859.0,787.6341552734375,708.0,1042040.0,503.7326354980469,505.0,717819.0,False,vLH92_MN_60x-1xzoom_0003_XY13_Dapi-ex_Green-em.tif,302.2736511230469,288.0,830648.0,342.34619140625,326.0,452924.0,265.0694885253906,264.0,377724.0,499.0288897460938,646.2485552734375,362.3470354980469,433.61440000000005,566.6144,363.61440000000005,158.12645112304688,198.19899140625,120.92228852539063,143.8528,181.8528,119.8528,2mM 2DG,1h,yes,MN,3.1558849654936734,3.0142923877741694,3.2606046614476303,3.115785954354291,2.996528100127407,3.0338415122550333
vLH92_MN_60x-1xzoom_0003_XY13_488.tif,7,3407,1712,1695,0.50249486351629,630.3280029296875,0.805386519937056,711.6741943359375,649.0,2424674.0,858.0908813476562,882.0,1454464.0,566.71142578125,561.0,970210.0,False,vLH92_MN_60x-1xzoom_0003_XY13_Dapi-ex_Green-em.tif,321.6422119140625,299.0,1095835.0,375.26666259765625,366.0,636077.0,268.55023193359375,267.0,459758.0,570.2885943359375,716.7052813476563,425.32582578125005,507.61440000000005,740.6144,419.61440000000005,177.4950119140625,231.11946259765625,124.40303193359375,154.8528,221.8528,122.8528,2mM 2DG,1h,yes,MN,3.2129837801416827,3.278044697932488,3.101016562137525,3.338314413881637,3.418934564298149,3.4155867835328135
vLH92_MN_60x-1xzoom_0003_XY13_488.tif,8,2975,1545,1431,0.519327731092437,2618.55615234375,0.08831398330900599,2483.77685546875,2699.0,7389236.0,3205.12939453125,3243.0,4586540.0,1814.8770751953125,1763.0,2803985.0,False,vLH92_MN_60x-1xzoom_0003_XY13_Dapi-ex_Green-em.tif,698.3082275390625,725.0,2077467.0,829.1376953125,828.0,1186496.0,576.9197387695312,583.0,891341.0,2342.39125546875,3063.74379453125,1673.4914751953124,2557.6144,3101.6144,1621.6144,554.1610275390625,684.9904953125,432.77253876953125,580.8528,683.8528,438.8528,2mM 2DG,1h,yes,MN,4.226914450969102,4.4032057691725,4.472680738633515,4.535500037434956,3.86690772929683,3.695121462139469
vLH92_MN_60x-1xzoom_0003_XY13_488.tif,9,2627,1333,1294,0.5074229158736201,748.713623046875,0.6963729199237987,823.510498046875,741.0,2163362.0,1028.832275390625,1036.0,1331309.0,624.19580078125,621.0,832053.0,False,vLH92_MN_60x-1xzoom_0003_XY13_Dapi-ex_Green-em.tif,349.8755187988281,329.0,919123.0,401.1336975097656,401.0,519067.0,300.1170349121094,292.0,400056.0,682.124898046875,887.446675390625,482.81020078125005,599.6144,894.6144,479.61440000000005,205.72831879882813,256.9864975097656,155.96983491210938,184.8528,256.8528,147.8528,2mM 2DG,1h,yes,MN,3.3156587388141365,3.2437398838427116,3.453281335751508,3.4829848068621407,3.0955357557012135,3.2438641676045368
vLH92_MN_60x-1xzoom_0003_XY13_488.tif,10,2536,1277,1259,0.5035488958990536,741.9257507324219,0.4078825151271296,776.4152221679688,736.0,1968989.0,976.072265625,968.0,1228875.0,579.5724487304688,565.0,740114.0,False,vLH92_MN_60x-1xzoom_0003_XY13_Dapi-ex_Green-em.tif,447.9345397949219,444.0,1135962.0,504.6767272949219,498.0,635388.0,391.9921569824219,382.0,500574.0,635.0296221679688,834.686665625,438.1868487304688,594.6144,826.6144,423.61440000000005,303.7873397949219,360.5295272949219,247.84495698242188,299.8528,353.8528,237.8528,2mM 2DG,1h,yes,MN,2.0903755324256075,1.9830210023051311,2.315168668396489,2.3360402969822482,1.7679877535759048,1.7809939592891066
vLH92_MN_60x-1xzoom_0003_XY13_488.tif,11,2876,1394,1482,0.4847009735744089,1083.0706787109375,0.6738140169991902,1228.8348388671875,1093.0,3534129.0,1449.062744140625,1481.0,2147511.0,994.7044677734375,1014.0,1386618.0,False,vLH92_MN_60x-1xzoom_0003_XY13_Dapi-ex_Green-em.tif,488.4853820800781,449.0,1404884.0,556.7766723632812,553.0,825143.0,415.883056640625,416.0,579741.0,1087.4492388671874,1307.677144140625,853.3188677734375,951.6144,1339.6144,872.6144,344.3381820800781,412.62947236328125,271.735856640625,304.8528,408.8528,271.8528,2mM 2DG,1h,yes,MN,3.1580849741905586,3.1215537465950782,3.169131707076267,3.276520058074691,3.14025126577964,3.2098782870730043
vLH92_MN_60x-1xzoom_0003_XY13_488.tif,12,3407,1709,1698,0.5016143234517171,473.4233703613281,0.8166378792470133,520.7091064453125,477.0,1774056.0,678.5288696289062,657.0,1152142.0,363.90521240234375,353.0,621914.0,False,vLH92_MN_60x-1xzoom_0003_XY13_Dapi-ex_Green-em.tif,274.7153015136719,255.0,935955.0,324.77386474609375,317.0,551466.0,224.9789276123047,221.0,384489.0,379.32350644531255,537.1432696289063,222.51961240234377,335.61440000000005,515.6144,211.61440000000002,130.56810151367188,180.62666474609375,80.83172761230469,110.8528,172.8528,76.8528,2mM 2DG,1h,yes,MN,2.9051774671441732,3.027568090296321,2.973776160811952,2.982968167134117,2.7528746319714994,2.7535028001582247
vLH92_MN_60x-1xzoom_0003_XY14_488.tif,1,3137,1490,1647,0.47497609180745937,584.5969848632812,0.6985177183455591,623.6404418945312,594.0,1956360.0,720.4286499023438,721.0,1186546.0,516.6536865234375,516.0,769814.0,False,vLH92_MN_60x-1xzoom_0003_XY14_Dapi-ex_Green-em.tif,311.85113525390625,289.0,978277.0,353.7243347167969,343.0,582584.0,265.5657653808594,265.0,395693.0,482.42444189453124,579.2126499023437,375.4376865234375,452.784,579.784,374.784,167.98713525390625,209.86033471679687,121.70176538085937,145.136,199.136,121.136,2mM 2DG,1h,yes,MN,2.871793969016525,3.119722191599603,2.7599910706517354,2.9114976699341155,3.0848992645959137,3.0939109760929866
vLH92_MN_60x-1xzoom_0003_XY14_488.tif,2,3491,1751,1740,0.5015754798052134,614.2815551757812,0.5752330874629745,723.6619873046875,623.0,2526304.0,888.7379150390625,903.5,1546404.0,559.623046875,564.0,979900.0,False,vLH92_MN_60x-1xzoom_0003_XY14_Dapi-ex_Green-em.tif,317.98394775390625,289.0,1110082.0,368.2448425292969,362.0,640746.0,268.0388488769531,268.0,469336.0,582.4459873046875,747.5219150390625,418.407046875,481.784,762.284,422.784,174.11994775390625,224.38084252929687,124.17484887695312,145.136,218.136,124.136,2mM 2DG,1h,yes,MN,3.345084781026307,3.319534781170764,3.3314872455809605,3.4945355191256833,3.369499143015719,3.4058129793130116
vLH92_MN_60x-1xzoom_0003_XY14_488.tif,3,3865,1975,1890,0.5109961190168176,1078.811767578125,0.20646915587690623,1136.367431640625,1078.0,4392060.0,1381.1650390625,1390.0,2610402.0,902.1053466796875,938.0,1781658.0,False,vLH92_MN_60x-1xzoom_0003_XY14_Dapi-ex_Green-em.tif,404.4690856933594,384.0,1563273.0,468.87408447265625,462.0,886172.0,342.8359375,346.0,677101.0,995.151431640625,1239.9490390625,760.8893466796875,936.784,1248.784,796.784,260.60508569335934,325.0100844726562,198.9719375,240.136,318.13599999999997,202.136,2mM 2DG,1h,yes,MN,3.8186186159527553,3.901056068228004,3.81510943290998,3.9253149596399033,3.8241038220763546,3.9418213480033244
vLH92_MN_60x-1xzoom_0003_XY14_488.tif,4,3502,1723,1779,0.4920045688178184,405.2192840576172,0.7101597531912308,446.9568786621094,411.0,1565243.0,527.4519653320312,515.0,938337.0,363.8456115722656,365.0,626906.0,False,vLH92_MN_60x-1xzoom_0003_XY14_Dapi-ex_Green-em.tif,261.31781005859375,246.0,915135.0,293.13153076171875,292.0,521481.0,228.47010803222656,228.0,393654.0,305.74087866210937,386.23596533203124,222.62961157226562,269.784,373.784,223.784,117.45381005859375,149.26753076171875,84.60610803222656,102.136,148.136,84.136,2mM 2DG,1h,yes,MN,2.6030733146041456,2.6414192840917994,2.5875417336982274,2.5232489064103256,2.6313657104693404,2.6597889131881716
vLH92_MN_60x-1xzoom_0003_XY14_488.tif,5,2003,1025,978,0.5117324013979031,1168.4163818359375,0.16319945675179312,1138.33349609375,1173.0,2280082.0,1264.96826171875,1264.5,1237139.0,1017.50537109375,1049.0,1042943.0,False,vLH92_MN_60x-1xzoom_0003_XY14_Dapi-ex_Green-em.tif,409.5346984863281,408.0,820298.0,431.9652404785156,429.0,422462.0,388.1326904296875,377.0,397836.0,997.11749609375,1123.75226171875,876.28937109375,1031.784,1123.284,907.784,265.6706984863281,288.1012404785156,244.2686904296875,264.13599999999997,285.13599999999997,233.136,2mM 2DG,1h,yes,MN,3.753208395863285,3.906260411303269,3.9005464185169,3.9394674821839413,3.5873994720825224,3.8937958959577244
vLH92_MN_60x-1xzoom_0003_XY15_488.tif,1,3407,1611,1796,0.47285001467566773,727.176025390625,0.4652712732819626,843.754638671875,728.0,2874672.0,1033.3067626953125,1066.5,1855819.0,632.4351196289062,632.0,1018853.0,False,vLH92_MN_60x-1xzoom_0003_XY15_Dapi-ex_Green-em.tif,351.6686096191406,318.0,1198135.0,411.33184814453125,420.0,738752.0,285.1539306640625,285.0,459383.0,702.313038671875,891.8651626953125,490.99351962890626,586.5584,925.0584,490.5584,207.5038096191406,267.16704814453124,140.9891306640625,173.8352,275.8352,140.8352,2mM 2DG,1h,yes,MN,3.3845790106741833,3.3742211013649714,3.338230402623732,3.3536633468099795,3.4824920000308817,3.4832087432687286
vLH92_MN_60x-1xzoom_0003_XY15_488.tif,2,2539,1251,1288,0.492713666797952,336.5591735839844,0.8239925266710921,345.65301513671875,335.0,877613.0,405.59783935546875,402.0,522410.0,283.93524169921875,281.0,355203.0,False,vLH92_MN_60x-1xzoom_0003_XY15_Dapi-ex_Green-em.tif,258.7266540527344,244.0,656907.0,291.6063537597656,276.0,375589.0,224.87449645996094,223.0,281318.0,204.21141513671876,264.15623935546876,142.49364169921876,193.5584,260.5584,139.5584,114.56185405273436,147.4415537597656,80.70969645996092,99.83519999999999,131.8352,78.83519999999999,2mM 2DG,1h,yes,MN,1.7825428614547167,1.9387791079699348,1.7915996720020504,1.976394771654308,1.7655083335607398,1.7702549115116095
vLH92_MN_60x-1xzoom_0003_XY15_488.tif,3,3993,1937,2056,0.48509892311545205,658.2076416015625,0.6539845709254299,731.6666870117188,670.0,2921545.0,891.0335693359375,921.0,1831965.0,562.509033203125,560.0,1089580.0,False,vLH92_MN_60x-1xzoom_0003_XY15_Dapi-ex_Green-em.tif,342.1357421875,324.0,1366148.0,389.373046875,393.0,800551.0,291.99639892578125,290.0,565597.0,590.2250870117188,749.5919693359375,421.067433203125,528.5584,779.5584,418.5584,197.9709421875,245.208246875,147.83159892578124,179.8352,248.8352,145.8352,2mM 2DG,1h,yes,MN,2.9813723190381722,2.9391264891411697,3.056960680927088,3.132830081917671,2.8482911384495115,2.870078005858668
vLH92_MN_60x-1xzoom_0003_XY15_488.tif,4,2854,1394,1460,0.48843728100911005,600.4287109375,0.48527567825361534,650.9929809570312,609.0,1857934.0,739.4828491210938,749.0,1079645.0,558.3134765625,561.0,778289.0,False,vLH92_MN_60x-1xzoom_0003_XY15_Dapi-ex_Green-em.tif,337.0168151855469,308.0,961846.0,384.5753479003906,376.0,561480.0,287.20660400390625,287.0,400366.0,509.55138095703126,598.0412491210938,416.8718765625,467.5584,607.5584,419.5584,192.85201518554686,240.4105479003906,143.04180400390624,163.8352,231.8352,142.8352,2mM 2DG,1h,yes,MN,2.6421885219440484,2.8538336084064966,2.487583237690887,2.6206477704852413,2.914335983564049,2.937359978492697
vLH92_MN_60x-1xzoom_0003_XY15_488.tif,5,2459,1227,1232,0.49898332655551036,454.60125732421875,0.7760752166340127,456.9812927246094,455.0,1123717.0,567.5316772460938,566.5,699199.0,345.9804382324219,335.0,424518.0,False,vLH92_MN_60x-1xzoom_0003_XY15_Dapi-ex_Green-em.tif,286.03497314453125,267.0,703360.0,334.4115295410156,328.0,411995.0,237.46128845214844,230.0,291365.0,315.5396927246094,426.09007724609376,204.53883823242188,313.5584,425.0584,193.5584,141.87017314453124,190.2467295410156,93.29648845214842,122.83519999999999,183.8352,85.83519999999999,2mM 2DG,1h,yes,MN,2.224143988343139,2.5526754545928205,2.2396709697668276,2.3121709008938445,2.192353020203214,2.25500027960557
vLH92_MN_60x-1xzoom_0003_XY15_488.tif,6,4150,1952,2198,0.47036144578313255,955.604736328125,0.7030142295305383,1072.870849609375,963.0,4452414.0,1239.202880859375,1297.0,2723768.0,885.5768432617188,899.0,1728646.0,False,vLH92_MN_60x-1xzoom_0003_XY15_Dapi-ex_Green-em.tif,446.9009704589844,401.0,1854639.0,514.9549560546875,530.0,1131871.0,370.2704772949219,373.0,722768.0,931.429249609375,1097.761280859375,744.1352432617188,821.5584,1155.5584,757.5584,302.73617045898436,370.7901560546875,226.10567729492186,256.8352,385.8352,228.8352,2mM 2DG,1h,yes,MN,3.0767028868642172,3.1987764916958423,2.960599851247041,2.9949532857551615,3.291094908205701,3.310497685670736
vLH92_MN_60x-1xzoom_0003_XY15_488.tif,7,1922,730,1192,0.3798126951092612,768.3499755859375,0.5475264562566007,769.3668212890625,769.0,1478723.0,787.7239990234375,798.0,938967.0,739.3917846679688,741.0,539756.0,False,vLH92_MN_60x-1xzoom_0003_XY15_Dapi-ex_Green-em.tif,530.2684936523438,548.0,1019176.0,535.4890747070312,553.5,638303.0,521.7438354492188,543.0,380873.0,627.9252212890625,646.2823990234375,597.9501846679688,627.5584,656.5584,599.5584,386.10369365234374,391.32427470703124,377.57903544921874,403.8352,409.3352,398.8352,2mM 2DG,1h,yes,MN,1.6263123912366926,1.5539962836325314,1.6515264725329988,1.6039627180853249,1.583642439142753,1.503273532526718
vLH92_MN_60x-1xzoom_0003_XY15_488.tif,8,2489,0,2489,0.0,912.7067260742188,,885.5833740234375,907.0,2204217.0,885.5833740234375,907.0,2204217.0,,,,True,vLH92_MN_60x-1xzoom_0003_XY15_Dapi-ex_Green-em.tif,380.55523681640625,384.0,947202.0,380.55523681640625,384.0,947202.0,,,,744.1417740234375,744.1417740234375,,765.5584,765.5584,,236.39043681640624,236.39043681640624,,239.8352,239.8352,,2mM 2DG,1h,yes,MN,3.1479351874178345,3.19201851938331,3.1479351874178345,3.19201851938331,,
vLH92_MN_60x-1xzoom_0003_XY16_488.tif,1,2602,1443,1159,0.5545734050730208,252.8946533203125,0.5100551531359953,270.26324462890625,254.0,703225.0,314.2234802246094,300.0,364185.0,234.9549560546875,233.0,339040.0,False,vLH92_MN_60x-1xzoom_0003_XY16_Dapi-ex_Green-em.tif,311.3162841796875,309.0,810045.0,317.4573059082031,317.0,367933.0,306.3839111328125,301.0,442112.0,120.42964462890623,164.38988022460936,85.12135605468748,104.16639999999998,150.16639999999998,83.16639999999998,160.4330841796875,166.57410590820314,155.5007111328125,158.1168,166.1168,150.1168,2mM 2DG,1h,yes,MN,0.7506534281546516,0.6587940054440766,0.9868873636050163,0.9039808134998987,0.5474017156229317,0.5540112765526575
vLH92_MN_60x-1xzoom_0003_XY16_488.tif,2,5016,2547,2470,0.5077751196172249,1462.53369140625,0.10009663361137504,1384.379150390625,1477.0,6944046.0,1794.6724853515625,1804.5,4432841.0,986.1276245117188,962.0,2511667.0,False,vLH92_MN_60x-1xzoom_0003_XY16_Dapi-ex_Green-em.tif,486.6917724609375,509.0,2441246.0,588.2461547851562,589.0,1452968.0,388.1354675292969,380.0,988581.0,1234.545550390625,1644.8388853515626,836.2940245117187,1327.1664,1654.6664,812.1664,335.8085724609375,437.36295478515626,237.2522675292969,358.1168,438.1168,229.1168,2mM 2DG,1h,yes,MN,3.676337210046155,3.7059596198782074,3.7608097973445167,3.7767700302750318,3.5249147804602106,3.544770178354446
vLH92_MN_60x-1xzoom_0003_XY16_488.tif,3,2906,1460,1446,0.5024088093599449,541.5704650878906,0.7324564866066561,600.4745483398438,542.0,1744979.0,762.0650024414062,750.0,1101946.0,440.4335632324219,431.0,643033.0,False,vLH92_MN_60x-1xzoom_0003_XY16_Dapi-ex_Green-em.tif,454.8651123046875,403.0,1321838.0,550.0172729492188,569.5,795325.0,360.6253356933594,356.0,526513.0,450.6409483398437,612.2314024414062,290.5999632324218,392.16639999999995,600.1664,281.16639999999995,303.9819123046875,399.13407294921876,209.7421356933594,252.1168,418.6168,205.1168,2mM 2DG,1h,yes,MN,1.4824597454606336,1.5554949134686777,1.5338991179520258,1.4336892355968511,1.3855106522671994,1.3707624143902397
vLH92_MN_60x-1xzoom_0003_XY16_488.tif,4,903,234,669,0.2591362126245847,284.14776611328125,0.6070611702744068,288.92913818359375,283.0,260903.0,296.12255859375,294.0,198106.0,268.3632507324219,268.0,62797.0,False,vLH92_MN_60x-1xzoom_0003_XY16_Dapi-ex_Green-em.tif,294.0332336425781,292.0,265512.0,300.4065856933594,300.0,200972.0,275.81195068359375,275.0,64540.0,139.09553818359373,146.28895859374998,118.52965073242186,133.16639999999998,144.16639999999998,118.16639999999998,143.15003364257814,149.5233856933594,124.92875068359376,141.1168,149.1168,124.11680000000001,2mM 2DG,1h,yes,MN,0.9716766014242945,0.9436608539876186,0.9783684198654883,0.9668018627009162,0.9487780041331009,0.9520580614389025
vLH92_MN_60x-1xzoom_0003_XY16_488.tif,5,3599,1969,1630,0.5470964156710197,1447.076171875,0.3178381012633497,1478.496826171875,1456.0,5321110.0,1634.265625,1629.0,2663853.0,1349.5465087890625,1408.0,2657257.0,False,vLH92_MN_60x-1xzoom_0003_XY16_Dapi-ex_Green-em.tif,532.9672241210938,518.0,1918149.0,586.8349609375,584.0,956541.0,488.373779296875,494.0,961608.0,1328.663226171875,1484.432025,1199.7129087890626,1306.1664,1479.1664,1258.1664,382.08402412109376,435.9517609375,337.490579296875,367.1168,433.1168,343.1168,2mM 2DG,1h,yes,MN,3.477411098849771,3.557904187441163,3.405037341305326,3.4151674559841596,3.5548041408697517,3.666874953368649
vLH92_MN_60x-1xzoom_0003_XY16_488.tif,6,3568,1750,1821,0.4904708520179372,326.4129333496094,0.7491004263088024,354.46551513671875,329.0,1264733.0,414.0450439453125,413.0,753976.0,292.31829833984375,291.0,511557.0,False,vLH92_MN_60x-1xzoom_0003_XY16_Dapi-ex_Green-em.tif,260.0815734863281,249.0,927971.0,288.4173583984375,276.0,525208.0,230.58514404296875,226.0,403524.0,204.63191513671873,264.21144394531245,142.48469833984373,179.16639999999998,263.16639999999995,141.16639999999998,109.19837348632814,137.5341583984375,79.70194404296876,98.11680000000001,125.11680000000001,75.11680000000001,2mM 2DG,1h,yes,MN,1.8739465488681393,1.8260522153188847,1.921060535230018,2.10336581498248,1.7877192338373535,1.8792919826190673
vLH92_MN_60x-1xzoom_0003_XY16_488.tif,7,3212,1368,1844,0.4259028642590286,750.6158142089844,0.7214131223042193,839.5127563476562,747.0,2696515.0,975.512451171875,980.0,1798845.0,656.1915283203125,654.0,897670.0,False,vLH92_MN_60x-1xzoom_0003_XY16_Dapi-ex_Green-em.tif,352.3661193847656,330.0,1131800.0,388.71148681640625,381.0,716784.0,303.374267578125,302.0,415016.0,689.6791563476562,825.678851171875,506.35792832031245,597.1664,830.1664,504.16639999999995,201.48291938476564,237.82828681640626,152.491067578125,179.1168,230.1168,151.1168,2mM 2DG,1h,yes,MN,3.4230155015304176,3.3339496909279305,3.4717436778631185,3.60758710359261,3.320574354697153,3.3362696933762486
vLH92_MN_60x-1xzoom_0003_XY16_488.tif,8,3918,1846,2072,0.4711587544665646,637.7250671386719,0.6437869550373465,682.7615966796875,640.0,2675060.0,783.312255859375,804.0,1623023.0,569.90087890625,578.0,1052037.0,False,vLH92_MN_60x-1xzoom_0003_XY16_Dapi-ex_Green-em.tif,315.22894287109375,299.5,1235067.0,359.07818603515625,354.0,744010.0,266.0113830566406,266.0,491057.0,532.9279966796875,633.478655859375,420.06727890624995,490.16639999999995,654.1664,428.16639999999995,164.34574287109376,208.19498603515626,115.12818305664064,148.6168,203.1168,115.11680000000001,2mM 2DG,1h,yes,MN,3.2427246813304733,3.298189706681882,3.042718116911828,3.2206415225131546,3.648691986214928,3.7194084616667586
vLH92_MN_60x-1xzoom_0003_XY16_488.tif,9,2878,1432,1446,0.4975677553856845,346.8250274658203,0.8110591231239851,399.58966064453125,354.0,1150019.0,468.822265625,464.0,677917.0,329.68017578125,329.0,472102.0,False,vLH92_MN_60x-1xzoom_0003_XY16_Dapi-ex_Green-em.tif,363.5785217285156,343.0,1046379.0,404.045654296875,391.0,584250.0,322.7157897949219,322.0,462129.0,249.75606064453123,318.98866562499995,179.84657578124998,204.16639999999998,314.16639999999995,179.16639999999998,212.69532172851564,253.162454296875,171.8325897949219,192.1168,240.1168,171.1168,2mM 2DG,1h,yes,MN,1.174243319574842,1.0627201785580438,1.2600156943135525,1.308389916907105,1.0466383355793718,1.047041552904215
vLH92_MN_60x-1xzoom_0003_XY16_488.tif,10,831,468,364,0.5631768953068592,318.58782958984375,0.7439401599775708,472.35980224609375,317.0,392531.0,716.620849609375,811.0,260850.0,281.95513916015625,277.0,131955.0,False,vLH92_MN_60x-1xzoom_0003_XY16_Dapi-ex_Green-em.tif,409.2695617675781,401.0,340103.0,430.8544006347656,431.0,156831.0,392.3440246582031,378.0,183617.0,322.5262022460937,566.787249609375,132.12153916015623,167.16639999999998,661.1664,127.16639999999998,258.38636176757814,279.97120063476564,241.46082465820314,250.1168,280.1168,227.1168,2mM 2DG,1h,yes,MN,1.2482322984841212,0.6683533453170678,2.0244484015653206,2.36032397914013,0.5471758797609477,0.5599163073801673
vLH92_MN_60x-1xzoom_0003_XY16_488.tif,11,4202,2163,2039,0.5147548786292242,230.91522979736328,0.38812647134404793,240.04473876953125,231.0,1008668.0,273.499755859375,268.0,557666.0,208.50762939453125,207.0,451002.0,False,vLH92_MN_60x-1xzoom_0003_XY16_Dapi-ex_Green-em.tif,273.48760986328125,262.0,1149195.0,316.4703369140625,306.0,645283.0,232.96902465820312,228.0,503912.0,90.21113876953123,123.66615585937498,58.67402939453123,81.16639999999998,118.16639999999998,57.16639999999998,122.60440986328126,165.5871369140625,82.08582465820314,111.11680000000001,155.1168,77.11680000000001,2mM 2DG,1h,yes,MN,0.7357903265480219,0.7304602004377373,0.7468343143317712,0.7617898254734495,0.71478881571628,0.7412963193493503
vLH92_MN_60x-1xzoom_0003_XY17_488.tif,1,3509,1699,1810,0.4841835280706754,343.783935546875,0.5890631419311315,360.67767333984375,343.0,1265618.0,430.52154541015625,439.0,779244.0,286.270751953125,280.0,486374.0,False,vLH92_MN_60x-1xzoom_0003_XY17_Dapi-ex_Green-em.tif,241.40182495117188,230.0,847079.0,273.30938720703125,271.0,494690.0,207.40965270996094,206.0,352389.0,213.99607333984375,283.83994541015625,139.589151953125,196.3184,292.3184,133.3184,93.62902495117186,125.53658720703123,59.63685270996092,82.22719999999998,123.22719999999998,58.22719999999998,2mM 2DG,1h,yes,MN,2.285574088285594,2.3875116749688674,2.2610137150060945,2.3721905553319402,2.3406525597855694,2.289624093207299
vLH92_MN_60x-1xzoom_0003_XY17_488.tif,2,4090,2069,2021,0.5058679706601467,778.5116577148438,0.1517755306855426,833.6146850585938,784.5,3409484.0,1125.3414306640625,1168.0,2274315.0,548.6558837890625,526.0,1135169.0,False,vLH92_MN_60x-1xzoom_0003_XY17_Dapi-ex_Green-em.tif,356.12493896484375,332.0,1456551.0,430.500732421875,435.0,870042.0,283.4746398925781,280.0,586509.0,686.9330850585937,978.6598306640625,401.9742837890625,637.8184,1021.3184,379.3184,208.35213896484373,282.727932421875,135.7018398925781,184.22719999999998,287.2272,132.22719999999998,2mM 2DG,1h,yes,MN,3.2969811995762774,3.462129370690105,3.461489716565205,3.5557858030158704,2.9621874258098955,2.868686624234651
vLH92_MN_60x-1xzoom_0003_XY17_488.tif,3,3575,1549,2026,0.4332867132867133,897.5828247070312,0.6391787046211145,1012.30908203125,893.0,3619005.0,1200.8134765625,1269.0,2432848.0,765.756591796875,766.0,1186157.0,False,vLH92_MN_60x-1xzoom_0003_XY17_Dapi-ex_Green-em.tif,360.83551025390625,330.0,1289987.0,409.7976379394531,417.0,830250.0,296.7959899902344,298.0,459737.0,865.62748203125,1054.1318765625,619.074991796875,746.3184,1122.3184,619.3184,213.06271025390623,262.0248379394531,149.02318999023436,182.22719999999998,269.2272,150.22719999999998,2mM 2DG,1h,yes,MN,4.062782647417205,4.095537877989675,4.023022721250882,4.168666464606845,4.154219164396116,4.122545051761599
vLH92_MN_60x-1xzoom_0003_XY17_488.tif,4,2844,1430,1414,0.5028129395218003,287.794189453125,0.8360219665773914,314.92333984375,289.0,895642.0,379.6718444824219,373.0,536856.0,250.89930725097656,248.0,358786.0,False,vLH92_MN_60x-1xzoom_0003_XY17_Dapi-ex_Green-em.tif,240.95533752441406,225.0,685277.0,275.1683044433594,270.0,389088.0,207.1251678466797,206.0,296189.0,168.24173984375,232.99024448242187,104.21770725097656,142.3184,226.3184,101.3184,93.18253752441404,127.39550444335936,59.35236784667967,77.22719999999998,122.22719999999998,58.22719999999998,2mM 2DG,1h,yes,MN,1.805507172410606,1.84285329521205,1.828873361744177,1.8516205885433032,1.7559149033479846,1.740052758848099
vLH92_MN_60x-1xzoom_0003_XY17_488.tif,5,4061,2060,2001,0.5072642206353115,424.8940124511719,0.6964506213712521,452.47967529296875,425.0,1837520.0,553.5732421875,560.0,1107700.0,354.28155517578125,348.0,729820.0,False,vLH92_MN_60x-1xzoom_0003_XY17_Dapi-ex_Green-em.tif,289.8305969238281,281.0,1177002.0,333.97900390625,328.0,668292.0,246.9466094970703,245.0,508710.0,305.79807529296875,406.8916421875,207.59995517578125,278.3184,413.3184,201.3184,142.0577969238281,186.20620390624998,99.1738094970703,133.22719999999998,180.22719999999998,97.22719999999998,2mM 2DG,1h,yes,MN,2.1526314071795634,2.0890508845040654,2.185166947457666,2.2933186555636444,2.0932941492170265,2.070597528263696
vLH92_MN_60x-1xzoom_0003_XY17_488.tif,6,3018,1325,1693,0.43903247183565275,535.742919921875,0.7549466945261006,627.4115600585938,535.0,1893528.0,759.9627685546875,784.0,1286617.0,458.0460510253906,464.0,606911.0,False,vLH92_MN_60x-1xzoom_0003_XY17_Dapi-ex_Green-em.tif,377.5357971191406,340.0,1139403.0,432.32781982421875,429.0,731931.0,307.5260314941406,308.0,407472.0,480.72996005859375,613.2811685546875,311.3644510253906,388.3184,637.3184,317.3184,229.7629971191406,284.55501982421873,159.7532314941406,192.22719999999998,281.2272,160.22719999999998,2mM 2DG,1h,yes,MN,2.092286251860292,2.0201012135639496,2.1552287811810045,2.266204691438097,1.949033819931278,1.980427792534601
vLH92_MN_60x-1xzoom_0003_XY17_488.tif,7,3151,1550,1601,0.49190733100602985,349.63482666015625,0.7695308219888055,419.01556396484375,351.0,1320318.0,529.1317749023438,563.0,847140.0,305.276123046875,306.0,473178.0,False,vLH92_MN_60x-1xzoom_0003_XY17_Dapi-ex_Green-em.tif,276.130126953125,245.0,870086.0,329.213623046875,335.0,527071.0,221.3000030517578,221.0,343015.0,272.33396396484375,382.45017490234375,158.594523046875,204.3184,416.3184,159.3184,128.35732695312498,181.44082304687498,73.5272030517578,97.22719999999998,187.22719999999998,73.22719999999998,2mM 2DG,1h,yes,MN,2.1216861587052045,2.1014530913160105,2.1078507497926102,2.2235999897450798,2.156950304980811,2.1756724277317723
vLH92_MN_60x-1xzoom_0003_XY17_488.tif,8,4704,2051,2653,0.43601190476190477,459.7835235595703,0.7688124353309088,464.751708984375,457.0,2186192.0,546.8447265625,551.0,1450779.0,358.5631408691406,351.0,735413.0,False,vLH92_MN_60x-1xzoom_0003_XY17_Dapi-ex_Green-em.tif,273.4710998535156,268.5,1286408.0,303.1021423339844,300.0,804130.0,235.14285278320312,234.0,482278.0,318.070108984375,400.1631265625,211.88154086914062,310.3184,404.3184,204.3184,125.6982998535156,155.32934233398436,87.3700527832031,120.72719999999998,152.22719999999998,86.22719999999998,2mM 2DG,1h,yes,MN,2.5304249091279893,2.5704099821746884,2.576223658386975,2.656019423598411,2.425104874262762,2.3695353670303576
vLH92_MN_60x-1xzoom_0003_XY17_488.tif,9,2793,1310,1483,0.4690297171500179,825.2275390625,0.6670431396485391,1000.2105102539062,821.0,2793588.0,1272.1888427734375,1365.0,1886656.0,692.3145141601562,707.0,906932.0,False,vLH92_MN_60x-1xzoom_0003_XY17_Dapi-ex_Green-em.tif,393.39849853515625,328.0,1098762.0,479.5131530761719,487.0,711118.0,295.91143798828125,295.0,387644.0,853.5289102539062,1125.5072427734376,545.6329141601562,674.3184,1218.3184,560.3184,245.62569853515623,331.74035307617186,148.13863798828123,180.22719999999998,339.2272,147.22719999999998,2mM 2DG,1h,yes,MN,3.474916978736821,3.7414907405763396,3.392735409897531,3.5914525721993997,3.6832586121341246,3.805807622504538
vLH92_MN_60x-1xzoom_0003_XY18_488.tif,1,3883,1629,2254,0.4195209889260881,1644.852783203125,0.7501223522278397,1799.3525390625,1676.0,6986886.0,2161.051513671875,2237.5,4871010.0,1298.8802490234375,1282.0,2115876.0,False,vLH92_MN_60x-1xzoom_0003_XY18_Dapi-ex_Green-em.tif,607.4130859375,584.0,2358585.0,723.8868408203125,742.0,1631641.0,446.2516784667969,438.0,726944.0,1653.7301390625,2015.429113671875,1153.2578490234375,1530.3776,2091.8776,1136.3776,460.2082859375,576.6820408203125,299.0468784667969,436.7952,594.7952,290.7952,2mM 2DG,1h,yes,MN,3.593438426893274,3.5036502232625266,3.494870606348325,3.5169712196735947,3.8564450327525606,3.907827914628577
vLH92_MN_60x-1xzoom_0003_XY18_488.tif,2,6037,2308,3729,0.3823090939208216,1085.1181640625,0.5282858711482438,1131.86279296875,1087.0,6833056.0,1243.58544921875,1263.0,4637330.0,951.3544311523438,967.0,2195726.0,False,vLH92_MN_60x-1xzoom_0003_XY18_Dapi-ex_Green-em.tif,450.82110595703125,457.0,2721607.0,511.3920593261719,508.0,1906981.0,352.9575500488281,353.0,814626.0,986.24039296875,1097.96304921875,805.7320311523438,941.3776,1117.3776,821.3776,303.6163059570313,364.1872593261719,205.75275004882812,309.7952,360.7952,205.7952,2mM 2DG,1h,yes,MN,3.248311680296663,3.038709444174732,3.014831027450625,3.096985769212007,3.916020713993528,3.9912378908740345
vLH92_MN_60x-1xzoom_0003_XY18_488.tif,3,3857,1749,2108,0.45346123930515947,802.6430053710938,0.7620873111591168,895.0897216796875,814.0,3452361.0,1094.681640625,1142.0,2307589.0,654.5294189453125,648.0,1144772.0,False,vLH92_MN_60x-1xzoom_0003_XY18_Dapi-ex_Green-em.tif,378.4104309082031,349.0,1459529.0,443.2210693359375,446.0,934310.0,300.2967529296875,300.0,525219.0,749.4673216796875,949.059240625,508.90701894531253,668.3776,996.3776,502.37760000000003,231.20563090820312,296.0162693359375,153.0919529296875,201.7952,298.7952,152.7952,2mM 2DG,1h,yes,MN,3.24156171601743,3.31215806917112,3.2061049980599177,3.3346506235709272,3.324191828547937,3.2879148036063963
vLH92_MN_60x-1xzoom_0003_XY18_488.tif,4,3843,1911,1932,0.4972677595628415,433.0765686035156,0.8250128331558402,498.36456298828125,436.0,1915215.0,650.5828247070312,624.0,1256926.0,344.47357177734375,337.0,658289.0,False,vLH92_MN_60x-1xzoom_0003_XY18_Dapi-ex_Green-em.tif,315.02862548828125,284.0,1210655.0,388.9197692871094,376.0,751393.0,240.3254852294922,237.0,459262.0,352.7421629882813,504.9604247070313,198.85117177734375,290.37760000000003,478.37760000000003,191.3776,167.82382548828124,241.71496928710937,93.12068522949218,136.7952,228.7952,89.7952,2mM 2DG,1h,yes,MN,2.1018598638303145,2.1227177561785795,2.0890738633040082,2.090855052903208,2.135413536608789,2.13126759559531
vLH92_MN_60x-1xzoom_0003_XY18_488.tif,5,4287,2050,2237,0.4781898763704222,1675.8076171875,0.3220295113192013,1825.1226806640625,1682.0,7824301.0,2149.416259765625,2254.0,4808244.0,1471.247314453125,1526.0,3016057.0,False,vLH92_MN_60x-1xzoom_0003_XY18_Dapi-ex_Green-em.tif,586.6160278320312,537.0,2514823.0,687.0652465820312,716.0,1536965.0,477.00390625,484.0,977858.0,1679.5002806640625,2003.793859765625,1325.624914453125,1536.3776,2108.3776,1380.3776,439.4112278320313,539.8604465820313,329.79910625,389.7952,568.7952,336.7952,2mM 2DG,1h,yes,MN,3.822160596465382,3.9414995361666842,3.711688589990359,3.706742954230274,4.019492137277813,4.098566725416514
vLH92_MN_60x-1xzoom_0003_XY19_488.tif,1,4187,1824,2363,0.43563410556484355,549.851806640625,0.7763726002442992,554.8915405273438,563.0,2323331.0,660.5806274414062,687.0,1560952.0,417.970947265625,407.0,762379.0,False,vLH92_MN_60x-1xzoom_0003_XY19_Dapi-ex_Green-em.tif,255.6078338623047,250.0,1070230.0,288.4934387207031,290.0,681710.0,213.00437927246094,209.0,388520.0,408.22434052734377,513.9134274414063,271.303747265625,416.3328,540.3328,260.3328,108.39983386230469,141.28543872070313,65.79637927246094,102.792,142.792,61.792,2mM 2DG,1h,yes,MN,3.7659129722089086,4.050245155265001,3.637412546506822,3.7840551291388875,4.123384147662045,4.213050233039876
vLH92_MN_60x-1xzoom_0003_XY19_488.tif,2,914,0,914,0.0,846.8348693847656,,819.006591796875,851.5,748572.0,819.006591796875,851.5,748572.0,,,,True,vLH92_MN_60x-1xzoom_0003_XY19_Dapi-ex_Green-em.tif,432.9048156738281,445.0,395675.0,432.9048156738281,445.0,395675.0,,,,672.339391796875,672.339391796875,,704.8328,704.8328,,285.69681567382816,285.69681567382816,,297.79200000000003,297.79200000000003,,2mM 2DG,1h,yes,MN,2.3533317660931354,2.366862776703202,2.3533317660931354,2.366862776703202,,
vLH92_MN_60x-1xzoom_0003_XY19_488.tif,3,2088,0,2088,0.0,1026.660888671875,,957.9808349609375,1031.0,2000264.0,957.9808349609375,1031.0,2000264.0,,,,True,vLH92_MN_60x-1xzoom_0003_XY19_Dapi-ex_Green-em.tif,488.786865234375,509.0,1020587.0,488.786865234375,509.0,1020587.0,,,,811.3136349609375,811.3136349609375,,884.3328,884.3328,,341.57886523437503,341.57886523437503,,361.79200000000003,361.79200000000003,,2mM 2DG,1h,yes,MN,2.3751868676191457,2.4443127542897574,2.3751868676191457,2.4443127542897574,,
vLH92_MN_60x-1xzoom_0003_XY19_488.tif,4,3439,1768,1671,0.5141029369002617,895.0997924804688,0.33697799152215,932.551025390625,903.0,3207043.0,1079.956298828125,1082.0,1804607.0,793.2330322265625,848.0,1402436.0,False,vLH92_MN_60x-1xzoom_0003_XY19_Dapi-ex_Green-em.tif,370.6353454589844,345.0,1274615.0,389.3177795410156,379.0,650550.0,352.9779357910156,323.0,624065.0,785.883825390625,933.289098828125,646.5658322265625,756.3328,935.3328,701.3328,223.42734545898438,242.10977954101563,205.76993579101563,197.792,231.792,175.792,2mM 2DG,1h,yes,MN,3.517402150467269,3.8238796311276495,3.8548178458442535,4.035224684199627,3.142178325230313,3.989560389551288
vLH92_MN_60x-1xzoom_0003_XY19_488.tif,5,3188,1297,1891,0.40683814303638643,516.8234558105469,0.8542912127037622,532.3416137695312,514.0,1697105.0,602.0936279296875,604.0,1138559.0,430.6445617675781,425.0,558546.0,False,vLH92_MN_60x-1xzoom_0003_XY19_Dapi-ex_Green-em.tif,432.16217041015625,408.0,1377733.0,470.76043701171875,474.0,890208.0,375.88665771484375,374.0,487525.0,385.67441376953127,455.4264279296875,283.97736176757815,367.3328,457.3328,278.3328,284.9541704101563,323.5524370117188,228.67865771484375,260.79200000000003,326.79200000000003,226.792,2mM 2DG,1h,yes,MN,1.353461201197374,1.4085278689530354,1.4075815102366,1.399461431124385,1.2418183865749746,1.2272602208190766
vLH92_MN_60x-1xzoom_0003_XY19_488.tif,6,3360,1686,1675,0.5017857142857143,1201.6869506835938,0.20044571396996916,1369.2589111328125,1205.5,4600710.0,1832.140869140625,1930.0,3068836.0,908.7123413085938,945.0,1532089.0,False,vLH92_MN_60x-1xzoom_0003_XY19_Dapi-ex_Green-em.tif,484.7431640625,428.0,1628737.0,616.1283569335938,644.0,1032015.0,354.0462646484375,359.0,596922.0,1222.5917111328126,1685.4736691406251,762.0451413085938,1058.8328000000001,1783.3328000000001,798.3328,337.53516406250003,468.9203569335938,206.8382646484375,280.79200000000003,496.79200000000003,211.792,2mM 2DG,1h,yes,MN,3.6221165712572403,3.770879512236816,3.5943708653691777,3.5896970965716033,3.6842561148143456,3.7694190526554356
vLH92_MN_60x-1xzoom_0003_XY19_488.tif,7,4021,1607,2414,0.3996518279035066,424.40228271484375,0.8111706451813769,425.8388366699219,427.0,1712298.0,481.4664306640625,490.0,1162260.0,342.27630615234375,336.0,550038.0,False,vLH92_MN_60x-1xzoom_0003_XY19_Dapi-ex_Green-em.tif,265.6873779296875,258.0,1068329.0,285.5198974609375,278.0,689245.0,235.8954620361328,232.0,379084.0,279.1716366699219,334.7992306640625,195.60910615234377,280.3328,343.3328,189.33280000000002,118.4793779296875,138.3118974609375,88.68746203613281,110.792,130.792,84.792,2mM 2DG,1h,yes,MN,2.356288845773637,2.530262112787927,2.42061049562723,2.6250290537647563,2.2056004497304165,2.2329087649778283
vLH92_MN_60x-1xzoom_0003_XY19_488.tif,8,4324,2144,2180,0.4958371877890842,971.1026916503906,0.32573154853489017,1083.79931640625,981.0,4686348.0,1467.4041748046875,1580.0,3198941.0,693.7532348632812,643.0,1487407.0,False,vLH92_MN_60x-1xzoom_0003_XY19_Dapi-ex_Green-em.tif,669.1956787109375,560.0,2893602.0,892.8123779296875,955.0,1946331.0,441.82415771484375,430.0,947271.0,937.13211640625,1320.7369748046876,547.0860348632813,834.3328,1433.3328000000001,496.3328,521.9876787109375,745.6043779296875,294.6161577148438,412.79200000000003,807.792,282.79200000000003,2mM 2DG,1h,yes,MN,1.7953146302620069,2.0211942091901003,1.7713642970712768,1.7743835046645673,1.8569451149817815,1.7551161277546747
vLH92_MN_60x-1xzoom_0003_XY19_488.tif,9,5765,2212,3553,0.3836947094535993,613.903564453125,0.598428582680838,638.3916625976562,617.0,3680328.0,722.0689697265625,759.0,2565511.0,503.9859924316406,507.0,1114817.0,False,vLH92_MN_60x-1xzoom_0003_XY19_Dapi-ex_Green-em.tif,295.0258483886719,287.0,1700824.0,314.26287841796875,319.0,1116576.0,264.1265869140625,262.0,584248.0,491.72446259765627,575.4017697265625,357.31879243164065,470.3328,612.3328,360.3328,147.81784838867188,167.05487841796875,116.9185869140625,139.792,171.792,114.792,2mM 2DG,1h,yes,MN,3.326556758590595,3.3645187135172256,3.444387707654464,3.5643848374778804,3.0561333476795873,3.139006202522824
vLH92_MN_60x-1xzoom_0003_XY19_488.tif,10,3345,1401,1944,0.4188340807174888,667.7001342773438,0.6331466137260854,776.246337890625,665.0,2596544.0,920.8497924804688,925.0,1790132.0,575.597412109375,573.0,806412.0,False,vLH92_MN_60x-1xzoom_0003_XY19_Dapi-ex_Green-em.tif,361.5524597167969,326.0,1209393.0,407.85235595703125,393.0,792865.0,297.3076477050781,296.0,416528.0,629.579137890625,774.1825924804688,428.930212109375,518.3328,778.3328,426.3328,214.34445971679688,260.6443559570313,150.09964770507813,178.792,245.792,148.792,2mM 2DG,1h,yes,MN,2.9372307486858205,2.8990827330081883,2.9702641733324056,3.166631948964979,2.8576363680223587,2.8652938330017745
vLH92_MN_60x-1xzoom_0003_XY19_488.tif,11,5188,2783,2405,0.5364302235929067,1286.0252075195312,0.14727628490071265,1374.7220458984375,1303.0,7132058.0,1715.729736328125,1764.0,4126330.0,1080.0316162109375,1189.0,3005728.0,False,vLH92_MN_60x-1xzoom_0003_XY19_Dapi-ex_Green-em.tif,448.4554748535156,419.0,2326587.0,548.903564453125,526.0,1320113.0,361.6507263183594,382.0,1006474.0,1228.0548458984376,1569.0625363281251,933.3644162109375,1156.3328000000001,1617.3328000000001,1042.3328000000001,301.24747485351566,401.69556445312503,214.44272631835938,271.79200000000003,378.79200000000003,234.792,2mM 2DG,1h,yes,MN,4.076564779490983,4.254476952964032,3.9060987354049397,4.269712137531943,4.352511424543608,4.439388054107466
vLH92_MN_60x-1xzoom_0003_XY19_488.tif,12,4212,2122,2090,0.5037986704653371,298.9711456298828,0.5766742444651711,353.8929138183594,302.0,1490597.0,441.1526184082031,378.0,922009.0,267.9490966796875,267.0,568588.0,False,vLH92_MN_60x-1xzoom_0003_XY19_Dapi-ex_Green-em.tif,238.59567260742188,224.0,1004965.0,267.511474609375,252.0,559099.0,210.1159210205078,210.0,445866.0,207.2257138183594,294.48541840820315,121.28189667968752,155.33280000000002,231.33280000000002,120.33280000000002,91.38767260742188,120.303474609375,62.907921020507814,76.792,104.792,62.792,2mM 2DG,1h,yes,MN,2.267545587997937,2.022773205542244,2.447854638981928,2.207542560500802,1.927927273898464,1.9163715122945602
vLH92_MN_60x-1xzoom_0003_XY19_488.tif,13,4850,2227,2625,0.4591752577319588,564.7958679199219,0.4477393329132732,599.021240234375,573.0,2905253.0,739.7805786132812,766.0,1941924.0,432.85540771484375,416.0,963969.0,False,vLH92_MN_60x-1xzoom_0003_XY19_Dapi-ex_Green-em.tif,343.0185546875,313.0,1663640.0,406.4060974121094,398.0,1066816.0,268.20025634765625,264.0,597282.0,452.354040234375,593.1133786132813,286.18820771484377,426.3328,619.3328,269.3328,195.8105546875,259.1980974121094,120.99225634765625,165.792,250.792,116.792,2mM 2DG,1h,yes,MN,2.310161681306202,2.5714919899633277,2.2882628558429063,2.4695077992918435,2.3653431744633098,2.3060894581820675
vLH92_MN_60x-1xzoom_0003_XY19_488.tif,14,6041,2192,3849,0.3628538321469955,773.1209716796875,0.38447711634705234,815.8046875,774.0,4928276.0,910.76123046875,925.0,3505520.0,649.0675048828125,637.0,1422756.0,False,vLH92_MN_60x-1xzoom_0003_XY19_Dapi-ex_Green-em.tif,302.6988830566406,294.0,1828604.0,324.19720458984375,318.0,1247835.0,264.9493713378906,262.0,580769.0,669.1374875,764.09403046875,502.4003048828125,627.3328,778.3328,490.3328,155.49088305664063,176.98920458984375,117.74137133789063,146.792,170.792,114.792,2mM 2DG,1h,yes,MN,4.30338727484269,4.273617090849638,4.31717873550236,4.55719705841023,4.266981938243604,4.27148930239041
vLH92_MN_60x-1xzoom_0003_XY19_488.tif,15,4063,1877,2187,0.46197391090327344,1060.6748046875,0.5960010805032858,1187.5963134765625,1062.0,4825204.0,1400.824462890625,1490.0,3063603.0,938.657958984375,958.0,1761861.0,False,vLH92_MN_60x-1xzoom_0003_XY19_Dapi-ex_Green-em.tif,393.3160095214844,365.0,1598043.0,446.5029602050781,461.0,976502.0,331.23175048828125,335.0,621722.0,1040.9291134765626,1254.1572628906251,791.990758984375,915.3328,1343.3328000000001,811.3328,246.10800952148438,299.29496020507816,184.02375048828125,217.792,313.79200000000003,187.792,2mM 2DG,1h,yes,MN,4.229562115838791,4.202784307963562,4.190372140016228,4.280965735264124,4.3037420815679415,4.320379994887961
vLH92_MN_60x-1xzoom_0003_XY19_488.tif,16,3955,1783,2172,0.4508217446270544,483.2766418457031,0.732009700921262,512.198486328125,493.0,2025745.0,622.4429321289062,637.0,1351946.0,377.90185546875,365.0,673799.0,False,vLH92_MN_60x-1xzoom_0003_XY19_Dapi-ex_Green-em.tif,314.4599304199219,295.0,1243689.0,360.6726379394531,346.0,783381.0,258.1648864746094,253.0,460308.0,365.531286328125,475.77573212890627,231.23465546875002,346.3328,490.3328,218.33280000000002,167.25193041992188,213.46463793945313,110.95688647460938,147.792,198.792,105.792,2mM 2DG,1h,yes,MN,2.185513108341292,2.343379885244127,2.22882692291102,2.4665620346895247,2.0840045428064906,2.063793103448276
vLH92_MN_60x-1xzoom_0003_XY19_488.tif,17,4352,2204,2162,0.5064338235294118,736.6568908691406,0.21302402160943454,717.1381225585938,731.5,3120985.0,881.95556640625,891.0,1906788.0,553.8294067382812,539.0,1220640.0,False,vLH92_MN_60x-1xzoom_0003_XY19_Dapi-ex_Green-em.tif,293.636962890625,290.0,1277908.0,333.052734375,332.0,720060.0,254.5666961669922,250.0,561065.0,570.4709225585938,735.28836640625,407.16220673828127,584.8328,744.3328,392.3328,146.428962890625,185.844734375,107.35869616699219,142.792,184.792,102.792,2mM 2DG,1h,yes,MN,3.8958885680608595,4.095697237940501,3.956465965414846,4.027949261872808,3.7925405325802077,3.8167639505019846
vLH92_MN_60x-1xzoom_0003_XY20_488.tif,1,3611,1811,1800,0.5015231237884242,339.473388671875,0.7256270867847392,346.3935241699219,339.0,1250827.0,411.8777770996094,400.0,741380.0,281.3070068359375,272.0,509447.0,False,vLH92_MN_60x-1xzoom_0003_XY20_Dapi-ex_Green-em.tif,315.45916748046875,311.0,1139123.0,361.9989013671875,361.0,651598.0,269.20208740234375,263.0,487525.0,201.1647241699219,266.6489770996094,136.07820683593752,193.77120000000002,254.77120000000002,126.77120000000002,168.14396748046875,214.6837013671875,121.88688740234375,163.6848,213.6848,115.6848,2mM 2DG,1h,yes,MN,1.196383832166258,1.1838069264830946,1.2420550577500167,1.1922757257418404,1.1164302390194674,1.0958328146826553
vLH92_MN_60x-1xzoom_0003_XY20_488.tif,2,2591,870,1721,0.33577769201080665,1239.55419921875,0.47671184541084805,1226.5823974609375,1242.0,3178075.0,1289.653076171875,1317.0,2219493.0,1101.818359375,1107.5,958582.0,False,vLH92_MN_60x-1xzoom_0003_XY20_Dapi-ex_Green-em.tif,470.455810546875,466.0,1218951.0,485.88726806640625,487.0,836212.0,439.92987060546875,420.5,382739.0,1081.3535974609376,1144.4242761718751,956.589559375,1096.7712000000001,1171.7712000000001,962.2712,323.140610546875,338.57206806640625,292.61467060546875,318.6848,339.6848,273.1848,2mM 2DG,1h,yes,MN,3.346387183062142,3.4415547901876717,3.380149705519748,3.4495838494981235,3.269110046313317,3.522418524017442
vLH92_MN_60x-1xzoom_0003_XY20_488.tif,3,711,538,173,0.7566807313642757,352.1710510253906,0.45150205899574036,352.4149169921875,352.0,250567.0,361.2601013183594,362.0,62498.0,349.57061767578125,350.0,188069.0,False,vLH92_MN_60x-1xzoom_0003_XY20_Dapi-ex_Green-em.tif,197.517578125,197.0,140435.0,198.83815002441406,198.0,34399.0,197.0929412841797,197.0,106036.0,207.18611699218752,216.0313013183594,204.34181767578127,206.77120000000002,216.77120000000002,204.77120000000002,50.202378124999996,51.52295002441406,49.77774128417968,49.684799999999996,50.684799999999996,49.684799999999996,2mM 2DG,1h,yes,MN,4.127017976644658,4.161659098959844,4.192914055115116,4.276848285876635,4.105084168226914,4.121405339258687
vLH92_MN_60x-1xzoom_0003_XY20_488.tif,4,3757,1581,2176,0.42081447963800905,1088.0010986328125,0.4364708710736493,1149.556884765625,1092.0,4318885.0,1314.9599609375,1367.0,2861353.0,921.9051513671875,913.0,1457532.0,False,vLH92_MN_60x-1xzoom_0003_XY20_Dapi-ex_Green-em.tif,401.5592346191406,382.0,1508658.0,447.2987060546875,457.0,973322.0,338.60595703125,336.0,535336.0,1004.328084765625,1169.7311609375001,776.6763513671875,946.7712,1221.7712000000001,767.7712,254.24403461914062,299.9835060546875,191.29075703125,234.6848,309.6848,188.6848,2mM 2DG,1h,yes,MN,3.9502523088501,4.03422462809692,3.899318253598437,3.9452088058567942,4.060187556476169,4.069067566650838
vLH92_MN_60x-1xzoom_0003_XY20_488.tif,5,3366,1539,1827,0.4572192513368984,1295.6372680664062,0.7212834370746586,1425.961669921875,1278.5,4799787.0,1759.80517578125,1843.0,3215164.0,1029.64453125,1015.0,1584623.0,False,vLH92_MN_60x-1xzoom_0003_XY20_Dapi-ex_Green-em.tif,473.891845703125,435.0,1595120.0,558.2446899414062,583.0,1019913.0,373.75372314453125,372.0,575207.0,1280.7328699218751,1614.5763757812501,884.41573125,1133.2712000000001,1697.7712000000001,869.7712,326.576645703125,410.92948994140625,226.43852314453125,287.6848,435.6848,224.6848,2mM 2DG,1h,yes,MN,3.9216915440001405,3.9392807683965234,3.929083736510295,3.896787769506763,3.9057653219434525,3.8710727205400635
vLH92_MN_60x-1xzoom_0003_XY20_488.tif,6,3576,1724,1852,0.48210290827740493,631.8689575195312,0.6421219505472309,709.2785034179688,635.0,2536380.0,843.5010986328125,857.0,1562164.0,565.0905151367188,567.0,974216.0,False,vLH92_MN_60x-1xzoom_0003_XY20_Dapi-ex_Green-em.tif,336.5875244140625,314.0,1203637.0,382.06640625,381.0,707587.0,287.7320251464844,287.0,496050.0,564.0497034179688,698.2722986328125,419.8617151367188,489.7712,711.7712,421.7712,189.2723244140625,234.75120625,140.41682514648437,166.6848,233.6848,139.6848,2mM 2DG,1h,yes,MN,2.980096034452574,2.938307512142679,2.974520599008903,3.0458600644971345,2.9901097300748285,3.01944950345349
vLH92_MN_60x-1xzoom_0003_XY20_488.tif,7,1061,583,478,0.5494816211121584,220.84849548339844,0.6363669182099566,247.59095764160156,219.0,262694.0,297.88494873046875,244.5,142389.0,206.3550567626953,204.0,120305.0,False,vLH92_MN_60x-1xzoom_0003_XY20_Dapi-ex_Green-em.tif,284.6116943359375,280.0,301973.0,292.8138122558594,288.0,139965.0,277.88677978515625,275.0,162008.0,102.36215764160158,152.65614873046877,61.126256762695334,73.77120000000002,99.27120000000002,58.77120000000002,137.2964943359375,145.49861225585937,130.57157978515625,132.6848,140.6848,127.6848,2mM 2DG,1h,yes,MN,0.7455555084395785,0.5559883272236158,1.0491931597397155,0.7056284687471569,0.4681436562479605,0.4602834479906772
vLH92_MN_60x-1xzoom_0003_XY20_488.tif,8,3243,1478,1765,0.45575084798026516,540.00048828125,0.759610803494028,620.2975463867188,538.0,2011625.0,791.3648681640625,830.0,1396759.0,416.0121765136719,406.0,614866.0,False,vLH92_MN_60x-1xzoom_0003_XY20_Dapi-ex_Green-em.tif,278.51495361328125,247.0,903224.0,328.1846923828125,332.0,579246.0,219.2002716064453,217.5,323978.0,475.0687463867188,646.1360681640625,270.7833765136719,392.7712,684.7712,260.7712,131.19975361328125,180.8694923828125,71.88507160644531,99.6848,184.6848,70.1848,2mM 2DG,1h,yes,MN,3.62095761084286,3.9401312938381783,3.5723883538994383,3.7077832068475587,3.7668930483390257,3.715493953106656
vLH92_MN_60x-1xzoom_0003_XY21_488.tif,1,3878,1933,1945,0.49845281072717895,583.68212890625,0.4619070893864294,635.24365234375,590.0,2463475.0,777.4401245117188,792.0,1512121.0,492.1645202636719,477.0,951354.0,False,vLH92_MN_60x-1xzoom_0003_XY21_Dapi-ex_Green-em.tif,294.7377624511719,279.0,1142993.0,338.9532165527344,330.0,659264.0,250.247802734375,247.0,483729.0,490.36205234375,632.5585245117188,347.2829202636719,445.1184,647.1184000000001,332.1184,148.19056245117187,192.40601655273437,103.700602734375,132.4528,183.4528,100.4528,2mM 2DG,1h,yes,MN,3.308996499053859,3.360581278764964,3.287623411393417,3.527438120323048,3.348899727740478,3.3062134654285398
vLH92_MN_60x-1xzoom_0003_XY21_488.tif,2,2462,1246,1216,0.5060926076360682,264.47105407714844,0.8081177544464859,290.41754150390625,267.0,715008.0,337.8363342285156,327.5,410809.0,244.14044189453125,243.0,304199.0,False,vLH92_MN_60x-1xzoom_0003_XY21_Dapi-ex_Green-em.tif,235.27984619140625,213.0,579259.0,270.2146301269531,245.0,328581.0,201.1862030029297,200.0,250678.0,145.53594150390626,192.95473422851563,99.25884189453126,122.11840000000001,182.6184,98.11840000000001,88.73264619140625,123.66743012695312,54.639003002929684,66.4528,98.4528,53.452799999999996,2mM 2DG,1h,yes,MN,1.6401623049758818,1.8376712493679728,1.5602712373859013,1.8548827458436938,1.8166298145888407,1.835608237547893
vLH92_MN_60x-1xzoom_0003_XY21_488.tif,3,2743,1373,1370,0.5005468465184105,339.83587646484375,0.6680222594960109,390.0816650390625,348.0,1069994.0,460.23358154296875,471.5,630520.0,320.0830383300781,320.0,439474.0,False,vLH92_MN_60x-1xzoom_0003_XY21_Dapi-ex_Green-em.tif,254.9004669189453,229.0,699192.0,294.5657043457031,271.0,403555.0,215.32192993164062,214.0,295637.0,245.2000650390625,315.35198154296876,175.20143833007813,203.1184,326.6184,175.1184,108.35326691894531,148.01850434570312,68.77472993164062,82.4528,124.4528,67.4528,2mM 2DG,1h,yes,MN,2.262968824211703,2.463450604467041,2.1304902582075256,2.6244359307303653,2.547468212586534,2.5961620570235784
vLH92_MN_60x-1xzoom_0003_XY21_488.tif,4,3729,1585,2144,0.42504692947170825,919.1181640625,0.4484297829318595,1034.3966064453125,923.0,3857265.0,1248.9495849609375,1360.0,2677748.0,744.1747436523438,749.0,1179517.0,False,vLH92_MN_60x-1xzoom_0003_XY21_Dapi-ex_Green-em.tif,372.7645568847656,353.0,1390039.0,419.42584228515625,433.0,899249.0,309.6466979980469,306.0,490790.0,889.5150064453126,1104.0679849609376,599.2931436523438,778.1184000000001,1215.1184,604.1184000000001,226.21735688476562,272.8786422851563,163.09949799804687,206.4528,286.4528,159.4528,2mM 2DG,1h,yes,MN,3.9321253625044723,3.7689893283113625,4.04600365831194,4.24194980813593,3.674402134944158,3.7886973449196257
vLH92_MN_60x-1xzoom_0003_XY21_488.tif,5,1991,1017,974,0.5107985936715218,472.7826232910156,0.551940912247942,485.0693054199219,474.0,965773.0,521.3541870117188,507.0,507799.0,450.3185729980469,454.0,457974.0,False,vLH92_MN_60x-1xzoom_0003_XY21_Dapi-ex_Green-em.tif,256.90960693359375,253.0,511507.0,269.6180725097656,262.0,262608.0,244.7384490966797,245.0,248899.0,340.1877054199219,376.47258701171876,305.4369729980469,329.1184,362.1184,309.1184,110.36240693359375,123.07087250976562,98.19124909667968,106.4528,115.4528,98.4528,2mM 2DG,1h,yes,MN,3.0824600049237465,3.091683826071273,3.0589901520511753,3.136506000720641,3.1106333385912204,3.1397624039133474
vLH92_MN_60x-1xzoom_0003_XY21_488.tif,6,6290,2749,3541,0.4370429252782194,759.2325134277344,0.6290043068955583,724.1101684570312,757.5,4554653.0,850.6780395507812,846.0,3012251.0,561.0774536132812,512.0,1542402.0,False,vLH92_MN_60x-1xzoom_0003_XY21_Dapi-ex_Green-em.tif,326.6845703125,339.0,2054846.0,358.677490234375,362.0,1270077.0,285.474365234375,266.0,784769.0,579.2285684570313,705.7964395507813,416.19585361328126,612.6184000000001,701.1184000000001,367.1184,180.1373703125,212.130290234375,138.927165234375,192.4528,215.4528,119.4528,2mM 2DG,1h,yes,MN,3.2154825367562156,3.183213754229609,3.3271836792896132,3.25416239658988,2.99578453869079,3.0733344048862814
vLH92_MN_60x-1xzoom_0003_XY21_488.tif,7,4770,0,4770,0.0,927.7554931640625,,901.2587280273438,924.0,4299004.0,901.2587280273438,924.0,4299004.0,,,,True,vLH92_MN_60x-1xzoom_0003_XY21_Dapi-ex_Green-em.tif,348.77484130859375,334.0,1663656.0,348.77484130859375,334.0,1663656.0,,,,756.3771280273438,756.3771280273438,,779.1184000000001,779.1184000000001,,202.22764130859375,202.22764130859375,,187.4528,187.4528,,2mM 2DG,1h,yes,MN,3.7402262278930176,4.15634442376961,3.7402262278930176,4.15634442376961,,
vLH92_MN_60x-1xzoom_0003_XY22_488.tif,1,3910,1939,1971,0.4959079283887468,363.3282165527344,0.6083206134863203,405.06829833984375,370.0,1583817.0,484.1466369628906,481.0,954253.0,324.68487548828125,327.0,629564.0,False,vLH92_MN_60x-1xzoom_0003_XY22_Dapi-ex_Green-em.tif,247.268798828125,234.0,966821.0,274.81683349609375,268.0,541664.0,219.26611328125,219.0,425157.0,258.7930983398437,337.8714369628906,178.40967548828124,223.7248,334.72479999999996,180.7248,99.81439882812501,127.36243349609376,71.81171328125001,86.54560000000001,120.54560000000001,71.54560000000001,2mM 2DG,1h,yes,MN,2.5927431450593756,2.5850511175611466,2.652834338103733,2.7767483840140157,2.4844091212465735,2.5260085875301903
vLH92_MN_60x-1xzoom_0003_XY22_488.tif,2,4016,1507,2509,0.37524900398406374,493.43780517578125,0.7306318709469771,587.238037109375,500.0,2358348.0,674.5452270507812,652.0,1692434.0,441.88055419921875,444.0,665914.0,False,vLH92_MN_60x-1xzoom_0003_XY22_Dapi-ex_Green-em.tif,295.0520324707031,281.0,1184929.0,328.82183837890625,323.0,825014.0,238.82879638671875,238.0,359915.0,440.96283710937496,528.2700270507812,295.6053541992187,353.72479999999996,505.72479999999996,297.72479999999996,147.59763247070313,181.36743837890626,91.37439638671876,133.5456,175.5456,90.54560000000001,2mM 2DG,1h,yes,MN,2.9876010185793618,2.648719238971557,2.91270600595427,2.8808742571730646,3.2351004864441966,3.288120019084306
vLH92_MN_60x-1xzoom_0003_XY22_488.tif,3,1254,550,704,0.43859649122807015,283.70057678222656,0.7411416161223899,283.0087585449219,282.0,354893.0,301.5951843261719,300.0,212323.0,259.2181701660156,258.0,142570.0,False,vLH92_MN_60x-1xzoom_0003_XY22_Dapi-ex_Green-em.tif,314.4433898925781,316.0,394312.0,330.3096618652344,328.5,232538.0,294.1345520019531,294.0,161774.0,136.73355854492186,155.31998432617186,112.94297016601561,135.7248,153.7248,111.72479999999999,166.98898989257813,182.85526186523438,146.68015200195313,168.5456,181.0456,146.5456,2mM 2DG,1h,yes,MN,0.8188178072870601,0.8052705024634282,0.8494149019383637,0.8490943718046723,0.7699949081352991,0.7623893177277242
vLH92_MN_60x-1xzoom_0003_XY22_488.tif,4,2337,897,1440,0.38382541720154045,1108.9244384765625,0.3013340554046623,1107.7890625,1111.0,2588903.0,1175.906982421875,1157.0,1693306.0,998.4359130859375,1054.0,895597.0,False,vLH92_MN_60x-1xzoom_0003_XY22_Dapi-ex_Green-em.tif,441.03253173828125,427.0,1030693.0,462.1569519042969,440.0,665506.0,407.1203918457031,412.0,365187.0,961.5138625,1029.631782421875,852.1607130859375,964.7248,1010.7248,907.7248,293.5781317382813,314.7025519042969,259.66599184570316,279.54560000000004,292.54560000000004,264.54560000000004,2mM 2DG,1h,yes,MN,3.2751549197716447,3.4510462693742983,3.2717617832822428,3.454930786858527,3.2817571027641623,3.4312602439806215
vLH92_MN_60x-1xzoom_0003_XY22_488.tif,5,3639,1850,1790,0.5083814234679858,1085.4739990234375,0.24075038038003616,1248.218505859375,1090.0,4542267.0,1636.634033203125,1715.5,2929575.0,872.0497436523438,882.0,1613292.0,False,vLH92_MN_60x-1xzoom_0003_XY22_Dapi-ex_Green-em.tif,414.6905822753906,380.0,1509059.0,503.01007080078125,512.0,900388.0,329.16485595703125,325.0,608955.0,1101.943305859375,1490.358833203125,725.7745436523437,943.7248,1569.2248,735.7248,267.23618227539066,355.5556708007813,181.71045595703126,232.5456,364.54560000000004,177.5456,2mM 2DG,1h,yes,MN,4.1234809466175015,4.0582354600560056,4.191632859761578,4.304604965743654,3.9941264790176207,4.143863886235423
vLH92_MN_60x-1xzoom_0003_XY22_488.tif,6,2131,1069,1062,0.5016424213984045,1392.3555908203125,0.1148620323909605,1301.4697265625,1406.0,2773432.0,1610.01416015625,1632.0,1709835.0,994.9457397460938,1044.0,1063597.0,False,vLH92_MN_60x-1xzoom_0003_XY22_Dapi-ex_Green-em.tif,485.9540100097656,513.0,1035568.0,547.61865234375,550.0,581571.0,424.69317626953125,427.0,453997.0,1155.1945265625,1463.73896015625,848.6705397460937,1259.7248,1485.7248,897.7248,338.49961000976566,400.16425234375004,277.2387762695313,365.54560000000004,402.54560000000004,279.54560000000004,2mM 2DG,1h,yes,MN,3.41269086404316,3.446149536473698,3.6578453762003345,3.690823598618392,3.061153822584388,3.2113715973351034
vLH92_MN_60x-1xzoom_0003_XY22_488.tif,7,1910,949,961,0.4968586387434555,315.95237731933594,0.7655420944416919,337.8146667480469,319.0,645226.0,375.511962890625,375.0,360867.0,299.64068603515625,300.0,284359.0,False,vLH92_MN_60x-1xzoom_0003_XY22_Dapi-ex_Green-em.tif,312.58428955078125,297.0,597036.0,340.2445373535156,334.0,326975.0,284.57427978515625,284.0,270061.0,191.53946674804686,229.236762890625,153.36548603515624,172.7248,228.7248,153.7248,165.12988955078126,192.79013735351563,137.11987978515626,149.5456,186.5456,136.5456,2mM 2DG,1h,yes,MN,1.1599321435332521,1.1549975392121197,1.1890481849197392,1.226106646310607,1.1184773956588505,1.1258129152458958
vLH92_MN_60x-1xzoom_0003_XY22_488.tif,8,3081,1464,1617,0.47517039922103216,530.0823974609375,0.526127724217563,574.199951171875,538.0,1769110.0,643.5875244140625,628.0,1040681.0,497.560791015625,500.0,728429.0,False,vLH92_MN_60x-1xzoom_0003_XY22_Dapi-ex_Green-em.tif,271.7419738769531,262.0,837237.0,293.6388244628906,291.0,474814.0,247.5566864013672,247.0,362423.0,427.92475117187496,497.31232441406246,351.28559101562496,391.72479999999996,481.72479999999996,353.72479999999996,124.28757387695313,146.18442446289063,100.1022864013672,114.54560000000001,143.5456,99.54560000000001,2mM 2DG,1h,yes,MN,3.443021195308937,3.419815339917028,3.4019515159790963,3.355900842659057,3.509266407833289,3.5533946251768027
vLH92_MN_60x-1xzoom_0003_XY22_488.tif,9,3028,1529,1499,0.5049537648612946,267.1929168701172,0.7223266447093474,294.0878601074219,271.0,890498.0,341.5777282714844,337.0,512025.0,247.52975463867188,247.0,378473.0,False,vLH92_MN_60x-1xzoom_0003_XY22_Dapi-ex_Green-em.tif,257.3051452636719,242.0,779120.0,289.5770568847656,284.0,434076.0,225.66644287109375,225.0,345044.0,147.81266010742186,195.30252827148436,101.25455463867186,124.72479999999999,190.7248,100.72479999999999,109.85074526367188,142.12265688476563,78.21204287109376,94.54560000000001,136.5456,77.54560000000001,2mM 2DG,1h,yes,MN,1.3455772170924374,1.3192025858421754,1.37418292447092,1.3967846638778545,1.294615904683067,1.298910576486609
vLH92_MN_60x-1xzoom_0003_XY22_488.tif,10,6504,3248,3256,0.4993849938499385,520.2919921875,0.7005260759207911,569.09423828125,520.5,3701389.0,699.8541259765625,695.0,2278725.0,438.0123291015625,433.0,1422664.0,False,vLH92_MN_60x-1xzoom_0003_XY22_Dapi-ex_Green-em.tif,283.4800109863281,270.0,1843754.0,320.4640808105469,316.0,1043431.0,246.4048614501953,242.0,800323.0,422.81903828124996,553.5789259765625,291.73712910156246,374.22479999999996,548.7248,286.72479999999996,136.02561098632813,173.00968081054688,98.95046145019532,122.54560000000001,168.5456,94.54560000000001,2mM 2DG,1h,yes,MN,3.1083781591964126,3.053759580107323,3.199699134655681,3.255645949820108,2.948314993441464,3.0326614882130944
vLH92_MN_60x-1xzoom_0003_XY22_488.tif,11,2892,1426,1466,0.4930843706777317,444.71153259277344,0.6934496795912825,523.082275390625,445.5,1512754.0,657.6937255859375,654.5,964179.0,384.6949462890625,384.0,548575.0,False,vLH92_MN_60x-1xzoom_0003_XY22_Dapi-ex_Green-em.tif,282.0781555175781,270.0,815770.0,315.78240966796875,315.0,462937.0,247.428466796875,247.0,352833.0,376.80707539062496,511.41852558593746,238.4197462890625,299.22479999999996,508.22479999999996,237.7248,134.62375551757813,168.32800966796876,99.97406679687501,122.54560000000001,167.5456,99.54560000000001,2mM 2DG,1h,yes,MN,2.7989642239732673,2.441742502382786,3.0382259410939594,3.0333521142900794,2.3848159220478466,2.3880995242381378
vLH92_MN_60x-1xzoom_0003_XY22_488.tif,12,3999,2012,1987,0.5031257814453614,369.2196960449219,0.43032994350273945,394.72418212890625,375.0,1578502.0,455.96527099609375,453.0,906003.0,334.2440490722656,337.0,672499.0,False,vLH92_MN_60x-1xzoom_0003_XY22_Dapi-ex_Green-em.tif,244.32933044433594,228.0,977073.0,278.5777587890625,266.0,553534.0,210.50645446777344,210.0,423539.0,248.44898212890624,309.6900709960937,187.9688490722656,228.7248,306.72479999999996,190.7248,96.87493044433594,131.1233587890625,63.052054467773445,80.54560000000001,118.54560000000001,62.54560000000001,2mM 2DG,1h,yes,MN,2.5646364956273624,2.8396932917502626,2.3618222859459435,2.5873992792646874,2.9811692998574446,3.049371978204701
vLH92_MN_60x-1xzoom_0003_XY23_488.tif,1,6253,3085,3172,0.493363185670878,868.1720581054688,0.08015200243932734,912.71533203125,877.0,5707209.0,1058.711181640625,1067.0,3358232.0,762.089111328125,805.0,2351045.0,False,vLH92_MN_60x-1xzoom_0003_XY23_Dapi-ex_Green-em.tif,345.884521484375,337.0,2162816.0,379.1904296875,373.0,1202792.0,311.6930236816406,307.0,961573.0,768.27853203125,914.274381640625,617.652311328125,732.5632,922.5632,660.5632,199.47492148437502,232.78082968750002,165.28342368164064,190.59040000000002,226.59040000000002,160.59040000000002,2mM 2DG,1h,yes,MN,3.851504371146875,3.8436521461731545,3.9276188802488843,4.071501705279659,3.7369283475021136,4.113341768872859
vLH92_MN_60x-1xzoom_0003_XY23_488.tif,2,5659,2938,2721,0.5191729987630324,857.341552734375,0.32557685159158906,929.66162109375,863.0,5260955.0,1206.80810546875,1215.0,3283725.0,672.9850463867188,665.0,1977230.0,False,vLH92_MN_60x-1xzoom_0003_XY23_Dapi-ex_Green-em.tif,392.1593933105469,363.0,2219230.0,474.4156494140625,470.0,1290885.0,315.9785461425781,316.0,928345.0,785.22482109375,1062.37130546875,528.5482463867188,718.5632,1070.5632,520.5632,245.7497933105469,328.00604941406255,169.56894614257814,216.59040000000002,323.59040000000005,169.59040000000002,2mM 2DG,1h,yes,MN,3.1952206775673018,3.31761333835664,3.2388771712184257,3.30838986570677,3.1170108584758274,3.0695322376738305
vLH92_MN_60x-1xzoom_0003_XY23_488.tif,3,3988,1351,2637,0.3387662988966901,579.4826049804688,0.8030720351905071,620.6534423828125,587.0,2475166.0,676.61279296875,698.0,1784228.0,511.4270935058594,513.0,690938.0,False,vLH92_MN_60x-1xzoom_0003_XY23_Dapi-ex_Green-em.tif,461.6213684082031,432.0,1840946.0,493.29541015625,512.0,1300820.0,399.79718017578125,401.0,540126.0,476.2166423828125,532.17599296875,366.99029350585937,442.5632,553.5632,368.5632,315.21176840820317,346.88581015625005,253.38758017578127,285.59040000000005,365.59040000000005,254.59040000000002,2mM 2DG,1h,yes,MN,1.5107831943828507,1.549643125259112,1.534153249823158,1.5141622974782707,1.4483357599897717,1.4476712397639502
vLH92_MN_60x-1xzoom_0003_XY23_488.tif,4,2559,1276,1283,0.49863227823368506,487.8697509765625,0.8549001954172528,505.7108154296875,484.0,1294114.0,607.4871215820312,608.0,779406.0,403.3761901855469,397.0,514708.0,False,vLH92_MN_60x-1xzoom_0003_XY23_Dapi-ex_Green-em.tif,437.2215576171875,391.0,1118850.0,523.9485473632812,506.0,672226.0,350.018798828125,346.0,446624.0,361.2740154296875,463.05032158203124,258.93939018554687,339.5632,463.5632,252.5632,290.81195761718755,377.5389473632813,203.60919882812502,244.59040000000002,359.59040000000005,199.59040000000002,2mM 2DG,1h,yes,MN,1.2422942247280395,1.388293244542713,1.2264968285151991,1.289142313031716,1.2717470118043555,1.265407554671968
vLH92_MN_60x-1xzoom_0003_XY23_488.tif,5,2788,1446,1342,0.5186513629842181,413.9644775390625,0.6344311412298361,430.4078063964844,414.0,1199977.0,505.55291748046875,470.5,678452.0,360.6673583984375,367.0,521525.0,False,vLH92_MN_60x-1xzoom_0003_XY23_Dapi-ex_Green-em.tif,285.4458312988281,263.0,795823.0,330.62445068359375,309.0,443698.0,243.5166015625,239.0,352125.0,285.97100639648437,361.11611748046874,216.2305583984375,269.5632,326.0632,222.5632,139.03623129882814,184.21485068359377,97.10700156250002,116.59040000000002,162.59040000000002,92.59040000000002,2mM 2DG,1h,yes,MN,2.0568092483882987,2.312053136450342,1.9602986194675447,2.005427134689379,2.226724694606775,2.403739480550899
vLH92_MN_60x-1xzoom_0003_XY23_488.tif,6,4069,2068,2003,0.5082329810764316,1269.2933349609375,0.1175557288257716,1525.483154296875,1287.0,6207191.0,2085.834716796875,2219.0,4177927.0,981.677490234375,1087.0,2030109.0,False,vLH92_MN_60x-1xzoom_0003_XY23_Dapi-ex_Green-em.tif,520.8333740234375,462.0,2119271.0,656.2850952148438,684.0,1314539.0,389.4535827636719,404.0,805390.0,1381.046354296875,1941.397916796875,837.240690234375,1142.5632,2074.5632,942.5632,374.42377402343755,509.8754952148438,243.0439827636719,315.59040000000005,537.5904,257.59040000000005,2mM 2DG,1h,yes,MN,3.6884579722505193,3.6203990995923827,3.8075921181088286,3.859003434585141,3.4448114317172,3.659154999565201
vLH92_MN_60x-1xzoom_0003_XY23_488.tif,7,4090,1929,2161,0.471638141809291,682.7294006347656,0.24165572623255918,720.3004760742188,692.0,2946029.0,898.3285522460938,933.0,1941288.0,520.861083984375,539.0,1004741.0,False,vLH92_MN_60x-1xzoom_0003_XY23_Dapi-ex_Green-em.tif,382.7300720214844,367.0,1565366.0,450.14715576171875,455.0,972768.0,307.20477294921875,308.0,592598.0,575.8636760742188,753.8917522460938,376.424283984375,547.5632,788.5632,394.5632,236.3204720214844,303.7375557617188,160.79517294921877,220.59040000000002,308.59040000000005,161.59040000000002,2mM 2DG,1h,yes,MN,2.4367913247137802,2.4822621474007938,2.4820498418625574,2.555371780846066,2.341017314638262,2.4417490147929577
vLH92_MN_60x-1xzoom_0003_XY23_488.tif,8,2959,1596,1363,0.5393714092598851,642.6951904296875,0.12298282827486386,631.2835693359375,641.0,1867968.0,696.6536865234375,690.0,949539.0,575.456787109375,589.0,918429.0,False,vLH92_MN_60x-1xzoom_0003_XY23_Dapi-ex_Green-em.tif,529.8482666015625,547.0,1567821.0,570.1246948242188,581.0,777080.0,495.4517517089844,502.0,790741.0,486.8467693359375,552.2168865234376,431.019987109375,496.5632,545.5632,444.5632,383.43866660156255,423.7150948242188,349.0421517089844,400.59040000000005,434.59040000000005,355.59040000000005,2mM 2DG,1h,yes,MN,1.269686162981127,1.2395783823077136,1.3032740472758673,1.2553503252717961,1.2348651445076466,1.250211479275031
vLH92_MN_60x-1xzoom_0004_XY01_488.tif,1,2396,1267,1129,0.5287979966611018,820.7894592285156,0.2600830877922712,857.7066040039062,820.0,2055065.0,1024.04248046875,976.0,1156144.0,709.48779296875,743.0,898921.0,False,vLH92_MN_60x-1xzoom_0004_XY01_Dapi-ex_Green-em.tif,371.2479248046875,368.0,889510.0,401.50665283203125,392.0,453301.0,344.284912109375,347.0,436209.0,714.8922040039063,881.22808046875,566.67339296875,677.1856,833.1856,600.1856,226.7343248046875,256.99305283203125,199.771312109375,223.4864,247.4864,202.4864,1mM 2DG,1h,yes,MN,3.1529950510127907,3.030097580881879,3.428995728708333,3.366591457146736,2.8366104571536064,2.9640785751536893
vLH92_MN_60x-1xzoom_0004_XY01_488.tif,2,4180,2206,1974,0.5277511961722487,734.4143676757812,0.12293115793453152,742.0756225585938,741.0,3101876.0,853.3839721679688,858.0,1684580.0,642.4732666015625,687.0,1417296.0,False,vLH92_MN_60x-1xzoom_0004_XY01_Dapi-ex_Green-em.tif,339.1557312011719,322.0,1417671.0,391.0141906738281,360.0,771862.0,292.7511291503906,299.0,645809.0,599.2612225585938,710.5695721679688,499.6588666015625,598.1856,715.1856,544.1856,194.64213120117188,246.50059067382813,148.23752915039063,177.4864,215.4864,154.4864,1mM 2DG,1h,yes,MN,3.07878473617425,3.370317951121889,2.8826282737318105,3.3189361370369546,3.370663754754346,3.5225469685357416
vLH92_MN_60x-1xzoom_0004_XY01_488.tif,3,3048,1496,1552,0.49081364829396323,1427.947265625,0.504718902474085,1557.9346923828125,1451.0,4748585.0,1822.771240234375,1897.0,2828941.0,1283.1844482421875,1364.0,1919644.0,False,vLH92_MN_60x-1xzoom_0004_XY01_Dapi-ex_Green-em.tif,531.1722412109375,500.0,1619013.0,609.3137817382812,625.0,945655.0,450.1056213378906,456.5,673358.0,1415.1202923828125,1679.956840234375,1140.3700482421875,1308.1856,1754.1856,1221.1856,386.6586412109375,464.80018173828125,305.5920213378906,355.4864,480.4864,311.9864,1mM 2DG,1h,yes,MN,3.6598698219983885,3.679987757618857,3.6143635614590224,3.6508538014811656,3.731674810257201,3.914227030409018
vLH92_MN_60x-1xzoom_0004_XY01_488.tif,4,2330,1162,1168,0.49871244635193135,461.8275451660156,0.7980536722681741,497.33734130859375,452.0,1158796.0,624.6361083984375,597.0,729575.0,369.3812255859375,361.0,429221.0,False,vLH92_MN_60x-1xzoom_0004_XY01_Dapi-ex_Green-em.tif,306.09442138671875,278.0,713200.0,363.3792724609375,333.0,424427.0,248.51376342773438,246.0,288773.0,354.5229413085938,481.8217083984375,226.5668255859375,309.1856,454.1856,218.1856,161.58082138671875,218.8656724609375,104.00016342773438,133.4864,188.4864,101.4864,1mM 2DG,1h,yes,MN,2.194090475998373,2.316232964556689,2.20144942320469,2.4096465315269433,2.1785237457186293,2.1498998880638194
vLH92_MN_60x-1xzoom_0004_XY01_488.tif,5,2862,1282,1581,0.4479385045422781,812.6105041503906,0.23616869278534536,818.9063720703125,811.0,2343710.0,948.7678833007812,933.0,1500002.0,658.3526000976562,702.0,844008.0,False,vLH92_MN_60x-1xzoom_0004_XY01_Dapi-ex_Green-em.tif,364.9322204589844,357.0,1044436.0,408.2542724609375,401.0,645450.0,311.41107177734375,315.0,399229.0,676.0919720703125,805.9534833007813,515.5382000976563,668.1856,790.1856,559.1856,220.41862045898438,263.7406724609375,166.89747177734375,212.4864,256.4864,170.4864,1mM 2DG,1h,yes,MN,3.067308790257673,3.144604078190416,3.055855874562353,3.0808089629703566,3.0889515257932163,3.2799425643335773
vLH92_MN_60x-1xzoom_0004_XY01_488.tif,6,1770,887,883,0.5011299435028248,462.8169708251953,0.7742760334636554,480.7011413574219,460.0,850841.0,552.8754272460938,550.0,488189.0,408.8523254394531,408.0,362652.0,False,vLH92_MN_60x-1xzoom_0004_XY01_Dapi-ex_Green-em.tif,293.3531188964844,281.0,519235.0,327.3193664550781,324.0,289023.0,259.5400085449219,256.0,230212.0,337.8867413574219,410.0610272460938,266.03792543945315,317.1856,407.1856,265.1856,148.83951889648438,182.80576645507813,115.02640854492188,136.4864,179.4864,111.4864,1mM 2DG,1h,yes,MN,2.270141316382627,2.3239355716027386,2.2431514891345636,2.2686153379866107,2.3128421447284944,2.3786363179724166
vLH92_MN_60x-1xzoom_0004_XY01_488.tif,7,2907,1374,1533,0.4726522187822497,1073.91748046875,0.40797301855899354,1086.325439453125,1074.0,3157948.0,1203.177490234375,1144.0,1844471.0,955.9512329101562,1009.0,1313477.0,False,vLH92_MN_60x-1xzoom_0004_XY01_Dapi-ex_Green-em.tif,474.04815673828125,468.0,1378058.0,514.8604125976562,493.0,789281.0,428.5130920410156,445.0,588777.0,943.511039453125,1060.363090234375,813.1368329101563,931.1856,1001.1856,866.1856,329.53455673828125,370.34681259765625,283.9994920410156,323.4864,348.4864,300.4864,1mM 2DG,1h,yes,MN,2.863162664310403,2.8785927321828675,2.863162457904965,2.8729545830195957,2.8631629833785825,2.8826116589636004
vLH92_MN_60x-1xzoom_0004_XY01_488.tif,8,2061,1055,1006,0.5118874332848132,370.53387451171875,0.7114354517628712,410.5424499511719,367.0,846128.0,496.0646057128906,473.0,499041.0,328.992431640625,328.0,347087.0,False,vLH92_MN_60x-1xzoom_0004_XY01_Dapi-ex_Green-em.tif,291.64434814453125,286.0,601079.0,311.5984191894531,311.0,313468.0,272.6170654296875,261.0,287611.0,267.7280499511719,353.25020571289065,186.178031640625,224.1856,330.1856,185.1856,147.13074814453125,167.08481918945313,128.1034654296875,141.4864,166.4864,116.4864,1mM 2DG,1h,yes,MN,1.8196607665460522,1.5845028214725938,2.1141968936887645,1.9832586926019182,1.4533411021797302,1.5897615515631007
vLH92_MN_60x-1xzoom_0004_XY01_488.tif,9,4303,2090,2214,0.48570764582849174,651.891845703125,0.48837410314064716,694.8045654296875,658.0,2989744.0,793.725830078125,813.5,1757309.0,589.8353881835938,604.0,1232756.0,False,vLH92_MN_60x-1xzoom_0004_XY01_Dapi-ex_Green-em.tif,334.5949401855469,315.0,1439762.0,379.4923095703125,379.0,840196.0,286.97991943359375,287.0,599788.0,551.9901654296875,650.911430078125,447.0209881835938,515.1856,670.6856,461.1856,190.08134018554688,234.9787095703125,142.46631943359375,170.4864,234.4864,142.4864,1mM 2DG,1h,yes,MN,2.9039681900962258,3.0218574619441787,2.7700868358175796,2.8602324058026394,3.1377310087101584,3.2366990814561953
vLH92_MN_60x-1xzoom_0004_XY01_488.tif,10,2286,1146,1140,0.5013123359580053,356.80384826660156,0.4299090242917202,366.6141662597656,363.0,838080.0,410.48333740234375,403.0,467951.0,322.9747009277344,331.0,370129.0,False,vLH92_MN_60x-1xzoom_0004_XY01_Dapi-ex_Green-em.tif,298.3495178222656,287.0,682027.0,336.8078918457031,325.0,383961.0,260.0924987792969,246.0,298066.0,223.79976625976562,267.6689374023438,180.16030092773437,220.1856,260.1856,188.1856,153.83591782226563,192.29429184570313,115.57889877929688,142.4864,180.4864,101.4864,1mM 2DG,1h,yes,MN,1.4547952742631454,1.5453095874413276,1.3919754706869887,1.44158008581256,1.558764643291494,1.8542937772942973
vLH92_MN_60x-1xzoom_0004_XY02_488.tif,1,3848,1919,1929,0.4987006237006237,538.2279357910156,0.8294435250561738,579.653564453125,540.0,2230507.0,687.264892578125,665.0,1325734.0,471.48150634765625,474.0,904773.0,False,vLH92_MN_60x-1xzoom_0004_XY02_Dapi-ex_Green-em.tif,291.8747253417969,274.0,1123134.0,335.49041748046875,317.0,647161.0,248.0317840576172,242.0,475973.0,431.091964453125,538.703292578125,322.91990634765625,391.4384,516.4384,325.4384,143.82832534179687,187.44401748046874,99.98538405761718,125.9536,168.9536,93.9536,1mM 2DG,1h,yes,MN,2.997267495318939,3.107798427357376,2.8739423099179824,3.0566877533239896,3.229671110345205,3.463820439025221
vLH92_MN_60x-1xzoom_0004_XY02_488.tif,2,4015,2165,1852,0.539227895392279,592.1549072265625,0.5228631952657959,662.3526611328125,596.0,2659346.0,805.1263427734375,851.0,1491094.0,540.0073852539062,544.0,1169116.0,False,vLH92_MN_60x-1xzoom_0004_XY02_Dapi-ex_Green-em.tif,339.8082275390625,313.0,1364330.0,397.1922302246094,406.0,735600.0,290.70391845703125,290.0,629374.0,513.7910611328125,656.5647427734375,391.44578525390625,447.4384,702.4384,395.4384,191.7618275390625,249.14583022460937,142.65751845703124,164.9536,257.9536,141.9536,1mM 2DG,1h,yes,MN,2.679318755596192,2.7125106696671066,2.6352628184928193,2.723119196630712,2.7439548191202454,2.7856877176767623
vLH92_MN_60x-1xzoom_0004_XY02_488.tif,3,3727,1762,1966,0.47276629997316877,1453.798095703125,0.45531553588427837,1613.20263671875,1464.0,6012406.0,1968.4058837890625,2019.5,3869886.0,1216.295654296875,1335.5,2143113.0,False,vLH92_MN_60x-1xzoom_0004_XY02_Dapi-ex_Green-em.tif,472.997314453125,436.0,1762861.0,558.8698120117188,563.0,1098738.0,377.0862731933594,394.0,664426.0,1464.64103671875,1819.8442837890625,1067.734054296875,1315.4384,1870.9384,1186.9384,324.950914453125,410.82341201171874,229.03987319335937,287.9536,414.9536,245.9536,1mM 2DG,1h,yes,MN,4.507268549108909,4.568230437125981,4.429748233864411,4.508789416455238,4.661782419847376,4.825863089623409
vLH92_MN_60x-1xzoom_0004_XY02_488.tif,4,4123,2048,2075,0.49672568518069365,762.3482666015625,0.4811345960698619,880.3155517578125,756.0,3629541.0,1127.1907958984375,1025.0,2338921.0,630.185546875,623.0,1290620.0,False,vLH92_MN_60x-1xzoom_0004_XY02_Dapi-ex_Green-em.tif,371.7237548828125,353.0,1532617.0,427.1195068359375,412.0,886273.0,315.59765625,307.0,646344.0,731.7539517578125,978.6291958984375,481.623946875,607.4384,876.4384,474.4384,223.6773548828125,279.0731068359375,167.55125625,204.9536,263.9536,158.9536,1mM 2DG,1h,yes,MN,3.2714708743814858,2.963784973769673,3.506712656743946,3.3204260142691746,2.874487232470392,2.984760332575041
vLH92_MN_60x-1xzoom_0004_XY02_488.tif,5,4148,1866,2282,0.44985535197685633,615.8578796386719,0.692330071450055,653.0057983398438,613.0,2708668.0,779.3093872070312,760.0,1778384.0,498.54449462890625,486.0,930284.0,False,vLH92_MN_60x-1xzoom_0004_XY02_Dapi-ex_Green-em.tif,309.3640441894531,295.0,1283242.0,351.2787170410156,344.0,801618.0,258.10504150390625,255.0,481624.0,504.44419833984375,630.7477872070313,349.98289462890625,464.4384,611.4384,337.4384,161.31764418945312,203.23231704101562,110.05864150390624,146.9536,195.9536,106.9536,1mM 2DG,1h,yes,MN,3.1270243306269663,3.160442479803149,3.10358016082519,3.120322362028562,3.1799674232439488,3.154998055231428
vLH92_MN_60x-1xzoom_0004_XY02_488.tif,6,4164,1862,2302,0.4471661863592699,1486.7863159179688,0.42656529924034736,1592.427734375,1493.0,6630869.0,1854.2354736328125,1892.0,4268450.0,1268.7535400390625,1380.0,2362419.0,False,vLH92_MN_60x-1xzoom_0004_XY02_Dapi-ex_Green-em.tif,485.9173889160156,445.0,2023360.0,561.1611938476562,555.0,1291793.0,392.89312744140625,405.0,731567.0,1443.866134375,1705.6738736328125,1120.1919400390625,1344.4384,1743.4384,1231.4384,337.8709889160156,413.11479384765624,244.84672744140624,296.9536,406.9536,256.9536,1mM 2DG,1h,yes,MN,4.273424418614114,4.527435936119313,4.128813344461858,4.284120843260755,4.57507417699562,4.792454357518245
vLH92_MN_60x-1xzoom_0004_XY02_488.tif,7,4159,2118,2041,0.5092570329406108,613.7453002929688,0.20723408861762757,660.3698120117188,613.0,2746478.0,793.6555786132812,774.0,1619851.0,531.9296264648438,531.5,1126627.0,False,vLH92_MN_60x-1xzoom_0004_XY02_Dapi-ex_Green-em.tif,326.2166442871094,282.0,1356735.0,391.83734130859375,347.0,799740.0,262.9815979003906,258.0,556995.0,511.80821201171875,645.0939786132813,383.36802646484375,464.4384,625.4384,382.9384,178.17024428710937,243.79094130859374,114.93519790039062,133.9536,198.9536,109.9536,1mM 2DG,1h,yes,MN,2.872579616532232,3.4671587773676857,2.646094949839473,3.143639521978994,3.3355145635812304,3.482727259498552
vLH92_MN_60x-1xzoom_0004_XY02_488.tif,8,2468,1270,1199,0.5145867098865479,1400.187744140625,0.10274412243049533,1368.90234375,1402.0,3378451.0,1811.3819580078125,1672.0,2171847.0,950.4315185546875,966.5,1207048.0,False,vLH92_MN_60x-1xzoom_0004_XY02_Dapi-ex_Green-em.tif,414.1576232910156,415.0,1022141.0,501.4295349121094,472.0,601214.0,331.618896484375,351.5,421156.0,1220.34074375,1662.8203580078125,801.8699185546875,1253.4384,1523.4384,817.9384,266.1112232910156,353.38313491210937,183.572496484375,266.9536,323.9536,203.4536,1mM 2DG,1h,yes,MN,4.585829671736362,4.695341812210062,4.705432132241897,4.7026438354134665,4.368137569142553,4.0202699780195585
vLH92_MN_60x-1xzoom_0004_XY03_488.tif,1,8133,2052,6081,0.25230542235337516,639.077880859375,0.665432436646946,694.8829345703125,640.0,5651483.0,738.1231689453125,721.0,4488527.0,566.74267578125,563.0,1162956.0,False,vLH92_MN_60x-1xzoom_0004_XY03_Dapi-ex_Green-em.tif,393.87310791015625,357.0,3203370.0,443.8447570800781,440.0,2699020.0,245.78460693359375,244.0,504350.0,548.0413345703125,591.2815689453125,419.90107578125003,493.15840000000003,574.1584,416.15840000000003,247.27630791015625,297.2479570800781,99.18780693359375,210.4032,293.40319999999997,97.4032,1mM 2DG,1h,yes,MN,2.2163115391120862,2.343873096987118,1.9891863168836592,1.9568920857032237,4.233394091094018,4.2725331405949705
vLH92_MN_60x-1xzoom_0004_XY03_488.tif,2,3496,1494,2002,0.42734553775743706,978.7540588378906,0.5570654825333572,1072.9482421875,974.0,3751027.0,1297.141845703125,1304.0,2596878.0,772.5227661132812,767.0,1154149.0,False,vLH92_MN_60x-1xzoom_0004_XY03_Dapi-ex_Green-em.tif,699.8712768554688,637.0,2446750.0,758.1273803710938,735.0,1517771.0,621.8065795898438,622.0,928979.0,926.1066421875,1150.300245703125,625.6811661132813,827.1584,1157.1584,620.1584,553.2744768554687,611.5305803710937,475.2097795898437,490.40319999999997,588.4032,475.40319999999997,1mM 2DG,1h,yes,MN,1.673864746935409,1.68669046205245,1.881018353988268,1.9666079314320521,1.3166420241883705,1.3044893261130763
vLH92_MN_60x-1xzoom_0004_XY03_488.tif,3,4110,1846,2264,0.4491484184914842,1389.859619140625,0.723223341357705,1619.788818359375,1406.0,6657332.0,2050.59228515625,2229.0,4642541.0,1091.43603515625,1074.5,2014791.0,False,vLH92_MN_60x-1xzoom_0004_XY03_Dapi-ex_Green-em.tif,475.77227783203125,413.0,1955424.0,575.6077880859375,617.5,1303176.0,353.3304443359375,354.0,652248.0,1472.947218359375,1903.75068515625,944.59443515625,1259.1584,2082.1584,927.6584,329.1754778320312,429.01098808593747,206.7336443359375,266.40319999999997,470.90319999999997,207.4032,1mM 2DG,1h,yes,MN,4.474656581529982,4.726513795630083,4.437533625070926,4.421627204911752,4.569137443450208,4.4727294467973495
vLH92_MN_60x-1xzoom_0004_XY03_488.tif,4,1883,948,935,0.5034519383961763,447.5162658691406,0.48148224691661085,535.3600463867188,448.0,1008083.0,659.5005493164062,562.0,616633.0,412.92193603515625,412.0,391450.0,False,vLH92_MN_60x-1xzoom_0004_XY03_Dapi-ex_Green-em.tif,278.4790344238281,254.0,524376.0,316.4695129394531,293.0,295899.0,241.00949096679688,241.0,228477.0,388.5184463867188,512.6589493164063,266.0803360351563,301.15840000000003,415.15840000000003,265.15840000000003,131.88223442382812,169.87271293945312,94.41269096679687,107.4032,146.4032,94.4032,1mM 2DG,1h,yes,MN,2.9459498323189033,2.80399839110939,3.0179005235474796,2.835719437826496,2.8182687444925345,2.808786142842616
vLH92_MN_60x-1xzoom_0004_XY03_488.tif,5,4739,2259,2480,0.47668284448195825,1085.877685546875,0.688217462800949,1127.419921875,1106.0,5342843.0,1448.8023681640625,1484.0,3593030.0,774.5962524414062,753.0,1749813.0,False,vLH92_MN_60x-1xzoom_0004_XY03_Dapi-ex_Green-em.tif,410.6822204589844,392.0,1946223.0,498.3705749511719,508.0,1235959.0,314.41522216796875,311.0,710264.0,980.578321875,1301.9607681640625,627.7546524414063,959.1584,1337.1584,606.1584,264.08542045898434,351.77377495117184,167.81842216796875,245.4032,361.40319999999997,164.4032,1mM 2DG,1h,yes,MN,3.713110402576335,3.9084999706605292,3.701130842811639,3.6999074717656075,3.7406778369843647,3.687023123637496
vLH92_MN_60x-1xzoom_0004_XY03_488.tif,6,3806,1875,1931,0.4926431949553337,646.4823303222656,0.6103422257667732,657.6434326171875,645.0,2502991.0,737.7763061523438,723.0,1424646.0,575.1173095703125,576.0,1078345.0,False,vLH92_MN_60x-1xzoom_0004_XY03_Dapi-ex_Green-em.tif,373.09063720703125,342.0,1419983.0,415.45416259765625,390.0,802242.0,329.46185302734375,314.0,617741.0,510.80183261718753,590.9347061523438,428.27570957031253,498.15840000000003,576.1584,429.15840000000003,226.49383720703125,268.8573625976562,182.86505302734375,195.4032,243.4032,167.4032,1mM 2DG,1h,yes,MN,2.255257091831063,2.549387113414724,2.197948757820238,2.367094598591966,2.342031473374372,2.5636212449941223
vLH92_MN_60x-1xzoom_0004_XY03_488.tif,7,3773,2152,1621,0.570368407103101,1340.88134765625,0.3137964609714668,1504.4945068359375,1343.0,5676458.0,2013.9444580078125,2026.0,3264604.0,1120.75,1177.0,2411854.0,False,vLH92_MN_60x-1xzoom_0004_XY03_Dapi-ex_Green-em.tif,473.1388854980469,445.0,1785153.0,546.4972534179688,546.0,885872.0,417.8815002441406,410.0,899281.0,1357.6529068359375,1867.1028580078125,973.9084,1196.1584,1879.1584,1030.1584,326.54208549804684,399.9004534179687,271.2847002441406,298.40319999999997,399.40319999999997,263.40319999999997,1mM 2DG,1h,yes,MN,4.157665939951431,4.008530739616734,4.668919082360605,4.70491573427554,3.589986457487424,3.9109562829912474
vLH92_MN_60x-1xzoom_0004_XY03_488.tif,8,2434,1219,1215,0.5008216926869351,931.5787353515625,0.7933699035460064,982.9613647460938,934.5,2392528.0,1167.638671875,1167.0,1418681.0,798.8900756835938,794.0,973847.0,False,vLH92_MN_60x-1xzoom_0004_XY03_Dapi-ex_Green-em.tif,350.5907897949219,330.0,853338.0,407.325927734375,401.0,494901.0,294.0418395996094,293.0,358437.0,836.1197647460938,1020.797071875,652.0484756835938,787.6584,1020.1584,647.1584,203.99398979492187,260.72912773437497,147.44503959960937,183.4032,254.4032,146.4032,1mM 2DG,1h,yes,MN,4.098747054198299,4.2946818812321705,3.91516314554224,4.010006163444485,4.422315443464544,4.42038425389609
vLH92_MN_60x-1xzoom_0004_XY03_488.tif,9,2827,1361,1466,0.48142907675981605,653.1112670898438,0.3281128409747375,700.22216796875,653.0,1979528.0,851.7796630859375,826.0,1248709.0,536.9721069335938,531.0,730819.0,False,vLH92_MN_60x-1xzoom_0004_XY03_Dapi-ex_Green-em.tif,321.25433349609375,287.0,908186.0,379.90313720703125,356.0,556938.0,258.080810546875,255.0,351248.0,553.38056796875,704.9380630859375,390.1305069335938,506.15840000000003,679.1584,384.15840000000003,174.65753349609375,233.30633720703125,111.484010546875,140.4032,209.4032,108.4032,1mM 2DG,1h,yes,MN,3.168375030219504,3.605034643085058,3.021512709534289,3.2433047823528964,3.4994301426710694,3.543792065178888
vLH92_MN_60x-1xzoom_0004_XY03_488.tif,10,5306,2719,2588,0.5124387485865058,803.9508056640625,0.38188150801650567,847.8761596679688,805.0,4498831.0,1111.7449951171875,1116.0,2877196.0,596.5413818359375,555.0,1621996.0,False,vLH92_MN_60x-1xzoom_0004_XY03_Dapi-ex_Green-em.tif,378.0461730957031,364.0,2005913.0,414.24420166015625,419.0,1072064.0,343.55865478515625,337.0,934136.0,701.0345596679688,964.9033951171875,449.69978183593753,658.1584,969.1584,408.15840000000003,231.44937309570312,267.6474016601562,196.96185478515625,217.4032,272.40319999999997,190.4032,1mM 2DG,1h,yes,MN,3.0288894296468656,3.027362982697587,3.6051289462632936,3.5578084251580018,2.2831821030852137,2.1436530478479354
vLH92_MN_60x-1xzoom_0004_XY03_488.tif,11,6044,2962,3082,0.4900727994705493,996.1795043945312,0.6355336495583923,1439.5504150390625,950.5,8700643.0,2263.1142578125,2314.0,6974918.0,582.6215209960938,566.0,1725725.0,False,vLH92_MN_60x-1xzoom_0004_XY03_Dapi-ex_Green-em.tif,424.43133544921875,375.0,2565263.0,556.6197509765625,560.0,1715502.0,286.8875732421875,277.0,849761.0,1292.7088150390625,2116.2726578125,435.7799209960938,803.6584,2167.1584,419.15840000000003,277.8345354492187,410.02295097656247,140.2907732421875,228.4032,413.40319999999997,130.4032,1mM 2DG,1h,yes,MN,4.652801038391203,3.518595186056938,5.161351706708411,5.242239053785747,3.1062621648238826,3.214326028809109
vLH92_MN_60x-1xzoom_0004_XY03_488.tif,12,2559,1378,1181,0.5384915982805784,467.69024658203125,0.4351704105438919,573.8656005859375,473.0,1468522.0,726.237060546875,518.0,857686.0,443.2772216796875,448.0,610836.0,False,vLH92_MN_60x-1xzoom_0004_XY03_Dapi-ex_Green-em.tif,327.1473083496094,316.0,837170.0,353.07958984375,334.0,416987.0,304.92236328125,306.0,420183.0,427.02400058593753,579.395460546875,296.43562167968753,326.15840000000003,371.15840000000003,301.15840000000003,180.55050834960937,206.48278984375,158.32556328125,169.4032,187.4032,159.4032,1mM 2DG,1h,yes,MN,2.3651221172917922,1.925337892082322,2.806023015212629,1.9805339503274226,1.8723168611318843,1.8892870406616682
vLH92_MN_60x-1xzoom_0004_XY04_488.tif,1,3447,1793,1654,0.5201624601102408,611.8526000976562,0.4506859537751021,730.449951171875,609.0,2517861.0,962.3549194335938,978.0,1591735.0,516.5231323242188,515.0,926126.0,False,vLH92_MN_60x-1xzoom_0004_XY04_Dapi-ex_Green-em.tif,293.8067932128906,266.0,1012752.0,348.6402587890625,348.0,576651.0,243.22421264648438,242.0,436101.0,584.184351171875,816.0893194335938,370.25753232421874,462.7344,831.7344,368.7344,147.02119321289064,201.8546587890625,96.43861264648439,119.21440000000001,201.2144,95.21440000000001,1mM 2DG,1h,yes,MN,3.9734703440065298,3.8815310902038673,4.0429550862455175,4.133572945077489,3.839307951074266,3.8726747214707014
vLH92_MN_60x-1xzoom_0004_XY04_488.tif,2,4046,1753,2293,0.4332674246169056,683.7230529785156,0.7866872984813411,786.4676513671875,690.0,3182048.0,934.3370971679688,932.0,2142435.0,593.0479125976562,597.0,1039613.0,False,vLH92_MN_60x-1xzoom_0004_XY04_Dapi-ex_Green-em.tif,313.461181640625,294.0,1268264.0,348.9110412597656,349.0,800053.0,267.0912780761719,267.0,468211.0,640.2020513671876,788.0714971679688,446.78231259765624,543.7344,785.7344,450.7344,166.675581640625,202.12544125976564,120.30567807617189,147.2144,202.2144,120.21440000000001,1mM 2DG,1h,yes,MN,3.841006853346697,3.693486506754774,3.8989228285971316,3.8856500822888975,3.7137259000757616,3.7494210344185053
vLH92_MN_60x-1xzoom_0004_XY04_488.tif,3,2778,1381,1397,0.4971202303815695,399.8704071044922,0.7498993524743904,464.9096374511719,400.0,1291519.0,574.9771118164062,565.0,803243.0,353.5669860839844,353.0,488276.0,False,vLH92_MN_60x-1xzoom_0004_XY04_Dapi-ex_Green-em.tif,261.6954650878906,239.0,726990.0,300.9384460449219,296.0,420411.0,221.99783325195312,222.0,306579.0,318.64403745117187,428.71151181640624,207.30138608398437,253.7344,418.7344,206.7344,114.90986508789064,154.1528460449219,75.21223325195314,92.21440000000001,149.2144,75.21440000000001,1mM 2DG,1h,yes,MN,2.7729911370747145,2.7515702536697084,2.7810807443118817,2.806259985631413,2.7562189968425264,2.7486013316598945
vLH92_MN_60x-1xzoom_0004_XY04_488.tif,4,4043,1757,2286,0.4345782834528815,1089.644287109375,0.39069665295095984,1292.717041015625,1091.0,5226455.0,1569.7427978515625,1601.5,3588432.0,932.2839965820312,949.0,1638023.0,False,vLH92_MN_60x-1xzoom_0004_XY04_Dapi-ex_Green-em.tif,397.5451354980469,356.0,1607275.0,463.0586242675781,458.0,1058552.0,312.3067626953125,315.0,548723.0,1146.451441015625,1423.4771978515626,786.0183965820313,944.7344,1455.2344,802.7344,250.7595354980469,316.27302426757814,165.5211626953125,209.2144,311.2144,168.2144,1mM 2DG,1h,yes,MN,4.571915635186501,4.51562798736607,4.500785993835663,4.675986715267674,4.7487486420628615,4.772090855479673
vLH92_MN_60x-1xzoom_0004_XY04_488.tif,5,3239,1532,1707,0.4729854893485644,431.9495544433594,0.6807529681394241,467.4198913574219,437.0,1513973.0,551.2343139648438,566.0,940957.0,374.0313415527344,369.0,573016.0,False,vLH92_MN_60x-1xzoom_0004_XY04_Dapi-ex_Green-em.tif,254.61962890625,241.0,824713.0,283.3971862792969,276.0,483759.0,222.55482482910156,222.0,340954.0,321.15429135742187,404.96871396484374,227.76574155273437,290.7344,419.7344,222.7344,107.83402890625001,136.6115862792969,75.76922482910157,94.21440000000001,129.2144,75.21440000000001,1mM 2DG,1h,yes,MN,2.978227695050054,3.0858807146253646,2.964380437958619,3.2483562203593404,3.0060455556522165,2.961326554489565
vLH92_MN_60x-1xzoom_0004_XY04_488.tif,6,4945,0,4945,0.0,2046.0848388671875,,2055.371826171875,2051.0,10163814.0,2055.371826171875,2051.0,10163814.0,,,,True,vLH92_MN_60x-1xzoom_0004_XY04_Dapi-ex_Green-em.tif,536.0794677734375,523.0,2650913.0,536.0794677734375,523.0,2650913.0,,,,1909.106226171875,1909.106226171875,,1904.7344,1904.7344,,389.2938677734375,389.2938677734375,,376.2144,376.2144,,1mM 2DG,1h,yes,MN,4.904023372089033,5.062896050762544,4.904023372089033,5.062896050762544,,
vLH92_MN_60x-1xzoom_0004_XY04_488.tif,7,4029,0,4029,0.0,1148.2657470703125,,1308.8902587890625,1172.0,5273519.0,1308.8902587890625,1172.0,5273519.0,,,,True,vLH92_MN_60x-1xzoom_0004_XY04_Dapi-ex_Green-em.tif,379.95086669921875,345.0,1530822.0,379.95086669921875,345.0,1530822.0,,,,1162.6246587890626,1162.6246587890626,,1025.7344,1025.7344,,233.16526669921876,233.16526669921876,,198.2144,198.2144,,1mM 2DG,1h,yes,MN,4.986268646473999,5.174873268541539,4.986268646473999,5.174873268541539,,
vLH92_MN_60x-1xzoom_0004_XY05_488.tif,1,452,221,233,0.4889380530973451,208.7322998046875,0.6994439924843495,207.5110626220703,207.0,93795.0,218.60943603515625,216.0,50936.0,195.7601776123047,196.0,43263.0,False,vLH92_MN_60x-1xzoom_0004_XY05_Dapi-ex_Green-em.tif,235.05752563476562,232.0,106246.0,251.80258178710938,249.0,58670.0,217.06787109375,216.0,47972.0,62.38946262207031,73.48783603515625,50.63857761230469,61.8784,70.8784,50.8784,87.60632563476562,104.35138178710937,69.61667109375,84.5488,101.5488,68.5488,1mM 2DG,1h,yes,MN,0.7121570522450005,0.7318660939008005,0.7042344315581863,0.697973782063402,0.7273915402262158,0.7422215997945989
vLH92_MN_60x-1xzoom_0004_XY05_488.tif,2,488,251,239,0.514344262295082,208.8916473388672,0.6421773460394696,210.98565673828125,210.0,102961.0,222.7029266357422,222.0,53226.0,199.77688598632812,200.0,50144.0,False,vLH92_MN_60x-1xzoom_0004_XY05_Dapi-ex_Green-em.tif,238.73361206054688,235.0,116502.0,262.4393310546875,262.0,62723.0,215.8565673828125,216.0,54180.0,65.86405673828125,77.58132663574219,54.655285986328124,64.8784,76.8784,54.8784,91.28241206054687,114.9881310546875,68.4053673828125,87.5488,114.5488,68.5488,1mM 2DG,1h,yes,MN,0.7215415900118214,0.7410541320954713,0.6746898651552575,0.6711410333412484,0.7989911914435648,0.8005741894825292
vLH92_MN_60x-1xzoom_0004_XY05_488.tif,3,1244,619,625,0.49758842443729906,231.472412109375,0.6925164513826914,242.7926025390625,231.0,302034.0,266.04638671875,250.0,166279.0,219.31341552734375,219.0,135755.0,False,vLH92_MN_60x-1xzoom_0004_XY05_Dapi-ex_Green-em.tif,258.6061096191406,257.0,321706.0,259.79840087890625,259.0,162374.0,257.4022521972656,255.0,159332.0,97.6710025390625,120.92478671875,74.19181552734375,85.8784,104.8784,73.8784,111.15490961914062,112.34720087890625,109.95105219726562,109.5488,111.5488,107.5488,1mM 2DG,1h,yes,MN,0.8786926540062048,0.7839282584565053,1.076348905649097,0.9402019564531398,0.674771310002878,0.6869290963729954
vLH92_MN_60x-1xzoom_0004_XY05_488.tif,4,985,514,471,0.5218274111675127,300.5426330566406,0.43186218570633356,297.0893249511719,294.0,292633.0,336.3906555175781,328.0,158440.0,261.07586669921875,259.0,134193.0,False,vLH92_MN_60x-1xzoom_0004_XY05_Dapi-ex_Green-em.tif,260.14111328125,252.0,256239.0,290.6390686035156,276.0,136891.0,232.19454956054688,228.0,119348.0,151.96772495117187,191.26905551757812,115.95426669921875,148.8784,182.8784,113.8784,112.68991328125,143.18786860351562,84.74334956054687,104.5488,128.5488,80.5488,1mM 2DG,1h,yes,MN,1.3485477140433397,1.4240086925914024,1.3357909254672848,1.422637939832966,1.3682993096275065,1.413781459189957
vLH92_MN_60x-1xzoom_0004_XY05_488.tif,5,2199,0,2199,0.0,806.951904296875,,782.3919677734375,805.0,1720480.0,782.3919677734375,805.0,1720480.0,,,,True,vLH92_MN_60x-1xzoom_0004_XY05_Dapi-ex_Green-em.tif,342.2896728515625,333.0,752695.0,342.2896728515625,333.0,752695.0,,,,637.2703677734376,637.2703677734376,,659.8784,659.8784,,194.8384728515625,194.8384728515625,,185.5488,185.5488,,1mM 2DG,1h,yes,MN,3.270762485697275,3.5563603752759385,3.270762485697275,3.5563603752759385,,
vLH92_MN_60x-1xzoom_0004_XY05_488.tif,6,2563,1381,1183,0.5388216933281311,506.4958801269531,0.3463740434413686,533.2449951171875,510.0,1366707.0,590.4074096679688,552.0,698452.0,484.0753173828125,489.0,668508.0,False,vLH92_MN_60x-1xzoom_0004_XY05_Dapi-ex_Green-em.tif,252.18533325195312,247.0,646351.0,267.3973083496094,261.0,316331.0,239.11151123046875,239.0,330213.0,388.1233951171875,445.28580966796875,338.9537173828125,364.8784,406.8784,343.8784,104.73413325195312,119.94610834960937,91.66031123046875,99.5488,113.5488,91.5488,1mM 2DG,1h,yes,MN,3.705796601987439,3.6653219325597095,3.712382300641927,3.583291060759779,3.697933302130673,3.7562305568177847
vLH92_MN_60x-1xzoom_0004_XY05_488.tif,7,2543,786,1757,0.30908375933936294,682.048828125,0.6740240375304598,659.8541259765625,677.0,1678009.0,726.6516723632812,741.0,1276727.0,510.5368957519531,503.0,401282.0,False,vLH92_MN_60x-1xzoom_0004_XY05_Dapi-ex_Green-em.tif,313.76837158203125,316.0,797913.0,337.1109924316406,334.0,592304.0,261.58905029296875,255.0,205609.0,514.7325259765626,581.5300723632813,365.4152957519531,531.8784,595.8784,357.8784,166.31717158203125,189.65979243164062,114.13785029296875,168.5488,186.5488,107.5488,1mM 2DG,1h,yes,MN,3.0948850385102014,3.155634451268713,3.0661747801547503,3.194222637722677,3.2015260039855846,3.327590823886459
vLH92_MN_60x-1xzoom_0004_XY05_488.tif,8,1503,683,820,0.45442448436460414,431.07763671875,0.7441260584134832,414.0166320800781,435.0,622267.0,473.20245361328125,476.0,388026.0,342.9590148925781,333.0,234241.0,False,vLH92_MN_60x-1xzoom_0004_XY05_Dapi-ex_Green-em.tif,257.97271728515625,253.0,387733.0,264.2341613769531,259.0,216672.0,250.45533752441406,247.0,171061.0,268.8950320800781,328.08085361328125,197.83741489257812,289.8784,330.8784,187.8784,110.52151728515625,116.78296137695312,103.00413752441406,105.5488,111.5488,99.5488,1mM 2DG,1h,yes,MN,2.4329654413475237,2.7463921901528012,2.809321237832793,2.9662210619925986,1.9206744471374915,1.887299495322897
vLH92_MN_60x-1xzoom_0004_XY05_488.tif,9,2774,1325,1451,0.47764960346070656,374.81568908691406,0.4374530417946344,406.74224853515625,377.0,1128303.0,464.9283142089844,432.0,674611.0,342.8634033203125,347.0,454294.0,False,vLH92_MN_60x-1xzoom_0004_XY05_Dapi-ex_Green-em.tif,249.73899841308594,244.0,692776.0,263.1164855957031,261.0,381782.0,235.05056762695312,231.0,311442.0,261.62064853515625,319.8067142089844,197.7418033203125,231.8784,286.8784,201.8784,102.28779841308594,115.66528559570312,87.59936762695312,96.5488,113.5488,83.5488,1mM 2DG,1h,yes,MN,2.55769165622873,2.4016704505907893,2.764932560032212,2.5264767219028292,2.2573428173866183,2.4162932322187753
vLH92_MN_60x-1xzoom_0004_XY05_488.tif,10,2486,1335,1151,0.5370072405470635,572.552978515625,0.6735168552687275,635.61865234375,567.0,1580148.0,825.7645263671875,853.0,950455.0,471.6801452636719,456.0,629693.0,False,vLH92_MN_60x-1xzoom_0004_XY05_Dapi-ex_Green-em.tif,305.7550354003906,280.0,760107.0,365.83404541015625,350.0,421075.0,253.95655822753906,251.0,339032.0,490.49705234375,680.6429263671876,326.5585452636719,421.8784,707.8784,310.8784,158.30383540039062,218.38284541015625,106.50535822753906,132.5488,202.5488,103.5488,1mM 2DG,1h,yes,MN,3.0984533704010286,3.182815687505281,3.116741725243283,3.4948535859012746,3.066123157541136,3.0022404895083286
vLH92_MN_60x-1xzoom_0004_XY05_488.tif,11,818,483,335,0.5904645476772616,232.56114959716797,0.5296056695992455,235.8691864013672,233.0,192941.0,251.75820922851562,249.0,84339.0,224.84886169433594,224.0,108602.0,False,vLH92_MN_60x-1xzoom_0004_XY05_Dapi-ex_Green-em.tif,298.1369323730469,292.0,243876.0,329.2298583984375,325.0,110292.0,276.5714416503906,272.0,133584.0,90.74758640136719,106.63660922851562,79.72726169433594,87.8784,103.8784,78.8784,150.68573237304687,181.7786583984375,129.12024165039062,144.5488,177.5488,124.5488,1mM 2DG,1h,yes,MN,0.6022307817219674,0.6079497027993315,0.5866288714419967,0.585069569605652,0.6174652453811817,0.6333132073532624
vLH92_MN_60x-1xzoom_0004_XY05_488.tif,12,3116,1512,1604,0.4852374839537869,320.16648864746094,0.7442302706596305,332.2307434082031,316.5,1035231.0,400.96759033203125,396.0,643152.0,259.3114929199219,256.0,392079.0,False,vLH92_MN_60x-1xzoom_0004_XY05_Dapi-ex_Green-em.tif,294.1697692871094,276.0,916633.0,338.255615234375,338.0,542562.0,247.40145874023438,246.0,374071.0,187.10914340820312,255.84599033203125,114.18989291992187,171.3784,250.8784,110.8784,146.71856928710937,190.804415234375,99.95025874023437,128.5488,190.5488,98.5488,1mM 2DG,1h,yes,MN,1.275292857048344,1.3331777503951807,1.340880870171491,1.316609708379166,1.1424672067802804,1.1251116198269284
vLH92_MN_60x-1xzoom_0004_XY05_488.tif,13,1486,739,747,0.49730820995962316,239.36481475830078,0.750268170582304,250.06932067871094,241.0,371603.0,274.3748474121094,267.0,204958.0,225.50067138671875,225.0,166645.0,False,vLH92_MN_60x-1xzoom_0004_XY05_Dapi-ex_Green-em.tif,235.53701782226562,216.0,350008.0,268.4002685546875,240.0,200495.0,202.3179931640625,202.0,149513.0,104.94772067871094,129.25324741210937,80.37907138671875,95.8784,121.8784,79.8784,88.08581782226562,120.9490685546875,54.8667931640625,68.5488,92.5488,54.5488,1mM 2DG,1h,yes,MN,1.1914258534837954,1.3986882337838153,1.0686584771313647,1.3169095655481216,1.4649857728402227,1.464347520018772
vLH92_MN_60x-1xzoom_0004_XY05_488.tif,14,3178,1504,1674,0.473253618628068,431.35227966308594,0.6771940901139826,463.0475158691406,427.0,1471565.0,539.78076171875,533.5,903593.0,377.6409606933594,376.0,567972.0,False,vLH92_MN_60x-1xzoom_0004_XY05_Dapi-ex_Green-em.tif,373.4137878417969,346.0,1186709.0,417.6463623046875,408.0,699140.0,324.1815185546875,323.0,487569.0,317.9259158691406,394.65916171875,232.51936069335937,281.8784,388.3784,230.8784,225.96258784179687,270.1951623046875,176.7303185546875,198.5488,260.5488,175.5488,1mM 2DG,1h,yes,MN,1.4069847531208575,1.41969329454522,1.4606448107820293,1.4906167289966408,1.3156732958720294,1.315180736068831
vLH92_MN_60x-1xzoom_0004_XY05_488.tif,15,669,345,324,0.515695067264574,261.70794677734375,0.4462233470636284,272.2092590332031,263.0,182108.0,298.870361328125,293.0,96834.0,247.1710205078125,247.0,85274.0,False,vLH92_MN_60x-1xzoom_0004_XY05_Dapi-ex_Green-em.tif,231.5157012939453,224.0,154884.0,246.15122985839844,241.0,79753.0,217.77101135253906,216.0,75131.0,127.08765903320312,153.748761328125,102.0494205078125,117.8784,147.8784,101.8784,84.06450129394531,98.70002985839844,70.31981135253906,76.5488,93.5488,68.5488,1mM 2DG,1h,yes,MN,1.51178746173513,1.5399117948289196,1.5577377387697156,1.5807621262913047,1.451218633056355,1.486217118315711
vLH92_MN_60x-1xzoom_0004_XY05_488.tif,16,3518,1604,1914,0.4559408754974417,666.0422973632812,0.645184667054464,740.2802734375,675.5,2604306.0,889.3824462890625,940.0,1702278.0,562.361572265625,551.0,902028.0,False,vLH92_MN_60x-1xzoom_0004_XY05_Dapi-ex_Green-em.tif,311.9877624511719,285.0,1097573.0,357.96343994140625,356.0,685142.0,257.1265563964844,255.0,412431.0,595.1586734375,744.2608462890626,417.239972265625,530.3784,794.8784,405.8784,164.53656245117187,210.51223994140625,109.67535639648437,137.5488,208.5488,107.5488,1mM 2DG,1h,yes,MN,3.6171818869384746,3.8559289503070913,3.535475402742469,3.8114743407777945,3.8043183626162307,3.7738998482549317
vLH92_MN_60x-1xzoom_0004_XY05_488.tif,17,616,335,281,0.5438311688311688,224.30099487304688,0.7550460634168216,227.16883850097656,226.0,139936.0,235.41281127929688,233.0,66151.0,220.2537384033203,219.0,73785.0,False,vLH92_MN_60x-1xzoom_0004_XY05_Dapi-ex_Green-em.tif,276.5470886230469,276.5,170353.0,287.24554443359375,286.0,80716.0,267.5731201171875,265.0,89637.0,82.04723850097656,90.29121127929687,75.13213840332031,80.8784,87.8784,73.8784,129.09588862304687,139.79434443359375,120.1219201171875,129.0488,138.5488,117.5488,1mM 2DG,1h,yes,MN,0.6355526839475898,0.6267272535660928,0.6458860095172716,0.6342775974963334,0.6254656796197027,0.628491315947079
vLH92_MN_60x-1xzoom_0004_XY05_488.tif,18,591,323,268,0.5465313028764806,216.3994903564453,0.30405656609710197,217.30287170410156,216.0,128426.0,229.04104614257812,228.0,61383.0,207.56346130371094,207.0,67043.0,False,vLH92_MN_60x-1xzoom_0004_XY05_Dapi-ex_Green-em.tif,304.2165832519531,301.0,179792.0,338.9328308105469,335.0,90834.0,275.4117736816406,274.0,88958.0,72.18127170410156,83.91944614257812,62.44186130371094,70.8784,82.8784,61.8784,156.76538325195312,191.48163081054687,127.96057368164062,153.5488,187.5488,126.5488,1mM 2DG,1h,yes,MN,0.46044139469293366,0.46160178392797596,0.4382636902941805,0.44190312068112403,0.48797734729654385,0.488968682437131
vLH92_MN_60x-1xzoom_0004_XY05_488.tif,19,862,457,405,0.5301624129930395,242.91156768798828,0.318557120299666,245.9593963623047,243.0,212017.0,266.1432189941406,265.0,107788.0,228.07220458984375,225.0,104229.0,False,vLH92_MN_60x-1xzoom_0004_XY05_Dapi-ex_Green-em.tif,264.9025573730469,261.0,228346.0,289.25433349609375,288.0,117148.0,243.32167053222656,242.0,111198.0,100.83779636230469,121.02161899414062,82.95060458984375,97.8784,119.8784,79.8784,117.45135737304687,141.80313349609375,95.87047053222656,113.5488,140.5488,94.5488,1mM 2DG,1h,yes,MN,0.8585494337202549,0.8619941382031338,0.8534481291802652,0.8529307969900846,0.8652362310244441,0.844837798047146
vLH92_MN_60x-1xzoom_0004_XY05_488.tif,20,1166,703,463,0.6029159519725558,226.6478271484375,0.6038507504112024,232.77615356445312,227.0,271417.0,254.80345153808594,247.0,117974.0,218.2688446044922,216.0,153443.0,False,vLH92_MN_60x-1xzoom_0004_XY05_Dapi-ex_Green-em.tif,295.02056884765625,284.0,343994.0,333.6609191894531,325.0,154485.0,269.57183837890625,266.0,189509.0,87.65455356445312,109.68185153808594,73.14724460449219,81.8784,101.8784,70.8784,147.56936884765625,186.20971918945312,122.12063837890625,136.5488,177.5488,118.5488,1mM 2DG,1h,yes,MN,0.5939888084426491,0.5996273859601842,0.5890232368939542,0.573805060918463,0.5989752884974013,0.5978837407042501
vLH92_MN_60x-1xzoom_0004_XY05_488.tif,21,925,485,440,0.5243243243243243,748.940673828125,0.24257167661790643,746.2313232421875,766.0,690264.0,896.6818237304688,914.0,394540.0,609.740234375,635.0,295724.0,False,vLH92_MN_60x-1xzoom_0004_XY05_Dapi-ex_Green-em.tif,259.1113586425781,264.0,239678.0,281.7909240722656,284.0,123988.0,238.5360870361328,239.0,115690.0,601.1097232421876,751.5602237304688,464.618634375,620.8784,768.8784,489.8784,111.66015864257812,134.33972407226562,91.08488703613281,116.5488,136.5488,91.5488,1mM 2DG,1h,yes,MN,5.383385896542808,5.327196848015595,5.594474969489893,5.630795730171192,5.100940995740475,5.351008423922542
vLH92_MN_60x-1xzoom_0004_XY06_488.tif,1,4551,2437,2114,0.5354867062184135,813.4024658203125,0.14678791710585812,826.6167602539062,812.0,3761933.0,976.6395263671875,969.0,2064616.0,696.47802734375,708.0,1697317.0,False,vLH92_MN_60x-1xzoom_0004_XY06_Dapi-ex_Green-em.tif,326.1382141113281,322.0,1484255.0,361.70294189453125,359.0,764640.0,295.2872314453125,293.0,719615.0,680.5047602539063,830.5275263671875,550.36602734375,665.888,822.888,561.888,179.77021411132813,215.33494189453126,148.9192314453125,175.632,212.632,146.632,1mM 2DG,1h,yes,MN,3.785414417054002,3.7913819805046916,3.856910165438784,3.870010158395726,3.6957350773453364,3.831960281521087
vLH92_MN_60x-1xzoom_0004_XY06_488.tif,2,2951,1463,1489,0.4957641477465266,1674.867431640625,0.19330728061227362,1727.2860107421875,1679.0,5097221.0,2290.026123046875,2340.0,3409849.0,1153.7559814453125,1180.0,1687945.0,False,vLH92_MN_60x-1xzoom_0004_XY06_Dapi-ex_Green-em.tif,522.6106567382812,503.0,1542224.0,632.9496459960938,641.0,942462.0,410.16131591796875,412.0,600066.0,1581.1740107421874,2143.914123046875,1007.6439814453125,1532.888,2193.888,1033.888,376.24265673828126,486.58164599609376,263.79331591796876,356.632,494.632,265.632,1mM 2DG,1h,yes,MN,4.202537863329171,4.2982345947643505,4.40607273350398,4.435394394216306,3.8198237811251343,3.892181664859655
vLH92_MN_60x-1xzoom_0004_XY06_488.tif,3,2883,1450,1433,0.5029483177245925,428.9473876953125,0.7093972542374659,475.5341796875,429.0,1370965.0,563.630126953125,544.0,807682.0,388.4710388183594,388.0,563283.0,False,vLH92_MN_60x-1xzoom_0004_XY06_Dapi-ex_Green-em.tif,270.6167297363281,263.0,780188.0,294.12908935546875,292.0,421487.0,247.3800048828125,247.0,358701.0,329.42217968750003,417.51812695312503,242.35903881835938,282.88800000000003,397.88800000000003,241.888,124.24872973632813,147.76108935546876,101.0120048828125,116.632,145.632,100.632,1mM 2DG,1h,yes,MN,2.651312253948805,2.425474998285205,2.8256297295474178,2.732146780927269,2.3993092613054103,2.4036886874950314
vLH92_MN_60x-1xzoom_0004_XY06_488.tif,4,2744,1309,1435,0.4770408163265306,845.0770263671875,0.7062891601444962,914.1399536132812,854.0,2508400.0,1024.33935546875,1001.0,1469927.0,793.3330688476562,794.0,1038473.0,False,vLH92_MN_60x-1xzoom_0004_XY06_Dapi-ex_Green-em.tif,399.3228759765625,371.0,1095742.0,446.961669921875,426.0,641390.0,347.0985412597656,346.0,454352.0,768.0279536132813,878.22735546875,647.2210688476563,707.888,854.888,647.888,252.9548759765625,300.593669921875,200.73054125976563,224.632,279.632,199.632,1mM 2DG,1h,yes,MN,3.03622513955589,3.1513230528152714,2.921642879894987,3.0571894489901013,3.2243278216944913,3.2454115572653683
vLH92_MN_60x-1xzoom_0004_XY06_488.tif,5,4581,2259,2323,0.4931237721021611,1310.5927734375,0.31328334566300436,1514.92529296875,1314.0,6939873.0,1896.7086181640625,2028.0,4406054.0,1121.8631591796875,1164.0,2534289.0,False,vLH92_MN_60x-1xzoom_0004_XY06_Dapi-ex_Green-em.tif,460.5693054199219,423.0,2109868.0,549.15625,571.0,1275690.0,369.376708984375,371.0,834422.0,1368.81329296875,1750.5966181640624,975.7511591796875,1167.888,1881.888,1017.888,314.2013054199219,402.78825,223.008708984375,276.632,424.632,224.632,1mM 2DG,1h,yes,MN,4.356485060236674,4.221810925706353,4.346195844005038,4.431809190075171,4.3753948606915305,4.531357954343103
vLH92_MN_60x-1xzoom_0004_XY06_488.tif,6,2873,1723,1150,0.5997215454229029,647.4752197265625,0.6390692352860599,668.7626342773438,645.0,1921355.0,765.1304321289062,766.5,879900.0,604.4428100585938,592.0,1041455.0,False,vLH92_MN_60x-1xzoom_0004_XY06_Dapi-ex_Green-em.tif,312.90252685546875,306.0,898969.0,343.40435791015625,339.5,394915.0,292.5444030761719,291.0,504054.0,522.6506342773438,619.0184321289063,458.3308100585938,498.88800000000003,620.388,445.88800000000003,166.53452685546876,197.03635791015626,146.17640307617188,159.632,193.132,144.632,1mM 2DG,1h,yes,MN,3.1383920448576976,3.1252380475092716,3.1416457282019166,3.2122486175258373,3.1354637302147843,3.0829138779799767
vLH92_MN_60x-1xzoom_0004_XY06_488.tif,7,3659,1883,1776,0.514621481279038,1058.7930908203125,0.4177151269388526,1008.0582275390625,1061.0,3688485.0,1320.6903076171875,1317.0,2345546.0,713.191162109375,662.0,1342939.0,False,vLH92_MN_60x-1xzoom_0004_XY06_Dapi-ex_Green-em.tif,374.50396728515625,374.0,1370310.0,453.22296142578125,439.0,804924.0,300.2580871582031,290.0,565386.0,861.9462275390625,1174.5783076171874,567.079162109375,914.888,1170.888,515.888,228.13596728515626,306.85496142578126,153.89008715820313,227.632,292.632,143.632,1mM 2DG,1h,yes,MN,3.778212781598272,4.019153721796584,3.8277963705054243,4.001230214057245,3.68496225183369,3.591734432438454
vLH92_MN_60x-1xzoom_0004_XY06_488.tif,8,2608,1334,1274,0.5115030674846626,542.1330871582031,0.5836165519139962,606.9815673828125,547.0,1583008.0,725.7841186523438,691.5,924649.0,493.5224914550781,503.0,658359.0,False,vLH92_MN_60x-1xzoom_0004_XY06_Dapi-ex_Green-em.tif,311.8443298339844,275.0,813290.0,369.80926513671875,342.0,471137.0,256.48651123046875,257.0,342153.0,460.86956738281253,579.6721186523438,347.41049145507816,400.88800000000003,545.388,356.88800000000003,165.47632983398438,223.44126513671876,110.11851123046876,128.632,195.632,110.632,1mM 2DG,1h,yes,MN,2.785108709174201,3.116549536662728,2.5942930384754814,2.787826122515744,3.154878208696241,3.2259020898112665
vLH92_MN_60x-1xzoom_0004_XY06_488.tif,9,4245,1820,2425,0.4287396937573616,685.7931518554688,0.7034740644858911,762.8136596679688,685.0,3238144.0,873.7966918945312,885.0,2118957.0,614.9379272460938,618.0,1119187.0,False,vLH92_MN_60x-1xzoom_0004_XY06_Dapi-ex_Green-em.tif,353.21435546875,326.0,1499395.0,397.2577209472656,388.0,963350.0,294.53021240234375,293.0,536045.0,616.7016596679688,727.6846918945313,468.8259272460938,538.888,738.888,471.88800000000003,206.84635546875,250.88972094726563,148.16221240234376,179.632,241.632,146.632,1mM 2DG,1h,yes,MN,2.981448033108512,2.9999554645052107,2.9004165222356115,3.057906237584426,3.164274612564286,3.2181788422718096
vLH92_MN_60x-1xzoom_0004_XY06_488.tif,10,2644,1310,1334,0.49546142208774585,487.96192932128906,0.7081471954138885,553.1966552734375,489.0,1462652.0,666.9490356445312,602.0,889710.0,437.36029052734375,437.0,572942.0,False,vLH92_MN_60x-1xzoom_0004_XY06_Dapi-ex_Green-em.tif,299.0030212402344,277.0,790564.0,337.14617919921875,316.0,449753.0,260.16107177734375,260.0,340811.0,407.08465527343753,520.8370356445313,291.2482905273438,342.88800000000003,455.88800000000003,290.88800000000003,152.63502124023438,190.77817919921876,113.79307177734376,130.632,169.632,113.632,1mM 2DG,1h,yes,MN,2.6670462123677456,2.6248392430644865,2.7300660789966495,2.687511790228259,2.559455386679626,2.559912700647705
vLH92_MN_60x-1xzoom_0004_XY06_488.tif,11,4563,2278,2285,0.4992329607714223,876.0191040039062,0.5303013528446485,983.6377563476562,878.0,4488339.0,1231.4840087890625,1219.0,2813941.0,735.0298461914062,739.0,1674398.0,False,vLH92_MN_60x-1xzoom_0004_XY06_Dapi-ex_Green-em.tif,363.7983703613281,339.0,1660012.0,425.0109558105469,426.0,971150.0,302.397705078125,301.0,688862.0,837.5257563476563,1085.3720087890624,588.9178461914063,731.888,1072.888,592.888,217.43037036132813,278.6429558105469,156.029705078125,192.632,279.632,154.632,1mM 2DG,1h,yes,MN,3.8519262739416162,3.799410274513061,3.8952070603465088,3.836785489500486,3.774395688926872,3.834186972942211
vLH92_MN_60x-1xzoom_0004_XY06_488.tif,12,5513,0,5513,0.0,1788.5950927734375,,1697.9310302734375,1784.0,9360694.0,1697.9310302734375,1784.0,9360694.0,,,,True,vLH92_MN_60x-1xzoom_0004_XY06_Dapi-ex_Green-em.tif,479.92291259765625,473.0,2645815.0,479.92291259765625,473.0,2645815.0,,,,1551.8190302734374,1551.8190302734374,,1637.888,1637.888,,333.55491259765626,333.55491259765626,,326.632,326.632,,1mM 2DG,1h,yes,MN,4.652364488318261,5.014475005510788,4.652364488318261,5.014475005510788,,
vLH92_MN_60x-1xzoom_0004_XY06_488.tif,13,1977,1053,924,0.5326251896813353,585.2085571289062,0.3396511998517352,631.8016967773438,586.0,1249072.0,747.91015625,635.5,691069.0,529.9173583984375,544.0,558003.0,False,vLH92_MN_60x-1xzoom_0004_XY06_Dapi-ex_Green-em.tif,304.6257019042969,298.0,602245.0,318.6947937011719,309.5,294474.0,292.2801513671875,289.0,307771.0,485.6896967773438,601.79815625,383.80535839843753,439.88800000000003,489.38800000000003,397.88800000000003,158.25770190429688,172.32679370117188,145.9121513671875,151.632,163.132,142.632,1mM 2DG,1h,yes,MN,3.0689798406844977,2.9010235306531604,3.4921914539509453,2.9999509599588063,2.6303865360232574,2.7896124291884012
vLH92_MN_60x-1xzoom_0004_XY06_488.tif,14,2943,1440,1503,0.4892966360856269,737.7888793945312,0.6811206720996608,771.22119140625,734.0,2269704.0,885.44580078125,867.0,1330825.0,651.9993286132812,659.0,938879.0,False,vLH92_MN_60x-1xzoom_0004_XY06_Dapi-ex_Green-em.tif,323.53619384765625,308.0,952167.0,358.0226135253906,348.0,538108.0,287.5409851074219,282.0,414059.0,625.10919140625,739.33380078125,505.8873286132813,587.888,720.888,512.888,177.16819384765626,211.65461352539063,141.17298510742188,161.632,201.632,135.632,1mM 2DG,1h,yes,MN,3.528337552189363,3.6372005543456742,3.4931145060655986,3.5752658308205048,3.5834570490121718,3.781467500294916
vLH92_MN_60x-1xzoom_0004_XY06_488.tif,15,3354,1376,1978,0.41025641025641024,1109.4194946289062,0.6005658523370855,1172.968994140625,1116.5,3934138.0,1316.7811279296875,1311.0,2604593.0,966.2390747070312,989.0,1329545.0,False,vLH92_MN_60x-1xzoom_0004_XY06_Dapi-ex_Green-em.tif,391.97198486328125,380.0,1314674.0,429.55206298828125,424.0,849654.0,337.9505920410156,339.0,465020.0,1026.856994140625,1170.6691279296874,820.1270747070313,970.388,1164.888,842.888,245.60398486328126,283.18406298828126,191.58259204101563,233.632,277.632,192.632,1mM 2DG,1h,yes,MN,4.180945983886372,4.153489248048213,4.133951309181309,4.195798755186722,4.280801642622371,4.3756385231944845
vLH92_MN_60x-1xzoom_0004_XY06_488.tif,16,3644,1609,2035,0.4415477497255763,546.1676940917969,0.3161457375336508,569.212158203125,547.0,2074209.0,640.4299926757812,611.0,1303275.0,479.1385803222656,489.0,770934.0,False,vLH92_MN_60x-1xzoom_0004_XY06_Dapi-ex_Green-em.tif,290.62841796875,285.0,1059050.0,312.1793518066406,305.0,635285.0,263.3716735839844,263.0,423765.0,423.10015820312503,494.3179926757813,333.02658032226566,400.88800000000003,464.88800000000003,342.88800000000003,144.26041796875,165.81135180664063,117.00367358398438,138.632,158.632,116.632,1mM 2DG,1h,yes,MN,2.932891531582682,2.8917421663108085,2.9812071808703764,2.9306066871753496,2.8462916600923784,2.9399135743192266
vLH92_MN_60x-1xzoom_0004_XY06_488.tif,17,4230,2401,1829,0.567612293144208,1112.6859741210938,0.18818218869661776,1117.1494140625,1125.0,4725542.0,1369.68017578125,1370.0,2505145.0,924.7800903320312,923.0,2220397.0,False,vLH92_MN_60x-1xzoom_0004_XY06_Dapi-ex_Green-em.tif,356.9657287597656,357.0,1509965.0,409.7742004394531,409.0,749477.0,316.738037109375,310.0,760488.0,971.0374140625,1223.56817578125,778.6680903320313,978.888,1223.888,776.888,210.59772875976563,263.40620043945313,170.370037109375,210.632,262.632,163.632,1mM 2DG,1h,yes,MN,4.61086365831698,4.647385012723613,4.6451760578904855,4.660087118096804,4.5704520791536725,4.747775496235455
vLH92_MN_60x-1xzoom_0004_XY06_488.tif,18,4605,2165,2440,0.47014115092290987,564.3599853515625,0.19333637731181963,574.0191040039062,562.0,2643358.0,668.9536743164062,672.0,1632247.0,467.02587890625,467.0,1011111.0,False,vLH92_MN_60x-1xzoom_0004_XY06_Dapi-ex_Green-em.tif,455.966552734375,454.0,2099726.0,508.9520568847656,531.0,1241843.0,396.25079345703125,402.0,857883.0,427.9071040039063,522.8416743164063,320.91387890625003,415.88800000000003,525.888,320.88800000000003,309.598552734375,362.58405688476563,249.88279345703126,307.632,384.632,255.632,1mM 2DG,1h,yes,MN,1.3821353498736668,1.351900972590628,1.4419874905933132,1.3672497348114563,1.2842576092036244,1.255273205232522
vLH92_MN_60x-1xzoom_0004_XY07_488.tif,1,4116,1845,2271,0.44825072886297374,865.8667907714844,0.6031170150531836,1067.64306640625,864.0,4394419.0,1357.0185546875,1495.0,3081789.0,711.4525756835938,748.0,1312630.0,False,vLH92_MN_60x-1xzoom_0004_XY07_Dapi-ex_Green-em.tif,341.7538757324219,299.0,1406659.0,406.1549987792969,408.0,922378.0,262.4829406738281,267.0,484281.0,920.96786640625,1210.3433546874999,564.7773756835937,717.3248,1348.3247999999999,601.3248,195.19547573242187,259.59659877929687,115.92454067382812,152.4416,261.4416,120.4416,1mM 2DG,1h,yes,MN,4.7181824422443706,4.705571182669297,4.662400664642399,5.157269539354104,4.871939732525519,4.9926669854933845
vLH92_MN_60x-1xzoom_0004_XY07_488.tif,2,3977,2101,1876,0.5282876540105608,1423.6810302734375,0.3423470228606438,1440.0311279296875,1412.0,5727004.0,1938.3038330078125,1833.5,3636258.0,995.1194458007812,906.0,2090746.0,False,vLH92_MN_60x-1xzoom_0004_XY07_Dapi-ex_Green-em.tif,429.2758483886719,432.0,1707230.0,518.7078857421875,509.5,973096.0,349.4212341308594,321.0,734134.0,1293.3559279296874,1791.6286330078124,848.4442458007812,1265.3247999999999,1686.8247999999999,759.3248,282.71744838867187,372.1494857421875,202.86283413085937,285.4416,362.9416,174.4416,1mM 2DG,1h,yes,MN,4.574729771017241,4.432867528769457,4.81427141954723,4.647647996261657,4.182354295876006,4.352888301872948
vLH92_MN_60x-1xzoom_0004_XY07_488.tif,3,3070,1267,1803,0.41270358306188926,884.3563232421875,0.6279550282686527,904.3384399414062,878.0,2776319.0,1013.491943359375,1026.0,1827326.0,749.0078735351562,749.0,948993.0,False,vLH92_MN_60x-1xzoom_0004_XY07_Dapi-ex_Green-em.tif,345.4029235839844,341.0,1060387.0,384.9456481933594,381.0,694057.0,289.1318054199219,287.0,366330.0,757.6632399414062,866.816743359375,602.3326735351562,731.3248,879.3248,602.3248,198.84452358398437,238.38724819335937,142.57340541992187,194.4416,234.4416,140.4416,1mM 2DG,1h,yes,MN,3.810329931572886,3.7611539917383934,3.636170768061752,3.750720008735651,4.224719692716212,4.288791924899745
vLH92_MN_60x-1xzoom_0004_XY07_488.tif,4,4354,1693,2661,0.3888378502526412,756.3939208984375,0.6084250253417587,745.9113159179688,749.0,3247698.0,836.2386474609375,841.0,2225231.0,603.93798828125,584.0,1022467.0,False,vLH92_MN_60x-1xzoom_0004_XY07_Dapi-ex_Green-em.tif,324.45269775390625,325.0,1412667.0,353.8564453125,350.0,941612.0,278.2368469238281,274.0,471055.0,599.2361159179687,689.5634474609375,457.26278828125,602.3248,694.3248,437.3248,177.89429775390624,207.2980453125,131.67844692382812,178.4416,203.4416,127.4416,1mM 2DG,1h,yes,MN,3.3684953564219042,3.3754729838781987,3.326434875068053,3.4128949044836454,3.472571244296056,3.4315702251070292
vLH92_MN_60x-1xzoom_0004_XY07_488.tif,5,2785,1287,1498,0.4621184919210054,624.6380615234375,0.8260469320894788,683.0843505859375,622.0,1902390.0,867.8811645507812,772.0,1300086.0,467.99066162109375,454.0,602304.0,False,vLH92_MN_60x-1xzoom_0004_XY07_Dapi-ex_Green-em.tif,302.1791687011719,286.0,841569.0,346.9732971191406,327.0,519766.0,250.0411834716797,241.0,321803.0,536.4091505859375,721.2059645507812,321.31546162109373,475.3248,625.3248,307.3248,155.62076870117187,200.41489711914062,103.48278347167968,139.4416,180.4416,94.4416,1mM 2DG,1h,yes,MN,3.4468995048852897,3.408773278562495,3.598564652217674,3.4655245796978082,3.1050137118608596,3.2541253007149393
vLH92_MN_60x-1xzoom_0004_XY07_488.tif,6,4678,1661,3017,0.3550662676357418,1974.8607177734375,0.6340024522232967,2237.650390625,1983.0,10467728.0,2495.912109375,2563.0,7530167.0,1768.5496826171875,1806.0,2937561.0,False,vLH92_MN_60x-1xzoom_0004_XY07_Dapi-ex_Green-em.tif,539.0498046875,497.0,2521675.0,595.2588500976562,596.0,1795896.0,436.9530334472656,442.0,725779.0,2090.975190625,2349.236909375,1621.8744826171874,1836.3247999999999,2416.3248,1659.3247999999999,392.4914046875,448.70045009765624,290.3946334472656,350.4416,449.4416,295.4416,1mM 2DG,1h,yes,MN,5.327441991474503,5.240030863915699,5.2356464292908695,5.3762820353078125,5.585070437989732,5.6164223318584785
vLH92_MN_60x-1xzoom_0004_XY07_488.tif,7,3045,1620,1425,0.5320197044334976,1015.825439453125,0.2420513391720978,1100.0413818359375,1028.0,3349626.0,1342.358642578125,1367.0,1912861.0,886.8919677734375,904.0,1436765.0,False,vLH92_MN_60x-1xzoom_0004_XY07_Dapi-ex_Green-em.tif,610.1277465820312,558.0,1857839.0,754.47998046875,754.0,1075134.0,483.1512451171875,501.0,782705.0,953.3661818359375,1195.6834425781249,740.2167677734375,881.3248,1220.3247999999999,757.3248,463.56934658203124,607.92158046875,336.5928451171875,411.4416,607.4416,354.4416,1mM 2DG,1h,yes,MN,2.056577271265355,2.142041057588732,1.9668382913075226,2.0089582274246607,2.1991458776128323,2.136670187698058
vLH92_MN_60x-1xzoom_0004_XY07_488.tif,8,3628,1697,1931,0.4677508269018743,952.2660217285156,0.5019997405752454,1003.7679443359375,962.5,3641670.0,1124.70166015625,1141.0,2171799.0,866.1585083007812,889.0,1469871.0,False,vLH92_MN_60x-1xzoom_0004_XY07_Dapi-ex_Green-em.tif,343.6711730957031,323.0,1246839.0,386.62921142578125,378.0,746581.0,294.7896423339844,297.0,500258.0,857.0927443359375,978.02646015625,719.4833083007812,815.8248,994.3248,742.3248,197.11277309570312,240.07081142578124,148.23124233398437,176.4416,231.4416,150.4416,1mM 2DG,1h,yes,MN,4.348235433326271,4.623766730748304,4.073908253767911,4.296223323723998,4.853789909415259,4.9343054048880095
vLH92_MN_60x-1xzoom_0004_XY08_488.tif,1,8703,3968,4740,0.4559347351487993,785.7606811523438,0.1783022410610883,761.4802856445312,781.0,6627163.0,894.1299438476562,905.0,4238176.0,602.89013671875,635.0,2392268.0,False,vLH92_MN_60x-1xzoom_0004_XY08_Dapi-ex_Green-em.tif,311.8646545410156,310.0,2714158.0,332.4339599609375,330.0,1575737.0,287.23590087890625,279.0,1139752.0,615.7586856445313,748.4083438476563,457.16853671875003,635.2784,759.2784,489.27840000000003,165.38145454101561,185.9507599609375,140.75270087890624,163.5168,183.5168,132.5168,1mM 2DG,1h,yes,MN,3.7232632120297344,3.885095598739702,4.024766255351007,4.137378158293955,3.248026743814073,3.692199026840371
vLH92_MN_60x-1xzoom_0004_XY08_488.tif,2,3019,1348,1672,0.44650546538588937,544.320068359375,0.7208343573300309,633.9771728515625,546.0,1913977.0,764.9066772460938,759.0,1278924.0,471.327880859375,474.5,635350.0,False,vLH92_MN_60x-1xzoom_0004_XY08_Dapi-ex_Green-em.tif,289.46636962890625,270.0,873899.0,329.34808349609375,331.0,550670.0,239.93545532226562,237.0,323433.0,488.25557285156253,619.1850772460938,325.60628085937503,400.27840000000003,613.2784,328.77840000000003,142.98316962890624,182.86488349609374,93.45225532226561,123.51679999999999,184.5168,90.51679999999999,1mM 2DG,1h,yes,MN,3.4147765371180734,3.240679810357782,3.386025055266122,3.323699522211528,3.484199281617521,3.6322362257614063
vLH92_MN_60x-1xzoom_0004_XY08_488.tif,3,6875,3083,3795,0.44843636363636363,775.8980102539062,0.19435188021538197,844.6802978515625,765.0,5807177.0,1076.9017333984375,1040.0,4086842.0,558.4180908203125,526.0,1721603.0,False,vLH92_MN_60x-1xzoom_0004_XY08_Dapi-ex_Green-em.tif,329.2862548828125,321.0,2263843.0,375.07562255859375,366.0,1423412.0,272.8563232421875,262.0,841216.0,698.9586978515625,931.1801333984375,412.69649082031253,619.2784,894.2784,380.27840000000003,182.8030548828125,228.59242255859374,126.37312324218749,174.5168,219.5168,115.51679999999999,1mM 2DG,1h,yes,MN,3.823561363893159,3.5485317172902557,4.073538934387703,4.073849473024389,3.265698276914477,3.2919748469486696
vLH92_MN_60x-1xzoom_0004_XY08_488.tif,4,9777,6007,3772,0.6144011455456684,624.6746215820312,0.16314192730037488,709.7366333007812,626.0,6939095.0,1011.5010375976562,1028.0,3815382.0,520.1145629882812,507.0,3124328.0,False,vLH92_MN_60x-1xzoom_0004_XY08_Dapi-ex_Green-em.tif,299.7294616699219,294.0,2930455.0,345.6378479003906,343.0,1303746.0,270.87615966796875,262.0,1627153.0,564.0150333007813,865.7794375976563,374.3929629882813,480.27840000000003,882.2784,361.27840000000003,153.24626166992186,199.15464790039061,124.39295966796874,147.5168,196.5168,115.51679999999999,1mM 2DG,1h,yes,MN,3.680448887657808,3.255753920909348,4.3472720658303965,4.489582570039814,3.0097600699236975,3.1274966065541987
vLH92_MN_60x-1xzoom_0004_XY08_488.tif,5,4307,2217,2090,0.5147434409101462,697.792724609375,0.3107365397086464,725.8063354492188,698.0,3126048.0,909.9866333007812,935.0,1901872.0,552.1768188476562,533.0,1224176.0,False,vLH92_MN_60x-1xzoom_0004_XY08_Dapi-ex_Green-em.tif,549.97216796875,497.0,2368730.0,695.894287109375,728.0,1454419.0,412.40911865234375,419.0,914311.0,580.0847354492188,764.2650333007813,406.4552188476563,552.2784,789.2784,387.27840000000003,403.48896796875,549.411087109375,265.92591865234374,350.5168,581.5168,272.5168,1mM 2DG,1h,yes,MN,1.437671860942047,1.575611782373912,1.3910622687318173,1.3572753186150426,1.5284528146315535,1.4211175237636726
vLH92_MN_60x-1xzoom_0004_XY08_488.tif,6,3537,1743,1794,0.49279050042408823,851.1581420898438,0.5801268242637668,968.6514282226562,862.0,3426120.0,1236.7943115234375,1267.0,2218809.0,692.6626586914062,705.0,1207311.0,False,vLH92_MN_60x-1xzoom_0004_XY08_Dapi-ex_Green-em.tif,365.3980712890625,329.0,1292413.0,447.3461608886719,438.0,802539.0,281.0522155761719,282.0,489874.0,822.9298282226563,1091.0727115234374,546.9410586914063,716.2784,1121.2784,559.2784,218.9148712890625,300.86296088867186,134.56901557617186,182.5168,291.5168,135.5168,1mM 2DG,1h,yes,MN,3.7591316815385847,3.9244518860729536,3.6264773447043432,3.8463594550982996,4.06439072434036,4.127004179555598
vLH92_MN_60x-1xzoom_0004_XY08_488.tif,7,3959,2061,1898,0.520586006567315,568.7088623046875,0.6084893034632083,615.4266357421875,572.0,2436474.0,793.0142211914062,788.0,1505141.0,451.884033203125,435.0,931333.0,False,vLH92_MN_60x-1xzoom_0004_XY08_Dapi-ex_Green-em.tif,449.5872802734375,412.0,1779916.0,535.6975708007812,547.0,1016754.0,370.2872314453125,360.0,763162.0,469.70503574218753,647.2926211914063,306.16243320312503,426.27840000000003,642.2784,289.27840000000003,303.1040802734375,389.21437080078124,223.8040314453125,265.5168,400.5168,213.5168,1mM 2DG,1h,yes,MN,1.5496493327257599,1.605466772723986,1.6630748239322386,1.6036241176400092,1.3679933789661747,1.354827348480307
vLH92_MN_60x-1xzoom_0004_XY09_488.tif,1,3105,1561,1544,0.5027375201288244,1434.9376220703125,0.1946736251485044,1380.4412841796875,1440.0,4286270.0,1722.5460205078125,1688.5,2659611.0,1042.0621337890625,1020.0,1626659.0,False,vLH92_MN_60x-1xzoom_0004_XY09_Dapi-ex_Green-em.tif,432.2892150878906,427.0,1342258.0,514.2169799804688,503.0,793951.0,351.2536926269531,338.0,548307.0,1231.9020841796876,1574.0068205078126,893.5229337890626,1291.4608,1539.9608,871.4608000000001,281.5212150878906,363.4489799804687,200.48569262695312,276.23199999999997,352.23199999999997,187.232,1mM 2DG,1h,yes,MN,4.3758765526608325,4.675275855078341,4.330750413971165,4.372007086238616,4.456791515051673,4.654443684840198
vLH92_MN_60x-1xzoom_0004_XY09_488.tif,2,3035,1544,1493,0.5087314662273477,1247.5850830078125,0.675490222005405,1315.064208984375,1252.0,3991220.0,1620.770263671875,1585.0,2419810.0,1018.7506713867188,1008.0,1572951.0,False,vLH92_MN_60x-1xzoom_0004_XY09_Dapi-ex_Green-em.tif,414.670166015625,393.0,1258524.0,493.0395202636719,480.0,736108.0,338.79534912109375,338.0,523100.0,1166.525008984375,1472.231063671875,870.2114713867188,1103.4608,1436.4608,859.4608000000001,263.90216601562497,342.27152026367185,188.02734912109375,242.232,329.23199999999997,187.232,1mM 2DG,1h,yes,MN,4.4202934238717395,4.555388222860729,4.301354265577601,4.363065558633426,4.628111152204159,4.5903520765681085
vLH92_MN_60x-1xzoom_0004_XY09_488.tif,3,3886,1876,2010,0.4827586206896552,1088.6177978515625,0.7528791556525419,1109.599609375,1101.0,4311904.0,1440.0836181640625,1485.0,2894568.0,755.5095825195312,705.0,1417336.0,False,vLH92_MN_60x-1xzoom_0004_XY09_Dapi-ex_Green-em.tif,396.24627685546875,377.5,1539813.0,479.00347900390625,477.0,962797.0,307.57781982421875,302.0,577016.0,961.0604093750001,1291.5444181640626,606.9703825195313,952.4608000000001,1336.4608,556.4608000000001,245.47827685546875,328.2354790039062,156.80981982421875,226.732,326.23199999999997,151.232,1mM 2DG,1h,yes,MN,3.9150527765063607,4.200822115978336,3.934810527135893,4.0966575933691365,3.87074217163144,3.679517562420652
vLH92_MN_60x-1xzoom_0004_XY09_488.tif,4,2802,1533,1269,0.5471092077087795,3685.2738037109375,0.1876186719958267,3384.42578125,3711.0,9483161.0,3940.4287109375,3913.0,5000404.0,2924.1728515625,3205.0,4482757.0,False,vLH92_MN_60x-1xzoom_0004_XY09_Dapi-ex_Green-em.tif,886.5185546875,947.5,2484025.0,1010.5925903320312,1002.0,1282442.0,783.8114624023438,845.0,1201583.0,3235.88658125,3791.8895109375,2775.6336515625,3562.4608,3764.4608,3056.4608,735.7505546875,859.8245903320312,633.0434624023437,796.732,851.232,694.232,1mM 2DG,1h,yes,MN,4.3980756258136955,4.47134142974049,4.4100733493481705,4.422367580166159,4.384586235247129,4.402650410813676
vLH92_MN_60x-1xzoom_0004_XY09_488.tif,5,3387,1603,1784,0.47328018895777973,1343.486328125,0.40220433272035805,1373.9063720703125,1349.0,4653421.0,1531.945068359375,1513.5,2732990.0,1198.0230712890625,1272.0,1920431.0,False,vLH92_MN_60x-1xzoom_0004_XY09_Dapi-ex_Green-em.tif,424.4210205078125,410.0,1437514.0,463.79541015625,456.0,827411.0,380.6007385253906,386.0,610103.0,1225.3671720703126,1383.405868359375,1049.4838712890626,1200.4608,1364.9608,1123.4608,273.65302050781247,313.02741015624997,229.83273852539062,259.23199999999997,305.23199999999997,235.232,1mM 2DG,1h,yes,MN,4.477813436140493,4.630835699296384,4.419440034560672,4.471879750484877,4.566294071169158,4.775969255883553
vLH92_MN_60x-1xzoom_0004_XY09_488.tif,6,3693,1852,1841,0.5014893040888166,1053.7398681640625,0.3642660382661015,1247.639892578125,1052.0,4607534.0,1573.6077880859375,1596.0,2897012.0,923.6079711914062,924.0,1710522.0,False,vLH92_MN_60x-1xzoom_0004_XY09_Dapi-ex_Green-em.tif,411.3972473144531,370.0,1519290.0,489.2411804199219,497.0,900693.0,334.0156555175781,333.0,618597.0,1099.100692578125,1425.0685880859376,775.0687711914063,903.4608000000001,1447.4608,775.4608000000001,260.6292473144531,338.47318041992185,183.24765551757812,219.232,346.23199999999997,182.232,1mM 2DG,1h,yes,MN,4.217104196491208,4.121026127572617,4.210285099451445,4.180609533491994,4.2296244882492235,4.2553492251635285
vLH92_MN_60x-1xzoom_0004_XY09_488.tif,7,4123,1945,2178,0.4717438758185787,397.98333740234375,0.6006468262846555,425.5949401855469,401.0,1754728.0,480.78466796875,486.0,1047149.0,363.7938232421875,366.0,707579.0,False,vLH92_MN_60x-1xzoom_0004_XY09_Dapi-ex_Green-em.tif,247.7465362548828,237.0,1021459.0,269.2823791503906,262.0,586497.0,223.63084411621094,223.0,434962.0,277.0557401855469,332.24546796875,215.2546232421875,252.4608,337.4608,217.4608,96.97853625488281,118.51437915039062,72.86284411621094,86.232,111.232,72.232,1mM 2DG,1h,yes,MN,2.8568769016824307,2.927692735875313,2.8034190479717407,3.0338463751438436,2.9542440437662854,3.010588104995016
vLH92_MN_60x-1xzoom_0004_XY09_488.tif,8,4124,1916,2208,0.46459747817652763,912.19287109375,0.37787936518889703,1082.4027099609375,928.0,4463829.0,1305.14453125,1392.5,2881759.0,825.7150268554688,851.0,1582070.0,False,vLH92_MN_60x-1xzoom_0004_XY09_Dapi-ex_Green-em.tif,365.1605224609375,328.0,1505922.0,422.95880126953125,430.0,933893.0,298.55377197265625,301.0,572029.0,933.8635099609376,1156.60533125,677.1758268554688,779.4608000000001,1243.9608,702.4608000000001,214.3925224609375,272.1908012695312,147.78577197265625,177.232,279.23199999999997,150.232,1mM 2DG,1h,yes,MN,4.355858587050713,4.397968764105805,4.249244742494791,4.45493639697456,4.58214493734053,4.675840034080623
vLH92_MN_60x-1xzoom_0004_XY09_488.tif,9,3086,1467,1619,0.47537265068049256,382.3697509765625,0.6641053010648363,385.6377258300781,377.0,1190078.0,437.0228576660156,429.0,707540.0,328.9284362792969,327.0,482538.0,False,vLH92_MN_60x-1xzoom_0004_XY09_Dapi-ex_Green-em.tif,241.65846252441406,236.0,745758.0,262.07781982421875,257.0,424304.0,219.12338256835938,217.0,321454.0,237.09852583007813,288.48365766601563,180.38923627929688,228.4608,280.4608,178.4608,90.89046252441406,111.30981982421875,68.35538256835937,85.232,106.232,66.232,1mM 2DG,1h,yes,MN,2.608618321932196,2.6804580439271635,2.591717946553063,2.6400783191505384,2.638990954353845,2.694480009663003
vLH92_MN_60x-1xzoom_0004_XY09_488.tif,10,1735,1004,731,0.5786743515850145,277.967529296875,0.22428082824883652,277.5780944824219,277.0,481598.0,285.6114807128906,285.0,208782.0,271.7290954589844,271.0,272816.0,False,vLH92_MN_60x-1xzoom_0004_XY09_Dapi-ex_Green-em.tif,227.78271484375,228.0,395203.0,231.85089111328125,232.0,169483.0,224.8207244873047,225.0,225720.0,129.03889448242188,137.07228071289063,123.18989545898438,128.4608,136.4608,122.4608,77.01471484375,81.08289111328125,74.05272448730469,77.232,81.232,74.232,1mM 2DG,1h,yes,MN,1.6755096054594276,1.663310544851875,1.690520390070778,1.6798896986409297,1.6635430541127973,1.6497036318568812
vLH92_MN_60x-1xzoom_0004_XY10_488.tif,1,3445,1815,1630,0.5268505079825835,298.42022705078125,0.4997963155661824,356.2655944824219,301.0,1227335.0,442.91717529296875,357.0,721955.0,278.4462890625,279.0,505380.0,False,vLH92_MN_60x-1xzoom_0004_XY10_Dapi-ex_Green-em.tif,280.8557434082031,260.0,967548.0,317.9208679199219,294.0,518211.0,247.56858825683594,247.0,449337.0,211.1263944824219,297.7779752929688,133.3070890625,155.8608,211.8608,133.8608,134.56774340820314,171.6328679199219,101.28058825683596,113.71200000000002,147.71200000000002,100.71200000000002,1mM 2DG,1h,yes,MN,1.568922753218672,1.3706627268889826,1.7349705735378258,1.4342829289428076,1.316215588365744,1.3291444912224957
vLH92_MN_60x-1xzoom_0004_XY10_488.tif,2,4286,1656,2630,0.38637424171721885,622.0065002441406,0.632546875743724,711.0606689453125,616.0,3047606.0,817.4125366210938,806.5,2149795.0,542.1563720703125,546.0,897811.0,False,vLH92_MN_60x-1xzoom_0004_XY10_Dapi-ex_Green-em.tif,360.8285217285156,352.0,1546511.0,415.2384033203125,420.0,1092077.0,274.4166564941406,271.0,454434.0,565.9214689453125,672.2733366210938,397.01717207031254,470.86080000000004,661.3608,400.86080000000004,214.54052172851564,268.9504033203125,128.12865649414064,205.71200000000002,273.712,124.71200000000002,1mM 2DG,1h,yes,MN,2.637830207486128,2.2889320992455473,2.49961825050857,2.4162652715262762,3.0985821824212154,3.2142921290653663
vLH92_MN_60x-1xzoom_0004_XY10_488.tif,3,3656,1773,1883,0.4849562363238512,790.7055053710938,0.2511481098501375,857.3826293945312,786.0,3134591.0,1026.4923095703125,1041.0,1932885.0,677.7811889648438,680.0,1201706.0,False,vLH92_MN_60x-1xzoom_0004_XY10_Dapi-ex_Green-em.tif,374.8121032714844,352.5,1370313.0,436.1455078125,425.0,821262.0,309.6734313964844,298.0,549051.0,712.2434293945313,881.3531095703125,532.6419889648438,640.8608,895.8608,534.8608,228.5241032714844,289.8575078125,163.3854313964844,206.21200000000002,278.712,151.71200000000002,1mM 2DG,1h,yes,MN,3.1167103128215454,3.107776463057436,3.0406426806803055,3.214288584632165,3.26003355631073,3.525500949166842
vLH92_MN_60x-1xzoom_0004_XY10_488.tif,4,3143,1562,1581,0.4969774101177219,403.00067138671875,0.6814615449617218,457.0903625488281,408.0,1436635.0,533.609130859375,509.0,843636.0,379.6408386230469,380.0,592999.0,False,vLH92_MN_60x-1xzoom_0004_XY10_Dapi-ex_Green-em.tif,403.7257385253906,375.0,1268910.0,448.658447265625,433.0,709329.0,358.2464904785156,359.0,559581.0,311.95116254882817,388.46993085937504,234.5016386230469,262.86080000000004,363.86080000000004,234.8608,257.4377385253906,302.370447265625,211.95849047851564,228.71200000000002,286.712,212.71200000000002,1mM 2DG,1h,yes,MN,1.2117538179743643,1.1493091748574626,1.2847483422151826,1.2690811685593908,1.1063564290047454,1.1041257662943322
vLH92_MN_60x-1xzoom_0004_XY10_488.tif,5,3163,1544,1619,0.48814416693012963,453.8253479003906,0.6940737252711052,496.7069091796875,454.0,1571084.0,614.9308471679688,617.0,995573.0,372.74029541015625,366.0,575511.0,False,vLH92_MN_60x-1xzoom_0004_XY10_Dapi-ex_Green-em.tif,287.2674560546875,272.0,908627.0,337.8733825683594,333.0,547017.0,234.203369140625,232.0,361610.0,351.56770917968754,469.7916471679688,227.60109541015626,308.86080000000004,471.86080000000004,220.8608,140.97945605468752,191.5853825683594,87.91536914062502,125.71200000000002,186.71200000000002,85.71200000000002,1mM 2DG,1h,yes,MN,2.4937513522772456,2.4568919434898815,2.452126779559202,2.527211962809032,2.588865833527889,2.576778047414597
vLH92_MN_60x-1xzoom_0004_XY10_488.tif,6,2944,1341,1603,0.4555027173913043,566.2738647460938,0.6983653631647029,588.1898803710938,568.0,1731631.0,681.293212890625,685.0,1092113.0,476.8963317871094,470.0,639518.0,False,vLH92_MN_60x-1xzoom_0004_XY10_Dapi-ex_Green-em.tif,308.123291015625,298.0,907115.0,343.1815490722656,336.0,550120.0,266.21551513671875,266.0,356995.0,443.0506803710938,536.154012890625,331.7571317871094,422.86080000000004,539.8608,324.86080000000004,161.83529101562502,196.89354907226564,119.92751513671877,151.71200000000002,189.71200000000002,119.71200000000002,1mM 2DG,1h,yes,MN,2.7376641867830775,2.787260071714828,2.7230654097958333,2.8456860926035255,2.7663137304971457,2.713686180165731
vLH92_MN_60x-1xzoom_0004_XY10_488.tif,7,3194,1624,1570,0.5084533500313086,1429.3624877929688,0.09381923922974936,1354.5888671875,1431.0,4326557.0,1541.556640625,1528.0,2420244.0,1173.8380126953125,1270.0,1906313.0,False,vLH92_MN_60x-1xzoom_0004_XY10_Dapi-ex_Green-em.tif,530.747314453125,523.0,1695207.0,594.7815551757812,570.0,933807.0,468.8423767089844,480.0,761400.0,1209.4496671875,1396.417440625,1028.6988126953124,1285.8608,1382.8608,1124.8608,384.459314453125,448.49355517578124,322.55437670898436,376.712,423.712,333.712,1mM 2DG,1h,yes,MN,3.145845663559704,3.413378920767058,3.113573036913969,3.2636809908617175,3.189226025053838,3.370753224337153
vLH92_MN_60x-1xzoom_0004_XY10_488.tif,8,2784,1366,1418,0.4906609195402299,352.9014129638672,0.6968183143507227,384.7992248535156,350.5,1071281.0,458.6953430175781,450.0,650430.0,308.0900573730469,307.0,420851.0,False,vLH92_MN_60x-1xzoom_0004_XY10_Dapi-ex_Green-em.tif,250.63900756835938,240.0,697779.0,272.7270812988281,267.0,386727.0,227.71009826660156,227.0,311052.0,239.66002485351564,313.55614301757817,162.9508573730469,205.3608,304.86080000000004,161.8608,104.35100756835939,126.43908129882814,81.42209826660158,93.71200000000002,120.71200000000002,80.71200000000002,1mM 2DG,1h,yes,MN,2.296671881165273,2.191403448864606,2.479898934701325,2.5255219033733183,2.001309974099347,2.005411834671424
vLH92_MN_60x-1xzoom_0004_XY10_488.tif,9,3763,1842,1922,0.4895030560722827,1197.7186279296875,0.6510891143981311,1323.9345703125,1198.0,4981966.0,1647.23779296875,1714.0,3165991.0,986.2540893554688,1009.0,1816680.0,False,vLH92_MN_60x-1xzoom_0004_XY10_Dapi-ex_Green-em.tif,450.9609375,413.0,1696966.0,532.0525512695312,537.0,1022605.0,366.3164978027344,362.5,674755.0,1178.7953703125,1502.09859296875,841.1148893554688,1052.8608,1568.8608,863.8608,304.6729375,385.76455126953124,220.0284978027344,266.712,390.712,216.21200000000002,1mM 2DG,1h,yes,MN,3.8690517772439175,3.9475569153243946,3.893822249933077,4.015389340486087,3.8227543148050156,3.9954341109651637
vLH92_MN_60x-1xzoom_0004_XY10_488.tif,10,2254,1033,1221,0.4582963620230701,738.7744750976562,0.5469721576754917,767.9352416992188,736.0,1730926.0,908.8148803710938,907.0,1109663.0,601.416259765625,605.0,621263.0,False,vLH92_MN_60x-1xzoom_0004_XY10_Dapi-ex_Green-em.tif,327.5426025390625,318.5,738281.0,364.450439453125,363.0,444994.0,283.917724609375,283.0,293287.0,622.7960416992188,763.6756803710938,456.27705976562504,590.8608,761.8608,459.86080000000004,181.25460253906252,218.16243945312502,137.62972460937502,172.21200000000002,216.71200000000002,136.71200000000002,1mM 2DG,1h,yes,MN,3.436028839957313,3.4310082921050795,3.5004911124271656,3.515545055188453,3.3152508374237093,3.3637193516297033
vLH92_MN_60x-1xzoom_0004_XY10_488.tif,11,4231,1825,2406,0.4313401087213425,764.24169921875,0.4420797844902281,823.36376953125,770.0,3483652.0,913.6267700195312,915.5,2198186.0,704.3649291992188,718.0,1285466.0,False,vLH92_MN_60x-1xzoom_0004_XY10_Dapi-ex_Green-em.tif,580.7799682617188,602.0,2457280.0,603.6803588867188,620.0,1452455.0,550.5890502929688,597.0,1004825.0,678.22456953125,768.4875700195313,559.2257291992188,624.8608,770.3608,572.8608,434.49196826171874,457.39235888671874,404.30105029296874,455.712,473.712,450.712,1mM 2DG,1h,yes,MN,1.5609599695125262,1.3711747770521734,1.6801495588820292,1.6262218394298646,1.3831913837324612,1.271012975026181
vLH92_MN_60x-1xzoom_0004_XY10_488.tif,12,3961,1946,2015,0.49129007826306487,721.4963989257812,0.3231769062607542,762.3292236328125,719.0,3019586.0,973.5548095703125,1002.0,1961713.0,543.6140747070312,522.0,1057873.0,False,vLH92_MN_60x-1xzoom_0004_XY10_Dapi-ex_Green-em.tif,344.6336669921875,311.0,1365094.0,423.0848693847656,401.0,852516.0,263.40081787109375,257.0,512578.0,617.1900236328125,828.4156095703125,398.4748747070313,573.8608,856.8608,376.86080000000004,198.34566699218752,276.7968693847656,117.11281787109377,164.71200000000002,254.71200000000002,110.71200000000002,1mM 2DG,1h,yes,MN,3.111688967004873,3.4840254504832675,2.992864808809528,3.364037815258017,3.4024872934543606,3.403974275597948
vLH92_MN_60x-1xzoom_0004_XY10_488.tif,13,1116,558,558,0.5,713.1412963867188,0.14460299069726468,714.0501708984375,728.0,796880.0,885.3656005859375,902.0,494034.0,542.7347412109375,541.0,302846.0,False,vLH92_MN_60x-1xzoom_0004_XY10_Dapi-ex_Green-em.tif,555.562744140625,567.5,620008.0,675.915771484375,686.0,377161.0,435.2096862792969,425.0,242847.0,568.9109708984375,740.2264005859375,397.59554121093754,582.8608,756.8608,395.86080000000004,409.274744140625,529.627771484375,288.92168627929686,421.212,539.712,278.712,1mM 2DG,1h,yes,MN,1.3900466106038594,1.3837706428116958,1.3976351702844487,1.4023419898019687,1.3761360261015059,1.420322052871782
vLH92_MN_60x-1xzoom_0004_XY11_488.tif,1,2330,1193,1137,0.5120171673819742,412.11285400390625,0.671312487933357,433.4669494628906,412.0,1009978.0,483.9885559082031,461.0,550295.0,385.31683349609375,385.0,459683.0,False,vLH92_MN_60x-1xzoom_0004_XY11_Dapi-ex_Green-em.tif,387.81243896484375,373.5,903603.0,418.5963134765625,403.0,475944.0,358.4736022949219,357.0,427659.0,288.0653494628906,338.5869559082031,239.91523349609375,266.59839999999997,315.59839999999997,239.5984,241.31323896484375,272.0971134765625,211.97440229492187,227.0008,256.5008,210.5008,1mM 2DG,1h,yes,MN,1.1937403463589416,1.1744381517598175,1.2443607048310998,1.2303992814057498,1.131812289119219,1.1382303535188465
vLH92_MN_60x-1xzoom_0004_XY11_488.tif,2,2943,1582,1362,0.5375467210329595,867.0278930664062,0.20688944837386153,905.8732299804688,868.0,2665985.0,1054.0087890625,1005.0,1435560.0,778.0770874023438,784.0,1230918.0,False,vLH92_MN_60x-1xzoom_0004_XY11_Dapi-ex_Green-em.tif,364.8226318359375,355.0,1073673.0,399.4889831542969,393.0,544104.0,334.9349060058594,330.0,529867.0,760.4716299804687,908.6071890625,632.6754874023437,722.5984,859.5984,638.5984,218.3234318359375,252.98978315429687,188.43570600585937,208.5008,246.5008,183.5008,1mM 2DG,1h,yes,MN,3.4832341338053756,3.4656864625939083,3.5914777969841816,3.48720328696702,3.357513821625031,3.4800851004464284
vLH92_MN_60x-1xzoom_0004_XY11_488.tif,3,4419,2166,2253,0.49015614392396467,1535.0980224609375,0.49590761264223093,1909.83349609375,1542.0,8439554.0,2526.3896484375,2719.0,5691956.0,1268.512451171875,1304.0,2747598.0,False,vLH92_MN_60x-1xzoom_0004_XY11_Dapi-ex_Green-em.tif,554.3363037109375,482.0,2449612.0,692.3670654296875,732.0,1559903.0,410.7613220214844,418.0,889709.0,1764.43189609375,2380.9880484375,1123.110851171875,1396.5984,2573.5984,1158.5984,407.8371037109375,545.8678654296875,264.2621220214844,335.5008,585.5008,271.5008,1mM 2DG,1h,yes,MN,4.3263152862725445,4.16272748082866,4.361839557203595,4.3955506123988215,4.249988014099753,4.267384847484795
vLH92_MN_60x-1xzoom_0004_XY11_488.tif,4,3983,1977,2006,0.49635952799397437,843.8278198242188,0.7766493434949224,943.743408203125,856.0,3758930.0,1142.5667724609375,1157.0,2291989.0,742.0035400390625,764.0,1466941.0,False,vLH92_MN_60x-1xzoom_0004_XY11_Dapi-ex_Green-em.tif,609.8717041015625,589.0,2429119.0,689.8828735351562,697.0,1383905.0,528.6868896484375,544.0,1045214.0,798.341808203125,997.1651724609375,596.6019400390625,710.5984,1011.5984,618.5984,463.3725041015625,543.3836735351563,382.1876896484375,442.5008,550.5008,397.5008,1mM 2DG,1h,yes,MN,1.722894218229538,1.605869187129153,1.8351032999824242,1.8375966029477158,1.5610182017842016,1.556219257923506
vLH92_MN_60x-1xzoom_0004_XY11_488.tif,5,3699,1529,2171,0.4133549608002163,1951.0802001953125,0.5119830156333918,1916.606689453125,1951.0,7089528.0,1994.5218505859375,2029.0,4330107.0,1805.2471923828125,1853.0,2760223.0,False,vLH92_MN_60x-1xzoom_0004_XY11_Dapi-ex_Green-em.tif,602.5604248046875,580.0,2228871.0,629.9967651367188,607.0,1367723.0,563.5389404296875,554.0,861651.0,1771.205089453125,1849.1202505859376,1659.8455923828126,1805.5984,1883.5984,1707.5984,456.0612248046875,483.4975651367188,417.0397404296875,433.5008,460.5008,407.5008,1mM 2DG,1h,yes,MN,3.8837002426848724,4.165155865917664,3.824466520453027,4.090326010291404,3.9800657622523645,4.190417294886292
vLH92_MN_60x-1xzoom_0004_XY11_488.tif,6,4820,2423,2397,0.5026970954356846,429.7884063720703,0.33342678778752016,452.22760009765625,430.0,2179737.0,523.7451171875,512.0,1255417.0,381.4775085449219,377.0,924320.0,False,vLH92_MN_60x-1xzoom_0004_XY11_Dapi-ex_Green-em.tif,260.3804931640625,246.0,1255034.0,291.2528076171875,280.0,698133.0,229.83946228027344,228.0,556901.0,306.8260000976562,378.34351718749997,236.07590854492187,284.59839999999997,366.59839999999997,231.5984,113.8812931640625,144.7536076171875,83.34026228027344,99.5008,133.5008,81.5008,1mM 2DG,1h,yes,MN,2.6942616436189297,2.8602624300508133,2.613706997811479,2.74603897504734,2.8326753730507614,2.8416702658133417
vLH92_MN_60x-1xzoom_0004_XY11_488.tif,7,2033,1046,987,0.514510575504181,658.8141479492188,0.4415051506872765,690.1952514648438,658.0,1403167.0,792.4488525390625,795.0,782147.0,593.7093505859375,595.0,621020.0,False,vLH92_MN_60x-1xzoom_0004_XY11_Dapi-ex_Green-em.tif,405.7840576171875,386.0,824959.0,466.9635314941406,448.0,460893.0,348.0554504394531,343.0,364066.0,544.7936514648437,647.0472525390625,448.30775058593747,512.5984,649.5984,449.59839999999997,259.2848576171875,320.46433149414065,201.55625043945312,239.5008,301.5008,196.5008,1mM 2DG,1h,yes,MN,2.101139482156672,2.140278445834001,2.0190928878800762,2.1545495069996496,2.224231447094754,2.2880232548671557
vLH92_MN_60x-1xzoom_0004_XY11_488.tif,8,4069,1864,2205,0.45809781273040057,955.7085571289062,0.8098800296716273,989.6453857421875,947.0,4026867.0,1157.812744140625,1139.0,2552977.0,790.7135009765625,786.0,1473890.0,False,vLH92_MN_60x-1xzoom_0004_XY11_Dapi-ex_Green-em.tif,422.6807556152344,410.0,1719888.0,498.0648498535156,500.0,1098233.0,333.5058898925781,329.0,621655.0,844.2437857421875,1012.411144140625,645.3119009765625,801.5984,993.5984,640.5984,276.1815556152344,351.56564985351565,187.00668989257812,263.5008,353.5008,182.5008,1mM 2DG,1h,yes,MN,3.0568434733503915,3.0421099290780136,2.8797214533401063,2.8107387592899364,3.4507423309147267,3.5101128323821045
vLH92_MN_60x-1xzoom_0004_XY11_488.tif,9,1575,852,723,0.540952380952381,1877.69091796875,0.22699429288139586,1731.377197265625,1879.0,2726919.0,2044.2171630859375,2039.0,1477969.0,1465.90380859375,1537.0,1248950.0,False,vLH92_MN_60x-1xzoom_0004_XY11_Dapi-ex_Green-em.tif,662.9447631835938,708.0,1044138.0,739.8602905273438,743.0,534919.0,597.6748657226562,620.5,509219.0,1585.975597265625,1898.8155630859376,1320.50220859375,1733.5984,1893.5984,1391.5984,516.4455631835938,593.3610905273438,451.1756657226563,561.5008,596.5008,474.0008,1mM 2DG,1h,yes,MN,3.0709443750256766,3.0874370971510636,3.200101242564429,3.1745110819633435,2.926802815215394,2.9358566483432096
vLH92_MN_60x-1xzoom_0004_XY11_488.tif,10,1943,995,948,0.5120946989191971,1065.0162353515625,0.5606498754475655,1071.584716796875,1063.0,2082089.0,1239.5411376953125,1146.0,1175085.0,911.5618286132812,966.0,907004.0,False,vLH92_MN_60x-1xzoom_0004_XY11_Dapi-ex_Green-em.tif,458.3896179199219,435.0,890651.0,501.39874267578125,463.0,475326.0,417.41204833984375,412.0,415325.0,926.183116796875,1094.1395376953126,766.1602286132812,917.5984,1000.5984,820.5984,311.8904179199219,354.8995426757813,270.9128483398438,288.5008,316.5008,265.5008,1mM 2DG,1h,yes,MN,2.969578619868576,3.1805748892204107,3.0829556145550305,3.161440350229762,2.828069001925592,3.090756788680109
vLH92_MN_60x-1xzoom_0004_XY11_488.tif,11,4151,1897,2254,0.45699831365935917,695.9711303710938,0.7028389492333914,746.9976196289062,696.0,3100787.0,884.2271728515625,913.0,1993048.0,583.9425659179688,589.0,1107739.0,False,vLH92_MN_60x-1xzoom_0004_XY11_Dapi-ex_Green-em.tif,311.0118103027344,300.0,1291010.0,349.5687561035156,348.0,787928.0,265.19873046875,265.0,503082.0,601.5960196289062,738.8255728515625,438.5409659179687,550.5984,767.5984,443.59839999999997,164.51261030273437,203.06955610351562,118.69953046875,153.5008,201.5008,118.5008,1mM 2DG,1h,yes,MN,3.6568383330727996,3.586941566428318,3.6382882152701552,3.8094062157569595,3.6945467617786685,3.743421141460648
vLH92_MN_60x-1xzoom_0004_XY11_488.tif,12,4671,1788,2883,0.3827874116891458,953.8819580078125,0.5951042810003528,1106.74462890625,964.0,5169604.0,1258.53515625,1294.0,3628357.0,861.9949951171875,879.0,1541247.0,False,vLH92_MN_60x-1xzoom_0004_XY11_Dapi-ex_Green-em.tif,374.5540466308594,345.0,1749542.0,413.05169677734375,407.0,1190828.0,312.4798583984375,314.0,558714.0,961.34302890625,1113.13355625,716.5933951171875,818.5984,1148.5984,733.5984,228.05484663085937,266.5524967773438,165.9806583984375,198.5008,260.5008,167.5008,1mM 2DG,1h,yes,MN,4.215402755558738,4.12390479030815,4.176038752995892,4.409193369079865,4.317330718118981,4.379671022466758
vLH92_MN_60x-1xzoom_0004_XY11_488.tif,13,3187,1518,1669,0.4763100094132413,1198.8507080078125,0.676482718900897,1394.8515625,1206.0,4445392.0,1714.375732421875,1798.0,2861293.0,1043.54345703125,1046.5,1584099.0,False,vLH92_MN_60x-1xzoom_0004_XY11_Dapi-ex_Green-em.tif,402.88671875,351.0,1284000.0,483.85980224609375,477.0,807562.0,313.8590393066406,312.0,476438.0,1249.4499625,1568.974132421875,898.14185703125,1060.5984,1652.5984,901.0984,256.38751875,337.3606022460938,167.35983930664062,204.5008,330.5008,165.5008,1mM 2DG,1h,yes,MN,4.873287001612281,5.186279955873034,4.6507331382973955,5.000285627145229,5.366531545155546,5.444677004582455
vLH92_MN_60x-1xzoom_0004_XY11_488.tif,14,3993,1833,2160,0.459053343350864,1162.9046630859375,0.756368344461267,1217.583740234375,1172.0,4861812.0,1347.6231689453125,1381.0,2910866.0,1064.3458251953125,1079.0,1950946.0,False,vLH92_MN_60x-1xzoom_0004_XY11_Dapi-ex_Green-em.tif,383.0403137207031,366.0,1529480.0,424.2083435058594,422.0,916290.0,334.5281066894531,336.0,613190.0,1072.182140234375,1202.2215689453126,918.9442251953125,1026.5984,1235.5984,933.5984,236.54111372070312,277.7091435058594,188.02890668945312,219.5008,275.5008,189.5008,1mM 2DG,1h,yes,MN,4.532751720702382,4.676968831093099,4.329067288776348,4.484917648152019,4.8872497392809535,4.926619834850301
vLH92_MN_60x-1xzoom_0004_XY11_488.tif,15,3192,1758,1434,0.5507518796992481,1225.2696533203125,0.2469299110036482,1322.9752197265625,1229.0,4222937.0,1650.4783935546875,1662.0,2366786.0,1055.8310546875,1119.0,1856151.0,False,vLH92_MN_60x-1xzoom_0004_XY11_Dapi-ex_Green-em.tif,393.6782531738281,367.0,1256621.0,468.4972229003906,478.5,671825.0,332.6484680175781,339.0,584796.0,1177.5736197265626,1505.0767935546876,910.4294546875,1083.5984,1516.5984,973.5984,247.17905317382812,321.99802290039065,186.14926801757812,220.5008,332.0008,192.5008,1mM 2DG,1h,yes,MN,4.764051017294077,4.914260628532867,4.674180232529811,4.568056462514548,4.890857022341489,5.05763300723945
vLH92_MN_60x-1xzoom_0004_XY12_488.tif,1,2256,1186,1070,0.525709219858156,2428.1771240234375,0.10265982542394507,2255.849853515625,2428.0,5089197.0,2611.786865234375,2624.5,2794612.0,1934.7259521484375,2065.5,2294585.0,False,vLH92_MN_60x-1xzoom_0004_XY12_Dapi-ex_Green-em.tif,620.7096557617188,650.0,1400321.0,671.0392456054688,671.5,718012.0,575.3026733398438,587.0,682309.0,2112.016253515625,2467.953265234375,1790.8923521484376,2284.1664,2480.6664,1921.6664,475.18165576171873,525.5112456054687,429.77467333984373,504.472,525.972,441.472,1mM 2DG,1h,yes,MN,4.444650225670121,4.5278358362803095,4.696290109626328,4.716346877780566,4.167049533726925,4.35286133661931
vLH92_MN_60x-1xzoom_0004_XY12_488.tif,2,2944,1438,1506,0.48845108695652173,1295.316162109375,0.24677247873344949,1257.1029052734375,1295.0,3700911.0,1454.47802734375,1384.0,2190444.0,1050.394287109375,1157.0,1510467.0,False,vLH92_MN_60x-1xzoom_0004_XY12_Dapi-ex_Green-em.tif,434.7911071777344,430.0,1280025.0,480.3280334472656,455.0,723374.0,387.100830078125,399.0,556651.0,1113.2693052734376,1310.64442734375,906.560687109375,1151.1664,1240.1664,1013.1664,289.26310717773435,334.8000334472656,241.572830078125,284.472,309.472,253.472,1mM 2DG,1h,yes,MN,3.848639102771589,4.0466773531314155,3.914708173260054,4.007362216937236,3.752742751807775,3.997153137230147
vLH92_MN_60x-1xzoom_0004_XY12_488.tif,3,2765,1548,1217,0.5598553345388788,1155.2156982421875,0.5083277328887637,1232.6148681640625,1156.0,3408180.0,1459.2613525390625,1371.0,1775921.0,1054.430908203125,1086.0,1632259.0,False,vLH92_MN_60x-1xzoom_0004_XY12_Dapi-ex_Green-em.tif,427.3822937011719,410.0,1181712.0,457.8594970703125,438.0,557215.0,403.4218444824219,388.5,624497.0,1088.7812681640626,1315.4277525390626,910.597308203125,1012.1664,1227.1664,942.1664,281.85429370117185,312.3314970703125,257.89384448242185,264.472,292.472,242.972,1mM 2DG,1h,yes,MN,3.8629224123809607,3.8271212075380383,4.211639763769748,4.195842337044231,3.5308997391180137,3.877674793803401
vLH92_MN_60x-1xzoom_0004_XY12_488.tif,4,3479,1636,1843,0.47025007185972983,890.67822265625,0.35524970439101977,901.8094482421875,884.0,3137395.0,1150.85888671875,1145.0,2121033.0,621.2481689453125,601.0,1016362.0,False,vLH92_MN_60x-1xzoom_0004_XY12_Dapi-ex_Green-em.tif,367.346923828125,358.0,1278000.0,440.43353271484375,433.0,811719.0,285.0128479003906,281.0,466281.0,757.9758482421875,1007.02528671875,477.41456894531245,740.1664,1001.1664,457.16639999999995,221.818923828125,294.90553271484373,139.48484790039063,212.472,287.472,135.472,1mM 2DG,1h,yes,MN,3.417092803270023,3.4835950148725474,3.414738534907326,3.4826570935604164,3.4226984230304733,3.374619109483878
vLH92_MN_60x-1xzoom_0004_XY12_488.tif,5,4224,2153,2071,0.5097064393939394,485.30584716796875,0.6815713617679445,542.085693359375,490.0,2289770.0,627.239990234375,630.0,1299014.0,460.1746520996094,460.0,990756.0,False,vLH92_MN_60x-1xzoom_0004_XY12_Dapi-ex_Green-em.tif,391.06488037109375,355.0,1651858.0,447.4751281738281,449.0,926721.0,336.8030700683594,336.0,725137.0,398.25209335937495,483.40639023437495,316.3410520996093,346.16639999999995,486.16639999999995,316.16639999999995,245.53688037109376,301.9471281738281,191.27507006835938,209.472,303.472,190.472,1mM 2DG,1h,yes,MN,1.6219644590966296,1.6525664527956,1.6009636957238502,1.6020140243580956,1.6538540646543896,1.6599101180225961
vLH92_MN_60x-1xzoom_0004_XY12_488.tif,6,2554,1330,1224,0.5207517619420516,782.774658203125,0.3864371453369464,767.0645751953125,778.5,1959083.0,980.1879272460938,926.0,1199750.0,570.9270629882812,542.0,759333.0,False,vLH92_MN_60x-1xzoom_0004_XY12_Dapi-ex_Green-em.tif,340.3335876464844,341.0,869212.0,402.28839111328125,393.0,492401.0,283.3165283203125,272.0,376811.0,623.2309751953125,836.3543272460937,427.0934629882812,634.6664,782.1664,398.16639999999995,194.80558764648438,256.76039111328123,137.7885283203125,195.472,247.472,126.47200000000001,1mM 2DG,1h,yes,MN,3.199245887783752,3.2468404682000487,3.2573339042667953,3.160625848580849,3.099630050445353,3.148257321778733
vLH92_MN_60x-1xzoom_0004_XY12_488.tif,7,3772,1769,2003,0.46898197242841994,1228.3516235351562,0.6884981055369291,1404.5694580078125,1218.5,5298036.0,1691.254150390625,1820.0,3387582.0,1079.962646484375,1077.0,1910454.0,False,vLH92_MN_60x-1xzoom_0004_XY12_Dapi-ex_Green-em.tif,474.6065673828125,449.0,1790216.0,557.7024536132812,568.0,1117078.0,380.5189514160156,375.0,673138.0,1260.7358580078126,1547.420550390625,936.129046484375,1074.6664,1676.1664,933.1664,329.0785673828125,412.17445361328123,234.99095141601563,303.472,422.472,229.472,1mM 2DG,1h,yes,MN,3.831108990277134,3.5412374123477623,3.7542854410925663,3.967520687761556,3.9836812474838714,4.066580672151722
vLH92_MN_60x-1xzoom_0004_XY12_488.tif,8,3316,1726,1590,0.5205066344993968,925.4693908691406,0.34739101785909365,1039.5277099609375,935.0,3447074.0,1254.5245361328125,1325.5,1994694.0,841.4716186523438,864.0,1452380.0,False,vLH92_MN_60x-1xzoom_0004_XY12_Dapi-ex_Green-em.tif,476.3287048339844,450.0,1579506.0,547.18994140625,557.0,870032.0,411.0509948730469,412.0,709474.0,895.6941099609375,1110.6909361328126,697.6380186523437,791.1664,1181.6664,720.1664,330.80070483398435,401.66194140625,265.52299487304685,304.472,411.472,266.472,1mM 2DG,1h,yes,MN,2.707654780876149,2.598486560340524,2.7652381807551802,2.8718026986040366,2.627410929083192,2.702596895733886
vLH92_MN_60x-1xzoom_0004_XY12_488.tif,9,3674,1999,1675,0.5440936309199782,1367.800048828125,0.24839846560136808,1492.1051025390625,1369.5,5481994.0,1888.1552734375,1948.0,3162660.0,1160.2470703125,1197.0,2319334.0,False,vLH92_MN_60x-1xzoom_0004_XY12_Dapi-ex_Green-em.tif,528.0087280273438,495.5,1939904.0,630.6578979492188,639.0,1056352.0,441.99700927734375,443.0,883552.0,1348.2715025390626,1744.3216734375,1016.4134703125,1225.6664,1804.1664,1053.1664,382.48072802734373,485.12989794921873,296.46900927734373,349.972,493.472,297.472,1mM 2DG,1h,yes,MN,3.5250704250977947,3.502184174733979,3.595576526640063,3.656066402957007,3.4283970280403087,3.5403883390705686
vLH92_MN_60x-1xzoom_0004_XY12_488.tif,10,2574,1315,1260,0.5108780108780109,1747.7139282226562,0.214382122058293,1570.839111328125,1740.0,4043340.0,1951.6785888671875,1950.0,2459115.0,1205.9027099609375,1164.0,1585762.0,False,vLH92_MN_60x-1xzoom_0004_XY12_Dapi-ex_Green-em.tif,523.9976806640625,570.0,1348770.0,625.7603149414062,625.0,788458.0,426.4532470703125,401.0,560786.0,1427.005511328125,1807.8449888671876,1062.0691099609376,1596.1664,1806.1664,1020.1664,378.4696806640625,480.23231494140623,280.9252470703125,424.472,479.472,255.472,1mM 2DG,1h,yes,MN,3.7704619002090283,3.7603573380576343,3.7645217379587734,3.766990356058331,3.780611109314477,3.993261101020855
vLH92_MN_60x-1xzoom_0004_XY12_488.tif,11,1932,1133,799,0.5864389233954451,977.9061889648438,0.22333873061194973,947.366455078125,976.0,1830312.0,1047.1951904296875,1020.0,836709.0,876.9664306640625,922.0,993603.0,False,vLH92_MN_60x-1xzoom_0004_XY12_Dapi-ex_Green-em.tif,351.04400634765625,358.0,678217.0,375.2740783691406,374.0,299844.0,333.9567565917969,343.0,378373.0,803.532855078125,903.3615904296875,733.1328306640625,832.1664,876.1664,778.1664,205.51600634765626,229.74607836914063,188.42875659179688,212.472,228.472,197.472,1mM 2DG,1h,yes,MN,3.9098310119886612,3.916593245227606,3.932000044754742,3.8348961798382293,3.8907693492468702,3.9406417112299463
vLH92_MN_60x-1xzoom_0004_XY13_488.tif,1,2433,1213,1220,0.49856144677353065,415.64715576171875,0.39537351867229925,406.5820007324219,413.0,989214.0,475.3918151855469,474.0,579978.0,337.3750915527344,323.0,409236.0,False,vLH92_MN_60x-1xzoom_0004_XY13_Dapi-ex_Green-em.tif,365.7562561035156,363.0,889885.0,414.5721435546875,412.0,505778.0,316.65869140625,308.0,384107.0,263.5548007324219,332.3646151855469,194.34789155273438,269.9728,330.9728,179.9728,219.78345610351562,268.5993435546875,170.68589140625,217.0272,266.0272,162.0272,1mM 2DG,1h,yes,MN,1.19915668542536,1.2439583609796376,1.2373992087507713,1.2441314271623354,1.1386289162597885,1.1107567124532178
vLH92_MN_60x-1xzoom_0004_XY13_488.tif,2,2815,1338,1477,0.4753108348134991,434.43707275390625,0.6741714513256218,464.34423828125,435.0,1307129.0,527.2647094726562,522.0,778770.0,394.88714599609375,398.0,528359.0,False,vLH92_MN_60x-1xzoom_0004_XY13_Dapi-ex_Green-em.tif,461.61883544921875,436.0,1299457.0,514.4712524414062,513.0,759874.0,403.2757873535156,405.0,539583.0,321.31703828125,384.23750947265626,251.85994599609376,291.9728,378.9728,254.9728,315.64603544921874,368.49845244140624,257.3029873535156,290.0272,367.0272,259.0272,1mM 2DG,1h,yes,MN,1.0179663363234088,1.0067083363215588,1.042711324639152,1.032546906605287,0.9788457902747024,0.9843475897511922
vLH92_MN_60x-1xzoom_0004_XY13_488.tif,3,5461,2798,2664,0.5123603735579564,419.2661437988281,0.2898778572792865,439.8194580078125,420.0,2401854.0,510.9493103027344,503.0,1361169.0,372.0482482910156,372.0,1040991.0,False,vLH92_MN_60x-1xzoom_0004_XY13_Dapi-ex_Green-em.tif,341.1322021484375,323.0,1862923.0,392.57244873046875,372.0,1045813.0,292.1318664550781,288.0,817385.0,296.7922580078125,367.9221103027344,229.02104829101563,276.9728,359.9728,228.9728,195.1594021484375,246.59964873046874,146.15906645507812,177.0272,226.0272,142.0272,1mM 2DG,1h,yes,MN,1.520768432063926,1.5645776468248949,1.4919814857679299,1.592608323246052,1.5669301525089112,1.6121756959230347
vLH92_MN_60x-1xzoom_0004_XY13_488.tif,4,1732,889,844,0.5132794457274826,499.1227264404297,0.6399445376835341,559.4133911132812,502.0,968904.0,679.5296020507812,672.0,573523.0,445.08099365234375,454.0,395677.0,False,vLH92_MN_60x-1xzoom_0004_XY13_Dapi-ex_Green-em.tif,475.9353332519531,436.0,824320.0,562.0023803710938,562.5,474330.0,393.9797668457031,399.0,350248.0,416.38619111328126,536.5024020507813,302.05379365234376,358.9728,528.9728,310.9728,329.9625332519531,416.02958037109374,248.00696684570312,290.0272,416.5272,253.0272,1mM 2DG,1h,yes,MN,1.2619196095071092,1.2377211516712916,1.2895775381457903,1.2699598009445723,1.21792463128774,1.2290093713245058
vLH92_MN_60x-1xzoom_0004_XY13_488.tif,5,3104,1638,1466,0.5277061855670103,294.1821746826172,0.6889232702312662,305.8431091308594,295.0,949337.0,347.0259094238281,339.0,508740.0,268.9847412109375,267.0,440597.0,False,vLH92_MN_60x-1xzoom_0004_XY13_Dapi-ex_Green-em.tif,290.5689392089844,284.0,901926.0,325.54296875,322.0,477246.0,259.26739501953125,257.0,424680.0,162.81590913085938,203.99870942382813,125.9575412109375,151.9728,195.9728,123.9728,144.59613920898437,179.57016875,113.29459501953124,138.0272,176.0272,111.0272,1mM 2DG,1h,yes,MN,1.1260045394126466,1.1010351582876419,1.1360389693002844,1.1133097612187208,1.1117700821404874,1.116598455153332
vLH92_MN_60x-1xzoom_0004_XY13_488.tif,6,3600,1802,1799,0.5005555555555555,743.654541015625,0.5051601691187593,805.6950073242188,747.0,2900502.0,966.9688720703125,994.0,1739577.0,644.5149536132812,674.0,1161416.0,False,vLH92_MN_60x-1xzoom_0004_XY13_Dapi-ex_Green-em.tif,556.9430541992188,520.0,2004995.0,665.3629760742188,684.0,1196988.0,448.5815734863281,463.0,808344.0,662.6678073242188,823.9416720703125,501.48775361328126,603.9728,850.9728,530.9728,410.97025419921874,519.3901760742187,302.6087734863281,374.0272,538.0272,317.0272,1mM 2DG,1h,yes,MN,1.612447131034912,1.614783095988741,1.5863636049068717,1.5816538643399443,1.657214851491867,1.6748493504658275
vLH92_MN_60x-1xzoom_0004_XY13_488.tif,7,3163,1548,1615,0.4894087891242491,414.7965393066406,0.7257083409388762,450.36199951171875,418.0,1424495.0,526.0966186523438,541.0,849646.0,371.3494873046875,371.0,574849.0,False,vLH92_MN_60x-1xzoom_0004_XY13_Dapi-ex_Green-em.tif,397.4087829589844,366.0,1257004.0,460.4433288574219,476.0,743616.0,331.64599609375,333.0,513388.0,307.33479951171876,383.06941865234376,228.3222873046875,274.9728,397.9728,227.9728,251.43598295898437,314.47052885742187,185.67319609375,220.0272,330.0272,187.0272,1mM 2DG,1h,yes,MN,1.2223182851352383,1.249721852570955,1.2181409178283413,1.2058787881726112,1.2296997741634348,1.218928583649865
vLH92_MN_60x-1xzoom_0004_XY13_488.tif,8,5122,2267,2855,0.44260054666146037,633.6432800292969,0.5189012434545357,645.407470703125,635.0,3305777.0,750.67041015625,760.0,2143164.0,512.8421020507812,501.0,1162613.0,False,vLH92_MN_60x-1xzoom_0004_XY13_Dapi-ex_Green-em.tif,499.843017578125,483.0,2560196.0,562.3555297851562,582.0,1605525.0,421.116455078125,414.0,954671.0,502.380270703125,607.64321015625,369.81490205078126,491.9728,616.9728,357.9728,353.870217578125,416.38272978515624,275.143655078125,337.0272,436.0272,268.0272,1mM 2DG,1h,yes,MN,1.419673783630048,1.4597421217041235,1.4593381682035171,1.4149869549422605,1.3440793390121064,1.3355838511912224
vLH92_MN_60x-1xzoom_0004_XY13_488.tif,9,3566,1739,1827,0.48766124509254066,375.14617919921875,0.5210450164557935,416.5171203613281,381.5,1485300.0,506.1007080078125,523.0,924646.0,322.4002380371094,317.0,560654.0,False,vLH92_MN_60x-1xzoom_0004_XY13_Dapi-ex_Green-em.tif,341.0440368652344,313.0,1216163.0,406.6535339355469,411.0,742956.0,272.11444091796875,270.0,473207.0,273.48992036132813,363.0735080078125,179.37303803710938,238.4728,379.9728,173.9728,195.07123686523437,260.68073393554687,126.14164091796874,167.0272,265.0272,124.0272,1mM 2DG,1h,yes,MN,1.4020002372275395,1.4277482948884972,1.3927899562289179,1.4337124642300867,1.4219970243906814,1.4026987628520198
vLH92_MN_60x-1xzoom_0004_XY13_488.tif,10,2366,1171,1195,0.49492814877430263,592.8351745605469,0.37364663860989905,603.2979736328125,594.0,1427403.0,697.2586059570312,694.0,833224.0,507.41162109375,524.0,594179.0,False,vLH92_MN_60x-1xzoom_0004_XY13_Dapi-ex_Green-em.tif,445.83050537109375,432.5,1054835.0,508.6175842285156,500.0,607798.0,381.7566223144531,387.0,447037.0,460.2707736328125,554.2314059570313,364.38442109375,450.9728,550.9728,380.9728,299.85770537109374,362.6447842285156,235.78382231445312,286.5272,354.0272,241.0272,1mM 2DG,1h,yes,MN,1.534963969203983,1.573926663855997,1.5283038114999883,1.5563007588117523,1.5454173976694154,1.5806216061921643
vLH92_MN_60x-1xzoom_0004_XY13_488.tif,11,2642,1517,1125,0.5741862225586677,329.79541015625,0.26301449787542547,345.3868408203125,330.0,912512.0,389.7093200683594,358.0,438423.0,312.5174560546875,314.0,474089.0,False,vLH92_MN_60x-1xzoom_0004_XY13_Dapi-ex_Green-em.tif,352.95343017578125,356.0,932503.0,373.08355712890625,377.0,419719.0,338.0250549316406,340.0,512784.0,202.3596408203125,246.68212006835938,169.4902560546875,186.9728,214.9728,170.9728,206.98063017578124,227.11075712890624,192.05225493164062,210.0272,231.0272,194.0272,1mM 2DG,1h,yes,MN,0.9776742908186902,0.8902313605094959,1.0861754114462512,0.9305086154357582,0.8825215622436515,0.8811795459605665
vLH92_MN_60x-1xzoom_0004_XY13_488.tif,12,3534,1803,1731,0.5101867572156197,294.6958465576172,0.37682159134737164,329.5998840332031,302.0,1164806.0,385.3038635253906,374.0,666961.0,276.120361328125,278.0,497845.0,False,vLH92_MN_60x-1xzoom_0004_XY13_Dapi-ex_Green-em.tif,252.24900817871094,231.0,891448.0,290.76776123046875,272.0,503319.0,215.26844787597656,216.0,388129.0,186.57268403320313,242.27666352539063,133.093161328125,158.9728,230.9728,134.9728,106.27620817871093,144.79496123046874,69.29564787597656,85.0272,126.0272,70.0272,1mM 2DG,1h,yes,MN,1.7555451707447824,1.8696699409130257,1.6732396035505765,1.8327218251298134,1.9206568580804886,1.9274339113944299
vLH92_MN_60x-1xzoom_0004_XY13_488.tif,13,1126,615,511,0.5461811722912966,308.1212463378906,0.36450336649945314,313.3516845703125,306.0,352834.0,349.47161865234375,338.0,178580.0,283.33984375,282.0,174254.0,False,vLH92_MN_60x-1xzoom_0004_XY13_Dapi-ex_Green-em.tif,310.7193603515625,310.0,349870.0,334.5048828125,336.0,170932.0,290.9560852050781,290.0,178938.0,170.3244845703125,206.44441865234376,140.31264375,162.9728,194.9728,138.9728,164.7465603515625,188.5320828125,144.98328520507812,164.0272,190.0272,144.0272,1mM 2DG,1h,yes,MN,1.033857606537259,0.9935717978481619,1.0950094836519577,1.0260257478929333,0.9677849660499035,0.9649066287479032
vLH92_MN_60x-1xzoom_0004_XY14_488.tif,1,4820,2009,2811,0.41680497925311205,329.0034484863281,0.6802109865862487,352.30828857421875,338.0,1698126.0,390.4603271484375,404.0,1097584.0,298.92584228515625,300.0,600542.0,False,vLH92_MN_60x-1xzoom_0004_XY14_Dapi-ex_Green-em.tif,229.2599639892578,219.0,1105033.0,249.18356323242188,247.0,700455.0,201.38278198242188,201.0,404578.0,211.68428857421875,249.8363271484375,158.30184228515625,197.376,263.376,159.376,85.3623639892578,105.28596323242186,57.485181982421864,75.10239999999999,103.10239999999999,57.10239999999999,1mM 2DG,1h,yes,MN,2.4798316105779077,2.6280917786914935,2.372931010726629,2.5545089154083707,2.7537851812587575,2.7910560676959295
vLH92_MN_60x-1xzoom_0004_XY14_488.tif,2,3072,1508,1564,0.4908854166666667,551.4127502441406,0.7726294654523205,635.400390625,554.0,1951950.0,771.7653198242188,815.0,1207041.0,493.97149658203125,496.0,744909.0,False,vLH92_MN_60x-1xzoom_0004_XY14_Dapi-ex_Green-em.tif,358.7721252441406,322.0,1102148.0,420.2679138183594,417.0,657299.0,294.9927062988281,295.0,444849.0,494.776390625,631.1413198242187,353.3474965820312,413.376,674.376,355.376,214.8745252441406,276.37031381835936,151.0951062988281,178.1024,273.1024,151.1024,1mM 2DG,1h,yes,MN,2.302629360380597,2.3210018506207666,2.283679860923948,2.469315538786917,2.3385767099776134,2.351888520632366
vLH92_MN_60x-1xzoom_0004_XY14_488.tif,3,2438,1243,1195,0.5098441345365053,695.1244201660156,0.6771220282635135,681.0291137695312,691.5,1660349.0,798.0067138671875,792.0,953618.0,568.5687866210938,551.0,706731.0,False,vLH92_MN_60x-1xzoom_0004_XY14_Dapi-ex_Green-em.tif,414.27850341796875,400.0,1010011.0,466.9665222167969,473.0,558025.0,363.6250915527344,354.0,451986.0,540.4051137695312,657.3827138671875,427.9447866210937,550.876,651.376,410.376,270.38090341796874,323.06892221679686,219.72749155273436,256.1024,329.1024,210.1024,1mM 2DG,1h,yes,MN,1.9986807756690759,2.150998975409836,2.0348064102125174,1.9792502272848815,1.9476160383799195,1.9532190017819882
vLH92_MN_60x-1xzoom_0004_XY14_488.tif,4,3624,1707,1917,0.47102649006622516,821.0823974609375,0.6601016085148873,971.0728759765625,826.0,3519168.0,1182.3985595703125,1253.0,2266658.0,733.749267578125,739.0,1252510.0,False,vLH92_MN_60x-1xzoom_0004_XY14_Dapi-ex_Green-em.tif,393.45391845703125,355.0,1425877.0,460.9154968261719,463.0,883575.0,317.6930236816406,316.0,542302.0,830.4488759765625,1041.7745595703125,593.125267578125,685.376,1112.376,598.376,249.55631845703124,317.01789682617186,173.7954236816406,211.1024,319.1024,172.1024,1mM 2DG,1h,yes,MN,3.327701262428864,3.2466518618452467,3.286169550678526,3.4859530984411276,3.412778397805313,3.4768602878286416
vLH92_MN_60x-1xzoom_0004_XY14_488.tif,5,2784,1324,1461,0.4755747126436782,924.4849243164062,0.3781676282312865,973.9346313476562,931.0,2711434.0,1178.9569091796875,1206.0,1722456.0,747.1253662109375,742.5,989194.0,False,vLH92_MN_60x-1xzoom_0004_XY14_Dapi-ex_Green-em.tif,400.3706970214844,375.0,1114632.0,471.2840576171875,473.0,688546.0,321.96978759765625,321.0,426288.0,833.3106313476562,1038.3329091796875,606.5013662109375,790.376,1065.376,601.876,256.47309702148436,327.3864576171875,178.07218759765624,231.1024,329.1024,177.1024,1mM 2DG,1h,yes,MN,3.249115174360183,3.4200250624831243,3.1715817347393416,3.237217352410678,3.4059297770929398,3.39846326193208
vLH92_MN_60x-1xzoom_0004_XY14_488.tif,6,2076,0,2076,0.0,495.9244842529297,,484.07611083984375,494.0,1004942.0,484.07611083984375,494.0,1004942.0,,,,True,vLH92_MN_60x-1xzoom_0004_XY14_Dapi-ex_Green-em.tif,310.20037841796875,298.0,643976.0,310.20037841796875,298.0,643976.0,,,,343.4521108398437,343.4521108398437,,353.376,353.376,,166.30277841796874,166.30277841796874,,154.1024,154.1024,,1mM 2DG,1h,yes,MN,2.065221724538153,2.293124571713354,2.065221724538153,2.293124571713354,,
vLH92_MN_60x-1xzoom_0004_XY14_488.tif,7,4036,2042,1994,0.5059464816650149,590.7061462402344,0.6321217338616184,640.4799194335938,590.0,2584977.0,779.3475341796875,777.0,1554019.0,504.8765869140625,498.0,1030958.0,False,vLH92_MN_60x-1xzoom_0004_XY14_Dapi-ex_Green-em.tif,381.9650573730469,343.0,1541611.0,465.0039978027344,435.0,927218.0,300.8780517578125,296.0,614393.0,499.8559194335937,638.7235341796875,364.2525869140625,449.376,636.376,357.376,238.06745737304686,321.10639780273436,156.9804517578125,199.1024,291.1024,152.1024,1mM 2DG,1h,yes,MN,2.0996398455683494,2.2570094584495215,1.989133628449456,2.186089843299128,2.320369083126521,2.3495750231423043
vLH92_MN_60x-1xzoom_0004_XY14_488.tif,8,3117,1550,1567,0.4972730189284568,475.56390380859375,0.778596471523089,543.5675048828125,470.0,1694300.0,721.9183349609375,721.0,1131246.0,363.2606506347656,355.0,563054.0,False,vLH92_MN_60x-1xzoom_0004_XY14_Dapi-ex_Green-em.tif,306.69586181640625,280.0,955971.0,372.7645263671875,362.0,584122.0,239.902587890625,237.0,371849.0,402.9435048828125,581.2943349609375,222.63665063476563,329.376,580.376,214.376,162.79826181640624,228.8669263671875,96.00498789062499,136.1024,218.1024,93.10239999999999,1mM 2DG,1h,yes,MN,2.4751093800818778,2.4200601899746075,2.5398791524308133,2.661025279868539,2.3190112881260663,2.302582962415577
vLH92_MN_60x-1xzoom_0004_XY14_488.tif,9,4276,1760,2516,0.411599625818522,747.7146911621094,0.6910807962213885,868.172119140625,758.0,3712304.0,1016.8914794921875,1086.5,2558499.0,655.571044921875,683.0,1153805.0,False,vLH92_MN_60x-1xzoom_0004_XY14_Dapi-ex_Green-em.tif,363.7415771484375,333.0,1555359.0,406.99285888671875,417.0,1023994.0,301.91192626953125,307.0,531365.0,727.548119140625,876.2674794921875,514.947044921875,617.376,945.876,542.376,219.8439771484375,263.09525888671874,158.01432626953124,189.1024,273.1024,163.1024,1mM 2DG,1h,yes,MN,3.3093839029731,3.264770833157062,3.330609161108004,3.463448142528224,3.258863022606631,3.3253710552389175
vLH92_MN_60x-1xzoom_0004_XY14_488.tif,10,5096,2604,2492,0.510989010989011,611.9810791015625,0.6097246511814698,678.5716552734375,608.5,3458001.0,921.505615234375,894.5,2296392.0,446.0863952636719,430.0,1161609.0,False,vLH92_MN_60x-1xzoom_0004_XY14_Dapi-ex_Green-em.tif,415.9346618652344,394.0,2119603.0,507.29815673828125,493.0,1264187.0,328.5007629394531,321.0,855416.0,537.9476552734375,780.881615234375,305.46239526367185,467.876,753.876,289.376,272.03706186523436,363.40055673828124,184.6031629394531,250.1024,349.1024,177.1024,1mM 2DG,1h,yes,MN,1.9774792875094855,1.8707377458193124,2.1488178836136482,2.159469542460894,1.6546975165526208,1.6339473660435997
vLH92_MN_60x-1xzoom_0004_XY14_488.tif,11,3880,1725,2155,0.44458762886597936,866.763427734375,0.5595586423504956,1029.236328125,871.0,3993437.0,1249.0362548828125,1295.0,2691673.0,754.6458129882812,789.0,1301764.0,False,vLH92_MN_60x-1xzoom_0004_XY14_Dapi-ex_Green-em.tif,392.48480224609375,344.0,1522841.0,459.733642578125,454.0,990726.0,308.47247314453125,315.0,532115.0,888.612328125,1108.4122548828125,614.0218129882812,730.376,1154.376,648.376,248.58720224609374,315.836042578125,164.57487314453124,200.1024,310.1024,171.1024,1mM 2DG,1h,yes,MN,3.5746503444103324,3.6500111942685347,3.509454607634391,3.722563901472546,3.730957230931853,3.789403304687719
vLH92_MN_60x-1xzoom_0004_XY15_488.tif,1,1676,882,794,0.5262529832935561,394.8655548095703,0.127175606256889,390.3466491699219,395.0,654221.0,425.404296875,424.0,337771.0,358.7868347167969,365.0,316450.0,False,vLH92_MN_60x-1xzoom_0004_XY15_Dapi-ex_Green-em.tif,422.5799560546875,427.0,708244.0,453.9005126953125,454.0,360397.0,394.3843688964844,393.0,347847.0,249.11624916992187,284.17389687499997,217.55643471679687,253.7696,282.76959999999997,223.7696,278.0663560546875,309.3869126953125,249.87076889648438,282.4864,309.4864,248.4864,1mM 2DG,1h,yes,MN,0.8958877755096989,0.8983427166759178,0.9185065211690367,0.9136737510921319,0.8706758124513773,0.9005305722969145
vLH92_MN_60x-1xzoom_0004_XY15_488.tif,2,4185,2019,2167,0.4824372759856631,855.8302612304688,0.12559376405218384,812.8444213867188,861.0,3401754.0,982.7134399414062,990.0,2129540.0,630.34326171875,624.0,1272663.0,False,vLH92_MN_60x-1xzoom_0004_XY15_Dapi-ex_Green-em.tif,832.324462890625,886.0,3483278.0,1018.6603393554688,1032.0,2207437.0,632.1159057617188,628.0,1276242.0,671.6140213867187,841.4830399414062,489.11286171874997,719.7696,848.7696,482.76959999999997,687.810862890625,874.1467393554688,487.60230576171875,741.4864,887.4864,483.4864,1mM 2DG,1h,yes,MN,0.9764516055535432,0.9707118026709592,0.9626336197991812,0.9563747681091226,1.0030979261976036,0.9985174350302304
vLH92_MN_60x-1xzoom_0004_XY15_488.tif,3,2197,1133,1064,0.515703231679563,379.5478820800781,0.47496277283184063,404.4096374511719,384.0,888488.0,451.38629150390625,426.0,480275.0,360.2939147949219,362.0,408213.0,False,vLH92_MN_60x-1xzoom_0004_XY15_Dapi-ex_Green-em.tif,422.9836120605469,415.0,929295.0,461.7462463378906,447.0,491298.0,386.5816345214844,390.0,437997.0,263.17923745117184,310.1558915039062,219.06351479492187,242.7696,284.76959999999997,220.7696,278.4700120605469,317.2326463378906,242.06803452148438,270.4864,302.4864,245.4864,1mM 2DG,1h,yes,MN,0.9450900493872554,0.8975297833828244,0.9776922239382424,0.9414294328604524,0.9049667182532488,0.8993149926024415
vLH92_MN_60x-1xzoom_0004_XY15_488.tif,4,3079,1529,1550,0.4965898018837285,392.8987121582031,0.7288177961557918,445.4644470214844,393.0,1371585.0,553.5664672851562,556.5,858028.0,335.877685546875,333.0,513557.0,False,vLH92_MN_60x-1xzoom_0004_XY15_Dapi-ex_Green-em.tif,343.2845153808594,316.0,1056973.0,402.5496826171875,409.0,623952.0,283.2053527832031,282.0,433021.0,304.23404702148434,412.3360672851562,194.647285546875,251.7696,415.26959999999997,191.7696,198.77091538085938,258.0360826171875,138.69175278320313,171.4864,264.4864,137.4864,1mM 2DG,1h,yes,MN,1.530576273890725,1.468160740443557,1.597978325755636,1.5700981222474955,1.403452488275486,1.3948259609677756
vLH92_MN_60x-1xzoom_0004_XY15_488.tif,5,3761,1714,2047,0.4557298590800319,774.8580322265625,0.4969081135611278,820.5322875976562,772.0,3086022.0,979.1558227539062,1020.0,2004332.0,631.0910034179688,631.0,1081690.0,False,vLH92_MN_60x-1xzoom_0004_XY15_Dapi-ex_Green-em.tif,391.06646728515625,377.0,1470801.0,451.9506530761719,459.0,925143.0,318.3535461425781,314.0,545658.0,679.3018875976562,837.9254227539062,489.8606034179687,630.7696,878.7696,489.76959999999997,246.55286728515625,307.4370530761719,173.83994614257813,232.4864,314.4864,169.4864,1mM 2DG,1h,yes,MN,2.7551976786057586,2.7131462313494463,2.725518652907131,2.7943008028328093,2.8178828530940767,2.889728025375487
vLH92_MN_60x-1xzoom_0004_XY15_488.tif,6,2273,1125,1149,0.4949406071271447,694.1316528320312,0.5609475904698125,760.7285766601562,696.0,1729136.0,883.254150390625,886.0,1014859.0,635.210693359375,640.0,714612.0,False,vLH92_MN_60x-1xzoom_0004_XY15_Dapi-ex_Green-em.tif,411.1662902832031,390.0,934581.0,459.302001953125,458.0,527738.0,361.8364562988281,362.0,407066.0,619.4981766601562,742.023750390625,493.98029335937497,554.7696,744.7696,498.76959999999997,266.6526902832031,314.788401953125,217.32285629882813,245.4864,313.4864,217.4864,1mM 2DG,1h,yes,MN,2.3232399268209423,2.2598791623487084,2.3572143884167605,2.37576366949252,2.273025036446839,2.2933369626790454
vLH92_MN_60x-1xzoom_0004_XY15_488.tif,7,3789,1729,2060,0.45632092900501453,857.311767578125,0.534695839769647,952.4845581054688,860.0,3608964.0,1181.291259765625,1235.0,2433460.0,679.8750610351562,670.0,1175504.0,False,vLH92_MN_60x-1xzoom_0004_XY15_Dapi-ex_Green-em.tif,456.11083984375,403.0,1728204.0,552.043701171875,562.0,1137210.0,341.8126220703125,338.0,590994.0,811.2541581054687,1040.060859765625,538.6446610351562,718.7696,1093.7696,528.7696,311.59723984375,407.530101171875,197.2990220703125,258.4864,417.4864,193.4864,1mM 2DG,1h,yes,MN,2.6035344809609704,2.7806863339812073,2.552108069501795,2.6198927677644113,2.7300929086369043,2.7328515079096
vLH92_MN_60x-1xzoom_0004_XY15_488.tif,8,2855,1393,1462,0.4879159369527145,273.7245178222656,0.7222514317320756,292.4066467285156,275.0,834821.0,341.6224365234375,337.0,499452.0,240.7530517578125,240.0,335369.0,False,vLH92_MN_60x-1xzoom_0004_XY15_Dapi-ex_Green-em.tif,268.8507995605469,230.0,767569.0,326.7558288574219,285.0,477717.0,208.07752990722656,207.0,289852.0,151.17624672851562,200.3920365234375,99.5226517578125,133.7696,195.7696,98.7696,124.33719956054688,182.24222885742188,63.563929907226566,85.4864,140.4864,62.4864,1mM 2DG,1h,yes,MN,1.2158569379303037,1.5648056299013644,1.09959166862591,1.393512824017129,1.5657095447538998,1.5806575510831156
vLH92_MN_60x-1xzoom_0004_XY16_488.tif,1,4031,0,4031,0.0,2460.537109375,,2176.909912109375,2472.0,8775124.0,2176.909912109375,2472.0,8775124.0,,,,True,vLH92_MN_60x-1xzoom_0004_XY16_Dapi-ex_Green-em.tif,598.6105346679688,636.0,2412999.0,598.6105346679688,636.0,2412999.0,,,,2035.805912109375,2035.805912109375,,2330.896,2330.896,,454.1577346679687,454.1577346679687,,491.5472,491.5472,,1mM 2DG,1h,yes,MN,4.4825965886009564,4.741957639062943,4.4825965886009564,4.741957639062943,,
vLH92_MN_60x-1xzoom_0004_XY16_488.tif,2,3751,1929,1822,0.5142628632364703,654.4930419921875,0.6515235316103655,750.6448974609375,663.0,2815669.0,923.8682861328125,963.0,1683288.0,587.0300903320312,599.0,1132381.0,False,vLH92_MN_60x-1xzoom_0004_XY16_Dapi-ex_Green-em.tif,333.0170593261719,310.0,1249147.0,386.7387390136719,391.0,704638.0,282.2752685546875,282.0,544509.0,609.5408974609375,782.7642861328125,445.92609033203127,521.896,821.896,457.896,188.56425932617188,242.28593901367188,137.8224685546875,165.5472,246.5472,137.5472,1mM 2DG,1h,yes,MN,3.232536747096781,3.1525510549257247,3.2307458258592634,3.3336253666640707,3.235510835122571,3.3290099689415706
vLH92_MN_60x-1xzoom_0004_XY16_488.tif,3,6491,3225,3267,0.49684178092743797,1065.58935546875,0.4300568919611493,1167.336181640625,1062.0,7577179.0,1488.559814453125,1460.0,4863125.0,841.8189086914062,843.0,2714866.0,False,vLH92_MN_60x-1xzoom_0004_XY16_Dapi-ex_Green-em.tif,440.2545166015625,407.0,2857692.0,501.2320251464844,488.0,1637525.0,378.4517822265625,375.0,1220507.0,1026.232181640625,1347.455814453125,700.7149086914062,920.896,1318.896,701.896,295.8017166015625,356.77922514648435,233.9989822265625,262.5472,343.5472,230.5472,1mM 2DG,1h,yes,MN,3.4693246321586906,3.5075445481802894,3.7767216235751797,3.839053265461049,2.994521181348387,3.0444785276073616
vLH92_MN_60x-1xzoom_0004_XY16_488.tif,4,6989,3457,3532,0.4946344255258263,531.2236328125,0.5835892260426463,607.9210205078125,529.0,4248760.0,760.7174682617188,776.0,2686854.0,451.8096618652344,451.0,1561906.0,False,vLH92_MN_60x-1xzoom_0004_XY16_Dapi-ex_Green-em.tif,320.3466796875,301.0,2238903.0,372.175537109375,373.0,1314524.0,267.3934020996094,266.0,924379.0,466.8170205078125,619.6134682617187,310.7056618652344,387.896,634.896,309.896,175.8938796875,227.722737109375,122.94060209960938,156.5472,228.5472,121.5472,1mM 2DG,1h,yes,MN,2.6539696624872793,2.47782138549907,2.7209117373471536,2.7779644642332086,2.5272827410873857,2.5495939026156096
vLH92_MN_60x-1xzoom_0004_XY16_488.tif,5,4176,0,4176,0.0,2066.9119873046875,,2112.891357421875,2076.0,8823434.0,2112.891357421875,2076.0,8823434.0,,,,True,vLH92_MN_60x-1xzoom_0004_XY16_Dapi-ex_Green-em.tif,636.6589965820312,606.0,2658688.0,636.6589965820312,606.0,2658688.0,,,,1971.787357421875,1971.787357421875,,1934.896,1934.896,,492.2061965820312,492.2061965820312,,461.5472,461.5472,,1mM 2DG,1h,yes,MN,4.006018963422896,4.192195294435759,4.006018963422896,4.192195294435759,,
vLH92_MN_60x-1xzoom_0004_XY16_488.tif,6,1803,965,838,0.5352190793122573,684.8292846679688,0.3508058460603724,717.5906982421875,691.0,1293816.0,840.2517700195312,825.5,704131.0,611.072509765625,633.0,589685.0,False,vLH92_MN_60x-1xzoom_0004_XY16_Dapi-ex_Green-em.tif,315.4193115234375,302.0,568701.0,348.3675537109375,331.0,291932.0,286.8072509765625,287.0,276769.0,576.4866982421875,699.1477700195312,469.968509765625,549.896,684.396,491.896,170.9665115234375,203.9147537109375,142.3544509765625,157.5472,186.5472,142.5472,1mM 2DG,1h,yes,MN,3.3719275962600306,3.4903571755004212,3.428627685324912,3.668755146150679,3.3013966654474434,3.450758766219189
vLH92_MN_60x-1xzoom_0004_XY16_488.tif,7,4404,2279,2125,0.5174841053587648,572.859130859375,0.4026517043048466,630.811279296875,564.5,2778093.0,817.5181274414062,853.0,1737226.0,456.7209167480469,443.0,1040867.0,False,vLH92_MN_60x-1xzoom_0004_XY16_Dapi-ex_Green-em.tif,334.58038330078125,313.0,1473492.0,401.1891784667969,395.0,852527.0,272.4725646972656,268.0,620965.0,489.707279296875,676.4141274414062,315.6169167480469,423.396,711.896,301.896,190.12758330078125,256.73637846679685,128.01976469726563,168.5472,250.5472,123.5472,1mM 2DG,1h,yes,MN,2.5756771889440135,2.5120322378538473,2.634664130891312,2.8413648206804942,2.4653764791272743,2.4435681261898288
vLH92_MN_60x-1xzoom_0004_XY16_488.tif,8,3729,2042,1687,0.5475998927326361,843.6653442382812,0.21003255335053825,881.2547607421875,846.0,3286199.0,1057.2222900390625,1065.0,1783534.0,735.8790283203125,774.0,1502665.0,False,vLH92_MN_60x-1xzoom_0004_XY16_Dapi-ex_Green-em.tif,491.0876770019531,460.0,1831266.0,573.383544921875,569.0,967298.0,423.0989074707031,429.0,863968.0,740.1507607421875,916.1182900390625,594.7750283203125,704.896,923.896,632.896,346.6348770019531,428.930744921875,278.6461074707031,315.5472,424.5472,284.5472,1mM 2DG,1h,yes,MN,2.1352460754779075,2.2338845028572587,2.1358186627678633,2.1761914811827756,2.1345176278224063,2.2242214999831313
vLH92_MN_60x-1xzoom_0004_XY16_488.tif,9,3757,1882,1875,0.5009315943571999,294.39093017578125,0.761179919032465,321.79345703125,292.0,1208978.0,384.765869140625,366.0,721436.0,259.0552673339844,259.0,487542.0,False,vLH92_MN_60x-1xzoom_0004_XY16_Dapi-ex_Green-em.tif,239.690185546875,221.0,900516.0,273.5877380371094,259.0,512977.0,205.918701171875,205.0,387539.0,180.68945703125002,243.66186914062502,117.95126733398439,150.89600000000002,224.89600000000002,117.89600000000002,95.237385546875,129.13493803710938,61.465901171875004,76.5472,114.5472,60.547200000000004,1mM 2DG,1h,yes,MN,1.8972534367012444,1.9712804648635092,1.8868779653621248,1.9633478600961003,1.9189707640364904,1.947175096453676
vLH92_MN_60x-1xzoom_0004_XY17_488.tif,1,3493,1602,1891,0.45863154881190954,292.5732116699219,0.6378714050069643,318.92041015625,294.0,1113989.0,368.0169372558594,377.0,695920.0,260.9669189453125,261.0,418069.0,False,vLH92_MN_60x-1xzoom_0004_XY17_Dapi-ex_Green-em.tif,219.29974365234375,206.0,766014.0,244.76414489746094,243.0,462849.0,189.2415771484375,189.0,303165.0,173.58281015625,222.67933725585937,115.62931894531249,148.6624,231.6624,115.66239999999999,72.48214365234375,97.94654489746094,42.4239771484375,59.1824,96.1824,42.1824,1mM 2DG,1h,yes,MN,2.3948354920189656,2.5119359809673143,2.273478227220569,2.4085737099510927,2.725565275050389,2.7419587316037015
vLH92_MN_60x-1xzoom_0004_XY17_488.tif,2,5205,1594,3611,0.30624399615754083,379.5291748046875,0.4502166638725911,403.6793518066406,382.0,2101151.0,423.97894287109375,412.0,1530988.0,357.6932373046875,365.0,570163.0,False,vLH92_MN_60x-1xzoom_0004_XY17_Dapi-ex_Green-em.tif,323.5218200683594,312.0,1683931.0,335.800048828125,327.0,1212574.0,295.70703125,302.0,471357.0,258.3417518066406,278.64134287109374,212.3556373046875,236.6624,266.6624,219.6624,176.70422006835938,188.982448828125,148.88943125,165.1824,180.1824,155.1824,1mM 2DG,1h,yes,MN,1.4620010303472046,1.432733753717103,1.4744297398988164,1.479958086916369,1.4262640102917814,1.4155110373341306
vLH92_MN_60x-1xzoom_0004_XY17_488.tif,3,4097,1775,2322,0.4332438369538687,297.2503356933594,0.6834765485213296,327.73565673828125,301.0,1342733.0,364.10595703125,366.0,845454.0,280.1571960449219,280.0,497279.0,False,vLH92_MN_60x-1xzoom_0004_XY17_Dapi-ex_Green-em.tif,233.3412322998047,221.0,955999.0,251.5706329345703,243.0,584147.0,209.49407958984375,209.0,371852.0,182.39805673828124,218.76835703125,134.81959604492187,155.6624,220.6624,134.6624,86.52363229980469,104.75303293457031,62.67647958984375,74.1824,96.1824,62.1824,1mM 2DG,1h,yes,MN,2.108072117294745,2.09837373824519,2.0884202672002314,2.294207672089696,2.15103970304625,2.1656031288596127
vLH92_MN_60x-1xzoom_0004_XY17_488.tif,4,760,229,531,0.3013157894736842,410.3956756591797,0.2854987018194378,403.6407775878906,408.0,306767.0,418.1544189453125,424.0,222040.0,369.9869079589844,370.0,84727.0,False,vLH92_MN_60x-1xzoom_0004_XY17_Dapi-ex_Green-em.tif,382.63421630859375,385.0,290802.0,403.8493347167969,404.0,214444.0,333.4410400390625,331.0,76358.0,258.3031775878906,272.8168189453125,224.64930795898437,262.6624,278.6624,224.6624,235.81661630859375,257.0317347167969,186.6234400390625,238.1824,257.18240000000003,184.1824,1mM 2DG,1h,yes,MN,1.0953561357604698,1.1027783748925193,1.0614129778406853,1.0835204897380224,1.2037571910150333,1.219782129019928
vLH92_MN_60x-1xzoom_0004_XY17_488.tif,5,3303,1876,1427,0.5679685134726007,464.2032470703125,0.22752512646500442,470.5752258300781,467.0,1554310.0,507.41204833984375,499.0,724077.0,442.5549011230469,451.0,830233.0,False,vLH92_MN_60x-1xzoom_0004_XY17_Dapi-ex_Green-em.tif,417.07720947265625,419.0,1377606.0,445.41064453125,441.0,635601.0,395.5250549316406,407.0,742005.0,325.2376258300781,362.07444833984374,297.21730112304687,321.6624,353.6624,305.6624,270.2596094726563,298.59304453125003,248.70745493164063,272.18240000000003,294.18240000000003,260.18240000000003,1mM 2DG,1h,yes,MN,1.203426684678105,1.1817898585654325,1.2126017500114605,1.2021874864029933,1.1950478171421905,1.1748004476859308
vLH92_MN_60x-1xzoom_0004_XY17_488.tif,6,3722,1873,1849,0.5032240730789898,422.2437438964844,0.5049689890076573,485.33905029296875,424.0,1806432.0,595.4440307617188,628.0,1100976.0,376.64495849609375,375.0,705456.0,False,vLH92_MN_60x-1xzoom_0004_XY17_Dapi-ex_Green-em.tif,282.5537414550781,261.0,1051665.0,326.0054016113281,327.0,602784.0,239.65882873535156,239.0,448881.0,340.00145029296874,450.10643076171874,231.30735849609374,278.6624,482.6624,229.6624,135.73614145507813,179.18780161132813,92.84122873535156,114.1824,180.1824,92.1824,1mM 2DG,1h,yes,MN,2.5048704541633975,2.4405022140014574,2.511925626154137,2.6787433178823234,2.4914293105215854,2.4913909813586974
vLH92_MN_60x-1xzoom_0004_XY17_488.tif,7,3851,1702,2149,0.44196312646065955,390.6033020019531,0.7480068127743943,474.9812927246094,397.0,1829153.0,575.2638549804688,592.0,1236242.0,348.361328125,358.0,592911.0,False,vLH92_MN_60x-1xzoom_0004_XY17_Dapi-ex_Green-em.tif,238.1591796875,218.0,917151.0,265.2838439941406,258.0,570095.0,203.9106903076172,204.0,347056.0,329.64369272460937,429.92625498046874,203.023728125,251.6624,446.6624,212.6624,91.3415796875,118.46624399414063,57.09309030761719,71.1824,111.1824,57.1824,1mM 2DG,1h,yes,MN,3.60891166818435,3.5354582031513404,3.6291034516273935,4.017384046395832,3.5560122430071575,3.719018439240046
vLH92_MN_60x-1xzoom_0004_XY18_488.tif,1,760,496,264,0.6526315789473685,180.98108673095703,0.7108407971023335,183.58816528320312,182.0,139527.0,193.36363220214844,191.0,51048.0,178.3850860595703,178.0,88479.0,False,vLH92_MN_60x-1xzoom_0004_XY18_Dapi-ex_Green-em.tif,228.71316528320312,223.0,173822.0,249.84848022460938,244.0,65960.0,217.46371459960938,217.0,107862.0,37.112965283203124,46.88843220214844,31.90988605957031,35.5248,44.5248,31.5248,81.38836528320314,102.5236802246094,70.1389145996094,75.67520000000002,96.67520000000002,69.67520000000002,1mM 2DG,1h,yes,MN,0.45599841149362,0.46943780789479234,0.4573424607800366,0.46056072291549427,0.4549526641769278,0.4524536707465496
vLH92_MN_60x-1xzoom_0004_XY18_488.tif,2,1168,588,580,0.5034246575342466,195.91656494140625,0.5062080917678644,198.5256805419922,196.0,231878.0,206.96034240722656,204.0,120037.0,190.20578002929688,190.0,111841.0,False,vLH92_MN_60x-1xzoom_0004_XY18_Dapi-ex_Green-em.tif,251.751708984375,251.0,294046.0,270.3086242675781,268.0,156779.0,233.44728088378906,230.5,137267.0,52.05048054199219,60.48514240722656,43.730580029296874,49.5248,57.5248,43.5248,104.42690898437502,122.98382426757814,86.12248088378908,103.67520000000002,120.67520000000002,83.17520000000002,1mM 2DG,1h,yes,MN,0.4984393490932523,0.4776918684506998,0.4918138037050136,0.4766911511230144,0.5077719496760146,0.5232905962354162
vLH92_MN_60x-1xzoom_0004_XY18_488.tif,3,1106,585,521,0.5289330922242315,189.76103973388672,0.6402451370267777,198.32821655273438,193.0,219351.0,215.0460662841797,208.0,112039.0,183.43931579589844,183.0,107312.0,False,vLH92_MN_60x-1xzoom_0004_XY18_Dapi-ex_Green-em.tif,210.01266479492188,201.0,232274.0,210.55470275878906,190.0,109699.0,209.5299072265625,210.0,122575.0,51.853016552734374,68.57086628417969,36.96411579589844,46.5248,61.5248,36.5248,62.68786479492189,63.22990275878908,62.20510722656252,53.67520000000002,42.67520000000002,62.67520000000002,1mM 2DG,1h,yes,MN,0.827161951078844,0.8667839151041818,1.0844689504863774,1.4416991601679658,0.594229596956859,0.5827631982027978
vLH92_MN_60x-1xzoom_0004_XY18_488.tif,4,4049,1829,2220,0.4517164732032601,1064.23291015625,0.46185884544304306,1116.9471435546875,1075.0,4522519.0,1237.659423828125,1293.5,2747604.0,970.42919921875,990.0,1774915.0,False,vLH92_MN_60x-1xzoom_0004_XY18_Dapi-ex_Green-em.tif,416.2961120605469,398.0,1685583.0,464.6842346191406,471.0,1031599.0,357.5636901855469,361.0,653984.0,970.4719435546875,1091.184223828125,823.95399921875,928.5248,1147.0248,843.5248,268.9713120605469,317.35943461914064,210.2388901855469,250.67520000000002,323.6752,213.67520000000002,1mM 2DG,1h,yes,MN,3.608087182681509,3.704095179738562,3.438322938587417,3.543752502508687,3.9191321762190015,3.9476963166525643
vLH92_MN_60x-1xzoom_0004_XY18_488.tif,5,629,289,340,0.4594594594594595,357.018310546875,0.2688472707798335,350.5500793457031,356.0,220496.0,368.8205871582031,370.0,125399.0,329.05535888671875,331.0,95097.0,False,vLH92_MN_60x-1xzoom_0004_XY18_Dapi-ex_Green-em.tif,210.13990783691406,210.0,132178.0,211.90882873535156,211.0,72049.0,208.05882263183594,207.0,60129.0,204.07487934570312,222.34538715820312,182.58015888671875,209.5248,223.5248,184.5248,62.81510783691408,64.58402873535158,60.734022631835956,62.67520000000002,63.67520000000002,59.67520000000002,1mM 2DG,1h,yes,MN,3.2488184192175495,3.3430256305524346,3.4427302153805894,3.5103902304193775,3.006225357301011,3.0921521838217543
vLH92_MN_60x-1xzoom_0004_XY18_488.tif,6,1710,895,815,0.5233918128654971,224.44857025146484,0.43577437429371185,240.43450927734375,222.5,411143.0,278.84661865234375,259.0,227260.0,205.45587158203125,204.0,183883.0,False,vLH92_MN_60x-1xzoom_0004_XY18_Dapi-ex_Green-em.tif,225.8409423828125,221.0,386188.0,242.47607421875,236.0,197618.0,210.69273376464844,209.0,188570.0,93.95930927734375,132.37141865234375,58.98067158203125,76.0248,112.5248,57.5248,78.51614238281252,95.15127421875002,63.367933764648456,73.67520000000002,88.67520000000002,61.67520000000002,1mM 2DG,1h,yes,MN,1.1966877947115215,1.0318913284253044,1.3911681135034062,1.2689545667785354,0.9307652637229469,0.9327055283160813
vLH92_MN_60x-1xzoom_0004_XY18_488.tif,7,3441,1613,1828,0.46875908166230745,437.120849609375,0.8081871331847728,462.36907958984375,438.0,1591012.0,566.6958618164062,580.0,1035920.0,344.1363830566406,337.0,555092.0,False,vLH92_MN_60x-1xzoom_0004_XY18_Dapi-ex_Green-em.tif,372.38824462890625,342.0,1281388.0,440.2034912109375,452.0,804692.0,295.5337829589844,292.0,476696.0,315.8938795898438,420.2206618164063,197.66118305664062,291.5248,433.5248,190.5248,225.06344462890627,292.8786912109375,148.2089829589844,194.67520000000002,304.6752,144.67520000000002,1mM 2DG,1h,yes,MN,1.4035770229621358,1.4974932605693998,1.4347942490420182,1.4229080673451597,1.3336653360028907,1.3169140253478133
vLH92_MN_60x-1xzoom_0004_XY18_488.tif,8,950,462,488,0.4863157894736842,194.47277069091797,0.27707723264425965,196.80947875976562,194.0,186969.0,206.5737762451172,203.0,100808.0,186.49566650390625,187.0,86161.0,False,vLH92_MN_60x-1xzoom_0004_XY18_Dapi-ex_Green-em.tif,273.4684143066406,268.0,259795.0,297.3565673828125,286.0,145110.0,248.23593139648438,249.0,114685.0,50.334278759765624,60.09857624511719,40.02046650390625,47.5248,56.5248,40.5248,126.14361430664064,150.03176738281252,100.9111313964844,120.67520000000002,138.67520000000002,101.67520000000002,1mM 2DG,1h,yes,MN,0.39902359732145276,0.39382408315876,0.40057234073483305,0.40760568580395046,0.39659119811732196,0.3985711363242953
vLH92_MN_60x-1xzoom_0004_XY18_488.tif,9,729,389,340,0.53360768175583,255.05038452148438,0.4933691617489975,256.3539123535156,255.0,186882.0,266.01470947265625,265.0,90445.0,247.91001892089844,248.0,96437.0,False,vLH92_MN_60x-1xzoom_0004_XY18_Dapi-ex_Green-em.tif,233.16049194335938,223.0,169974.0,244.05587768554688,231.0,82979.0,223.6375274658203,218.0,86995.0,109.87871235351562,119.53950947265625,101.43481892089844,108.5248,118.5248,101.5248,85.8356919433594,96.7310776855469,76.31272746582033,75.67520000000002,83.67520000000002,70.67520000000002,1mM 2DG,1h,yes,MN,1.2801051621512127,1.4340867285451504,1.2357921810946317,1.416486605350211,1.3291992343784336,1.4364982341754955
vLH92_MN_60x-1xzoom_0004_XY18_488.tif,10,4626,2282,2344,0.4932987462170342,608.1979064941406,0.4636115848578017,660.1878662109375,615.0,3054029.0,755.2154541015625,797.0,1770225.0,562.5784301757812,571.0,1283804.0,False,vLH92_MN_60x-1xzoom_0004_XY18_Dapi-ex_Green-em.tif,286.5555419921875,273.0,1325606.0,313.6040954589844,313.0,735088.0,258.7721252441406,258.0,590518.0,513.7126662109375,608.7402541015625,416.1032301757813,468.5248,650.5248,424.5248,139.23074199218752,166.2792954589844,111.44732524414064,125.67520000000002,165.67520000000002,110.67520000000002,1mM 2DG,1h,yes,MN,3.6896497056645927,3.728060906209021,3.660950405287943,3.9265068036736936,3.733631374860277,3.835771699531602
vLH92_MN_60x-1xzoom_0004_XY18_488.tif,11,942,528,414,0.5605095541401274,220.2792205810547,0.401175420984492,225.32484436035156,221.0,212256.0,239.55555725097656,232.0,99176.0,214.1666717529297,213.0,113080.0,False,vLH92_MN_60x-1xzoom_0004_XY18_Dapi-ex_Green-em.tif,306.8683776855469,302.0,289070.0,327.30194091796875,321.5,135503.0,290.8465881347656,295.0,153567.0,78.84964436035156,93.08035725097656,67.69147175292969,74.5248,85.5248,66.5248,159.5435776855469,179.97714091796877,143.52178813476564,154.67520000000002,174.17520000000002,147.67520000000002,1mM 2DG,1h,yes,MN,0.49422010903980484,0.4818147964250248,0.5171787749056497,0.49102742525916426,0.47164596144362425,0.45048051399287076
vLH92_MN_60x-1xzoom_0004_XY18_488.tif,12,1090,540,550,0.4954128440366973,190.9723663330078,0.5241534356132904,191.11834716796875,190.0,208319.0,198.72544860839844,197.0,109299.0,183.37037658691406,183.0,99020.0,False,vLH92_MN_60x-1xzoom_0004_XY18_Dapi-ex_Green-em.tif,248.59632873535156,248.0,270970.0,270.3927307128906,270.0,148716.0,226.39630126953125,224.0,122254.0,44.64314716796875,52.25024860839844,36.89517658691406,43.5248,50.5248,36.5248,101.27152873535158,123.06793071289064,79.07150126953127,100.67520000000002,122.67520000000002,76.67520000000002,1mM 2DG,1h,yes,MN,0.4408262393730889,0.43232891516480715,0.4245642898660157,0.4118583055091819,0.4666052369633069,0.47635741413129656
vLH92_MN_60x-1xzoom_0004_XY18_488.tif,13,1047,575,472,0.5491881566380133,204.220458984375,0.7075745519640264,207.27220153808594,205.0,217014.0,216.4978790283203,214.5,102187.0,199.69912719726562,199.0,114827.0,False,vLH92_MN_60x-1xzoom_0004_XY18_Dapi-ex_Green-em.tif,260.64947509765625,257.0,272900.0,277.4533996582031,271.0,130958.0,246.85565185546875,246.0,141942.0,60.79700153808594,70.02267902832031,53.223927197265624,58.5248,68.0248,52.5248,113.32467509765627,130.12859965820314,99.53085185546877,109.67520000000002,123.67520000000002,98.67520000000002,1mM 2DG,1h,yes,MN,0.5364851166411446,0.5336192685310808,0.5381036852178727,0.5500278147922946,0.5347480324447882,0.5322999091970423
vLH92_MN_60x-1xzoom_0004_XY18_488.tif,14,1161,619,542,0.533161068044789,261.5824279785156,0.36529839698053246,270.2420349121094,263.0,313751.0,297.678955078125,292.0,161342.0,246.2180938720703,246.0,152409.0,False,vLH92_MN_60x-1xzoom_0004_XY18_Dapi-ex_Green-em.tif,403.95263671875,379.0,468989.0,433.1826477050781,391.0,234785.0,378.358642578125,371.0,234204.0,123.76683491210937,151.203755078125,99.74289387207031,116.5248,145.5248,99.5248,256.62783671875,285.85784770507814,231.03384257812502,231.67520000000002,243.67520000000002,223.67520000000002,1mM 2DG,1h,yes,MN,0.4822814098992348,0.5029662216758634,0.5289473641952386,0.597208086830338,0.43172416975379635,0.4449523237265463
vLH92_MN_60x-1xzoom_0004_XY18_488.tif,15,3944,1999,1945,0.5068458417849898,374.89154052734375,0.38776845569180685,432.6158752441406,378.0,1706237.0,536.3825073242188,563.0,1043264.0,331.6523132324219,329.0,662973.0,False,vLH92_MN_60x-1xzoom_0004_XY18_Dapi-ex_Green-em.tif,239.48934936523438,227.0,944546.0,270.02313232421875,268.0,525195.0,209.7803955078125,209.0,419351.0,286.14067524414065,389.9073073242188,185.17711323242187,231.5248,416.5248,182.5248,92.1645493652344,122.69833232421877,62.45559550781252,79.67520000000002,120.67520000000002,61.67520000000002,1mM 2DG,1h,yes,MN,3.104671776891218,2.9058577825973444,3.1777718567023836,3.4516188910397494,2.9649403184260446,2.9594520974394887
vLH92_MN_60x-1xzoom_0004_XY18_488.tif,16,996,593,403,0.5953815261044176,204.98599243164062,0.6573944907063312,211.2530059814453,207.0,210408.0,229.80892944335938,229.0,92613.0,198.6425018310547,198.0,117795.0,False,vLH92_MN_60x-1xzoom_0004_XY18_Dapi-ex_Green-em.tif,229.15260314941406,225.0,228236.0,246.77420043945312,246.0,99450.0,217.17706298828125,215.0,128786.0,64.77780598144531,83.33372944335937,52.16730183105469,60.5248,82.5248,51.5248,81.82780314941408,99.44940043945314,69.85226298828127,77.67520000000002,98.67520000000002,67.67520000000002,1mM 2DG,1h,yes,MN,0.7916356481325033,0.779203658310503,0.8379510492282423,0.8363276689583602,0.7468233611816772,0.761354233160744
vLH92_MN_60x-1xzoom_0004_XY18_488.tif,17,4865,1873,2992,0.38499486125385407,616.9785766601562,0.6888037617040325,738.1480102539062,619.0,3591090.0,866.6487426757812,959.0,2593013.0,532.8761596679688,540.0,998077.0,False,vLH92_MN_60x-1xzoom_0004_XY18_Dapi-ex_Green-em.tif,429.8836669921875,374.0,2091384.0,488.2383117675781,529.0,1460809.0,336.665771484375,340.0,630575.0,591.6728102539063,720.1735426757813,386.4009596679688,472.5248,812.5248,393.5248,282.5588669921875,340.91351176757814,189.34097148437502,226.67520000000002,381.6752,192.67520000000002,1mM 2DG,1h,yes,MN,2.093980686404244,2.084589756620927,2.1124816641669755,2.1288383421296433,2.0407678097281536,2.0424258025942104
vLH92_MN_60x-1xzoom_0004_XY18_488.tif,18,898,465,433,0.5178173719376392,223.06893920898438,0.2984551852537744,225.37527465820312,223.0,202387.0,238.40646362304688,235.0,103230.0,213.24085998535156,212.0,99157.0,False,vLH92_MN_60x-1xzoom_0004_XY18_Dapi-ex_Green-em.tif,353.2193908691406,358.0,317191.0,385.5912170410156,386.0,166961.0,323.07525634765625,328.0,150230.0,78.90007465820312,91.93126362304687,66.76565998535156,76.5248,88.5248,65.5248,205.89459086914064,238.26641704101564,175.75045634765627,210.67520000000002,238.67520000000002,180.67520000000002,1mM 2DG,1h,yes,MN,0.38320615575738576,0.36323591955768875,0.3858339113196202,0.37090070522618185,0.3798889708330588,0.36266626520961365
vLH92_MN_60x-1xzoom_0004_XY18_488.tif,19,1500,942,558,0.628,271.92771911621094,0.36929822532639167,278.5893249511719,273.0,417884.0,300.7956848144531,290.0,167844.0,265.43524169921875,265.0,250040.0,False,vLH92_MN_60x-1xzoom_0004_XY18_Dapi-ex_Green-em.tif,244.35733032226562,236.0,366536.0,249.14695739746094,239.0,139024.0,241.52017211914062,235.0,227512.0,132.11412495117187,154.32048481445312,118.96004169921875,126.5248,143.5248,118.5248,97.03253032226564,101.82215739746096,94.19537211914064,88.67520000000002,91.67520000000002,87.67520000000002,1mM 2DG,1h,yes,MN,1.3615446748878217,1.4268341091985128,1.5155884412472806,1.5655793497041728,1.262907497713955,1.3518623282296474
vLH92_MN_60x-1xzoom_0004_XY18_488.tif,20,1200,805,395,0.6708333333333333,190.10093688964844,0.5782325808186489,191.29083251953125,191.0,229549.0,198.64556884765625,197.0,78465.0,187.68199157714844,187.0,151084.0,False,vLH92_MN_60x-1xzoom_0004_XY18_Dapi-ex_Green-em.tif,240.77000427246094,241.0,288924.0,250.78480529785156,251.0,99060.0,235.85589599609375,236.0,189864.0,44.81563251953125,52.17036884765625,41.20679157714844,44.5248,50.5248,40.5248,93.44520427246096,103.46000529785158,88.53109599609377,93.67520000000002,103.67520000000002,88.67520000000002,1mM 2DG,1h,yes,MN,0.47959264328708595,0.47531043435188813,0.5042563906454739,0.4873373767304041,0.46544992031914517,0.45700263433293625
vLH92_MN_60x-1xzoom_0004_XY18_488.tif,21,1560,807,753,0.5173076923076924,222.84957885742188,0.5913578686276301,233.3326873779297,225.0,363999.0,250.75033569335938,242.0,188815.0,217.08055114746094,217.0,175184.0,False,vLH92_MN_60x-1xzoom_0004_XY18_Dapi-ex_Green-em.tif,191.32435607910156,189.0,298466.0,197.1314697265625,194.0,148440.0,185.90582275390625,186.0,150026.0,86.85748737792969,104.27513569335937,70.60535114746094,78.5248,95.5248,70.5248,43.99955607910158,49.80666972656252,38.58102275390627,41.67520000000002,46.67520000000002,38.67520000000002,1mM 2DG,1h,yes,MN,1.9740537204916095,1.8842093139325058,2.0935978306886907,2.0465857671740015,1.8300538997585867,1.823514810524573
vLH92_MN_60x-1xzoom_0004_XY18_488.tif,22,580,318,262,0.5482758620689655,196.32489013671875,0.6473506531760794,199.9120635986328,198.0,115949.0,210.11068725585938,206.0,55049.0,191.50942993164062,191.0,60900.0,False,vLH92_MN_60x-1xzoom_0004_XY18_Dapi-ex_Green-em.tif,254.07069396972656,244.0,147361.0,284.916015625,270.0,74648.0,228.6572265625,226.0,72713.0,53.43686359863281,63.635487255859374,45.034229931640624,51.5248,59.5248,44.5248,106.74589396972658,137.59121562500002,81.33242656250002,96.67520000000002,122.67520000000002,78.67520000000002,1mM 2DG,1h,yes,MN,0.5005987735114912,0.5329681241931745,0.4624967296552975,0.485222767111853,0.5537057215062188,0.5659318311234034
vLH92_MN_60x-1xzoom_0004_XY18_488.tif,23,820,563,257,0.6865853658536586,191.95162200927734,0.7160971922704332,197.83901977539062,193.0,162228.0,214.8638153076172,206.0,55220.0,190.06748962402344,190.0,107008.0,False,vLH92_MN_60x-1xzoom_0004_XY18_Dapi-ex_Green-em.tif,259.1109619140625,248.0,212471.0,291.6498107910156,262.0,74954.0,244.25755310058594,244.0,137517.0,51.363819775390624,68.38861530761719,43.59228962402344,46.5248,59.5248,43.5248,111.78616191406252,144.32501079101564,96.93275310058596,100.67520000000002,114.67520000000002,96.67520000000002,1mM 2DG,1h,yes,MN,0.4594828098211067,0.4621277136772511,0.47385144773447985,0.5190729992186627,0.4497168215039579,0.4502168084472542
vLH92_MN_60x-1xzoom_0004_XY18_488.tif,24,1179,676,525,0.5733672603901612,185.42576599121094,0.49982464895746165,190.3341827392578,186.0,224404.0,204.66856384277344,200.0,107451.0,178.3298797607422,178.0,120551.0,False,vLH92_MN_60x-1xzoom_0004_XY18_Dapi-ex_Green-em.tif,208.32655334472656,204.0,245617.0,225.73904418945312,222.0,118513.0,193.93934631347656,193.0,131103.0,43.85898273925781,58.19336384277344,31.854679760742187,39.5248,53.5248,31.5248,61.00175334472658,78.41424418945314,46.61454631347658,56.67520000000002,74.67520000000002,45.67520000000002,1mM 2DG,1h,yes,MN,0.7189790511660644,0.6973914516402233,0.7421274596765233,0.7167680836475829,0.6833635051711913,0.690195116824885
vLH92_MN_60x-1xzoom_0004_XY19_488.tif,1,2918,0,2918,0.0,318.8483123779297,,316.49383544921875,317.0,923529.0,316.49383544921875,317.0,923529.0,,,,True,vLH92_MN_60x-1xzoom_0004_XY19_Dapi-ex_Green-em.tif,217.3546905517578,212.0,634241.0,217.3546905517578,212.0,634241.0,,,,169.56423544921876,169.56423544921876,,170.0704,170.0704,,70.25869055175781,70.25869055175781,,64.904,64.904,,1mM 2DG,1h,yes,MN,2.4134272090412083,2.6203377295698265,2.4134272090412083,2.6203377295698265,,
vLH92_MN_60x-1xzoom_0004_XY19_488.tif,2,1965,990,975,0.5038167938931297,836.6722412109375,0.2313229383892629,833.3877563476562,834.0,1637607.0,943.984619140625,883.0,920385.0,724.4666748046875,767.0,717222.0,False,vLH92_MN_60x-1xzoom_0004_XY19_Dapi-ex_Green-em.tif,355.8284912109375,361.0,699203.0,380.6933288574219,375.0,371176.0,331.34039306640625,338.0,328027.0,686.4581563476563,797.0550191406251,577.5370748046876,687.0704000000001,736.0704000000001,620.0704000000001,208.7324912109375,233.59732885742187,184.24439306640625,213.904,227.904,190.904,1mM 2DG,1h,yes,MN,3.2886981435676277,3.212050265539682,3.4120896118085082,3.2297388374052236,3.1346249684598484,3.2480744248418056
vLH92_MN_60x-1xzoom_0004_XY19_488.tif,3,1762,932,830,0.52894438138479,479.78688049316406,0.6659967237749945,503.2162170410156,484.5,886667.0,557.6361694335938,529.0,462838.0,454.75213623046875,459.0,423829.0,False,vLH92_MN_60x-1xzoom_0004_XY19_Dapi-ex_Green-em.tif,271.56243896484375,267.0,478493.0,285.23614501953125,280.0,236746.0,259.38519287109375,258.0,241747.0,356.28661704101563,410.70656943359376,307.82253623046876,337.5704,382.0704,312.0704,124.46643896484375,138.14014501953125,112.28919287109375,119.904,132.904,110.904,1mM 2DG,1h,yes,MN,2.8625115332628,2.8153389378169202,2.973115232907314,2.874784807078794,2.7413371523993786,2.813878669840583
vLH92_MN_60x-1xzoom_0004_XY19_488.tif,4,2669,1124,1545,0.42113150992881226,857.0386352539062,0.49801765707519785,956.2850952148438,857.0,2552325.0,1093.2479248046875,1034.0,1689068.0,768.022216796875,778.0,863257.0,False,vLH92_MN_60x-1xzoom_0004_XY19_Dapi-ex_Green-em.tif,379.8179016113281,356.0,1013734.0,423.929443359375,417.0,654971.0,319.1841735839844,320.0,358763.0,809.3554952148438,946.3183248046876,621.0926167968751,710.0704000000001,887.0704000000001,631.0704000000001,232.72190161132812,276.833443359375,172.08817358398437,208.904,269.904,172.904,1mM 2DG,1h,yes,MN,3.4777796572260695,3.399027304407767,3.4183670633183287,3.28661449997036,3.609153400037467,3.6498311201591638
vLH92_MN_60x-1xzoom_0004_XY19_488.tif,5,4259,2131,2128,0.5003521953510214,401.4503173828125,0.3546014224456776,419.2465515136719,401.0,1785571.0,469.25,450.0,998564.0,369.3134765625,370.0,787007.0,False,vLH92_MN_60x-1xzoom_0004_XY19_Dapi-ex_Green-em.tif,241.80206298828125,236.0,1029835.0,259.9384460449219,254.0,553149.0,223.69122314453125,222.0,476686.0,272.3169515136719,322.3204,222.3838765625,254.0704,303.0704,223.0704,94.70606298828125,112.84244604492187,76.59522314453125,88.904,106.904,74.904,1mM 2DG,1h,yes,MN,2.875390898124103,2.857806172950599,2.8563755155722723,2.834977175783881,2.903364823976987,2.9780839474527396
vLH92_MN_60x-1xzoom_0004_XY19_488.tif,6,2327,1176,1151,0.5053717232488182,397.7648010253906,0.6473130869799815,428.14569091796875,398.0,996295.0,487.2371826171875,461.0,560810.0,370.31036376953125,370.0,435485.0,False,vLH92_MN_60x-1xzoom_0004_XY19_Dapi-ex_Green-em.tif,268.3124084472656,261.0,624363.0,289.1103515625,283.0,332766.0,247.95663452148438,248.0,291597.0,281.21609091796876,340.3075826171875,223.38076376953126,251.0704,314.0704,223.0704,121.21640844726562,142.0143515625,100.86063452148437,113.904,135.904,100.904,1mM 2DG,1h,yes,MN,2.3199506941365113,2.2042281219272373,2.3962900852835243,2.3109724511419825,2.2147467624938333,2.210719099341949
vLH92_MN_60x-1xzoom_0004_XY19_488.tif,7,2565,1248,1317,0.4865497076023392,702.95361328125,0.5211040723578231,716.2385864257812,703.0,1837152.0,779.22021484375,753.0,1026233.0,649.7748413085938,659.0,810919.0,False,vLH92_MN_60x-1xzoom_0004_XY19_Dapi-ex_Green-em.tif,324.2822570800781,320.0,831784.0,338.0349426269531,332.0,445192.0,309.76922607421875,303.0,386592.0,569.3089864257813,632.2906148437501,502.84524130859376,556.0704000000001,606.0704000000001,512.0704000000001,177.18625708007812,190.93894262695312,162.67322607421875,172.904,184.904,155.904,1mM 2DG,1h,yes,MN,3.213053855347743,3.216064405681766,3.311480655253693,3.2777571063903435,3.0911370816434993,3.28452380952381
vLH92_MN_60x-1xzoom_0004_XY19_488.tif,8,1856,937,919,0.5048491379310345,336.3080596923828,0.5750396333918958,354.2333068847656,339.0,657457.0,391.8324279785156,371.0,360094.0,317.3564453125,317.0,297363.0,False,vLH92_MN_60x-1xzoom_0004_XY19_Dapi-ex_Green-em.tif,233.78610229492188,230.0,433907.0,245.30250549316406,241.0,225433.0,222.4909210205078,222.0,208474.0,207.30370688476563,244.90282797851563,170.4268453125,192.0704,224.0704,170.0704,86.69010229492187,98.20650549316406,75.39492102050781,82.904,93.904,74.904,1mM 2DG,1h,yes,MN,2.3913192094238545,2.3167808549647786,2.4937536138638268,2.3861645936275346,2.2604552535593614,2.2705115881661864
vLH92_MN_60x-1xzoom_0004_XY19_488.tif,9,2700,1489,1211,0.5514814814814815,654.4810180664062,0.15666603978908503,653.6244506835938,650.0,1764786.0,779.1048583984375,744.0,943496.0,551.571533203125,580.0,821290.0,False,vLH92_MN_60x-1xzoom_0004_XY19_Dapi-ex_Green-em.tif,292.238525390625,288.0,789044.0,328.0082702636719,319.0,397218.0,263.1470642089844,265.0,391826.0,506.69485068359376,632.1752583984376,404.641933203125,503.0704,597.0704000000001,433.0704,145.142525390625,180.91227026367187,116.05106420898437,140.904,171.904,117.904,1mM 2DG,1h,yes,MN,3.4910158089086276,3.5703060239595756,3.4943746904345914,3.4732781087118396,3.4867576265776172,3.6730764011399106
vLH92_MN_60x-1xzoom_0004_XY19_488.tif,10,3442,1638,1805,0.4758861127251598,634.7408447265625,0.4360008860905857,637.8933715820312,633.0,2195629.0,713.2720336914062,702.0,1287456.0,554.6758422851562,546.0,908559.0,False,vLH92_MN_60x-1xzoom_0004_XY19_Dapi-ex_Green-em.tif,348.8800048828125,342.0,1200845.0,373.7822570800781,370.0,674677.0,321.3785095214844,314.0,526418.0,490.96377158203126,566.3424336914063,407.74624228515626,486.0704,555.0704000000001,399.0704,201.7840048828125,226.68625708007812,174.28250952148437,194.904,222.904,166.904,1mM 2DG,1h,yes,MN,2.433115409059117,2.493896482370808,2.498353631959889,2.490176937156803,2.339570639673926,2.3910175909504865
vLH92_MN_60x-1xzoom_0004_XY19_488.tif,11,2645,1406,1239,0.5315689981096409,741.1957397460938,0.5168296982721221,771.0556030273438,748.0,2039442.0,843.2073974609375,823.0,1044734.0,707.4736938476562,717.0,994708.0,False,vLH92_MN_60x-1xzoom_0004_XY19_Dapi-ex_Green-em.tif,371.0892333984375,370.0,981531.0,387.0742492675781,386.0,479585.0,357.0028381347656,359.0,501946.0,624.1260030273438,696.2777974609376,560.5440938476563,601.0704000000001,676.0704000000001,570.0704000000001,223.9932333984375,239.97824926757812,209.90683813476562,222.904,238.904,211.904,1mM 2DG,1h,yes,MN,2.786360969740336,2.696543803610523,2.9014204395023357,2.8298831329739147,2.6704422725274557,2.690229537903957
vLH92_MN_60x-1xzoom_0004_XY19_488.tif,12,1988,971,1017,0.48843058350100604,483.37506103515625,0.6608511172622464,505.0281677246094,482.0,1003996.0,595.2418823242188,585.0,605361.0,410.5406799316406,407.0,398635.0,False,vLH92_MN_60x-1xzoom_0004_XY19_Dapi-ex_Green-em.tif,270.557861328125,261.0,537869.0,300.3441467285156,295.0,305450.0,239.36045837402344,238.0,232419.0,358.0985677246094,448.31228232421876,263.61107993164063,335.0704,438.0704,260.0704,123.461861328125,153.24814672851562,92.26445837402343,113.904,147.904,90.904,1mM 2DG,1h,yes,MN,2.9004792562853856,2.941691248770895,2.9254010041532146,2.9618563392470794,2.8571248840264034,2.860934612338291
vLH92_MN_60x-1xzoom_0004_XY19_488.tif,13,2488,1289,1199,0.5180868167202572,552.7684326171875,0.5932600128266198,641.4449462890625,558.0,1595915.0,776.77734375,716.0,931356.0,515.5616455078125,521.0,664559.0,False,vLH92_MN_60x-1xzoom_0004_XY19_Dapi-ex_Green-em.tif,300.678466796875,275.5,748088.0,343.39117431640625,320.0,411726.0,260.9480285644531,261.0,336362.0,494.5153462890625,629.8477437500001,368.6320455078125,411.0704,569.0704000000001,374.0704,153.582466796875,196.29517431640625,113.85202856445312,128.404,172.904,113.904,1mM 2DG,1h,yes,MN,3.2198684954259673,3.201383134481792,3.2086766571997063,3.2912506361911817,3.2378171048496083,3.284084843376879
vLH92_MN_60x-1xzoom_0004_XY19_488.tif,14,2528,1141,1387,0.4513449367088608,847.3208312988281,0.5640382584274046,849.2373657226562,847.0,2146872.0,967.5659790039062,973.0,1342014.0,705.3970336914062,709.0,804858.0,False,vLH92_MN_60x-1xzoom_0004_XY19_Dapi-ex_Green-em.tif,388.7677917480469,390.0,982805.0,416.65826416015625,418.0,577905.0,354.8641662597656,351.0,404900.0,702.3077657226563,820.6363790039063,558.4674336914063,700.0704000000001,826.0704000000001,562.0704000000001,241.67179174804687,269.56226416015625,207.76816625976562,242.904,270.904,203.904,1mM 2DG,1h,yes,MN,2.906039470485004,2.8820867503211147,3.0443295969510697,3.0493104568408,2.687935518443057,2.756544256120528
vLH92_MN_60x-1xzoom_0004_XY19_488.tif,15,3844,1870,1974,0.48647242455775236,673.2040405273438,0.5420707933528126,845.1917114257812,678.5,3248917.0,1102.67529296875,1199.0,2176681.0,573.3882446289062,582.0,1072236.0,False,vLH92_MN_60x-1xzoom_0004_XY19_Dapi-ex_Green-em.tif,388.6316223144531,331.0,1493900.0,475.4032287597656,504.0,938446.0,297.0342102050781,302.0,555454.0,698.2621114257813,955.7456929687501,426.45864462890626,531.5704000000001,1052.0704,435.0704,241.53562231445312,328.3072287597656,149.93821020507812,183.904,356.904,154.904,1mM 2DG,1h,yes,MN,2.8909280740242944,2.8904776405080916,2.9111320411044135,2.947768587631408,2.8442292598105383,2.8086453545421683
vLH92_MN_60x-1xzoom_0004_XY19_488.tif,16,2708,1533,1175,0.5661004431314623,1518.8353881835938,0.12197962818473725,1516.0904541015625,1530.0,4105573.0,1823.7208251953125,1756.0,2142872.0,1280.3006591796875,1406.0,1962701.0,False,vLH92_MN_60x-1xzoom_0004_XY19_Dapi-ex_Green-em.tif,457.3064880371094,450.0,1238386.0,516.7446899414062,502.0,607175.0,411.7488708496094,422.0,631211.0,1369.1608541015626,1676.7912251953126,1133.3710591796876,1383.0704,1609.0704,1259.0704,310.21048803710937,369.64868994140625,264.65287084960937,302.904,354.904,274.904,1mM 2DG,1h,yes,MN,4.41365107532333,4.566035443572882,4.536175213987919,4.533818722809548,4.282481635439098,4.580036667345692
vLH92_MN_60x-1xzoom_0004_XY19_488.tif,17,1569,800,771,0.5098789037603569,822.8448486328125,0.34717752661635104,802.3091430664062,817.0,1258823.0,964.9286499023438,911.0,743960.0,644.6900024414062,670.0,515752.0,False,vLH92_MN_60x-1xzoom_0004_XY19_Dapi-ex_Green-em.tif,317.484375,315.0,498133.0,344.0726318359375,339.0,265280.0,291.7537536621094,291.0,233403.0,655.3795430664063,817.9990499023438,497.76040244140626,670.0704000000001,764.0704000000001,523.0704000000001,170.388375,196.9766318359375,144.65775366210937,167.904,191.904,143.904,1mM 2DG,1h,yes,MN,3.8463864865569986,3.990794739851344,4.152772043455682,3.9815240953810243,3.440952108271166,3.6348565710473655
vLH92_MN_60x-1xzoom_0004_XY19_488.tif,18,3514,1680,1834,0.47808764940239046,874.3583984375,0.8051880741588667,1006.8124389648438,888.0,3537939.0,1197.046875,1258.0,2195384.0,799.139892578125,815.0,1342555.0,False,vLH92_MN_60x-1xzoom_0004_XY19_Dapi-ex_Green-em.tif,355.0224914550781,326.0,1247549.0,410.1090393066406,412.0,752140.0,294.8863220214844,296.0,495409.0,859.8828389648438,1050.117275,652.2102925781251,741.0704000000001,1111.0704,668.0704000000001,207.92649145507812,263.0130393066406,147.79032202148437,178.904,264.904,148.904,1mM 2DG,1h,yes,MN,4.135513627664029,4.142279658364263,3.9926433980928735,4.1942379126023015,4.41307849970929,4.486584645140494
vLH92_MN_60x-1xzoom_0004_XY19_488.tif,19,2956,1469,1487,0.4969553450608931,242.9279327392578,0.6619496958050112,265.6518859863281,248.0,785267.0,301.9246826171875,308.0,448962.0,228.9346466064453,229.0,336305.0,False,vLH92_MN_60x-1xzoom_0004_XY19_Dapi-ex_Green-em.tif,211.96820068359375,203.0,626578.0,232.11634826660156,226.0,345157.0,191.57318115234375,192.0,281421.0,118.72228598632813,154.9950826171875,82.00504660644532,101.0704,161.0704,82.0704,64.87220068359375,85.02034826660156,44.477181152343746,55.903999999999996,78.904,44.903999999999996,1mM 2DG,1h,yes,MN,1.8300949364332746,1.8079278763594737,1.823035141318917,2.041346446314509,1.8437554827398055,1.8276857295563873
vLH92_MN_60x-1xzoom_0004_XY20_488.tif,1,3631,1955,1676,0.538419168273203,400.1474914550781,0.5346979035344828,450.911865234375,401.0,1637261.0,573.3949584960938,601.0,961010.0,345.908447265625,336.0,676251.0,False,vLH92_MN_60x-1xzoom_0004_XY20_Dapi-ex_Green-em.tif,259.04681396484375,238.0,940599.0,305.1390075683594,300.5,511413.0,219.53248596191406,212.0,429186.0,302.719865234375,425.20295849609374,197.716447265625,252.808,452.808,187.808,110.90921396484376,157.00140756835938,71.39488596191407,89.86240000000001,152.3624,63.86240000000001,1mM 2DG,1h,yes,MN,2.729438379486954,2.81327896873442,2.708274817924532,2.9719143305697466,2.7693362711034757,2.940822768953249
vLH92_MN_60x-1xzoom_0004_XY20_488.tif,2,4026,1975,2051,0.49056135121708894,666.9926452636719,0.5874034791632542,757.4691772460938,668.0,3049571.0,926.3793334960938,926.0,1900004.0,582.0592651367188,581.0,1149567.0,False,vLH92_MN_60x-1xzoom_0004_XY20_Dapi-ex_Green-em.tif,338.9657287597656,319.0,1364676.0,386.1799011230469,392.0,792055.0,289.9346923828125,290.0,572621.0,609.2771772460937,778.1873334960937,433.86726513671874,519.808,777.808,432.808,190.82812875976563,238.04230112304688,141.7970923828125,170.8624,243.8624,141.8624,1mM 2DG,1h,yes,MN,3.19280590972579,3.042260907022259,3.269113639990564,3.189536394294487,3.059775471032921,3.050900027068483
vLH92_MN_60x-1xzoom_0004_XY20_488.tif,3,3930,1801,2129,0.4582697201017812,911.5093383789062,0.4490763642979813,1049.3350830078125,923.0,4123887.0,1236.030517578125,1281.0,2631509.0,828.6385498046875,850.0,1492378.0,False,vLH92_MN_60x-1xzoom_0004_XY20_Dapi-ex_Green-em.tif,385.4539489746094,351.0,1514834.0,440.9976501464844,450.0,938884.0,319.7945556640625,325.0,575950.0,901.1430830078125,1087.838517578125,680.4465498046875,774.808,1132.808,701.808,237.31634897460938,292.86005014648435,171.6569556640625,202.8624,301.8624,176.8624,1mM 2DG,1h,yes,MN,3.7972229342877104,3.81937707529833,3.714533672428192,3.7527297205614216,3.9639905483139324,3.968101755941342
vLH92_MN_60x-1xzoom_0004_XY20_488.tif,4,2638,1300,1338,0.4927975739196361,434.3497619628906,0.7822749253751283,525.74072265625,436.0,1386904.0,666.0396118164062,705.0,891161.0,381.34075927734375,382.0,495743.0,False,vLH92_MN_60x-1xzoom_0004_XY20_Dapi-ex_Green-em.tif,309.478759765625,249.0,816405.0,387.47607421875,336.0,518443.0,229.2015380859375,229.0,297962.0,377.54872265625,517.8476118164062,233.14875927734374,287.808,556.808,233.808,161.341159765625,239.33847421875,81.06393808593751,100.86240000000001,187.8624,80.86240000000001,1mM 2DG,1h,yes,MN,2.340064514254779,2.853471660400704,2.163662208956447,2.9639140136610624,2.8761094610303544,2.8914303804982286
vLH92_MN_60x-1xzoom_0004_XY20_488.tif,5,4281,0,4281,0.0,1075.044677734375,,1211.8670654296875,1081.0,5188003.0,1211.8670654296875,1081.0,5188003.0,,,,True,vLH92_MN_60x-1xzoom_0004_XY20_Dapi-ex_Green-em.tif,373.6734313964844,344.0,1599696.0,373.6734313964844,344.0,1599696.0,,,,1063.6750654296875,1063.6750654296875,,932.808,932.808,,225.53583139648438,225.53583139648438,,195.8624,195.8624,,1mM 2DG,1h,yes,MN,4.716213201439299,4.762568006927312,4.716213201439299,4.762568006927312,,
vLH92_MN_60x-1xzoom_0004_XY20_488.tif,6,4341,1805,2537,0.4158028104123474,555.0398559570312,0.7673873835815482,655.2921142578125,558.0,2844623.0,788.2262573242188,777.0,1999730.0,468.23046875,485.0,845156.0,False,vLH92_MN_60x-1xzoom_0004_XY20_Dapi-ex_Green-em.tif,260.8880310058594,240.0,1132515.0,291.277099609375,280.0,738970.0,218.1529083251953,218.0,393766.0,507.1001142578125,640.0342573242187,320.03846875,409.808,628.808,336.808,112.75043100585938,143.139499609375,70.01530832519532,91.86240000000001,131.8624,69.86240000000001,1mM 2DG,1h,yes,MN,4.497544796360554,4.461107047061692,4.471402087270531,4.768667944766666,4.570978496067448,4.82101960425064
vLH92_MN_60x-1xzoom_0004_XY21_488.tif,1,3330,1620,1710,0.4864864864864865,272.427490234375,0.8198202293870149,295.2507629394531,277.0,983185.0,334.44561767578125,336.0,571902.0,253.87838745117188,254.0,411283.0,False,vLH92_MN_60x-1xzoom_0004_XY21_Dapi-ex_Green-em.tif,219.01051330566406,207.0,729305.0,239.6052703857422,229.0,409725.0,197.2716064453125,197.0,319580.0,148.62996293945312,187.82481767578125,107.25758745117187,130.3792,189.3792,107.3792,71.86971330566405,92.46447038574217,50.13080644531249,59.85919999999999,81.85919999999999,49.85919999999999,1mM 2DG,1h,yes,MN,2.0680472497131777,2.178097936490966,2.031318807020858,2.3134748446112354,2.139554398913945,2.153648674667865
vLH92_MN_60x-1xzoom_0004_XY21_488.tif,2,4243,1873,2370,0.44143294838557623,501.544921875,0.7025880981347842,549.6768798828125,506.0,2332279.0,632.8189697265625,662.0,1499781.0,444.4730529785156,447.0,832498.0,False,vLH92_MN_60x-1xzoom_0004_XY21_Dapi-ex_Green-em.tif,256.97430419921875,250.0,1090342.0,279.5945129394531,279.0,662639.0,228.35183715820312,228.0,427703.0,403.05607988281247,486.19816972656247,297.8522529785156,359.37919999999997,515.3792,300.37919999999997,109.83350419921874,132.4537129394531,81.21103715820311,102.85919999999999,131.8592,80.85919999999999,1mM 2DG,1h,yes,MN,3.669700632984807,3.4938945665531134,3.6707024585170527,3.908557006261224,3.667632669168905,3.714842590577201
vLH92_MN_60x-1xzoom_0004_XY21_488.tif,3,2439,1353,1086,0.5547355473554736,234.52084350585938,0.4921668922063919,245.05494689941406,237.0,597689.0,264.8968811035156,256.5,287678.0,229.12860107421875,229.0,310011.0,False,vLH92_MN_60x-1xzoom_0004_XY21_Dapi-ex_Green-em.tif,233.77122497558594,230.0,570168.0,245.52117919921875,243.0,266636.0,224.33998107910156,224.0,303532.0,98.43414689941406,118.27608110351562,82.50780107421875,90.3792,109.8792,82.3792,86.63042497558592,98.38037919921874,77.19918107910155,82.85919999999999,95.85919999999999,76.85919999999999,1mM 2DG,1h,yes,MN,1.1362537691250463,1.090756367428119,1.2022324173401324,1.1462561757243959,1.068765237155531,1.0718196390282493
vLH92_MN_60x-1xzoom_0004_XY21_488.tif,4,4406,2076,2330,0.4711756695415343,284.9267578125,0.5796676410395842,303.1255187988281,286.0,1335571.0,353.5682373046875,364.0,823814.0,246.51107788085938,240.5,511757.0,False,vLH92_MN_60x-1xzoom_0004_XY21_Dapi-ex_Green-em.tif,222.08193969726562,215.0,978493.0,240.9725341796875,237.0,561466.0,200.8800506591797,197.0,417027.0,156.50471879882812,206.9474373046875,99.89027788085937,139.3792,217.3792,93.8792,74.94113969726561,93.83173417968749,53.739250659179675,67.85919999999999,89.85919999999999,49.85919999999999,1mM 2DG,1h,yes,MN,2.0883685440473565,2.05394699613317,2.20551649304897,2.419109006089527,1.8587955108338718,1.8828862075604909
vLH92_MN_60x-1xzoom_0004_XY21_488.tif,5,3736,1889,1847,0.5056209850107066,400.7857360839844,0.4365801749534403,433.9828796386719,407.0,1621360.0,486.6047668457031,492.0,898759.0,382.5309753417969,382.0,722601.0,False,vLH92_MN_60x-1xzoom_0004_XY21_Dapi-ex_Green-em.tif,260.87152099609375,249.0,974616.0,286.2647399902344,283.0,528731.0,236.04287719726562,236.0,445885.0,287.36207963867184,339.9839668457031,235.91017534179687,260.37919999999997,345.37919999999997,235.3792,113.73072099609374,139.12393999023436,88.90207719726561,101.85919999999999,135.8592,88.85919999999999,1mM 2DG,1h,yes,MN,2.526688278433949,2.556265904307122,2.4437488391255155,2.542184850197852,2.653595762653933,2.6489007328447705
vLH92_MN_60x-1xzoom_0004_XY21_488.tif,6,5361,0,5361,0.0,770.38623046875,,951.1973266601562,781.0,5099369.0,951.1973266601562,781.0,5099369.0,,,,True,vLH92_MN_60x-1xzoom_0004_XY21_Dapi-ex_Green-em.tif,326.8668212890625,291.0,1752333.0,326.8668212890625,291.0,1752333.0,,,,804.5765266601562,804.5765266601562,,634.3792,634.3792,,179.7260212890625,179.7260212890625,,143.8592,143.8592,,1mM 2DG,1h,yes,MN,4.476683570300123,4.40972284011033,4.476683570300123,4.40972284011033,,
vLH92_MN_60x-1xzoom_0004_XY21_488.tif,7,4501,1971,2530,0.43790268829149076,579.5655517578125,0.6019139602326162,638.0830688476562,588.0,2872012.0,795.8035278320312,840.0,2013383.0,435.63116455078125,415.0,858629.0,False,vLH92_MN_60x-1xzoom_0004_XY21_Dapi-ex_Green-em.tif,288.1448669433594,278.0,1296940.0,325.7237243652344,328.0,824081.0,239.90817260742188,237.0,472859.0,491.4622688476562,649.1827278320312,289.0103645507812,441.37919999999997,693.3792,268.37919999999997,141.00406694335936,178.58292436523436,92.76737260742186,130.8592,180.8592,89.85919999999999,1mM 2DG,1h,yes,MN,3.4854474732638328,3.3729321285778915,3.635189255297081,3.8338066296876243,3.1154311739951006,2.986663580356825
vLH92_MN_60x-1xzoom_0004_XY21_488.tif,8,3018,1428,1591,0.4731610337972167,666.4578247070312,0.6529270379453298,781.330322265625,676.0,2358055.0,945.0949096679688,992.0,1503646.0,598.5405883789062,614.0,854716.0,False,vLH92_MN_60x-1xzoom_0004_XY21_Dapi-ex_Green-em.tif,365.2060852050781,330.0,1102192.0,421.44061279296875,426.0,670512.0,302.4992980957031,305.0,431969.0,634.709522265625,798.4741096679687,451.9197883789062,529.3792,845.3792,467.37919999999997,218.0652852050781,274.29981279296874,155.3584980957031,182.8592,278.8592,157.8592,1mM 2DG,1h,yes,MN,2.9106399107437775,2.895009931138275,2.910953899449531,3.031562881913166,2.9088836073873283,2.960734629340577
vLH92_MN_60x-1xzoom_0004_XY21_488.tif,9,3665,0,3665,0.0,1460.870849609375,,1314.20654296875,1467.0,4816567.0,1314.20654296875,1467.0,4816567.0,,,,True,vLH92_MN_60x-1xzoom_0004_XY21_Dapi-ex_Green-em.tif,458.02618408203125,503.0,1678666.0,458.02618408203125,503.0,1678666.0,,,,1167.58574296875,1167.58574296875,,1320.3792,1320.3792,,310.88538408203124,310.88538408203124,,355.8592,355.8592,,1mM 2DG,1h,yes,MN,3.7556791111822325,3.710397820261497,3.7556791111822325,3.710397820261497,,
vLH92_MN_60x-1xzoom_0004_XY21_488.tif,10,4478,2214,2264,0.4944171505136222,613.7319946289062,0.40614760332143796,653.9691772460938,617.0,2928474.0,794.4695434570312,827.0,1798679.0,510.29583740234375,491.0,1129795.0,False,vLH92_MN_60x-1xzoom_0004_XY21_Dapi-ex_Green-em.tif,262.2012023925781,250.0,1174137.0,292.8162536621094,293.0,662936.0,230.89476013183594,228.0,511201.0,507.3483772460937,647.8487434570312,363.6750374023437,470.37919999999997,680.3792,344.37919999999997,115.06040239257811,145.67545366210936,83.75396013183592,102.85919999999999,145.8592,80.85919999999999,1mM 2DG,1h,yes,MN,4.409409029485715,4.573039650318105,4.447205944247138,4.664629999341831,4.34218318548625,4.258998357638958
vLH92_MN_60x-1xzoom_0004_XY21_488.tif,11,5094,2919,2177,0.5730270906949352,1103.295166015625,0.1364727036403705,1169.3831787109375,1105.5,5956838.0,1486.349609375,1534.0,3235783.0,932.426513671875,989.0,2721753.0,False,vLH92_MN_60x-1xzoom_0004_XY21_Dapi-ex_Green-em.tif,358.43817138671875,343.0,1825884.0,429.5870361328125,433.0,935211.0,305.2679138183594,311.0,891077.0,1022.7623787109375,1339.728809375,785.805713671875,958.8792,1387.3792,842.3792,211.29737138671874,282.4462361328125,158.12711381835936,195.8592,285.8592,163.8592,1mM 2DG,1h,yes,MN,4.840393290265153,4.895757768846192,4.743305585226598,4.853365572981384,4.969455868109565,5.14087216341835
vLH92_MN_60x-1xzoom_0004_XY22_488.tif,1,3628,1717,1911,0.47326350606394707,421.5354309082031,0.6760290350658841,453.8437194824219,430.0,1646545.0,519.4620361328125,529.0,992692.0,380.8113098144531,378.0,653853.0,False,vLH92_MN_60x-1xzoom_0004_XY22_Dapi-ex_Green-em.tif,276.4517517089844,257.0,1002967.0,312.4045104980469,304.0,597005.0,236.4368133544922,235.0,405962.0,307.3957194824219,373.0140361328125,234.36330981445315,283.552,382.552,231.55200000000002,128.98935170898437,164.94211049804687,88.97441335449219,109.5376,156.5376,87.5376,1mM 2DG,1h,yes,MN,2.383109267623454,2.5886271015614732,2.2614845596827107,2.4438345803180836,2.634052880806328,2.645171903273565
vLH92_MN_60x-1xzoom_0004_XY22_488.tif,2,3754,1794,1961,0.4778902503995738,1390.1078491210938,0.6032569001223602,1560.517578125,1392.5,5858183.0,1890.35693359375,1985.0,3706990.0,1199.6220703125,1192.0,2152122.0,False,vLH92_MN_60x-1xzoom_0004_XY22_Dapi-ex_Green-em.tif,515.3342895507812,467.0,1934565.0,605.7613525390625,626.0,1187898.0,416.39410400390625,418.0,747011.0,1414.0695781250001,1743.9089335937501,1053.1740703125001,1246.0520000000001,1838.5520000000001,1045.5520000000001,367.87188955078125,458.2989525390625,268.93170400390625,319.5376,478.5376,270.5376,1mM 2DG,1h,yes,MN,3.8439185441751484,3.8995473459148475,3.8051776551793677,3.8420220271092598,3.9161395054307273,3.8647197284222234
vLH92_MN_60x-1xzoom_0004_XY22_488.tif,3,2279,1238,1041,0.5432207108380869,821.228515625,0.4829445509769265,873.2303466796875,826.0,1990092.0,1002.721435546875,946.0,1043833.0,764.3449096679688,777.0,946259.0,False,vLH92_MN_60x-1xzoom_0004_XY22_Dapi-ex_Green-em.tif,343.30584716796875,327.0,782394.0,380.61767578125,369.0,396223.0,311.93133544921875,310.0,386171.0,726.7823466796875,856.273435546875,617.8969096679688,679.552,799.552,630.552,195.84344716796875,233.15527578125,164.46893544921875,179.5376,221.5376,162.5376,1mM 2DG,1h,yes,MN,3.7110373473785376,3.785012164582795,3.672545828858895,3.60910292428915,3.756921682385121,3.879422361349005
vLH92_MN_60x-1xzoom_0004_XY22_488.tif,4,4404,1969,2435,0.4470935513169846,460.00733947753906,0.5879863178990865,465.1101379394531,460.0,2048345.0,543.215576171875,554.0,1322730.0,368.5195617675781,360.0,725615.0,False,vLH92_MN_60x-1xzoom_0004_XY22_Dapi-ex_Green-em.tif,258.67620849609375,253.5,1139210.0,281.08294677734375,277.0,684437.0,230.9664764404297,228.0,454773.0,318.66213793945315,396.767576171875,222.07156176757815,313.552,407.552,213.55200000000002,111.21380849609375,133.62054677734375,83.50407644042969,106.0376,129.5376,80.5376,1mM 2DG,1h,yes,MN,2.8653109020238774,2.95698884169389,2.9693605193295736,3.146206198045973,2.659409830441033,2.6515813731722826
vLH92_MN_60x-1xzoom_0004_XY22_488.tif,5,3256,1606,1652,0.49324324324324326,447.49559020996094,0.5872606948601976,478.8393859863281,453.0,1559101.0,560.9612426757812,571.0,926708.0,394.2017517089844,390.0,633088.0,False,vLH92_MN_60x-1xzoom_0004_XY22_Dapi-ex_Green-em.tif,269.5230407714844,253.0,877567.0,308.4582214355469,288.0,509573.0,229.4115753173828,229.0,368435.0,332.39138598632815,414.51324267578127,247.7537517089844,306.552,424.552,243.55200000000002,122.06064077148437,160.99582143554687,81.94917531738281,105.5376,140.5376,81.5376,1mM 2DG,1h,yes,MN,2.723165992620128,2.9046709419202257,2.574683236991512,3.0209139760462684,3.0232610730913803,2.9869900512156358
vLH92_MN_60x-1xzoom_0004_XY22_488.tif,6,2515,1265,1250,0.5029821073558648,348.86279296875,0.7178426369088043,383.31610107421875,351.0,964040.0,473.0320129394531,445.0,591290.0,294.6640319824219,292.0,372750.0,False,vLH92_MN_60x-1xzoom_0004_XY22_Dapi-ex_Green-em.tif,253.09344482421875,235.0,636530.0,292.985595703125,279.0,366232.0,213.67430114746094,213.0,270298.0,236.86810107421877,326.58401293945315,148.2160319824219,204.55200000000002,298.552,145.55200000000002,105.63104482421875,145.523195703125,66.21190114746094,87.5376,131.5376,65.5376,1mM 2DG,1h,yes,MN,2.2424099039102794,2.3367330152985692,2.2442058900747464,2.269708433178042,2.2385104401749323,2.2208930446034034
vLH92_MN_60x-1xzoom_0004_XY22_488.tif,7,2298,1173,1126,0.5104438642297651,744.039794921875,0.5595314509425504,821.6275024414062,746.0,1888100.0,975.6473999023438,878.0,1098579.0,673.4185791015625,696.0,789920.0,False,vLH92_MN_60x-1xzoom_0004_XY22_Dapi-ex_Green-em.tif,342.5561218261719,317.0,787194.0,383.0186462402344,346.0,431279.0,303.6334228515625,304.0,356162.0,675.1795024414063,829.1993999023438,526.9705791015625,599.552,731.552,549.552,195.09372182617187,235.55624624023437,156.1710228515625,169.5376,198.5376,156.5376,1mM 2DG,1h,yes,MN,3.460795642839752,3.536395466256453,3.520175809970569,3.684702545009107,3.3743172675665813,3.5106709186802405
vLH92_MN_60x-1xzoom_0004_XY22_488.tif,8,2791,1571,1221,0.5628806879254747,646.8088989257812,0.1284529420269992,625.5897827148438,643.0,1746021.0,698.5733032226562,692.0,852958.0,568.7103881835938,587.0,893444.0,False,vLH92_MN_60x-1xzoom_0004_XY22_Dapi-ex_Green-em.tif,305.4206237792969,303.0,852429.0,325.37591552734375,319.0,397284.0,289.85870361328125,285.0,455368.0,479.14178271484377,552.1253032226563,422.26238818359377,496.552,545.552,440.552,157.95822377929687,177.91351552734375,142.39630361328125,155.5376,171.5376,137.5376,1mM 2DG,1h,yes,MN,3.033344964579448,3.192488504387364,3.1033353569914675,3.180363955191165,2.965402734964038,3.2031386326357305
vLH92_MN_60x-1xzoom_0004_XY22_488.tif,9,3585,1675,1911,0.46722454672245467,612.2857055664062,0.47888084904471845,649.8781127929688,612.0,2329813.0,831.50390625,875.0,1589004.0,442.4328308105469,409.0,741075.0,False,vLH92_MN_60x-1xzoom_0004_XY22_Dapi-ex_Green-em.tif,277.8719787597656,269.0,996171.0,323.3307189941406,328.0,617885.0,225.9486541748047,221.0,378464.0,503.43011279296877,685.05590625,295.9848308105469,465.552,728.552,262.552,130.40957875976562,175.86831899414062,78.48625417480469,121.5376,180.5376,73.5376,1mM 2DG,1h,yes,MN,3.86037680345831,3.8305182922815657,3.8952775017587102,4.035458541600199,3.7711677531625996,3.570309610321795
vLH92_MN_60x-1xzoom_0004_XY22_488.tif,10,4615,1867,2748,0.40455037919826653,1079.7928466796875,0.7266891998436379,1218.169677734375,1094.0,5621853.0,1411.0640869140625,1554.0,3877604.0,934.2522583007812,974.0,1744249.0,False,vLH92_MN_60x-1xzoom_0004_XY22_Dapi-ex_Green-em.tif,361.5382385253906,334.0,1668499.0,404.87445068359375,422.0,1112595.0,297.7525329589844,303.0,555904.0,1071.7216777343751,1264.6160869140626,787.8042583007813,947.552,1407.5520000000001,827.552,214.07583852539062,257.41205068359375,150.29013295898437,186.5376,274.5376,155.5376,1mM 2DG,1h,yes,MN,5.006271072516494,5.079683666992606,4.91280840798128,5.126991712610587,5.241889422745941,5.320591291109031
vLH92_MN_60x-1xzoom_0004_XY23_488.tif,1,3604,1756,1848,0.4872364039955605,993.5125732421875,0.1392422261578498,1090.7493896484375,996.0,3931061.0,1340.49462890625,1325.0,2477234.0,827.919677734375,893.5,1453827.0,False,vLH92_MN_60x-1xzoom_0004_XY23_Dapi-ex_Green-em.tif,372.8357238769531,350.0,1343700.0,431.76300048828125,423.0,797898.0,310.8211975097656,319.0,545802.0,941.2773896484375,1191.02262890625,678.447677734375,846.528,1175.528,744.028,224.61492387695313,283.54220048828125,162.60039750976563,201.7792,274.7792,170.7792,1mM 2DG,1h,yes,MN,4.190627111509657,4.195318447094646,4.200512752088467,4.2780821838043055,4.172484742502724,4.356666385601994
vLH92_MN_60x-1xzoom_0004_XY23_488.tif,2,3997,1891,2106,0.4731048286214661,593.49853515625,0.729290334927473,700.8568725585938,591.0,2801325.0,875.8095703125,931.5,1844455.0,506.0126953125,509.0,956870.0,False,vLH92_MN_60x-1xzoom_0004_XY23_Dapi-ex_Green-em.tif,340.4105529785156,305.0,1360621.0,396.8803405761719,397.5,835830.0,277.5203552246094,275.0,524791.0,551.3848725585938,726.3375703125,356.5406953125,441.528,782.028,359.528,192.18975297851563,248.65954057617188,129.29955522460938,156.7792,249.2792,126.7792,1mM 2DG,1h,yes,MN,2.868960826544335,2.816240929919275,2.9210122749744283,3.137157051210049,2.75747812661184,2.835859510077363
vLH92_MN_60x-1xzoom_0004_XY23_488.tif,3,3514,1683,1831,0.47894137734775183,412.3590393066406,0.806625910005579,469.25640869140625,414.0,1648967.0,596.8345336914062,542.0,1092804.0,330.45928955078125,326.0,556163.0,False,vLH92_MN_60x-1xzoom_0004_XY23_Dapi-ex_Green-em.tif,373.6573791503906,351.0,1313032.0,439.1933288574219,438.0,804163.0,302.3582763671875,299.0,508869.0,319.78440869140627,447.36253369140627,180.98728955078124,264.528,392.528,176.528,225.43657915039063,290.9725288574219,154.1374763671875,202.7792,289.7792,150.7792,1mM 2DG,1h,yes,MN,1.4185116270686284,1.3045124943781217,1.5374734358878819,1.3545761738592694,1.1741939326918258,1.1707715653087427
vLH92_MN_60x-1xzoom_0004_XY23_488.tif,4,3880,1830,2050,0.47164948453608246,434.6495819091797,0.29680936681200204,438.573974609375,433.0,1701667.0,510.8795166015625,482.0,1047303.0,357.5759582519531,352.0,654364.0,False,vLH92_MN_60x-1xzoom_0004_XY23_Dapi-ex_Green-em.tif,260.55413818359375,255.0,1010950.0,285.06097412109375,280.5,584375.0,233.10108947753906,231.0,426575.0,289.101974609375,361.4075166015625,208.10395825195312,283.528,332.528,202.528,112.33333818359375,136.84017412109375,84.88028947753907,106.7792,132.2792,82.7792,1mM 2DG,1h,yes,MN,2.5736079714543574,2.655273686260995,2.641092200611662,2.5138343745653136,2.4517347847526056,2.4466049442371993
vLH92_MN_60x-1xzoom_0004_XY23_488.tif,5,4698,2211,2487,0.4706257982120051,699.581787109375,0.5466615885052192,851.95361328125,714.0,4002478.0,1084.793701171875,1172.0,2697882.0,590.0479125976562,586.0,1304596.0,False,vLH92_MN_60x-1xzoom_0004_XY23_Dapi-ex_Green-em.tif,343.966796875,312.0,1615956.0,407.1138000488281,422.0,1012492.0,272.9371337890625,271.0,603464.0,702.48161328125,935.321701171875,440.57591259765627,564.528,1022.528,436.528,195.745996875,258.8930000488281,124.7163337890625,163.7792,273.7792,122.7792,1mM 2DG,1h,yes,MN,3.588740635803871,3.4468845860768647,3.6127732344847874,3.7348637149936885,3.532623989274886,3.5553904895943287
vLH92_MN_60x-1xzoom_0004_XY23_488.tif,6,3779,1909,1870,0.5051600952632972,966.8328857421875,0.1791333302748841,1100.6107177734375,980.0,4159208.0,1389.266357421875,1420.0,2597928.0,817.852294921875,893.0,1561280.0,False,vLH92_MN_60x-1xzoom_0004_XY23_Dapi-ex_Green-em.tif,363.9584655761719,335.0,1375399.0,425.2593688964844,434.0,795235.0,303.909912109375,311.0,580164.0,951.1387177734375,1239.794357421875,668.380294921875,830.528,1270.528,743.528,215.73766557617188,277.0385688964844,155.689112109375,186.7792,285.7792,162.7792,1mM 2DG,1h,yes,MN,4.408774495789716,4.446576492457404,4.475168790974823,4.445837905627841,4.293044554408681,4.5677088964683445
vLH92_MN_60x-1xzoom_0004_XY23_488.tif,7,4190,1931,2259,0.46085918854415275,488.1881103515625,0.6340961577572369,552.5176391601562,491.0,2315049.0,654.1505126953125,679.0,1477726.0,433.6214294433594,436.0,837323.0,False,vLH92_MN_60x-1xzoom_0004_XY23_Dapi-ex_Green-em.tif,299.5362854003906,275.0,1255057.0,339.8424072265625,338.0,767704.0,252.3837432861328,253.0,487353.0,403.04563916015627,504.6785126953125,284.1494294433594,341.528,529.528,286.528,151.31548540039063,191.6216072265625,104.16294328613282,126.7792,189.7792,104.7792,1mM 2DG,1h,yes,MN,2.6636113157465098,2.693880384163964,2.6337244531020416,2.790232016996594,2.7279320310948636,2.7345885442912334
vLH92_MN_60x-1xzoom_0004_XY24_488.tif,1,2916,1283,1633,0.4399862825788752,846.6206665039062,0.5037821940636599,917.5291748046875,863.0,2675515.0,1000.7330322265625,1059.0,1634197.0,811.62744140625,819.0,1041318.0,False,vLH92_MN_60x-1xzoom_0004_XY24_Dapi-ex_Green-em.tif,370.1505432128906,352.0,1079359.0,386.64727783203125,399.0,631395.0,349.1535339355469,334.0,447964.0,770.8635748046875,854.0674322265625,664.96184140625,716.3344,912.3344,672.3344,223.40814321289062,239.90487783203125,202.41113393554687,205.2576,252.2576,187.2576,1mM 2DG,1h,yes,MN,3.450472143578555,3.4899287529426437,3.5600252897922964,3.6166775550072625,3.2852038742986918,3.590425168324276
vLH92_MN_60x-1xzoom_0004_XY24_488.tif,2,3357,1729,1629,0.5150431933273756,1196.228515625,0.6951365305066083,1379.1929931640625,1220.0,4629951.0,1744.385498046875,1855.0,2841604.0,1034.8623046875,1007.0,1789277.0,False,vLH92_MN_60x-1xzoom_0004_XY24_Dapi-ex_Green-em.tif,412.02978515625,390.0,1383184.0,487.90667724609375,499.0,794800.0,340.4921875,333.0,588711.0,1232.5273931640625,1597.719898046875,888.1967046875,1073.3344,1708.3344,860.3344,265.28738515625,341.1642772460938,193.7497875,243.2576,352.2576,186.2576,1mM 2DG,1h,yes,MN,4.646008299407541,4.412336551869294,4.683139486184785,4.849673647921294,4.584246084334415,4.6190566183608075
vLH92_MN_60x-1xzoom_0004_XY24_488.tif,3,2566,1196,1370,0.4660950896336711,579.8338012695312,0.5036088154033691,635.0370483398438,576.0,1629505.0,757.0949096679688,645.0,1037220.0,495.2215576171875,487.5,592285.0,False,vLH92_MN_60x-1xzoom_0004_XY24_Dapi-ex_Green-em.tif,304.4146423339844,292.0,781128.0,334.69854736328125,322.0,458537.0,269.72491455078125,264.0,322591.0,488.37144833984377,610.4293096679687,348.5559576171875,429.3344,498.3344,340.8344,157.67224233398437,187.95614736328125,122.98251455078125,145.2576,175.2576,117.2576,1mM 2DG,1h,yes,MN,3.0973837950840197,2.9556759852840746,3.2477219725520987,2.843439599766287,2.834191176610426,2.906714788636302
vLH92_MN_60x-1xzoom_0004_XY24_488.tif,4,3828,1861,1967,0.48615464994775337,1383.9532470703125,0.7327257042851546,1733.441162109375,1394.0,6635613.0,2248.386474609375,2432.0,4422576.0,1189.16552734375,1176.0,2213037.0,False,vLH92_MN_60x-1xzoom_0004_XY24_Dapi-ex_Green-em.tif,477.50653076171875,409.0,1827895.0,581.3869018554688,620.0,1143588.0,367.70928955078125,366.0,684307.0,1586.775562109375,2101.720874609375,1042.49992734375,1247.3344,2285.3344,1029.3344,330.7641307617188,434.6445018554688,220.96688955078125,262.2576,473.2576,219.2576,1mM 2DG,1h,yes,MN,4.797302411404706,4.75614205269933,4.83549398563025,4.828943898629415,4.717901082207925,4.694634986426924
vLH92_MN_60x-1xzoom_0004_XY24_488.tif,5,3252,1749,1504,0.5378228782287823,903.0429382324219,0.4523684761934746,1021.6279296875,908.0,3322334.0,1304.7274169921875,1269.5,1962310.0,777.951416015625,829.0,1360637.0,False,vLH92_MN_60x-1xzoom_0004_XY24_Dapi-ex_Green-em.tif,326.1266784667969,301.0,1060564.0,384.9700927734375,382.0,578995.0,275.486572265625,280.0,481826.0,874.9623296875,1158.0618169921875,631.285816015625,761.3344,1122.8344,682.3344,179.38427846679687,238.2276927734375,128.744172265625,154.2576,235.2576,133.2576,1mM 2DG,1h,yes,MN,4.877586470597261,4.935474167885407,4.861155323758028,4.77278693653255,4.903412751865428,5.120416396513219
vLH92_MN_60x-1xzoom_0004_XY24_488.tif,6,3917,1907,2010,0.4868521827929538,502.0040588378906,0.7031521325527267,515.0883178710938,504.0,2017601.0,660.5731201171875,661.0,1327752.0,361.74566650390625,336.0,689849.0,False,vLH92_MN_60x-1xzoom_0004_XY24_Dapi-ex_Green-em.tif,392.5299987792969,381.0,1537540.0,477.566162109375,494.0,959908.0,302.90087890625,289.0,577632.0,368.42271787109377,513.9075201171875,215.08006650390627,357.3344,514.3344,189.33440000000002,245.78759877929687,330.823762109375,156.15847890625,234.2576,347.2576,142.2576,1mM 2DG,1h,yes,MN,1.498947545363817,1.5253908517802626,1.5534177981667543,1.4811321624062366,1.377319169668846,1.3309264320500278
vLH92_MN_60x-1xzoom_0005_XY01_488.tif,1,3298,1500,1799,0.45482110369921164,671.8343505859375,0.282631908621657,710.4366455078125,672.0,2343020.0,807.744873046875,787.0,1453133.0,593.4213256835938,597.0,890132.0,False,vLH92_MN_60x-1xzoom_0005_XY01_Dapi-ex_Green-em.tif,314.9114685058594,307.0,1038578.0,337.7743225097656,334.0,607656.0,287.42333984375,284.0,431135.0,564.3358455078126,661.6440730468751,447.32052568359376,525.8992000000001,640.8992000000001,450.8992,168.22986850585937,191.09272250976562,140.74173984375,160.3184,187.3184,137.3184,0mM 2DG,1h,yes,MN,3.3545520217068767,3.280342119182827,3.462424232367417,3.4214428481131596,3.178307488455126,3.28360365398956
vLH92_MN_60x-1xzoom_0005_XY01_488.tif,2,3322,1421,1901,0.42775436484045753,727.57177734375,0.6532179080179666,773.3705444335938,734.5,2569137.0,875.02734375,882.0,1663427.0,637.3750610351562,652.0,905710.0,False,vLH92_MN_60x-1xzoom_0005_XY01_Dapi-ex_Green-em.tif,310.1505126953125,297.0,1030320.0,340.5218200683594,337.0,647332.0,269.5200500488281,271.0,382988.0,627.2697444335938,728.9265437500001,491.27426103515626,588.3992000000001,735.8992000000001,505.8992,163.4689126953125,193.84022006835937,122.83845004882812,150.3184,190.3184,124.3184,0mM 2DG,1h,yes,MN,3.837241797789121,3.9143524678282904,3.7604504549826556,3.866673952702419,3.9993524897121007,4.069383132344046
vLH92_MN_60x-1xzoom_0005_XY01_488.tif,3,5192,2064,3128,0.3975346687211094,958.2559204101562,0.5625523516681366,1091.373046875,958.5,5666409.0,1275.516357421875,1379.0,3989815.0,812.3032836914062,826.0,1676594.0,False,vLH92_MN_60x-1xzoom_0005_XY01_Dapi-ex_Green-em.tif,446.86865234375,403.0,2320142.0,503.4721984863281,524.5,1574861.0,361.08575439453125,365.0,745281.0,945.2722468750001,1129.415557421875,666.2024836914063,812.3992000000001,1232.8992,679.8992000000001,300.18705234375,356.7905984863281,214.40415439453125,256.3184,377.8184,218.3184,0mM 2DG,1h,yes,MN,3.148944098336895,3.169492318928333,3.165485756108434,3.263205815280569,3.107227495534009,3.114255142947182
vLH92_MN_60x-1xzoom_0005_XY01_488.tif,4,2923,1464,1459,0.5008552856654123,324.8085632324219,0.606487118210146,356.99761962890625,328.0,1043504.0,413.36944580078125,375.0,603106.0,300.81829833984375,301.0,440398.0,False,vLH92_MN_60x-1xzoom_0005_XY01_Dapi-ex_Green-em.tif,237.1861114501953,219.0,693295.0,267.0164489746094,247.0,389577.0,207.45765686035156,207.0,303718.0,210.89681962890626,267.26864580078126,154.71749833984376,181.8992,228.8992,154.8992,90.50451145019531,120.33484897460937,60.77605686035156,72.3184,100.3184,60.3184,0mM 2DG,1h,yes,MN,2.330235435224275,2.5152547622735018,2.2210411038715385,2.281726981291568,2.545698196501075,2.5680256770736625
vLH92_MN_60x-1xzoom_0005_XY02_488.tif,1,3342,1524,1818,0.45601436265709155,564.2260437011719,0.7736188714258667,681.9635009765625,570.5,2279122.0,838.4373168945312,897.0,1524279.0,495.3038024902344,490.0,754843.0,False,vLH92_MN_60x-1xzoom_0005_XY02_Dapi-ex_Green-em.tif,265.2983093261719,242.0,886627.0,300.53631591796875,301.0,546375.0,223.26246643066406,223.0,340252.0,536.9091009765625,693.3829168945313,350.2494024902344,425.4456,751.9456,344.9456,119.0087093261719,154.24671591796877,76.97286643066408,95.71040000000002,154.71040000000002,76.71040000000002,0mM 2DG,1h,yes,MN,4.511510997947506,4.445134489041942,4.495284795971183,4.860342937514219,4.550296990767953,4.496725346237276
vLH92_MN_60x-1xzoom_0005_XY02_488.tif,2,3209,1444,1765,0.44998441882206297,639.4902954101562,0.8151976774849924,759.8650512695312,648.0,2438407.0,939.5478515625,951.0,1658302.0,540.2388916015625,539.0,780105.0,False,vLH92_MN_60x-1xzoom_0005_XY02_Dapi-ex_Green-em.tif,394.62762451171875,356.0,1266360.0,455.3172912597656,464.0,803635.0,320.4466857910156,319.0,462725.0,614.8106512695313,794.4934515625,395.1844916015625,502.9456,805.9456,393.9456,248.33802451171877,309.0276912597657,174.15708579101565,209.71040000000002,317.71040000000005,172.71040000000002,0mM 2DG,1h,yes,MN,2.4757008214040903,2.3982863987670613,2.570945821468978,2.536730305334669,2.2691266898883145,2.2809604980360185
vLH92_MN_60x-1xzoom_0005_XY02_488.tif,3,4090,1662,2428,0.40635696821515893,1243.23486328125,0.5479160306683881,1475.522705078125,1253.0,6034888.0,1759.2503662109375,1920.0,4271460.0,1061.0277099609375,1078.0,1763428.0,False,vLH92_MN_60x-1xzoom_0005_XY02_Dapi-ex_Green-em.tif,513.0305786132812,465.0,2098295.0,588.0543823242188,627.0,1427796.0,403.42901611328125,400.0,670499.0,1330.468305078125,1614.1959662109375,915.9733099609375,1107.9456,1774.9456,932.9456,366.7409786132813,441.7647823242188,257.1394161132813,318.71040000000005,480.71040000000005,253.71040000000002,0mM 2DG,1h,yes,MN,3.627814677565849,3.4763396487846014,3.653971594834491,3.692338672098627,3.562166095754883,3.6772067680315823
vLH92_MN_60x-1xzoom_0005_XY02_488.tif,4,2297,1147,1150,0.499346974314323,279.2896728515625,0.8544244515982292,305.0653076171875,281.0,700735.0,351.8156433105469,346.5,404588.0,258.19268798828125,258.0,296147.0,False,vLH92_MN_60x-1xzoom_0005_XY02_Dapi-ex_Green-em.tif,303.6974182128906,286.0,697593.0,340.1895751953125,336.0,391218.0,267.10986328125,267.0,306375.0,160.01090761718748,206.76124331054686,113.13828798828123,135.94559999999998,201.44559999999998,112.94559999999998,157.40781821289065,193.89997519531252,120.82026328125002,139.71040000000002,189.71040000000002,120.71040000000002,0mM 2DG,1h,yes,MN,1.0165372307033456,0.9730528292811413,1.0663293953610844,1.0618584958969037,0.9364181546675958,0.9356741424102643
vLH92_MN_60x-1xzoom_0005_XY02_488.tif,5,3686,1683,2004,0.45659251220835595,634.2575988769531,0.5692392044413563,700.1066284179688,641.0,2580593.0,812.2369995117188,843.0,1627723.0,566.4266357421875,564.0,953296.0,False,vLH92_MN_60x-1xzoom_0005_XY02_Dapi-ex_Green-em.tif,321.6597900390625,305.0,1185638.0,357.1487121582031,361.0,715726.0,279.34759521484375,279.0,470142.0,555.0522284179688,667.1825995117188,421.3722357421875,495.9456,697.9456,418.9456,175.37019003906252,210.85911215820315,133.05799521484377,158.71040000000002,214.71040000000002,132.71040000000002,0mM 2DG,1h,yes,MN,3.165031800982451,3.124846260862552,3.1641155683665487,3.2506371372788645,3.1668313885371076,3.156840760030864
vLH92_MN_60x-1xzoom_0005_XY02_488.tif,6,1564,994,570,0.6355498721227621,374.88543701171875,0.24211413929027467,375.95269775390625,374.0,587990.0,390.603515625,386.0,222644.0,367.5513000488281,368.0,365346.0,False,vLH92_MN_60x-1xzoom_0005_XY02_Dapi-ex_Green-em.tif,379.7212219238281,381.0,593884.0,389.1806945800781,391.0,221833.0,374.2967834472656,375.0,372051.0,230.89829775390623,245.54911562499998,222.4969000488281,228.94559999999998,240.94559999999998,222.94559999999998,233.43162192382815,242.89109458007815,228.00718344726565,234.71040000000002,244.71040000000002,228.71040000000002,0mM 2DG,1h,yes,MN,0.9891474679006919,0.9754386682481899,1.0109432626565298,0.9846152840255256,0.9758328517763039,0.9747943250503692
vLH92_MN_60x-1xzoom_0005_XY03_488.tif,1,3167,1599,1568,0.5048942216608778,576.3408203125,0.6798074384193328,667.1537475585938,586.0,2112876.0,807.7767944335938,837.0,1266594.0,529.2570190429688,534.0,846282.0,False,vLH92_MN_60x-1xzoom_0005_XY03_Dapi-ex_Green-em.tif,441.8367614746094,391.0,1399297.0,524.9515380859375,535.5,823124.0,360.3333435058594,366.0,576173.0,521.4737475585937,662.0967944335937,383.57701904296874,440.32,691.3199999999999,388.32,294.91516147460936,378.0299380859375,213.41174350585936,244.0784,388.5784,219.0784,0mM 2DG,1h,yes,MN,1.7682161369770397,1.804010514654308,1.75144010494502,1.779100433786335,1.7973566624858082,1.7725161403406269
vLH92_MN_60x-1xzoom_0005_XY03_488.tif,2,3319,1623,1696,0.4890027116601386,851.7626342773438,0.6035689722106725,1042.9002685546875,856.0,3461386.0,1335.7412109375,1429.5,2265417.0,736.8878784179688,741.0,1195969.0,False,vLH92_MN_60x-1xzoom_0005_XY03_Dapi-ex_Green-em.tif,378.1623840332031,342.0,1255121.0,448.3396301269531,463.0,760384.0,304.8287048339844,305.0,494737.0,897.2202685546874,1190.0612109375,591.2078784179687,710.3199999999999,1283.82,595.3199999999999,231.2407840332031,301.4180301269531,157.90710483398436,195.0784,316.0784,158.0784,0mM 2DG,1h,yes,MN,3.880026061604507,3.6412027164463105,3.9482084414003453,4.061713802651494,3.744023291665914,3.7659794127470922
vLH92_MN_60x-1xzoom_0005_XY03_488.tif,3,3288,1670,1618,0.5079075425790754,371.6689147949219,0.6273722550625398,381.2740173339844,372.0,1253629.0,441.32757568359375,423.0,714068.0,323.0904235839844,319.0,539561.0,False,vLH92_MN_60x-1xzoom_0005_XY03_Dapi-ex_Green-em.tif,358.6429443359375,343.0,1179218.0,395.9969177246094,395.5,640723.0,322.45208740234375,317.0,538495.0,235.59401733398437,295.64757568359374,177.41042358398437,226.32,277.32,173.32,211.7213443359375,249.07531772460936,175.53048740234374,196.0784,248.5784,170.0784,0mM 2DG,1h,yes,MN,1.1127551550030224,1.1542321846771495,1.1869806225058281,1.1156238836519987,1.0107100265569908,1.0190594455262985
vLH92_MN_60x-1xzoom_0005_XY03_488.tif,4,4807,2486,2322,0.517162471395881,2039.9486083984375,0.10822982158768032,2143.5361328125,2047.0,10303978.0,2863.604736328125,2964.0,6649290.0,1470.39013671875,1670.0,3655390.0,False,vLH92_MN_60x-1xzoom_0005_XY03_Dapi-ex_Green-em.tif,584.4761962890625,543.0,2809577.0,724.4444580078125,741.0,1682160.0,453.6351623535156,483.0,1127737.0,1997.8561328125,2717.924736328125,1324.71013671875,1901.32,2818.32,1524.32,437.5545962890625,577.5228580078125,306.7135623535156,396.0784,594.0784,336.0784,0mM 2DG,1h,yes,MN,4.565958510678408,4.800362756464377,4.706176904761332,4.7440203178570375,4.319046495869979,4.535608358049789
vLH92_MN_60x-1xzoom_0005_XY03_488.tif,5,3740,1741,1999,0.46550802139037434,1072.2243041992188,0.3535171868590643,1212.9512939453125,1082.0,4536438.0,1428.458740234375,1451.0,2855489.0,965.5077514648438,994.0,1680949.0,False,vLH92_MN_60x-1xzoom_0005_XY03_Dapi-ex_Green-em.tif,467.3160400390625,413.0,1747762.0,549.857421875,521.0,1099165.0,372.54278564453125,369.0,648597.0,1067.2712939453124,1282.778740234375,819.8277514648437,936.3199999999999,1305.32,848.3199999999999,320.3944400390625,402.935821875,225.62118564453124,266.0784,374.0784,222.0784,0mM 2DG,1h,yes,MN,3.331116775357246,3.5189628320074084,3.1835807853100797,3.489428953930513,3.6336470315180938,3.8199122472063918
vLH92_MN_60x-1xzoom_0005_XY03_488.tif,6,2849,1430,1419,0.5019305019305019,464.2766418457031,0.2760569738467749,449.74761962890625,461.0,1281331.0,503.8639831542969,501.0,714983.0,396.04754638671875,389.0,566348.0,False,vLH92_MN_60x-1xzoom_0005_XY03_Dapi-ex_Green-em.tif,405.8164367675781,409.0,1156171.0,447.5186767578125,454.0,635029.0,364.4349670410156,354.0,521142.0,304.06761962890624,358.18398315429687,250.36754638671874,315.32,355.32,243.32,258.8948367675781,300.5970767578125,217.5133670410156,262.0784,307.0784,207.0784,0mM 2DG,1h,yes,MN,1.174483135412553,1.2031514233908631,1.1915750712468887,1.1570986432129384,1.151044415304867,1.175013907775992
vLH92_MN_60x-1xzoom_0005_XY03_488.tif,7,4027,1449,2578,0.35982120685373725,664.6611328125,0.7153917795419275,796.1353149414062,662.0,3206037.0,911.046142578125,936.5,2348677.0,591.6907958984375,583.0,857360.0,False,vLH92_MN_60x-1xzoom_0005_XY03_Dapi-ex_Green-em.tif,341.43878173828125,316.0,1374974.0,373.2117919921875,365.0,962140.0,284.90960693359375,282.0,412834.0,650.4553149414062,765.3661425781249,446.0107958984375,516.3199999999999,790.8199999999999,437.32,194.51718173828124,226.2901919921875,137.98800693359374,169.0784,218.0784,135.0784,0mM 2DG,1h,yes,MN,3.3439478668603173,3.0537312867876674,3.3822329454055553,3.626310537861613,3.232243191345453,3.237527243437885
vLH92_MN_60x-1xzoom_0005_XY04_488.tif,1,3259,1518,1741,0.46578705124271247,341.0835266113281,0.5770084838827754,357.3985900878906,346.0,1164762.0,430.8316955566406,439.0,750078.0,273.1778564453125,269.0,414684.0,False,vLH92_MN_60x-1xzoom_0005_XY04_Dapi-ex_Green-em.tif,266.7689514160156,252.0,869400.0,307.0953369140625,304.0,534653.0,220.51844787597656,220.0,334747.0,213.53459008789062,286.9676955566406,129.3138564453125,202.136,295.13599999999997,125.136,120.28095141601563,160.6073369140625,74.03044787597656,105.512,157.512,73.512,0mM 2DG,1h,yes,MN,1.775298478886642,1.915763135946622,1.7867657920895033,1.8737366041952357,1.7467658261632077,1.702252693437806
vLH92_MN_60x-1xzoom_0005_XY04_488.tif,2,545,244,305,0.44770642201834865,1152.570068359375,0.4601111003814684,1134.8092041015625,1158.0,618471.0,1251.38037109375,1279.0,381671.0,984.6802978515625,1024.0,240262.0,False,vLH92_MN_60x-1xzoom_0005_XY04_Dapi-ex_Green-em.tif,366.8018493652344,371.0,199907.0,389.419677734375,394.0,118773.0,337.8442687988281,341.0,82434.0,990.9452041015625,1107.51637109375,840.8162978515625,1014.136,1135.136,880.136,220.31384936523438,242.931677734375,191.35626879882813,224.512,247.512,194.512,0mM 2DG,1h,yes,MN,4.497879760880498,4.517068129988598,4.558962344568024,4.586185720288309,4.393983552927176,4.524841655013573
vLH92_MN_60x-1xzoom_0005_XY04_488.tif,3,3559,1468,2128,0.41247541444225905,526.8367309570312,0.6768083180527459,594.690673828125,535.0,2116504.0,676.4445190429688,707.5,1439474.0,468.8031311035156,484.0,688203.0,False,vLH92_MN_60x-1xzoom_0005_XY04_Dapi-ex_Green-em.tif,271.33380126953125,252.0,965677.0,298.19219970703125,300.0,634553.0,230.41281127929688,232.0,338246.0,450.82667382812497,532.5805190429687,324.9391311035156,391.13599999999997,563.636,340.13599999999997,124.84580126953125,151.70419970703125,83.92481127929688,105.512,153.512,85.512,0mM 2DG,1h,yes,MN,3.6110679673946686,3.7070285844264155,3.5106511228527606,3.6716087341706185,3.871788642123211,3.9776405650668907
vLH92_MN_60x-1xzoom_0005_XY04_488.tif,4,1554,838,716,0.5392535392535392,826.2373352050781,0.49106925563509474,850.1171264648438,829.0,1321082.0,995.0614624023438,988.0,712464.0,726.2744750976562,724.0,608618.0,False,vLH92_MN_60x-1xzoom_0005_XY04_Dapi-ex_Green-em.tif,377.687255859375,364.5,586926.0,426.9678649902344,415.0,305709.0,335.5811462402344,333.0,281217.0,706.2531264648437,851.1974624023437,582.4104750976562,685.136,844.136,580.136,231.199255859375,280.4798649902344,189.09314624023438,218.012,268.512,186.512,0mM 2DG,1h,yes,MN,3.0547378876271827,3.1426526980166227,3.03478990348195,3.143755213919676,3.0800189572060415,3.1104486574590373
vLH92_MN_60x-1xzoom_0005_XY04_488.tif,5,1802,869,933,0.48224195338512765,1331.4622192382812,0.2520042511508024,1205.879638671875,1338.0,2172995.0,1697.10400390625,1737.0,1583398.0,678.4775390625,598.0,589597.0,False,vLH92_MN_60x-1xzoom_0005_XY04_Dapi-ex_Green-em.tif,456.7136535644531,475.5,822998.0,555.4501342773438,554.0,518235.0,350.7054138183594,357.0,304763.0,1062.015638671875,1553.24000390625,534.6135390625,1194.136,1593.136,454.13599999999997,310.2256535644531,408.96213427734375,204.21741381835938,329.012,407.512,210.512,0mM 2DG,1h,yes,MN,3.4233649811659705,3.629460323635612,3.7980044452059154,3.909421072262903,2.617864603544586,2.157292695903321
vLH92_MN_60x-1xzoom_0005_XY04_488.tif,6,1868,1119,750,0.5990364025695931,798.7510681152344,0.3352785356032392,855.552978515625,781.0,1598173.0,1077.64794921875,1067.5,808236.0,706.3413696289062,678.0,790396.0,False,vLH92_MN_60x-1xzoom_0005_XY04_Dapi-ex_Green-em.tif,354.8613586425781,341.0,662881.0,404.2466735839844,400.0,303185.0,321.6639709472656,316.0,359942.0,711.688978515625,933.78394921875,562.4773696289062,637.136,923.636,534.136,208.37335864257813,257.7586735839844,175.17597094726563,194.512,253.512,169.512,0mM 2DG,1h,yes,MN,3.415450915375328,3.2755614049518793,3.6227062167686834,3.6433620499226858,3.2109276551304657,3.1510217565718057
vLH92_MN_60x-1xzoom_0005_XY04_488.tif,7,2995,1337,1658,0.4464106844741235,536.3493041992188,0.7657467808679486,557.658447265625,531.0,1670187.0,652.5994873046875,660.0,1082010.0,439.9229736328125,437.0,588177.0,False,vLH92_MN_60x-1xzoom_0005_XY04_Dapi-ex_Green-em.tif,301.23773193359375,281.0,902207.0,341.4300231933594,331.0,566091.0,251.39566040039062,251.0,336116.0,413.79444726562497,508.73548730468747,296.05897363281247,387.13599999999997,516.136,293.13599999999997,154.74973193359375,194.94202319335938,104.90766040039063,134.512,184.512,104.512,0mM 2DG,1h,yes,MN,2.6739590569578016,2.878077792315927,2.609675835774425,2.79730315643427,2.8220910894673814,2.804807103490508
vLH92_MN_60x-1xzoom_0005_XY04_488.tif,8,3494,1601,1893,0.45821408128219804,428.4518280029297,0.857248184194078,471.1439514160156,431.0,1646177.0,551.5419921875,569.0,1044069.0,376.08245849609375,377.0,602108.0,False,vLH92_MN_60x-1xzoom_0005_XY04_Dapi-ex_Green-em.tif,422.60333251953125,377.0,1476576.0,484.738525390625,512.0,917610.0,349.1355285644531,351.0,558966.0,327.2799514160156,407.67799218749997,232.21845849609375,287.13599999999997,425.13599999999997,233.136,276.11533251953125,338.250525390625,202.64752856445313,230.512,365.512,204.512,0mM 2DG,1h,yes,MN,1.1853016217158645,1.2456444783785658,1.2052545719380552,1.1631246032961982,1.1459229734560292,1.1399624471913627
vLH92_MN_60x-1xzoom_0005_XY04_488.tif,9,2458,1558,900,0.6338486574450773,318.7973175048828,0.6167726564914523,321.20098876953125,320.0,789512.0,341.6711120605469,341.0,307504.0,309.3761291503906,310.0,482008.0,False,vLH92_MN_60x-1xzoom_0005_XY04_Dapi-ex_Green-em.tif,321.1354675292969,320.0,789351.0,336.8777770996094,336.5,303190.0,312.0417175292969,313.0,486161.0,177.33698876953125,197.80711206054687,165.51212915039062,176.136,197.136,166.136,174.64746752929688,190.38977709960938,165.55371752929688,173.512,190.012,166.512,0mM 2DG,1h,yes,MN,1.0153997150848078,1.0151228733459357,1.0389586829394566,1.0374923689030167,0.9997487922377889,0.9977419044873642
vLH92_MN_60x-1xzoom_0005_XY05_488.tif,1,3740,1777,1964,0.4751336898395722,233.3475112915039,0.7951500780288455,247.03341674804688,234.0,923905.0,288.46435546875,292.0,566544.0,201.21946716308594,200.0,357567.0,False,vLH92_MN_60x-1xzoom_0005_XY05_Dapi-ex_Green-em.tif,200.8422393798828,188.0,751150.0,224.48727416992188,215.0,440893.0,174.6848602294922,174.0,310415.0,101.36941674804689,142.80035546875,55.55546716308595,88.33600000000001,146.336,54.33600000000001,52.55743937988282,76.20247416992189,26.400060229492198,39.71520000000001,66.71520000000001,25.71520000000001,0mM 2DG,1h,yes,MN,1.9287358353848496,2.224236564338087,1.873959566592592,2.193443173369787,2.104368955227742,2.1129915380786457
vLH92_MN_60x-1xzoom_0005_XY05_488.tif,2,1954,909,1045,0.46519959058341864,373.28668212890625,0.7603537701204138,374.62744140625,372.0,732022.0,420.4363708496094,418.0,439356.0,321.96478271484375,320.0,292666.0,False,vLH92_MN_60x-1xzoom_0005_XY05_Dapi-ex_Green-em.tif,315.52764892578125,311.0,616541.0,335.5416259765625,331.0,350641.0,292.5192565917969,291.0,265900.0,228.96344140625,274.7723708496094,176.30078271484376,226.336,272.336,174.336,167.24284892578126,187.2568259765625,144.23445659179689,162.7152,182.7152,142.7152,0mM 2DG,1h,yes,MN,1.3690477223803992,1.3909948179395655,1.4673556994071901,1.4904944963527937,1.2223208439977622,1.2215657477269415
vLH92_MN_60x-1xzoom_0005_XY05_488.tif,3,2221,1058,1163,0.4763619990995047,457.2505798339844,0.8390088294363873,478.869873046875,453.0,1063570.0,558.4170532226562,538.0,649439.0,391.42816162109375,387.0,414131.0,False,vLH92_MN_60x-1xzoom_0005_XY05_Dapi-ex_Green-em.tif,450.29534912109375,421.0,1000106.0,495.3181457519531,458.0,576055.0,400.8043518066406,398.0,424051.0,333.205873046875,412.75305322265626,245.76416162109376,307.336,392.336,241.336,302.01054912109373,347.0333457519531,252.51955180664064,272.7152,309.7152,249.7152,0mM 2DG,1h,yes,MN,1.1032921665040027,1.1269485529226095,1.1893757711619943,1.266763788151179,0.9732480509441122,0.9664449741145112
vLH92_MN_60x-1xzoom_0005_XY05_488.tif,4,3458,1606,1853,0.4644303065355697,1448.9149780273438,0.09962978105328703,1301.4459228515625,1438.5,4500400.0,1531.3470458984375,1502.0,2837586.0,1035.790771484375,1115.0,1663480.0,False,vLH92_MN_60x-1xzoom_0005_XY05_Dapi-ex_Green-em.tif,479.54510498046875,467.5,1658267.0,490.4371337890625,468.0,908780.0,466.9757080078125,460.5,749963.0,1155.7819228515625,1385.6830458984375,890.126771484375,1292.836,1356.336,969.336,331.26030498046873,342.1523337890625,318.6909080078125,319.2152,319.7152,312.2152,0mM 2DG,1h,yes,MN,3.4890444326545795,4.050045235941146,4.049900903942726,4.2423256698461635,2.7930723755148805,3.104704703678745
vLH92_MN_60x-1xzoom_0005_XY05_488.tif,5,1913,968,945,0.5060115002613695,602.5912475585938,0.1947733969876043,566.1489868164062,601.0,1083043.0,664.2888793945312,662.0,627753.0,470.3409118652344,474.0,455290.0,False,vLH92_MN_60x-1xzoom_0005_XY05_Dapi-ex_Green-em.tif,541.055908203125,573.0,1035040.0,640.3269653320312,631.0,605109.0,444.1435852050781,456.0,429931.0,420.48498681640626,518.6248793945313,324.6769118652344,455.336,516.336,328.336,392.771108203125,492.04216533203123,295.8587852050781,424.7152,482.7152,307.7152,0mM 2DG,1h,yes,MN,1.0705598707096062,1.0720972548192296,1.0540252765625522,1.0696493501758388,1.0974050057029088,1.067012614261499
vLH92_MN_60x-1xzoom_0005_XY05_488.tif,6,2238,1143,1095,0.5107238605898123,242.47284698486328,0.6024346696100202,249.23280334472656,243.0,557783.0,271.12054443359375,267.0,296877.0,228.26422119140625,228.0,260906.0,False,vLH92_MN_60x-1xzoom_0005_XY05_Dapi-ex_Green-em.tif,260.6671142578125,255.0,583373.0,278.89862060546875,274.0,305394.0,243.2012176513672,242.0,277979.0,103.56880334472658,125.45654443359376,82.60022119140626,97.33600000000001,121.33600000000001,82.33600000000001,112.38231425781251,130.61382060546876,94.9164176513672,106.71520000000001,125.71520000000001,93.71520000000001,0mM 2DG,1h,yes,MN,0.9215756414050421,0.9121099899545707,0.9605150806555683,0.9651657078857608,0.8702416635107433,0.8785767943727378
vLH92_MN_60x-1xzoom_0005_XY05_488.tif,7,3969,1504,2465,0.37893675988914083,522.23681640625,0.7156477236366829,591.9407958984375,529.0,2349413.0,663.1010131835938,670.0,1634544.0,475.31182861328125,478.0,714869.0,False,vLH92_MN_60x-1xzoom_0005_XY05_Dapi-ex_Green-em.tif,428.66363525390625,394.0,1701366.0,470.5509033203125,476.0,1159908.0,360.011962890625,361.0,541458.0,446.2767958984375,517.4370131835938,329.64782861328126,383.336,524.336,332.336,280.37883525390623,322.2661033203125,211.727162890625,245.7152,327.7152,212.7152,0mM 2DG,1h,yes,MN,1.5916921671148856,1.560082567134634,1.6056203486883431,1.5999746121022158,1.5569463271161492,1.5623519146727642
vLH92_MN_60x-1xzoom_0005_XY05_488.tif,8,3891,1682,2209,0.43227961963505523,344.5415954589844,0.677648409463717,358.00384521484375,348.0,1392993.0,407.30419921875,403.0,899735.0,293.2568359375,290.0,493258.0,False,vLH92_MN_60x-1xzoom_0005_XY05_Dapi-ex_Green-em.tif,366.9627380371094,347.0,1427852.0,414.630615234375,416.0,915919.0,304.35968017578125,301.0,511933.0,212.33984521484376,261.64019921875,147.5928359375,202.336,257.336,144.336,218.67793803710939,266.345815234375,156.07488017578126,198.7152,267.7152,152.7152,0mM 2DG,1h,yes,MN,0.9710163134006227,1.018221052038294,0.9823326827512413,0.9612304419024397,0.9456540076870267,0.9451318532798307
vLH92_MN_60x-1xzoom_0005_XY05_488.tif,9,3065,1536,1529,0.5011419249592169,224.9810028076172,0.5156177820750902,236.1641082763672,229.0,723843.0,255.7063446044922,254.0,390975.0,216.7109375,217.0,332868.0,False,vLH92_MN_60x-1xzoom_0005_XY05_Dapi-ex_Green-em.tif,225.6234893798828,220.0,691536.0,241.24656677246094,237.0,368866.0,210.0716094970703,209.0,322670.0,90.5001082763672,110.0423446044922,71.04693750000001,83.33600000000001,108.33600000000001,71.33600000000001,77.33868937988282,92.96176677246095,61.78680949707032,71.71520000000001,88.71520000000001,60.71520000000001,0mM 2DG,1h,yes,MN,1.1701789751289462,1.1620409620275758,1.1837376636121681,1.2211661586740492,1.149872247463575,1.1749281893166785
vLH92_MN_60x-1xzoom_0005_XY05_488.tif,10,3511,1458,2053,0.4152663058957562,294.96673583984375,0.6818407131204276,333.5707702636719,300.0,1171167.0,373.5143737792969,366.0,766825.0,277.32647705078125,278.0,404342.0,False,vLH92_MN_60x-1xzoom_0005_XY05_Dapi-ex_Green-em.tif,326.94189453125,299.0,1147893.0,360.1612243652344,351.0,739411.0,280.1659851074219,281.0,408482.0,187.9067702636719,227.8503737792969,131.66247705078126,154.336,220.336,132.336,178.65709453125,211.87642436523439,131.88118510742189,150.7152,202.7152,132.7152,0mM 2DG,1h,yes,MN,1.0517733469062096,1.0240241196641082,1.0753927647302868,1.0869239208505332,0.9983416280611789,0.9971427538066476
vLH92_MN_60x-1xzoom_0005_XY06_488.tif,1,4022,1716,2306,0.42665340626553955,591.3386840820312,0.6345954543072642,655.6014404296875,600.0,2636829.0,762.6712646484375,801.5,1758720.0,511.7185363769531,509.0,878109.0,False,vLH92_MN_60x-1xzoom_0005_XY06_Dapi-ex_Green-em.tif,360.6260681152344,333.0,1450438.0,405.703369140625,418.5,935552.0,300.05010986328125,299.0,514886.0,512.9630404296875,620.0328646484375,369.08013637695313,457.3616,658.8616,366.3616,216.22766811523437,261.30496914062496,155.65170986328124,188.6016,274.10159999999996,154.6016,0mM 2DG,1h,yes,MN,2.3723284115347982,2.425014421934915,2.372832275970833,2.403713075735421,2.371192303002258,2.3697141556102914
vLH92_MN_60x-1xzoom_0005_XY06_488.tif,2,449,230,219,0.512249443207127,342.1825866699219,0.41082860959786055,338.21826171875,339.0,151860.0,351.9862976074219,350.0,77085.0,325.10870361328125,324.0,74775.0,False,vLH92_MN_60x-1xzoom_0005_XY06_Dapi-ex_Green-em.tif,218.4365234375,215.0,98078.0,224.8949737548828,220.0,49252.0,212.28695678710938,211.5,48826.0,195.57986171875,209.34789760742188,182.47030361328126,196.3616,207.3616,181.3616,74.03812343749999,80.4965737548828,67.88855678710937,70.60159999999999,75.60159999999999,67.10159999999999,0mM 2DG,1h,yes,MN,2.6416101953725324,2.7812627475864575,2.6007056927031402,2.7428202577723226,2.6877917612166504,2.7027909915709913
vLH92_MN_60x-1xzoom_0005_XY06_488.tif,3,3647,1810,1837,0.4962983273923773,245.5679473876953,0.5943625300572752,270.69427490234375,252.0,987222.0,309.3320617675781,314.0,568243.0,231.48011779785156,231.0,418979.0,False,vLH92_MN_60x-1xzoom_0005_XY06_Dapi-ex_Green-em.tif,246.25473022460938,227.0,898091.0,280.1791076660156,272.0,514689.0,211.82431030273438,211.0,383402.0,128.05587490234376,166.69366176757813,88.84171779785157,109.36160000000001,171.3616,88.36160000000001,101.85633022460937,135.78070766601562,67.42591030273437,82.60159999999999,127.60159999999999,66.60159999999999,0mM 2DG,1h,yes,MN,1.257220583344798,1.3239646689652504,1.2276682352959902,1.342942408245665,1.3176198496833451,1.326718877624562
vLH92_MN_60x-1xzoom_0005_XY06_488.tif,4,3009,1493,1516,0.4961781322698571,618.834716796875,0.43178004419432664,707.353271484375,626.0,2128426.0,834.1866455078125,824.0,1264627.0,578.5659790039062,583.0,863799.0,False,vLH92_MN_60x-1xzoom_0005_XY06_Dapi-ex_Green-em.tif,323.0212707519531,303.0,971971.0,358.5751953125,359.0,543600.0,286.91961669921875,286.0,428371.0,564.714871484375,691.5482455078125,435.92757900390626,483.3616,681.3616,440.3616,178.62287075195312,214.1767953125,142.52121669921874,158.6016,214.6016,141.6016,0mM 2DG,1h,yes,MN,3.1614925295236875,3.047646429796421,3.2288663414670657,3.175007082892206,3.0586855003062565,3.109863165387962
vLH92_MN_60x-1xzoom_0005_XY06_488.tif,5,3578,1725,1854,0.4821129122414757,655.5299987792969,0.5876218040797949,731.2509765625,668.0,2616416.0,850.425537109375,894.0,1576689.0,602.9600219726562,617.0,1040106.0,False,vLH92_MN_60x-1xzoom_0005_XY06_Dapi-ex_Green-em.tif,389.5849609375,358.0,1393935.0,449.3338623046875,457.0,833065.0,325.2846374511719,328.0,561116.0,588.6125765625,707.787137109375,460.32162197265626,525.3616,751.3616,474.3616,245.1865609375,304.93546230468746,180.88623745117187,213.6016,312.60159999999996,183.6016,0mM 2DG,1h,yes,MN,2.4006722648740197,2.4595396289166374,2.3211047077304623,2.4035756694783394,2.5448128528678957,2.5836463298794783
vLH92_MN_60x-1xzoom_0005_XY06_488.tif,6,1436,880,557,0.6128133704735376,244.34596252441406,0.5193256693745856,249.603759765625,246.0,358431.0,265.1651611328125,264.0,147697.0,239.69772338867188,239.0,210934.0,False,vLH92_MN_60x-1xzoom_0005_XY06_Dapi-ex_Green-em.tif,228.25765991210938,223.0,327778.0,239.00180053710938,231.0,133124.0,221.4204559326172,220.0,194850.0,106.96535976562501,122.52676113281251,97.05932338867188,103.36160000000001,121.36160000000001,96.36160000000001,83.85925991210937,94.60340053710937,77.02205593261718,78.60159999999999,86.60159999999999,75.60159999999999,0mM 2DG,1h,yes,MN,1.2755342686989193,1.3150063103041163,1.2951623349390053,1.4013782655285818,1.2601497352081115,1.2745973630187724
vLH92_MN_60x-1xzoom_0005_XY06_488.tif,7,2883,1434,1449,0.49739854318418314,247.24148559570312,0.8451002575738484,264.5865478515625,248.0,762803.0,302.0324401855469,293.0,437645.0,226.7489471435547,226.0,325158.0,False,vLH92_MN_60x-1xzoom_0005_XY06_Dapi-ex_Green-em.tif,255.53590393066406,241.0,736710.0,287.8184814453125,284.0,417049.0,222.91561889648438,221.0,319661.0,121.94814785156251,159.39404018554688,84.1105471435547,105.36160000000001,150.3616,83.36160000000001,111.13750393066405,143.4200814453125,78.51721889648437,96.60159999999999,139.6016,76.60159999999999,0mM 2DG,1h,yes,MN,1.0972726895831937,1.0906817278388765,1.1113788151509691,1.077076480498791,1.0712369633779881,1.0882488094243465
vLH92_MN_60x-1xzoom_0005_XY06_488.tif,8,2004,1045,959,0.5214570858283433,280.91722106933594,0.7573180949573746,296.693603515625,283.0,594574.0,325.6485900878906,312.0,312297.0,270.12152099609375,270.0,282277.0,False,vLH92_MN_60x-1xzoom_0005_XY06_Dapi-ex_Green-em.tif,291.2325439453125,282.0,583630.0,312.5516052246094,304.0,299737.0,271.6679382324219,272.0,283893.0,154.055203515625,183.01019008789063,127.48312099609376,140.3616,169.3616,127.36160000000001,146.8341439453125,168.15320522460937,127.26953823242187,137.6016,159.6016,127.60159999999999,0mM 2DG,1h,yes,MN,1.0491783407883792,1.0200579063034152,1.088353860656038,1.061152269150184,1.0016781923360314,0.9981191458414316
vLH92_MN_60x-1xzoom_0005_XY06_488.tif,9,2220,1126,1095,0.5072072072072072,385.7120361328125,0.39656089398948247,411.9405517578125,386.0,914508.0,481.55706787109375,430.0,527305.0,344.14654541015625,344.0,387509.0,False,vLH92_MN_60x-1xzoom_0005_XY06_Dapi-ex_Green-em.tif,368.47296142578125,360.0,818010.0,413.9433898925781,407.0,453268.0,324.19537353515625,323.0,365044.0,269.3021517578125,338.91866787109376,201.50814541015626,243.3616,287.3616,201.3616,224.07456142578124,269.5449898925781,179.79697353515624,215.6016,262.60159999999996,178.6016,0mM 2DG,1h,yes,MN,1.2018416996746493,1.1287560018107474,1.257373279340726,1.0942873158427064,1.1207538227597293,1.1274344686721733
vLH92_MN_60x-1xzoom_0005_XY06_488.tif,10,3675,1805,1870,0.49115646258503404,429.6258239746094,0.5187370130191239,451.2353820800781,428.0,1658290.0,551.7705688476562,568.5,1031811.0,347.07977294921875,335.0,626479.0,False,vLH92_MN_60x-1xzoom_0005_XY06_Dapi-ex_Green-em.tif,278.4381103515625,266.0,1023260.0,330.08074951171875,319.0,617251.0,224.93572998046875,218.0,406009.0,308.59698208007813,409.13216884765626,204.44137294921876,285.3616,425.8616,192.3616,134.0397103515625,185.68234951171874,80.53732998046874,121.60159999999999,174.6016,73.60159999999999,0mM 2DG,1h,yes,MN,2.3022802814977945,2.346692806673597,2.2033982762687696,2.4390475230467534,2.5384672300261037,2.613551879306972
vLH92_MN_60x-1xzoom_0005_XY07_488.tif,1,1536,685,852,0.4459635416666667,330.2791748046875,0.3167434969568585,340.96875,330.0,523728.0,359.5880432128906,342.0,306369.0,317.69195556640625,319.0,217619.0,False,vLH92_MN_60x-1xzoom_0005_XY07_Dapi-ex_Green-em.tif,281.3606872558594,271.0,432170.0,290.5152587890625,274.0,247519.0,269.8671569824219,269.0,184859.0,198.19435,216.8136432128906,174.91755556640624,187.2256,199.2256,176.2256,135.5990872558594,144.7536587890625,124.10555698242189,125.23840000000001,128.2384,123.23840000000001,0mM 2DG,1h,yes,MN,1.4616200891236883,1.4949536244474535,1.4978111436121635,1.553556501016856,1.4094256519970438,1.429956896551724
vLH92_MN_60x-1xzoom_0005_XY07_488.tif,2,3894,1637,2257,0.42039034411915766,1452.2855834960938,0.42637231349426774,1533.6510009765625,1490.0,5972037.0,1854.968505859375,1951.0,4186664.0,1090.6370849609375,1043.0,1785373.0,False,vLH92_MN_60x-1xzoom_0005_XY07_Dapi-ex_Green-em.tif,460.08807373046875,445.0,1791583.0,537.5697631835938,537.0,1213295.0,353.2608337402344,342.0,578288.0,1390.8766009765625,1712.194105859375,947.8626849609375,1347.2256,1808.2256,900.2256,314.32647373046876,391.80816318359376,207.4992337402344,299.2384,391.2384,196.2384,0mM 2DG,1h,yes,MN,4.424942590642947,4.502181538198306,4.369980686331626,4.6217999051217875,4.568029808474158,4.587407969082503
vLH92_MN_60x-1xzoom_0005_XY07_488.tif,3,3530,1569,1961,0.44447592067988667,655.1379089355469,0.4281559582639029,728.2427978515625,654.0,2570697.0,856.810791015625,910.0,1680206.0,567.55322265625,567.0,890491.0,False,vLH92_MN_60x-1xzoom_0005_XY07_Dapi-ex_Green-em.tif,359.484130859375,328.0,1268979.0,409.19683837890625,423.0,802435.0,297.3511657714844,297.0,466544.0,585.4683978515625,714.036391015625,424.77882265625,511.2256,767.2256,424.2256,213.722530859375,263.43523837890626,151.5895657714844,182.2384,277.2384,151.2384,0mM 2DG,1h,yes,MN,2.739385480311332,2.8052572893528476,2.7104816933739384,2.76738575897134,2.8021639912643344,2.805012483602048
vLH92_MN_60x-1xzoom_0005_XY07_488.tif,4,3682,1821,1861,0.49456816947311244,1768.1625366210938,0.16545969712360586,1711.8778076171875,1774.0,6303134.0,1992.5341796875,1944.0,3708106.0,1425.0565185546875,1598.0,2595028.0,False,vLH92_MN_60x-1xzoom_0005_XY07_Dapi-ex_Green-em.tif,629.072509765625,620.0,2316245.0,717.1241455078125,708.0,1334568.0,539.0867919921875,566.0,981677.0,1569.1034076171875,1849.7597796875,1282.2821185546875,1631.2256,1801.2256,1455.2256,483.310909765625,571.3625455078125,393.3251919921875,474.2384,562.2384,420.2384,0mM 2DG,1h,yes,MN,3.246571463445968,3.4396742229224793,3.237453687209197,3.203668763997621,3.2601067632102168,3.462857273395292
vLH92_MN_60x-1xzoom_0005_XY07_488.tif,5,2282,1206,1077,0.5284837861524978,508.4456787109375,0.42058887745126766,550.2931518554688,514.0,1255769.0,635.8848876953125,591.0,684848.0,473.68408203125,477.0,571263.0,False,vLH92_MN_60x-1xzoom_0005_XY07_Dapi-ex_Green-em.tif,361.0052490234375,352.5,823814.0,352.9582214355469,311.0,380136.0,368.1467590332031,357.0,443985.0,407.51875185546874,493.1104876953125,330.90968203125,371.2256,448.2256,334.2256,215.2436490234375,207.1966214355469,222.38515903320314,206.7384,165.2384,211.2384,0mM 2DG,1h,yes,MN,1.893290481295895,1.7956296459680445,2.3799156775763617,2.7125994926118864,1.4880025423901764,1.5822198994122278
vLH92_MN_60x-1xzoom_0005_XY07_488.tif,6,1284,672,612,0.5233644859813084,287.28912353515625,0.7567031748841289,300.45172119140625,289.0,385780.0,326.521240234375,308.0,199831.0,276.7098083496094,277.0,185949.0,False,vLH92_MN_60x-1xzoom_0005_XY07_Dapi-ex_Green-em.tif,253.61215209960938,249.0,325638.0,263.94281005859375,257.0,161533.0,244.20387268066406,244.0,164105.0,157.67732119140624,183.746840234375,133.93540834960936,146.2256,165.2256,134.2256,107.85055209960939,118.18121005859376,98.44227268066408,103.23840000000001,111.23840000000001,98.23840000000001,0mM 2DG,1h,yes,MN,1.4619982755932253,1.4163877007005141,1.55478895624164,1.4853288073183357,1.360547706817793,1.3663251844492579
vLH92_MN_60x-1xzoom_0005_XY07_488.tif,7,4077,2131,1947,0.5226882511650723,317.8232116699219,0.15061149410393648,327.51361083984375,323.0,1335273.0,351.09759521484375,351.0,683587.0,305.9361877441406,308.0,651950.0,False,vLH92_MN_60x-1xzoom_0005_XY07_Dapi-ex_Green-em.tif,332.3441162109375,325.0,1354967.0,357.3225402832031,354.0,695707.0,309.4913330078125,311.0,659526.0,184.73921083984374,208.32319521484374,163.1617877441406,180.2256,208.2256,165.2256,186.5825162109375,211.56094028320314,163.7297330078125,179.2384,208.2384,165.2384,0mM 2DG,1h,yes,MN,0.9901206961481329,1.0055077483396413,0.9846959223000936,0.9999385319902572,0.9965312026518434,0.9999225361659274
vLH92_MN_60x-1xzoom_0005_XY07_488.tif,8,3358,1765,1593,0.5256104824300178,848.382080078125,0.29378750872012677,882.6917724609375,871.0,2964079.0,1088.8443603515625,1101.0,1734529.0,696.62890625,704.0,1229550.0,False,vLH92_MN_60x-1xzoom_0005_XY07_Dapi-ex_Green-em.tif,557.3394775390625,527.0,1871546.0,671.7708740234375,688.0,1070131.0,454.0594787597656,462.0,801415.0,739.9173724609375,946.0699603515625,553.85450625,728.2256,958.2256,561.2256,411.5778775390625,526.0092740234375,308.29787875976564,381.2384,542.2384,316.2384,0mM 2DG,1h,yes,MN,1.7977578797118718,1.9101580533335571,1.7985803807508693,1.767166618963172,1.7964914597468864,1.774691498565639
vLH92_MN_60x-1xzoom_0005_XY07_488.tif,9,1368,711,657,0.5197368421052632,251.81922149658203,0.30980221740087577,263.89910888671875,252.0,361014.0,302.5448913574219,292.0,198772.0,228.18846130371094,228.0,162242.0,False,vLH92_MN_60x-1xzoom_0005_XY07_Dapi-ex_Green-em.tif,305.37060546875,296.0,417747.0,343.6666564941406,341.0,225789.0,269.9831237792969,273.0,191958.0,121.12470888671874,159.77049135742186,85.41406130371092,109.22559999999999,149.2256,85.22559999999999,159.60900546875,197.90505649414064,124.22152377929689,150.2384,195.2384,127.23840000000001,0mM 2DG,1h,yes,MN,0.7588839272006732,0.7270151971799486,0.8073087883035074,0.7643250508096766,0.6875946994134866,0.6698103717116843
vLH92_MN_60x-1xzoom_0005_XY07_488.tif,10,1174,812,364,0.6916524701873935,286.87718200683594,0.4489913245733278,296.1039123535156,284.0,347626.0,341.45880126953125,319.0,124291.0,275.6798095703125,275.0,223852.0,False,vLH92_MN_60x-1xzoom_0005_XY07_Dapi-ex_Green-em.tif,342.3109130859375,343.0,401873.0,352.6373596191406,348.0,128360.0,337.6835021972656,341.0,274199.0,153.3295123535156,198.68440126953124,132.9054095703125,141.2256,176.2256,132.2256,196.5493130859375,206.87575961914064,191.92190219726564,197.2384,202.2384,195.2384,0mM 2DG,1h,yes,MN,0.7801070883746877,0.7160147314113275,0.9604044554824126,0.8713755646801002,0.6924973546464048,0.6772520159968529
vLH92_MN_60x-1xzoom_0005_XY07_488.tif,11,4666,2305,2362,0.4939991427346764,505.1045227050781,0.3907920391143579,547.410400390625,509.0,2554217.0,657.5347290039062,672.5,1553097.0,434.4516296386719,442.0,1001411.0,False,vLH92_MN_60x-1xzoom_0005_XY07_Dapi-ex_Green-em.tif,374.224609375,300.0,1746132.0,486.4051513671875,370.0,1148889.0,259.2021789550781,255.0,597461.0,404.636000390625,514.7603290039062,291.67722963867186,366.2256,529.7256,299.2256,228.463009375,340.6435513671875,113.44057895507814,154.2384,224.2384,109.23840000000001,0mM 2DG,1h,yes,MN,1.771122605351197,2.374412597641054,1.5111406833855905,2.362332232124382,2.571189536631107,2.739197937721533
vLH92_MN_60x-1xzoom_0005_XY07_488.tif,12,3410,1646,1764,0.4826979472140763,524.6119384765625,0.7516918729679476,566.07421875,533.5,1930313.0,691.036865234375,707.0,1218989.0,432.1531066894531,429.0,711324.0,False,vLH92_MN_60x-1xzoom_0005_XY07_Dapi-ex_Green-em.tif,287.29412841796875,268.0,979673.0,334.0169982910156,332.0,589206.0,237.2217559814453,235.0,390467.0,423.29981875,548.262465234375,289.3787066894531,390.7256,564.2256,286.2256,141.53252841796876,188.25539829101564,91.46015598144533,122.23840000000001,186.2384,89.23840000000001,0mM 2DG,1h,yes,MN,2.990830613157183,3.196422728046178,2.9123332993980893,3.029587883057414,3.1639865861169083,3.2074263993975682
vLH92_MN_60x-1xzoom_0005_XY07_488.tif,13,3127,1489,1638,0.4761752478413815,808.3494262695312,0.7004792804826381,951.380859375,815.0,2974968.0,1165.4951171875,1251.0,1909081.0,715.8408203125,732.0,1065887.0,False,vLH92_MN_60x-1xzoom_0005_XY07_Dapi-ex_Green-em.tif,633.31689453125,547.0,1980382.0,776.118408203125,832.5,1271282.0,476.22564697265625,494.0,709100.0,808.606459375,1022.7207171875,573.0664203125,672.2256,1108.2256,589.2256,487.55529453125,630.356808203125,330.46404697265626,401.2384,686.7384,348.2384,0mM 2DG,1h,yes,MN,1.6584918027655058,1.6753770327067399,1.6224473248775326,1.6137521944309507,1.7341263764161234,1.692017882002674
vLH92_MN_60x-1xzoom_0005_XY08_488.tif,1,3438,1476,1962,0.4293193717277487,477.483154296875,0.32535441422195005,456.7760314941406,478.0,1570396.0,514.4551391601562,517.0,1009361.0,380.1050109863281,368.0,561035.0,False,vLH92_MN_60x-1xzoom_0005_XY08_Dapi-ex_Green-em.tif,398.6064453125,414.0,1370409.0,449.208984375,451.0,881348.0,331.3421325683594,325.0,489061.0,314.3184314941406,371.99753916015624,237.6474109863281,335.5424,374.5424,225.5424,252.9616453125,303.56418437499997,185.69733256835937,268.35519999999997,305.35519999999997,179.3552,0mM 2DG,1h,yes,MN,1.2425537124643642,1.2503666781936777,1.2254329012035852,1.2265794065403177,1.2797567294018333,1.2575180424096988
vLH92_MN_60x-1xzoom_0005_XY08_488.tif,2,3872,1784,2088,0.4607438016528926,370.8355407714844,0.43383657915988694,362.87139892578125,367.0,1405038.0,406.4617004394531,401.0,848692.0,311.8531494140625,306.0,556346.0,False,vLH92_MN_60x-1xzoom_0005_XY08_Dapi-ex_Green-em.tif,261.182861328125,252.0,1011300.0,287.7442626953125,274.0,600810.0,230.0952911376953,225.0,410490.0,220.41379892578124,264.0041004394531,169.3955494140625,224.5424,258.5424,163.5424,115.538061328125,142.0994626953125,84.45049113769531,106.3552,128.3552,79.3552,0mM 2DG,1h,yes,MN,1.9077159196899796,2.1112498495607173,1.857882467898747,2.0142728927226945,2.005856296772336,2.060890779684255
vLH92_MN_60x-1xzoom_0005_XY08_488.tif,3,3161,1537,1625,0.48623853211009177,566.0487670898438,0.5154178546830002,595.7285766601562,573.0,1883098.0,705.26708984375,720.0,1146059.0,479.75732421875,473.0,737387.0,False,vLH92_MN_60x-1xzoom_0005_XY08_Dapi-ex_Green-em.tif,347.5128173828125,325.0,1098488.0,398.1587829589844,388.0,647008.0,293.9394836425781,287.0,451785.0,453.27097666015624,562.80948984375,337.29972421875,430.5424,577.5424,330.5424,201.8680173828125,252.51398295898437,148.29468364257812,179.3552,242.3552,141.3552,0mM 2DG,1h,yes,MN,2.245382812675054,2.400501351508069,2.2288250466318402,2.3830410901024615,2.2745233742277264,2.3383816088831537
vLH92_MN_60x-1xzoom_0005_XY08_488.tif,4,2933,1399,1535,0.47698602113876576,503.8641052246094,0.4279058430094901,584.0514526367188,508.0,1713023.0,697.4912109375,700.0,1070649.0,459.4410400390625,461.0,642758.0,False,vLH92_MN_60x-1xzoom_0005_XY08_Dapi-ex_Green-em.tif,405.24310302734375,357.0,1188578.0,474.50946044921875,465.0,728372.0,329.1722717285156,329.0,460512.0,441.59385263671874,555.0336109375,316.9834400390625,365.5424,557.5424,318.5424,259.5983030273437,328.8646604492187,183.52747172851562,211.3552,319.35519999999997,183.3552,0mM 2DG,1h,yes,MN,1.7010660219539466,1.7295169458806785,1.687726526101472,1.7458378632945388,1.727171616617498,1.737296787874028
vLH92_MN_60x-1xzoom_0005_XY08_488.tif,5,3030,1481,1549,0.4887788778877888,540.5341186523438,0.5572360159155253,627.4791870117188,556.0,1901262.0,761.3731689453125,778.0,1179367.0,487.4375305175781,487.0,721895.0,False,vLH92_MN_60x-1xzoom_0005_XY08_Dapi-ex_Green-em.tif,337.68084716796875,300.0,1023173.0,400.5500183105469,410.0,620452.0,271.925048828125,272.0,402721.0,485.02158701171874,618.9155689453125,344.9799305175781,413.5424,635.5424,344.5424,192.03604716796875,254.90521831054687,126.280248828125,154.3552,264.35519999999997,126.3552,0mM 2DG,1h,yes,MN,2.5256799135606216,2.679160792768886,2.428022356887562,2.4041229376233195,2.7318597620687024,2.726776579040673
vLH92_MN_60x-1xzoom_0005_XY08_488.tif,6,3859,1750,2109,0.4534853589012698,333.365478515625,0.4388328613184849,342.19305419921875,333.0,1320523.0,392.5708923339844,394.0,827932.0,281.4805603027344,279.0,492591.0,False,vLH92_MN_60x-1xzoom_0005_XY08_Dapi-ex_Green-em.tif,253.61752319335938,240.0,978710.0,282.4883728027344,271.0,595768.0,218.82400512695312,218.0,382942.0,199.73545419921874,250.11329233398436,139.02296030273436,190.5424,251.5424,136.5424,107.97272319335937,136.84357280273437,73.17920512695312,94.3552,125.3552,72.3552,0mM 2DG,1h,yes,MN,1.8498695623479748,2.0194159940310654,1.827731381250422,2.0066371399032508,1.8997604587471788,1.887112467383132
vLH92_MN_60x-1xzoom_0005_XY09_488.tif,1,4969,2396,2573,0.48218957536727713,1070.617431640625,0.2759260079691025,1211.1761474609375,1081.0,6018334.0,1533.1123046875,1590.0,3944698.0,865.4574584960938,886.0,2073636.0,False,vLH92_MN_60x-1xzoom_0005_XY09_Dapi-ex_Green-em.tif,414.1805114746094,390.0,2058063.0,490.6824645996094,497.0,1262526.0,332.0271301269531,330.0,795537.0,1067.1617474609375,1389.0979046875,721.4430584960937,936.9856,1445.9856,741.9856,268.4701114746093,344.9720645996093,186.3167301269531,244.28959999999998,351.28959999999995,184.28959999999998,0mM 2DG,1h,yes,MN,3.9749741287750937,3.8355525572926563,4.0266967886218605,4.116220918581137,3.8721324596267577,4.026193556228892
vLH92_MN_60x-1xzoom_0005_XY09_488.tif,2,2028,999,1029,0.492603550295858,358.48170471191406,0.8161334469481452,408.0843200683594,362.0,827595.0,480.49951171875,418.0,494434.0,333.4945068359375,337.0,333161.0,False,vLH92_MN_60x-1xzoom_0005_XY09_Dapi-ex_Green-em.tif,272.376220703125,240.0,552379.0,318.5733642578125,278.0,327812.0,224.7917938232422,224.0,224567.0,264.06992006835935,336.48511171875,189.4801068359375,217.9856,273.9856,192.9856,126.66582070312498,172.86296425781248,79.08139382324217,94.28959999999998,132.28959999999998,78.28959999999998,0mM 2DG,1h,yes,MN,2.0847764503675967,2.311873207649625,1.9465425295895482,2.07110460686252,2.3960137483091373,2.465022174081871
vLH92_MN_60x-1xzoom_0005_XY09_488.tif,3,4638,2410,2228,0.5196205260888314,850.7375183105469,0.48095085998200504,876.3963012695312,844.0,4064726.0,1068.533203125,1076.0,2380692.0,698.769287109375,685.0,1684034.0,False,vLH92_MN_60x-1xzoom_0005_XY09_Dapi-ex_Green-em.tif,390.2063293457031,393.0,1809777.0,439.0134582519531,437.0,978122.0,345.0850524902344,333.0,831655.0,732.3819012695312,924.518803125,554.754887109375,699.9856,931.9856,540.9856,244.4959293457031,293.3030582519531,199.37465249023435,247.28959999999998,291.28959999999995,187.28959999999998,0mM 2DG,1h,yes,MN,2.9954768704307777,2.8306309687103703,3.152093976227211,3.1995155336819443,2.7824745030542317,2.8884978130125756
vLH92_MN_60x-1xzoom_0005_XY09_488.tif,4,3513,1895,1618,0.5394249928835753,870.79638671875,0.4799001413610015,1099.74462890625,884.0,3863403.0,1511.0006103515625,1628.5,2444799.0,748.6036987304688,769.0,1418604.0,False,vLH92_MN_60x-1xzoom_0005_XY09_Dapi-ex_Green-em.tif,452.6652526855469,385.0,1590213.0,585.0049438476562,617.0,946538.0,339.6701965332031,346.0,643675.0,955.73022890625,1366.9862103515625,604.5892987304687,739.9856,1484.4856,624.9856,306.9548526855468,439.2945438476562,193.9597965332031,239.28959999999998,471.28959999999995,200.28959999999998,0mM 2DG,1h,yes,MN,3.1135856642909205,3.092426917007676,3.1117759815055255,3.149837382365323,3.117085651443091,3.1204096468313884
vLH92_MN_60x-1xzoom_0005_XY09_488.tif,5,4356,0,4356,0.0,1306.4278564453125,,1234.115234375,1306.0,5375806.0,1234.115234375,1306.0,5375806.0,,,,True,vLH92_MN_60x-1xzoom_0005_XY09_Dapi-ex_Green-em.tif,423.4956359863281,421.0,1844747.0,423.4956359863281,421.0,1844747.0,,,,1090.100834375,1090.100834375,,1161.9856,1161.9856,,277.7852359863281,277.7852359863281,,275.28959999999995,275.28959999999995,,0mM 2DG,1h,yes,MN,3.9242576391952384,4.220957130236668,3.9242576391952384,4.220957130236668,,
vLH92_MN_60x-1xzoom_0005_XY09_488.tif,6,3683,1946,1738,0.5283736084713548,662.6818237304688,0.5858401849524202,792.0233764648438,657.0,2917022.0,1062.66796875,1098.5,1846917.0,550.009765625,536.0,1070319.0,False,vLH92_MN_60x-1xzoom_0005_XY09_Dapi-ex_Green-em.tif,381.443115234375,337.0,1404855.0,475.3538513183594,479.0,826165.0,297.4758605957031,294.0,578888.0,648.0089764648437,918.65356875,405.995365625,512.9856,954.4856,391.9856,235.73271523437498,329.6434513183593,151.7654605957031,191.28959999999998,333.28959999999995,148.28959999999998,0mM 2DG,1h,yes,MN,2.748914064900016,2.6817223727792836,2.7868097032596384,2.86383253482857,2.6751499585703153,2.643378901824538
vLH92_MN_60x-1xzoom_0005_XY09_488.tif,7,4113,2072,2041,0.5037685387794797,444.8050842285156,0.569272433886354,514.709228515625,441.0,2116999.0,652.8902587890625,602.0,1332549.0,378.5955505371094,377.0,784450.0,False,vLH92_MN_60x-1xzoom_0005_XY09_Dapi-ex_Green-em.tif,327.4483337402344,314.0,1346795.0,369.7030944824219,365.0,754564.0,285.8257751464844,283.0,592231.0,370.694828515625,508.8758587890625,234.58115053710938,296.9856,457.9856,232.9856,181.73793374023435,223.99269448242185,140.11537514648435,168.28959999999998,219.28959999999998,137.28959999999998,0mM 2DG,1h,yes,MN,2.0397218174906437,1.7647293712742798,2.271841320382872,2.0884966728928323,1.6741999248252755,1.6970375032049043
vLH92_MN_60x-1xzoom_0005_XY09_488.tif,8,4067,1804,2263,0.443570199164003,441.8288269042969,0.4449336625577338,501.828369140625,444.0,2040936.0,603.19091796875,626.0,1365021.0,374.67572021484375,374.0,675915.0,False,vLH92_MN_60x-1xzoom_0005_XY09_Dapi-ex_Green-em.tif,348.7204284667969,310.0,1418246.0,410.2602844238281,416.0,928419.0,271.5227355957031,271.0,489827.0,357.813969140625,459.17651796875,230.66132021484376,299.9856,481.9856,229.9856,203.01002846679685,264.5498844238281,125.8123355957031,164.28959999999998,270.28959999999995,125.28959999999998,0mM 2DG,1h,yes,MN,1.7625433178989331,1.8259561165162008,1.7356897318961437,1.7832191841639489,1.8333760288503982,1.8356320077644117
vLH92_MN_60x-1xzoom_0005_XY10_488.tif,1,1887,949,938,0.5029146793852676,249.21861267089844,0.7319899818574003,277.6502380371094,253.0,523926.0,321.10235595703125,309.0,301194.0,234.70179748535156,234.0,222732.0,False,vLH92_MN_60x-1xzoom_0005_XY10_Dapi-ex_Green-em.tif,264.9056701660156,241.0,499877.0,302.6567077636719,281.0,283892.0,227.5922088623047,227.0,215985.0,135.46943803710937,178.92155595703125,92.52099748535156,110.8192,166.8192,91.8192,120.11847016601564,157.8695077636719,82.8050088623047,96.21280000000002,136.21280000000002,82.21280000000002,0mM 2DG,1h,yes,MN,1.1277985629510363,1.1518134801190691,1.1333509459272777,1.2246954764897278,1.1173357597147708,1.116847984742035
vLH92_MN_60x-1xzoom_0005_XY10_488.tif,2,3871,1903,1968,0.4916042366313614,384.36981201171875,0.6340357369978042,407.4797058105469,392.0,1577354.0,447.906494140625,450.0,881480.0,365.6720886230469,367.0,695874.0,False,vLH92_MN_60x-1xzoom_0005_XY10_Dapi-ex_Green-em.tif,266.4024658203125,252.0,1031244.0,295.7103576660156,289.0,581958.0,236.09353637695312,235.0,449286.0,265.2989058105469,305.725694140625,223.49128862304687,249.8192,307.8192,224.8192,121.61526582031252,150.92315766601564,91.30633637695314,107.21280000000002,144.21280000000002,90.21280000000002,0mM 2DG,1h,yes,MN,2.181460559421282,2.33012476122254,2.0257043310555334,2.134479047629614,2.4477084229989856,2.4920986822269118
vLH92_MN_60x-1xzoom_0005_XY10_488.tif,3,3966,1858,2108,0.46848209783156836,494.0143127441406,0.6016520354415059,566.823486328125,498.0,2248022.0,713.3861694335938,763.0,1503818.0,400.5403747558594,389.0,744204.0,False,vLH92_MN_60x-1xzoom_0005_XY10_Dapi-ex_Green-em.tif,401.5108337402344,350.0,1592392.0,493.36907958984375,521.0,1040022.0,297.29278564453125,296.0,552370.0,424.642686328125,571.2053694335938,258.3595747558594,355.8192,620.8192,246.8192,256.7236337402344,348.58187958984377,152.50558564453127,205.21280000000002,376.2128,151.21280000000002,0mM 2DG,1h,yes,MN,1.6540849011112058,1.7339035381808543,1.6386547978503594,1.6501809614133278,1.6940990958721909,1.632263935328226
vLH92_MN_60x-1xzoom_0005_XY10_488.tif,4,2337,1184,1153,0.5066324347454001,604.5193481445312,0.3419698266676884,620.9110107421875,607.0,1451069.0,698.1535034179688,696.0,804971.0,545.6908569335938,546.0,646098.0,False,vLH92_MN_60x-1xzoom_0005_XY10_Dapi-ex_Green-em.tif,541.3384399414062,534.0,1265108.0,587.3685913085938,598.0,677236.0,496.5135192871094,507.0,587872.0,478.7302107421875,555.9727034179688,403.5100569335938,464.8192,553.8192,403.8192,396.55123994140627,442.58139130859377,351.7263192871094,389.2128,453.2128,362.2128,0mM 2DG,1h,yes,MN,1.2072341794037105,1.1942546596617583,1.2562044277869602,1.2219849042215931,1.147227360612198,1.1148672824372856
vLH92_MN_60x-1xzoom_0005_XY10_488.tif,5,2291,1132,1159,0.49410737669140115,272.9125061035156,0.7595368142926295,270.8830261230469,270.0,620593.0,301.98187255859375,300.0,349997.0,239.0424041748047,237.0,270596.0,False,vLH92_MN_60x-1xzoom_0005_XY10_Dapi-ex_Green-em.tif,239.5901336669922,220.0,548901.0,275.45037841796875,250.0,319247.0,202.8745574951172,202.0,229654.0,128.70222612304687,159.80107255859375,96.86160417480468,127.8192,157.8192,94.8192,94.8029336669922,130.66317841796877,58.0873574951172,75.21280000000002,105.21280000000002,57.212800000000016,0mM 2DG,1h,yes,MN,1.357576407657704,1.6994341388699792,1.223000040971129,1.4999999999999998,1.6675161059434804,1.6573074556742542
vLH92_MN_60x-1xzoom_0005_XY10_488.tif,6,4062,1971,2092,0.48522895125553916,604.6296997070312,0.592129932344677,725.087890625,610.0,2945307.0,896.9110717773438,967.0,1876338.0,542.5697631835938,542.0,1069405.0,False,vLH92_MN_60x-1xzoom_0005_XY10_Dapi-ex_Green-em.tif,339.324462890625,308.0,1378336.0,398.0669250488281,401.0,832756.0,276.941650390625,274.0,545852.0,582.907090625,754.7302717773438,400.3889631835938,467.8192,824.8192,399.8192,194.53726289062502,253.27972504882814,132.15445039062502,163.21280000000002,256.2128,129.21280000000002,0mM 2DG,1h,yes,MN,2.996377567791363,2.8663144067131987,2.979829007757507,3.2192739785053672,3.029704728067162,3.094269298397682
vLH92_MN_60x-1xzoom_0005_XY10_488.tif,7,1776,866,910,0.48761261261261263,328.36248779296875,0.742626993004298,362.8355712890625,329.0,644396.0,418.3307800292969,391.0,380681.0,304.5207824707031,304.0,263715.0,False,vLH92_MN_60x-1xzoom_0005_XY10_Dapi-ex_Green-em.tif,243.13795471191406,233.0,431813.0,264.515380859375,254.0,240709.0,220.6743621826172,220.0,191104.0,220.6547712890625,276.1499800292969,162.33998247070312,186.8192,248.8192,161.8192,98.35075471191408,119.72818085937502,75.8871621826172,88.21280000000002,109.21280000000002,75.21280000000002,0mM 2DG,1h,yes,MN,2.2435493447447095,2.117824170641902,2.3064743659109364,2.278297049430103,2.1392285309080763,2.1514848536419326
vLH92_MN_60x-1xzoom_0005_XY10_488.tif,8,1372,801,571,0.5838192419825073,257.8193664550781,0.44927021815459983,260.54010009765625,257.0,357461.0,276.6777648925781,273.0,157983.0,249.0362091064453,249.0,199478.0,False,vLH92_MN_60x-1xzoom_0005_XY10_Dapi-ex_Green-em.tif,245.68075561523438,235.0,337074.0,261.13134765625,248.0,149106.0,234.6666717529297,226.0,187968.0,118.35930009765625,134.49696489257812,106.85540910644531,114.8192,130.8192,106.8192,100.89355561523439,116.34414765625002,89.8794717529297,90.21280000000002,103.21280000000002,81.21280000000002,0mM 2DG,1h,yes,MN,1.1731106052900828,1.2727595197133885,1.1560269046790592,1.2674707013083646,1.1888744673553586,1.315300051223452
vLH92_MN_60x-1xzoom_0005_XY10_488.tif,9,3915,1736,2179,0.4434227330779055,438.26220703125,0.7845414142958489,482.823486328125,435.0,1890254.0,566.39697265625,586.0,1234179.0,377.92340087890625,376.0,656075.0,False,vLH92_MN_60x-1xzoom_0005_XY10_Dapi-ex_Green-em.tif,262.58673095703125,251.0,1028027.0,285.0362548828125,288.0,621094.0,234.40841674804688,233.0,406933.0,340.642686328125,424.21617265625,235.74260087890625,292.8192,443.8192,233.8192,117.79953095703127,140.24905488281252,89.62121674804689,106.21280000000002,143.21280000000002,88.21280000000002,0mM 2DG,1h,yes,MN,2.8917151329947006,2.7569106548363282,3.02473462663054,3.0990190820932204,2.630432942476691,2.650626666424827
vLH92_MN_60x-1xzoom_0005_XY10_488.tif,10,2861,1614,1247,0.564138413142258,654.550537109375,0.2589933646415948,667.1097412109375,660.0,1908601.0,733.5220336914062,740.0,914702.0,615.7986450195312,626.0,993899.0,False,vLH92_MN_60x-1xzoom_0005_XY10_Dapi-ex_Green-em.tif,489.6794738769531,478.0,1400973.0,545.9903564453125,557.0,680850.0,446.1728515625,453.0,720123.0,524.9289412109375,591.3412336914063,473.6178450195313,517.8192,597.8192,483.8192,344.89227387695314,401.2031564453125,301.3856515625,333.2128,412.2128,308.2128,0mM 2DG,1h,yes,MN,1.52200840949605,1.5540195334633002,1.4739196942784054,1.4502684050568055,1.5714677940509538,1.5697569990603895
vLH92_MN_60x-1xzoom_0005_XY11_488.tif,1,3548,1646,1902,0.46392333709131905,514.6287231445312,0.6989718071771923,547.7437744140625,521.0,1943395.0,679.2765502929688,689.0,1291984.0,395.7539367675781,392.0,651411.0,False,vLH92_MN_60x-1xzoom_0005_XY11_Dapi-ex_Green-em.tif,347.2032165527344,324.0,1231877.0,417.54364013671875,424.0,794168.0,265.9228515625,264.0,437709.0,404.4237744140625,535.9565502929688,252.43393676757813,377.68,545.6800000000001,248.68,201.86401655273437,272.20444013671874,120.5836515625,178.6608,278.6608,118.6608,0mM 2DG,1h,yes,MN,2.003446584093961,2.1139500102988458,1.9689485962233997,1.9582230439301118,2.0934341720174108,2.095721586235724
vLH92_MN_60x-1xzoom_0005_XY11_488.tif,2,3749,2103,1646,0.560949586556415,860.300537109375,0.15400511553221063,880.4249267578125,865.0,3300713.0,1067.126953125,1043.5,1756491.0,734.2947998046875,800.0,1544222.0,False,vLH92_MN_60x-1xzoom_0005_XY11_Dapi-ex_Green-em.tif,356.838623046875,329.0,1337788.0,421.5692443847656,390.0,693903.0,306.17449951171875,310.0,643885.0,737.1049267578126,923.8069531250001,590.9747998046876,721.6800000000001,900.1800000000001,656.6800000000001,211.499423046875,276.2300443847656,160.83529951171874,183.6608,244.6608,164.6608,0mM 2DG,1h,yes,MN,3.485139184490573,3.9294177091682063,3.344339154643922,3.6792980322143967,3.6744097943600256,3.988077308017452
vLH92_MN_60x-1xzoom_0005_XY11_488.tif,3,2713,1299,1414,0.47880575009214893,400.0779113769531,0.4556308660687841,404.57354736328125,401.0,1097608.0,463.3691711425781,462.0,655204.0,340.57275390625,337.0,442404.0,False,vLH92_MN_60x-1xzoom_0005_XY11_Dapi-ex_Green-em.tif,348.7703552246094,344.0,946214.0,393.9688720703125,392.0,557072.0,299.5704345703125,292.0,389142.0,261.25354736328126,320.04917114257813,197.25275390625,257.68,318.68,193.68,203.43115522460937,248.6296720703125,154.2312345703125,198.6608,246.6608,146.6608,0mM 2DG,1h,yes,MN,1.2842356770516783,1.2970852830553385,1.2872525168760558,1.291976674039815,1.278941677772309,1.3205982784765937
vLH92_MN_60x-1xzoom_0005_XY11_488.tif,4,2996,1478,1518,0.493324432576769,492.28269958496094,0.6008015801280769,558.88916015625,486.0,1674432.0,697.1383666992188,688.0,1058256.0,416.89849853515625,412.0,616176.0,False,vLH92_MN_60x-1xzoom_0005_XY11_Dapi-ex_Green-em.tif,359.9489440917969,313.0,1078407.0,436.0052795410156,409.0,661856.0,281.834228515625,279.0,416551.0,415.56916015625,553.8183666992188,273.57849853515626,342.68,544.6800000000001,268.68,214.60974409179687,290.6660795410156,136.495028515625,167.6608,263.6608,133.6608,0mM 2DG,1h,yes,MN,1.9363946493431121,2.043888613199985,1.9053422661968027,2.0658361045707214,2.004311083783091,2.0101630395748042
vLH92_MN_60x-1xzoom_0005_XY11_488.tif,5,5355,2677,2680,0.499906629318394,1053.2744140625,0.11523664893060472,1057.7430419921875,1057.0,5664214.0,1298.574951171875,1309.0,3480181.0,816.1210327148438,850.0,2184756.0,False,vLH92_MN_60x-1xzoom_0005_XY11_Dapi-ex_Green-em.tif,788.2877807617188,798.0,4221281.0,954.1387939453125,981.0,2557092.0,621.9140625,651.0,1664864.0,914.4230419921876,1155.254951171875,672.8010327148438,913.6800000000001,1165.68,706.6800000000001,642.9485807617187,808.7995939453125,476.5748625,652.6608,835.6608,505.6608,0mM 2DG,1h,yes,MN,1.4222335492347546,1.3999308676114761,1.4283574816556948,1.3949200441135925,1.411742594197032,1.3975376378789894
vLH92_MN_60x-1xzoom_0005_XY11_488.tif,6,3666,1567,2099,0.42744135297326785,333.550048828125,0.6330552042094173,349.9770812988281,340.0,1283016.0,379.85992431640625,380.0,797326.0,309.9489440917969,312.0,485690.0,False,vLH92_MN_60x-1xzoom_0005_XY11_Dapi-ex_Green-em.tif,250.65383911132812,239.0,918897.0,272.12054443359375,261.0,571181.0,221.899169921875,222.0,347716.0,206.65708129882813,236.53992431640626,166.62894409179688,196.68,236.68,168.68,105.31463911132812,126.78134443359374,76.559969921875,93.6608,115.6608,76.6608,0mM 2DG,1h,yes,MN,1.9622825757430635,2.099918001981619,1.8657313138077858,2.046328574590527,2.176449968068588,2.2003422870619667
vLH92_MN_60x-1xzoom_0005_XY11_488.tif,7,2303,1185,1118,0.5145462440295268,491.2251281738281,0.6041667941962158,526.3026733398438,498.0,1212075.0,586.49462890625,564.0,655701.0,469.513916015625,476.0,556374.0,False,vLH92_MN_60x-1xzoom_0005_XY11_Dapi-ex_Green-em.tif,439.4263916015625,423.0,1011999.0,476.215576171875,455.0,532409.0,404.71728515625,410.0,479590.0,382.98267333984376,443.17462890625,326.193916015625,354.68,420.68,332.68,294.0871916015625,330.876376171875,259.37808515625,277.6608,309.6608,264.6608,0mM 2DG,1h,yes,MN,1.3022759381466682,1.2773859327640056,1.3393964054902525,1.3585187405057406,1.257600139268223,1.257005193062214
vLH92_MN_60x-1xzoom_0005_XY12_488.tif,1,6787,3644,3143,0.5369087962280831,755.7877807617188,0.09757099419837195,813.2282104492188,767.0,5519380.0,1050.18798828125,1079.0,3300741.0,608.84716796875,651.0,2218639.0,False,vLH92_MN_60x-1xzoom_0005_XY12_Dapi-ex_Green-em.tif,323.0386047363281,308.0,2192463.0,386.30511474609375,393.0,1214157.0,268.4703674316406,273.0,978306.0,669.3322104492188,906.29198828125,464.95116796875,623.104,935.104,507.104,176.01140473632813,239.27791474609376,121.44316743164063,160.9728,245.9728,125.9728,0mM 2DG,1h,yes,MN,3.802777504400378,3.8708651399491094,3.7876123638194876,3.801656118074844,3.828549417821033,4.025503918306174
vLH92_MN_60x-1xzoom_0005_XY12_488.tif,2,2069,599,1470,0.28951184146930886,394.2978820800781,0.4577699561391208,397.8588562011719,393.0,823170.0,412.9455871582031,404.0,607030.0,360.834716796875,358.0,216140.0,False,vLH92_MN_60x-1xzoom_0005_XY12_Dapi-ex_Green-em.tif,396.47027587890625,357.0,820297.0,414.1897888183594,360.0,608859.0,352.9849853515625,340.0,211438.0,253.96285620117186,269.0495871582031,216.93871679687498,249.10399999999998,260.104,214.10399999999998,249.44307587890626,267.1625888183594,205.9577853515625,209.9728,212.9728,192.9728,0mM 2DG,1h,yes,MN,1.018119486004333,1.1863631860888648,1.0070631084546298,1.2213014995342126,1.05331641834548,1.1095035155213584
vLH92_MN_60x-1xzoom_0005_XY12_488.tif,3,5238,3227,2011,0.6160748377243223,622.5515441894531,0.4503393606832227,665.4432983398438,627.0,3485592.0,768.2267456054688,694.0,1544904.0,601.3907470703125,605.0,1940688.0,False,vLH92_MN_60x-1xzoom_0005_XY12_Dapi-ex_Green-em.tif,348.8426818847656,333.0,1827238.0,383.5763244628906,357.0,771372.0,327.1973876953125,320.0,1055866.0,521.5472983398438,624.3307456054688,457.4947470703125,483.104,550.104,461.104,201.81548188476563,236.54912446289063,180.1701876953125,185.9728,209.9728,172.9728,0mM 2DG,1h,yes,MN,2.584277942747928,2.5977132139753767,2.6393280762424154,2.6198821942651622,2.539236667966324,2.6657601657601657
vLH92_MN_60x-1xzoom_0005_XY12_488.tif,4,3699,1891,1809,0.5112192484455258,778.4484252929688,0.246330542866405,863.9359130859375,780.0,3195699.0,1104.203369140625,1105.0,1997504.0,633.8418579101562,671.0,1198595.0,False,vLH92_MN_60x-1xzoom_0005_XY12_Dapi-ex_Green-em.tif,425.2622375488281,390.0,1573045.0,513.6578369140625,520.0,929207.0,340.6435852050781,348.0,644157.0,720.0399130859375,960.307369140625,489.94585791015623,636.104,961.104,527.104,278.23503754882813,366.6306369140625,193.61638520507813,242.9728,372.9728,200.9728,0mM 2DG,1h,yes,MN,2.5878836807516596,2.6180049783350237,2.6192774756183814,2.5768742385503716,2.530497909002931,2.6227628813451376
vLH92_MN_60x-1xzoom_0005_XY12_488.tif,5,3891,1771,2121,0.4551529169879208,718.9361572265625,0.2826546324498025,786.6417236328125,718.0,3060823.0,940.8170776367188,1000.0,1995473.0,601.7266845703125,605.0,1065658.0,False,vLH92_MN_60x-1xzoom_0005_XY12_Dapi-ex_Green-em.tif,475.2978820800781,441.0,1849384.0,550.6331787109375,576.0,1167893.0,384.9378967285156,386.0,681725.0,642.7457236328125,796.9210776367188,457.8306845703125,574.104,856.104,461.104,328.27068208007813,403.6059787109375,237.91069672851563,293.9728,428.9728,238.9728,0mM 2DG,1h,yes,MN,1.9579748016486638,1.9529153717622856,1.9745026577207208,1.9957069539140944,1.9243804119188122,1.9295250338113792
vLH92_MN_60x-1xzoom_0005_XY12_488.tif,6,5959,3130,2830,0.5252559154220506,534.5518798828125,0.37345102014423853,560.0498657226562,538.0,3337337.0,697.1466674804688,686.0,1972925.0,436.0067138671875,455.0,1364701.0,False,vLH92_MN_60x-1xzoom_0005_XY12_Dapi-ex_Green-em.tif,340.8608703613281,333.0,2031190.0,385.44488525390625,376.0,1090809.0,300.51116943359375,293.0,940600.0,416.15386572265623,553.2506674804688,292.1107138671875,394.104,542.104,311.104,193.83367036132813,238.41768525390626,153.48396943359376,185.9728,228.9728,145.9728,0mM 2DG,1h,yes,MN,2.146963759943759,2.1191486066779657,2.3205101873683436,2.3675475864382145,1.9032001514240995,2.131246369186588
vLH92_MN_60x-1xzoom_0005_XY12_488.tif,7,6028,2953,3075,0.4898805573988056,545.3302307128906,0.1654144496164416,542.68994140625,550.5,3271335.0,652.5977172851562,665.0,2006738.0,428.241455078125,405.0,1264597.0,False,vLH92_MN_60x-1xzoom_0005_XY12_Dapi-ex_Green-em.tif,534.623779296875,541.0,3222712.0,628.9551391601562,646.0,1934037.0,436.39520263671875,411.0,1288675.0,398.79394140625,508.70171728515623,284.345455078125,406.604,521.104,261.104,387.596579296875,481.92793916015626,289.36800263671876,393.9728,498.9728,263.9728,0mM 2DG,1h,yes,MN,1.0288892180877542,1.0320610966036234,1.05555556328952,1.0443535198712235,0.9826430444526404,0.9891322136220094
vLH92_MN_60x-1xzoom_0005_XY12_488.tif,8,4164,1759,2405,0.4224303554274736,431.1991271972656,0.7028645266274459,471.4274597167969,442.0,1963024.0,537.8295288085938,555.0,1293480.0,380.6390075683594,386.0,669544.0,False,vLH92_MN_60x-1xzoom_0005_XY12_Dapi-ex_Green-em.tif,331.4911193847656,313.0,1380329.0,374.8760986328125,384.0,901577.0,272.1728210449219,272.0,478752.0,327.53145971679686,393.93352880859373,236.74300756835936,298.104,411.104,242.10399999999998,184.46391938476563,227.8488986328125,125.14562104492188,165.9728,236.9728,124.9728,0mM 2DG,1h,yes,MN,1.775585495576577,1.7961015298892347,1.7289244370824595,1.7348151349015581,1.8917402430196006,1.9372535463716902
vLH92_MN_60x-1xzoom_0005_XY12_488.tif,9,3525,1883,1643,0.5341843971631206,953.5383911132812,0.28408749276379597,1102.961669921875,961.0,3887940.0,1538.1983642578125,1616.0,2527260.0,722.7402954101562,745.0,1360920.0,False,vLH92_MN_60x-1xzoom_0005_XY12_Dapi-ex_Green-em.tif,413.7231140136719,374.0,1458374.0,519.0730590820312,544.0,852837.0,321.7110900878906,314.0,605782.0,959.065669921875,1394.3023642578125,578.8442954101563,817.104,1472.104,601.104,266.6959140136719,372.04585908203126,174.68389008789063,226.9728,396.9728,166.9728,0mM 2DG,1h,yes,MN,3.5961018505619458,3.600008459163389,3.7476626341119608,3.708324600577168,3.3136673056623365,3.6000114988788594
vLH92_MN_60x-1xzoom_0005_XY13_488.tif,1,10032,4113,5922,0.40998803827751196,364.2929992675781,0.3562858882179314,358.6211242675781,362.0,3597687.0,391.3919372558594,393.0,2317823.0,311.353515625,303.0,1280597.0,False,vLH92_MN_60x-1xzoom_0005_XY13_Dapi-ex_Green-em.tif,303.1992492675781,283.0,3041695.0,351.57159423828125,345.0,2082007.0,233.49136352539062,219.0,960350.0,215.84032426757813,248.61113725585938,168.572715625,219.2192,250.2192,160.2192,158.05044926757813,206.42279423828126,88.34256352539063,137.8512,199.8512,73.8512,0mM 2DG,1h,yes,MN,1.3656419533623863,1.590259642280952,1.2043783157439416,1.2520275084662988,1.908170975551896,2.169486751738631
vLH92_MN_60x-1xzoom_0005_XY13_488.tif,2,5064,1944,3120,0.38388625592417064,406.048095703125,0.415319673973644,399.2588806152344,403.0,2021847.0,432.86474609375,434.0,1350538.0,345.32354736328125,342.0,671309.0,False,vLH92_MN_60x-1xzoom_0005_XY13_Dapi-ex_Green-em.tif,316.32958984375,298.0,1601893.0,346.7137756347656,337.0,1081747.0,267.5648193359375,250.0,520146.0,256.4780806152344,290.08394609375,202.54274736328125,260.2192,291.2192,199.2192,171.18078984375,201.56497563476563,122.4160193359375,152.8512,191.8512,104.8512,0mM 2DG,1h,yes,MN,1.4982877509172718,1.7024347862496336,1.4391584906069204,1.5179430725478913,1.6545444661736444,1.9000183116645302
vLH92_MN_60x-1xzoom_0005_XY13_488.tif,3,2671,1341,1330,0.5020591538749531,377.50714111328125,0.3739587272322472,394.23773193359375,376.0,1053009.0,451.55712890625,443.0,600571.0,337.3885192871094,334.0,452438.0,False,vLH92_MN_60x-1xzoom_0005_XY13_Dapi-ex_Green-em.tif,361.3807678222656,342.0,965248.0,407.47821044921875,399.0,541946.0,315.66143798828125,312.0,423302.0,251.45693193359375,308.77632890625,194.60771928710938,233.2192,300.2192,191.2192,216.23196782226563,262.32941044921876,170.51263798828126,196.8512,253.8512,166.8512,0mM 2DG,1h,yes,MN,1.1629035912963697,1.1847486832693932,1.1770557040382719,1.1826581871584614,1.1413096506106726,1.1460462975393644
vLH92_MN_60x-1xzoom_0005_XY13_488.tif,4,1520,478,1042,0.3144736842105263,356.5415954589844,0.6287703671706182,372.8888244628906,356.0,566791.0,392.8627624511719,384.0,409363.0,329.3472900390625,333.0,157428.0,False,vLH92_MN_60x-1xzoom_0005_XY13_Dapi-ex_Green-em.tif,244.04539489746094,232.0,370949.0,256.0556640625,244.0,266810.0,217.864013671875,216.0,104139.0,230.10802446289063,250.08196245117188,186.5664900390625,213.2192,241.2192,190.2192,98.89659489746094,110.9068640625,72.715213671875,86.8512,98.8512,70.8512,0mM 2DG,1h,yes,MN,2.3267537643886906,2.4549942890829373,2.254882640178535,2.4402253083422356,2.5657146643471007,2.684770335576532
vLH92_MN_60x-1xzoom_0005_XY13_488.tif,5,4727,2303,2424,0.48720118468373175,267.1203308105469,0.36423686827140017,269.0660095214844,267.0,1271875.0,293.4195556640625,288.0,711249.0,243.4329071044922,242.0,560626.0,False,vLH92_MN_60x-1xzoom_0005_XY13_Dapi-ex_Green-em.tif,248.85360717773438,245.0,1176331.0,265.8523254394531,262.0,644426.0,230.9617919921875,228.0,531905.0,126.28520952148438,150.6387556640625,100.65210710449219,124.2192,145.2192,99.2192,103.70480717773438,120.70352543945313,85.8129919921875,99.8512,116.8512,82.8512,0mM 2DG,1h,yes,MN,1.2177372771645059,1.2440431361866457,1.2480062625811652,1.2427702924745316,1.1729238751360127,1.1975589973349812
vLH92_MN_60x-1xzoom_0005_XY13_488.tif,6,3949,2144,1806,0.5429222587996961,874.3790283203125,0.33564298076802745,912.6632080078125,881.0,3604107.0,1112.63623046875,1099.5,2009421.0,743.9761962890625,832.0,1595085.0,False,vLH92_MN_60x-1xzoom_0005_XY13_Dapi-ex_Green-em.tif,386.7242431640625,372.0,1527174.0,448.1284484863281,440.0,809320.0,334.9538269042969,349.0,718141.0,769.8824080078125,969.85543046875,601.1953962890625,738.2192,956.7192,689.2192,241.5754431640625,302.97964848632813,189.80502690429688,226.8512,294.8512,203.8512,0mM 2DG,1h,yes,MN,3.186923297849268,3.254200110028071,3.201058009388094,3.2447526074168938,3.1674366379779606,3.380991625263918
vLH92_MN_60x-1xzoom_0005_XY13_488.tif,7,2623,1283,1340,0.4891345787266489,368.56903076171875,0.7699018498411461,422.5954895019531,367.0,1108468.0,518.261962890625,441.0,694471.0,322.6788635253906,320.0,413997.0,False,vLH92_MN_60x-1xzoom_0005_XY13_Dapi-ex_Green-em.tif,329.1601257324219,321.0,863387.0,358.95001220703125,351.0,480993.0,298.0467529296875,296.0,382394.0,279.8146895019531,375.481162890625,179.89806352539063,224.2192,298.2192,177.2192,184.01132573242188,213.80121220703126,152.8979529296875,175.8512,205.8512,150.8512,0mM 2DG,1h,yes,MN,1.5206384084686324,1.275050724703613,1.7562162487976605,1.4487124680351633,1.1765890914714832,1.1747947646422434
vLH92_MN_60x-1xzoom_0005_XY13_488.tif,8,4887,2466,2421,0.5046040515653776,763.7752685546875,0.2930925473333965,874.5972900390625,762.0,4274157.0,1114.6678466796875,1164.0,2698611.0,638.9075317382812,660.0,1575546.0,False,vLH92_MN_60x-1xzoom_0005_XY13_Dapi-ex_Green-em.tif,487.780029296875,414.0,2383781.0,619.9165649414062,610.0,1500818.0,358.05474853515625,367.0,882963.0,731.8164900390625,971.8870466796875,496.12673173828125,619.2192,1021.2192,517.2192,342.631229296875,474.76776494140626,212.90594853515626,268.8512,464.8512,221.8512,0mM 2DG,1h,yes,MN,2.135872119832298,2.3032041515901733,2.0470788424307482,2.1968733220436993,2.330262424097361,2.331378870161622
vLH92_MN_60x-1xzoom_0005_XY13_488.tif,9,3870,1871,1999,0.4834625322997416,376.9610290527344,0.6024539747474613,436.7160339355469,380.0,1690091.0,549.9719848632812,577.0,1099394.0,315.7119140625,314.0,590697.0,False,vLH92_MN_60x-1xzoom_0005_XY13_Dapi-ex_Green-em.tif,289.0950927734375,263.0,1118798.0,344.0245056152344,351.0,687705.0,230.40780639648438,229.0,431093.0,293.9352339355469,407.19118486328125,172.9311140625,237.2192,434.2192,171.2192,143.9462927734375,198.87570561523438,85.25900639648438,117.8512,205.8512,83.8512,0mM 2DG,1h,yes,MN,2.0419784926186506,2.0128704671653748,2.0474656952371832,2.10938386562721,2.028303183106656,2.0419409620852176
vLH92_MN_60x-1xzoom_0005_XY13_488.tif,10,2293,1495,798,0.651984300043611,381.9104919433594,0.17821742897559018,393.9071044921875,379.0,903229.0,466.018798828125,403.0,371883.0,355.4153747558594,364.0,531346.0,False,vLH92_MN_60x-1xzoom_0005_XY13_Dapi-ex_Green-em.tif,308.1029357910156,297.0,706480.0,317.056396484375,303.0,253011.0,303.3237609863281,291.0,453469.0,251.1263044921875,323.237998828125,212.63457475585938,236.2192,260.2192,221.2192,162.95413579101563,171.907596484375,158.17496098632813,151.8512,157.8512,145.8512,0mM 2DG,1h,yes,MN,1.5410857986093114,1.5555965313412077,1.8803008443987215,1.6485094823479327,1.3442998400627926,1.516745834110381
vLH92_MN_60x-1xzoom_0005_XY13_488.tif,11,1672,901,771,0.5388755980861244,266.34027099609375,0.4223922578720461,271.1297912597656,267.0,453329.0,286.0531921386719,280.0,220547.0,258.3595886230469,259.0,232782.0,False,vLH92_MN_60x-1xzoom_0005_XY13_Dapi-ex_Green-em.tif,228.26853942871094,225.0,381665.0,238.2593994140625,233.0,183698.0,219.71920776367188,220.0,197967.0,128.34899125976563,143.27239213867188,115.57878862304688,124.2192,137.2192,116.2192,83.11973942871094,93.1105994140625,74.57040776367188,79.8512,87.8512,74.8512,0mM 2DG,1h,yes,MN,1.5441457365232276,1.5556334782695813,1.5387334314275012,1.5619502067131694,1.549928344087088,1.552669830276602
vLH92_MN_60x-1xzoom_0005_XY13_488.tif,12,787,366,422,0.4650571791613723,233.089111328125,0.5786368376520761,232.37484741210938,231.0,182879.0,242.05450439453125,242.0,102147.0,221.12022399902344,221.0,80930.0,False,vLH92_MN_60x-1xzoom_0005_XY13_Dapi-ex_Green-em.tif,188.24269104003906,187.0,148147.0,192.24644470214844,191.0,81128.0,183.57650756835938,183.0,67189.0,89.59404741210938,99.27370439453125,78.33942399902344,88.2192,99.2192,78.2192,43.09389104003907,47.09764470214844,38.42770756835938,41.851200000000006,45.851200000000006,37.851200000000006,0mM 2DG,1h,yes,MN,2.079042881713012,2.1079252207821995,2.1078273663651528,2.1639390026869525,2.038618199112314,2.066491947415141
vLH92_MN_60x-1xzoom_0005_XY14_488.tif,1,3613,1949,1664,0.5394409078328259,342.93280029296875,0.4755701913074737,369.93023681640625,349.0,1336558.0,419.1556396484375,409.0,697475.0,327.90301513671875,331.0,639083.0,False,vLH92_MN_60x-1xzoom_0005_XY14_Dapi-ex_Green-em.tif,315.9903259277344,305.0,1141673.0,351.4290771484375,346.0,584778.0,285.73370361328125,288.0,556895.0,227.23263681640626,276.45803964843753,185.20541513671876,206.3024,266.30240000000003,188.3024,170.90712592773437,206.3458771484375,140.65050361328124,159.9168,200.9168,142.9168,0mM 2DG,1h,yes,MN,1.3295679485739424,1.290060831632449,1.339779807907497,1.3254362004571048,1.3167774759338318,1.3175665841944404
vLH92_MN_60x-1xzoom_0005_XY14_488.tif,2,3274,1542,1732,0.47098350641417225,942.4328308105469,0.5333374577381373,1124.1246337890625,952.5,3680384.0,1390.9185791015625,1485.0,2409071.0,824.4572143554688,829.0,1271313.0,False,vLH92_MN_60x-1xzoom_0005_XY14_Dapi-ex_Green-em.tif,427.4691467285156,386.5,1399534.0,508.4064636230469,521.0,880560.0,336.55902099609375,335.0,518974.0,981.4270337890625,1248.2209791015625,681.7596143554688,809.8024,1342.3024,686.3024,282.3859467285156,363.32326362304684,191.47582099609374,241.4168,375.91679999999997,189.9168,0mM 2DG,1h,yes,MN,3.47548114613721,3.354374674836217,3.435565800698658,3.5707433134140323,3.5605519841033986,3.613700315085343
vLH92_MN_60x-1xzoom_0005_XY14_488.tif,3,3637,1955,1682,0.5375309320868848,799.1865234375,0.43761706252753696,795.8490600585938,804.0,2894503.0,915.8466186523438,938.0,1540454.0,692.608154296875,690.0,1354049.0,False,vLH92_MN_60x-1xzoom_0005_XY14_Dapi-ex_Green-em.tif,563.7140502929688,552.0,2050228.0,638.8596801757812,668.5,1074562.0,499.0618896484375,513.0,975666.0,653.1514600585938,773.1490186523438,549.910554296875,661.3024,795.3024,547.3024,418.6308502929687,493.7764801757812,353.97868964843747,406.91679999999997,523.4168,367.91679999999997,0mM 2DG,1h,yes,MN,1.5602086172137133,1.6251538398021417,1.565787455848662,1.519443777884088,1.5535131644309776,1.48757110303199
vLH92_MN_60x-1xzoom_0005_XY14_488.tif,4,2429,1059,1370,0.43598188554960887,595.1763916015625,0.8150198544710016,621.9349365234375,593.0,1510680.0,720.2321166992188,689.5,986718.0,494.7705383300781,488.0,523962.0,False,vLH92_MN_60x-1xzoom_0005_XY14_Dapi-ex_Green-em.tif,401.7970275878906,353.0,975965.0,483.0233459472656,473.5,661742.0,296.7167053222656,292.0,314223.0,479.23733652343753,577.5345166992188,352.07293833007816,450.30240000000003,546.8024,345.30240000000003,256.7138275878906,337.9401459472656,151.63350532226562,207.9168,328.41679999999997,146.9168,0mM 2DG,1h,yes,MN,1.8668154381335849,2.1657816972943027,1.7089846341882715,1.6649647642873326,2.3218677005574726,2.350326171002908
vLH92_MN_60x-1xzoom_0005_XY14_488.tif,5,2508,1290,1218,0.5143540669856459,663.3642272949219,0.657700560770564,700.49560546875,673.0,1756843.0,787.4031372070312,796.0,959057.0,618.4387817382812,634.0,797786.0,False,vLH92_MN_60x-1xzoom_0005_XY14_Dapi-ex_Green-em.tif,412.1112365722656,388.0,1033575.0,468.85797119140625,466.0,571069.0,358.5317687988281,362.0,462506.0,557.79800546875,644.7055372070313,475.7411817382813,530.3024,653.3024,491.30240000000003,267.0280365722656,323.7747711914062,213.44856879882812,242.9168,320.91679999999997,216.9168,0mM 2DG,1h,yes,MN,2.088911758589041,2.1830618549231673,1.9912161001139281,2.0357376117423587,2.2288328491284464,2.264934758395846
vLH92_MN_60x-1xzoom_0005_XY14_488.tif,6,3964,1883,2082,0.4750252270433905,785.4674377441406,0.6947458693416575,856.4962158203125,783.0,3395151.0,1052.074951171875,1085.0,2190420.0,639.98779296875,643.0,1205097.0,False,vLH92_MN_60x-1xzoom_0005_XY14_Dapi-ex_Green-em.tif,434.60772705078125,410.0,1722785.0,522.9802856445312,506.0,1088845.0,336.8040466308594,335.0,634202.0,713.7986158203125,909.377351171875,497.29019296875003,640.3024,942.3024,500.30240000000003,289.5245270507812,377.8970856445312,191.72084663085937,264.91679999999997,360.91679999999997,189.9168,0mM 2DG,1h,yes,MN,2.4654167406518748,2.416994316706227,2.406415359411585,2.610857682435398,2.5938243112718773,2.6343240829668573
vLH92_MN_60x-1xzoom_0005_XY14_488.tif,7,1909,635,1274,0.3326348873755893,332.3589172363281,0.5999070342250133,376.6621398925781,334.0,719048.0,406.97802734375,351.0,518490.0,315.83935546875,315.0,200558.0,False,vLH92_MN_60x-1xzoom_0005_XY14_Dapi-ex_Green-em.tif,265.0812072753906,241.0,506040.0,279.799072265625,246.0,356464.0,235.55274963378906,235.0,149576.0,233.96453989257813,264.28042734375003,173.14175546875,191.3024,208.3024,172.3024,119.99800727539062,134.715872265625,90.46954963378906,95.9168,100.9168,89.9168,0mM 2DG,1h,yes,MN,1.9497368765102814,1.994461866951358,1.961761616497996,2.064100328191144,1.9138125056398434,1.916242570909997
vLH92_MN_60x-1xzoom_0005_XY14_488.tif,8,4478,2499,1981,0.5580616346583296,920.5220642089844,0.1124134901692365,910.0098266601562,923.0,4075024.0,1024.529541015625,1015.0,2029593.0,818.8611450195312,865.0,2046334.0,False,vLH92_MN_60x-1xzoom_0005_XY14_Dapi-ex_Green-em.tif,718.5042724609375,753.0,3217462.0,806.1242065429688,814.0,1596932.0,648.7346801757812,709.0,1621188.0,767.3122266601563,881.831941015625,676.1635450195313,780.3024,872.3024,722.3024,573.4210724609375,661.0410065429687,503.6514801757812,607.9168,668.9168,563.9168,0mM 2DG,1h,yes,MN,1.3381305004489996,1.2835677513765043,1.3340048987691728,1.3040521631389734,1.3425226999899633,1.2808669647721083
vLH92_MN_60x-1xzoom_0005_XY14_488.tif,9,1582,787,795,0.4974715549936789,1319.8173217773438,0.11538457707993095,1233.0859375,1321.5,1950742.0,1623.262939453125,1555.0,1290494.0,838.9428100585938,830.0,660248.0,False,vLH92_MN_60x-1xzoom_0005_XY14_Dapi-ex_Green-em.tif,431.546142578125,456.0,682706.0,524.9786376953125,519.0,417358.0,337.1639099121094,330.0,265348.0,1090.3883375,1480.565339453125,696.2452100585938,1178.8024,1412.3024,687.3024,286.46294257812497,379.89543769531247,192.08070991210937,310.91679999999997,373.91679999999997,184.9168,0mM 2DG,1h,yes,MN,3.806385313530131,3.7913756992224292,3.8972969731755054,3.777049867778073,3.6247534194202826,3.7168196724148377
vLH92_MN_60x-1xzoom_0005_XY14_488.tif,10,3617,1962,1655,0.5424384849322643,1068.196533203125,0.38183294324938877,1191.545166015625,1083.0,4309819.0,1437.4791259765625,1519.0,2379028.0,984.09326171875,1031.0,1930791.0,False,vLH92_MN_60x-1xzoom_0005_XY14_Dapi-ex_Green-em.tif,448.7213134765625,413.0,1623025.0,526.6791381835938,550.0,871654.0,382.9617614746094,391.0,751371.0,1048.847566015625,1294.7815259765625,841.39566171875,940.3024,1376.3024,888.3024,303.63811347656247,381.5959381835937,237.87856147460937,267.91679999999997,404.91679999999997,245.9168,0mM 2DG,1h,yes,MN,3.4542684843040448,3.5096806172662562,3.393069465413482,3.3989757895943074,3.537080670502368,3.612207055394345
vLH92_MN_60x-1xzoom_0005_XY15_488.tif,1,4472,2684,1788,0.6001788908765653,533.6592712402344,0.28541913160227456,520.1904907226562,534.0,2326292.0,606.409423828125,604.0,1084260.0,462.75408935546875,445.5,1242032.0,False,vLH92_MN_60x-1xzoom_0005_XY15_Dapi-ex_Green-em.tif,489.0688781738281,495.0,2187116.0,571.521240234375,576.0,1021880.0,434.1415710449219,421.0,1165236.0,374.92329072265625,461.142223828125,317.48688935546875,388.7328,458.7328,300.2328,341.2768781738281,423.72924023437497,286.34957104492184,347.20799999999997,428.20799999999997,273.20799999999997,0mM 2DG,1h,yes,MN,1.0985897806170464,1.1195963226653765,1.0882945523727747,1.0712849829989164,1.1087388334367791,1.0989165763813653
vLH92_MN_60x-1xzoom_0005_XY15_488.tif,2,8014,4487,3528,0.5598951834289992,1347.0178833007812,0.4654635943672533,1472.0772705078125,1341.5,11797227.0,1940.78369140625,1898.5,6847085.0,1103.335693359375,1045.0,4950667.0,False,vLH92_MN_60x-1xzoom_0005_XY15_Dapi-ex_Green-em.tif,486.5917053222656,459.0,3899546.0,561.6817016601562,575.0,1981613.0,427.5174865722656,418.0,1918271.0,1326.8100705078125,1795.51649140625,958.068493359375,1196.2328,1753.2328,899.7328,338.7997053222656,413.8897016601562,279.7254865722656,311.20799999999997,427.20799999999997,270.20799999999997,0mM 2DG,1h,yes,MN,3.916207864601752,3.8438369193593998,4.338152131363114,4.103932510627142,3.425031108532411,3.329778540975841
vLH92_MN_60x-1xzoom_0005_XY15_488.tif,3,3319,1695,1624,0.5106959927689063,379.96539306640625,0.7002304156686836,440.1642150878906,386.0,1460905.0,544.0455932617188,562.0,883530.0,340.63421630859375,340.0,577375.0,False,vLH92_MN_60x-1xzoom_0005_XY15_Dapi-ex_Green-em.tif,370.7225036621094,332.0,1230428.0,451.7204284667969,451.0,733594.0,293.1174011230469,292.0,496834.0,294.8970150878906,398.77839326171875,195.36701630859375,240.7328,416.7328,194.7328,222.93050366210937,303.92842846679684,145.32540112304687,184.208,303.20799999999997,144.208,0mM 2DG,1h,yes,MN,1.3228203868182131,1.3068531225571094,1.312079936955565,1.3744122846362894,1.3443418342480726,1.3503605902585154
vLH92_MN_60x-1xzoom_0005_XY15_488.tif,4,4911,2038,2873,0.41498676440643456,631.7997436523438,0.6302545526029733,673.5206909179688,630.0,3307660.0,780.7445068359375,785.0,2243079.0,522.3655395507812,524.0,1064581.0,False,vLH92_MN_60x-1xzoom_0005_XY15_Dapi-ex_Green-em.tif,416.46221923828125,399.0,2045246.0,478.9195861816406,480.0,1375936.0,328.41510009765625,326.0,669310.0,528.2534909179687,635.4773068359375,377.09833955078125,484.7328,639.7328,378.7328,268.6702192382812,331.1275861816406,180.62310009765625,251.208,332.20799999999997,178.208,0mM 2DG,1h,yes,MN,1.9661780617726947,1.9296073373459444,1.9191312755420666,1.925699561720368,2.0877636323753612,2.125228945950799
vLH92_MN_60x-1xzoom_0005_XY15_488.tif,5,3249,1644,1605,0.5060018467220684,524.7351684570312,0.49292284748356674,596.05419921875,530.0,1936580.0,714.6822509765625,702.0,1147065.0,480.2402648925781,479.0,789515.0,False,vLH92_MN_60x-1xzoom_0005_XY15_Dapi-ex_Green-em.tif,457.8236389160156,424.0,1487469.0,521.130859375,510.0,836415.0,396.01824951171875,397.0,651054.0,450.78699921875,569.4150509765625,334.9730648925781,384.7328,556.7328,333.7328,310.0316389160156,373.33885937499997,248.22624951171875,276.20799999999997,362.20799999999997,249.208,0mM 2DG,1h,yes,MN,1.4540032133328935,1.3929096912471761,1.5251963107451774,1.5370527431751924,1.3494667286457311,1.339173702288851
vLH92_MN_60x-1xzoom_0005_XY15_488.tif,6,4096,1910,2187,0.46630859375,1125.4591674804688,0.6758452882878074,1285.096435546875,1103.0,5263755.0,1678.7252197265625,1547.0,3671372.0,833.9591674804688,828.0,1592862.0,False,vLH92_MN_60x-1xzoom_0005_XY15_Dapi-ex_Green-em.tif,476.807861328125,446.0,1953005.0,594.147705078125,544.0,1299401.0,342.3507995605469,338.0,653890.0,1139.829235546875,1533.4580197265625,688.6919674804687,957.7328,1401.7328,682.7328,329.01586132812497,446.35570507812497,194.55879956054687,298.20799999999997,396.20799999999997,190.208,0mM 2DG,1h,yes,MN,3.464359532533698,3.211626783989699,3.4355067097398555,3.5378710172434684,3.539762627216186,3.5894010767160163
vLH92_MN_60x-1xzoom_0005_XY15_488.tif,7,2617,1265,1352,0.48337791364157434,483.87042236328125,0.7752448000583371,558.2357788085938,488.0,1460903.0,665.898681640625,669.0,900295.0,443.1683654785156,444.0,560608.0,False,vLH92_MN_60x-1xzoom_0005_XY15_Dapi-ex_Green-em.tif,343.5739440917969,313.0,899133.0,395.6716003417969,407.0,534948.0,287.8932800292969,287.0,364185.0,412.96857880859375,520.631481640625,297.9011654785156,342.7328,523.7328,298.7328,195.78194409179687,247.87960034179687,140.10128002929687,165.208,259.20799999999997,139.208,0mM 2DG,1h,yes,MN,2.109329237301699,2.0745532903975596,2.100340168867205,2.020511712601463,2.1263272213945577,2.1459456353083155
vLH92_MN_60x-1xzoom_0005_XY15_488.tif,8,2282,1146,1136,0.5021910604732691,1248.142333984375,0.5815194056652905,1403.672607421875,1257.0,3203181.0,1684.9454345703125,1628.5,1914098.0,1124.854248046875,1145.0,1289083.0,False,vLH92_MN_60x-1xzoom_0005_XY15_Dapi-ex_Green-em.tif,526.262939453125,477.0,1200932.0,617.517578125,606.0,701500.0,435.8045349121094,437.0,499432.0,1258.405407421875,1539.6782345703125,979.587048046875,1111.7328,1483.2328,999.7328,378.47093945312497,469.72557812499997,288.01253491210934,329.20799999999997,458.20799999999997,289.20799999999997,0mM 2DG,1h,yes,MN,3.3249723459355143,3.3769920536560476,3.2778249818037044,3.2370294713317973,3.401195883178516,3.45679510940223
vLH92_MN_60x-1xzoom_0005_XY15_488.tif,9,4944,2531,2413,0.5119336569579288,627.774169921875,0.5472504042662341,747.9379272460938,628.0,3697805.0,1018.3883056640625,1016.0,2457371.0,490.0964050292969,470.0,1240434.0,False,vLH92_MN_60x-1xzoom_0005_XY15_Dapi-ex_Green-em.tif,390.77264404296875,385.0,1931980.0,424.9357604980469,426.0,1025370.0,358.2023010253906,351.0,906610.0,602.6707272460937,873.1211056640625,344.8292050292969,482.7328,870.7328,324.7328,242.98064404296875,277.14376049804684,210.41030102539062,237.208,278.20799999999997,203.208,0mM 2DG,1h,yes,MN,2.4803240176592722,2.0350612121007723,3.1504267102928907,3.129790660225443,1.6388418406743577,1.598031573560096
vLH92_MN_60x-1xzoom_0005_XY15_488.tif,10,3917,2039,1878,0.5205514424304315,657.49951171875,0.15405210798501373,685.9596557617188,667.0,2686904.0,778.567626953125,772.0,1462150.0,600.6640625,620.0,1224754.0,False,vLH92_MN_60x-1xzoom_0005_XY15_Dapi-ex_Green-em.tif,376.95379638671875,346.0,1476528.0,442.7688903808594,420.0,831520.0,316.33544921875,312.0,645008.0,540.6924557617187,633.300426953125,455.3968625,521.7328,626.7328,474.7328,229.16179638671875,294.97689038085934,168.54344921875,198.208,272.20799999999997,164.208,0mM 2DG,1h,yes,MN,2.359435404535234,2.632248950597352,2.146949295368323,2.302404043966379,2.701955279845657,2.8910455032641527
vLH92_MN_60x-1xzoom_0005_XY15_488.tif,11,2683,1705,978,0.6354826686544912,991.5814208984375,0.22557688761073047,986.3536987304688,992.0,2646387.0,1184.788330078125,1135.0,1158723.0,872.5302124023438,940.0,1487664.0,False,vLH92_MN_60x-1xzoom_0005_XY15_Dapi-ex_Green-em.tif,370.8401184082031,367.0,994964.0,404.34356689453125,397.0,395448.0,351.6222839355469,354.0,599516.0,841.0864987304687,1039.521130078125,727.2630124023437,846.7328,989.7328,794.7328,223.04811840820312,256.5515668945312,203.83028393554687,219.208,249.208,206.208,0mM 2DG,1h,yes,MN,3.7708746647715983,3.862691142659027,4.051899361446792,3.971512953035216,3.567983119879828,3.8540347610180015
vLH92_MN_60x-1xzoom_0005_XY15_488.tif,12,2869,1396,1473,0.48658069013593586,579.2692260742188,0.5264115737147276,652.4381103515625,580.0,1871845.0,772.0570068359375,735.0,1137240.0,526.2213745117188,523.0,734605.0,False,vLH92_MN_60x-1xzoom_0005_XY15_Dapi-ex_Green-em.tif,322.4600830078125,293.0,925138.0,371.17718505859375,348.0,546744.0,271.0558776855469,267.0,378394.0,507.1709103515625,626.7898068359375,380.95417451171875,434.7328,589.7328,377.7328,174.6680830078125,223.38518505859375,123.26387768554687,145.208,200.208,119.208,0mM 2DG,1h,yes,MN,2.9036267051083278,2.9938625971020882,2.805870078946959,2.945600575401582,3.090558091021235,3.1686866653244747
vLH92_MN_60x-1xzoom_0005_XY15_488.tif,13,2767,1456,1311,0.5262016624503072,418.9444885253906,0.5971914771689624,457.8872375488281,418.0,1266974.0,556.5728149414062,529.0,729667.0,369.029541015625,367.0,537307.0,False,vLH92_MN_60x-1xzoom_0005_XY15_Dapi-ex_Green-em.tif,308.192626953125,289.0,852769.0,346.7330322265625,328.0,454567.0,273.4903869628906,268.0,398202.0,312.6200375488281,411.30561494140625,223.762341015625,272.7328,383.7328,221.7328,160.400626953125,198.9410322265625,125.69838696289062,141.208,180.208,120.208,0mM 2DG,1h,yes,MN,1.9489951098519538,1.9314259815307915,2.067475021809447,2.1293882624522773,1.7801528438203853,1.8445760681485426
vLH92_MN_60x-1xzoom_0005_XY15_488.tif,14,2631,1256,1375,0.4773850247054352,546.4033813476562,0.6152562187706996,590.9266357421875,551.0,1554728.0,659.7527465820312,621.0,907160.0,515.57958984375,525.0,647568.0,False,vLH92_MN_60x-1xzoom_0005_XY15_Dapi-ex_Green-em.tif,440.4158020019531,422.0,1158734.0,477.207275390625,455.0,656160.0,400.1385498046875,405.0,502574.0,445.6594357421875,514.4855465820312,370.31238984375,405.7328,475.7328,379.7328,292.6238020019531,329.41527539062497,252.3465498046875,274.20799999999997,307.20799999999997,257.20799999999997,0mM 2DG,1h,yes,MN,1.5229773951854162,1.479653401797176,1.5618144786150172,1.54856904768105,1.4674755415929654,1.4763646542875806
vLH92_MN_60x-1xzoom_0005_XY15_488.tif,15,4679,2117,2562,0.45244710408206884,588.757568359375,0.7322149144174038,582.7223510742188,605.0,2726558.0,729.0999145507812,750.0,1867954.0,405.5758056640625,380.0,858604.0,False,vLH92_MN_60x-1xzoom_0005_XY15_Dapi-ex_Green-em.tif,283.0237121582031,283.0,1324268.0,321.5179443359375,322.0,823729.0,236.43788146972656,231.0,500539.0,437.45515107421875,583.8327145507812,260.3086056640625,459.7328,604.7328,234.7328,135.23171215820312,173.7259443359375,88.64588146972656,135.208,174.208,83.208,0mM 2DG,1h,yes,MN,3.2348562633182842,3.4001893379089996,3.3606535672174083,3.471326230712711,2.936499714912987,2.821036438803961
vLH92_MN_60x-1xzoom_0005_XY16_488.tif,1,2635,1282,1353,0.48652751423149904,522.0087890625,0.38618962919280886,570.0045776367188,524.0,1501962.0,685.1234130859375,710.0,926972.0,448.5101318359375,445.0,574990.0,False,vLH92_MN_60x-1xzoom_0005_XY16_Dapi-ex_Green-em.tif,382.1278991699219,351.0,1006907.0,433.3939514160156,437.0,586382.0,328.0226135253906,296.5,420525.0,426.3581776367188,541.4770130859375,304.86373183593753,380.35360000000003,566.3536,301.35360000000003,236.60149916992188,287.86755141601566,182.49621352539063,205.4736,291.47360000000003,150.9736,0mM 2DG,1h,yes,MN,1.8020096201103017,1.851106906191355,1.880993569516332,1.9430699727179408,1.6705208614836382,1.9960681867558303
vLH92_MN_60x-1xzoom_0005_XY16_488.tif,2,2625,1552,1073,0.5912380952380952,734.2490844726562,0.5410180085502981,792.49560546875,743.0,2080301.0,955.7977905273438,983.0,1025571.0,679.5940551757812,700.0,1054730.0,False,vLH92_MN_60x-1xzoom_0005_XY16_Dapi-ex_Green-em.tif,471.1138916015625,437.0,1236674.0,570.8965454101562,574.0,612572.0,402.1275634765625,409.0,624102.0,648.84920546875,812.1513905273438,535.9476551757813,599.3536,839.3536,556.3536,325.58749160156253,425.3701454101563,256.60116347656253,291.47360000000003,428.47360000000003,263.47360000000003,0mM 2DG,1h,yes,MN,1.9928566735689552,2.056287773575377,1.9092815969589025,1.9589388937848211,2.0886407836756895,2.111610423207486
vLH92_MN_60x-1xzoom_0005_XY16_488.tif,3,3560,1527,2033,0.4289325842696629,612.8362121582031,0.7040097422796614,654.4833984375,614.0,2329961.0,754.8435668945312,781.0,1534597.0,520.8670654296875,521.0,795364.0,False,vLH92_MN_60x-1xzoom_0005_XY16_Dapi-ex_Green-em.tif,398.3626403808594,375.0,1418171.0,449.2887268066406,444.0,913404.0,330.56121826171875,330.0,504767.0,510.83699843750003,611.1971668945313,377.22066542968753,470.35360000000003,637.3536,377.35360000000003,252.83624038085938,303.76232680664066,185.03481826171875,229.4736,298.47360000000003,184.4736,0mM 2DG,1h,yes,MN,2.0204263347216433,2.049706807231856,2.0120900880627888,2.1353767971438677,2.0386469366869937,2.0455696641687484
vLH92_MN_60x-1xzoom_0005_XY16_488.tif,4,3066,1543,1523,0.5032615786040444,283.2824249267578,0.8246613914127289,295.044677734375,286.0,904607.0,327.2560729980469,323.0,498411.0,263.2508239746094,262.0,406196.0,False,vLH92_MN_60x-1xzoom_0005_XY16_Dapi-ex_Green-em.tif,293.61773681640625,282.0,900232.0,325.0833740234375,316.0,495102.0,262.5599365234375,262.0,405130.0,151.398277734375,183.60967299804688,119.60442397460938,142.3536,179.3536,118.3536,148.09133681640625,179.5569740234375,117.0335365234375,136.4736,170.4736,116.4736,0mM 2DG,1h,yes,MN,1.0223304143852012,1.0430852560495216,1.0225705461826304,1.0520901770127455,1.0219671004358397,1.0161409967580637
vLH92_MN_60x-1xzoom_0005_XY16_488.tif,5,3514,1908,1607,0.5429709732498577,569.356689453125,0.18141320704372152,589.6602172851562,573.0,2072066.0,655.1493530273438,619.0,1052825.0,534.3673706054688,546.0,1019573.0,False,vLH92_MN_60x-1xzoom_0005_XY16_Dapi-ex_Green-em.tif,581.0543823242188,580.0,2041825.0,631.5457153320312,620.0,1014894.0,538.3936157226562,551.0,1027255.0,446.0138172851563,511.5029530273438,390.7209706054688,429.35360000000003,475.35360000000003,402.35360000000003,435.5279823242188,486.0193153320313,392.8672157226563,434.47360000000003,474.47360000000003,405.47360000000003,0mM 2DG,1h,yes,MN,1.024076145245546,0.9882156246087219,1.0524333846236194,1.0018546869625622,0.9945369706829835,0.992305294352086
vLH92_MN_60x-1xzoom_0005_XY16_488.tif,6,3241,1662,1579,0.5128046899105214,349.9732971191406,0.32949732384765484,382.7170715332031,352.0,1240386.0,442.2489013671875,416.0,698311.0,326.1582336425781,325.0,542075.0,False,vLH92_MN_60x-1xzoom_0005_XY16_Dapi-ex_Green-em.tif,331.0425720214844,317.0,1072909.0,364.7510986328125,360.0,575942.0,299.0174560546875,297.0,496967.0,239.07067153320313,298.60250136718753,182.51183364257813,208.3536,272.35360000000003,181.3536,185.51617202148438,219.2246986328125,153.4910560546875,171.4736,214.4736,151.4736,0mM 2DG,1h,yes,MN,1.2886783342290864,1.2150768398167415,1.3620842141848617,1.2698700446115514,1.189071456890301,1.1972620971575245
vLH92_MN_60x-1xzoom_0005_XY16_488.tif,7,2154,774,1381,0.3593314763231198,713.760498046875,0.1881253618665645,671.8342895507812,717.0,1447131.0,749.0535888671875,764.0,1034443.0,533.6705322265625,531.5,413061.0,False,vLH92_MN_60x-1xzoom_0005_XY16_Dapi-ex_Green-em.tif,628.1722412109375,676.0,1353083.0,717.4931030273438,736.0,990858.0,468.34625244140625,442.0,362500.0,528.1878895507813,605.4071888671875,390.02413222656253,573.3536,620.3536,387.85360000000003,482.64584121093753,571.9667030273438,322.8198524414063,530.4736,590.4736,296.47360000000003,0mM 2DG,1h,yes,MN,1.094359143809425,1.0808334288454693,1.0584657912127537,1.0506034478086743,1.208178893822381,1.308223059321302
vLH92_MN_60x-1xzoom_0005_XY16_488.tif,8,3463,1627,1836,0.4698238521513139,683.6605224609375,0.693668110986719,783.51025390625,695.0,2713296.0,939.7254638671875,960.5,1725336.0,607.22802734375,615.0,987960.0,False,vLH92_MN_60x-1xzoom_0005_XY16_Dapi-ex_Green-em.tif,341.2956848144531,301.0,1181907.0,402.06317138671875,399.0,738188.0,272.7221984863281,273.0,443719.0,639.86385390625,796.0790638671875,463.58162734375003,551.3536,816.8536,471.35360000000003,195.76928481445313,256.5367713867188,127.19579848632813,155.4736,253.4736,127.4736,0mM 2DG,1h,yes,MN,3.268458862240327,3.5462843852589767,3.103177215351832,3.2226377816072365,3.6446300338574384,3.6976566128202233
vLH92_MN_60x-1xzoom_0005_XY16_488.tif,9,2169,957,1212,0.4412171507607192,382.1980285644531,0.826711388937839,367.284912109375,384.0,796641.0,421.5470275878906,423.0,510915.0,298.56427001953125,291.0,285726.0,False,vLH92_MN_60x-1xzoom_0005_XY16_Dapi-ex_Green-em.tif,243.53988647460938,239.0,528238.0,249.29208374023438,243.0,302142.0,236.2549591064453,231.0,226096.0,223.638512109375,277.90062758789065,154.91787001953125,240.3536,279.35360000000003,147.3536,98.01348647460938,103.76568374023438,90.72855910644532,93.4736,97.4736,85.4736,0mM 2DG,1h,yes,MN,2.2817116312591232,2.5713527669844747,2.6781554129550513,2.8659411368821917,1.7074873837440447,1.7239662305086014
vLH92_MN_60x-1xzoom_0005_XY16_488.tif,10,2825,1407,1418,0.49805309734513276,349.20440673828125,0.6619035242706997,412.99432373046875,356.0,1166709.0,502.0606384277344,527.0,711922.0,323.231689453125,325.0,454787.0,False,vLH92_MN_60x-1xzoom_0005_XY16_Dapi-ex_Green-em.tif,289.3953857421875,260.0,817542.0,340.8765869140625,328.0,483363.0,237.51173400878906,237.0,334179.0,269.3479237304688,358.4142384277344,179.585289453125,212.3536,383.35360000000003,181.3536,143.8689857421875,195.3501869140625,91.98533400878907,114.4736,182.4736,91.4736,0mM 2DG,1h,yes,MN,1.8721750371768027,1.8550443071590306,1.8347268773559262,2.1008715781351386,1.9523252417169663,1.9825785800493256
vLH92_MN_60x-1xzoom_0005_XY16_488.tif,11,1617,811,806,0.5015460729746444,296.81500244140625,0.7777898018911575,340.9171447753906,299.0,551263.0,409.92803955078125,391.5,330402.0,272.3316955566406,272.0,220861.0,False,vLH92_MN_60x-1xzoom_0005_XY16_Dapi-ex_Green-em.tif,252.73963928222656,239.0,408680.0,280.17864990234375,273.0,225824.0,225.46978759765625,224.0,182856.0,197.27074477539063,266.2816395507813,128.68529555664063,155.3536,247.8536,128.3536,107.21323928222657,134.65224990234375,79.94338759765625,93.4736,127.4736,78.4736,0mM 2DG,1h,yes,MN,1.8399849318618011,1.6620051009054961,1.9775506145935284,1.944352399241882,1.6097053105166808,1.6356277780043225
vLH92_MN_60x-1xzoom_0005_XY16_488.tif,12,3110,1533,1577,0.4929260450160772,856.5868835449219,0.3799245378181827,958.5215454101562,855.0,2981002.0,1133.9993896484375,1180.0,1788317.0,778.0072021484375,774.0,1192685.0,False,vLH92_MN_60x-1xzoom_0005_XY16_Dapi-ex_Green-em.tif,424.1958312988281,394.0,1319249.0,481.3975830078125,485.0,759164.0,365.3522644042969,358.0,560085.0,814.8751454101563,990.3529896484375,634.3608021484375,711.3536,1036.3536,630.3536,278.66943129882816,335.87118300781253,219.82586440429688,248.4736,339.47360000000003,212.4736,0mM 2DG,1h,yes,MN,2.9241640951150245,2.8628940861322896,2.948609585316527,3.0528253154295353,2.8857423300369285,2.96673845597759
vLH92_MN_60x-1xzoom_0005_XY16_488.tif,13,3015,1424,1593,0.4723051409618574,364.6512145996094,0.16708164979018705,364.05572509765625,367.0,1097628.0,416.77276611328125,420.0,663919.0,304.87078857421875,306.0,434136.0,False,vLH92_MN_60x-1xzoom_0005_XY16_Dapi-ex_Green-em.tif,349.9668273925781,350.0,1055150.0,399.39422607421875,398.0,636235.0,294.47613525390625,295.0,419334.0,220.40932509765625,273.1263661132813,161.22438857421875,223.3536,276.35360000000003,162.3536,204.44042739257813,253.86782607421875,148.94973525390625,204.4736,252.4736,149.4736,0mM 2DG,1h,yes,MN,1.0781102735341759,1.0923346583617641,1.075860499287658,1.0945841466196862,1.0824080237496803,1.0861690626304579
vLH92_MN_60x-1xzoom_0005_XY17_488.tif,1,4855,1897,2960,0.3907312049433574,392.0695495605469,0.6501735691899406,408.527099609375,390.0,1983399.0,445.34661865234375,421.0,1318226.0,350.9383239746094,350.0,665730.0,False,vLH92_MN_60x-1xzoom_0005_XY17_Dapi-ex_Green-em.tif,258.34747314453125,249.0,1254277.0,276.64697265625,265.0,818875.0,229.7638397216797,228.0,435862.0,263.256699609375,300.07621865234375,205.66792397460938,244.7296,275.7296,204.7296,112.23387314453123,130.53337265624998,83.65023972167967,102.88639999999998,118.88639999999998,81.88639999999998,0mM 2DG,1h,yes,MN,2.3456082574140638,2.3786389649166466,2.298846743526442,2.319269487510767,2.458665087618468,2.500166083745287
vLH92_MN_60x-1xzoom_0005_XY17_488.tif,2,6330,3109,3221,0.4911532385466035,567.294921875,0.505345752197481,613.1355590820312,572.0,3881148.0,816.169189453125,734.0,2628881.0,402.7877197265625,352.0,1252267.0,False,vLH92_MN_60x-1xzoom_0005_XY17_Dapi-ex_Green-em.tif,350.3909912109375,367.0,2217975.0,397.29803466796875,396.0,1279697.0,301.7941589355469,266.0,938278.0,467.86515908203125,670.898789453125,257.5173197265625,426.7296,588.7296,206.7296,204.27739121093748,251.18443466796873,155.68055893554686,220.88639999999998,249.88639999999998,119.88639999999998,0mM 2DG,1h,yes,MN,2.2903423443415343,1.9318962145247514,2.67094093764194,2.3559889613840532,1.654139228991187,1.7243790788613225
vLH92_MN_60x-1xzoom_0005_XY17_488.tif,3,3439,1699,1740,0.4940389648153533,447.688720703125,0.5378493932390793,461.54144287109375,439.0,1587241.0,559.4362182617188,567.5,973419.0,361.2842712402344,355.0,613822.0,False,vLH92_MN_60x-1xzoom_0005_XY17_Dapi-ex_Green-em.tif,353.3023986816406,330.0,1215007.0,411.14654541015625,420.0,715395.0,294.0623779296875,289.0,499612.0,316.27104287109375,414.16581826171875,216.01387124023438,293.7296,422.2296,209.7296,207.1887986816406,265.03294541015623,147.94877792968748,183.88639999999998,273.8864,142.88639999999998,0mM 2DG,1h,yes,MN,1.5264871695938798,1.597342707236642,1.5626956023175511,1.5416230962910171,1.4600585031050055,1.4678065932097109
vLH92_MN_60x-1xzoom_0005_XY17_488.tif,4,6393,3304,3090,0.5168152666979509,572.8499145507812,0.16521786067350475,628.205078125,577.0,4016115.0,749.7886962890625,727.0,2316847.0,514.3795166015625,522.0,1699510.0,False,vLH92_MN_60x-1xzoom_0005_XY17_Dapi-ex_Green-em.tif,390.2552795410156,387.0,2494902.0,432.75469970703125,426.0,1337212.0,350.4606628417969,317.0,1157922.0,482.934678125,604.5182962890625,369.1091166015625,431.7296,581.7296,376.7296,244.1416795410156,286.64109970703123,204.34706284179686,240.88639999999998,279.8864,170.88639999999998,0mM 2DG,1h,yes,MN,1.9780918974298585,1.792253942107151,2.108972847602544,2.078448970725266,1.8062854022390453,2.2045616269053596
vLH92_MN_60x-1xzoom_0005_XY17_488.tif,5,2997,1491,1506,0.4974974974974975,648.72900390625,0.6250832924037437,714.5662231445312,643.0,2141555.0,879.1261596679688,906.0,1323964.0,548.3507690429688,547.0,817591.0,False,vLH92_MN_60x-1xzoom_0005_XY17_Dapi-ex_Green-em.tif,509.1187744140625,473.0,1525829.0,557.895751953125,555.0,840191.0,459.8511047363281,449.0,685638.0,569.2958231445313,733.8557596679688,403.08036904296875,497.7296,760.7296,401.7296,363.0051744140625,411.782151953125,313.7375047363281,326.8864,408.8864,302.8864,0mM 2DG,1h,yes,MN,1.5682856974792403,1.5226378338162738,1.7821456228426016,1.8604913247298027,1.2847694743467994,1.3263375311668006
vLH92_MN_60x-1xzoom_0005_XY17_488.tif,6,4168,1460,2708,0.3502879078694818,1071.19580078125,0.5173949002635535,1163.3233642578125,1082.0,4848732.0,1264.1314697265625,1308.0,3423268.0,976.34521484375,1008.0,1425464.0,False,vLH92_MN_60x-1xzoom_0005_XY17_Dapi-ex_Green-em.tif,520.2391967773438,477.0,2168357.0,567.7606811523438,580.0,1537496.0,432.0965881347656,431.0,630861.0,1018.0529642578125,1118.8610697265626,831.07481484375,936.7296,1162.7296000000001,862.7296,374.12559677734373,421.64708115234373,285.9829881347656,330.8864,433.8864,284.8864,0mM 2DG,1h,yes,MN,2.7211529310668743,2.8309703874199728,2.653548713461415,2.679801902064688,2.9060288524998463,3.0283284846170266
vLH92_MN_60x-1xzoom_0005_XY17_488.tif,7,4104,1822,2282,0.4439571150097466,541.2703247070312,0.6603297329411442,566.8077392578125,536.0,2326179.0,667.2225952148438,637.0,1522602.0,441.0411682128906,430.0,803577.0,False,vLH92_MN_60x-1xzoom_0005_XY17_Dapi-ex_Green-em.tif,358.35015869140625,336.0,1470669.0,400.0416259765625,396.0,912895.0,306.1328125,302.0,557774.0,421.5373392578125,521.9521952148438,295.77076821289063,390.7296,491.7296,284.7296,212.23655869140623,253.92802597656248,160.01921249999998,189.88639999999998,249.88639999999998,155.88639999999998,0mM 2DG,1h,yes,MN,1.9861674249568444,2.0577018680642745,2.0555123571236673,1.967812574033641,1.8483453554859275,1.8265198246928536
vLH92_MN_60x-1xzoom_0005_XY17_488.tif,8,6657,3196,3462,0.4800961394021331,699.9371337890625,0.2967441050396078,823.2445678710938,703.0,5480339.0,1063.5604248046875,916.5,3682046.0,562.7703247070312,543.0,1798614.0,False,vLH92_MN_60x-1xzoom_0005_XY17_Dapi-ex_Green-em.tif,515.299560546875,494.0,3430349.0,540.2481079101562,524.0,1870339.0,488.1949462890625,476.0,1560271.0,677.9741678710938,918.2900248046875,417.49992470703125,557.7296,771.2296,397.7296,369.185960546875,394.13450791015623,342.0813462890625,347.8864,377.8864,329.8864,0mM 2DG,1h,yes,MN,1.8364028980593166,1.6031946060553102,2.3298899395381376,2.0409032979223385,1.2204697193697291,1.2056562501515675
vLH92_MN_60x-1xzoom_0005_XY17_488.tif,9,6304,3057,3247,0.4849302030456853,501.79290771484375,0.5168249708251782,614.1287841796875,497.0,3871468.0,812.9944458007812,741.0,2639793.0,402.9031677246094,396.0,1231675.0,False,vLH92_MN_60x-1xzoom_0005_XY17_Dapi-ex_Green-em.tif,305.2003479003906,278.0,1923983.0,353.0301818847656,340.0,1146289.0,254.3977813720703,252.0,777694.0,468.8583841796875,667.7240458007813,257.6327677246094,351.7296,595.7296,250.7296,159.0867479003906,206.9165818847656,108.2841813720703,131.88639999999998,193.88639999999998,105.88639999999998,0mM 2DG,1h,yes,MN,2.9471869301976996,2.6669133436048,3.227020472301466,3.07257032984263,2.379228105713514,2.3679112709469776
vLH92_MN_60x-1xzoom_0005_XY18_488.tif,1,6079,2665,3414,0.4383944727751275,556.3385009765625,0.5643879360827818,548.9754638671875,550.0,3337222.0,673.605712890625,661.0,2299690.0,389.31781005859375,367.0,1037532.0,False,vLH92_MN_60x-1xzoom_0005_XY18_Dapi-ex_Green-em.tif,362.39678955078125,347.0,2203010.0,406.2700500488281,414.0,1387006.0,306.19287109375,292.0,816004.0,402.2250638671875,526.855312890625,242.56741005859374,403.2496,514.2496,220.2496,214.53758955078126,258.41085004882814,158.33367109375,199.1408,266.1408,144.1408,0mM 2DG,1h,yes,MN,1.8748465698221168,2.024947173055446,2.038828140502122,1.9322463898808449,1.5320014270051794,1.5280170499955597
vLH92_MN_60x-1xzoom_0005_XY18_488.tif,2,3141,1541,1600,0.4906080865966253,300.53570556640625,0.7063059851148462,307.4103698730469,298.0,965576.0,351.2231140136719,339.0,561957.0,261.9201965332031,260.0,403619.0,False,vLH92_MN_60x-1xzoom_0005_XY18_Dapi-ex_Green-em.tif,284.80291748046875,277.0,894566.0,314.13250732421875,308.0,502612.0,254.3504180908203,252.0,391954.0,160.65996987304686,204.47271401367186,115.16979653320311,151.2496,192.2496,113.24959999999999,136.94371748046876,166.27330732421876,106.49121809082033,129.1408,160.1408,104.14080000000001,0mM 2DG,1h,yes,MN,1.1731824783854037,1.1711991872436904,1.2297386592242825,1.2005035568699542,1.081495719534181,1.0874661996066861
vLH92_MN_60x-1xzoom_0005_XY18_488.tif,3,2947,1449,1499,0.4916864608076009,502.8821716308594,0.7617318534837081,491.5721130371094,499.0,1448663.0,625.428955078125,609.0,937518.0,352.97100830078125,334.0,511455.0,False,vLH92_MN_60x-1xzoom_0005_XY18_Dapi-ex_Green-em.tif,324.4468994140625,308.0,956145.0,398.4989929199219,360.0,597350.0,247.7936553955078,242.0,359053.0,344.82171303710936,478.678555078125,206.22060830078124,352.2496,462.2496,187.2496,176.5876994140625,250.6397929199219,99.93445539550783,160.1408,212.1408,94.14080000000001,0mM 2DG,1h,yes,MN,1.952693840971177,2.1996243305890815,1.9098266460468243,2.1789754728934745,2.0635586343531633,1.9890376967266048
vLH92_MN_60x-1xzoom_0005_XY18_488.tif,4,3410,1410,2000,0.41348973607038125,653.4626770019531,0.7129040621764646,693.5128784179688,652.0,2364879.0,814.4724731445312,835.0,1628945.0,521.9390258789062,507.0,735934.0,False,vLH92_MN_60x-1xzoom_0005_XY18_Dapi-ex_Green-em.tif,325.29119873046875,310.0,1109243.0,366.0354919433594,367.0,732071.0,267.49786376953125,266.0,377172.0,546.7624784179687,667.7220731445312,375.18862587890624,505.2496,688.2496,360.2496,177.43199873046876,218.1762919433594,119.63866376953126,162.1408,219.1408,118.14080000000001,0mM 2DG,1h,yes,MN,3.081532543904541,3.1161163630622273,3.0604703526535237,3.1406730284821447,3.1360148471873575,3.0493241962133313
vLH92_MN_60x-1xzoom_0005_XY18_488.tif,5,5903,4298,1606,0.7281043537184483,1176.8021240234375,0.383719619725716,1206.2939453125,1199.0,7120753.0,1431.28515625,1482.0,2298644.0,1122.03955078125,1105.0,4822526.0,False,vLH92_MN_60x-1xzoom_0005_XY18_Dapi-ex_Green-em.tif,464.9346008300781,458.0,2744509.0,524.2913818359375,528.0,842012.0,442.7135925292969,427.0,1902783.0,1059.5435453125,1284.53475625,975.28915078125,1052.2496,1335.2496,958.2496,317.07540083007814,376.4321818359375,294.8543925292969,310.1408,380.1408,279.1408,0mM 2DG,1h,yes,MN,3.3416138323524924,3.3928125548138137,3.4123935684379023,3.512513258245366,3.307697546626662,3.4328539575726658
vLH92_MN_60x-1xzoom_0005_XY18_488.tif,6,3467,1756,1712,0.5064897605999423,836.3171997070312,0.21243226198686432,959.9734497070312,832.0,3328228.0,1186.5870361328125,1147.5,2031437.0,738.77392578125,755.0,1297287.0,False,vLH92_MN_60x-1xzoom_0005_XY18_Dapi-ex_Green-em.tif,368.64117431640625,345.0,1278079.0,409.3831787109375,404.0,700864.0,328.8490905761719,320.0,577459.0,813.2230497070312,1039.8366361328126,592.02352578125,685.2496,1000.7496,608.2496,220.78197431640626,261.5239787109375,180.9898905761719,197.1408,256.1408,172.1408,0mM 2DG,1h,yes,MN,3.6833761099608067,3.4759400387946076,3.976066138402338,3.9070292589076008,3.2710309061825162,3.5334423913447592
vLH92_MN_60x-1xzoom_0005_XY18_488.tif,7,3823,1807,2016,0.4726654459848287,310.9296569824219,0.7380120696647118,339.1946105957031,317.0,1296741.0,400.9603271484375,413.0,808336.0,270.2850036621094,268.0,488405.0,False,vLH92_MN_60x-1xzoom_0005_XY18_Dapi-ex_Green-em.tif,221.58148193359375,211.0,847106.0,246.4012908935547,244.0,496745.0,193.89097595214844,193.0,350361.0,192.4442105957031,254.2099271484375,123.53460366210936,170.2496,266.2496,121.24959999999999,73.72228193359376,98.5420908935547,46.03177595214845,63.14080000000001,96.14080000000001,45.14080000000001,0mM 2DG,1h,yes,MN,2.6103941108205193,2.696348478321465,2.579709085156671,2.7693715883371053,2.68368102483223,2.6860312621840983
vLH92_MN_60x-1xzoom_0005_XY19_488.tif,1,3995,1433,2562,0.35869837296620777,366.9721374511719,0.8333956484312066,373.6468200683594,367.0,1492719.0,411.0023498535156,409.0,1052988.0,306.8604431152344,303.0,439731.0,False,vLH92_MN_60x-1xzoom_0005_XY19_Dapi-ex_Green-em.tif,263.614013671875,254.0,1053138.0,280.7127380371094,270.0,719186.0,233.04396057128906,231.0,333952.0,226.93002006835937,264.2855498535156,160.14364311523437,220.2832,262.28319999999997,156.2832,116.698813671875,133.79753803710938,86.12876057128906,107.0848,123.0848,84.0848,0mM 2DG,1h,yes,MN,1.9445786373323746,2.0570912024862538,1.9752646702678098,2.130914621464226,1.8593515342959446,1.858637946454056
vLH92_MN_60x-1xzoom_0005_XY19_488.tif,2,3187,1373,1816,0.43081267649827426,965.9207153320312,0.6770162350622083,994.3171997070312,963.0,3168889.0,1174.7291259765625,1207.0,2133308.0,754.7101440429688,779.0,1036217.0,False,vLH92_MN_60x-1xzoom_0005_XY19_Dapi-ex_Green-em.tif,396.73675537109375,367.0,1264400.0,452.5137634277344,447.0,821765.0,322.7006530761719,326.0,443068.0,847.6003997070312,1028.0123259765626,607.9933440429687,816.2832,1060.2832,632.2832,249.82155537109375,305.59856342773435,175.78545307617188,220.0848,300.0848,179.0848,0mM 2DG,1h,yes,MN,3.392823323223553,3.7089485507404416,3.3639304924928393,3.533278593250975,3.45872387847424,3.5306357658494743
vLH92_MN_60x-1xzoom_0005_XY19_488.tif,3,4142,2097,2045,0.506277160791888,959.5806274414062,0.6773746187047213,1213.9014892578125,965.0,5027980.0,1621.7623291015625,1730.0,3316504.0,816.1544799804688,861.0,1711476.0,False,vLH92_MN_60x-1xzoom_0005_XY19_Dapi-ex_Green-em.tif,413.46234130859375,352.0,1712561.0,510.7188415527344,537.0,1044420.0,318.6175537109375,321.0,668141.0,1067.1846892578126,1475.0455291015626,669.4376799804687,818.2832,1583.2832,714.2832,266.5471413085937,363.80364155273435,171.7023537109375,205.0848,390.0848,174.0848,0mM 2DG,1h,yes,MN,4.0037371401491955,3.9899748786843294,4.054510072537992,4.058817980090484,3.8988264605124354,4.103076201942961
vLH92_MN_60x-1xzoom_0005_XY19_488.tif,4,4445,2113,2332,0.47536557930258716,623.1378173828125,0.8345987941274172,706.977294921875,626.0,3142514.0,862.0355834960938,863.5,2010267.0,535.8480834960938,545.0,1132247.0,False,vLH92_MN_60x-1xzoom_0005_XY19_Dapi-ex_Green-em.tif,377.6893005371094,341.0,1678829.0,444.8846435546875,434.0,1037471.0,303.5295715332031,305.0,641358.0,560.260494921875,715.3187834960937,389.1312834960937,479.28319999999997,716.7832,398.28319999999997,230.77410053710938,297.9694435546875,156.61437153320313,194.0848,287.0848,158.0848,0mM 2DG,1h,yes,MN,2.4277442469406694,2.4694525279671566,2.4006447606256263,2.4967647189959203,2.4846460748565193,2.5194275477465258
vLH92_MN_60x-1xzoom_0005_XY19_488.tif,5,2746,1364,1382,0.4967225054624909,282.4853515625,0.7522096539799613,312.68463134765625,287.0,858632.0,373.79595947265625,382.0,516586.0,250.76686096191406,250.0,342046.0,False,vLH92_MN_60x-1xzoom_0005_XY19_Dapi-ex_Green-em.tif,334.0141906738281,307.0,917203.0,392.5984191894531,397.0,542571.0,274.6568908691406,274.0,374632.0,165.96783134765624,227.07915947265624,104.05006096191406,140.2832,235.2832,103.2832,187.09899067382813,245.68321918945313,127.74169086914063,160.0848,250.0848,127.0848,0mM 2DG,1h,yes,MN,0.8870589346844202,0.8763055580542312,0.9242762294544391,0.9408136760011004,0.8145348652735744,0.8127108828121065
vLH92_MN_60x-1xzoom_0005_XY20_488.tif,1,2677,1248,1429,0.46619350018677624,326.6171569824219,0.5991911820011484,328.8718566894531,326.0,880390.0,375.9034423828125,380.0,537166.0,275.01922607421875,272.0,343224.0,False,vLH92_MN_60x-1xzoom_0005_XY20_Dapi-ex_Green-em.tif,247.48338317871094,241.0,662513.0,276.2729187011719,271.0,394794.0,214.5184326171875,213.0,267719.0,185.28785668945312,232.3194423828125,131.43522607421875,182.416,236.416,128.416,101.06898317871094,129.85851870117187,68.1040326171875,94.5856,124.5856,66.5856,0mM 2DG,1h,yes,MN,1.833281100313691,1.9285810947966708,1.7890196554407176,1.8976189864639252,1.9299184060511605,1.9285851595540175
vLH92_MN_60x-1xzoom_0005_XY20_488.tif,2,2411,1272,1139,0.5275819162173372,200.3335418701172,0.6872301809538524,208.618408203125,205.0,502979.0,223.0702362060547,223.0,254077.0,195.67767333984375,195.0,248902.0,False,vLH92_MN_60x-1xzoom_0005_XY20_Dapi-ex_Green-em.tif,202.12318420410156,195.0,487319.0,218.7278289794922,211.0,249131.0,187.2547149658203,187.0,238188.0,65.034408203125,79.48623620605468,52.09367333984375,61.416,79.416,51.416,55.70878420410156,72.31342897949219,40.84031496582031,48.5856,64.5856,40.5856,0mM 2DG,1h,yes,MN,1.1673995247294742,1.2640782454060462,1.0991905283401329,1.2296239409403953,1.2755453375773789,1.2668532681542222
vLH92_MN_60x-1xzoom_0005_XY20_488.tif,3,3566,1603,1963,0.44952327537857545,334.2438659667969,0.7842508955466607,370.5266418457031,339.0,1321298.0,432.535400390625,445.0,849067.0,294.5920104980469,294.0,472231.0,False,vLH92_MN_60x-1xzoom_0005_XY20_Dapi-ex_Green-em.tif,285.7047119140625,254.0,1018823.0,324.3535461425781,303.0,636706.0,238.3761749267578,230.0,382117.0,226.94264184570312,288.951400390625,151.00801049804687,195.416,301.416,150.416,139.2903119140625,177.93914614257812,91.96177492675781,107.5856,156.5856,83.5856,0mM 2DG,1h,yes,MN,1.6292780074016864,1.8163769128954061,1.6238776382522122,1.9249279627245417,1.642073683531184,1.7995444191343963
vLH92_MN_60x-1xzoom_0005_XY20_488.tif,4,3723,1849,1874,0.49664249261348375,291.4107666015625,0.6189073954513203,286.66424560546875,287.0,1067251.0,332.2892150878906,325.5,622710.0,240.42239379882812,236.0,444541.0,False,vLH92_MN_60x-1xzoom_0005_XY20_Dapi-ex_Green-em.tif,272.5452575683594,268.0,1014686.0,314.7961730957031,302.0,589928.0,229.7230987548828,226.0,424758.0,143.08024560546875,188.70521508789062,96.83839379882812,143.416,181.916,92.416,126.13085756835937,168.38177309570312,83.30869875488281,121.5856,155.5856,79.5856,0mM 2DG,1h,yes,MN,1.1343793926710066,1.179547578002658,1.1206985864238184,1.169234170771588,1.1624043496796583,1.1612150941878931
vLH92_MN_60x-1xzoom_0005_XY20_488.tif,5,4131,1856,2275,0.44928588719438395,799.5516357421875,0.41088738429689586,920.542724609375,797.0,3802762.0,1115.5604248046875,1200.0,2537900.0,681.4989013671875,702.0,1264862.0,False,vLH92_MN_60x-1xzoom_0005_XY20_Dapi-ex_Green-em.tif,328.7951965332031,302.0,1358253.0,381.7793273925781,390.0,868548.0,263.84967041015625,267.0,489705.0,776.9587246093749,971.9764248046874,537.9149013671874,653.4159999999999,1056.416,558.4159999999999,182.38079653320312,235.36492739257812,117.43527041015625,155.5856,243.5856,120.5856,0mM 2DG,1h,yes,MN,4.260090642097435,4.1997202825968465,4.129657020578407,4.336939457833304,4.580522525204374,4.630868030676963
vLH92_MN_60x-1xzoom_0005_XY20_488.tif,6,2557,1322,1235,0.5170121235823231,321.7977600097656,0.5720782452130182,351.2381591796875,325.0,898116.0,403.6242980957031,391.0,498476.0,302.299560546875,301.0,399640.0,False,vLH92_MN_60x-1xzoom_0005_XY20_Dapi-ex_Green-em.tif,298.7031555175781,283.0,763784.0,328.83563232421875,314.0,406112.0,270.5537109375,269.0,357672.0,207.6541591796875,260.0402980957031,158.715560546875,181.416,247.416,157.416,152.28875551757812,182.42123232421875,124.1393109375,136.5856,167.5856,122.5856,0mM 2DG,1h,yes,MN,1.3635554278051656,1.3282220087622707,1.4254935940435451,1.4763559637582226,1.2785278035479268,1.2841312519578156
vLH92_MN_60x-1xzoom_0005_XY20_488.tif,7,1614,818,796,0.506815365551425,408.65374755859375,0.6167955992785317,437.89776611328125,413.0,706767.0,489.12939453125,466.0,389347.0,388.04400634765625,392.0,317420.0,False,vLH92_MN_60x-1xzoom_0005_XY20_Dapi-ex_Green-em.tif,259.3197021484375,252.0,418542.0,276.0050354003906,267.0,219700.0,243.0831298828125,242.0,198842.0,294.31376611328125,345.54539453125,244.46000634765625,269.416,322.416,248.416,112.9053021484375,129.59063540039062,96.6687298828125,105.5856,120.5856,95.5856,0mM 2DG,1h,yes,MN,2.606731132310727,2.5516358291282146,2.6664379988849753,2.6737520898017673,2.528842642745022,2.5988851877270216
vLH92_MN_60x-1xzoom_0005_XY21_488.tif,1,862,440,431,0.5104408352668214,433.06500244140625,0.44255590307548165,518.3886108398438,436.0,446851.0,639.3433837890625,504.0,275557.0,396.3431701660156,401.0,174391.0,False,vLH92_MN_60x-1xzoom_0005_XY21_Dapi-ex_Green-em.tif,269.8341064453125,254.0,232597.0,294.6798095703125,275.0,127007.0,245.02499389648438,241.5,107811.0,370.4446108398438,491.39938378906254,248.39917016601564,288.05600000000004,356.05600000000004,253.056,122.26610644531252,147.11180957031252,97.45699389648439,106.43200000000002,127.43200000000002,93.93200000000002,0mM 2DG,1h,yes,MN,3.029822586241733,2.706479254359591,3.340312278289234,2.794086257768849,2.5488080458325757,2.694033982029553
vLH92_MN_60x-1xzoom_0005_XY21_488.tif,2,653,392,267,0.6003062787136294,636.957763671875,0.3359572204054272,668.1990966796875,638.0,436334.0,805.3595581054688,726.0,215031.0,573.0714111328125,600.0,224644.0,False,vLH92_MN_60x-1xzoom_0005_XY21_Dapi-ex_Green-em.tif,459.4349060058594,481.0,300011.0,452.1722717285156,437.0,120730.0,461.8800964355469,498.5,181057.0,520.2550966796875,657.4155581054688,425.12741113281254,490.05600000000004,578.056,452.05600000000004,311.8669060058594,304.60427172851564,314.3120964355469,333.432,289.432,350.932,0mM 2DG,1h,yes,MN,1.668195908769855,1.469732959044123,2.1582611247533747,1.9972083252715664,1.3525645877265482,1.2881583896595352
vLH92_MN_60x-1xzoom_0005_XY21_488.tif,3,3606,1531,2075,0.4245701608430394,418.3926239013672,0.7680759458868427,462.6758117675781,427.0,1668409.0,521.2491455078125,532.0,1081592.0,383.2900085449219,385.0,586817.0,False,vLH92_MN_60x-1xzoom_0005_XY21_Dapi-ex_Green-em.tif,466.4717102050781,440.0,1682097.0,512.7272338867188,538.0,1063909.0,403.7805480957031,405.0,618188.0,314.73181176757817,373.30514550781254,235.3460085449219,279.05600000000004,384.05600000000004,237.056,318.90371020507814,365.15923388671877,256.21254809570314,292.432,390.432,257.432,0mM 2DG,1h,yes,MN,0.9869179996845532,0.9542594517699842,1.0223078341313994,0.9836693713630031,0.9185576986534361,0.9208490009012088
vLH92_MN_60x-1xzoom_0005_XY21_488.tif,4,5424,2243,3181,0.41353244837758113,378.9562225341797,0.4435764934276104,393.4776916503906,375.0,2134223.0,449.102783203125,417.0,1428596.0,314.5907287597656,314.0,705627.0,False,vLH92_MN_60x-1xzoom_0005_XY21_Dapi-ex_Green-em.tif,223.2028045654297,216.0,1210652.0,235.51681518554688,229.0,749179.0,205.7391815185547,205.0,461473.0,245.53369165039064,301.15878320312504,166.64672875976564,227.056,269.05600000000004,166.056,75.6348045654297,87.94881518554689,58.171181518554704,68.43200000000002,81.43200000000002,57.432000000000016,0mM 2DG,1h,yes,MN,3.246305626902041,3.317979892447977,3.4242506003948545,3.30405737302289,2.864764380049781,2.8913497701629747
vLH92_MN_60x-1xzoom_0005_XY21_488.tif,5,4042,2148,1895,0.5314200890648194,675.0187683105469,0.11439070087519963,797.813720703125,678.0,3224763.0,1067.3182373046875,1134.0,2022568.0,559.804931640625,596.0,1202461.0,False,vLH92_MN_60x-1xzoom_0005_XY21_Dapi-ex_Green-em.tif,314.7931823730469,292.0,1272394.0,370.2284851074219,376.0,701583.0,265.8426513671875,267.0,571030.0,649.869720703125,919.3742373046875,411.86093164062504,530.056,986.056,448.05600000000004,167.2251823730469,222.6604851074219,118.27465136718752,144.43200000000002,228.43200000000002,119.43200000000002,0mM 2DG,1h,yes,MN,3.886195317481502,3.6699346405228757,4.129040843781231,4.316628143167332,3.4822417726854193,3.751557371558711
vLH92_MN_60x-1xzoom_0005_XY21_488.tif,6,3308,1604,1704,0.4848851269649335,497.8700866699219,0.7189572356616495,580.1248779296875,496.0,1919053.0,717.9489135742188,718.0,1223385.0,433.7082214355469,429.0,695668.0,False,vLH92_MN_60x-1xzoom_0005_XY21_Dapi-ex_Green-em.tif,294.21160888671875,275.0,973252.0,336.35797119140625,339.0,573154.0,249.43765258789062,249.0,400098.0,432.18087792968754,570.0049135742188,285.7642214355469,348.05600000000004,570.056,281.05600000000004,146.64360888671877,188.78997119140627,101.86965258789064,127.43200000000002,191.43200000000002,101.43200000000002,0mM 2DG,1h,yes,MN,2.947151131990651,2.7313076778203276,3.019254200724013,2.9778511429646035,2.8051948168665497,2.770880984304756
vLH92_MN_60x-1xzoom_0005_XY21_488.tif,7,3245,1541,1704,0.474884437596302,315.3174133300781,0.6772494115660056,316.0215759277344,313.0,1025490.0,365.8509521484375,360.0,623410.0,260.9214782714844,257.0,402080.0,False,vLH92_MN_60x-1xzoom_0005_XY21_Dapi-ex_Green-em.tif,235.35562133789062,226.0,763729.0,259.085693359375,249.0,441482.0,209.11550903320312,207.0,322247.0,168.0775759277344,217.9069521484375,112.97747827148439,165.056,212.056,109.05600000000001,87.78762133789064,111.51769335937502,61.54750903320314,78.43200000000002,101.43200000000002,59.432000000000016,0mM 2DG,1h,yes,MN,1.9145931210598734,2.1044471644226843,1.9540123686580773,2.0906222888240396,1.835614146634858,1.8349710593619595
vLH92_MN_60x-1xzoom_0005_XY21_488.tif,8,4463,2071,2392,0.46403764284113824,416.5726623535156,0.7990783643921286,446.6972961425781,417.0,1993610.0,545.1923217773438,564.0,1304100.0,332.935791015625,326.0,689510.0,False,vLH92_MN_60x-1xzoom_0005_XY21_Dapi-ex_Green-em.tif,262.7741394042969,252.0,1172761.0,300.04681396484375,297.0,717712.0,219.7242889404297,218.0,455049.0,298.75329614257817,397.2483217773438,184.991791015625,269.05600000000004,416.05600000000004,178.056,115.20613940429689,152.47881396484377,72.1562889404297,104.43200000000002,149.43200000000002,70.43200000000002,0mM 2DG,1h,yes,MN,2.5932063836819745,2.576375057453654,2.6052689645719256,2.7842496921676747,2.5637653173703163,2.528055429350295
vLH92_MN_60x-1xzoom_0005_XY21_488.tif,9,3421,1628,1793,0.4758842443729904,266.2843017578125,0.6221371937573332,270.6466064453125,262.0,925882.0,305.06524658203125,287.0,546982.0,232.73956298828125,230.0,378900.0,False,vLH92_MN_60x-1xzoom_0005_XY21_Dapi-ex_Green-em.tif,220.09353637695312,215.0,752940.0,235.0111541748047,230.0,421375.0,203.66400146484375,203.0,331565.0,122.70260644531251,157.12124658203126,84.79556298828126,114.05600000000001,139.056,82.05600000000001,72.52553637695314,87.4431541748047,56.096001464843766,67.43200000000002,82.43200000000002,55.432000000000016,0mM 2DG,1h,yes,MN,1.6918538293541587,1.6914224700438958,1.7968387355736894,1.6869177018633539,1.51161510221765,1.4803001876172606
vLH92_MN_60x-1xzoom_0005_XY21_488.tif,10,4157,1959,2198,0.47125330767380325,317.4533996582031,0.7201062438940872,350.6415710449219,321.0,1457617.0,411.50091552734375,424.0,904479.0,282.3573303222656,281.0,553138.0,False,vLH92_MN_60x-1xzoom_0005_XY21_Dapi-ex_Green-em.tif,223.95790100097656,215.0,930993.0,246.1505889892578,245.0,541039.0,199.05767822265625,199.0,389954.0,202.6975710449219,263.5569155273438,134.41333032226564,173.056,276.05600000000004,133.056,76.38990100097658,98.58258898925783,51.489678222656266,67.43200000000002,97.43200000000002,51.432000000000016,0mM 2DG,1h,yes,MN,2.6534603185613577,2.5663779807806377,2.6734631158455637,2.833319648575417,2.6104907811041955,2.5870275314978994
vLH92_MN_60x-1xzoom_0005_XY21_488.tif,11,3413,1587,1826,0.4649868151186639,297.79583740234375,0.8120627901851031,298.13653564453125,297.0,1017540.0,360.3110656738281,367.0,657928.0,226.59861755371094,222.0,359612.0,False,vLH92_MN_60x-1xzoom_0005_XY21_Dapi-ex_Green-em.tif,213.10899353027344,205.0,727341.0,240.9058074951172,236.0,439894.0,181.1260223388672,180.0,287447.0,150.19253564453126,212.36706567382814,78.65461755371095,149.056,219.056,74.05600000000001,65.54099353027345,93.3378074951172,33.558022338867204,57.432000000000016,88.43200000000002,32.432000000000016,0mM 2DG,1h,yes,MN,2.2915816125850634,2.5953475414403115,2.275252348143465,2.4771123575176404,2.3438394777695963,2.283423778983719
vLH92_MN_60x-1xzoom_0005_XY22_488.tif,1,5158,2118,3040,0.41062427297402093,584.475830078125,0.44815312963851106,640.38427734375,586.0,3303102.0,709.1236572265625,682.0,2155736.0,541.721435546875,537.0,1147366.0,False,vLH92_MN_60x-1xzoom_0005_XY22_Dapi-ex_Green-em.tif,283.8697204589844,275.0,1464200.0,300.367431640625,300.0,913117.0,260.1902770996094,257.0,551083.0,493.30427734374996,562.0436572265625,394.64143554687496,438.91999999999996,534.92,389.91999999999996,136.70492045898436,153.202631640625,113.02547709960936,127.83519999999999,152.8352,109.83519999999999,0mM 2DG,1h,yes,MN,3.6085334433280787,3.4334831095034857,3.66862926052717,3.499979062414941,3.4916148613031504,3.5500458869287805
vLH92_MN_60x-1xzoom_0005_XY22_488.tif,2,3264,1532,1732,0.4693627450980392,451.2750244140625,0.5552278544817963,531.238037109375,456.0,1733961.0,629.9803466796875,596.5,1091126.0,419.6051025390625,417.0,642835.0,False,vLH92_MN_60x-1xzoom_0005_XY22_Dapi-ex_Green-em.tif,260.3847961425781,246.0,849896.0,283.08544921875,274.0,490304.0,234.7206268310547,235.0,359592.0,384.15803710937496,482.90034667968746,272.52510253906246,308.91999999999996,449.41999999999996,269.91999999999996,113.21999614257811,135.92064921875,87.55582683105467,98.83519999999999,126.83519999999999,87.83519999999999,0mM 2DG,1h,yes,MN,3.393022877563113,3.125607071164929,3.5528107719858677,3.5433381269552933,3.112586704993597,3.073027670000182
vLH92_MN_60x-1xzoom_0005_XY22_488.tif,3,3898,1697,2201,0.435351462288353,451.72731018066406,0.47310364772825253,450.02874755859375,449.0,1754212.0,512.6428833007812,511.0,1128327.0,368.8185119628906,356.0,625885.0,False,vLH92_MN_60x-1xzoom_0005_XY22_Dapi-ex_Green-em.tif,263.17828369140625,254.0,1025869.0,282.7355651855469,273.0,622301.0,237.81260681152344,234.0,403568.0,302.9487475585937,365.5628833007812,221.7385119628906,301.91999999999996,363.91999999999996,208.92,116.01348369140624,135.57076518554686,90.64780681152342,106.83519999999999,125.83519999999999,86.83519999999999,0mM 2DG,1h,yes,MN,2.6113235972159226,2.826034864913437,2.6964728184609648,2.89203656846415,2.4461541846669648,2.4059367629716983
vLH92_MN_60x-1xzoom_0005_XY22_488.tif,4,3749,1985,1764,0.5294745265404108,862.740478515625,0.1641168283203835,975.264892578125,865.0,3656268.0,1226.7545166015625,1261.0,2163995.0,751.7748413085938,768.0,1492273.0,False,vLH92_MN_60x-1xzoom_0005_XY22_Dapi-ex_Green-em.tif,351.927978515625,325.0,1319378.0,414.2437744140625,414.5,730726.0,296.5501403808594,299.0,588652.0,828.184892578125,1079.6745166015626,604.6948413085937,717.92,1113.92,620.92,204.763178515625,267.0789744140625,149.38534038085936,177.8352,267.3352,151.8352,0mM 2DG,1h,yes,MN,4.04459873392192,4.036996050275761,4.042529064559395,4.166753947852734,4.047886089538093,4.089433807180416
vLH92_MN_60x-1xzoom_0005_XY22_488.tif,5,4104,2801,1303,0.682504873294347,603.9832458496094,0.6552833544061912,606.1089477539062,600.0,2487471.0,718.0038452148438,723.0,935559.0,554.056396484375,555.0,1551912.0,False,vLH92_MN_60x-1xzoom_0005_XY22_Dapi-ex_Green-em.tif,414.3567199707031,408.0,1700520.0,357.2724609375,352.0,465526.0,440.91180419921875,436.0,1234994.0,459.0289477539062,570.9238452148437,406.97639648437496,452.91999999999996,575.92,407.91999999999996,267.1919199707031,210.1076609375,293.74700419921874,260.8352,204.8352,288.8352,0mM 2DG,1h,yes,MN,1.717974659578918,1.736422078001742,2.7172919001019884,2.8116261267594633,1.3854656921313289,1.4122932384972469
vLH92_MN_60x-1xzoom_0005_XY22_488.tif,6,3622,1834,1788,0.5063500828271673,474.4041290283203,0.5791745522042798,497.5425109863281,469.0,1802099.0,583.7740478515625,586.0,1043788.0,413.47381591796875,413.0,758311.0,False,vLH92_MN_60x-1xzoom_0005_XY22_Dapi-ex_Green-em.tif,265.8567199707031,259.0,962933.0,294.9412841796875,289.0,527355.0,237.5016326904297,234.0,435578.0,350.4625109863281,436.69404785156246,266.3938159179687,321.91999999999996,438.91999999999996,265.91999999999996,118.69191997070311,147.7764841796875,90.33683269042967,111.83519999999999,141.8352,86.83519999999999,0mM 2DG,1h,yes,MN,2.952707404790766,2.878521252700402,2.9550983722184667,3.094577368664478,2.9488947972180855,3.0623525943396226
vLH92_MN_60x-1xzoom_0005_XY22_488.tif,7,1084,543,541,0.5009225092250923,396.0059051513672,0.24198294885585442,402.8025817871094,392.0,436638.0,467.10906982421875,439.0,252706.0,338.73297119140625,341.0,183932.0,False,vLH92_MN_60x-1xzoom_0005_XY22_Dapi-ex_Green-em.tif,279.9501953125,272.0,303466.0,280.9205322265625,271.0,151978.0,278.9834289550781,273.0,151488.0,255.72258178710936,320.0290698242187,191.65297119140624,244.92,291.91999999999996,193.92,132.7853953125,133.7557322265625,131.8186289550781,124.83519999999999,123.83519999999999,125.83519999999999,0mM 2DG,1h,yes,MN,1.9258336444703603,1.961946630437569,2.3926381658330476,2.3573265113634894,1.4539141600138992,1.5410632319096724
vLH92_MN_60x-1xzoom_0005_XY22_488.tif,8,4586,2147,2439,0.4681639773222852,514.5457458496094,0.6925271852627497,565.9783935546875,514.5,2595577.0,702.443603515625,727.0,1713260.0,410.95343017578125,410.0,882317.0,False,vLH92_MN_60x-1xzoom_0005_XY22_Dapi-ex_Green-em.tif,396.3172607421875,340.0,1817511.0,483.407958984375,487.0,1179032.0,297.3819274902344,298.0,638479.0,418.89839355468746,555.363603515625,263.8734301757812,367.41999999999996,579.92,262.91999999999996,249.1524607421875,336.243158984375,150.21712749023436,192.8352,339.8352,150.8352,0mM 2DG,1h,yes,MN,1.681293422938118,1.9053575280861585,1.6516725728877428,1.7064741969048527,1.7566134740057233,1.7430944501018328
vLH92_MN_60x-1xzoom_0005_XY22_488.tif,9,4292,1789,2503,0.4168219944082013,560.2825622558594,0.5963091875216948,619.5827026367188,560.0,2659249.0,731.2313232421875,768.0,1830272.0,463.37451171875,460.0,828977.0,False,vLH92_MN_60x-1xzoom_0005_XY22_Dapi-ex_Green-em.tif,273.9741516113281,259.0,1175897.0,304.0643310546875,300.0,761073.0,231.87478637695312,229.0,414824.0,472.5027026367187,584.1513232421875,316.29451171874996,412.91999999999996,620.92,312.91999999999996,126.80935161132811,156.8995310546875,84.70998637695311,111.83519999999999,152.8352,81.83519999999999,0mM 2DG,1h,yes,MN,3.7260872059731374,3.692218550152367,3.7230915816987427,4.062676660873935,3.733851523848239,3.8237824310321233
vLH92_MN_60x-1xzoom_0005_XY22_488.tif,10,1255,660,595,0.5258964143426295,594.8452758789062,0.17161603850544493,579.0645141601562,593.0,726726.0,625.7176513671875,627.0,372302.0,537.0060424804688,551.0,354424.0,False,vLH92_MN_60x-1xzoom_0005_XY22_Dapi-ex_Green-em.tif,446.8956298828125,456.0,560854.0,472.1966247558594,472.0,280957.0,424.08636474609375,430.0,279897.0,431.9845141601562,478.63765136718746,389.9260424804687,445.91999999999996,479.91999999999996,403.91999999999996,299.7308298828125,325.03182475585936,276.92156474609374,308.8352,324.8352,282.8352,0mM 2DG,1h,yes,MN,1.4412415110219117,1.443876863777186,1.4725870358285864,1.477426091753603,1.408073953496498,1.4281107867761862
vLH92_MN_60x-1xzoom_0005_XY22_488.tif,11,3797,1287,2510,0.3389518040558335,662.655029296875,0.5601180533795983,785.779541015625,666.0,2983605.0,872.4725341796875,810.0,2189906.0,616.7047119140625,619.0,793699.0,False,vLH92_MN_60x-1xzoom_0005_XY22_Dapi-ex_Green-em.tif,310.5214538574219,281.0,1179050.0,334.07769775390625,314.0,838535.0,264.5804138183594,264.0,340515.0,638.699541015625,725.3925341796875,469.62471191406246,518.92,662.92,471.91999999999996,163.35665385742186,186.91289775390624,117.41561381835936,133.8352,166.8352,116.83519999999999,0mM 2DG,1h,yes,MN,3.9098471101953622,3.8773058208901694,3.880912140877275,3.973501994782876,3.9996785490604907,4.0391936676618005
vLH92_MN_60x-1xzoom_0005_XY23_488.tif,1,4384,2244,2140,0.5118613138686131,579.3456115722656,0.46632877383452526,723.1603393554688,590.0,3170335.0,927.0205688476562,1002.0,1983824.0,528.7482299804688,546.0,1186511.0,False,vLH92_MN_60x-1xzoom_0005_XY23_Dapi-ex_Green-em.tif,269.90692138671875,245.0,1183272.0,311.31683349609375,314.0,666218.0,230.4162139892578,231.0,517054.0,576.1603393554688,780.0205688476562,381.74822998046875,443.0,855.0,399.0,120.28292138671875,161.69283349609375,80.79221398925782,95.376,164.376,81.376,0mM 2DG,1h,yes,MN,4.790042781743464,4.644774366716994,4.8240886870629325,5.201489268506351,4.725062120852713,4.90316555249705
vLH92_MN_60x-1xzoom_0005_XY23_488.tif,2,3982,1715,2267,0.4306880964339528,643.3917236328125,0.5421738417624589,772.6034545898438,647.0,3076507.0,953.294677734375,1017.0,2161119.0,533.75390625,528.0,915388.0,False,vLH92_MN_60x-1xzoom_0005_XY23_Dapi-ex_Green-em.tif,307.5454406738281,275.0,1224646.0,353.7097473144531,358.0,801860.0,246.52244567871094,243.0,422786.0,625.6034545898438,806.294677734375,386.75390625,500.0,870.0,381.0,157.92144067382813,204.08574731445313,96.89844567871094,125.376,208.376,93.376,0mM 2DG,1h,yes,MN,3.961485229114448,3.9880040837161816,3.9507642662181834,4.175144930318271,3.9913324051901866,4.080277587388622
vLH92_MN_60x-1xzoom_0005_XY23_488.tif,3,4278,1679,2599,0.3924731182795699,500.8225402832031,0.4100513506124525,597.7545776367188,505.0,2557194.0,688.010009765625,648.0,1788138.0,458.0440673828125,461.0,769056.0,False,vLH92_MN_60x-1xzoom_0005_XY23_Dapi-ex_Green-em.tif,308.9254455566406,267.5,1321583.0,353.2708740234375,319.0,918151.0,240.28111267089844,240.0,403432.0,450.75457763671875,541.010009765625,311.0440673828125,358.0,501.0,314.0,159.30144555664063,203.6468740234375,90.65711267089844,117.876,169.376,90.376,0mM 2DG,1h,yes,MN,2.829569914206774,3.037089823204045,2.6566084667882537,2.9579161156244096,3.4309946370337006,3.474373727538284
vLH92_MN_60x-1xzoom_0005_XY23_488.tif,4,3734,1808,1926,0.48419925013390464,330.2188720703125,0.6168083628098174,361.9501953125,327.0,1351522.0,436.7772521972656,389.0,841233.0,282.239501953125,278.0,510289.0,False,vLH92_MN_60x-1xzoom_0005_XY23_Dapi-ex_Green-em.tif,235.68130493164062,224.0,880034.0,265.2876281738281,253.0,510944.0,204.1427001953125,203.0,369090.0,214.9501953125,289.7772521972656,135.239501953125,180.0,242.0,131.0,86.05730493164063,115.66362817382813,54.518700195312505,74.376,103.376,53.376000000000005,0mM 2DG,1h,yes,MN,2.4977565295967037,2.4201355275895446,2.5053446513174067,2.340968890264665,2.4806075982851996,2.454286570743405
vLH92_MN_60x-1xzoom_0005_XY23_488.tif,5,2706,1367,1339,0.5051736881005173,621.9754638671875,0.2254274174342183,594.94384765625,616.0,1609918.0,691.2808227539062,677.0,925625.0,500.5801086425781,512.0,684293.0,False,vLH92_MN_60x-1xzoom_0005_XY23_Dapi-ex_Green-em.tif,492.60791015625,501.5,1332997.0,543.8685302734375,588.0,728240.0,442.397216796875,450.0,604757.0,447.94384765625,544.2808227539062,353.5801086425781,469.0,530.0,365.0,342.98391015625,394.2445302734375,292.773216796875,351.876,438.376,300.376,0mM 2DG,1h,yes,MN,1.3060200038310381,1.332855892416647,1.3805665797732378,1.209007792397394,1.2076928091680283,1.2151436865794871
vLH92_MN_60x-1xzoom_0005_XY23_488.tif,6,4398,1641,2757,0.37312414733969984,779.0285034179688,0.5150122211830123,851.837890625,793.0,3746383.0,985.758056640625,1074.0,2717735.0,626.8421630859375,607.0,1028648.0,False,vLH92_MN_60x-1xzoom_0005_XY23_Dapi-ex_Green-em.tif,324.2030334472656,310.0,1425845.0,354.1639404296875,365.0,976430.0,273.8665466308594,269.0,449415.0,704.837890625,838.758056640625,479.8421630859375,646.0,927.0,460.0,174.57903344726563,204.5399404296875,124.24254663085938,160.376,215.376,119.376,0mM 2DG,1h,yes,MN,4.0373570451569005,4.028034119818426,4.10070548998207,4.30410073545799,3.8621404349639614,3.85337086181477
vLH92_MN_60x-1xzoom_0005_XY23_488.tif,7,4501,2297,2204,0.5103310375472118,602.9171752929688,0.3130894663637644,673.8642578125,603.0,3033063.0,804.6470336914062,831.0,1773442.0,548.3765869140625,546.0,1259621.0,False,vLH92_MN_60x-1xzoom_0005_XY23_Dapi-ex_Green-em.tif,350.5929870605469,321.0,1578019.0,407.32122802734375,401.0,897736.0,296.1615295410156,295.0,680283.0,526.8642578125,657.6470336914062,401.3765869140625,456.0,684.0,399.0,200.96898706054688,257.6972280273437,146.53752954101563,171.376,251.376,145.376,0mM 2DG,1h,yes,MN,2.621619711173491,2.6608159835682943,2.552014388069493,2.7210234867290435,2.7390702448120487,2.744607087827427
vLH92_MN_60x-1xzoom_0005_XY23_488.tif,8,4363,2082,2283,0.47719459087783633,415.7900695800781,0.30572976880610847,457.43914794921875,413.0,1995807.0,550.9619140625,576.0,1257846.0,354.809326171875,346.0,738713.0,False,vLH92_MN_60x-1xzoom_0005_XY23_Dapi-ex_Green-em.tif,259.75177001953125,243.0,1133297.0,283.1322937011719,275.0,646391.0,234.1661834716797,218.0,487534.0,310.43914794921875,403.9619140625,207.809326171875,266.0,429.0,199.0,110.12777001953125,133.50829370117188,84.54218347167969,93.376,125.376,68.376,0mM 2DG,1h,yes,MN,2.8188997915254443,2.8486977381768335,3.0257439658893204,3.421707503828484,2.4580548743632566,2.9103779103779104
vLH92_MN_60x-1xzoom_0005_XY23_488.tif,9,3589,1609,1980,0.44831429367511844,658.0511474609375,0.4044359730195981,688.2488403320312,664.0,2470125.0,771.2333374023438,763.0,1527042.0,586.1298828125,615.0,943083.0,False,vLH92_MN_60x-1xzoom_0005_XY23_Dapi-ex_Green-em.tif,277.8587341308594,260.0,997235.0,307.1590881347656,287.0,608175.0,241.8023681640625,245.0,389060.0,541.2488403320312,624.2333374023438,439.1298828125,517.0,616.0,468.0,128.23473413085938,157.53508813476563,92.1783681640625,110.376,137.376,95.376,0mM 2DG,1h,yes,MN,4.220766268986875,4.6839892730303685,3.9625034955281486,4.484043792219893,4.76391469667721,4.9068948163059884
vLH92_MN_60x-1xzoom_0005_XY23_488.tif,10,618,239,380,0.38673139158576053,936.4596862792969,0.6187682457327984,930.9757080078125,957.0,575343.0,1043.70263671875,1057.5,396607.0,751.7489624023438,747.0,179668.0,False,vLH92_MN_60x-1xzoom_0005_XY23_Dapi-ex_Green-em.tif,392.83819580078125,399.0,242774.0,422.131591796875,428.0,160410.0,346.2008361816406,346.0,82742.0,783.9757080078125,896.70263671875,604.7489624023438,810.0,910.5,600.0,243.21419580078125,272.507591796875,196.57683618164063,249.376,278.376,196.376,0mM 2DG,1h,yes,MN,3.22339617318215,3.248107275760298,3.2905602035012116,3.2707560996637643,3.076399916435447,3.055363180836762
vLH92_MN_60x-1xzoom_0005_XY24_488.tif,1,3303,1483,1820,0.44898577051165606,592.7920532226562,0.6693972831744668,660.6660766601562,589.0,2182180.0,826.376953125,869.0,1504006.0,457.2987060546875,441.0,678174.0,False,vLH92_MN_60x-1xzoom_0005_XY24_Dapi-ex_Green-em.tif,285.0496520996094,264.0,941519.0,325.6153869628906,329.0,592620.0,235.2656707763672,231.0,348899.0,511.37007666015626,677.080953125,308.0027060546875,439.704,719.704,291.704,134.29285209960938,174.85858696289063,84.50887077636719,113.2432,178.2432,80.2432,0mM 2DG,1h,yes,MN,3.8078726355506727,3.8828291676674627,3.8721630140399883,4.0377641334985,3.6446198277781288,3.635248843515712
vLH92_MN_60x-1xzoom_0005_XY24_488.tif,2,2831,1513,1318,0.5344401271635465,405.6518249511719,0.5497737138349521,472.18084716796875,411.0,1336744.0,581.8004760742188,548.5,766813.0,376.6893615722656,380.0,569931.0,False,vLH92_MN_60x-1xzoom_0005_XY24_Dapi-ex_Green-em.tif,249.11940002441406,235.0,705257.0,278.6259460449219,273.0,367229.0,223.4157257080078,223.0,338028.0,322.88484716796876,432.50447607421876,227.39336157226563,261.704,399.204,230.704,98.36260002441406,127.86914604492188,72.65892570800781,84.2432,122.2432,72.2432,0mM 2DG,1h,yes,MN,3.282597726044525,3.106529666489402,3.3823990341053425,3.2656540404701446,3.1295998303922676,3.1934355067328135
vLH92_MN_60x-1xzoom_0005_XY24_488.tif,3,2148,1211,937,0.563780260707635,340.6419372558594,0.3726844204572831,349.4874267578125,340.0,750699.0,386.77801513671875,360.0,362411.0,320.6341857910156,327.0,388288.0,False,vLH92_MN_60x-1xzoom_0005_XY24_Dapi-ex_Green-em.tif,274.7890930175781,272.0,590247.0,292.03094482421875,285.0,273633.0,261.4483947753906,264.0,316614.0,200.1914267578125,237.48201513671876,171.33818579101563,190.704,210.704,177.704,124.03229301757813,141.27414482421875,110.69159477539063,121.2432,134.2432,113.2432,0mM 2DG,1h,yes,MN,1.6140266529575564,1.5729047072330655,1.6810012577475324,1.5695692593740316,1.5478879506496024,1.569224465574975
vLH92_MN_60x-1xzoom_0005_XY24_488.tif,4,3754,1654,2100,0.4405966968566862,309.33299255371094,0.6522617100624211,314.0119934082031,308.0,1178801.0,342.5233459472656,334.0,719299.0,277.81256103515625,275.0,459502.0,False,vLH92_MN_60x-1xzoom_0005_XY24_Dapi-ex_Green-em.tif,237.5444793701172,234.0,891742.0,249.1328582763672,247.0,523179.0,222.83131408691406,221.0,368563.0,164.71599340820313,193.22734594726563,128.51656103515626,158.704,184.704,125.70400000000001,86.78767937011719,98.37605827636719,72.07451408691406,83.2432,96.2432,70.2432,0mM 2DG,1h,yes,MN,1.8979190894798632,1.9065100813039384,1.964170442816822,1.9191381832690517,1.7831068674313808,1.7895540066511777
vLH92_MN_60x-1xzoom_0005_XY24_488.tif,5,5663,2229,3434,0.39360762846547764,579.1917724609375,0.5497545087811466,638.2166748046875,582.0,3614221.0,730.4510498046875,749.0,2508369.0,496.1202392578125,495.0,1105852.0,False,vLH92_MN_60x-1xzoom_0005_XY24_Dapi-ex_Green-em.tif,282.52764892578125,273.0,1599954.0,303.0264892578125,298.0,1040593.0,250.9470672607422,249.0,559361.0,488.9206748046875,581.1550498046875,346.8242392578125,432.704,599.704,345.704,131.77084892578125,152.2696892578125,100.19026726074219,122.2432,147.2432,98.2432,0mM 2DG,1h,yes,MN,3.7103857096653274,3.5396979136671813,3.8166167714489516,4.072880784987015,3.461655994540994,3.5188593205433047
vLH92_MN_60x-1xzoom_0005_XY24_488.tif,6,3156,1590,1566,0.5038022813688213,472.6769561767578,0.7073708707017473,557.1058349609375,478.0,1758226.0,680.5772705078125,692.0,1065784.0,435.49810791015625,437.0,692442.0,False,vLH92_MN_60x-1xzoom_0005_XY24_Dapi-ex_Green-em.tif,268.0190124511719,245.0,845868.0,306.270751953125,293.0,479620.0,230.3446502685547,230.0,366248.0,407.8098349609375,531.2812705078125,286.20210791015626,328.704,542.704,287.704,117.26221245117188,155.513951953125,79.58785026855469,94.2432,142.2432,79.2432,0mM 2DG,1h,yes,MN,3.4777600254706944,3.4878272384638893,3.4162932896718567,3.8153247396009085,3.5960527510721727,3.6306459103115474
vLH92_MN_60x-1xzoom_0005_XY24_488.tif,7,2087,1055,1032,0.505510301868711,255.547119140625,0.8257258740206243,266.35888671875,262.0,555891.0,292.4651184082031,291.5,301824.0,240.82180786132812,240.0,254067.0,False,vLH92_MN_60x-1xzoom_0005_XY24_Dapi-ex_Green-em.tif,216.90847778320312,216.0,452688.0,229.00872802734375,230.0,236337.0,205.07203674316406,205.0,216351.0,117.06288671875001,143.16911840820313,91.52580786132813,112.70400000000001,142.204,90.70400000000001,66.15167778320313,78.25192802734375,54.315236743164064,65.2432,79.2432,54.2432,0mM 2DG,1h,yes,MN,1.7696132681985275,1.72744439267234,1.82959221603045,1.7945262180224928,1.6850853158224937,1.6721727331720844
vLH92_MN_60x-1xzoom_0005_XY25_488.tif,1,4052,1923,2129,0.4745804540967424,733.951416015625,0.502595204281634,759.2618408203125,733.5,3076529.0,961.2940063476562,988.0,2046595.0,535.5870971679688,514.0,1029934.0,False,vLH92_MN_60x-1xzoom_0005_XY25_Dapi-ex_Green-em.tif,440.0103759765625,413.0,1782922.0,537.6190795898438,547.0,1144591.0,331.9454040527344,319.0,638331.0,613.5802408203125,815.6124063476562,389.90549716796875,587.8184,842.3184,368.3184,292.7879759765625,390.39667958984376,184.72300405273438,265.7776,399.7776,171.7776,0mM 2DG,1h,yes,MN,2.0956469908772113,2.2116927837409923,2.0891888916794836,2.106967473915497,2.1107576675001414,2.1441584933076254
vLH92_MN_60x-1xzoom_0005_XY25_488.tif,2,2156,1070,1086,0.4962894248608534,1330.9781494140625,0.18025492506120377,1196.2996826171875,1328.0,2579222.0,1423.0322265625,1422.0,1545413.0,966.1766357421875,1036.0,1033809.0,False,vLH92_MN_60x-1xzoom_0005_XY25_Dapi-ex_Green-em.tif,375.6266174316406,396.0,809851.0,413.58746337890625,413.0,449156.0,337.09814453125,339.0,360695.0,1050.6180826171876,1277.3506265625,820.4950357421875,1182.3184,1276.3184,890.3184,228.40421743164063,266.36506337890626,189.87574453125,248.7776,265.7776,191.7776,0mM 2DG,1h,yes,MN,4.599819103303679,4.7525114801332595,4.79548860634722,4.802204549969599,4.321220900372293,4.64245250748784
vLH92_MN_60x-1xzoom_0005_XY25_488.tif,3,3033,1969,1066,0.6491922189251567,783.220458984375,0.43376805650226424,790.4952392578125,786.0,2397572.0,938.042236328125,864.0,999953.0,710.2188720703125,745.0,1398421.0,False,vLH92_MN_60x-1xzoom_0005_XY25_Dapi-ex_Green-em.tif,315.0207824707031,307.0,955458.0,334.6275939941406,319.0,356713.0,304.4215393066406,302.0,599406.0,644.8136392578125,792.360636328125,564.5372720703125,640.3184,718.3184,599.3184,167.79838247070313,187.40519399414063,157.19913930664063,159.7776,171.7776,154.7776,0mM 2DG,1h,yes,MN,3.8427881709193126,4.00756050910766,4.228061236941484,4.181676772757332,3.591223683286824,3.872126199139927
vLH92_MN_60x-1xzoom_0005_XY25_488.tif,4,3423,1388,2035,0.40549225825299445,642.2973022460938,0.6444904380806683,699.7496337890625,651.0,2395243.0,769.193115234375,789.0,1565308.0,597.9358520507812,599.5,829935.0,False,vLH92_MN_60x-1xzoom_0005_XY25_Dapi-ex_Green-em.tif,378.86212158203125,355.0,1296845.0,410.75872802734375,415.0,835894.0,332.0972595214844,332.0,460951.0,554.0680337890625,623.511515234375,452.25425205078125,505.3184,643.3184,453.8184,231.63972158203126,263.53632802734376,184.87485952148438,207.7776,267.7776,184.7776,0mM 2DG,1h,yes,MN,2.3919387832317383,2.4320157707086807,2.365941424097255,2.4024354538990567,2.4462723229181123,2.4560249727239665
vLH92_MN_60x-1xzoom_0005_XY25_488.tif,5,2878,1473,1405,0.5118137595552467,865.073974609375,0.18611979333903056,890.7584838867188,865.0,2563603.0,1059.7344970703125,1038.0,1488927.0,729.5831909179688,783.0,1074676.0,False,vLH92_MN_60x-1xzoom_0005_XY25_Dapi-ex_Green-em.tif,327.7803955078125,309.5,943352.0,371.2362976074219,359.0,521587.0,286.33062744140625,290.0,421765.0,745.0768838867187,914.0528970703125,583.9015909179687,719.3184,892.3184,637.3184,180.5579955078125,224.01389760742188,139.10822744140626,162.2776,211.7776,142.7776,0mM 2DG,1h,yes,MN,4.126523900485372,4.432641350377378,4.080340134397218,4.213469224318342,4.197462663837865,4.463714196064369
vLH92_MN_60x-1xzoom_0005_XY25_488.tif,6,3845,1558,2287,0.40520156046814043,406.71380615234375,0.7255653284661144,449.31781005859375,414.0,1727627.0,498.5190124511719,520.0,1140113.0,377.0950012207031,381.0,587514.0,False,vLH92_MN_60x-1xzoom_0005_XY25_Dapi-ex_Green-em.tif,240.86424255371094,217.0,926123.0,269.5762939453125,254.0,616521.0,198.71759033203125,199.0,309602.0,303.63621005859375,352.8374124511719,231.41340122070312,268.3184,374.3184,235.3184,93.64184255371094,122.3538939453125,51.49519033203126,69.7776,106.7776,51.77760000000001,0mM 2DG,1h,yes,MN,3.242527077405964,3.845337185572447,2.8837448574287032,3.5055891872452647,4.4938837924200925,4.544791570099811
vLH92_MN_60x-1xzoom_0006_XY1_488.tif,1,26824,8671,18153,0.32325529376677603,446.3788146972656,0.12587171894557958,433.0002136230469,443.0,11614798.0,468.1885070800781,476.0,8499026.0,359.3324890136719,361.0,3115772.0,False,vLH92_MN_60x-1xzoom_0006_XY1_Dapi-ex_Green-em.tif,240.14654541015625,238.0,6441691.0,248.28060913085938,245.0,4507038.0,223.1176300048828,220.0,1934653.0,292.0242136230469,327.2125070800781,218.35648901367188,302.024,335.024,220.024,87.92094541015626,96.05500913085939,70.89203000488283,85.77440000000001,92.77440000000001,67.77440000000001,6mM 2DG,1h,yes,non-MN,3.321440781383061,3.5211438377884305,3.4065116441174252,3.611168598233995,3.080127469881059,3.246417526381642
vLH92_MN_60x-1xzoom_0006_XY1_488.tif,2,38966,11952,27014,0.30672894318123495,530.778564453125,0.13092556695327923,534.2293090820312,533.0,20816780.0,596.6823120117188,629.0,16118776.0,393.07269287109375,396.0,4698005.0,False,vLH92_MN_60x-1xzoom_0006_XY1_Dapi-ex_Green-em.tif,275.75567626953125,275.0,10745096.0,291.0062255859375,290.0,7861242.0,241.28631591796875,237.0,2883854.0,393.25330908203125,455.70631201171875,252.09669287109375,392.024,488.024,255.024,123.53007626953126,138.7806255859375,89.06071591796876,122.77440000000001,137.7744,84.77440000000001,6mM 2DG,1h,yes,non-MN,3.1834620438830514,3.193043500925274,3.28364503393545,3.5421965183662563,2.8306160608824738,3.0082666465348025
vLH92_MN_60x-1xzoom_0006_XY1_488.tif,3,38808,16616,22257,0.42815914244485676,520.0107116699219,0.07976581504714664,492.317138671875,518.0,19105844.0,571.30419921875,581.0,12715517.0,385.6846923828125,389.0,6408537.0,False,vLH92_MN_60x-1xzoom_0006_XY1_Dapi-ex_Green-em.tif,259.6221008300781,258.0,10075415.0,276.5693359375,270.0,6155604.0,236.70811462402344,228.0,3933142.0,351.341138671875,430.32819921875,244.7086923828125,377.024,440.024,248.024,107.39650083007814,124.34373593750001,84.48251462402345,105.77440000000001,117.77440000000001,75.77440000000001,6mM 2DG,1h,yes,non-MN,3.27143934817545,3.5644163427067412,3.460795157667208,3.7361599804371743,2.8965602346456096,3.2731898899892307
vLH92_MN_60x-1xzoom_0006_XY1_488.tif,4,35645,14341,21306,0.4023285173236078,423.8316955566406,0.14177953965775383,415.4621887207031,422.0,14809150.0,456.4352722167969,463.0,9724810.0,354.56976318359375,360.0,5084885.0,False,vLH92_MN_60x-1xzoom_0006_XY1_Dapi-ex_Green-em.tif,234.7347412109375,234.0,8367120.0,246.26364135742188,243.0,5246893.0,217.6015625,215.0,3120624.0,274.4861887207031,315.4592722167969,213.59376318359375,281.024,322.024,219.024,82.50914121093751,94.03804135742189,65.37596250000001,81.77440000000001,90.77440000000001,62.774400000000014,6mM 2DG,1h,yes,non-MN,3.3267367068937195,3.4365767281692063,3.3545921167986923,3.547520005640356,3.2671605130646255,3.4890656063618284
vLH92_MN_60x-1xzoom_0007_XY1_488.tif,1,133280,66851,66994,0.5015831332533013,839.5487976074219,0.06718713977825173,855.7359619140625,838.0,114052488.0,1049.010009765625,1050.0,70277376.0,659.9527587890625,666.0,44118500.0,False,vLH92_MN_60x-1xzoom_0007_XY1_Dapi-ex_Green-em.tif,303.8482666015625,303.0,40496896.0,339.79730224609375,339.0,22764380.0,267.4927978515625,266.0,17882162.0,714.7263619140625,908.000409765625,518.9431587890625,696.9904,908.9904,524.9904,157.5490666015625,193.49810224609374,121.19359785156249,156.7008,192.7008,119.70079999999999,2mM 2DG,1h,yes,non-MN,4.5365318711889735,4.447905817966469,4.692554599893785,4.717107557415434,4.281935415636908,4.385855399462661
